{"type":"FeatureCollection","features":[
{"type":"Feature","geometry":{"type":"LineString","coordinates":[[-123.166871,46.189428],[-123.205387,46.176207],[-123.231714,46.167164],[-123.23241,46.166901],[-123.246048,46.160278],[-123.264736,46.151461],[-123.269381,46.150569],[-123.296571,46.145893],[-123.313644,46.14302],[-123.33078,46.144641],[-123.355914,46.147124],[-123.390127,46.150622],[-123.39964,46.157813],[-123.427959,46.180166],[-123.429188,46.19116],[-123.423778,46.21518],[-123.422659,46.219553],[-123.427707,46.230941],[-123.430709,46.23804],[-123.431419,46.239982],[-123.43913,46.245454],[-123.457002,46.257768],[-123.464662,46.263135],[-123.473085,46.264875],[-123.482867,46.266876],[-123.501263,46.27082],[-123.520056,46.265965],[-123.541013,46.260622],[-123.564663,46.258518],[-123.585915,46.25665],[-123.604581,46.257632],[-123.622916,46.25843],[-123.640201,46.259193],[-123.649194,46.259503],[-123.665797,46.255525],[-123.67286,46.257232],[-123.685135,46.260261],[-123.704554,46.262943],[-123.72404,46.267908],[-123.738686,46.271644],[-123.749572,46.271496],[-123.787927,46.264745],[-123.799865,46.258356],[-123.806913,46.252179],[-123.827822,46.246715],[-123.846117,46.241938],[-123.871886,46.235278],[-123.88914,46.236522],[-123.893188,46.236825],[-123.904881,46.237657],[-123.91508,46.238422],[-123.935248,46.243531],[-123.963478,46.249831],[-124.001274,46.253574],[-124.01926,46.255344],[-124.036025,46.258257],[-124.056589,46.258375],[-124.062354,46.256713],[-124.07999,46.254451],[-124.083015,46.250005]]},"properties":{"OBJECTID":1,"fhdFtrID":1,"fhdRefID":53585,"fhdRevDt":"20190315","fhdONm":"Wayne Wood","fhdOEnt":"OSU","fhdSpNm":"AS","fhdRun":"Unknown","fhdLifeHst":"Anadromous","fhdUseTy":"Unknown","fhdBasis":"DownstreamDocObsFish","fhdStNm":"Columbia River","fhdGenus":"Alosa","fhdSp":"sapidissima","fhdSubSp":null,"fhdOrig":"NonNative","fhdProd":"Natural","fhdComment":null,"fhdESH":"NA","fhdBasisD":null,"fhdNMF":"no","fhdBasisDt":null,"fhdBasisNm":null,"fhdBasisEnt":null,"fhdBasisPrj":null,"fhdBasisMethod":null,"fhdAccess":null,"fhdBarrierFtrID":null,"fhdEndExtent":null,"Shape__Length":120517.13432120581,"habitatType":"stream"},"id":1},
{"type":"Feature","geometry":{"type":"LineString","coordinates":[[-124.432168,42.419211],[-124.431027,42.420079],[-124.426975,42.423624],[-124.425051,42.424548],[-124.423216,42.425111],[-124.421143,42.425893],[-124.419016,42.42646],[-124.414028,42.427143],[-124.411839,42.427981],[-124.410594,42.428221],[-124.408817,42.429215],[-124.407951,42.429586],[-124.406353,42.429894],[-124.404035,42.429961],[-124.40295,42.430208],[-124.401598,42.430855],[-124.400132,42.431103],[-124.399123,42.431046],[-124.395778,42.431103],[-124.394426,42.431516],[-124.393648,42.431525],[-124.390904,42.432281],[-124.390485,42.433617],[-124.390404,42.434375],[-124.390866,42.434877],[-124.391369,42.435724],[-124.391492,42.437057],[-124.390476,42.437616],[-124.390051,42.438197],[-124.388507,42.43963],[-124.386833,42.440813],[-124.385006,42.441265],[-124.383105,42.44245],[-124.381046,42.442951],[-124.379602,42.443814],[-124.37887,42.445375],[-124.378423,42.447046],[-124.378169,42.447604],[-124.378232,42.450485],[-124.378627,42.451931],[-124.379364,42.453605],[-124.380851,42.455234],[-124.382747,42.456823],[-124.383285,42.457649],[-124.383358,42.458758],[-124.382896,42.460822],[-124.381416,42.462809],[-124.380488,42.463519],[-124.379051,42.464109],[-124.376864,42.464726],[-124.372335,42.465496],[-124.371031,42.465601],[-124.36982,42.465097],[-124.367743,42.46577],[-124.366545,42.466613],[-124.36542,42.467225],[-124.36465,42.467011],[-124.362719,42.466963],[-124.360271,42.466832],[-124.359024,42.46682],[-124.358285,42.467179],[-124.356238,42.466987],[-124.354243,42.466975],[-124.353072,42.466845],[-124.35175,42.466464],[-124.350579,42.466298],[-124.349887,42.465837],[-124.348865,42.465777],[-124.347798,42.46597],[-124.346839,42.46663],[-124.345458,42.468015],[-124.344986,42.468705],[-124.343385,42.470074],[-124.342069,42.471116],[-124.341506,42.472096],[-124.340407,42.473045],[-124.339879,42.473375],[-124.338908,42.473459],[-124.336523,42.47345],[-124.336186,42.473634],[-124.335311,42.473681],[-124.332391,42.473679],[-124.331568,42.473832],[-124.33042,42.474782],[-124.330284,42.475252],[-124.330316,42.476801],[-124.330719,42.477444],[-124.330768,42.479749],[-124.330641,42.480651],[-124.330263,42.481196],[-124.329254,42.481784],[-124.327464,42.482309],[-124.326501,42.482789],[-124.32509,42.482805],[-124.324305,42.48249],[-124.32223,42.481037],[-124.32173,42.480394],[-124.320845,42.479972],[-124.320482,42.480181],[-124.319223,42.480163],[-124.318788,42.479813],[-124.317687,42.480224],[-124.316467,42.480058],[-124.314179,42.480048],[-124.313358,42.480346],[-124.312351,42.481078],[-124.311833,42.481876],[-124.311511,42.482781],[-124.3108,42.483689],[-124.310624,42.484592],[-124.310297,42.48528],[-124.310602,42.485889],[-124.310691,42.487833],[-124.310551,42.488123],[-124.310633,42.489707],[-124.310444,42.492303],[-124.310431,42.494032],[-124.309438,42.495412],[-124.308477,42.496036],[-124.307559,42.49637],[-124.306589,42.496525],[-124.305868,42.496966],[-124.304006,42.497545],[-124.302938,42.498227],[-124.302755,42.499451],[-124.302185,42.500106],[-124.301779,42.501659],[-124.300628,42.502537],[-124.299134,42.503274],[-124.298505,42.503461],[-124.297887,42.504189],[-124.296575,42.504276],[-124.295933,42.503815],[-124.295251,42.503822],[-124.294043,42.503559],[-124.293334,42.503522],[-124.291686,42.503],[-124.290389,42.502695],[-124.288894,42.50205],[-124.284796,42.501154],[-124.283118,42.501101],[-124.281981,42.501375],[-124.279677,42.501342],[-124.278746,42.501569],[-124.274688,42.501672],[-124.271972,42.501937],[-124.271384,42.502213],[-124.268836,42.50284],[-124.26763,42.503227],[-124.266379,42.503007],[-124.265304,42.502623],[-124.264525,42.501866],[-124.264304,42.501346],[-124.262938,42.500235],[-124.262732,42.499742],[-124.261245,42.498597],[-124.26052,42.498366],[-124.258864,42.498213],[-124.255553,42.498263],[-124.254363,42.498487],[-124.25212,42.499309],[-124.250922,42.499835],[-124.248534,42.500537],[-124.245864,42.500719],[-124.244834,42.500374],[-124.243636,42.499491],[-124.242682,42.49843],[-124.241965,42.497789],[-124.241576,42.497676],[-124.240726,42.497863],[-124.238463,42.499092],[-124.236945,42.499645],[-124.236151,42.500311],[-124.234061,42.501],[-124.232047,42.501296],[-124.231108,42.501234],[-124.230384,42.500877],[-124.229323,42.499844],[-124.228667,42.498329],[-124.228484,42.497128],[-124.228202,42.496551],[-124.227149,42.495661],[-124.226256,42.495266],[-124.224509,42.495037],[-124.221641,42.494788],[-124.220099,42.494449],[-124.217925,42.49372],[-124.215087,42.493345],[-124.214041,42.493013],[-124.212539,42.492408],[-124.211051,42.491104],[-124.208617,42.489288],[-124.207496,42.488836],[-124.204955,42.488674],[-124.203589,42.489103],[-124.202674,42.48963],[-124.201956,42.4898],[-124.200042,42.489793],[-124.199439,42.48965],[-124.198371,42.48891],[-124.196906,42.488096],[-124.195586,42.488002],[-124.194914,42.488144],[-124.194159,42.488584],[-124.193038,42.489636],[-124.192679,42.490221],[-124.192122,42.491649],[-124.192298,42.493494],[-124.19245,42.494186],[-124.193114,42.49616],[-124.19316,42.497213],[-124.192076,42.500309],[-124.191268,42.501511],[-124.189772,42.502647],[-124.187873,42.503766],[-124.185706,42.504027],[-124.18505,42.504173],[-124.183928,42.50464],[-124.182929,42.50542],[-124.180938,42.50662],[-124.179847,42.507172],[-124.177527,42.508069],[-124.175948,42.509045],[-124.174773,42.509926],[-124.174239,42.511741],[-124.174117,42.512625],[-124.17369,42.513413],[-124.171927,42.51426],[-124.171004,42.514418],[-124.169158,42.515112],[-124.168059,42.515911],[-124.167456,42.516841],[-124.167052,42.517772],[-124.166358,42.518563],[-124.165938,42.51972],[-124.165389,42.520428],[-124.165488,42.520702],[-124.164985,42.521603],[-124.164382,42.521996],[-124.163306,42.522376],[-124.162291,42.522904],[-124.161032,42.523899],[-124.160849,42.524419],[-124.160064,42.525214],[-124.157691,42.526639],[-124.156348,42.527526],[-124.156188,42.527892],[-124.155425,42.528585],[-124.154402,42.529198],[-124.15293,42.529429],[-124.152282,42.529764],[-124.151854,42.53026],[-124.151496,42.531402],[-124.150633,42.532532],[-124.149382,42.533369],[-124.148459,42.533743],[-124.147376,42.534582],[-124.146376,42.536438],[-124.145774,42.537178],[-124.144439,42.537939],[-124.143287,42.538122],[-124.142913,42.538806],[-124.141845,42.53987],[-124.139899,42.540502],[-124.138801,42.540711],[-124.137084,42.540723],[-124.136641,42.541646],[-124.136679,42.542569],[-124.136534,42.544263],[-124.13584,42.545252],[-124.135322,42.54627],[-124.134383,42.54754],[-124.133902,42.548423],[-124.132811,42.549267],[-124.131392,42.549785],[-124.130454,42.550439],[-124.128874,42.550936],[-124.126151,42.552219],[-124.125243,42.552908],[-124.124907,42.553352],[-124.123931,42.554164],[-124.123198,42.555251],[-124.123,42.555911],[-124.122367,42.556682],[-124.121558,42.557114],[-124.119941,42.557562],[-124.119544,42.557588],[-124.117736,42.558065],[-124.116523,42.558289],[-124.115126,42.558118],[-124.113982,42.558259],[-124.111937,42.558063],[-124.110434,42.558487],[-124.109755,42.559304],[-124.10826,42.560102],[-124.106932,42.559638],[-124.105635,42.558299],[-124.103164,42.557612],[-124.102477,42.55806],[-124.102332,42.558705],[-124.101928,42.559366],[-124.101439,42.559718],[-124.100142,42.560356],[-124.099089,42.56069],[-124.097342,42.561117],[-124.095847,42.560622],[-124.093825,42.560439],[-124.092627,42.560644],[-124.091475,42.56138],[-124.090453,42.561016],[-124.089652,42.560461],[-124.088881,42.559734],[-124.088385,42.558334],[-124.08805,42.557072],[-124.087432,42.556033],[-124.086424,42.554692],[-124.085807,42.554387],[-124.084075,42.554543],[-124.082038,42.555346],[-124.080405,42.556203],[-124.079497,42.556545],[-124.077658,42.557391],[-124.076529,42.557406],[-124.075179,42.557144],[-124.073409,42.556602],[-124.072837,42.556256],[-124.072013,42.555444],[-124.070952,42.554144],[-124.06935,42.552403],[-124.068099,42.551469],[-124.067771,42.551066],[-124.066786,42.550313],[-124.066344,42.550256],[-124.065551,42.550515],[-124.063918,42.551314],[-124.062445,42.552327],[-124.061202,42.553374],[-124.060584,42.554285],[-124.060302,42.555134],[-124.059981,42.556767],[-124.058736,42.559251],[-124.057952,42.560078],[-124.056785,42.560741],[-124.055732,42.561476],[-124.055281,42.562408],[-124.055327,42.563511],[-124.05506,42.565535],[-124.054847,42.566361],[-124.054343,42.567419],[-124.053542,42.568521],[-124.052054,42.570394],[-124.051787,42.571378],[-124.052047,42.572695],[-124.052642,42.573658],[-124.053458,42.574456],[-124.055617,42.576175],[-124.057616,42.577476],[-124.058196,42.577939],[-124.059607,42.579709],[-124.06024,42.580829],[-124.06037,42.582642],[-124.060965,42.58482],[-124.060942,42.587387],[-124.061209,42.588916],[-124.061408,42.591737],[-124.061728,42.593094],[-124.062293,42.594629],[-124.062751,42.597538],[-124.062743,42.598614],[-124.062354,42.601617],[-124.062545,42.603187],[-124.063147,42.605068],[-124.063918,42.606713],[-124.064116,42.609003],[-124.065001,42.60968],[-124.06568,42.610529],[-124.065741,42.611834],[-124.065299,42.612658],[-124.064566,42.613295],[-124.063277,42.614117],[-124.062262,42.615217],[-124.061622,42.61638],[-124.061293,42.617459],[-124.060752,42.618374],[-124.05992,42.619475],[-124.058066,42.620672],[-124.057677,42.62082],[-124.057051,42.621506],[-124.056426,42.622678],[-124.055098,42.623906],[-124.05419,42.624171],[-124.053275,42.625048],[-124.052275,42.626877],[-124.051864,42.628272],[-124.050681,42.630376],[-124.050147,42.630971],[-124.04901,42.631846],[-124.048766,42.632186],[-124.047881,42.632825],[-124.047202,42.633943],[-124.047179,42.634659],[-124.047614,42.635812],[-124.0474,42.637264],[-124.047576,42.637853],[-124.048293,42.639179],[-124.048613,42.640869],[-124.047797,42.642561],[-124.047911,42.643775],[-124.04708,42.644688],[-124.046271,42.645186],[-124.045348,42.645474],[-124.043059,42.64531],[-124.040725,42.644966],[-124.038848,42.644421],[-124.035308,42.642908],[-124.03456,42.642519],[-124.033324,42.641508],[-124.032019,42.641182],[-124.029998,42.641231],[-124.028518,42.641726],[-124.027304,42.642543],[-124.025191,42.64335],[-124.024329,42.644047],[-124.023581,42.646021],[-124.023207,42.646601],[-124.021682,42.648177],[-124.020079,42.649628],[-124.017493,42.650907],[-124.01512,42.650933],[-124.013793,42.651323],[-124.012626,42.652166],[-124.011534,42.652748],[-124.0101,42.653733],[-124.008696,42.654497],[-124.007163,42.655231],[-124.001548,42.657514],[-124.000075,42.657869],[-123.998664,42.658439],[-123.996291,42.659545],[-123.994674,42.660563],[-123.993537,42.661105],[-123.991904,42.662109],[-123.989974,42.663387],[-123.987143,42.664569],[-123.985557,42.664744],[-123.98413,42.66531],[-123.983481,42.665928],[-123.982772,42.667583],[-123.981566,42.668228],[-123.979277,42.668319],[-123.978057,42.668217],[-123.97766,42.668324],[-123.976683,42.669013],[-123.976516,42.669275],[-123.974326,42.67005],[-123.972594,42.670551],[-123.971114,42.670838],[-123.969962,42.671159],[-123.968665,42.671206],[-123.9672,42.671655],[-123.966483,42.672238],[-123.965125,42.674109],[-123.964759,42.67481],[-123.964499,42.675712],[-123.96324,42.677137],[-123.961806,42.677667],[-123.960936,42.677683],[-123.960204,42.677315],[-123.95883,42.675999],[-123.958533,42.674529],[-123.957801,42.673508],[-123.957465,42.672619],[-123.957099,42.672132],[-123.956267,42.671715],[-123.95497,42.671996],[-123.953726,42.672943],[-123.951957,42.674638],[-123.951392,42.675831],[-123.951186,42.676724],[-123.951239,42.677413],[-123.950682,42.678467],[-123.94995,42.678963],[-123.948127,42.679424],[-123.947341,42.679507],[-123.944243,42.679483],[-123.943557,42.679534],[-123.940848,42.679291],[-123.938758,42.679384],[-123.937362,42.679608],[-123.935576,42.68018],[-123.933791,42.680843],[-123.932441,42.681633],[-123.93193,42.682304],[-123.931792,42.682782],[-123.93064,42.684444],[-123.929503,42.685386],[-123.929343,42.686315],[-123.929663,42.687843],[-123.930571,42.688804],[-123.931655,42.689619],[-123.932654,42.690754],[-123.933898,42.691505],[-123.935095,42.691734],[-123.935874,42.691719],[-123.938422,42.691014],[-123.939574,42.690901],[-123.940673,42.691414],[-123.941237,42.691891],[-123.942397,42.693647],[-123.94242,42.694169],[-123.941954,42.695064],[-123.941199,42.695786],[-123.940513,42.696224],[-123.938605,42.697154],[-123.937346,42.697682],[-123.935782,42.698005],[-123.934127,42.698496],[-123.932578,42.699072],[-123.931266,42.699285],[-123.930709,42.699695],[-123.929351,42.700422],[-123.928809,42.700922],[-123.928473,42.701582],[-123.928199,42.702629],[-123.927039,42.7038],[-123.926345,42.704089],[-123.925246,42.703918],[-123.924399,42.703519],[-123.923148,42.703268],[-123.922026,42.702809],[-123.921103,42.702308],[-123.920348,42.702264],[-123.91928,42.702534],[-123.917685,42.703137],[-123.916449,42.703754],[-123.915984,42.703871],[-123.914763,42.703759],[-123.913695,42.703236],[-123.912932,42.702639],[-123.911864,42.701382],[-123.911666,42.700631],[-123.912047,42.699705],[-123.913115,42.698652],[-123.913093,42.6979],[-123.912162,42.697219],[-123.909911,42.696494],[-123.908805,42.69639],[-123.907264,42.69606],[-123.904456,42.695893],[-123.902365,42.696063],[-123.900992,42.69708],[-123.900286,42.697279],[-123.899313,42.698376],[-123.898938,42.698576],[-123.898127,42.699389],[-123.897852,42.70032],[-123.897457,42.701025],[-123.89681,42.70171],[-123.896082,42.702695],[-123.894431,42.703967],[-123.893736,42.704775],[-123.892974,42.705079],[-123.89168,42.706012],[-123.890757,42.707182],[-123.890105,42.709062],[-123.889954,42.710081],[-123.889677,42.711002],[-123.889098,42.712061],[-123.888354,42.71307],[-123.887287,42.71405]]},"properties":{"OBJECTID":2,"fhdFtrID":2,"fhdRefID":53580,"fhdRevDt":"20190315","fhdONm":"Jay Stevens","fhdOEnt":"BLM","fhdSpNm":"AS","fhdRun":"Unknown","fhdLifeHst":"Anadromous","fhdUseTy":"Unknown","fhdBasis":"DownstreamDocObsFish","fhdStNm":"Rogue River","fhdGenus":"Alosa","fhdSp":"sapidissima","fhdSubSp":null,"fhdOrig":"NonNative","fhdProd":"Natural","fhdComment":null,"fhdESH":"NA","fhdBasisD":null,"fhdNMF":"no","fhdBasisDt":null,"fhdBasisNm":null,"fhdBasisEnt":null,"fhdBasisPrj":null,"fhdBasisMethod":null,"fhdAccess":null,"fhdBarrierFtrID":null,"fhdEndExtent":null,"Shape__Length":106428.7018073252,"habitatType":"stream"},"id":2},
{"type":"Feature","geometry":{"type":"LineString","coordinates":[[-123.802794,42.701202],[-123.804798,42.700167],[-123.805757,42.699888],[-123.807385,42.700118],[-123.808651,42.700669],[-123.809415,42.700772],[-123.810098,42.700613],[-123.810935,42.700834],[-123.811616,42.701351],[-123.813544,42.702371],[-123.816226,42.704125],[-123.818008,42.704763],[-123.819966,42.705292],[-123.820999,42.705477],[-123.821707,42.705472],[-123.823944,42.706203],[-123.824456,42.706732],[-123.825697,42.70763],[-123.826895,42.708281],[-123.829398,42.709239],[-123.829813,42.709507],[-123.831487,42.710178],[-123.833479,42.710007],[-123.834373,42.709757],[-123.835651,42.70924],[-123.836781,42.709037],[-123.838899,42.709075],[-123.83982,42.708987],[-123.841823,42.709031],[-123.843034,42.709333],[-123.845744,42.710675],[-123.846694,42.711388],[-123.847385,42.712124],[-123.848136,42.712669],[-123.849045,42.713141],[-123.850667,42.714261],[-123.851842,42.714734],[-123.853002,42.714756],[-123.853701,42.71509],[-123.854758,42.715905],[-123.855971,42.716515],[-123.856909,42.717245],[-123.85863,42.718142],[-123.859071,42.718274],[-123.860471,42.718379],[-123.861114,42.71858],[-123.861957,42.718519],[-123.862783,42.718195],[-123.864259,42.718096],[-123.867084,42.717694],[-123.86812,42.71729],[-123.868872,42.717147],[-123.870675,42.717242],[-123.872569,42.717524],[-123.873766,42.717485],[-123.874919,42.716889],[-123.875505,42.716708],[-123.877058,42.71585],[-123.878142,42.715412],[-123.879438,42.715126],[-123.882146,42.714777],[-123.883234,42.715093],[-123.883753,42.715387],[-123.884185,42.715904],[-123.885115,42.71614],[-123.886207,42.715398],[-123.887287,42.71405]]},"properties":{"OBJECTID":3,"fhdFtrID":3,"fhdRefID":53580,"fhdRevDt":"20190315","fhdONm":"Jay Stevens","fhdOEnt":"BLM","fhdSpNm":"AS","fhdRun":"Unknown","fhdLifeHst":"Anadromous","fhdUseTy":"Unknown","fhdBasis":"DocObsFish","fhdStNm":"Rogue River","fhdGenus":"Alosa","fhdSp":"sapidissima","fhdSubSp":null,"fhdOrig":"NonNative","fhdProd":"Natural","fhdComment":null,"fhdESH":"NA","fhdBasisD":null,"fhdNMF":"no","fhdBasisDt":"20030611","fhdBasisNm":null,"fhdBasisEnt":null,"fhdBasisPrj":null,"fhdBasisMethod":null,"fhdAccess":null,"fhdBarrierFtrID":null,"fhdEndExtent":null,"Shape__Length":10982.356308213972,"habitatType":"stream"},"id":3},
{"type":"Feature","geometry":{"type":"LineString","coordinates":[[-123.791378,42.707955],[-123.792838,42.707022],[-123.793646,42.706673],[-123.795212,42.706461],[-123.796551,42.70565],[-123.797412,42.705329],[-123.797822,42.704694],[-123.799488,42.703665],[-123.800831,42.703186],[-123.801706,42.702613],[-123.802505,42.701419],[-123.802794,42.701202]]},"properties":{"OBJECTID":4,"fhdFtrID":4,"fhdRefID":53580,"fhdRevDt":"20190315","fhdONm":"Jay Stevens","fhdOEnt":"BLM","fhdSpNm":"AS","fhdRun":"Unknown","fhdLifeHst":"Anadromous","fhdUseTy":"Unknown","fhdBasis":"DocObsFish","fhdStNm":"Rogue River","fhdGenus":"Alosa","fhdSp":"sapidissima","fhdSubSp":null,"fhdOrig":"NonNative","fhdProd":"Natural","fhdComment":null,"fhdESH":"NA","fhdBasisD":null,"fhdNMF":"no","fhdBasisDt":"20180313","fhdBasisNm":null,"fhdBasisEnt":null,"fhdBasisPrj":null,"fhdBasisMethod":null,"fhdAccess":null,"fhdBarrierFtrID":null,"fhdEndExtent":null,"Shape__Length":1708.679548626632,"habitatType":"stream"},"id":4},
{"type":"Feature","geometry":{"type":"LineString","coordinates":[[-123.622298,42.6534],[-123.624787,42.653984],[-123.62781,42.655294],[-123.629373,42.65602],[-123.630665,42.65653],[-123.633517,42.657037],[-123.634716,42.657125],[-123.635718,42.657394],[-123.63914,42.658987],[-123.639902,42.659178],[-123.641632,42.659144],[-123.643372,42.659348],[-123.645324,42.658753],[-123.646219,42.658608],[-123.647609,42.658597],[-123.649121,42.658452],[-123.651425,42.658382],[-123.653284,42.658159],[-123.6557,42.657983],[-123.657193,42.657756],[-123.66068,42.656922],[-123.661125,42.65636],[-123.662027,42.655947],[-123.663045,42.655941],[-123.665537,42.655576],[-123.666269,42.655226],[-123.667609,42.654969],[-123.668843,42.654962],[-123.670044,42.655209],[-123.670713,42.655663],[-123.672205,42.656104],[-123.672969,42.656067],[-123.674647,42.655544],[-123.676057,42.654573],[-123.676199,42.653879],[-123.676242,42.652726],[-123.67696,42.651966],[-123.680152,42.650284],[-123.681366,42.649855],[-123.682878,42.649107],[-123.684493,42.647977],[-123.686557,42.646646],[-123.687687,42.646124],[-123.690395,42.64546],[-123.694752,42.645622],[-123.696183,42.645586],[-123.699299,42.64584],[-123.700132,42.646016],[-123.702553,42.645878],[-123.704766,42.646219],[-123.706289,42.64621],[-123.7082,42.646609],[-123.708789,42.646848],[-123.710749,42.647995],[-123.711199,42.648663],[-123.71232,42.64983],[-123.714224,42.651126],[-123.715337,42.651516],[-123.716158,42.652133],[-123.718127,42.652836],[-123.721395,42.652843],[-123.724337,42.652446],[-123.725647,42.652032],[-123.726966,42.651802],[-123.728567,42.651878],[-123.729576,42.652203],[-123.730478,42.652944],[-123.730699,42.65552],[-123.730868,42.656482],[-123.731582,42.658044],[-123.732086,42.658722],[-123.732657,42.659989],[-123.733886,42.661955],[-123.734114,42.662804],[-123.734078,42.663344],[-123.733498,42.6663],[-123.733733,42.667538],[-123.733703,42.66827],[-123.733864,42.669294],[-123.734719,42.670943],[-123.735328,42.672629],[-123.735195,42.673673],[-123.735573,42.674769],[-123.735582,42.6754],[-123.736483,42.678004],[-123.736508,42.679686],[-123.736254,42.680189],[-123.735503,42.680647],[-123.734883,42.680713],[-123.733681,42.680294],[-123.733081,42.680406],[-123.732467,42.680785],[-123.73259,42.681516],[-123.733205,42.681859],[-123.734366,42.682227],[-123.73677,42.682349],[-123.73761,42.682615],[-123.738898,42.683763],[-123.740167,42.684459],[-123.741853,42.685027],[-123.743175,42.685599],[-123.74501,42.686085],[-123.748126,42.687531],[-123.75,42.688075],[-123.751488,42.688596],[-123.754207,42.689362],[-123.757287,42.690164],[-123.758542,42.690771],[-123.760445,42.690596],[-123.762167,42.690942],[-123.764116,42.691811],[-123.765187,42.692647],[-123.766479,42.69443],[-123.766998,42.694783],[-123.768133,42.695151],[-123.771077,42.696987],[-123.773701,42.699797],[-123.774954,42.700538],[-123.776084,42.701325],[-123.776627,42.702063],[-123.778135,42.703185],[-123.779543,42.70466],[-123.781167,42.706158],[-123.781945,42.70664],[-123.787066,42.708492],[-123.788518,42.708783],[-123.789991,42.708553],[-123.791378,42.707955]]},"properties":{"OBJECTID":5,"fhdFtrID":5,"fhdRefID":53580,"fhdRevDt":"20190315","fhdONm":"Jay Stevens","fhdOEnt":"BLM","fhdSpNm":"AS","fhdRun":"Unknown","fhdLifeHst":"Anadromous","fhdUseTy":"Unknown","fhdBasis":"DocObsFish","fhdStNm":"Rogue River","fhdGenus":"Alosa","fhdSp":"sapidissima","fhdSubSp":null,"fhdOrig":"NonNative","fhdProd":"Natural","fhdComment":null,"fhdESH":"NA","fhdBasisD":null,"fhdNMF":"no","fhdBasisDt":"20030611","fhdBasisNm":null,"fhdBasisEnt":null,"fhdBasisPrj":null,"fhdBasisMethod":null,"fhdAccess":null,"fhdBarrierFtrID":null,"fhdEndExtent":null,"Shape__Length":26895.568835061975,"habitatType":"stream"},"id":5},
{"type":"Feature","geometry":{"type":"LineString","coordinates":[[-122.629356,45.394029],[-122.63049,45.394729],[-122.631619,45.395277],[-122.632435,45.395538],[-122.63406,45.395869],[-122.636168,45.396853],[-122.636689,45.39723],[-122.637217,45.398238],[-122.637988,45.399158],[-122.639917,45.400461],[-122.641359,45.400057],[-122.642337,45.399901],[-122.643364,45.400082],[-122.644898,45.400728],[-122.645534,45.401398],[-122.645788,45.402318],[-122.646556,45.403879],[-122.647364,45.404477],[-122.648434,45.404763],[-122.650642,45.405849],[-122.652957,45.407322],[-122.654289,45.408053],[-122.658235,45.409761],[-122.658415,45.41014],[-122.658395,45.411295],[-122.65799,45.412558],[-122.658011,45.413112],[-122.657249,45.414645],[-122.655563,45.417707],[-122.655273,45.418649],[-122.65543,45.420549],[-122.655919,45.422622],[-122.656117,45.423001],[-122.656074,45.42373],[-122.655644,45.424147],[-122.653972,45.426224],[-122.652514,45.427462],[-122.649078,45.429797],[-122.648737,45.430444],[-122.64873,45.431534],[-122.648932,45.432811],[-122.649474,45.433905],[-122.650654,45.435109],[-122.650989,45.435797],[-122.650965,45.436617],[-122.649974,45.437589],[-122.648502,45.438474],[-122.646418,45.43928],[-122.645833,45.439922],[-122.645508,45.441484],[-122.645602,45.442295],[-122.646044,45.442963],[-122.646768,45.443468],[-122.648394,45.444092],[-122.649788,45.44454],[-122.652036,45.445512],[-122.653753,45.446856],[-122.655427,45.448764],[-122.656714,45.450589],[-122.65759,45.452505],[-122.658319,45.453755],[-122.659429,45.455085],[-122.663427,45.460605],[-122.665095,45.463281],[-122.665941,45.465512],[-122.666482,45.468462],[-122.666341,45.472933],[-122.665939,45.475682],[-122.66652,45.477281],[-122.667927,45.478755],[-122.669101,45.480679],[-122.669532,45.48232],[-122.66976,45.485944],[-122.669234,45.489517],[-122.666556,45.495954],[-122.665472,45.500224],[-122.665389,45.502144],[-122.665506,45.502914],[-122.667341,45.505695],[-122.668679,45.508011],[-122.669784,45.510038],[-122.670616,45.512434],[-122.670581,45.513556],[-122.670017,45.516146],[-122.669533,45.517772],[-122.66844,45.51978],[-122.667832,45.522231],[-122.667625,45.523962],[-122.667953,45.526423],[-122.670617,45.528785],[-122.674896,45.53245],[-122.678664,45.535225],[-122.682946,45.538049],[-122.684549,45.53917],[-122.69106,45.544144],[-122.695108,45.547932],[-122.697971,45.550344],[-122.700278,45.551479],[-122.702806,45.55228],[-122.709022,45.5546],[-122.711474,45.555458],[-122.718453,45.558325],[-122.722669,45.560354],[-122.730151,45.565061],[-122.735644,45.569792],[-122.738702,45.572118],[-122.745753,45.576709],[-122.749739,45.578796],[-122.754816,45.580637],[-122.760154,45.582539],[-122.764148,45.584804],[-122.768305,45.588204],[-122.77244,45.591805],[-122.775042,45.594741],[-122.777886,45.598023],[-122.782788,45.604652],[-122.785632,45.609465],[-122.788446,45.614036],[-122.790078,45.616897],[-122.791025,45.620031],[-122.791112,45.622194],[-122.791145,45.625908],[-122.790409,45.629925],[-122.788736,45.633],[-122.785691,45.635966],[-122.780416,45.639854],[-122.773995,45.643435],[-122.770776,45.645993],[-122.768435,45.649026],[-122.766276,45.651208],[-122.765039,45.653344],[-122.764025,45.657479]]},"properties":{"OBJECTID":6,"fhdFtrID":6,"fhdRefID":53710,"fhdRevDt":"20190315","fhdONm":"Stan Gregory","fhdOEnt":"OSU","fhdSpNm":"AS","fhdRun":"Unknown","fhdLifeHst":"Anadromous","fhdUseTy":"Unknown","fhdBasis":"DownstreamDocObsFish","fhdStNm":"Willamette River","fhdGenus":"Alosa","fhdSp":"sapidissima","fhdSubSp":null,"fhdOrig":"NonNative","fhdProd":"Natural","fhdComment":null,"fhdESH":"NA","fhdBasisD":null,"fhdNMF":"no","fhdBasisDt":null,"fhdBasisNm":null,"fhdBasisEnt":"OSU","fhdBasisPrj":null,"fhdBasisMethod":null,"fhdAccess":null,"fhdBarrierFtrID":null,"fhdEndExtent":null,"Shape__Length":52423.881634172445,"habitatType":"stream"},"id":6},
{"type":"Feature","geometry":{"type":"LineString","coordinates":[[-123.138313,46.187775],[-123.141502,46.187954],[-123.166871,46.189428]]},"properties":{"OBJECTID":7,"fhdFtrID":7,"fhdRefID":53713,"fhdRevDt":"20190315","fhdONm":"Matthew Neilson","fhdOEnt":"USGS","fhdSpNm":"AS","fhdRun":"Unknown","fhdLifeHst":"Anadromous","fhdUseTy":"Unknown","fhdBasis":"DocObsFish","fhdStNm":"Columbia River","fhdGenus":"Alosa","fhdSp":"sapidissima","fhdSubSp":null,"fhdOrig":"NonNative","fhdProd":"Natural","fhdComment":null,"fhdESH":"NA","fhdBasisD":null,"fhdNMF":"no","fhdBasisDt":"20030000","fhdBasisNm":null,"fhdBasisEnt":"US Army Corps of Engineers","fhdBasisPrj":"Crims Island habitat restorati","fhdBasisMethod":null,"fhdAccess":null,"fhdBarrierFtrID":null,"fhdEndExtent":null,"Shape__Length":3190.1533818495586,"habitatType":"stream"},"id":7},
{"type":"Feature","geometry":{"type":"LineString","coordinates":[[-119.278385,45.937834],[-119.290106,45.937469],[-119.303391,45.936149],[-119.307785,45.935925],[-119.312777,45.935853],[-119.316503,45.934992]]},"properties":{"OBJECTID":8,"fhdFtrID":8,"fhdRefID":53585,"fhdRevDt":"20190315","fhdONm":"Wayne Wood","fhdOEnt":"OSU","fhdSpNm":"AS","fhdRun":"Unknown","fhdLifeHst":"Anadromous","fhdUseTy":"Unknown","fhdBasis":"DocObsFish","fhdStNm":"Columbia River","fhdGenus":"Alosa","fhdSp":"sapidissima","fhdSubSp":null,"fhdOrig":"NonNative","fhdProd":"Natural","fhdComment":null,"fhdESH":"NA","fhdBasisD":null,"fhdNMF":"no","fhdBasisDt":null,"fhdBasisNm":null,"fhdBasisEnt":null,"fhdBasisPrj":null,"fhdBasisMethod":null,"fhdAccess":null,"fhdBarrierFtrID":null,"fhdEndExtent":null,"Shape__Length":4283.337768378458,"habitatType":"stream"},"id":8},
{"type":"Feature","geometry":{"type":"LineString","coordinates":[[-123.740944,43.656446],[-123.744903,43.656123],[-123.74696,43.656056],[-123.749339,43.656067],[-123.754232,43.655846],[-123.760537,43.656102],[-123.762094,43.656281],[-123.766835,43.656222],[-123.773695,43.655716],[-123.776333,43.655671],[-123.77881,43.655709],[-123.780808,43.655803],[-123.782526,43.656012],[-123.785279,43.656478],[-123.788547,43.657595],[-123.789639,43.658072],[-123.791554,43.659491],[-123.792213,43.660232],[-123.792789,43.661157],[-123.793177,43.66219],[-123.793378,43.663298],[-123.793552,43.665018],[-123.793501,43.666781],[-123.793332,43.668047],[-123.793346,43.669127],[-123.793632,43.6709],[-123.79444,43.672721],[-123.795581,43.673594],[-123.796213,43.673845],[-123.797794,43.674106],[-123.798788,43.674128],[-123.799838,43.673954],[-123.802426,43.672922],[-123.803234,43.672273],[-123.804883,43.671741],[-123.808103,43.670869],[-123.808681,43.6705],[-123.808984,43.669985],[-123.809416,43.668477],[-123.809082,43.668376],[-123.808435,43.667195],[-123.808349,43.666282],[-123.808054,43.665615],[-123.808254,43.665121],[-123.807796,43.664492],[-123.807863,43.663985],[-123.807477,43.662862],[-123.807258,43.660353],[-123.807646,43.658352],[-123.808188,43.657131],[-123.809108,43.655899],[-123.811536,43.653413],[-123.812542,43.652732],[-123.814693,43.652244],[-123.816403,43.652231],[-123.817418,43.652332],[-123.819934,43.653093],[-123.821787,43.653544],[-123.823516,43.653849],[-123.82682,43.654237],[-123.827836,43.654171],[-123.830462,43.653741],[-123.833824,43.65264],[-123.836306,43.651892],[-123.841246,43.649728],[-123.84411,43.648743],[-123.845241,43.648408],[-123.846874,43.648205],[-123.849967,43.648542],[-123.850603,43.648752],[-123.852148,43.649797],[-123.852807,43.650399],[-123.853751,43.651996],[-123.854786,43.655169],[-123.85574,43.656728],[-123.856353,43.657357],[-123.858217,43.658228],[-123.859222,43.658449],[-123.860794,43.658632],[-123.863017,43.658616],[-123.865272,43.658382],[-123.867456,43.657927],[-123.869161,43.657481],[-123.871402,43.656757],[-123.873758,43.656186],[-123.875633,43.655805],[-123.876509,43.655367],[-123.877629,43.655233],[-123.879018,43.654817],[-123.880488,43.654218],[-123.881511,43.653582],[-123.883616,43.652513],[-123.885172,43.652096],[-123.886733,43.651921],[-123.88701,43.651798],[-123.890575,43.651405],[-123.891298,43.651197],[-123.895199,43.650883],[-123.899439,43.650809],[-123.900503,43.651084],[-123.901284,43.651078],[-123.90207,43.651396],[-123.902797,43.651471],[-123.903191,43.651712],[-123.905604,43.652584],[-123.906615,43.653062],[-123.908023,43.653902],[-123.90909,43.654339],[-123.910782,43.655541],[-123.916592,43.659587],[-123.917384,43.66031],[-123.917727,43.660834],[-123.918933,43.661961],[-123.919266,43.662929],[-123.919662,43.66329],[-123.919725,43.663776],[-123.920238,43.664501],[-123.920819,43.665996],[-123.921903,43.667527],[-123.922526,43.668089],[-123.922723,43.668937],[-123.924269,43.670948],[-123.924878,43.671843],[-123.925716,43.672737],[-123.926953,43.674222],[-123.928038,43.675764],[-123.930191,43.676694],[-123.931448,43.677741],[-123.932856,43.678788],[-123.934817,43.68052],[-123.936283,43.681948],[-123.936949,43.6825],[-123.938279,43.683264],[-123.941001,43.684254],[-123.943914,43.685244],[-123.945513,43.685606],[-123.948003,43.686069],[-123.950888,43.686426],[-123.95529,43.687408],[-123.957759,43.688181],[-123.960228,43.689163],[-123.963053,43.689996],[-123.965998,43.691245],[-123.968556,43.691899],[-123.97208,43.692583],[-123.976244,43.693148],[-123.981777,43.693654],[-123.985048,43.693803],[-123.989242,43.693862],[-123.990372,43.693981],[-123.994016,43.69471],[-123.996604,43.695483],[-123.997674,43.695691],[-124.00053,43.696524],[-124.001898,43.696762],[-124.006032,43.697714],[-124.009765,43.698428],[-124.013959,43.699052],[-124.015263,43.699154],[-124.016844,43.696171],[-124.020394,43.695415],[-124.022918,43.695299],[-124.025231,43.695337],[-124.025849,43.695622],[-124.026635,43.695679],[-124.028005,43.695513],[-124.028617,43.69557],[-124.030827,43.69658],[-124.031055,43.697256],[-124.03192,43.698375],[-124.036398,43.697748],[-124.03869,43.697476],[-124.041129,43.697119],[-124.043999,43.696762],[-124.047926,43.696435],[-124.048833,43.696257],[-124.051926,43.695483],[-124.054335,43.695156],[-124.056536,43.69468],[-124.058142,43.694531],[-124.061176,43.694383],[-124.063169,43.69465],[-124.064612,43.695037],[-124.066961,43.69587],[-124.068954,43.696703],[-124.069965,43.697208],[-124.072642,43.698844],[-124.075438,43.700153],[-124.076747,43.700569],[-124.081074,43.701819],[-124.08396,43.702904],[-124.085923,43.703737],[-124.087023,43.704332],[-124.089835,43.706067],[-124.093626,43.707723],[-124.095842,43.708466],[-124.099709,43.709507],[-124.103456,43.710667],[-124.105806,43.711619],[-124.106494,43.712573],[-124.107612,43.71381],[-124.108707,43.715309],[-124.109111,43.716047],[-124.10923,43.716666],[-124.10904,43.717713],[-124.108493,43.719116],[-124.108302,43.720544],[-124.109281,43.720909],[-124.110601,43.722301],[-124.111815,43.723908],[-124.114206,43.727727],[-124.114813,43.728833],[-124.115455,43.730296],[-124.116312,43.732545],[-124.116669,43.733687],[-124.11724,43.736186],[-124.117847,43.737399],[-124.118668,43.73847],[-124.120666,43.740469],[-124.122879,43.742146],[-124.124878,43.743538],[-124.127162,43.74493],[-124.129804,43.745965],[-124.131445,43.746465],[-124.132802,43.74675],[-124.134551,43.746965],[-124.137656,43.747214],[-124.139191,43.747143],[-124.141582,43.746715],[-124.145044,43.745573],[-124.147471,43.744323],[-124.149898,43.74286],[-124.151897,43.741468],[-124.153325,43.739933],[-124.155323,43.735864],[-124.155966,43.733295],[-124.156537,43.729654],[-124.156965,43.726656],[-124.157108,43.721659],[-124.157046,43.715921],[-124.157617,43.713865],[-124.158188,43.71238],[-124.158416,43.711238],[-124.159559,43.708754],[-124.160358,43.707498],[-124.1619,43.704071],[-124.162471,43.702529],[-124.163099,43.700359],[-124.163727,43.699103],[-124.164527,43.698361],[-124.166097,43.697076],[-124.168267,43.695648],[-124.171351,43.693364],[-124.173007,43.692279],[-124.174663,43.691365],[-124.17769,43.689937],[-124.179974,43.688966],[-124.182601,43.687939],[-124.183572,43.68731],[-124.185,43.686568],[-124.186999,43.685768],[-124.18854,43.684855],[-124.18934,43.683941],[-124.190139,43.682742],[-124.190425,43.681428],[-124.190653,43.679829],[-124.190996,43.678744],[-124.191567,43.677945],[-124.193766,43.675746],[-124.194908,43.674718],[-124.196164,43.673462],[-124.199362,43.671749],[-124.203303,43.670264],[-124.205301,43.66975],[-124.2077,43.669236],[-124.208785,43.669179],[-124.214153,43.668608],[-124.218429,43.668518]]},"properties":{"OBJECTID":9,"fhdFtrID":9,"fhdRefID":53585,"fhdRevDt":"20190315","fhdONm":"Wayne Wood","fhdOEnt":"OSU","fhdSpNm":"AS","fhdRun":"Unknown","fhdLifeHst":"Anadromous","fhdUseTy":"Unknown","fhdBasis":"DownstreamDocObsFish","fhdStNm":"Umpqua River","fhdGenus":"Alosa","fhdSp":"sapidissima","fhdSubSp":null,"fhdOrig":"NonNative","fhdProd":"Natural","fhdComment":null,"fhdESH":"NA","fhdBasisD":null,"fhdNMF":"no","fhdBasisDt":null,"fhdBasisNm":null,"fhdBasisEnt":null,"fhdBasisPrj":null,"fhdBasisMethod":null,"fhdAccess":null,"fhdBarrierFtrID":null,"fhdEndExtent":null,"Shape__Length":75274.67797063054,"habitatType":"stream"},"id":9},
{"type":"Feature","geometry":{"type":"LineString","coordinates":[[-123.711479,43.657177],[-123.714361,43.657051],[-123.719012,43.65664],[-123.720534,43.656447],[-123.721671,43.656435],[-123.723262,43.656235],[-123.725615,43.656058],[-123.72901,43.65612],[-123.731511,43.656318],[-123.734732,43.656378],[-123.737703,43.65636],[-123.740944,43.656446]]},"properties":{"OBJECTID":10,"fhdFtrID":10,"fhdRefID":53585,"fhdRevDt":"20190315","fhdONm":"Wayne Wood","fhdOEnt":"OSU","fhdSpNm":"AS","fhdRun":"Unknown","fhdLifeHst":"Anadromous","fhdUseTy":"Unknown","fhdBasis":"DocObsFish","fhdStNm":"Umpqua River","fhdGenus":"Alosa","fhdSp":"sapidissima","fhdSubSp":null,"fhdOrig":"NonNative","fhdProd":"Natural","fhdComment":null,"fhdESH":"NA","fhdBasisD":null,"fhdNMF":"no","fhdBasisDt":null,"fhdBasisNm":null,"fhdBasisEnt":null,"fhdBasisPrj":null,"fhdBasisMethod":null,"fhdAccess":null,"fhdBarrierFtrID":null,"fhdEndExtent":null,"Shape__Length":3327.41094341725,"habitatType":"stream"},"id":10},
{"type":"Feature","geometry":{"type":"LineString","coordinates":[[-123.446543,43.268237],[-123.446499,43.268779],[-123.446796,43.269652],[-123.44677,43.270413],[-123.446345,43.273042],[-123.446318,43.274424],[-123.446401,43.275346],[-123.446749,43.27719],[-123.447501,43.278942],[-123.448367,43.280521],[-123.450548,43.283205],[-123.452424,43.284804],[-123.454443,43.286208],[-123.457207,43.28753],[-123.458958,43.288147],[-123.460403,43.288547],[-123.464597,43.289051],[-123.46561,43.289344],[-123.466813,43.289859],[-123.468027,43.290544],[-123.469326,43.291535],[-123.470381,43.292762],[-123.470675,43.293356],[-123.47095,43.294698],[-123.471008,43.297451],[-123.470712,43.298476],[-123.469762,43.299912],[-123.468845,43.30076],[-123.46591,43.302069],[-123.46471,43.302525],[-123.463554,43.302801],[-123.461041,43.303222],[-123.457628,43.30424],[-123.455977,43.305],[-123.455293,43.3055],[-123.45484,43.306661],[-123.45481,43.307225],[-123.45512,43.307893],[-123.456724,43.309433],[-123.457343,43.310536],[-123.457788,43.311629],[-123.45815,43.312871],[-123.459016,43.314388],[-123.459811,43.315024],[-123.460686,43.316233],[-123.461234,43.316781],[-123.461509,43.318416],[-123.460672,43.320123],[-123.460087,43.320837],[-123.458297,43.321806],[-123.457606,43.322584],[-123.455648,43.323893],[-123.452957,43.32496],[-123.4515,43.325591],[-123.449247,43.326194],[-123.447034,43.326695],[-123.446419,43.326755],[-123.443326,43.327462],[-123.441015,43.328366],[-123.440407,43.328817],[-123.439992,43.330261],[-123.44012,43.331392],[-123.441339,43.333034],[-123.442976,43.334122],[-123.443225,43.334662],[-123.444468,43.335791],[-123.445003,43.336743],[-123.445945,43.338049],[-123.447695,43.340035],[-123.449197,43.341527],[-123.450091,43.342313],[-123.451122,43.343609],[-123.452432,43.345014],[-123.45468,43.347233],[-123.456781,43.348725],[-123.457597,43.349806],[-123.458478,43.351581],[-123.459195,43.352773],[-123.460185,43.354226],[-123.461424,43.356517],[-123.461776,43.357315],[-123.463162,43.35958],[-123.465338,43.362203],[-123.466774,43.363816],[-123.469672,43.367291],[-123.4717,43.369428],[-123.474587,43.372103],[-123.476764,43.373916],[-123.478101,43.374851],[-123.47941,43.375321],[-123.480481,43.375481],[-123.484295,43.375492],[-123.486997,43.375318],[-123.488304,43.375286],[-123.489734,43.375444],[-123.492201,43.375869],[-123.495432,43.376525],[-123.496783,43.376465],[-123.500443,43.376044],[-123.501782,43.375824],[-123.502893,43.375759],[-123.508397,43.375304],[-123.509563,43.375106],[-123.511067,43.374648],[-123.512891,43.374508],[-123.513934,43.374822],[-123.51598,43.376243],[-123.517028,43.377266],[-123.519307,43.378908],[-123.52026,43.379381],[-123.522352,43.380592],[-123.524579,43.381708],[-123.525759,43.381984],[-123.528624,43.383737],[-123.53024,43.384474],[-123.531543,43.385164],[-123.533029,43.385615],[-123.534915,43.386023],[-123.53651,43.386596],[-123.537235,43.386711],[-123.538079,43.387123],[-123.538869,43.387799],[-123.540206,43.388513],[-123.542653,43.389484],[-123.543506,43.38999],[-123.54459,43.391546],[-123.544642,43.392323],[-123.54446,43.393223],[-123.543804,43.394415],[-123.542057,43.396474],[-123.540585,43.397503],[-123.538646,43.398274],[-123.535728,43.398642],[-123.533762,43.398652],[-123.530464,43.398585],[-123.527605,43.398788],[-123.525409,43.399236],[-123.52444,43.399676],[-123.523047,43.400727],[-123.522719,43.401414],[-123.522725,43.401998],[-123.523002,43.40273],[-123.523458,43.403329],[-123.524813,43.404141],[-123.527441,43.404865],[-123.528612,43.404916],[-123.531382,43.404848],[-123.532968,43.404977],[-123.535536,43.405288],[-123.537393,43.40582],[-123.540793,43.406477],[-123.542755,43.406767],[-123.546066,43.407076],[-123.548338,43.407551],[-123.553645,43.408801],[-123.555325,43.409429],[-123.55748,43.410094],[-123.558622,43.410365],[-123.560972,43.410623],[-123.562906,43.410533],[-123.568221,43.409675],[-123.569506,43.409527],[-123.572886,43.40881],[-123.574938,43.4085],[-123.578265,43.408376],[-123.581092,43.408335],[-123.583581,43.408571],[-123.58592,43.409045],[-123.587557,43.409657],[-123.588187,43.41011],[-123.589134,43.411535],[-123.589476,43.412384],[-123.589483,43.413203],[-123.588971,43.414363],[-123.588319,43.415348],[-123.587584,43.416054],[-123.586597,43.41678],[-123.585461,43.417403],[-123.584153,43.41793],[-123.582864,43.418292],[-123.579865,43.418768],[-123.57782,43.418859],[-123.574895,43.41909],[-123.572798,43.419074],[-123.571489,43.419215],[-123.570588,43.419438],[-123.568945,43.420065],[-123.568198,43.420481],[-123.567105,43.421398],[-123.566192,43.422839],[-123.566093,43.424257],[-123.566209,43.424885],[-123.566262,43.426378],[-123.566014,43.427479],[-123.565805,43.42909],[-123.565816,43.430362],[-123.566053,43.431869],[-123.567218,43.436631],[-123.567756,43.438309],[-123.568462,43.439919],[-123.568892,43.441242],[-123.570319,43.444581],[-123.570453,43.444656],[-123.572393,43.449117],[-123.57286,43.450639],[-123.573363,43.453125],[-123.573153,43.454943],[-123.572249,43.456544],[-123.571565,43.457237],[-123.570742,43.457496],[-123.569367,43.457693],[-123.567753,43.457647],[-123.565983,43.457467],[-123.56407,43.457476],[-123.561384,43.457184],[-123.559973,43.456664],[-123.558332,43.455875],[-123.557101,43.455102],[-123.556071,43.454197],[-123.555627,43.453638],[-123.554923,43.452445],[-123.553846,43.450818],[-123.553337,43.449346],[-123.553112,43.448289],[-123.552632,43.447481],[-123.550763,43.445315],[-123.548795,43.443846],[-123.547753,43.443269],[-123.546207,43.443084],[-123.544807,43.443118],[-123.543689,43.443393],[-123.542883,43.443798],[-123.541884,43.444671],[-123.540546,43.448295],[-123.540625,43.449164],[-123.540085,43.450859],[-123.540017,43.451574],[-123.540175,43.452759],[-123.539999,43.45349],[-123.540267,43.454652],[-123.540625,43.457346],[-123.540638,43.458618],[-123.540797,43.459635],[-123.541823,43.461451],[-123.54277,43.462911],[-123.543338,43.463461],[-123.543997,43.464777],[-123.544647,43.465761],[-123.545666,43.466685],[-123.547057,43.46766],[-123.549058,43.468693],[-123.55122,43.469562],[-123.553535,43.470625],[-123.555218,43.471593],[-123.555742,43.472158],[-123.556082,43.472931],[-123.556238,43.473806],[-123.555757,43.474999],[-123.554735,43.475594],[-123.553696,43.47589],[-123.552909,43.47598],[-123.551894,43.475793],[-123.550733,43.475293],[-123.550098,43.474895],[-123.547002,43.474016],[-123.545037,43.473776],[-123.542316,43.473814],[-123.541277,43.473684],[-123.539481,43.473259],[-123.535892,43.472055],[-123.531985,43.470056],[-123.529621,43.469662],[-123.529075,43.469666],[-123.526945,43.470112],[-123.524116,43.470872],[-123.520685,43.471486],[-123.519161,43.472502],[-123.518658,43.473035],[-123.518264,43.47463],[-123.51746,43.477008],[-123.516641,43.478685],[-123.515574,43.481044],[-123.514956,43.482778],[-123.514404,43.484073],[-123.513973,43.484725],[-123.513095,43.485504],[-123.511491,43.485979],[-123.508178,43.486183],[-123.506322,43.486002],[-123.503431,43.485426],[-123.502163,43.484768],[-123.501784,43.48383],[-123.501197,43.48308],[-123.500447,43.48254],[-123.49959,43.482148],[-123.496211,43.481292],[-123.49365,43.480701],[-123.493136,43.480182],[-123.490299,43.478895],[-123.488318,43.478373],[-123.485905,43.477501],[-123.484837,43.477559],[-123.482761,43.477243],[-123.481418,43.477255],[-123.48055,43.477563],[-123.479765,43.478061],[-123.479393,43.478584],[-123.479168,43.479366],[-123.479287,43.480315],[-123.479791,43.48142],[-123.480883,43.482672],[-123.481355,43.483787],[-123.481988,43.484269],[-123.483076,43.485589],[-123.484035,43.486419],[-123.486417,43.488882],[-123.487035,43.489599],[-123.487633,43.490806],[-123.488113,43.492355],[-123.488533,43.493993],[-123.489102,43.495322],[-123.489988,43.496437],[-123.490534,43.497379],[-123.491131,43.498157],[-123.491975,43.498968],[-123.493006,43.500634],[-123.494003,43.501532],[-123.495734,43.504203],[-123.496662,43.505231],[-123.4984,43.506507],[-123.499577,43.506947],[-123.50208,43.507682],[-123.503822,43.508292],[-123.507351,43.509652],[-123.508995,43.510363],[-123.513732,43.5121],[-123.516683,43.513051],[-123.519724,43.514348],[-123.520707,43.515029],[-123.521293,43.515583],[-123.523099,43.517972],[-123.524207,43.51902],[-123.526074,43.520255],[-123.527942,43.520691],[-123.529372,43.522355],[-123.530229,43.522998],[-123.533086,43.524218],[-123.534269,43.525002],[-123.535776,43.525395],[-123.53744,43.525473],[-123.539013,43.525178],[-123.54066,43.524975],[-123.54346,43.524994],[-123.54614,43.525819],[-123.548866,43.526821],[-123.554332,43.528508],[-123.559247,43.530105],[-123.561662,43.531035],[-123.563756,43.532153],[-123.566677,43.534383],[-123.567768,43.535515],[-123.573132,43.539391],[-123.575559,43.541429],[-123.576671,43.542843],[-123.576978,43.543601],[-123.576984,43.544349],[-123.576578,43.545381],[-123.575629,43.547034],[-123.574737,43.548104],[-123.573862,43.548943],[-123.570872,43.551011],[-123.568171,43.552434],[-123.566555,43.553208],[-123.56417,43.554023],[-123.562349,43.554474],[-123.558633,43.554819],[-123.556143,43.554776],[-123.552883,43.554537],[-123.55056,43.554318],[-123.547523,43.553788],[-123.546395,43.553414],[-123.544307,43.552379],[-123.540784,43.550037],[-123.539296,43.5487],[-123.538014,43.547205],[-123.537461,43.546409],[-123.536577,43.54409],[-123.53585,43.542423],[-123.53528,43.541312],[-123.534289,43.539846],[-123.532515,43.538329],[-123.531182,43.537371],[-123.529379,43.536462],[-123.526902,43.536006],[-123.519056,43.536015],[-123.51804,43.536049],[-123.515234,43.536303],[-123.513847,43.536338],[-123.512505,43.536477],[-123.509799,43.536978],[-123.507081,43.537804],[-123.505074,43.538571],[-123.50405,43.539158],[-123.503031,43.539987],[-123.501626,43.5416],[-123.501064,43.542471],[-123.500669,43.543589],[-123.500343,43.545107],[-123.500315,43.546264],[-123.500621,43.547521],[-123.500785,43.548776],[-123.501053,43.549902],[-123.502126,43.552174],[-123.502906,43.55313],[-123.503353,43.553433],[-123.503887,43.554342],[-123.504597,43.555032],[-123.505725,43.555754],[-123.506834,43.556205],[-123.508298,43.556638],[-123.509516,43.556822],[-123.510814,43.556595],[-123.51244,43.556183],[-123.514091,43.555644],[-123.515362,43.555421],[-123.51751,43.555193],[-123.518691,43.555187],[-123.520179,43.55562],[-123.521265,43.556427],[-123.522113,43.557612],[-123.522418,43.558429],[-123.522934,43.560467],[-123.523954,43.562627],[-123.524554,43.56356],[-123.525718,43.564941],[-123.527472,43.566306],[-123.528448,43.567182],[-123.530651,43.569619],[-123.53138,43.570504],[-123.532711,43.571927],[-123.534559,43.574266],[-123.535431,43.57618],[-123.535893,43.57762],[-123.536267,43.578256],[-123.536608,43.579352],[-123.536656,43.580154],[-123.536396,43.580786],[-123.535766,43.581775],[-123.535113,43.582287],[-123.534423,43.58245],[-123.532559,43.582488],[-123.530441,43.582443],[-123.528345,43.582081],[-123.526074,43.58178],[-123.522964,43.581043],[-123.521203,43.580455],[-123.520253,43.580046],[-123.518885,43.579093],[-123.518285,43.578447],[-123.517292,43.576188],[-123.515493,43.57459],[-123.513687,43.573565],[-123.512132,43.573076],[-123.510551,43.573058],[-123.508731,43.573812],[-123.505995,43.57478],[-123.503882,43.575756],[-123.502315,43.577157],[-123.502016,43.578509],[-123.502201,43.579192],[-123.501908,43.580159],[-123.501217,43.5814],[-123.501193,43.582767],[-123.501504,43.583652],[-123.502416,43.584796],[-123.505058,43.587019],[-123.506331,43.587932],[-123.507895,43.588564],[-123.508686,43.588731],[-123.511184,43.58896],[-123.512496,43.588927],[-123.513501,43.588728],[-123.516583,43.587645],[-123.518077,43.587258],[-123.519799,43.586949],[-123.523459,43.586476],[-123.524367,43.586551],[-123.525749,43.586847],[-123.526912,43.587196],[-123.528439,43.58834],[-123.529268,43.589867],[-123.529585,43.591317],[-123.530121,43.593098],[-123.530876,43.595235],[-123.531158,43.596376],[-123.531733,43.597467],[-123.532515,43.598585],[-123.533503,43.599407],[-123.53464,43.599841],[-123.536015,43.600192],[-123.537197,43.600186],[-123.539511,43.599544],[-123.540844,43.598436],[-123.543888,43.59638],[-123.544807,43.595485],[-123.546303,43.594466],[-123.547442,43.594054],[-123.548329,43.593354],[-123.550201,43.591066],[-123.550337,43.590654],[-123.551017,43.589996],[-123.551853,43.589821],[-123.553613,43.589186],[-123.555287,43.58839],[-123.555734,43.588006],[-123.556158,43.587219],[-123.557907,43.585945],[-123.55981,43.584734],[-123.562119,43.583387],[-123.563502,43.582476],[-123.567972,43.580405],[-123.570353,43.579447],[-123.574095,43.578268],[-123.576516,43.577846],[-123.57768,43.577923],[-123.578546,43.578137],[-123.581659,43.579734],[-123.582811,43.580198],[-123.583667,43.580666],[-123.587542,43.582157],[-123.589239,43.582765],[-123.592455,43.584287],[-123.594481,43.585159],[-123.596292,43.58613],[-123.600562,43.588647],[-123.603482,43.589933],[-123.606112,43.590924],[-123.607864,43.591482],[-123.609829,43.591982],[-123.612047,43.59246],[-123.613946,43.592807],[-123.615565,43.593221],[-123.616717,43.593785],[-123.617802,43.594562],[-123.619412,43.59609],[-123.620253,43.597632],[-123.620906,43.599968],[-123.620924,43.601351],[-123.620491,43.602901],[-123.619909,43.604649],[-123.619004,43.606786],[-123.618412,43.607748],[-123.617228,43.608844],[-123.616032,43.609563],[-123.615136,43.610333],[-123.613114,43.612714],[-123.611311,43.613887],[-123.608901,43.614813],[-123.607804,43.614875],[-123.606154,43.614584],[-123.604598,43.614141],[-123.602347,43.613833],[-123.598904,43.61349],[-123.596333,43.613184],[-123.593963,43.612977],[-123.587064,43.612285],[-123.584677,43.612325],[-123.582556,43.612696],[-123.581789,43.613119],[-123.580735,43.614033],[-123.577965,43.616154],[-123.576002,43.617899],[-123.575186,43.618702],[-123.574446,43.619743],[-123.573436,43.620827],[-123.571277,43.623742],[-123.569934,43.62507],[-123.568187,43.627296],[-123.566893,43.629482],[-123.566555,43.630389],[-123.566598,43.631033],[-123.566877,43.631786],[-123.567685,43.632726],[-123.56811,43.633482],[-123.568741,43.63363],[-123.569473,43.634199],[-123.570376,43.635586],[-123.57219,43.636779],[-123.573719,43.637636],[-123.576138,43.638458],[-123.577725,43.638833],[-123.579468,43.639095],[-123.58066,43.63917],[-123.58724,43.639973],[-123.588553,43.640075],[-123.591827,43.640112],[-123.594034,43.640182],[-123.595991,43.64039],[-123.597689,43.640844],[-123.598914,43.641266],[-123.60046,43.64198],[-123.601872,43.642496],[-123.605323,43.643983],[-123.606915,43.644482],[-123.609001,43.644998],[-123.612695,43.646113],[-123.615346,43.64707],[-123.621722,43.649557],[-123.622365,43.649747],[-123.624219,43.65004],[-123.626151,43.650167],[-123.629987,43.650115],[-123.632165,43.649999],[-123.634633,43.649684],[-123.635611,43.649493],[-123.637774,43.648739],[-123.639819,43.647832],[-123.640961,43.647155],[-123.64277,43.645739],[-123.645118,43.643598],[-123.647189,43.642407],[-123.648888,43.641909],[-123.650067,43.641903],[-123.650975,43.642122],[-123.652403,43.642995],[-123.652853,43.643153],[-123.654577,43.643251],[-123.656737,43.642642],[-123.657997,43.642149],[-123.660833,43.640611],[-123.662252,43.640152],[-123.662895,43.639739],[-123.663688,43.638855],[-123.665869,43.63741],[-123.667359,43.636565],[-123.668389,43.636184],[-123.669549,43.635932],[-123.671424,43.635864],[-123.672807,43.636104],[-123.674014,43.636798],[-123.674722,43.63767],[-123.67489,43.639125],[-123.674709,43.639879],[-123.674265,43.640821],[-123.673563,43.641804],[-123.67274,43.642633],[-123.671528,43.643581],[-123.670469,43.644526],[-123.666608,43.647349],[-123.663568,43.649809],[-123.66275,43.650611],[-123.660846,43.652966],[-123.659233,43.655298],[-123.658583,43.656342],[-123.656804,43.658557],[-123.655971,43.659693],[-123.6552,43.661],[-123.654105,43.663399],[-123.65378,43.664612],[-123.653681,43.665841],[-123.653698,43.667306],[-123.653609,43.669456],[-123.653631,43.671445],[-123.653721,43.672867],[-123.653759,43.676216],[-123.653975,43.678843],[-123.654173,43.679505],[-123.655114,43.680953],[-123.656476,43.681961],[-123.658057,43.682643],[-123.660198,43.682924],[-123.663334,43.682912],[-123.664822,43.682793],[-123.666735,43.682292],[-123.668214,43.681618],[-123.669614,43.68064],[-123.671183,43.679702],[-123.674019,43.678234],[-123.677118,43.676469],[-123.680071,43.675227],[-123.681603,43.674838],[-123.683813,43.674382],[-123.685562,43.673692],[-123.687561,43.67268],[-123.690897,43.670521],[-123.693317,43.668569],[-123.693857,43.667927],[-123.694975,43.667293],[-123.696301,43.666177],[-123.697672,43.665244],[-123.69987,43.663515],[-123.701338,43.662214],[-123.704116,43.66019],[-123.705325,43.659596],[-123.707517,43.658305],[-123.708459,43.657857],[-123.710577,43.657236],[-123.711479,43.657177]]},"properties":{"OBJECTID":11,"fhdFtrID":11,"fhdRefID":53585,"fhdRevDt":"20190315","fhdONm":"Wayne Wood","fhdOEnt":"OSU","fhdSpNm":"AS","fhdRun":"Unknown","fhdLifeHst":"Anadromous","fhdUseTy":"Unknown","fhdBasis":"DownstreamDocObsFish","fhdStNm":"Umpqua River","fhdGenus":"Alosa","fhdSp":"sapidissima","fhdSubSp":null,"fhdOrig":"NonNative","fhdProd":"Natural","fhdComment":null,"fhdESH":"NA","fhdBasisD":null,"fhdNMF":"no","fhdBasisDt":null,"fhdBasisNm":null,"fhdBasisEnt":null,"fhdBasisPrj":null,"fhdBasisMethod":null,"fhdAccess":null,"fhdBarrierFtrID":null,"fhdEndExtent":null,"Shape__Length":169499.79991131,"habitatType":"stream"},"id":11},
{"type":"Feature","geometry":{"type":"LineString","coordinates":[[-123.414543,43.112418],[-123.413528,43.112131],[-123.412754,43.111616],[-123.407206,43.109667],[-123.404594,43.108602],[-123.402622,43.107439],[-123.400443,43.106825],[-123.398122,43.107131],[-123.397313,43.107485],[-123.396103,43.108515],[-123.394246,43.10954],[-123.393351,43.110686],[-123.392911,43.111039],[-123.391596,43.112988],[-123.390794,43.114369],[-123.390543,43.115477],[-123.390072,43.116884],[-123.390077,43.117667],[-123.389105,43.121426],[-123.388559,43.122508],[-123.388489,43.123103],[-123.388017,43.124347],[-123.387698,43.126293],[-123.387778,43.127346],[-123.388226,43.128209],[-123.389193,43.129503],[-123.390274,43.130495],[-123.390966,43.130845],[-123.392927,43.13081],[-123.395791,43.131932],[-123.400365,43.134516],[-123.401178,43.134702],[-123.40292,43.135912],[-123.402957,43.136047],[-123.404338,43.136932],[-123.405138,43.137714],[-123.405959,43.138143],[-123.407701,43.139353],[-123.408143,43.139518],[-123.409716,43.140859],[-123.411525,43.142032],[-123.414218,43.143249],[-123.41561,43.144146],[-123.417557,43.145721],[-123.416627,43.147364],[-123.415021,43.148953],[-123.408566,43.152911],[-123.40761,43.153347],[-123.404228,43.15525],[-123.401984,43.156311],[-123.401652,43.156366],[-123.399554,43.15713],[-123.397641,43.158055],[-123.396287,43.15987],[-123.395701,43.160466],[-123.393941,43.162737],[-123.393512,43.162956],[-123.393113,43.163839],[-123.393191,43.164206],[-123.394818,43.165725],[-123.395491,43.167977],[-123.395343,43.170376],[-123.395182,43.171517],[-123.394932,43.17236],[-123.394234,43.173438],[-123.392016,43.173997],[-123.391461,43.174055],[-123.389551,43.173721],[-123.387557,43.172682],[-123.386973,43.17251],[-123.386215,43.171899],[-123.38388,43.170475],[-123.382457,43.169822],[-123.381325,43.169106],[-123.377807,43.167172],[-123.375258,43.166775],[-123.370909,43.167488],[-123.366847,43.168959],[-123.363712,43.172259],[-123.362732,43.173555],[-123.362484,43.174484],[-123.362534,43.175738],[-123.363456,43.177575],[-123.363881,43.177927],[-123.36492,43.178416],[-123.367578,43.178498],[-123.369573,43.178707],[-123.371088,43.179054],[-123.371782,43.179686],[-123.37224,43.18032],[-123.372519,43.18109],[-123.372935,43.181725],[-123.372991,43.18237],[-123.372706,43.183531],[-123.372339,43.184471],[-123.371807,43.185307],[-123.371167,43.185888],[-123.370142,43.187404],[-123.367444,43.189473],[-123.366428,43.189875],[-123.364293,43.190908],[-123.362892,43.191263],[-123.358134,43.192116],[-123.356954,43.192417],[-123.355554,43.192988],[-123.354954,43.193448],[-123.354602,43.194261],[-123.354648,43.195837],[-123.354797,43.196124],[-123.3551,43.198758],[-123.355339,43.200364],[-123.355674,43.200822],[-123.355751,43.201443],[-123.356251,43.202291],[-123.357024,43.204411],[-123.35754,43.206373],[-123.357118,43.20776],[-123.356017,43.208952],[-123.354591,43.209776],[-123.349496,43.211782],[-123.348648,43.212082],[-123.347273,43.212266],[-123.346387,43.212584],[-123.344448,43.213959],[-123.344157,43.214824],[-123.344557,43.215553],[-123.347447,43.216671],[-123.348047,43.21673],[-123.349936,43.217643],[-123.352682,43.218526],[-123.354338,43.218818],[-123.355335,43.218842],[-123.356814,43.219026],[-123.358329,43.219022],[-123.36058,43.218717],[-123.36224,43.218415],[-123.367405,43.217291],[-123.369681,43.216582],[-123.370152,43.216335],[-123.371386,43.216009],[-123.372522,43.215873],[-123.373851,43.215878],[-123.375967,43.216048],[-123.377084,43.216204],[-123.377825,43.216855],[-123.379161,43.218927],[-123.381254,43.22072],[-123.381985,43.221245],[-123.383466,43.222074],[-123.384465,43.222341],[-123.385573,43.222337],[-123.386938,43.222035],[-123.388412,43.221463],[-123.389294,43.220785],[-123.391057,43.219266],[-123.391827,43.218372],[-123.392346,43.218033],[-123.393332,43.216881],[-123.393473,43.215773],[-123.394353,43.214716],[-123.394567,43.213662],[-123.395078,43.212633],[-123.396106,43.211657],[-123.396839,43.211166],[-123.397704,43.210874],[-123.400106,43.211123],[-123.400951,43.211455],[-123.401851,43.211607],[-123.402483,43.211893],[-123.404742,43.213443],[-123.406335,43.214631],[-123.407566,43.215173],[-123.411785,43.217235],[-123.413505,43.21792],[-123.414324,43.218482],[-123.414652,43.219207],[-123.414482,43.220021],[-123.414453,43.221291],[-123.413284,43.223343],[-123.412816,43.224943],[-123.411181,43.228216],[-123.41043,43.22881],[-123.410338,43.229676],[-123.40896,43.232699],[-123.408549,43.233225],[-123.408598,43.234981],[-123.409309,43.236302],[-123.410238,43.237163],[-123.411203,43.237862],[-123.411428,43.238347],[-123.411512,43.23986],[-123.412073,43.241487],[-123.412575,43.243908],[-123.413001,43.245387],[-123.413144,43.246273],[-123.412856,43.247338],[-123.413193,43.247985],[-123.413677,43.248416],[-123.414165,43.249603],[-123.414799,43.250438],[-123.416135,43.252745],[-123.416409,43.253485],[-123.417492,43.255156],[-123.418313,43.256287],[-123.419095,43.257068],[-123.420729,43.258196],[-123.4224,43.259244],[-123.426761,43.2592],[-123.427941,43.258872],[-123.429451,43.258083],[-123.431142,43.256807],[-123.431953,43.256426],[-123.433388,43.255529],[-123.437616,43.252379],[-123.43813,43.251945],[-123.438869,43.251038],[-123.439699,43.249591],[-123.439931,43.24871],[-123.440849,43.247798],[-123.442198,43.247147],[-123.444571,43.246649],[-123.446185,43.246619],[-123.446975,43.246907],[-123.447335,43.247263],[-123.447894,43.24843],[-123.448063,43.24981],[-123.447565,43.251236],[-123.446706,43.252209],[-123.445401,43.253064],[-123.444262,43.253647],[-123.442958,43.255141],[-123.44281,43.256186],[-123.443315,43.258543],[-123.444397,43.25989],[-123.445437,43.260534],[-123.448367,43.261254],[-123.449809,43.261922],[-123.450851,43.262863],[-123.450671,43.263485],[-123.449304,43.264962],[-123.447497,43.266606],[-123.446641,43.267811],[-123.446543,43.268237]]},"properties":{"OBJECTID":12,"fhdFtrID":12,"fhdRefID":53585,"fhdRevDt":"20190315","fhdONm":"Wayne Wood","fhdOEnt":"OSU","fhdSpNm":"AS","fhdRun":"Unknown","fhdLifeHst":"Anadromous","fhdUseTy":"Unknown","fhdBasis":"DownstreamDocObsFish","fhdStNm":"South Umpqua River","fhdGenus":"Alosa","fhdSp":"sapidissima","fhdSubSp":null,"fhdOrig":"NonNative","fhdProd":"Natural","fhdComment":null,"fhdESH":"NA","fhdBasisD":null,"fhdNMF":"no","fhdBasisDt":null,"fhdBasisNm":null,"fhdBasisEnt":null,"fhdBasisPrj":null,"fhdBasisMethod":null,"fhdAccess":null,"fhdBarrierFtrID":null,"fhdEndExtent":null,"Shape__Length":53528.87426525982,"habitatType":"stream"},"id":12},
{"type":"Feature","geometry":{"type":"LineString","coordinates":[[-123.436258,43.112846],[-123.435775,43.113601],[-123.434741,43.114726],[-123.433478,43.115387],[-123.43254,43.115709],[-123.430638,43.116508],[-123.428999,43.11695],[-123.425735,43.11727],[-123.423374,43.117225],[-123.422746,43.117011],[-123.421454,43.116854],[-123.420547,43.116094],[-123.419589,43.115028],[-123.419193,43.114284],[-123.417608,43.113515],[-123.414543,43.112418]]},"properties":{"OBJECTID":13,"fhdFtrID":13,"fhdRefID":53585,"fhdRevDt":"20190315","fhdONm":"Wayne Wood","fhdOEnt":"OSU","fhdSpNm":"AS","fhdRun":"Unknown","fhdLifeHst":"Anadromous","fhdUseTy":"Unknown","fhdBasis":"DocObsFish","fhdStNm":"South Umpqua River","fhdGenus":"Alosa","fhdSp":"sapidissima","fhdSubSp":null,"fhdOrig":"NonNative","fhdProd":"Natural","fhdComment":null,"fhdESH":"NA","fhdBasisD":null,"fhdNMF":"no","fhdBasisDt":null,"fhdBasisNm":null,"fhdBasisEnt":null,"fhdBasisPrj":null,"fhdBasisMethod":null,"fhdAccess":null,"fhdBarrierFtrID":null,"fhdEndExtent":null,"Shape__Length":2991.5940786551496,"habitatType":"stream"},"id":13},
{"type":"Feature","geometry":{"type":"LineString","coordinates":[[-123.317797,42.99419],[-123.316074,42.994687],[-123.313954,42.995596],[-123.312414,42.996627],[-123.310188,42.998246],[-123.308056,43.000176],[-123.306853,43.001363],[-123.30589,43.002512],[-123.304976,43.003865],[-123.304421,43.004995],[-123.30365,43.007051],[-123.301936,43.009606],[-123.301265,43.010185],[-123.300198,43.011348],[-123.298011,43.013212],[-123.296489,43.014694],[-123.295823,43.015519],[-123.295789,43.016203],[-123.296123,43.016594],[-123.297999,43.016693],[-123.299912,43.016695],[-123.300351,43.017045],[-123.300986,43.018292],[-123.300875,43.019682],[-123.300499,43.020344],[-123.29876,43.021578],[-123.296107,43.023341],[-123.295559,43.024282],[-123.295833,43.025137],[-123.296784,43.025719],[-123.299181,43.026773],[-123.299636,43.027133],[-123.300334,43.028434],[-123.301244,43.029701],[-123.303135,43.030994],[-123.304764,43.031755],[-123.306417,43.03134],[-123.307521,43.030667],[-123.308864,43.030474],[-123.309806,43.030607],[-123.310811,43.030402],[-123.31156,43.030088],[-123.313292,43.030057],[-123.314455,43.030482],[-123.317682,43.030888],[-123.32211,43.032523],[-123.324575,43.033512],[-123.326224,43.034248],[-123.327238,43.034818],[-123.328462,43.035282],[-123.329193,43.035438],[-123.330394,43.036286],[-123.330691,43.036874],[-123.331922,43.038369],[-123.332047,43.038631],[-123.331838,43.039896],[-123.332213,43.04151],[-123.332064,43.042894],[-123.330889,43.043795],[-123.330218,43.044593],[-123.329849,43.045276],[-123.328824,43.048018],[-123.328872,43.048678],[-123.329568,43.050282],[-123.329541,43.050661],[-123.32988,43.051458],[-123.330378,43.052209],[-123.331368,43.054074],[-123.332256,43.055444],[-123.333453,43.057127],[-123.334303,43.057804],[-123.335884,43.058678],[-123.336597,43.058937],[-123.339727,43.060888],[-123.340484,43.061465],[-123.342203,43.063183],[-123.342541,43.063769],[-123.344603,43.064646],[-123.346116,43.064563],[-123.347805,43.064004],[-123.349386,43.063908],[-123.350738,43.063609],[-123.352906,43.06333],[-123.354254,43.062604],[-123.355137,43.062624],[-123.356026,43.06329],[-123.357181,43.063683],[-123.358094,43.064121],[-123.362263,43.064248],[-123.367039,43.064504],[-123.368983,43.064659],[-123.370318,43.064954],[-123.37132,43.065897],[-123.371591,43.066868],[-123.37131,43.068038],[-123.370987,43.069999],[-123.370917,43.070999],[-123.371113,43.072018],[-123.371471,43.07303],[-123.370281,43.073887],[-123.368775,43.075436],[-123.368373,43.075739],[-123.367719,43.077066],[-123.367359,43.078575],[-123.367567,43.079011],[-123.368213,43.081084],[-123.368074,43.081799],[-123.369181,43.083841],[-123.37038,43.086283],[-123.370791,43.087517],[-123.37144,43.088645],[-123.372946,43.09036],[-123.374026,43.091279],[-123.375035,43.091787],[-123.376542,43.092292],[-123.378416,43.092427],[-123.379087,43.09228],[-123.380419,43.091759],[-123.381547,43.091199],[-123.383244,43.089861],[-123.383558,43.089224],[-123.383948,43.086567],[-123.383903,43.085235],[-123.384058,43.084569],[-123.385002,43.083006],[-123.386778,43.080564],[-123.387077,43.079699],[-123.387656,43.079302],[-123.388833,43.079127],[-123.390345,43.079365],[-123.392175,43.079089],[-123.394404,43.078892],[-123.395539,43.078915],[-123.397849,43.078691],[-123.398948,43.078952],[-123.40072,43.079884],[-123.401351,43.080343],[-123.404197,43.081674],[-123.407659,43.082369],[-123.410079,43.082578],[-123.411717,43.082848],[-123.412958,43.083391],[-123.413686,43.083947],[-123.414244,43.084769],[-123.415429,43.086045],[-123.416347,43.086653],[-123.4175,43.087118],[-123.418984,43.088087],[-123.423904,43.091657],[-123.424572,43.092007],[-123.42664,43.093488],[-123.427266,43.094127],[-123.428035,43.095321],[-123.428681,43.096013],[-123.429738,43.097626],[-123.43036,43.098363],[-123.431933,43.100455],[-123.433418,43.102079],[-123.435227,43.103338],[-123.436385,43.103822],[-123.437213,43.103822],[-123.437764,43.104209],[-123.438328,43.104891],[-123.43886,43.106561],[-123.438654,43.107126],[-123.438101,43.109331],[-123.437469,43.11046],[-123.436258,43.112846]]},"properties":{"OBJECTID":14,"fhdFtrID":14,"fhdRefID":53585,"fhdRevDt":"20190315","fhdONm":"Wayne Wood","fhdOEnt":"OSU","fhdSpNm":"AS","fhdRun":"Unknown","fhdLifeHst":"Anadromous","fhdUseTy":"Unknown","fhdBasis":"DownstreamDocObsFish","fhdStNm":"South Umpqua River","fhdGenus":"Alosa","fhdSp":"sapidissima","fhdSubSp":null,"fhdOrig":"NonNative","fhdProd":"Natural","fhdComment":null,"fhdESH":"NA","fhdBasisD":null,"fhdNMF":"no","fhdBasisDt":null,"fhdBasisNm":null,"fhdBasisEnt":null,"fhdBasisPrj":null,"fhdBasisMethod":null,"fhdAccess":null,"fhdBarrierFtrID":null,"fhdEndExtent":null,"Shape__Length":35451.71889934986,"habitatType":"stream"},"id":14},
{"type":"Feature","geometry":{"type":"LineString","coordinates":[[-123.346679,42.973061],[-123.347086,42.974022],[-123.347207,42.974798],[-123.347913,42.976075],[-123.348903,42.977352],[-123.349278,42.978195],[-123.349318,42.97869],[-123.349027,42.979339],[-123.347487,42.981491],[-123.346868,42.982199],[-123.346035,42.982815],[-123.345263,42.983224],[-123.343933,42.984156],[-123.343262,42.984873],[-123.342241,42.986416],[-123.341676,42.987905],[-123.341223,42.988681],[-123.339799,42.989791],[-123.336895,42.991587],[-123.335423,42.992591],[-123.334168,42.993062],[-123.332333,42.99331],[-123.331569,42.993283],[-123.330807,42.993049],[-123.329229,42.992834],[-123.326315,42.992817],[-123.322315,42.993151],[-123.32009,42.993749],[-123.317797,42.99419]]},"properties":{"OBJECTID":15,"fhdFtrID":15,"fhdRefID":53585,"fhdRevDt":"20190315","fhdONm":"Wayne Wood","fhdOEnt":"OSU","fhdSpNm":"AS","fhdRun":"Unknown","fhdLifeHst":"Anadromous","fhdUseTy":"Unknown","fhdBasis":"DocObsFish","fhdStNm":"South Umpqua River","fhdGenus":"Alosa","fhdSp":"sapidissima","fhdSubSp":null,"fhdOrig":"NonNative","fhdProd":"Natural","fhdComment":null,"fhdESH":"NA","fhdBasisD":null,"fhdNMF":"no","fhdBasisDt":null,"fhdBasisNm":null,"fhdBasisEnt":null,"fhdBasisPrj":null,"fhdBasisMethod":null,"fhdAccess":null,"fhdBarrierFtrID":null,"fhdEndExtent":null,"Shape__Length":5658.409250258327,"habitatType":"stream"},"id":15},
{"type":"Feature","geometry":{"type":"LineString","coordinates":[[-122.665156,43.067048],[-122.665815,43.066054],[-122.667143,43.065297],[-122.668156,43.064164],[-122.668165,43.063658],[-122.668811,43.063053],[-122.668809,43.062603],[-122.669252,43.061477],[-122.670515,43.061298],[-122.672546,43.060479],[-122.674561,43.059162],[-122.675968,43.058716],[-122.676024,43.058452],[-122.676978,43.05788],[-122.678113,43.057663],[-122.679949,43.056436],[-122.681499,43.055545],[-122.681985,43.055446],[-122.683484,43.055453],[-122.685088,43.054774],[-122.68599,43.054579],[-122.687393,43.054595],[-122.689722,43.054101],[-122.691252,43.053521],[-122.692271,43.053254],[-122.693559,43.053073],[-122.695005,43.053153],[-122.696239,43.052961],[-122.698637,43.051862],[-122.699326,43.051338],[-122.700037,43.050427],[-122.69994,43.05017],[-122.699872,43.048541],[-122.700282,43.048105],[-122.701306,43.048085],[-122.702431,43.04841],[-122.702655,43.048761],[-122.703676,43.049298],[-122.704423,43.049494],[-122.706342,43.049477],[-122.707372,43.04936],[-122.708745,43.049659],[-122.709516,43.049611],[-122.709935,43.049778],[-122.711339,43.049626],[-122.711886,43.04943],[-122.713109,43.049705],[-122.714591,43.04938],[-122.716413,43.047932],[-122.717452,43.046914],[-122.71827,43.046697],[-122.72002,43.046625],[-122.72091,43.046822],[-122.721596,43.046614],[-122.723246,43.04709],[-122.72522,43.046867],[-122.72636,43.04648],[-122.727051,43.045736],[-122.727476,43.045631],[-122.730828,43.044075],[-122.732867,43.043895],[-122.733365,43.044432],[-122.734103,43.044924],[-122.734389,43.045497],[-122.735426,43.046257],[-122.736418,43.04679],[-122.73706,43.046876],[-122.738268,43.046592],[-122.739174,43.045953],[-122.738814,43.04536],[-122.739187,43.044428],[-122.739772,43.043368],[-122.740373,43.043763],[-122.742809,43.043574],[-122.744158,43.043833],[-122.745598,43.044288],[-122.747032,43.044558],[-122.748395,43.044386],[-122.751238,43.043797],[-122.752267,43.043365],[-122.75296,43.042469],[-122.753404,43.041656],[-122.754242,43.041151],[-122.755255,43.04087],[-122.756505,43.040981],[-122.757399,43.040646],[-122.758316,43.040593],[-122.759599,43.04106],[-122.76119,43.042145],[-122.762256,43.043363],[-122.762328,43.04371],[-122.763099,43.045027],[-122.763848,43.04558],[-122.765174,43.045884],[-122.765954,43.046387],[-122.766244,43.046968],[-122.765572,43.047456],[-122.763486,43.048388],[-122.762942,43.049352],[-122.763358,43.050018],[-122.764452,43.050424],[-122.765692,43.051214],[-122.766768,43.051616],[-122.768321,43.051933],[-122.770011,43.052457],[-122.772459,43.052722],[-122.775234,43.052728],[-122.776511,43.052881],[-122.777632,43.052861],[-122.778819,43.052584],[-122.780997,43.051931],[-122.782803,43.050863],[-122.783575,43.049923],[-122.783763,43.049401],[-122.784571,43.047926],[-122.785199,43.047267],[-122.785398,43.045436],[-122.786475,43.043814],[-122.786697,43.043328],[-122.78677,43.042448],[-122.787251,43.041425],[-122.787872,43.040863],[-122.788591,43.040608],[-122.792474,43.040144],[-122.793343,43.039998],[-122.794637,43.03961],[-122.796837,43.038592],[-122.798111,43.037487],[-122.799177,43.037137],[-122.800206,43.037384],[-122.801911,43.037463],[-122.804901,43.037152],[-122.807576,43.037268],[-122.808543,43.036866],[-122.809705,43.035865],[-122.810707,43.035586],[-122.81241,43.035435],[-122.813461,43.035149],[-122.814307,43.034637],[-122.814536,43.034259],[-122.813199,43.032369],[-122.813104,43.03179],[-122.813389,43.031575],[-122.813352,43.029945],[-122.813166,43.029292],[-122.812618,43.028183],[-122.81264,43.027512],[-122.813513,43.027334],[-122.814165,43.026192],[-122.814571,43.025854],[-122.815458,43.025688],[-122.816435,43.024964],[-122.817,43.024047],[-122.817077,43.023509],[-122.816595,43.022321],[-122.816114,43.021746],[-122.815961,43.02109],[-122.816277,43.020627],[-122.816346,43.019778],[-122.816771,43.019256],[-122.817824,43.019154],[-122.818728,43.018595],[-122.818843,43.018039],[-122.819436,43.016655],[-122.819812,43.016188],[-122.82008,43.015119],[-122.820494,43.014593],[-122.822078,43.013511],[-122.822441,43.013465],[-122.822963,43.013848],[-122.82369,43.014073],[-122.824649,43.013973],[-122.825771,43.013624],[-122.826395,43.013175],[-122.826383,43.012627],[-122.826673,43.011565],[-122.826333,43.010501],[-122.826635,43.009659],[-122.827235,43.009218],[-122.827563,43.008684],[-122.828017,43.008433],[-122.828874,43.00679],[-122.828629,43.006184],[-122.828835,43.005048],[-122.829336,43.004255],[-122.830463,43.003306],[-122.832395,43.003029],[-122.833061,43.003314],[-122.834465,43.003391],[-122.835784,43.002858],[-122.836519,43.002371],[-122.836883,43.001647],[-122.837661,43.000999],[-122.838576,43.000807],[-122.839252,43.000309],[-122.840506,43.000123],[-122.842422,42.999955],[-122.843141,42.999594],[-122.843596,42.999122],[-122.844873,42.998154],[-122.846439,42.99674],[-122.84727,42.9964],[-122.848056,42.996506],[-122.849664,42.996217],[-122.850472,42.995881],[-122.850768,42.995367],[-122.851794,42.994457],[-122.852002,42.993911],[-122.85196,42.992969],[-122.852189,42.99231],[-122.852669,42.991579],[-122.853616,42.990832],[-122.854072,42.990616],[-122.855097,42.989689],[-122.856168,42.989274],[-122.856845,42.988613],[-122.856096,42.98786],[-122.856076,42.987383],[-122.856509,42.98636],[-122.85699,42.985696],[-122.857433,42.985573],[-122.858548,42.984743],[-122.859546,42.984528],[-122.860184,42.98454],[-122.861102,42.984923],[-122.862702,42.984911],[-122.863634,42.984712],[-122.864205,42.984245],[-122.864291,42.983704],[-122.864698,42.982954],[-122.864972,42.981871],[-122.865645,42.981025],[-122.865909,42.979737],[-122.866139,42.979231],[-122.867276,42.97798],[-122.867474,42.977458],[-122.868797,42.976654],[-122.86949,42.976528],[-122.870216,42.976677],[-122.871628,42.976582],[-122.872317,42.975467],[-122.873077,42.975114],[-122.87429,42.974329],[-122.875015,42.973643],[-122.876003,42.972954],[-122.878043,42.970909],[-122.879131,42.97017],[-122.881076,42.969483],[-122.88298,42.969432],[-122.884892,42.968912],[-122.88677,42.967621],[-122.887006,42.967047],[-122.886514,42.966535],[-122.886041,42.965488],[-122.885937,42.964405],[-122.887244,42.963409],[-122.887416,42.963158],[-122.888717,42.96206],[-122.889723,42.960387],[-122.890194,42.959772],[-122.890786,42.959517],[-122.892523,42.957714],[-122.893616,42.957454],[-122.893943,42.957133],[-122.893976,42.956485],[-122.894504,42.956079],[-122.895715,42.95543],[-122.896668,42.954545],[-122.89897,42.953364],[-122.900096,42.952489],[-122.900655,42.952315],[-122.901736,42.95269],[-122.902162,42.952627],[-122.903254,42.95327],[-122.904203,42.953539],[-122.905571,42.953736],[-122.907309,42.95481],[-122.907806,42.955417],[-122.908741,42.95571],[-122.909139,42.955149],[-122.91102,42.954913],[-122.911912,42.954307],[-122.91416,42.953836],[-122.914457,42.952793],[-122.914803,42.952507],[-122.917499,42.951018],[-122.918602,42.950533],[-122.919547,42.950363],[-122.920684,42.950553],[-122.922102,42.950311],[-122.922798,42.950063],[-122.923195,42.949722],[-122.922905,42.948936],[-122.921411,42.946791],[-122.921224,42.946227],[-122.921853,42.945561],[-122.922572,42.945458],[-122.923418,42.944868],[-122.925826,42.943882],[-122.926718,42.943092],[-122.92778,42.942646],[-122.928881,42.942353],[-122.929594,42.942508],[-122.930483,42.942485],[-122.931591,42.942645],[-122.932221,42.942612],[-122.93315,42.942205],[-122.933892,42.941718],[-122.934793,42.940888],[-122.935083,42.940463],[-122.935135,42.939665],[-122.935866,42.938038],[-122.936312,42.936596],[-122.936923,42.935961],[-122.937603,42.935657],[-122.938791,42.93546],[-122.940642,42.934705],[-122.94319,42.933412],[-122.944492,42.933048],[-122.9457,42.932218],[-122.945803,42.931682],[-122.946279,42.931334],[-122.947532,42.929956],[-122.949293,42.928257],[-122.951012,42.927134],[-122.951822,42.926881],[-122.952525,42.927005],[-122.953034,42.927347],[-122.954981,42.927913],[-122.956803,42.928055],[-122.959637,42.928618],[-122.961772,42.929234],[-122.963766,42.929294],[-122.965789,42.928731],[-122.970396,42.928023],[-122.973185,42.927379],[-122.974961,42.927407],[-122.975744,42.92759],[-122.977795,42.927845],[-122.979012,42.928677],[-122.979725,42.928879],[-122.980666,42.929569],[-122.982688,42.930271],[-122.98504,42.931433],[-122.987412,42.932028],[-122.988194,42.932028],[-122.99028,42.931677],[-122.991534,42.931897],[-122.99221,42.932462],[-122.992033,42.932814],[-122.991989,42.933844],[-122.991657,42.934878],[-122.991843,42.936002],[-122.992409,42.937676],[-122.993404,42.937945],[-122.995069,42.937864],[-122.995999,42.93821],[-122.998088,42.938275],[-122.999087,42.938886],[-123.001083,42.93919],[-123.002637,42.93969],[-123.004556,42.941378],[-123.005188,42.942295],[-123.005896,42.943058],[-123.007406,42.944302],[-123.008466,42.944578],[-123.009346,42.944439],[-123.010322,42.943847],[-123.011246,42.943535],[-123.011514,42.943072],[-123.01128,42.942506],[-123.010358,42.941894],[-123.010082,42.941224],[-123.009821,42.93954],[-123.010543,42.938012],[-123.012242,42.937629],[-123.012936,42.937572],[-123.014108,42.937861],[-123.014877,42.93833],[-123.016376,42.938517],[-123.018743,42.939103],[-123.021165,42.939159],[-123.02464,42.939726],[-123.026265,42.939941],[-123.029632,42.93967],[-123.034147,42.939507],[-123.036071,42.939095],[-123.037123,42.938656],[-123.038011,42.937916],[-123.039117,42.935802],[-123.039195,42.935443],[-123.038206,42.933525],[-123.038995,42.932843],[-123.039306,42.932157],[-123.040407,42.931429],[-123.041166,42.93071],[-123.042198,42.930357],[-123.042741,42.930311],[-123.045764,42.930624],[-123.046939,42.930368],[-123.048683,42.929782],[-123.049677,42.929697],[-123.050504,42.9298],[-123.052169,42.929802],[-123.053486,42.929455],[-123.055399,42.929162],[-123.056134,42.928838],[-123.059584,42.929428],[-123.060221,42.929455],[-123.062441,42.930084],[-123.06437,42.931038],[-123.064812,42.931451],[-123.066611,42.932303],[-123.06789,42.933268],[-123.069382,42.934169],[-123.071098,42.934825],[-123.072985,42.934769],[-123.07427,42.934553],[-123.075762,42.934743],[-123.077308,42.935293],[-123.077749,42.935669],[-123.07873,42.9369],[-123.079212,42.937191],[-123.08312,42.938109],[-123.084354,42.938361],[-123.085879,42.938782],[-123.087718,42.939111],[-123.088847,42.939406],[-123.089135,42.93963],[-123.089305,42.940469],[-123.089987,42.940809],[-123.090759,42.940915],[-123.092889,42.940888],[-123.094307,42.940643],[-123.097475,42.941212],[-123.099913,42.941806],[-123.103603,42.942769],[-123.104749,42.942729],[-123.106464,42.941793],[-123.107784,42.940659],[-123.108396,42.939879],[-123.10859,42.938903],[-123.109326,42.938224],[-123.110568,42.937309],[-123.112298,42.935899],[-123.112858,42.935324],[-123.113834,42.934659],[-123.117069,42.932222],[-123.118098,42.931753],[-123.119036,42.931597],[-123.120596,42.931622],[-123.121679,42.931759],[-123.123071,42.93216],[-123.123581,42.932158],[-123.123592,42.93316],[-123.124253,42.934401],[-123.125124,42.934707],[-123.126286,42.934158],[-123.127615,42.933978],[-123.128897,42.934246],[-123.129543,42.934224],[-123.130187,42.934625],[-123.131198,42.934955],[-123.132119,42.935049],[-123.133269,42.935431],[-123.133973,42.936028],[-123.134152,42.936529],[-123.134154,42.937522],[-123.133426,42.938446],[-123.131258,42.939393],[-123.130033,42.939652],[-123.129417,42.940804],[-123.129927,42.941676],[-123.129906,42.942266],[-123.131215,42.943476],[-123.131728,42.943748],[-123.132424,42.945436],[-123.134963,42.948588],[-123.136738,42.950672],[-123.137998,42.951838],[-123.141016,42.954155],[-123.143088,42.954604],[-123.144564,42.95511],[-123.145554,42.955136],[-123.146748,42.955024],[-123.14794,42.954515],[-123.149886,42.953161],[-123.150285,42.951597],[-123.150494,42.951363],[-123.151692,42.95073],[-123.152368,42.950588],[-123.154304,42.950469],[-123.155514,42.949968],[-123.156246,42.949826],[-123.158156,42.948635],[-123.15946,42.948255],[-123.162181,42.947954],[-123.164634,42.947843],[-123.166703,42.947596],[-123.168888,42.947788],[-123.170172,42.948023],[-123.171275,42.947995],[-123.172962,42.948185],[-123.173859,42.948616],[-123.173277,42.949819],[-123.173542,42.95088],[-123.174303,42.951936],[-123.174927,42.953388],[-123.175233,42.954597],[-123.175326,42.95634],[-123.175783,42.957142],[-123.176426,42.958995],[-123.175987,42.959766],[-123.171604,42.960421],[-123.170438,42.96051],[-123.169575,42.960897],[-123.168566,42.96172],[-123.166666,42.962824],[-123.166073,42.963323],[-123.166181,42.964674],[-123.167039,42.966963],[-123.167779,42.968286],[-123.169191,42.970187],[-123.170844,42.97191],[-123.171815,42.972719],[-123.173732,42.973082],[-123.175861,42.97394],[-123.178474,42.975191],[-123.179791,42.975663],[-123.180595,42.975831],[-123.183057,42.976622],[-123.184622,42.976894],[-123.186068,42.976948],[-123.187392,42.976858],[-123.189368,42.976479],[-123.191048,42.975997],[-123.195434,42.974881],[-123.196789,42.974633],[-123.198239,42.974544],[-123.201404,42.973896],[-123.203244,42.973196],[-123.20515,42.972642],[-123.206515,42.972136],[-123.208483,42.971616],[-123.209576,42.971399],[-123.2117,42.971256],[-123.217226,42.97122],[-123.221301,42.970609],[-123.221914,42.970107],[-123.224671,42.968071],[-123.227032,42.96653],[-123.227758,42.96634],[-123.228438,42.965833],[-123.22904,42.964909],[-123.23015,42.963862],[-123.23144,42.961855],[-123.232687,42.960549],[-123.233463,42.959588],[-123.234442,42.957628],[-123.235078,42.955247],[-123.236232,42.953151],[-123.236794,42.951975],[-123.237793,42.950879],[-123.238788,42.950225],[-123.240625,42.949724],[-123.241361,42.949751],[-123.242652,42.95016],[-123.244134,42.949464],[-123.244853,42.948988],[-123.2456,42.948044],[-123.24746,42.946361],[-123.248026,42.945943],[-123.249726,42.944934],[-123.251064,42.944383],[-123.254071,42.943479],[-123.255766,42.942914],[-123.257917,42.942441],[-123.260699,42.941724],[-123.261372,42.941462],[-123.262849,42.940542],[-123.264401,42.940431],[-123.267496,42.939883],[-123.268348,42.939802],[-123.269176,42.939887],[-123.270012,42.94022],[-123.275028,42.941008],[-123.279094,42.941885],[-123.280418,42.942207],[-123.282941,42.943163],[-123.286531,42.943785],[-123.289413,42.944563],[-123.290566,42.945396],[-123.29082,42.946253],[-123.290715,42.947107],[-123.291006,42.947652],[-123.291735,42.947878],[-123.293556,42.948215],[-123.295573,42.948492],[-123.297201,42.948787],[-123.298658,42.949527],[-123.299202,42.95031],[-123.300441,42.950613],[-123.301574,42.950658],[-123.305494,42.950995],[-123.308449,42.951428],[-123.312056,42.952093],[-123.313212,42.952464],[-123.317056,42.952697],[-123.319759,42.952663],[-123.322285,42.952445],[-123.323173,42.951784],[-123.324681,42.951396],[-123.325074,42.950646],[-123.325078,42.949913],[-123.324664,42.948829],[-123.324009,42.947947],[-123.323764,42.946305],[-123.323371,42.945707],[-123.323324,42.945209],[-123.323786,42.944422],[-123.325204,42.943573],[-123.327041,42.943265],[-123.32811,42.942994],[-123.329025,42.942939],[-123.329835,42.94311],[-123.330634,42.943586],[-123.330612,42.945011],[-123.330968,42.945409],[-123.333475,42.946428],[-123.335365,42.947088],[-123.336979,42.947918],[-123.337794,42.948106],[-123.338118,42.948421],[-123.338307,42.949137],[-123.337794,42.950385],[-123.337208,42.951259],[-123.336313,42.951953],[-123.335266,42.952329],[-123.333693,42.953265],[-123.332444,42.953673],[-123.330798,42.954068],[-123.32954,42.954453],[-123.329014,42.954813],[-123.328217,42.955911],[-123.327235,42.956616],[-123.325857,42.958408],[-123.325564,42.959684],[-123.3259,42.960587],[-123.326776,42.96152],[-123.327843,42.961957],[-123.328975,42.962035],[-123.331242,42.961496],[-123.334896,42.961047],[-123.336264,42.961209],[-123.336908,42.961428],[-123.338517,42.962299],[-123.339681,42.963787],[-123.340833,42.964849],[-123.341512,42.965616],[-123.342554,42.966997],[-123.343651,42.968806],[-123.345125,42.970897],[-123.346117,42.972072],[-123.346679,42.973061]]},"properties":{"OBJECTID":16,"fhdFtrID":16,"fhdRefID":53585,"fhdRevDt":"20190315","fhdONm":"Wayne Wood","fhdOEnt":"OSU","fhdSpNm":"AS","fhdRun":"Unknown","fhdLifeHst":"Anadromous","fhdUseTy":"Unknown","fhdBasis":"DownstreamDocObsFish","fhdStNm":"South Umpqua River","fhdGenus":"Alosa","fhdSp":"sapidissima","fhdSubSp":null,"fhdOrig":"NonNative","fhdProd":"Natural","fhdComment":null,"fhdESH":"NA","fhdBasisD":null,"fhdNMF":"no","fhdBasisDt":null,"fhdBasisNm":null,"fhdBasisEnt":null,"fhdBasisPrj":null,"fhdBasisMethod":null,"fhdAccess":null,"fhdBarrierFtrID":null,"fhdEndExtent":null,"Shape__Length":119496.43056360037,"habitatType":"stream"},"id":16},
{"type":"Feature","geometry":{"type":"LineString","coordinates":[[-122.660233,43.074192],[-122.661107,43.073899],[-122.661504,43.073392],[-122.663102,43.072481],[-122.663521,43.070827],[-122.663549,43.070072],[-122.663843,43.069363],[-122.664429,43.068898],[-122.665532,43.068614],[-122.665684,43.068197],[-122.665156,43.067048]]},"properties":{"OBJECTID":17,"fhdFtrID":17,"fhdRefID":53585,"fhdRevDt":"20190315","fhdONm":"Wayne Wood","fhdOEnt":"OSU","fhdSpNm":"AS","fhdRun":"Unknown","fhdLifeHst":"Anadromous","fhdUseTy":"Unknown","fhdBasis":"DocObsFish","fhdStNm":"South Umpqua River","fhdGenus":"Alosa","fhdSp":"sapidissima","fhdSubSp":null,"fhdOrig":"NonNative","fhdProd":"Natural","fhdComment":null,"fhdESH":"NA","fhdBasisD":null,"fhdNMF":"no","fhdBasisDt":null,"fhdBasisNm":null,"fhdBasisEnt":null,"fhdBasisPrj":null,"fhdBasisMethod":null,"fhdAccess":null,"fhdBarrierFtrID":null,"fhdEndExtent":null,"Shape__Length":1568.973856304343,"habitatType":"stream"},"id":17},
{"type":"Feature","geometry":{"type":"LineString","coordinates":[[-124.348937,43.35659],[-124.336326,43.353357],[-124.335249,43.353126],[-124.333961,43.352574],[-124.328783,43.353279],[-124.326606,43.353707],[-124.323822,43.354528],[-124.322394,43.355206],[-124.320574,43.356991],[-124.320003,43.357848],[-124.319182,43.359525],[-124.31804,43.362095],[-124.316505,43.364272],[-124.314047,43.36625],[-124.312155,43.367347],[-124.311132,43.36838],[-124.305524,43.372612],[-124.303781,43.373868],[-124.301679,43.375505],[-124.30008,43.376599],[-124.299069,43.377578],[-124.298049,43.378128],[-124.296565,43.379408],[-124.292865,43.382192],[-124.292645,43.382671],[-124.290422,43.384842],[-124.287572,43.389578],[-124.28624,43.391494],[-124.284713,43.393913],[-124.284057,43.395322],[-124.282948,43.396793],[-124.282374,43.3977],[-124.281335,43.399655],[-124.280098,43.40122],[-124.279779,43.402375],[-124.278605,43.40524],[-124.278424,43.406443],[-124.277782,43.408552],[-124.277693,43.410854],[-124.277048,43.412813],[-124.276669,43.414368],[-124.276008,43.415577],[-124.274796,43.416691],[-124.274096,43.4177],[-124.272946,43.418513],[-124.271938,43.419525],[-124.269976,43.420898],[-124.268281,43.421917],[-124.266438,43.422438],[-124.262671,43.42283],[-124.259458,43.423516],[-124.256441,43.423699],[-124.254662,43.423969],[-124.252744,43.42414],[-124.251515,43.424504],[-124.250558,43.424664],[-124.246654,43.425157],[-124.245248,43.425124],[-124.241041,43.425969],[-124.239274,43.426168],[-124.237073,43.426545],[-124.235823,43.426585],[-124.23193,43.427278],[-124.230704,43.427372],[-124.227562,43.427872],[-124.225985,43.427694],[-124.224451,43.427277],[-124.219827,43.425862],[-124.218587,43.425224],[-124.216611,43.423211],[-124.216092,43.421454],[-124.216252,43.420151],[-124.216718,43.419224],[-124.216811,43.418301],[-124.217297,43.415638],[-124.217892,43.413787],[-124.218652,43.410878],[-124.219172,43.40713],[-124.219136,43.40534],[-124.21874,43.404151],[-124.217443,43.400667],[-124.216745,43.399237],[-124.216352,43.398156],[-124.21587,43.396372],[-124.216193,43.395799],[-124.216426,43.39444],[-124.217058,43.392562],[-124.21742,43.39207],[-124.217371,43.391474],[-124.218047,43.389948],[-124.218608,43.388261],[-124.218672,43.387745],[-124.219301,43.385759],[-124.219128,43.384513],[-124.218502,43.382974],[-124.217278,43.381252],[-124.215647,43.379669],[-124.215,43.378916],[-124.212779,43.37753],[-124.210373,43.375662],[-124.205748,43.375323],[-124.203799,43.375141],[-124.202409,43.375088],[-124.200544,43.374432],[-124.199062,43.374447],[-124.197019,43.374199],[-124.19035,43.374133],[-124.188035,43.374157],[-124.187136,43.37423]]},"properties":{"OBJECTID":18,"fhdFtrID":18,"fhdRefID":53585,"fhdRevDt":"20190315","fhdONm":"Wayne Wood","fhdOEnt":"OSU","fhdSpNm":"AS","fhdRun":"Unknown","fhdLifeHst":"Anadromous","fhdUseTy":"Unknown","fhdBasis":"DocObsFish","fhdStNm":"Coos Bay","fhdGenus":"Alosa","fhdSp":"sapidissima","fhdSubSp":null,"fhdOrig":"NonNative","fhdProd":"Natural","fhdComment":null,"fhdESH":"NA","fhdBasisD":null,"fhdNMF":"no","fhdBasisDt":null,"fhdBasisNm":null,"fhdBasisEnt":null,"fhdBasisPrj":null,"fhdBasisMethod":null,"fhdAccess":null,"fhdBarrierFtrID":null,"fhdEndExtent":null,"Shape__Length":31829.983242578466,"habitatType":"stream"},"id":18},
{"type":"Feature","geometry":{"type":"LineString","coordinates":[[-122.621764,45.381461],[-122.622602,45.383294],[-122.623018,45.38505],[-122.622997,45.385801],[-122.623234,45.38727],[-122.623626,45.388008],[-122.624707,45.38954],[-122.626166,45.390876],[-122.627418,45.391729],[-122.628458,45.392899],[-122.628781,45.393471],[-122.629356,45.394029]]},"properties":{"OBJECTID":19,"fhdFtrID":19,"fhdRefID":53710,"fhdRevDt":"20190315","fhdONm":"Stan Gregory","fhdOEnt":"OSU","fhdSpNm":"AS","fhdRun":"Unknown","fhdLifeHst":"Anadromous","fhdUseTy":"Unknown","fhdBasis":"DocObsFish","fhdStNm":"Willamette River","fhdGenus":"Alosa","fhdSp":"sapidissima","fhdSubSp":null,"fhdOrig":"NonNative","fhdProd":"Natural","fhdComment":null,"fhdESH":"NA","fhdBasisD":null,"fhdNMF":"no","fhdBasisDt":"20130530","fhdBasisNm":"Randy Wildman, Stan Gregory","fhdBasisEnt":"OSU","fhdBasisPrj":null,"fhdBasisMethod":"Boat electrofisher","fhdAccess":null,"fhdBarrierFtrID":null,"fhdEndExtent":null,"Shape__Length":2225.9454467057903,"habitatType":"stream"},"id":19},
{"type":"Feature","geometry":{"type":"LineString","coordinates":[[-124.081752,44.610235],[-124.065182,44.616666],[-124.063132,44.617737],[-124.058722,44.620357],[-124.057633,44.621236],[-124.055897,44.623043],[-124.054717,44.624959],[-124.053611,44.626083],[-124.05199,44.627522],[-124.050233,44.627999],[-124.049013,44.628207],[-124.047943,44.628237],[-124.045771,44.62791],[-124.044582,44.627612],[-124.042411,44.626726],[-124.039552,44.625221],[-124.03924,44.624846],[-124.037345,44.624028],[-124.032841,44.622372]]},"properties":{"OBJECTID":20,"fhdFtrID":20,"fhdRefID":53585,"fhdRevDt":"20190315","fhdONm":"Wayne Wood","fhdOEnt":"OSU","fhdSpNm":"AS","fhdRun":"Unknown","fhdLifeHst":"Anadromous","fhdUseTy":"Unknown","fhdBasis":"DocObsFish","fhdStNm":"Yaquina Bay","fhdGenus":"Alosa","fhdSp":"sapidissima","fhdSubSp":null,"fhdOrig":"NonNative","fhdProd":"Natural","fhdComment":null,"fhdESH":"NA","fhdBasisD":null,"fhdNMF":"no","fhdBasisDt":null,"fhdBasisNm":null,"fhdBasisEnt":null,"fhdBasisPrj":null,"fhdBasisMethod":null,"fhdAccess":null,"fhdBarrierFtrID":null,"fhdEndExtent":null,"Shape__Length":6791.492291389633,"habitatType":"stream"},"id":20},
{"type":"Feature","geometry":{"type":"LineString","coordinates":[[-123.928898,44.396037],[-123.930039,44.395501],[-123.932065,44.395437],[-123.933978,44.395194],[-123.935727,44.395123],[-123.937576,44.395187],[-123.938561,44.39538],[-123.93981,44.395908],[-123.940295,44.396315],[-123.941181,44.397443],[-123.941766,44.399199],[-123.942151,44.401562],[-123.94228,44.403161],[-123.942665,44.404938],[-123.943115,44.405838],[-123.943496,44.406218],[-123.944626,44.406659],[-123.948338,44.406599],[-123.951907,44.406623],[-123.952954,44.406718],[-123.955274,44.407301],[-123.956999,44.408074],[-123.958415,44.408812],[-123.961984,44.410823],[-123.963186,44.411417],[-123.966231,44.413404],[-123.968028,44.414213],[-123.969313,44.414392],[-123.970645,44.414368],[-123.974167,44.414142],[-123.978914,44.413963],[-123.982816,44.413845],[-123.986148,44.413583],[-123.988556,44.413344],[-123.990002,44.413285],[-123.994464,44.413285],[-123.996248,44.41344],[-123.998759,44.413833],[-124.000805,44.414261],[-124.005076,44.415474],[-124.006985,44.415825],[-124.0095,44.416215],[-124.012394,44.416748],[-124.014412,44.416977],[-124.016677,44.41711],[-124.021379,44.417262],[-124.023663,44.417395],[-124.02747,44.418005],[-124.030249,44.418538],[-124.031982,44.418975],[-124.034685,44.41987],[-124.036664,44.420936],[-124.037826,44.421774],[-124.040491,44.423982],[-124.041842,44.425314],[-124.042889,44.42659],[-124.044145,44.428398],[-124.045573,44.430016],[-124.046958,44.431353],[-124.049171,44.432829],[-124.050384,44.433328],[-124.051812,44.433614],[-124.053525,44.433638],[-124.055191,44.433923],[-124.056476,44.434589],[-124.058237,44.43566],[-124.058974,44.435993],[-124.060521,44.43635],[-124.061877,44.43635],[-124.0634,44.436207],[-124.064994,44.435922],[-124.066707,44.435351],[-124.068087,44.434756],[-124.073477,44.431984],[-124.074369,44.431413],[-124.075761,44.430199],[-124.076582,44.429307],[-124.07701,44.428486],[-124.077118,44.427344],[-124.076796,44.424846],[-124.076689,44.422883],[-124.076903,44.422133],[-124.077424,44.421641]]},"properties":{"OBJECTID":21,"fhdFtrID":21,"fhdRefID":53585,"fhdRevDt":"20190315","fhdONm":"Wayne Wood","fhdOEnt":"OSU","fhdSpNm":"AS","fhdRun":"Unknown","fhdLifeHst":"Anadromous","fhdUseTy":"Unknown","fhdBasis":"DownstreamDocObsFish","fhdStNm":"Alsea River","fhdGenus":"Alosa","fhdSp":"sapidissima","fhdSubSp":null,"fhdOrig":"NonNative","fhdProd":"Natural","fhdComment":null,"fhdESH":"NA","fhdBasisD":null,"fhdNMF":"no","fhdBasisDt":null,"fhdBasisNm":null,"fhdBasisEnt":null,"fhdBasisPrj":null,"fhdBasisMethod":null,"fhdAccess":null,"fhdBarrierFtrID":null,"fhdEndExtent":null,"Shape__Length":21114.083574073615,"habitatType":"stream"},"id":21},
{"type":"Feature","geometry":{"type":"LineString","coordinates":[[-123.917729,44.402123],[-123.919292,44.401971],[-123.921366,44.401958],[-123.923222,44.40139],[-123.924288,44.400488],[-123.925073,44.399338],[-123.926526,44.397582],[-123.927065,44.397154],[-123.928898,44.396037]]},"properties":{"OBJECTID":22,"fhdFtrID":22,"fhdRefID":53585,"fhdRevDt":"20190315","fhdONm":"Wayne Wood","fhdOEnt":"OSU","fhdSpNm":"AS","fhdRun":"Unknown","fhdLifeHst":"Anadromous","fhdUseTy":"Unknown","fhdBasis":"DocObsFish","fhdStNm":"Alsea River","fhdGenus":"Alosa","fhdSp":"sapidissima","fhdSubSp":null,"fhdOrig":"NonNative","fhdProd":"Natural","fhdComment":null,"fhdESH":"NA","fhdBasisD":null,"fhdNMF":"no","fhdBasisDt":null,"fhdBasisNm":null,"fhdBasisEnt":null,"fhdBasisPrj":null,"fhdBasisMethod":null,"fhdAccess":null,"fhdBarrierFtrID":null,"fhdEndExtent":null,"Shape__Length":1692.164850146292,"habitatType":"stream"},"id":22},
{"type":"Feature","geometry":{"type":"LineString","coordinates":[[-122.663277,45.321321],[-122.661732,45.325744],[-122.660302,45.328501],[-122.659332,45.329908],[-122.654612,45.334109],[-122.653804,45.334754],[-122.649729,45.337523],[-122.647314,45.337975],[-122.645125,45.339021],[-122.641126,45.341601],[-122.637438,45.343534],[-122.635286,45.344607],[-122.632521,45.345894],[-122.629758,45.34675],[-122.627877,45.347392],[-122.626417,45.348197],[-122.624842,45.348894],[-122.623787,45.350829],[-122.622797,45.3518],[-122.618945,45.354491],[-122.618522,45.354706],[-122.616023,45.356395],[-122.612756,45.357765],[-122.611952,45.357762],[-122.610759,45.358568],[-122.608567,45.35983],[-122.60691,45.361282],[-122.605596,45.362925],[-122.604941,45.363463],[-122.604089,45.364864],[-122.60397,45.36535],[-122.604377,45.367512],[-122.605242,45.369756],[-122.607392,45.371639],[-122.608312,45.372258],[-122.609578,45.372672],[-122.614415,45.374852],[-122.615473,45.37482],[-122.616823,45.374436],[-122.61728,45.375045],[-122.619749,45.377236],[-122.620428,45.378113],[-122.620794,45.379325],[-122.621482,45.380345],[-122.621764,45.381461]]},"properties":{"OBJECTID":23,"fhdFtrID":23,"fhdRefID":53710,"fhdRevDt":"20190315","fhdONm":"Stan Gregory","fhdOEnt":"OSU","fhdSpNm":"AS","fhdRun":"Unknown","fhdLifeHst":"Anadromous","fhdUseTy":"Unknown","fhdBasis":"DownstreamDocObsFish","fhdStNm":"Willamette River","fhdGenus":"Alosa","fhdSp":"sapidissima","fhdSubSp":null,"fhdOrig":"NonNative","fhdProd":"Natural","fhdComment":null,"fhdESH":"NA","fhdBasisD":null,"fhdNMF":"no","fhdBasisDt":null,"fhdBasisNm":null,"fhdBasisEnt":"OSU","fhdBasisPrj":null,"fhdBasisMethod":null,"fhdAccess":null,"fhdBarrierFtrID":null,"fhdEndExtent":null,"Shape__Length":13579.589274646518,"habitatType":"stream"},"id":23},
{"type":"Feature","geometry":{"type":"LineString","coordinates":[[-122.664346,45.310946],[-122.664077,45.311739],[-122.663968,45.312924],[-122.664279,45.313753],[-122.66533,45.315379],[-122.665926,45.317593],[-122.666058,45.318648],[-122.665302,45.319493],[-122.663277,45.321321]]},"properties":{"OBJECTID":24,"fhdFtrID":24,"fhdRefID":53710,"fhdRevDt":"20190315","fhdONm":"Stan Gregory","fhdOEnt":"OSU","fhdSpNm":"AS","fhdRun":"Unknown","fhdLifeHst":"Anadromous","fhdUseTy":"Unknown","fhdBasis":"DocObsFish","fhdStNm":"Willamette River","fhdGenus":"Alosa","fhdSp":"sapidissima","fhdSubSp":null,"fhdOrig":"NonNative","fhdProd":"Natural","fhdComment":null,"fhdESH":"NA","fhdBasisD":null,"fhdNMF":"no","fhdBasisDt":"20020903","fhdBasisNm":"Randy Wildman, Stan Gregory","fhdBasisEnt":"OSU","fhdBasisPrj":null,"fhdBasisMethod":"Backpack electrofisher","fhdAccess":null,"fhdBarrierFtrID":null,"fhdEndExtent":null,"Shape__Length":1789.1269564852669,"habitatType":"stream"},"id":24},
{"type":"Feature","geometry":{"type":"LineString","coordinates":[[-119.316503,45.934992],[-119.318884,45.934126],[-119.324221,45.932024],[-119.328944,45.931283],[-119.339687,45.92696],[-119.341235,45.926679],[-119.359354,45.922297],[-119.367762,45.921629],[-119.374072,45.921494],[-119.38242,45.920929],[-119.391528,45.919946],[-119.400527,45.918221],[-119.414655,45.917166],[-119.423833,45.919082],[-119.436075,45.919373],[-119.448954,45.918704],[-119.455845,45.917227],[-119.472044,45.912962],[-119.48696,45.907703],[-119.495261,45.905171],[-119.50346,45.903686],[-119.512282,45.904041],[-119.521534,45.905487],[-119.533489,45.908435],[-119.542562,45.91153],[-119.553159,45.916336],[-119.5606,45.920981],[-119.572395,45.924562],[-119.57447,45.925362],[-119.576285,45.924424],[-119.580889,45.923261],[-119.590962,45.921454],[-119.599321,45.919006],[-119.604114,45.918555],[-119.605394,45.918938],[-119.605268,45.91754],[-119.606869,45.915241],[-119.615984,45.90853],[-119.626148,45.901073],[-119.630485,45.895852],[-119.644526,45.878797],[-119.656999,45.865399],[-119.667151,45.857444],[-119.67058,45.856934],[-119.675549,45.855629],[-119.686866,45.855904],[-119.698307,45.853298],[-119.708453,45.850724],[-119.713514,45.84899],[-119.721455,45.848621],[-119.728008,45.849172],[-119.733595,45.849949],[-119.741325,45.850301],[-119.774949,45.849431],[-119.787112,45.850498],[-119.801535,45.849875],[-119.834763,45.843269],[-119.843762,45.841858],[-119.859042,45.838754],[-119.868916,45.835092],[-119.882082,45.83159],[-119.900785,45.82676],[-119.909107,45.82605],[-119.916009,45.827016],[-119.93539,45.826568],[-119.943076,45.826162],[-119.950731,45.824461],[-119.961232,45.822776],[-119.96658,45.821798],[-119.973638,45.821884],[-119.978077,45.821657],[-119.98297,45.821315],[-119.987729,45.820069],[-119.990402,45.818335],[-119.995425,45.814878],[-120.005181,45.810298],[-120.014853,45.805883],[-120.020577,45.804345],[-120.026436,45.801419],[-120.034332,45.798592],[-120.040142,45.794843],[-120.050459,45.790157],[-120.058165,45.788079],[-120.06398,45.787164],[-120.070446,45.786648],[-120.073127,45.786209],[-120.081497,45.784464],[-120.087406,45.783306],[-120.093674,45.781578],[-120.103133,45.780226],[-120.108109,45.77989],[-120.114864,45.778949],[-120.118654,45.776814],[-120.122955,45.775699],[-120.126537,45.775157],[-120.12801,45.774796],[-120.131027,45.77449],[-120.134624,45.774344],[-120.13598,45.774756],[-120.13728,45.775014],[-120.139513,45.775591],[-120.141926,45.775976],[-120.14597,45.775253],[-120.150689,45.77429],[-120.155022,45.773754],[-120.159356,45.772445],[-120.163306,45.770822],[-120.164201,45.768805],[-120.167023,45.765965],[-120.169296,45.762532],[-120.17587,45.758426],[-120.178315,45.756068],[-120.179223,45.755558],[-120.182702,45.753447],[-120.185782,45.746182],[-120.19204,45.736383],[-120.209453,45.725288],[-120.232847,45.723385],[-120.241763,45.722339],[-120.247579,45.721432],[-120.249247,45.720937],[-120.254373,45.720403],[-120.265076,45.719701],[-120.273734,45.720385],[-120.278987,45.720683],[-120.284906,45.72041],[-120.286652,45.720115],[-120.289299,45.719441],[-120.290473,45.718964],[-120.295414,45.717583],[-120.297645,45.717073],[-120.298467,45.716701],[-120.300417,45.716153],[-120.303564,45.715616],[-120.305506,45.714963],[-120.3211,45.712134],[-120.322289,45.712002],[-120.323056,45.711783],[-120.325922,45.711251],[-120.333365,45.709352],[-120.336371,45.708771],[-120.342054,45.708056],[-120.351642,45.70773],[-120.3541,45.707406],[-120.355281,45.707175],[-120.356886,45.706731],[-120.358474,45.706094],[-120.359632,45.705364],[-120.360594,45.704991],[-120.363694,45.704847],[-120.375543,45.703262],[-120.381031,45.701764],[-120.382989,45.700268],[-120.400051,45.699612],[-120.408919,45.69905],[-120.41061,45.699001],[-120.425433,45.697616],[-120.432344,45.697458],[-120.449617,45.696888],[-120.452074,45.696514],[-120.452849,45.696492],[-120.455158,45.696174],[-120.459931,45.695685],[-120.464588,45.695591],[-120.469745,45.694213],[-120.480011,45.692801],[-120.48999,45.693148],[-120.493082,45.693942],[-120.498883,45.696407],[-120.501566,45.698937],[-120.514387,45.706024],[-120.52913,45.714157],[-120.530186,45.715216],[-120.531078,45.71588],[-120.532346,45.717032],[-120.532658,45.717465],[-120.534317,45.719051],[-120.535538,45.720543],[-120.540079,45.721921],[-120.544478,45.724373],[-120.546536,45.728662],[-120.547984,45.731844],[-120.557326,45.734982],[-120.559065,45.736002],[-120.561179,45.737028],[-120.570954,45.740533],[-120.578223,45.742534],[-120.587522,45.744222],[-120.59411,45.745498],[-120.601443,45.746308],[-120.604388,45.74554],[-120.610575,45.744468],[-120.614367,45.745114],[-120.617509,45.745288],[-120.621331,45.745116],[-120.630619,45.74479],[-120.635876,45.744079],[-120.643586,45.7419],[-120.650082,45.738573],[-120.657706,45.734073],[-120.661068,45.731145],[-120.669857,45.726814],[-120.682404,45.719181],[-120.68736,45.718512],[-120.688378,45.717838],[-120.692264,45.714966],[-120.704157,45.71168],[-120.728638,45.705327],[-120.761062,45.695113],[-120.788587,45.686433],[-120.812055,45.681278],[-120.855428,45.671738],[-120.87619,45.656941],[-120.895843,45.64293],[-120.91681,45.638765],[-120.917443,45.638727],[-120.936073,45.655061],[-120.949103,45.657374],[-120.981279,45.648821],[-120.990962,45.650945],[-121.030504,45.657061],[-121.040595,45.657996],[-121.059996,45.653655],[-121.077303,45.650298],[-121.101177,45.637565],[-121.126458,45.618526],[-121.138664,45.610004],[-121.148208,45.606689],[-121.175024,45.604236],[-121.185927,45.608307],[-121.190138,45.610929],[-121.19442,45.61421],[-121.195709,45.616758],[-121.195498,45.620259],[-121.194266,45.629333],[-121.196059,45.6372],[-121.197425,45.644149],[-121.196885,45.648484],[-121.197535,45.649862],[-121.212504,45.670564],[-121.216,45.672376],[-121.227578,45.674563],[-121.235247,45.675583],[-121.256937,45.681629],[-121.280639,45.686858],[-121.285892,45.687297],[-121.289928,45.68905],[-121.2934,45.691386],[-121.295553,45.692042],[-121.302196,45.69672],[-121.338104,45.704131],[-121.35146,45.704442],[-121.371876,45.703514],[-121.376221,45.701385],[-121.382734,45.698035],[-121.397446,45.69139],[-121.433766,45.696609],[-121.442143,45.697817],[-121.45918,45.700976],[-121.485157,45.712859],[-121.506707,45.720385],[-121.522136,45.722404],[-121.525916,45.722408],[-121.53748,45.722246],[-121.564467,45.716585],[-121.580777,45.714485],[-121.614102,45.710191],[-121.64433,45.705086],[-121.647642,45.704846],[-121.671798,45.70323],[-121.680651,45.702455],[-121.683483,45.699923],[-121.686326,45.697993],[-121.690417,45.695543],[-121.692119,45.695179],[-121.695,45.696009],[-121.695301,45.695247],[-121.695759,45.694884],[-121.696939,45.694713],[-121.698183,45.694668],[-121.70477,45.69428],[-121.730719,45.694612],[-121.762745,45.697492],[-121.766028,45.698689],[-121.769002,45.699113],[-121.77412,45.699622],[-121.780321,45.700184],[-121.789607,45.702177],[-121.794593,45.704257],[-121.798726,45.705023],[-121.811169,45.707164],[-121.8553,45.69652],[-121.867093,45.693878],[-121.885254,45.685582],[-121.892993,45.680126],[-121.899249,45.674303],[-121.900638,45.672477],[-121.901151,45.670629],[-121.901213,45.669341],[-121.900919,45.667353],[-121.900574,45.665873],[-121.90058,45.664065],[-121.901235,45.662807],[-121.903261,45.660112],[-121.906721,45.656364],[-121.908936,45.654277],[-121.923592,45.647775],[-121.930854,45.644835],[-121.940695,45.644401],[-121.941617,45.644792],[-121.943245,45.644918],[-121.948681,45.644995],[-121.951732,45.644775],[-121.95504,45.64376],[-121.956002,45.642827],[-121.95733,45.639315],[-121.959019,45.637894],[-121.960935,45.635781],[-121.962326,45.634047],[-121.964101,45.632483],[-121.965735,45.631364],[-121.976906,45.626296],[-121.982572,45.624847],[-121.993601,45.620239],[-121.999213,45.618678],[-122.008651,45.617725],[-122.021202,45.615575],[-122.039647,45.610857],[-122.049858,45.606552],[-122.070674,45.597758],[-122.089905,45.591248],[-122.111359,45.583966],[-122.126211,45.582894],[-122.133502,45.582338],[-122.143035,45.581717],[-122.166119,45.575392],[-122.177692,45.568377],[-122.193331,45.564059],[-122.202975,45.561191],[-122.212683,45.558415],[-122.212954,45.558355],[-122.22707,45.556137],[-122.235282,45.553658],[-122.240935,45.552173],[-122.249056,45.550236],[-122.258121,45.548217],[-122.266853,45.546969],[-122.284731,45.545189],[-122.299869,45.54441],[-122.308185,45.544421],[-122.325672,45.548416],[-122.331355,45.550851],[-122.338495,45.555745],[-122.343783,45.559998],[-122.346248,45.564056],[-122.350567,45.567892],[-122.359304,45.571933],[-122.368215,45.572923],[-122.368502,45.57293],[-122.38462,45.572271],[-122.396725,45.571286],[-122.399111,45.572044],[-122.401344,45.571258],[-122.407946,45.569866],[-122.414969,45.568759],[-122.421946,45.567449],[-122.439803,45.564186],[-122.443475,45.564926],[-122.453544,45.567614],[-122.465116,45.573994],[-122.469563,45.576467],[-122.480217,45.582148],[-122.487453,45.58299],[-122.5241,45.586181],[-122.544766,45.595772],[-122.546736,45.59631],[-122.582402,45.601418],[-122.623711,45.607324],[-122.639221,45.60954],[-122.6626,45.616752],[-122.674687,45.620655],[-122.688481,45.625787],[-122.690264,45.62661],[-122.703529,45.633051],[-122.713902,45.637834],[-122.720567,45.639994],[-122.726435,45.641693],[-122.7349,45.643742],[-122.737475,45.644586],[-122.747638,45.646683],[-122.761062,45.65457],[-122.764025,45.657479],[-122.764862,45.658297],[-122.766448,45.661041],[-122.767706,45.663461],[-122.767815,45.664164],[-122.768768,45.665953],[-122.775693,45.679097],[-122.776142,45.686405],[-122.776235,45.688644],[-122.771104,45.701898],[-122.767933,45.710956],[-122.766402,45.715603],[-122.763842,45.722751],[-122.760763,45.731562],[-122.759695,45.734233],[-122.759196,45.740208],[-122.759545,45.743884],[-122.760307,45.750379],[-122.760424,45.759334],[-122.763207,45.768339],[-122.765586,45.773563],[-122.767723,45.777723],[-122.768467,45.779008],[-122.768654,45.77988],[-122.769869,45.781658],[-122.773661,45.785681],[-122.776224,45.78876],[-122.780276,45.793091],[-122.783035,45.796197],[-122.786077,45.800066],[-122.789142,45.8032],[-122.795149,45.810339],[-122.795121,45.825142],[-122.790628,45.8342],[-122.785466,45.844141],[-122.784484,45.846061],[-122.784495,45.847129],[-122.784791,45.849364],[-122.784938,45.851866],[-122.784948,45.855542],[-122.784785,45.857565],[-122.784743,45.866147],[-122.784586,45.867028],[-122.784647,45.868495],[-122.791767,45.877298],[-122.79499,45.881392],[-122.797679,45.884658],[-122.801573,45.889097],[-122.808186,45.901922],[-122.807936,45.906085],[-122.807583,45.908434],[-122.806562,45.918731],[-122.806113,45.92234],[-122.804741,45.929044],[-122.805087,45.932532],[-122.805563,45.939093],[-122.806207,45.94832],[-122.811213,45.956521],[-122.81263,45.958927],[-122.8142,45.961365],[-122.814677,45.961884],[-122.817976,45.964534],[-122.822236,45.968363],[-122.826323,45.971667],[-122.829628,45.974422],[-122.831056,45.975874],[-122.832469,45.976974],[-122.833892,45.978321],[-122.835776,45.979764],[-122.837341,45.980861],[-122.837996,45.981977],[-122.841131,45.98784],[-122.844581,45.993979],[-122.847711,45.999701],[-122.849827,46.003721],[-122.853131,46.00983],[-122.855144,46.013626],[-122.85548,46.014395],[-122.857522,46.01594],[-122.863508,46.020862],[-122.866446,46.023235],[-122.869334,46.025359],[-122.871374,46.027206],[-122.872681,46.028195],[-122.875167,46.029844],[-122.876729,46.031116],[-122.877866,46.03307],[-122.878339,46.035973],[-122.878901,46.038228],[-122.879509,46.03995],[-122.88051,46.044266],[-122.880886,46.047132],[-122.882345,46.05381],[-122.883032,46.056766],[-122.883492,46.05916],[-122.884182,46.06102],[-122.884718,46.064014],[-122.889464,46.071516],[-122.892909,46.075969],[-122.902414,46.083017],[-122.904614,46.084526],[-122.91272,46.08743],[-122.922432,46.091006],[-122.927132,46.092709],[-122.932139,46.09438],[-122.961884,46.105518],[-122.988977,46.119469],[-123.00124,46.131732],[-123.005041,46.13509],[-123.034471,46.144316],[-123.056928,46.156777],[-123.074266,46.161343],[-123.111557,46.181867],[-123.120139,46.18676],[-123.138313,46.187775]]},"properties":{"OBJECTID":25,"fhdFtrID":25,"fhdRefID":53585,"fhdRevDt":"20190315","fhdONm":"Wayne Wood","fhdOEnt":"OSU","fhdSpNm":"AS","fhdRun":"Unknown","fhdLifeHst":"Anadromous","fhdUseTy":"Unknown","fhdBasis":"DownstreamDocObsFish","fhdStNm":"Columbia River","fhdGenus":"Alosa","fhdSp":"sapidissima","fhdSubSp":null,"fhdOrig":"NonNative","fhdProd":"Natural","fhdComment":null,"fhdESH":"NA","fhdBasisD":null,"fhdNMF":"no","fhdBasisDt":null,"fhdBasisNm":null,"fhdBasisEnt":null,"fhdBasisPrj":null,"fhdBasisMethod":null,"fhdAccess":null,"fhdBarrierFtrID":null,"fhdEndExtent":null,"Shape__Length":543870.1595013577,"habitatType":"stream"},"id":25},
{"type":"Feature","geometry":{"type":"LineString","coordinates":[[-123.655492,44.003134],[-123.656503,44.004812],[-123.657911,44.006357],[-123.658635,44.006959],[-123.660193,44.008597],[-123.661359,44.009507],[-123.662387,44.010045],[-123.663232,44.010316],[-123.665227,44.010416],[-123.666809,44.010097],[-123.668301,44.009234],[-123.669177,44.008311],[-123.669444,44.007368],[-123.66995,44.006575],[-123.670197,44.005141],[-123.670026,44.003935],[-123.669381,44.002451],[-123.669528,44.001122],[-123.670342,43.999842],[-123.670889,43.999274],[-123.672046,43.998657],[-123.673791,43.998352],[-123.675466,43.998202],[-123.677875,43.998132],[-123.6794,43.998313],[-123.681806,43.999049],[-123.685905,43.999972],[-123.687057,44.000152],[-123.688222,44.000205],[-123.68922,44.000112],[-123.691065,43.999624],[-123.694063,43.999172],[-123.696257,43.998994],[-123.697847,43.999327],[-123.69913,44.000323],[-123.699437,44.000679],[-123.699902,44.002],[-123.700549,44.004429],[-123.701934,44.006147],[-123.70261,44.007819],[-123.703108,44.008789],[-123.70376,44.009601],[-123.706626,44.012353],[-123.708227,44.013767],[-123.708925,44.014536],[-123.709343,44.015265],[-123.709509,44.016337],[-123.709285,44.017259],[-123.708497,44.018174],[-123.70796,44.019131],[-123.707259,44.019999],[-123.705839,44.021071],[-123.704768,44.021493],[-123.704261,44.021559],[-123.703043,44.022115],[-123.701805,44.022559],[-123.700405,44.022924],[-123.698476,44.023236],[-123.695871,44.023472],[-123.691889,44.024032],[-123.688845,44.024373],[-123.685951,44.024582],[-123.682084,44.024632],[-123.681147,44.024721],[-123.679795,44.025014],[-123.678666,44.025759],[-123.67804,44.026763],[-123.677901,44.027963],[-123.677616,44.028953],[-123.677457,44.031444],[-123.677235,44.032187],[-123.676428,44.033793],[-123.675301,44.035067],[-123.674815,44.036258],[-123.675143,44.037933],[-123.675989,44.039528],[-123.678213,44.040803],[-123.679142,44.041066],[-123.6804,44.041142],[-123.682452,44.040595],[-123.683903,44.040559],[-123.68584,44.040897],[-123.686698,44.040951],[-123.687937,44.041268],[-123.688908,44.041765],[-123.689043,44.042501],[-123.689918,44.043875],[-123.689696,44.044788],[-123.689379,44.045253],[-123.688686,44.046716],[-123.688461,44.04739],[-123.688398,44.048377],[-123.688585,44.048898],[-123.689404,44.049479],[-123.690405,44.049965],[-123.692887,44.05095],[-123.693808,44.051055],[-123.694866,44.050977],[-123.696226,44.051214],[-123.697281,44.051825],[-123.697884,44.0526],[-123.698076,44.053137],[-123.698255,44.054439],[-123.698992,44.055479],[-123.699432,44.056581],[-123.700425,44.057335],[-123.700927,44.057411],[-123.701827,44.057145],[-123.702483,44.056367],[-123.703206,44.056079],[-123.705023,44.054969],[-123.706066,44.05453],[-123.708689,44.054073],[-123.713218,44.053721],[-123.714951,44.053764],[-123.718136,44.053987],[-123.719511,44.053979],[-123.723127,44.053794],[-123.724147,44.053619],[-123.725379,44.053262],[-123.727613,44.052396],[-123.729111,44.051973],[-123.731918,44.051361],[-123.733914,44.05081],[-123.736881,44.050384],[-123.738847,44.05029],[-123.740805,44.049974],[-123.742304,44.049517],[-123.743536,44.049238],[-123.745485,44.048478],[-123.746329,44.048005],[-123.750083,44.046417],[-123.752375,44.04556],[-123.754907,44.04481],[-123.75577,44.045347],[-123.759136,44.046292],[-123.760908,44.046423],[-123.761263,44.046536],[-123.76328,44.047961],[-123.763995,44.048893],[-123.765958,44.050471],[-123.76655,44.050723],[-123.767751,44.050937],[-123.76868,44.050925],[-123.770823,44.050228],[-123.7718,44.049784],[-123.774049,44.048324],[-123.776056,44.047402],[-123.77705,44.047312],[-123.777848,44.047525],[-123.778356,44.047864],[-123.781099,44.047713],[-123.782103,44.047598],[-123.783944,44.047616],[-123.784636,44.047959],[-123.784907,44.048573],[-123.784287,44.050552],[-123.783356,44.051678],[-123.781851,44.05295],[-123.781153,44.053682],[-123.780941,44.054233],[-123.780986,44.055036],[-123.781227,44.055786],[-123.781841,44.056652],[-123.782314,44.056961],[-123.783808,44.057172],[-123.786613,44.057237],[-123.789428,44.056617],[-123.794087,44.05506],[-123.795696,44.054744],[-123.797535,44.05485],[-123.798413,44.055071],[-123.801219,44.055204],[-123.80411,44.05549],[-123.808164,44.056078],[-123.811796,44.056453],[-123.813375,44.0565],[-123.815774,44.056411],[-123.81796,44.056603],[-123.820065,44.057105],[-123.822212,44.058107],[-123.824996,44.059141],[-123.826063,44.059777],[-123.827056,44.060684],[-123.827708,44.061692],[-123.828179,44.062841],[-123.830109,44.064047],[-123.831123,44.064481],[-123.832446,44.06475],[-123.833993,44.064933],[-123.83621,44.064939],[-123.837575,44.06533],[-123.838973,44.065607],[-123.841135,44.066478],[-123.842612,44.067697],[-123.843687,44.06885],[-123.844646,44.070149],[-123.846005,44.071241],[-123.847259,44.072033],[-123.848813,44.072675],[-123.850936,44.073168],[-123.853013,44.07335],[-123.858028,44.073511],[-123.859205,44.073601],[-123.861562,44.073998],[-123.864058,44.07474],[-123.866553,44.075364],[-123.8676,44.075789],[-123.868729,44.076023],[-123.871044,44.075848],[-123.872032,44.075647],[-123.873719,44.075004],[-123.874764,44.074114],[-123.875226,44.073579],[-123.875882,44.072507],[-123.877651,44.067168],[-123.878242,44.066263],[-123.879154,44.065446],[-123.882509,44.062989],[-123.883719,44.061935],[-123.884631,44.060785],[-123.886446,44.059033],[-123.886907,44.058399],[-123.887706,44.056831],[-123.888171,44.055315],[-123.888224,44.054396],[-123.887833,44.052967],[-123.88747,44.052246],[-123.886463,44.051101],[-123.88605,44.050487],[-123.885182,44.04967],[-123.884248,44.048989],[-123.882965,44.048445],[-123.882453,44.047927],[-123.88207,44.046962],[-123.881198,44.046055],[-123.879483,44.045753],[-123.878573,44.045467],[-123.878056,44.044602],[-123.876235,44.043283],[-123.874085,44.041625],[-123.873342,44.041316],[-123.871998,44.041254],[-123.870524,44.041486],[-123.869719,44.041492],[-123.868303,44.041138],[-123.866984,44.040423],[-123.865023,44.03947],[-123.863768,44.038579],[-123.862952,44.037883],[-123.860136,44.035802],[-123.859388,44.035128],[-123.858875,44.034479],[-123.858321,44.033317],[-123.85772,44.03117],[-123.856895,44.029866],[-123.855938,44.028617],[-123.855292,44.028086],[-123.854541,44.027173],[-123.854424,44.026013],[-123.854571,44.02463],[-123.855198,44.021528],[-123.85583,44.018809],[-123.856315,44.017522],[-123.857074,44.01662],[-123.858003,44.015889],[-123.859637,44.015197],[-123.861242,44.01482],[-123.863588,44.014636],[-123.865939,44.014713],[-123.867991,44.015084],[-123.869778,44.015678],[-123.87059,44.016109],[-123.872905,44.017766],[-123.877412,44.020338],[-123.881893,44.022559],[-123.882971,44.022866],[-123.884518,44.023047],[-123.889461,44.022636],[-123.893432,44.022204],[-123.895411,44.022112],[-123.905145,44.022279],[-123.906956,44.02217],[-123.907926,44.021941],[-123.908691,44.021526],[-123.909351,44.020818],[-123.912502,44.016643],[-123.913329,44.015434],[-123.914961,44.01358],[-123.915608,44.013043],[-123.916745,44.012818],[-123.918091,44.013024],[-123.921599,44.014008],[-123.923383,44.014557],[-123.926014,44.015454],[-123.926821,44.015546],[-123.929471,44.015498],[-123.933493,44.015177],[-123.938291,44.014629],[-123.940594,44.014417],[-123.943545,44.014293],[-123.944453,44.014434],[-123.951546,44.016145],[-123.955865,44.017248],[-123.96132,44.018562],[-123.963483,44.018976],[-123.964864,44.019176],[-123.967719,44.019323],[-123.969429,44.019214],[-123.971042,44.01902],[-123.972913,44.018707],[-123.982043,44.016972],[-123.984807,44.016062],[-123.987725,44.014956],[-123.992618,44.013199],[-123.995557,44.012399],[-123.998902,44.011744],[-124.000945,44.010912],[-124.002191,44.009802],[-124.004101,44.007701],[-124.005549,44.005991],[-124.007137,44.004672],[-124.007934,44.004206],[-124.011499,44.00272],[-124.01273,44.002151],[-124.01459,44.001045],[-124.015283,44.000386],[-124.016124,43.998537],[-124.017166,43.996687],[-124.018999,43.994032],[-124.02054,43.991984],[-124.021823,43.990496],[-124.023474,43.989004],[-124.024893,43.987961],[-124.026394,43.987137],[-124.027724,43.986522],[-124.029125,43.986045],[-124.030495,43.985767],[-124.031834,43.985634],[-124.033377,43.985597],[-124.034754,43.985706],[-124.038489,43.986447],[-124.039741,43.986391],[-124.040699,43.986184],[-124.041563,43.985766],[-124.043917,43.984219],[-124.045347,43.983503],[-124.047712,43.982586],[-124.049179,43.982086],[-124.051481,43.981462],[-124.054108,43.980199],[-124.056824,43.978266],[-124.058946,43.976913],[-124.060874,43.976279],[-124.064299,43.976233],[-124.066643,43.97604],[-124.068382,43.975759],[-124.06925,43.975534],[-124.07026,43.975061],[-124.073236,43.973462],[-124.076231,43.972151],[-124.078866,43.971397],[-124.080611,43.970975],[-124.081303,43.970167],[-124.081877,43.969842],[-124.083375,43.969558],[-124.086953,43.968709],[-124.090989,43.967856],[-124.095062,43.966732],[-124.09856,43.966154],[-124.101046,43.965045],[-124.104033,43.963931],[-124.107081,43.963902],[-124.110103,43.964687],[-124.113172,43.965742],[-124.116335,43.967341],[-124.122463,43.971139],[-124.124601,43.973903],[-124.12618,43.976826],[-124.126242,43.980146],[-124.125271,43.983039],[-124.123323,43.985735],[-124.121822,43.988104],[-124.121363,43.990341],[-124.121406,43.992632],[-124.121963,43.995585],[-124.123014,43.998136],[-124.123539,43.99985],[-124.124577,44.001231],[-124.126899,44.002791],[-124.127658,44.003651],[-124.128896,44.005578],[-124.130008,44.006929],[-124.130252,44.007752],[-124.130399,44.009485],[-124.130826,44.010843],[-124.131037,44.012946],[-124.132214,44.014668],[-124.133028,44.015361],[-124.133954,44.01593],[-124.135917,44.016901],[-124.138561,44.017576],[-124.146777,44.017987]]},"properties":{"OBJECTID":26,"fhdFtrID":26,"fhdRefID":53578,"fhdRevDt":"20190329","fhdONm":"Ed Hall","fhdOEnt":"USFS","fhdSpNm":"AS","fhdRun":"Unknown","fhdLifeHst":"Anadromous","fhdUseTy":"Historical","fhdBasis":"UndocObsFish","fhdStNm":"Siuslaw River","fhdGenus":"Alosa","fhdSp":"sapidissima","fhdSubSp":null,"fhdOrig":"NonNative","fhdProd":"None","fhdComment":null,"fhdESH":"NA","fhdBasisD":null,"fhdNMF":"no","fhdBasisDt":null,"fhdBasisNm":"Paul Burns","fhdBasisEnt":"USFS","fhdBasisPrj":null,"fhdBasisMethod":null,"fhdAccess":null,"fhdBarrierFtrID":null,"fhdEndExtent":null,"Shape__Length":99707.22548011054,"habitatType":"stream"},"id":26},
{"type":"Feature","geometry":{"type":"LineString","coordinates":[[-123.847126,43.792245],[-123.848571,43.792665],[-123.849719,43.793285],[-123.852091,43.794166],[-123.853106,43.794253],[-123.854103,43.794152],[-123.854387,43.793614],[-123.854434,43.792948],[-123.854187,43.792353],[-123.853359,43.791225],[-123.853257,43.790646],[-123.852679,43.789801],[-123.852659,43.789081],[-123.853002,43.788435],[-123.854358,43.787961],[-123.855441,43.787814],[-123.857428,43.787714],[-123.858103,43.787855],[-123.858993,43.787813],[-123.861625,43.78796],[-123.864021,43.78833],[-123.867163,43.78856],[-123.868121,43.788506],[-123.869173,43.788152],[-123.872848,43.787183],[-123.875333,43.786407],[-123.876572,43.786226],[-123.87775,43.785832],[-123.880041,43.786102],[-123.881778,43.786882],[-123.882745,43.78763],[-123.883333,43.788385],[-123.883778,43.789358],[-123.884006,43.791278],[-123.883748,43.793668],[-123.883748,43.795099],[-123.883952,43.795514],[-123.885128,43.796569],[-123.886936,43.797153],[-123.887902,43.797065],[-123.889283,43.796467],[-123.889819,43.795824],[-123.891514,43.794472],[-123.891895,43.79339],[-123.891576,43.79246],[-123.890106,43.789667],[-123.889427,43.788654],[-123.889303,43.78811],[-123.888871,43.78754],[-123.888046,43.786816],[-123.887517,43.785905],[-123.888293,43.78485],[-123.889468,43.784209],[-123.890946,43.78309],[-123.891702,43.7822],[-123.892046,43.781517],[-123.892602,43.780964],[-123.893237,43.780839],[-123.895359,43.780692],[-123.897695,43.780837],[-123.900215,43.781235],[-123.901576,43.781216],[-123.902912,43.780949],[-123.90392,43.780599],[-123.904377,43.779825],[-123.904043,43.778866],[-123.90335,43.777893],[-123.901847,43.776651],[-123.900542,43.775749],[-123.899207,43.774378],[-123.898957,43.773741],[-123.900142,43.772685],[-123.901599,43.772136],[-123.902971,43.771888],[-123.903876,43.77192],[-123.90583,43.772201],[-123.907762,43.772588],[-123.909038,43.773054],[-123.911309,43.774518],[-123.912058,43.775085],[-123.913168,43.776241],[-123.91383,43.777089],[-123.91418,43.778463],[-123.91408,43.780082],[-123.913682,43.781469],[-123.912747,43.783375],[-123.911708,43.785141],[-123.911512,43.78562],[-123.911664,43.786115],[-123.912146,43.786421],[-123.914346,43.786926],[-123.915894,43.786955],[-123.917035,43.786789],[-123.918813,43.785993],[-123.920377,43.784609],[-123.921028,43.783308],[-123.921556,43.781635],[-123.921549,43.779036],[-123.921024,43.775976],[-123.920958,43.773668],[-123.921082,43.772519],[-123.921304,43.772008],[-123.922411,43.771381],[-123.925966,43.770608],[-123.928077,43.770305],[-123.928982,43.770273],[-123.931877,43.770394],[-123.933566,43.770686],[-123.934759,43.770795],[-123.937074,43.77138],[-123.938446,43.771891],[-123.939941,43.773055],[-123.940082,43.773367],[-123.939916,43.77455],[-123.938891,43.776377],[-123.937831,43.777932],[-123.937031,43.778896],[-123.936599,43.779895],[-123.936694,43.780303],[-123.936351,43.78131],[-123.936121,43.782982],[-123.936642,43.783683],[-123.937415,43.783822],[-123.938537,43.783709],[-123.940384,43.783726],[-123.941429,43.783524],[-123.942424,43.783187],[-123.946433,43.780781],[-123.948314,43.77991],[-123.949334,43.779645],[-123.950153,43.779598],[-123.951079,43.779851],[-123.95232,43.78062],[-123.953162,43.782062],[-123.953748,43.783467],[-123.953916,43.784356],[-123.953482,43.786066],[-123.953033,43.786813],[-123.952276,43.787521],[-123.947873,43.790863],[-123.947267,43.79143],[-123.947173,43.792016],[-123.947337,43.792609],[-123.947896,43.792911],[-123.949087,43.793153],[-123.951699,43.793131],[-123.95272,43.792898],[-123.954343,43.791885],[-123.95625,43.789384],[-123.958437,43.785206],[-123.959532,43.783269],[-123.961436,43.780579],[-123.962292,43.779681],[-123.963455,43.778744],[-123.967052,43.776516],[-123.96863,43.775733],[-123.971224,43.774635],[-123.973973,43.773648],[-123.975903,43.772664],[-123.978134,43.771272],[-123.979904,43.769924],[-123.980632,43.769619],[-123.981792,43.769498],[-123.982972,43.769673],[-123.984366,43.770331],[-123.98546,43.77147],[-123.986353,43.772871],[-123.986676,43.773836],[-123.986692,43.774764],[-123.986255,43.776213],[-123.985005,43.778078],[-123.982488,43.780734],[-123.979309,43.783656],[-123.976986,43.785679],[-123.976082,43.786849],[-123.976142,43.787361],[-123.976515,43.788209],[-123.977398,43.78898],[-123.979049,43.789709],[-123.98049,43.790106],[-123.981722,43.790244],[-123.982541,43.790196],[-123.983406,43.789856],[-123.98442,43.789217],[-123.985729,43.787869],[-123.987688,43.785479],[-123.989139,43.783423],[-123.989532,43.78242],[-123.990522,43.780313],[-123.99112,43.779345],[-123.991977,43.778482],[-123.992829,43.777362],[-123.993424,43.776209],[-123.994155,43.773974],[-123.994031,43.772674],[-123.993699,43.771156],[-123.993741,43.770601],[-123.994192,43.769967],[-123.995354,43.76903],[-123.997378,43.767603],[-123.998892,43.766253],[-124.000198,43.764719],[-124.003039,43.763173],[-124.004412,43.762602],[-124.006801,43.761754],[-124.008689,43.761192],[-124.012771,43.760341],[-124.014195,43.759811],[-124.016828,43.75804],[-124.019045,43.755941],[-124.022424,43.75298],[-124.024746,43.751032],[-124.027075,43.749526],[-124.029393,43.747389],[-124.033358,43.744762],[-124.036154,43.743025],[-124.039093,43.74074],[-124.041032,43.739146],[-124.042983,43.73804],[-124.044887,43.737076],[-124.046481,43.7366],[-124.048539,43.736707],[-124.051359,43.736588],[-124.053738,43.736755],[-124.055975,43.737088],[-124.058117,43.7376],[-124.061424,43.738587],[-124.062409,43.738673],[-124.063911,43.73848],[-124.066028,43.738052],[-124.068003,43.737528],[-124.071013,43.736612],[-124.074035,43.735791],[-124.078295,43.735054],[-124.082197,43.734054],[-124.08372,43.733281],[-124.085159,43.732139],[-124.085814,43.731092],[-124.085897,43.72964],[-124.085707,43.728867],[-124.08466,43.726999],[-124.08366,43.725655],[-124.08203,43.723718],[-124.080374,43.721548],[-124.079974,43.720277],[-124.079756,43.717964],[-124.079684,43.716513],[-124.079779,43.71568],[-124.080208,43.714776],[-124.080969,43.713705],[-124.082706,43.711778],[-124.084895,43.709755],[-124.086132,43.70897],[-124.088441,43.707257],[-124.089835,43.706067]]},"properties":{"OBJECTID":27,"fhdFtrID":27,"fhdRefID":53750,"fhdRevDt":"20190426","fhdONm":"Karen Blocksom","fhdOEnt":"EPA","fhdSpNm":"AS","fhdRun":"Unknown","fhdLifeHst":"Anadromous","fhdUseTy":"Unknown","fhdBasis":"DocObsFish","fhdStNm":"Smith River","fhdGenus":"Alosa","fhdSp":"sapidissima","fhdSubSp":null,"fhdOrig":"NonNative","fhdProd":"Natural","fhdComment":null,"fhdESH":"NA","fhdBasisD":null,"fhdNMF":"no","fhdBasisDt":"20040000","fhdBasisNm":null,"fhdBasisEnt":null,"fhdBasisPrj":null,"fhdBasisMethod":"Electrofisher","fhdAccess":null,"fhdBarrierFtrID":null,"fhdEndExtent":null,"Shape__Length":57995.03400489309,"habitatType":"stream"},"id":27}
]}
