{"type":"FeatureCollection","features":[
{"type":"Feature","geometry":{"type":"LineString","coordinates":[[-123.096314,44.502312],[-123.111307,44.508618],[-123.129553,44.517459],[-123.150393,44.538356],[-123.153548,44.548435],[-123.14923,44.565833],[-123.140406,44.571658],[-123.141743,44.586639],[-123.135447,44.590585],[-123.133184,44.603948],[-123.125603,44.606256],[-123.129473,44.621124],[-123.128701,44.630893],[-123.109433,44.639231]]},"properties":{"OBJECTID":1,"fhdFtrID":1,"fhdRefID":53745,"fhdRevDt":"20190422","fhdONm":"J. Runyon et al.","fhdOEnt":"Calapooia Watershed Council","fhdSpNm":"Black crappie","fhdRun":"NA","fhdLifeHst":"Resident","fhdUseTy":"ResidentMultipleUses","fhdBasis":"UndocObsFish","fhdStNm":"Calapooia River","fhdGenus":"Pomoxis","fhdSp":"nigromaculatus","fhdSubSp":null,"fhdOrig":"NonNative","fhdProd":"Natural","fhdComment":null,"fhdESH":"NA","fhdBasisD":null,"fhdNMF":"no","fhdBasisDt":"20040000","fhdBasisNm":null,"fhdBasisEnt":null,"fhdBasisPrj":null,"fhdBasisMethod":null,"fhdAccess":null,"fhdBarrierFtrID":null,"fhdEndExtent":null,"Shape__Length":44865.70492760223,"habitatType":"stream"},"id":1},
{"type":"Feature","geometry":{"type":"LineString","coordinates":[[-123.020919,44.409865],[-123.042004,44.406453],[-123.063393,44.420643],[-123.068129,44.433043],[-123.075826,44.436985],[-123.077398,44.456949],[-123.08698,44.468775],[-123.080971,44.48521],[-123.093059,44.490735],[-123.096314,44.502312]]},"properties":{"OBJECTID":2,"fhdFtrID":2,"fhdRefID":53745,"fhdRevDt":"20190422","fhdONm":"J. Runyon et al.","fhdOEnt":"Calapooia Watershed Council","fhdSpNm":"Black crappie","fhdRun":"NA","fhdLifeHst":"Resident","fhdUseTy":"ResidentMultipleUses","fhdBasis":"UndocObsFish","fhdStNm":"Calapooia River","fhdGenus":"Pomoxis","fhdSp":"nigromaculatus","fhdSubSp":null,"fhdOrig":"NonNative","fhdProd":"Natural","fhdComment":null,"fhdESH":"NA","fhdBasisD":null,"fhdNMF":"no","fhdBasisDt":"20040000","fhdBasisNm":null,"fhdBasisEnt":null,"fhdBasisPrj":null,"fhdBasisMethod":null,"fhdAccess":null,"fhdBarrierFtrID":null,"fhdEndExtent":null,"Shape__Length":30097.127093804753,"habitatType":"stream"},"id":2},
{"type":"Feature","geometry":{"type":"LineString","coordinates":[[-122.73677,45.570648],[-122.764148,45.584804],[-122.782788,45.604652],[-122.79086,45.619485],[-122.788736,45.633],[-122.770776,45.645993],[-122.764025,45.657479]]},"properties":{"OBJECTID":3,"fhdFtrID":3,"fhdRefID":53710,"fhdRevDt":"20190429","fhdONm":"Stan Gregory","fhdOEnt":"OSU","fhdSpNm":"Black crappie","fhdRun":"NA","fhdLifeHst":"Resident","fhdUseTy":"ResidentMultipleUses","fhdBasis":"DocObsFish","fhdStNm":"Willamette River","fhdGenus":"Pomoxis","fhdSp":"nigromaculatus","fhdSubSp":null,"fhdOrig":"NonNative","fhdProd":"Natural","fhdComment":null,"fhdESH":"NA","fhdBasisD":null,"fhdNMF":"no","fhdBasisDt":"20130000","fhdBasisNm":"Randy Wildman, Stan Gregory","fhdBasisEnt":null,"fhdBasisPrj":null,"fhdBasisMethod":"Electrofisher","fhdAccess":null,"fhdBarrierFtrID":null,"fhdEndExtent":null,"Shape__Length":17236.2731921474,"habitatType":"stream"},"id":3},
{"type":"Feature","geometry":{"type":"LineString","coordinates":[[-123.102214,44.525311],[-123.123128,44.534653],[-123.133621,44.5633],[-123.140406,44.571658]]},"properties":{"OBJECTID":4,"fhdFtrID":4,"fhdRefID":53745,"fhdRevDt":"20190422","fhdONm":"J. Runyon et al.","fhdOEnt":"Calapooia Watershed Council","fhdSpNm":"Black crappie","fhdRun":"NA","fhdLifeHst":"Resident","fhdUseTy":"ResidentMultipleUses","fhdBasis":"UndocObsFish","fhdStNm":"Lake Creek","fhdGenus":"Pomoxis","fhdSp":"nigromaculatus","fhdSubSp":null,"fhdOrig":"NonNative","fhdProd":"Natural","fhdComment":null,"fhdESH":"NA","fhdBasisD":null,"fhdNMF":"no","fhdBasisDt":"20040000","fhdBasisNm":null,"fhdBasisEnt":null,"fhdBasisPrj":null,"fhdBasisMethod":null,"fhdAccess":null,"fhdBarrierFtrID":null,"fhdEndExtent":null,"Shape__Length":11336.426118800035,"habitatType":"stream"},"id":4},
{"type":"Feature","geometry":{"type":"LineString","coordinates":[[-122.964383,44.471848],[-122.987684,44.474376],[-123.013776,44.461619],[-123.020819,44.461212],[-123.03947,44.463593],[-123.053946,44.467964],[-123.071404,44.479733],[-123.080971,44.48521]]},"properties":{"OBJECTID":5,"fhdFtrID":5,"fhdRefID":53745,"fhdRevDt":"20190422","fhdONm":"J. Runyon et al.","fhdOEnt":"Calapooia Watershed Council","fhdSpNm":"Black crappie","fhdRun":"NA","fhdLifeHst":"Resident","fhdUseTy":"ResidentMultipleUses","fhdBasis":"UndocObsFish","fhdStNm":"Butte Creek","fhdGenus":"Pomoxis","fhdSp":"nigromaculatus","fhdSubSp":null,"fhdOrig":"NonNative","fhdProd":"Natural","fhdComment":null,"fhdESH":"NA","fhdBasisD":null,"fhdNMF":"no","fhdBasisDt":"20040000","fhdBasisNm":null,"fhdBasisEnt":null,"fhdBasisPrj":null,"fhdBasisMethod":null,"fhdAccess":null,"fhdBarrierFtrID":null,"fhdEndExtent":null,"Shape__Length":16149.632941077984,"habitatType":"stream"},"id":5},
{"type":"Feature","geometry":{"type":"LineString","coordinates":[[-123.042004,44.406453],[-123.0502,44.419547],[-123.047015,44.431145],[-123.059054,44.453235],[-123.074965,44.47206],[-123.071404,44.479733]]},"properties":{"OBJECTID":6,"fhdFtrID":6,"fhdRefID":53745,"fhdRevDt":"20190422","fhdONm":"J. Runyon et al.","fhdOEnt":"Calapooia Watershed Council","fhdSpNm":"Black crappie","fhdRun":"NA","fhdLifeHst":"Resident","fhdUseTy":"ResidentMultipleUses","fhdBasis":"UndocObsFish","fhdStNm":"Sodom Ditch","fhdGenus":"Pomoxis","fhdSp":"nigromaculatus","fhdSubSp":null,"fhdOrig":"NonNative","fhdProd":"Natural","fhdComment":null,"fhdESH":"NA","fhdBasisD":null,"fhdNMF":"no","fhdBasisDt":"20040000","fhdBasisNm":null,"fhdBasisEnt":null,"fhdBasisPrj":null,"fhdBasisMethod":null,"fhdAccess":null,"fhdBarrierFtrID":null,"fhdEndExtent":null,"Shape__Length":13114.880758178379,"habitatType":"stream"},"id":6},
{"type":"Feature","geometry":{"type":"LineString","coordinates":[[-122.952662,44.433394],[-122.986806,44.423539],[-123.004154,44.436297],[-123.006177,44.442773],[-123.020819,44.461212]]},"properties":{"OBJECTID":7,"fhdFtrID":7,"fhdRefID":53745,"fhdRevDt":"20190422","fhdONm":"J. Runyon et al.","fhdOEnt":"Calapooia Watershed Council","fhdSpNm":"Black crappie","fhdRun":"NA","fhdLifeHst":"Resident","fhdUseTy":"ResidentMultipleUses","fhdBasis":"UndocObsFish","fhdStNm":"Cochran Creek","fhdGenus":"Pomoxis","fhdSp":"nigromaculatus","fhdSubSp":null,"fhdOrig":"NonNative","fhdProd":"Natural","fhdComment":null,"fhdESH":"NA","fhdBasisD":null,"fhdNMF":"no","fhdBasisDt":"20040000","fhdBasisNm":null,"fhdBasisEnt":null,"fhdBasisPrj":null,"fhdBasisMethod":null,"fhdAccess":null,"fhdBarrierFtrID":null,"fhdEndExtent":null,"Shape__Length":11923.066724162958,"habitatType":"stream"},"id":7},
{"type":"Feature","geometry":{"type":"LineString","coordinates":[[-123.121846,44.480501],[-123.116938,44.486529],[-123.114945,44.503666],[-123.111307,44.508618]]},"properties":{"OBJECTID":8,"fhdFtrID":8,"fhdRefID":53745,"fhdRevDt":"20190422","fhdONm":"J. Runyon et al.","fhdOEnt":"Calapooia Watershed Council","fhdSpNm":"Black crappie","fhdRun":"NA","fhdLifeHst":"Resident","fhdUseTy":"ResidentMultipleUses","fhdBasis":"UndocObsFish","fhdStNm":"Shedd Slough","fhdGenus":"Pomoxis","fhdSp":"nigromaculatus","fhdSubSp":null,"fhdOrig":"NonNative","fhdProd":"Natural","fhdComment":null,"fhdESH":"NA","fhdBasisD":null,"fhdNMF":"no","fhdBasisDt":"20040000","fhdBasisNm":null,"fhdBasisEnt":null,"fhdBasisPrj":null,"fhdBasisMethod":null,"fhdAccess":null,"fhdBarrierFtrID":null,"fhdEndExtent":null,"Shape__Length":4920.371761929064,"habitatType":"stream"},"id":8},
{"type":"Feature","geometry":{"type":"LineString","coordinates":[[-123.084647,44.420089],[-123.089635,44.428584],[-123.08414,44.440791],[-123.085894,44.447673],[-123.077398,44.456949]]},"properties":{"OBJECTID":9,"fhdFtrID":9,"fhdRefID":53745,"fhdRevDt":"20190422","fhdONm":"J. Runyon et al.","fhdOEnt":"Calapooia Watershed Council","fhdSpNm":"Black crappie","fhdRun":"NA","fhdLifeHst":"Resident","fhdUseTy":"ResidentMultipleUses","fhdBasis":"UndocObsFish","fhdStNm":"Walton Slough","fhdGenus":"Pomoxis","fhdSp":"nigromaculatus","fhdSubSp":null,"fhdOrig":"NonNative","fhdProd":"Natural","fhdComment":null,"fhdESH":"NA","fhdBasisD":null,"fhdNMF":"no","fhdBasisDt":"20040000","fhdBasisNm":null,"fhdBasisEnt":null,"fhdBasisPrj":null,"fhdBasisMethod":null,"fhdAccess":null,"fhdBarrierFtrID":null,"fhdEndExtent":null,"Shape__Length":7800.935603202351,"habitatType":"stream"},"id":9},
{"type":"Feature","geometry":{"type":"LineString","coordinates":[[-123.063393,44.420643],[-123.076114,44.418482]]},"properties":{"OBJECTID":10,"fhdFtrID":10,"fhdRefID":53745,"fhdRevDt":"20190422","fhdONm":"J. Runyon et al.","fhdOEnt":"Calapooia Watershed Council","fhdSpNm":"Black crappie","fhdRun":"NA","fhdLifeHst":"Resident","fhdUseTy":"ResidentMultipleUses","fhdBasis":"UndocObsFish","fhdStNm":"Wright Slough","fhdGenus":"Pomoxis","fhdSp":"nigromaculatus","fhdSubSp":null,"fhdOrig":"NonNative","fhdProd":"Natural","fhdComment":null,"fhdESH":"NA","fhdBasisD":null,"fhdNMF":"no","fhdBasisDt":"20040000","fhdBasisNm":null,"fhdBasisEnt":null,"fhdBasisPrj":null,"fhdBasisMethod":null,"fhdAccess":null,"fhdBarrierFtrID":null,"fhdEndExtent":null,"Shape__Length":1758.3569432765723,"habitatType":"stream"},"id":10},
{"type":"Feature","geometry":{"type":"LineString","coordinates":[[-122.697716,45.299422],[-122.687709,45.299571],[-122.668415,45.28484],[-122.660435,45.292456],[-122.666198,45.30406],[-122.666058,45.318648],[-122.659332,45.329908],[-122.649729,45.337523],[-122.624842,45.348894],[-122.60397,45.36535],[-122.607392,45.371639],[-122.619749,45.377236],[-122.629356,45.394029],[-122.658235,45.409761],[-122.656074,45.42373],[-122.649078,45.429797],[-122.645833,45.439922],[-122.656714,45.450589],[-122.664946,45.463035]]},"properties":{"OBJECTID":11,"fhdFtrID":11,"fhdRefID":53710,"fhdRevDt":"20190429","fhdONm":"Stan Gregory","fhdOEnt":"OSU","fhdSpNm":"Black crappie","fhdRun":"NA","fhdLifeHst":"Resident","fhdUseTy":"ResidentMultipleUses","fhdBasis":"DocObsFish","fhdStNm":"Willamette River","fhdGenus":"Pomoxis","fhdSp":"nigromaculatus","fhdSubSp":null,"fhdOrig":"NonNative","fhdProd":"Natural","fhdComment":null,"fhdESH":"NA","fhdBasisD":null,"fhdNMF":"no","fhdBasisDt":"20020000","fhdBasisNm":"Randy Wildman, Stan Gregory","fhdBasisEnt":null,"fhdBasisPrj":null,"fhdBasisMethod":"Electrofisher","fhdAccess":null,"fhdBarrierFtrID":null,"fhdEndExtent":null,"Shape__Length":41152.06062458329,"habitatType":"stream"},"id":11},
{"type":"Feature","geometry":{"type":"LineString","coordinates":[[-123.069307,44.998901],[-123.075742,45.014413],[-123.074502,45.03133],[-123.070641,45.03682],[-123.065876,45.066459],[-123.069137,45.076138],[-123.059439,45.084245],[-123.043779,45.091594],[-123.042699,45.100118],[-123.035519,45.10419],[-123.013973,45.102806],[-122.997175,45.120411],[-123.010349,45.129484],[-123.014776,45.136649],[-123.027751,45.141076],[-123.033097,45.148672],[-123.029115,45.160705],[-123.020114,45.163339],[-123.005214,45.160127],[-123.000736,45.166464],[-123.014524,45.17583],[-123.018712,45.197067],[-123.027638,45.202101],[-123.045854,45.200706],[-123.043832,45.219795],[-123.026772,45.223171],[-123.004303,45.221878],[-122.995238,45.234674],[-123.001196,45.258532],[-122.990477,45.272395],[-122.963758,45.284847],[-122.952498,45.2708],[-122.944393,45.26752],[-122.920121,45.268262],[-122.899949,45.256868],[-122.889598,45.257867],[-122.869244,45.253057],[-122.858841,45.254584],[-122.841448,45.266848]]},"properties":{"OBJECTID":12,"fhdFtrID":12,"fhdRefID":53710,"fhdRevDt":"20190429","fhdONm":"Stan Gregory","fhdOEnt":"OSU","fhdSpNm":"Black crappie","fhdRun":"NA","fhdLifeHst":"Resident","fhdUseTy":"ResidentMultipleUses","fhdBasis":"DocObsFish","fhdStNm":"Willamette River","fhdGenus":"Pomoxis","fhdSp":"nigromaculatus","fhdSubSp":null,"fhdOrig":"NonNative","fhdProd":"Natural","fhdComment":null,"fhdESH":"NA","fhdBasisD":null,"fhdNMF":"no","fhdBasisDt":"20130000","fhdBasisNm":"Randy Wildman, Stan Gregory","fhdBasisEnt":null,"fhdBasisPrj":null,"fhdBasisMethod":"Electrofisher","fhdAccess":null,"fhdBarrierFtrID":null,"fhdEndExtent":null,"Shape__Length":84654.27528937346,"habitatType":"stream"},"id":12},
{"type":"Feature","geometry":{"type":"LineString","coordinates":[[-123.189503,44.607171],[-123.182824,44.617615],[-123.170585,44.621703],[-123.170672,44.634451],[-123.163923,44.637522],[-123.133461,44.637885],[-123.121001,44.640797],[-123.109433,44.639231],[-123.093108,44.641546],[-123.073524,44.650383],[-123.074904,44.659551],[-123.084227,44.665184],[-123.093693,44.676016],[-123.116746,44.676751],[-123.121699,44.691836],[-123.144337,44.709079],[-123.150515,44.723029],[-123.147882,44.730437],[-123.13327,44.73871],[-123.132706,44.743437],[-123.147521,44.754383],[-123.14819,44.764239],[-123.144151,44.775751],[-123.135869,44.780297],[-123.123194,44.793301],[-123.101729,44.797375],[-123.091321,44.808212],[-123.092657,44.813666],[-123.12835,44.826595],[-123.146582,44.825798],[-123.157146,44.830384],[-123.167694,44.828423],[-123.178617,44.833819],[-123.183247,44.847279],[-123.178722,44.860506],[-123.168503,44.864394],[-123.154218,44.859603],[-123.148001,44.866229],[-123.14269,44.881706]]},"properties":{"OBJECTID":13,"fhdFtrID":13,"fhdRefID":53710,"fhdRevDt":"20190429","fhdONm":"Stan Gregory","fhdOEnt":"OSU","fhdSpNm":"Black crappie","fhdRun":"NA","fhdLifeHst":"Resident","fhdUseTy":"ResidentMultipleUses","fhdBasis":"DocObsFish","fhdStNm":"Willamette River","fhdGenus":"Pomoxis","fhdSp":"nigromaculatus","fhdSubSp":null,"fhdOrig":"NonNative","fhdProd":"Natural","fhdComment":null,"fhdESH":"NA","fhdBasisD":null,"fhdNMF":"no","fhdBasisDt":"20130000","fhdBasisNm":"Randy Wildman, Stan Gregory","fhdBasisEnt":null,"fhdBasisPrj":null,"fhdBasisMethod":"Electrofisher","fhdAccess":null,"fhdBarrierFtrID":null,"fhdEndExtent":null,"Shape__Length":76451.09215916776,"habitatType":"stream"},"id":13},
{"type":"Feature","geometry":{"type":"LineString","coordinates":[[-123.174392,44.261683],[-123.176101,44.278231],[-123.188364,44.286266],[-123.194097,44.307108],[-123.213966,44.309629],[-123.221869,44.330501],[-123.239023,44.329531],[-123.243617,44.336363],[-123.229689,44.341614],[-123.232796,44.357746],[-123.219273,44.361045],[-123.223434,44.369201],[-123.240902,44.375965],[-123.244865,44.381611],[-123.225191,44.390585],[-123.223215,44.39442],[-123.229477,44.414889],[-123.223174,44.422922],[-123.226713,44.434427],[-123.208479,44.435862],[-123.205565,44.444925],[-123.210657,44.449699]]},"properties":{"OBJECTID":14,"fhdFtrID":14,"fhdRefID":53710,"fhdRevDt":"20190429","fhdONm":"Stan Gregory","fhdOEnt":"OSU","fhdSpNm":"Black crappie","fhdRun":"NA","fhdLifeHst":"Resident","fhdUseTy":"ResidentMultipleUses","fhdBasis":"DocObsFish","fhdStNm":"Willamette River","fhdGenus":"Pomoxis","fhdSp":"nigromaculatus","fhdSubSp":null,"fhdOrig":"NonNative","fhdProd":"Natural","fhdComment":null,"fhdESH":"NA","fhdBasisD":null,"fhdNMF":"no","fhdBasisDt":"20120000","fhdBasisNm":"Randy Wildman, Stan Gregory","fhdBasisEnt":null,"fhdBasisPrj":null,"fhdBasisMethod":"Electrofisher","fhdAccess":null,"fhdBarrierFtrID":null,"fhdEndExtent":null,"Shape__Length":43586.366682140746,"habitatType":"stream"},"id":14},
{"type":"Feature","geometry":{"type":"LineString","coordinates":[[-122.800983,45.792502],[-122.79853,45.783262],[-122.806679,45.775022],[-122.80247,45.766034],[-122.808563,45.750457],[-122.815749,45.743952],[-122.794372,45.740436],[-122.788486,45.725415],[-122.798617,45.717889],[-122.808769,45.720265],[-122.812928,45.733401],[-122.825801,45.730876],[-122.829829,45.725057]]},"properties":{"OBJECTID":15,"fhdFtrID":15,"fhdRefID":53585,"fhdRevDt":"20190429","fhdONm":"Wayne Wood","fhdOEnt":"OSU","fhdSpNm":"Black crappie","fhdRun":"NA","fhdLifeHst":"Resident","fhdUseTy":"ResidentMultipleUses","fhdBasis":"DocObsFish","fhdStNm":null,"fhdGenus":"Pomoxis","fhdSp":"nigromaculatus","fhdSubSp":null,"fhdOrig":"NonNative","fhdProd":"Natural","fhdComment":null,"fhdESH":"NA","fhdBasisD":null,"fhdNMF":"no","fhdBasisDt":null,"fhdBasisNm":null,"fhdBasisEnt":"OSU Ichthyology Collection","fhdBasisPrj":null,"fhdBasisMethod":null,"fhdAccess":null,"fhdBarrierFtrID":null,"fhdEndExtent":null,"Shape__Length":21890.379378797148,"habitatType":"stream"},"id":15},
{"type":"Feature","geometry":{"type":"LineString","coordinates":[[-122.808284,45.807613],[-122.808337,45.824765],[-122.800881,45.838277]]},"properties":{"OBJECTID":16,"fhdFtrID":16,"fhdRefID":53710,"fhdRevDt":"20190429","fhdONm":"Stan Gregory","fhdOEnt":"OSU","fhdSpNm":"Black crappie","fhdRun":"NA","fhdLifeHst":"Resident","fhdUseTy":"ResidentMultipleUses","fhdBasis":"DocObsFish","fhdStNm":"Cunningham Slough","fhdGenus":"Pomoxis","fhdSp":"nigromaculatus","fhdSubSp":null,"fhdOrig":"NonNative","fhdProd":"Natural","fhdComment":null,"fhdESH":"NA","fhdBasisD":null,"fhdNMF":"no","fhdBasisDt":"20130000","fhdBasisNm":null,"fhdBasisEnt":null,"fhdBasisPrj":null,"fhdBasisMethod":null,"fhdAccess":null,"fhdBarrierFtrID":null,"fhdEndExtent":null,"Shape__Length":5768.667394956446,"habitatType":"stream"},"id":16},
{"type":"Feature","geometry":{"type":"LineString","coordinates":[[-117.932437,45.492592],[-117.92214,45.50903],[-117.917762,45.532453],[-117.928728,45.545029],[-117.908886,45.56209],[-117.91481,45.571436],[-117.913893,45.578897],[-117.903592,45.584003],[-117.904964,45.590209]]},"properties":{"OBJECTID":17,"fhdFtrID":17,"fhdRefID":53585,"fhdRevDt":"20190429","fhdONm":"Wayne Wood","fhdOEnt":"OSU","fhdSpNm":"Black crappie","fhdRun":"NA","fhdLifeHst":"Resident","fhdUseTy":"ResidentMultipleUses","fhdBasis":"DocObsFish","fhdStNm":"Grande Ronde River","fhdGenus":"Pomoxis","fhdSp":"nigromaculatus","fhdSubSp":null,"fhdOrig":"NonNative","fhdProd":"Natural","fhdComment":null,"fhdESH":"NA","fhdBasisD":null,"fhdNMF":"no","fhdBasisDt":null,"fhdBasisNm":null,"fhdBasisEnt":null,"fhdBasisPrj":null,"fhdBasisMethod":null,"fhdAccess":null,"fhdBarrierFtrID":null,"fhdEndExtent":null,"Shape__Length":21507.794574914522,"habitatType":"stream"},"id":17},
{"type":"Feature","geometry":{"type":"LineString","coordinates":[[-122.673935,42.672763],[-122.663533,42.672733],[-122.643654,42.685047],[-122.628188,42.684572],[-122.621288,42.689676],[-122.600748,42.694178],[-122.597034,42.699755],[-122.57509,42.703186],[-122.569836,42.711824],[-122.558492,42.709579],[-122.548233,42.712505],[-122.535668,42.716235]]},"properties":{"OBJECTID":18,"fhdFtrID":18,"fhdRefID":53580,"fhdRevDt":"20190429","fhdONm":"Jay Stevens","fhdOEnt":"BLM","fhdSpNm":"Black crappie","fhdRun":"NA","fhdLifeHst":"Resident","fhdUseTy":"ResidentMultipleUses","fhdBasis":"UndocObsFish","fhdStNm":"Rogue River","fhdGenus":"Pomoxis","fhdSp":"nigromaculatus","fhdSubSp":null,"fhdOrig":"NonNative","fhdProd":"Natural","fhdComment":null,"fhdESH":"NA","fhdBasisD":null,"fhdNMF":"no","fhdBasisDt":null,"fhdBasisNm":null,"fhdBasisEnt":null,"fhdBasisPrj":null,"fhdBasisMethod":null,"fhdAccess":null,"fhdBarrierFtrID":null,"fhdEndExtent":null,"Shape__Length":18902.97815963636,"habitatType":"stream"},"id":18},
{"type":"Feature","geometry":{"type":"LineString","coordinates":[[-122.532816,42.71197],[-122.548233,42.712505]]},"properties":{"OBJECTID":19,"fhdFtrID":19,"fhdRefID":53580,"fhdRevDt":"20190429","fhdONm":"Jay Stevens","fhdOEnt":"BLM","fhdSpNm":"Black crappie","fhdRun":"NA","fhdLifeHst":"Resident","fhdUseTy":"ResidentMultipleUses","fhdBasis":"UndocObsFish","fhdStNm":"South Fork Rogue River","fhdGenus":"Pomoxis","fhdSp":"nigromaculatus","fhdSubSp":null,"fhdOrig":"NonNative","fhdProd":"Natural","fhdComment":null,"fhdESH":"NA","fhdBasisD":null,"fhdNMF":"no","fhdBasisDt":null,"fhdBasisNm":null,"fhdBasisEnt":null,"fhdBasisPrj":null,"fhdBasisMethod":null,"fhdAccess":null,"fhdBarrierFtrID":null,"fhdEndExtent":null,"Shape__Length":1939.9108504808669,"habitatType":"stream"},"id":19},
{"type":"Feature","geometry":{"type":"LineString","coordinates":[[-122.66602,42.19443],[-122.686634,42.197325],[-122.704105,42.205383],[-122.710629,42.215275],[-122.73601,42.21978],[-122.770785,42.239008],[-122.791162,42.261943],[-122.812028,42.27314],[-122.824154,42.288621],[-122.839383,42.297227],[-122.855372,42.320319],[-122.867568,42.324657],[-122.875384,42.339476],[-122.87739,42.356736],[-122.897155,42.375167],[-122.898945,42.381158],[-122.909781,42.389791],[-122.927316,42.397161],[-122.936767,42.411609],[-122.96041,42.429703],[-122.968988,42.432764]]},"properties":{"OBJECTID":20,"fhdFtrID":20,"fhdRefID":53580,"fhdRevDt":"20190429","fhdONm":"Jay Stevens","fhdOEnt":"BLM","fhdSpNm":"Black crappie","fhdRun":"NA","fhdLifeHst":"Resident","fhdUseTy":"ResidentMultipleUses","fhdBasis":"UndocObsFish","fhdStNm":"Bear Creek","fhdGenus":"Pomoxis","fhdSp":"nigromaculatus","fhdSubSp":null,"fhdOrig":"NonNative","fhdProd":"Natural","fhdComment":null,"fhdESH":"NA","fhdBasisD":null,"fhdNMF":"no","fhdBasisDt":null,"fhdBasisNm":null,"fhdBasisEnt":null,"fhdBasisPrj":null,"fhdBasisMethod":null,"fhdAccess":null,"fhdBarrierFtrID":null,"fhdEndExtent":null,"Shape__Length":58080.36773036941,"habitatType":"stream"},"id":20},
{"type":"Feature","geometry":{"type":"LineString","coordinates":[[-119.869728,42.182726],[-119.873204,42.201266],[-119.872912,42.216368],[-119.869188,42.219031],[-119.865628,42.235929],[-119.852201,42.241753],[-119.837649,42.255508],[-119.835297,42.291859],[-119.817072,42.307886],[-119.813311,42.324711],[-119.826405,42.329983]]},"properties":{"OBJECTID":21,"fhdFtrID":21,"fhdRefID":53580,"fhdRevDt":"20190429","fhdONm":"Jay Stevens","fhdOEnt":"BLM","fhdSpNm":"Black crappie","fhdRun":"NA","fhdLifeHst":"Resident","fhdUseTy":"ResidentMultipleUses","fhdBasis":"UndocObsFish","fhdStNm":"Deep Creek","fhdGenus":"Pomoxis","fhdSp":"nigromaculatus","fhdSubSp":null,"fhdOrig":"NonNative","fhdProd":"Natural","fhdComment":null,"fhdESH":"NA","fhdBasisD":null,"fhdNMF":"no","fhdBasisDt":null,"fhdBasisNm":null,"fhdBasisEnt":null,"fhdBasisPrj":null,"fhdBasisMethod":null,"fhdAccess":null,"fhdBarrierFtrID":null,"fhdEndExtent":null,"Shape__Length":27220.86864852851,"habitatType":"stream"},"id":21},
{"type":"Feature","geometry":{"type":"LineString","coordinates":[[-119.674713,42.622207],[-119.678808,42.616611],[-119.700271,42.623124],[-119.704997,42.635431],[-119.720255,42.637476],[-119.722648,42.630107],[-119.734861,42.627531],[-119.750666,42.620002],[-119.750892,42.614452],[-119.73584,42.610489],[-119.728504,42.604716],[-119.724807,42.588104],[-119.73124,42.580968],[-119.767766,42.578974],[-119.785438,42.581457],[-119.794233,42.578096],[-119.813811,42.555914],[-119.822374,42.553579],[-119.825868,42.541877],[-119.8352,42.536213],[-119.827062,42.526695],[-119.827809,42.518449],[-119.819192,42.503326],[-119.827783,42.487701],[-119.827778,42.475139],[-119.81947,42.466475],[-119.82452,42.460819],[-119.818606,42.451817],[-119.822374,42.440445],[-119.835095,42.4351],[-119.851361,42.423914],[-119.85631,42.40759],[-119.869848,42.391428],[-119.869997,42.378645],[-119.837259,42.351242],[-119.839727,42.344086],[-119.826405,42.329983]]},"properties":{"OBJECTID":22,"fhdFtrID":22,"fhdRefID":53580,"fhdRevDt":"20190429","fhdONm":"Jay Stevens","fhdOEnt":"BLM","fhdSpNm":"Black crappie","fhdRun":"NA","fhdLifeHst":"Resident","fhdUseTy":"ResidentMultipleUses","fhdBasis":"UndocObsFish","fhdStNm":null,"fhdGenus":"Pomoxis","fhdSp":"nigromaculatus","fhdSubSp":null,"fhdOrig":"NonNative","fhdProd":"Natural","fhdComment":null,"fhdESH":"NA","fhdBasisD":null,"fhdNMF":"no","fhdBasisDt":null,"fhdBasisNm":null,"fhdBasisEnt":null,"fhdBasisPrj":null,"fhdBasisMethod":null,"fhdAccess":null,"fhdBarrierFtrID":null,"fhdEndExtent":null,"Shape__Length":81035.57418816522,"habitatType":"stream"},"id":22},
{"type":"Feature","geometry":{"type":"LineString","coordinates":[[-117.205653,43.700183],[-117.191285,43.701504],[-117.198462,43.720941],[-117.203887,43.728305],[-117.17758,43.737993],[-117.143589,43.747981],[-117.144134,43.757326],[-117.15509,43.757015],[-117.152188,43.773712],[-117.1438,43.773561],[-117.128169,43.785735],[-117.111912,43.785563],[-117.095688,43.782283],[-117.069579,43.773928],[-117.052225,43.785611],[-117.053829,43.794385],[-117.040968,43.801143],[-117.037473,43.807817],[-117.025665,43.812765]]},"properties":{"OBJECTID":23,"fhdFtrID":23,"fhdRefID":53580,"fhdRevDt":"20190429","fhdONm":"Jay Stevens","fhdOEnt":"BLM","fhdSpNm":"Black crappie","fhdRun":"NA","fhdLifeHst":"Resident","fhdUseTy":"ResidentMultipleUses","fhdBasis":"UndocObsFish","fhdStNm":"Owyhee River","fhdGenus":"Pomoxis","fhdSp":"nigromaculatus","fhdSubSp":null,"fhdOrig":"NonNative","fhdProd":"Natural","fhdComment":null,"fhdESH":"NA","fhdBasisD":null,"fhdNMF":"no","fhdBasisDt":null,"fhdBasisNm":null,"fhdBasisEnt":null,"fhdBasisPrj":null,"fhdBasisMethod":null,"fhdAccess":null,"fhdBarrierFtrID":null,"fhdEndExtent":null,"Shape__Length":44787.307725898216,"habitatType":"stream"},"id":23},
{"type":"Feature","geometry":{"type":"LineString","coordinates":[[-117.658319,43.184819],[-117.646693,43.18914],[-117.644992,43.200387],[-117.626049,43.203538],[-117.611372,43.203149],[-117.599615,43.209262],[-117.574312,43.204781],[-117.561588,43.20787],[-117.552507,43.205681],[-117.540726,43.209771],[-117.533842,43.19961],[-117.520121,43.201438],[-117.512547,43.214151],[-117.496152,43.217839],[-117.499614,43.228507],[-117.497405,43.236282],[-117.486048,43.240459],[-117.49054,43.251671],[-117.497985,43.258159],[-117.497921,43.266858],[-117.486047,43.273395],[-117.485296,43.283604],[-117.471014,43.304498],[-117.468303,43.320561],[-117.463087,43.325571],[-117.447896,43.321174],[-117.440893,43.311258],[-117.419483,43.302563],[-117.410415,43.310719],[-117.372181,43.299482],[-117.358455,43.305762],[-117.346082,43.302326],[-117.327706,43.318135],[-117.333046,43.325807],[-117.318658,43.332014],[-117.318237,43.346403],[-117.313648,43.36622],[-117.315322,43.373566],[-117.309621,43.390794],[-117.318002,43.395101],[-117.328251,43.40998],[-117.335796,43.410568],[-117.33734,43.425554],[-117.346661,43.443858],[-117.343605,43.462165],[-117.332135,43.469431],[-117.350816,43.474227],[-117.350075,43.482182],[-117.340265,43.486926],[-117.340497,43.498048],[-117.348451,43.503072],[-117.349259,43.52225],[-117.368412,43.533517],[-117.353915,43.537533],[-117.350072,43.543459],[-117.353198,43.557699],[-117.346622,43.562732],[-117.345399,43.573498],[-117.337456,43.58324],[-117.326777,43.58703],[-117.328206,43.59599],[-117.320457,43.602574],[-117.29906,43.605944],[-117.293422,43.612998],[-117.277874,43.617445],[-117.273708,43.614315],[-117.258989,43.624395],[-117.23686,43.633034],[-117.24256,43.641943]]},"properties":{"OBJECTID":24,"fhdFtrID":24,"fhdRefID":53580,"fhdRevDt":"20190429","fhdONm":"Jay Stevens","fhdOEnt":"BLM","fhdSpNm":"Black crappie","fhdRun":"NA","fhdLifeHst":"Resident","fhdUseTy":"ResidentMultipleUses","fhdBasis":"UndocObsFish","fhdStNm":"Owyhee River","fhdGenus":"Pomoxis","fhdSp":"nigromaculatus","fhdSubSp":null,"fhdOrig":"NonNative","fhdProd":"Natural","fhdComment":null,"fhdESH":"NA","fhdBasisD":null,"fhdNMF":"no","fhdBasisDt":null,"fhdBasisNm":null,"fhdBasisEnt":null,"fhdBasisPrj":null,"fhdBasisMethod":null,"fhdAccess":null,"fhdBarrierFtrID":null,"fhdEndExtent":null,"Shape__Length":150082.77793105537,"habitatType":"stream"},"id":24},
{"type":"Feature","geometry":{"type":"LineString","coordinates":[[-117.697447,42.882438],[-117.69636,42.895856],[-117.700995,42.903897],[-117.719489,42.911409],[-117.704433,42.923448],[-117.706578,42.934719],[-117.701456,42.944521],[-117.707249,42.950237],[-117.717824,42.950124],[-117.726716,42.96195],[-117.725376,42.972108],[-117.708878,42.978105],[-117.709284,42.987306],[-117.730573,42.99773],[-117.735987,43.005197],[-117.713496,43.011904],[-117.698723,43.023908],[-117.698276,43.039661],[-117.68948,43.063245],[-117.697318,43.072058]]},"properties":{"OBJECTID":25,"fhdFtrID":25,"fhdRefID":53580,"fhdRevDt":"20190429","fhdONm":"Jay Stevens","fhdOEnt":"BLM","fhdSpNm":"Black crappie","fhdRun":"NA","fhdLifeHst":"Resident","fhdUseTy":"ResidentMultipleUses","fhdBasis":"UndocObsFish","fhdStNm":"Owyhee River","fhdGenus":"Pomoxis","fhdSp":"nigromaculatus","fhdSubSp":null,"fhdOrig":"NonNative","fhdProd":"Natural","fhdComment":null,"fhdESH":"NA","fhdBasisD":null,"fhdNMF":"no","fhdBasisDt":null,"fhdBasisNm":null,"fhdBasisEnt":null,"fhdBasisPrj":null,"fhdBasisMethod":null,"fhdAccess":null,"fhdBarrierFtrID":null,"fhdEndExtent":null,"Shape__Length":40899.63418639199,"habitatType":"stream"},"id":25},
{"type":"Feature","geometry":{"type":"LineString","coordinates":[[-117.019867,42.321855],[-117.035493,42.334009],[-117.045182,42.33741],[-117.059508,42.351642],[-117.052597,42.363749],[-117.076845,42.38019],[-117.099407,42.383063],[-117.114004,42.393857],[-117.118978,42.40266],[-117.132802,42.406265],[-117.151336,42.427154],[-117.160386,42.429276],[-117.165808,42.43867],[-117.183483,42.444085],[-117.200175,42.440696],[-117.214631,42.455523],[-117.213478,42.463263],[-117.221984,42.470643],[-117.218928,42.481564],[-117.227209,42.488271],[-117.227788,42.498181],[-117.210144,42.500628],[-117.202502,42.506818],[-117.200742,42.519922],[-117.19114,42.516981],[-117.172408,42.535026],[-117.169427,42.544316]]},"properties":{"OBJECTID":26,"fhdFtrID":26,"fhdRefID":53580,"fhdRevDt":"20190429","fhdONm":"Jay Stevens","fhdOEnt":"BLM","fhdSpNm":"Black crappie","fhdRun":"NA","fhdLifeHst":"Resident","fhdUseTy":"ResidentMultipleUses","fhdBasis":"UndocObsFish","fhdStNm":"Owyhee River","fhdGenus":"Pomoxis","fhdSp":"nigromaculatus","fhdSubSp":null,"fhdOrig":"NonNative","fhdProd":"Natural","fhdComment":null,"fhdESH":"NA","fhdBasisD":null,"fhdNMF":"no","fhdBasisDt":null,"fhdBasisNm":null,"fhdBasisEnt":null,"fhdBasisPrj":null,"fhdBasisMethod":null,"fhdAccess":null,"fhdBarrierFtrID":null,"fhdEndExtent":null,"Shape__Length":57371.23049716017,"habitatType":"stream"},"id":26},
{"type":"Feature","geometry":{"type":"LineString","coordinates":[[-117.023647,43.81325],[-117.01998,43.821143],[-117.031762,43.828603],[-117.03192,43.835173],[-117.022847,43.842325],[-117.015314,43.840047],[-117.010036,43.848762],[-117.021433,43.857743],[-117.009112,43.863689],[-116.99059,43.864001],[-116.982273,43.869631],[-116.983659,43.881385],[-116.976177,43.895406],[-116.979083,43.916145],[-116.961858,43.917771],[-116.959252,43.927054],[-116.968944,43.940649],[-116.962698,43.94667],[-116.961938,43.956271],[-116.978096,43.958991],[-116.974837,43.966864],[-116.960968,43.969617],[-116.9504,43.984132],[-116.934465,43.987927],[-116.944408,44.004598],[-116.936546,44.011884],[-116.934538,44.022532],[-116.944557,44.036339],[-116.959158,44.045644],[-116.973073,44.049092],[-116.975924,44.075301]]},"properties":{"OBJECTID":27,"fhdFtrID":27,"fhdRefID":53580,"fhdRevDt":"20190429","fhdONm":"Jay Stevens","fhdOEnt":"BLM","fhdSpNm":"Black crappie","fhdRun":"NA","fhdLifeHst":"Resident","fhdUseTy":"ResidentMultipleUses","fhdBasis":"UndocObsFish","fhdStNm":"Snake River","fhdGenus":"Pomoxis","fhdSp":"nigromaculatus","fhdSubSp":null,"fhdOrig":"NonNative","fhdProd":"Natural","fhdComment":null,"fhdESH":"NA","fhdBasisD":null,"fhdNMF":"no","fhdBasisDt":null,"fhdBasisNm":null,"fhdBasisEnt":null,"fhdBasisPrj":null,"fhdBasisMethod":null,"fhdAccess":null,"fhdBarrierFtrID":null,"fhdEndExtent":null,"Shape__Length":58414.26947384242,"habitatType":"stream"},"id":27},
{"type":"Feature","geometry":{"type":"LineString","coordinates":[[-116.975924,44.075301],[-116.977201,44.085935],[-116.968317,44.090777],[-116.943992,44.093792],[-116.933641,44.100026],[-116.927319,44.116781],[-116.916064,44.124729],[-116.911543,44.139375],[-116.895047,44.151966],[-116.8949,44.16994],[-116.903102,44.179888],[-116.914634,44.182762],[-116.926575,44.191977],[-116.94838,44.191541],[-116.96324,44.1943],[-116.97205,44.20066],[-116.97466,44.215894],[-116.972459,44.23796],[-116.976374,44.243124],[-116.995577,44.247565],[-117.010094,44.24634],[-117.031759,44.248659],[-117.042308,44.242868],[-117.048301,44.229286],[-117.057362,44.231615],[-117.086536,44.252142],[-117.09469,44.270808],[-117.09531,44.278087],[-117.107478,44.280592],[-117.120416,44.277698],[-117.12688,44.26574],[-117.148011,44.25574],[-117.172944,44.259372],[-117.193143,44.27031],[-117.219496,44.290784],[-117.224634,44.304068],[-117.203096,44.31327],[-117.189734,44.337817],[-117.193919,44.344004],[-117.211987,44.358629],[-117.2353,44.374271],[-117.243211,44.395443],[-117.226622,44.404984],[-117.21505,44.426312],[-117.216696,44.457837],[-117.225051,44.474278],[-117.220917,44.484946],[-117.199993,44.492146],[-117.184334,44.52131],[-117.160483,44.526437],[-117.149036,44.535694],[-117.142969,44.556371],[-117.148119,44.561478],[-117.145034,44.570012],[-117.125665,44.582796],[-117.124296,44.604251],[-117.116346,44.622471],[-117.10884,44.626831],[-117.098105,44.64021],[-117.095739,44.664828],[-117.081974,44.67314],[-117.078397,44.679268],[-117.079045,44.691826],[-117.064899,44.702251],[-117.058291,44.730414],[-117.050705,44.73215],[-117.046446,44.743667],[-117.037708,44.74804],[-117.002691,44.75612],[-116.986144,44.761548],[-116.970361,44.774602],[-116.948469,44.777488],[-116.935471,44.783247],[-116.931207,44.791891],[-116.930985,44.806397],[-116.916196,44.818388],[-116.898346,44.842247],[-116.895753,44.855793],[-116.885739,44.857012],[-116.865773,44.870538],[-116.852299,44.889016],[-116.837727,44.924239],[-116.832449,44.931712],[-116.83531,44.939309],[-116.851847,44.960032],[-116.837085,44.969876],[-116.827253,44.9804],[-116.839195,44.983127],[-116.847203,44.972665],[-116.857623,44.976756],[-116.857628,44.983184],[-116.844335,45.002687],[-116.847634,45.023104],[-116.842585,45.029983],[-116.826384,45.037548],[-116.81788,45.045736],[-116.799102,45.057901],[-116.783119,45.078594],[-116.783432,45.093097],[-116.773135,45.10662],[-116.754129,45.114309],[-116.752129,45.123572],[-116.743972,45.126462],[-116.729575,45.141885],[-116.723989,45.161608],[-116.724855,45.173065],[-116.71825,45.182465],[-116.708022,45.20655],[-116.70983,45.215507],[-116.701032,45.243014]]},"properties":{"OBJECTID":28,"fhdFtrID":30,"fhdRefID":53684,"fhdRevDt":"20190429","fhdONm":"Peter Robinson","fhdOEnt":"ODFW","fhdSpNm":"Black crappie","fhdRun":"NA","fhdLifeHst":"Resident","fhdUseTy":"ResidentMultipleUses","fhdBasis":"UndocObsFish","fhdStNm":"Snake River","fhdGenus":"Pomoxis","fhdSp":"nigromaculatus","fhdSubSp":null,"fhdOrig":"NonNative","fhdProd":"Natural","fhdComment":null,"fhdESH":"NA","fhdBasisD":null,"fhdNMF":"no","fhdBasisDt":null,"fhdBasisNm":null,"fhdBasisEnt":null,"fhdBasisPrj":null,"fhdBasisMethod":null,"fhdAccess":null,"fhdBarrierFtrID":null,"fhdEndExtent":null,"Shape__Length":273744.28348883183,"habitatType":"stream"},"id":28},
{"type":"Feature","geometry":{"type":"LineString","coordinates":[[-122.79086,45.619485],[-122.803564,45.620027],[-122.820305,45.632661],[-122.824682,45.645023],[-122.842344,45.653872],[-122.867066,45.674944],[-122.868633,45.694267],[-122.866772,45.717257],[-122.855989,45.732498],[-122.839797,45.73782],[-122.839322,45.745178],[-122.825248,45.747463],[-122.818201,45.762044],[-122.819498,45.769677],[-122.800983,45.792502],[-122.800675,45.799953],[-122.817471,45.803284],[-122.827177,45.812441],[-122.811343,45.834669],[-122.799051,45.846293],[-122.793883,45.856901]]},"properties":{"OBJECTID":29,"fhdFtrID":31,"fhdRefID":53684,"fhdRevDt":"20190429","fhdONm":"Peter Robinson","fhdOEnt":"ODFW","fhdSpNm":"Black crappie","fhdRun":"NA","fhdLifeHst":"Resident","fhdUseTy":"ResidentMultipleUses","fhdBasis":"UndocObsFish","fhdStNm":"Multnomah Channel","fhdGenus":"Pomoxis","fhdSp":"nigromaculatus","fhdSubSp":null,"fhdOrig":"NonNative","fhdProd":"Natural","fhdComment":null,"fhdESH":"NA","fhdBasisD":null,"fhdNMF":"no","fhdBasisDt":null,"fhdBasisNm":null,"fhdBasisEnt":null,"fhdBasisPrj":null,"fhdBasisMethod":null,"fhdAccess":null,"fhdBarrierFtrID":null,"fhdEndExtent":null,"Shape__Length":49097.3556602543,"habitatType":"stream"},"id":29},
{"type":"Feature","geometry":{"type":"LineString","coordinates":[[-123.519411,46.234236],[-123.517227,46.223682],[-123.526182,46.21207],[-123.521883,46.201107],[-123.534123,46.199646],[-123.551307,46.202952],[-123.587274,46.201101]]},"properties":{"OBJECTID":30,"fhdFtrID":32,"fhdRefID":53684,"fhdRevDt":"20190429","fhdONm":"Peter Robinson","fhdOEnt":"ODFW","fhdSpNm":"Black crappie","fhdRun":"NA","fhdLifeHst":"Resident","fhdUseTy":"ResidentMultipleUses","fhdBasis":"UndocObsFish","fhdStNm":"Blind Slough","fhdGenus":"Pomoxis","fhdSp":"nigromaculatus","fhdSubSp":null,"fhdOrig":"NonNative","fhdProd":"Natural","fhdComment":null,"fhdESH":"NA","fhdBasisD":null,"fhdNMF":"no","fhdBasisDt":null,"fhdBasisNm":null,"fhdBasisEnt":null,"fhdBasisPrj":null,"fhdBasisMethod":null,"fhdAccess":null,"fhdBarrierFtrID":null,"fhdEndExtent":null,"Shape__Length":19299.007067997292,"habitatType":"stream"},"id":30},
{"type":"Feature","geometry":{"type":"LineString","coordinates":[[-123.177739,46.131168],[-123.194468,46.129261],[-123.216163,46.135729],[-123.213229,46.12535],[-123.220736,46.121306]]},"properties":{"OBJECTID":31,"fhdFtrID":33,"fhdRefID":53684,"fhdRevDt":"20190429","fhdONm":"Peter Robinson","fhdOEnt":"ODFW","fhdSpNm":"Black crappie","fhdRun":"NA","fhdLifeHst":"Resident","fhdUseTy":"ResidentMultipleUses","fhdBasis":"UndocObsFish","fhdStNm":"Beaver Slough","fhdGenus":"Pomoxis","fhdSp":"nigromaculatus","fhdSubSp":null,"fhdOrig":"NonNative","fhdProd":"Natural","fhdComment":null,"fhdESH":"NA","fhdBasisD":null,"fhdNMF":"no","fhdBasisDt":null,"fhdBasisNm":null,"fhdBasisEnt":null,"fhdBasisPrj":null,"fhdBasisMethod":null,"fhdAccess":null,"fhdBarrierFtrID":null,"fhdEndExtent":null,"Shape__Length":10024.874227662565,"habitatType":"stream"},"id":31},
{"type":"Feature","geometry":{"type":"LineString","coordinates":[[-123.187262,46.099242],[-123.198728,46.100418],[-123.224281,46.122763],[-123.221597,46.126449],[-123.230765,46.140912]]},"properties":{"OBJECTID":32,"fhdFtrID":34,"fhdRefID":53684,"fhdRevDt":"20190429","fhdONm":"Peter Robinson","fhdOEnt":"ODFW","fhdSpNm":"Black crappie","fhdRun":"NA","fhdLifeHst":"Resident","fhdUseTy":"ResidentMultipleUses","fhdBasis":"UndocObsFish","fhdStNm":"Clatskanie River","fhdGenus":"Pomoxis","fhdSp":"nigromaculatus","fhdSubSp":null,"fhdOrig":"NonNative","fhdProd":"Natural","fhdComment":null,"fhdESH":"NA","fhdBasisD":null,"fhdNMF":"no","fhdBasisDt":null,"fhdBasisNm":null,"fhdBasisEnt":null,"fhdBasisPrj":null,"fhdBasisMethod":null,"fhdAccess":null,"fhdBarrierFtrID":null,"fhdEndExtent":null,"Shape__Length":11308.836057877921,"habitatType":"stream"},"id":32},
{"type":"Feature","geometry":{"type":"LineString","coordinates":[[-122.678831,45.412643],[-122.658235,45.409761]]},"properties":{"OBJECTID":33,"fhdFtrID":35,"fhdRefID":53684,"fhdRevDt":"20190429","fhdONm":"Peter Robinson","fhdOEnt":"ODFW","fhdSpNm":"Black crappie","fhdRun":"NA","fhdLifeHst":"Resident","fhdUseTy":"ResidentMultipleUses","fhdBasis":"UndocObsFish","fhdStNm":"Oswego Creek","fhdGenus":"Pomoxis","fhdSp":"nigromaculatus","fhdSubSp":null,"fhdOrig":"NonNative","fhdProd":"Natural","fhdComment":null,"fhdESH":"NA","fhdBasisD":null,"fhdNMF":"no","fhdBasisDt":null,"fhdBasisNm":null,"fhdBasisEnt":null,"fhdBasisPrj":null,"fhdBasisMethod":null,"fhdAccess":null,"fhdBarrierFtrID":null,"fhdEndExtent":null,"Shape__Length":2548.1975971487655,"habitatType":"stream"},"id":33},
{"type":"Feature","geometry":{"type":"LineString","coordinates":[[-123.344605,44.528851],[-123.327255,44.525256],[-123.308527,44.51753],[-123.301975,44.52068],[-123.302001,44.525649],[-123.287643,44.531061],[-123.26974,44.554223],[-123.260747,44.555951]]},"properties":{"OBJECTID":34,"fhdFtrID":36,"fhdRefID":53684,"fhdRevDt":"20190429","fhdONm":"Peter Robinson","fhdOEnt":"ODFW","fhdSpNm":"Black crappie","fhdRun":"NA","fhdLifeHst":"Resident","fhdUseTy":"ResidentMultipleUses","fhdBasis":"UndocObsFish","fhdStNm":"Marys River","fhdGenus":"Pomoxis","fhdSp":"nigromaculatus","fhdSubSp":null,"fhdOrig":"NonNative","fhdProd":"Natural","fhdComment":null,"fhdESH":"NA","fhdBasisD":null,"fhdNMF":"no","fhdBasisDt":null,"fhdBasisNm":null,"fhdBasisEnt":null,"fhdBasisPrj":null,"fhdBasisMethod":null,"fhdAccess":null,"fhdBarrierFtrID":null,"fhdEndExtent":null,"Shape__Length":23226.505518149977,"habitatType":"stream"},"id":34},
{"type":"Feature","geometry":{"type":"LineString","coordinates":[[-123.303851,44.387024],[-123.29892,44.395212],[-123.307407,44.41301],[-123.319062,44.419755],[-123.30834,44.433657],[-123.320917,44.439781],[-123.318116,44.457963],[-123.30869,44.464862],[-123.31955,44.472809],[-123.323248,44.487132],[-123.332371,44.489041],[-123.327449,44.50118],[-123.301629,44.516645],[-123.301975,44.52068]]},"properties":{"OBJECTID":35,"fhdFtrID":37,"fhdRefID":53684,"fhdRevDt":"20190429","fhdONm":"Peter Robinson","fhdOEnt":"ODFW","fhdSpNm":"Black crappie","fhdRun":"NA","fhdLifeHst":"Resident","fhdUseTy":"ResidentMultipleUses","fhdBasis":"UndocObsFish","fhdStNm":"Muddy Creek","fhdGenus":"Pomoxis","fhdSp":"nigromaculatus","fhdSubSp":null,"fhdOrig":"NonNative","fhdProd":"Natural","fhdComment":null,"fhdESH":"NA","fhdBasisD":null,"fhdNMF":"no","fhdBasisDt":null,"fhdBasisNm":null,"fhdBasisEnt":null,"fhdBasisPrj":null,"fhdBasisMethod":null,"fhdAccess":null,"fhdBarrierFtrID":null,"fhdEndExtent":null,"Shape__Length":54478.044229167426,"habitatType":"stream"},"id":35},
{"type":"Feature","geometry":{"type":"LineString","coordinates":[[-121.198863,41.99619],[-121.221491,42.002062],[-121.233078,42.015123],[-121.232101,42.049352],[-121.232607,42.078081],[-121.241997,42.091107],[-121.259394,42.109714],[-121.272072,42.113625],[-121.276559,42.121447],[-121.288163,42.124489],[-121.294244,42.134571],[-121.308942,42.137626],[-121.324854,42.14451],[-121.325283,42.152333],[-121.317714,42.167825],[-121.32513,42.179029],[-121.349172,42.186659],[-121.355707,42.194507],[-121.379418,42.195987],[-121.391942,42.201964],[-121.404749,42.192462],[-121.411187,42.194784],[-121.423214,42.188394],[-121.438228,42.188032],[-121.446628,42.18077],[-121.448541,42.171844],[-121.455927,42.167846],[-121.454816,42.159509],[-121.475226,42.152879],[-121.495388,42.149363],[-121.510828,42.152086],[-121.530598,42.163594],[-121.535552,42.169268],[-121.560914,42.169163],[-121.568667,42.166376],[-121.59355,42.179261],[-121.616844,42.174091],[-121.632478,42.164381],[-121.659677,42.158429],[-121.671645,42.142585],[-121.687865,42.136525],[-121.692044,42.127125],[-121.686785,42.12175],[-121.694106,42.112679],[-121.672812,42.102257],[-121.66786,42.085622],[-121.65357,42.076957],[-121.643996,42.067576],[-121.64477,42.063015],[-121.623993,42.051577],[-121.620348,42.044095],[-121.61889,42.025511],[-121.606845,42.021457],[-121.596531,42.023317],[-121.584363,42.019164],[-121.586427,42.013768],[-121.565661,42.008656],[-121.55272,42.016469],[-121.545017,42.016907],[-121.531723,42.004949]]},"properties":{"OBJECTID":36,"fhdFtrID":38,"fhdRefID":53684,"fhdRevDt":"20190429","fhdONm":"Peter Robinson","fhdOEnt":"ODFW","fhdSpNm":"Black crappie","fhdRun":"NA","fhdLifeHst":"Resident","fhdUseTy":"ResidentMultipleUses","fhdBasis":"UndocObsFish","fhdStNm":"Lost River","fhdGenus":"Pomoxis","fhdSp":"nigromaculatus","fhdSubSp":null,"fhdOrig":"NonNative","fhdProd":"Natural","fhdComment":null,"fhdESH":"NA","fhdBasisD":null,"fhdNMF":"no","fhdBasisDt":null,"fhdBasisNm":null,"fhdBasisEnt":null,"fhdBasisPrj":null,"fhdBasisMethod":null,"fhdAccess":null,"fhdBarrierFtrID":null,"fhdEndExtent":null,"Shape__Length":133572.42098526744,"habitatType":"stream"},"id":36},
{"type":"Feature","geometry":{"type":"LineString","coordinates":[[-122.582459,42.140389],[-122.589567,42.141162],[-122.604647,42.163473],[-122.626758,42.176858],[-122.635163,42.188491],[-122.647303,42.193881],[-122.658106,42.191326],[-122.66602,42.19443]]},"properties":{"OBJECTID":37,"fhdFtrID":39,"fhdRefID":53580,"fhdRevDt":"20190430","fhdONm":"Jay Stevens","fhdOEnt":"BLM","fhdSpNm":"Black crappie","fhdRun":"NA","fhdLifeHst":"Resident","fhdUseTy":"ResidentMultipleUses","fhdBasis":"UndocObsFish","fhdStNm":"Emigrant Creek","fhdGenus":"Pomoxis","fhdSp":"nigromaculatus","fhdSubSp":null,"fhdOrig":"NonNative","fhdProd":"Natural","fhdComment":null,"fhdESH":"NA","fhdBasisD":null,"fhdNMF":"no","fhdBasisDt":null,"fhdBasisNm":null,"fhdBasisEnt":null,"fhdBasisPrj":null,"fhdBasisMethod":null,"fhdAccess":null,"fhdBarrierFtrID":null,"fhdEndExtent":null,"Shape__Length":15285.210698764453,"habitatType":"stream"},"id":37},
{"type":"Feature","geometry":{"type":"LineString","coordinates":[[-122.895235,45.252812],[-122.882375,45.247613]]},"properties":{"OBJECTID":38,"fhdFtrID":40,"fhdRefID":53749,"fhdRevDt":"20190430","fhdONm":"Alan Herlihy","fhdOEnt":"OSU","fhdSpNm":"Black crappie","fhdRun":"NA","fhdLifeHst":"Resident","fhdUseTy":"ResidentMultipleUses","fhdBasis":"DocObsFish","fhdStNm":"Mission Creek","fhdGenus":"Pomoxis","fhdSp":"nigromaculatus","fhdSubSp":null,"fhdOrig":"NonNative","fhdProd":"Natural","fhdComment":null,"fhdESH":"NA","fhdBasisD":null,"fhdNMF":"no","fhdBasisDt":"19960000","fhdBasisNm":null,"fhdBasisEnt":null,"fhdBasisPrj":null,"fhdBasisMethod":"Electrofisher","fhdAccess":null,"fhdBarrierFtrID":null,"fhdEndExtent":null,"Shape__Length":1920.818891410567,"habitatType":"stream"},"id":38},
{"type":"Feature","geometry":{"type":"Polygon","coordinates":[[[-120.703463,42.223429],[-120.702769,42.221848],[-120.709938,42.218547],[-120.710908,42.215419],[-120.70813,42.208613],[-120.705632,42.207856],[-120.701702,42.210916],[-120.6968,42.209922],[-120.696152,42.208135],[-120.702813,42.208408],[-120.702025,42.205416],[-120.695597,42.198956],[-120.692636,42.196582],[-120.686626,42.193489],[-120.685701,42.191768],[-120.686812,42.189193],[-120.691019,42.187611],[-120.691942,42.185343],[-120.689676,42.183933],[-120.685702,42.183416],[-120.682512,42.181285],[-120.681125,42.179086],[-120.680479,42.173035],[-120.677984,42.169013],[-120.678865,42.161516],[-120.676923,42.15918],[-120.677339,42.156361],[-120.675955,42.153919],[-120.672812,42.155499],[-120.667729,42.155188],[-120.664682,42.152096],[-120.666623,42.149416],[-120.66362,42.148449],[-120.657757,42.143053],[-120.653231,42.141091],[-120.658407,42.137482],[-120.66298,42.133289],[-120.659747,42.132773],[-120.652818,42.137377],[-120.649767,42.138305],[-120.643905,42.135519],[-120.635781,42.130426],[-120.633797,42.127679],[-120.633522,42.124927],[-120.631132,42.124787],[-120.626649,42.119926],[-120.623306,42.121068],[-120.617892,42.120069],[-120.616689,42.121345],[-120.62243,42.123135],[-120.624375,42.124683],[-120.626961,42.129906],[-120.631204,42.134276],[-120.63051,42.135446],[-120.635309,42.140192],[-120.636185,42.14284],[-120.639922,42.147208],[-120.643201,42.149441],[-120.645647,42.15312],[-120.648372,42.154874],[-120.648969,42.1578],[-120.651786,42.160825],[-120.654278,42.166018],[-120.656633,42.173234],[-120.655153,42.175059],[-120.657185,42.177019],[-120.663746,42.180287],[-120.665223,42.18441],[-120.663234,42.188228],[-120.667948,42.194142],[-120.665912,42.197063],[-120.670581,42.199058],[-120.67969,42.205416],[-120.681168,42.208098],[-120.686717,42.209507],[-120.691943,42.21226],[-120.691343,42.216075],[-120.693471,42.21941],[-120.703463,42.223429]]]},"properties":{"OBJECTID":1,"fhdFtrID":1,"fhdRefID":53684,"fhdRevDt":"20180314","fhdONm":"Peter Robinson","fhdOEnt":"ODFW","fhdSpNm":"Black crappie","fhdRun":"NA","fhdLifeHst":"Resident","fhdUseTy":"ResidentMultipleUses","fhdBasis":"UndocObsFish","fhdStNm":"Drews Reservoir","fhdGenus":"Pomoxis","fhdSp":"nigromaculatus","fhdSubSp":null,"fhdOrig":"NonNative","fhdProd":"Natural","fhdComment":null,"fhdESH":"NA","fhdBasisD":null,"fhdNMF":"no","fhdBasisDt":null,"fhdBasisNm":null,"fhdBasisEnt":"ODFW","fhdBasisPrj":null,"fhdBasisMethod":null,"fhdAccess":null,"fhdBarrierFtrID":null,"fhdEndExtent":null,"Shape__Area":34605317.33263022,"Shape__Length":64788.83016157339,"habitatType":"lake"},"id":39},
{"type":"Feature","geometry":{"type":"Polygon","coordinates":[[[-116.701875,45.236909],[-116.700389,45.242403],[-116.702999,45.243297],[-116.706749,45.237817],[-116.705282,45.234058],[-116.706655,45.227379],[-116.710882,45.221827],[-116.711583,45.215194],[-116.709814,45.210951],[-116.709968,45.204311],[-116.710942,45.201575],[-116.715638,45.193619],[-116.717666,45.186338],[-116.721826,45.179636],[-116.726524,45.174467],[-116.726851,45.172399],[-116.725341,45.161835],[-116.728725,45.156556],[-116.730448,45.150976],[-116.731245,45.14272],[-116.732493,45.14085],[-116.745554,45.134235],[-116.746985,45.132522],[-116.746461,45.12774],[-116.753559,45.123023],[-116.755268,45.115055],[-116.759314,45.112198],[-116.767405,45.11022],[-116.775547,45.10696],[-116.780236,45.101232],[-116.784584,45.094352],[-116.785218,45.091397],[-116.785297,45.084265],[-116.786609,45.080008],[-116.78502,45.07846],[-116.788771,45.073694],[-116.791102,45.072049],[-116.79675,45.06478],[-116.797708,45.061286],[-116.801784,45.057761],[-116.805915,45.055396],[-116.810876,45.051391],[-116.812392,45.051133],[-116.8212,45.045006],[-116.826005,45.039425],[-116.832989,45.035776],[-116.842809,45.03143],[-116.844175,45.028286],[-116.849371,45.022797],[-116.849632,45.020435],[-116.846883,45.018081],[-116.845708,45.014351],[-116.848953,45.011915],[-116.846531,45.008125],[-116.845376,45.002036],[-116.848563,44.998655],[-116.852852,44.992643],[-116.856176,44.986222],[-116.858615,44.984408],[-116.859525,44.98009],[-116.858809,44.977019],[-116.85375,44.972117],[-116.8481,44.970874],[-116.843853,44.974939],[-116.838902,44.982263],[-116.836832,44.983574],[-116.83081,44.984394],[-116.826688,44.982595],[-116.831431,44.975655],[-116.834785,44.973404],[-116.833026,44.972159],[-116.830327,44.976543],[-116.827986,44.978655],[-116.825428,44.984074],[-116.83268,44.985385],[-116.840464,44.98354],[-116.845546,44.975361],[-116.849841,44.972385],[-116.853046,44.973103],[-116.857872,44.978334],[-116.856532,44.983405],[-116.851731,44.991463],[-116.844369,45.000356],[-116.843388,45.005459],[-116.844127,45.009536],[-116.845913,45.011691],[-116.843666,45.015845],[-116.845154,45.018185],[-116.846554,45.023173],[-116.842912,45.026373],[-116.841847,45.029213],[-116.83828,45.031402],[-116.834988,45.032145],[-116.823985,45.037644],[-116.820117,45.042217],[-116.817739,45.043107],[-116.816186,45.045822],[-116.807442,45.050415],[-116.796455,45.058499],[-116.794025,45.063958],[-116.791932,45.06517],[-116.786959,45.072224],[-116.782268,45.075597],[-116.78128,45.078634],[-116.782619,45.081341],[-116.78242,45.094007],[-116.776922,45.100198],[-116.774138,45.104613],[-116.765428,45.108669],[-116.759013,45.110631],[-116.753252,45.113273],[-116.750634,45.118783],[-116.745399,45.121653],[-116.740604,45.125974],[-116.740405,45.129702],[-116.736842,45.131556],[-116.733119,45.136774],[-116.728866,45.139904],[-116.727233,45.142832],[-116.727512,45.14495],[-116.726092,45.149239],[-116.72662,45.155042],[-116.723763,45.159108],[-116.722278,45.164702],[-116.723284,45.172031],[-116.720275,45.178483],[-116.717586,45.180926],[-116.715866,45.184205],[-116.712708,45.194925],[-116.70876,45.198754],[-116.706602,45.205514],[-116.706513,45.207782],[-116.708258,45.21641],[-116.702762,45.228063],[-116.701875,45.236909]]]},"properties":{"OBJECTID":2,"fhdFtrID":2,"fhdRefID":53684,"fhdRevDt":"20190212","fhdONm":"Peter Robinson","fhdOEnt":"ODFW","fhdSpNm":"Black crappie","fhdRun":"NA","fhdLifeHst":"Resident","fhdUseTy":"ResidentMultipleUses","fhdBasis":"UndocObsFish","fhdStNm":"Hells Canyon Reservoir","fhdGenus":"Pomoxis","fhdSp":"nigromaculatus","fhdSubSp":null,"fhdOrig":"NonNative","fhdProd":"Natural","fhdComment":null,"fhdESH":"NA","fhdBasisD":null,"fhdNMF":"no","fhdBasisDt":null,"fhdBasisNm":null,"fhdBasisEnt":null,"fhdBasisPrj":null,"fhdBasisMethod":null,"fhdAccess":null,"fhdBarrierFtrID":null,"fhdEndExtent":null,"Shape__Area":18695910.95635435,"Shape__Length":121775.12852254763,"habitatType":"lake"},"id":40},
{"type":"Feature","geometry":{"type":"Polygon","coordinates":[[[-118.134801,45.297724],[-118.133258,45.300926],[-118.136748,45.303223],[-118.139393,45.300919],[-118.137652,45.298686],[-118.134801,45.297724]]]},"properties":{"OBJECTID":3,"fhdFtrID":3,"fhdRefID":53684,"fhdRevDt":"20190212","fhdONm":"Peter Robinson","fhdOEnt":"ODFW","fhdSpNm":"Black crappie","fhdRun":"NA","fhdLifeHst":"Resident","fhdUseTy":"ResidentMultipleUses","fhdBasis":"UndocObsFish","fhdStNm":"Morgan Lake","fhdGenus":"Pomoxis","fhdSp":"nigromaculatus","fhdSubSp":null,"fhdOrig":"NonNative","fhdProd":"Natural","fhdComment":null,"fhdESH":"NA","fhdBasisD":null,"fhdNMF":"no","fhdBasisDt":null,"fhdBasisNm":null,"fhdBasisEnt":null,"fhdBasisPrj":null,"fhdBasisMethod":null,"fhdAccess":null,"fhdBarrierFtrID":null,"fhdEndExtent":null,"Shape__Area":487954.421509275,"Shape__Length":3013.4001471121937,"habitatType":"lake"},"id":41},
{"type":"Feature","geometry":{"type":"Polygon","coordinates":[[[-117.238128,43.643285],[-117.243341,43.641465],[-117.238766,43.639102],[-117.237531,43.634508],[-117.240945,43.633101],[-117.246892,43.632583],[-117.252871,43.6311],[-117.253507,43.628987],[-117.26263,43.626746],[-117.265322,43.62408],[-117.265741,43.620946],[-117.26871,43.616331],[-117.278893,43.618892],[-117.286894,43.618839],[-117.290226,43.619822],[-117.295999,43.616047],[-117.300064,43.610487],[-117.302361,43.611234],[-117.303079,43.607502],[-117.308903,43.608726],[-117.310852,43.611322],[-117.313096,43.608786],[-117.317145,43.608528],[-117.321457,43.606091],[-117.322159,43.599049],[-117.325708,43.598983],[-117.328647,43.601392],[-117.332255,43.595238],[-117.330969,43.58841],[-117.33186,43.586511],[-117.336564,43.58595],[-117.34166,43.583446],[-117.344134,43.578643],[-117.34238,43.575086],[-117.345913,43.574355],[-117.349507,43.574898],[-117.35075,43.571203],[-117.355106,43.571097],[-117.352385,43.566153],[-117.362693,43.570019],[-117.365023,43.567773],[-117.370105,43.568895],[-117.369353,43.571794],[-117.370804,43.573396],[-117.369961,43.576338],[-117.372604,43.576347],[-117.37229,43.572325],[-117.374893,43.57117],[-117.372059,43.568373],[-117.378735,43.567087],[-117.382581,43.564638],[-117.38728,43.56465],[-117.393583,43.562197],[-117.400614,43.561358],[-117.394035,43.558922],[-117.388523,43.560215],[-117.386066,43.559746],[-117.374794,43.563322],[-117.364114,43.564474],[-117.358573,43.563478],[-117.35911,43.554822],[-117.357454,43.551304],[-117.355702,43.550135],[-117.355653,43.544432],[-117.356711,43.537472],[-117.357834,43.535803],[-117.362732,43.536942],[-117.367559,43.535354],[-117.369248,43.533629],[-117.369826,43.530528],[-117.368073,43.527856],[-117.368749,43.524996],[-117.364005,43.526222],[-117.361401,43.524033],[-117.360091,43.528029],[-117.357814,43.5287],[-117.354875,43.523558],[-117.349789,43.520277],[-117.351457,43.5101],[-117.354125,43.507382],[-117.356352,43.501031],[-117.352265,43.498235],[-117.346863,43.500436],[-117.343726,43.497996],[-117.341678,43.493742],[-117.342305,43.487281],[-117.352064,43.482146],[-117.354302,43.479785],[-117.353793,43.475311],[-117.348937,43.47175],[-117.341008,43.470188],[-117.342973,43.467344],[-117.337969,43.46739],[-117.339287,43.465177],[-117.348156,43.463885],[-117.350649,43.461408],[-117.353509,43.456033],[-117.352654,43.450797],[-117.348629,43.448542],[-117.350465,43.445484],[-117.357268,43.444818],[-117.358719,43.441436],[-117.362438,43.438508],[-117.362788,43.433952],[-117.355522,43.426248],[-117.352985,43.427858],[-117.348194,43.42585],[-117.345295,43.427481],[-117.340993,43.425385],[-117.34438,43.421207],[-117.349779,43.419652],[-117.34672,43.417183],[-117.341453,43.410043],[-117.338261,43.410093],[-117.330821,43.408349],[-117.325173,43.402948],[-117.320851,43.396411],[-117.321641,43.395016],[-117.315972,43.392854],[-117.316349,43.390532],[-117.31254,43.390367],[-117.3126,43.385515],[-117.314346,43.378527],[-117.317627,43.376002],[-117.316204,43.372219],[-117.318153,43.367443],[-117.316498,43.364122],[-117.313315,43.36129],[-117.312781,43.357898],[-117.319589,43.354692],[-117.321191,43.352924],[-117.32213,43.347429],[-117.324348,43.344152],[-117.323731,43.340062],[-117.318924,43.335808],[-117.319797,43.333569],[-117.32227,43.33246],[-117.330805,43.330576],[-117.334353,43.326876],[-117.329779,43.319784],[-117.331688,43.317116],[-117.337197,43.314068],[-117.342689,43.307244],[-117.343146,43.305037],[-117.347159,43.303093],[-117.35564,43.307745],[-117.357067,43.306361],[-117.364425,43.305113],[-117.366574,43.30389],[-117.375042,43.300991],[-117.381542,43.303887],[-117.387593,43.303471],[-117.387868,43.307368],[-117.393624,43.308925],[-117.396757,43.311237],[-117.401952,43.310618],[-117.402688,43.311658],[-117.408618,43.314056],[-117.411287,43.31353],[-117.414836,43.310989],[-117.417145,43.306514],[-117.419724,43.306324],[-117.427901,43.3084],[-117.433681,43.311546],[-117.433824,43.31253],[-117.440409,43.31462],[-117.445078,43.317314],[-117.446846,43.321287],[-117.444749,43.325086],[-117.447057,43.327374],[-117.451749,43.327166],[-117.449681,43.324253],[-117.452274,43.322974],[-117.452063,43.320974],[-117.446732,43.314357],[-117.442943,43.313004],[-117.441454,43.310959],[-117.432983,43.306739],[-117.43151,43.302845],[-117.431728,43.300348],[-117.424926,43.302492],[-117.418357,43.302257],[-117.414161,43.307279],[-117.409268,43.307107],[-117.402421,43.305972],[-117.39658,43.30673],[-117.393448,43.303761],[-117.388692,43.300952],[-117.384316,43.303126],[-117.380641,43.302392],[-117.377923,43.299547],[-117.370395,43.299368],[-117.363918,43.30126],[-117.361047,43.303653],[-117.355345,43.304265],[-117.352284,43.301988],[-117.344865,43.301518],[-117.340132,43.303885],[-117.33769,43.306971],[-117.335039,43.312949],[-117.326147,43.318099],[-117.325456,43.320109],[-117.328472,43.32551],[-117.328112,43.32748],[-117.323518,43.328452],[-117.316382,43.332268],[-117.315488,43.333997],[-117.317255,43.336939],[-117.315496,43.339371],[-117.316872,43.34059],[-117.314338,43.345942],[-117.304906,43.347215],[-117.303476,43.349015],[-117.302039,43.354417],[-117.303761,43.357046],[-117.303407,43.361608],[-117.306694,43.365961],[-117.30695,43.368267],[-117.310108,43.375233],[-117.3102,43.377462],[-117.308137,43.383517],[-117.305375,43.388402],[-117.305939,43.39113],[-117.309318,43.392695],[-117.310342,43.395061],[-117.30712,43.397487],[-117.297914,43.396031],[-117.303356,43.398969],[-117.309092,43.399414],[-117.313842,43.398113],[-117.317351,43.400264],[-117.319693,43.405408],[-117.325724,43.410413],[-117.330702,43.413629],[-117.330402,43.416802],[-117.326299,43.419805],[-117.327437,43.425514],[-117.335029,43.426501],[-117.333735,43.431217],[-117.335055,43.434082],[-117.337647,43.436348],[-117.341987,43.438455],[-117.345067,43.437916],[-117.343633,43.446804],[-117.342782,43.44816],[-117.344127,43.453923],[-117.343736,43.456915],[-117.335312,43.457861],[-117.327717,43.460283],[-117.324441,43.465251],[-117.33038,43.468258],[-117.331278,43.472369],[-117.332847,43.474922],[-117.336247,43.476667],[-117.345563,43.476577],[-117.348135,43.478222],[-117.341541,43.481342],[-117.338435,43.482177],[-117.333559,43.48495],[-117.338068,43.492448],[-117.338194,43.496493],[-117.339409,43.498804],[-117.337483,43.502107],[-117.333867,43.504221],[-117.340293,43.506442],[-117.342919,43.509323],[-117.345661,43.516156],[-117.344193,43.521997],[-117.347439,43.526464],[-117.352306,43.528131],[-117.354647,43.531561],[-117.35277,43.532786],[-117.35103,43.537765],[-117.346761,43.539945],[-117.343806,43.545358],[-117.347589,43.54977],[-117.347116,43.552954],[-117.349434,43.554666],[-117.348688,43.556609],[-117.345232,43.55773],[-117.347309,43.559743],[-117.344207,43.561402],[-117.343508,43.56677],[-117.342241,43.568434],[-117.33578,43.571904],[-117.330617,43.573667],[-117.334778,43.575445],[-117.337777,43.579885],[-117.33392,43.583102],[-117.330794,43.582976],[-117.32535,43.584552],[-117.324663,43.587478],[-117.327429,43.593021],[-117.32647,43.595607],[-117.319001,43.592193],[-117.314938,43.594922],[-117.312808,43.593884],[-117.311358,43.597205],[-117.312725,43.600784],[-117.315981,43.60276],[-117.314153,43.604132],[-117.306789,43.600674],[-117.297452,43.604136],[-117.293712,43.609087],[-117.289247,43.610947],[-117.288142,43.614371],[-117.275519,43.613879],[-117.273435,43.611936],[-117.261621,43.610169],[-117.256846,43.610985],[-117.253861,43.612443],[-117.25647,43.616945],[-117.245777,43.620349],[-117.241389,43.622667],[-117.23814,43.622328],[-117.236419,43.625446],[-117.234515,43.626254],[-117.23176,43.630075],[-117.229736,43.631229],[-117.229377,43.636235],[-117.23,43.639736],[-117.233198,43.641914],[-117.238128,43.643285]]]},"properties":{"OBJECTID":4,"fhdFtrID":4,"fhdRefID":53718,"fhdRevDt":"20190508","fhdONm":"Kevin Stertz","fhdOEnt":"ODFW","fhdSpNm":"Black crappie","fhdRun":"NA","fhdLifeHst":"Resident","fhdUseTy":"ResidentMultipleUses","fhdBasis":"DocObsFish","fhdStNm":"Owyhee Reservoir","fhdGenus":"Pomoxis","fhdSp":"nigromaculatus","fhdSubSp":null,"fhdOrig":"NonNative","fhdProd":"Natural","fhdComment":null,"fhdESH":"NA","fhdBasisD":null,"fhdNMF":"no","fhdBasisDt":"20170000","fhdBasisNm":"Kevin Stertz","fhdBasisEnt":null,"fhdBasisPrj":null,"fhdBasisMethod":"Electrofisher","fhdAccess":null,"fhdBarrierFtrID":null,"fhdEndExtent":null,"Shape__Area":85251208.81921154,"Shape__Length":319417.8155288524,"habitatType":"lake"},"id":42},
{"type":"Feature","geometry":{"type":"Polygon","coordinates":[[[-117.814744,45.025335],[-117.810815,45.023995],[-117.809678,45.026173],[-117.81165,45.030119],[-117.808582,45.030375],[-117.805617,45.028047],[-117.805528,45.026229],[-117.801937,45.024481],[-117.80115,45.021777],[-117.796421,45.016661],[-117.7905,45.01429],[-117.7875,45.015751],[-117.788141,45.019941],[-117.781124,45.023824],[-117.780303,45.025972],[-117.787148,45.024359],[-117.792102,45.031112],[-117.798537,45.033795],[-117.806906,45.03397],[-117.813311,45.032655],[-117.81393,45.03157],[-117.81269,45.026457],[-117.814744,45.025335]]]},"properties":{"OBJECTID":5,"fhdFtrID":5,"fhdRefID":53684,"fhdRevDt":"20190219","fhdONm":"Peter Robinson","fhdOEnt":"ODFW","fhdSpNm":"Black crappie","fhdRun":"NA","fhdLifeHst":"Resident","fhdUseTy":"ResidentMultipleUses","fhdBasis":"UndocObsFish","fhdStNm":"Thief Valley Reservoir","fhdGenus":"Pomoxis","fhdSp":"nigromaculatus","fhdSubSp":null,"fhdOrig":"NonNative","fhdProd":"Natural","fhdComment":null,"fhdESH":"NA","fhdBasisD":null,"fhdNMF":"no","fhdBasisDt":null,"fhdBasisNm":null,"fhdBasisEnt":null,"fhdBasisPrj":null,"fhdBasisMethod":null,"fhdAccess":null,"fhdBarrierFtrID":null,"fhdEndExtent":null,"Shape__Area":6084278.27210642,"Shape__Length":24183.899712153077,"habitatType":"lake"},"id":43},
{"type":"Feature","geometry":{"type":"Polygon","coordinates":[[[-118.069756,45.049535],[-118.071854,45.05146],[-118.074165,45.048081],[-118.077476,45.04678],[-118.078127,45.043479],[-118.07517,45.041734],[-118.074427,45.038428],[-118.069931,45.039501],[-118.067532,45.044853],[-118.06474,45.046171],[-118.066357,45.049099],[-118.069756,45.049535]]]},"properties":{"OBJECTID":6,"fhdFtrID":6,"fhdRefID":53684,"fhdRevDt":"20190219","fhdONm":"Peter Robinson","fhdOEnt":"ODFW","fhdSpNm":"Black crappie","fhdRun":"NA","fhdLifeHst":"Resident","fhdUseTy":"ResidentMultipleUses","fhdBasis":"UndocObsFish","fhdStNm":"Pilcher Creek Reservoir","fhdGenus":"Pomoxis","fhdSp":"nigromaculatus","fhdSubSp":null,"fhdOrig":"NonNative","fhdProd":"Natural","fhdComment":null,"fhdESH":"NA","fhdBasisD":null,"fhdNMF":"no","fhdBasisDt":null,"fhdBasisNm":null,"fhdBasisEnt":null,"fhdBasisPrj":null,"fhdBasisMethod":null,"fhdAccess":null,"fhdBarrierFtrID":null,"fhdEndExtent":null,"Shape__Area":1770339.315281205,"Shape__Length":7338.042996941017,"habitatType":"lake"},"id":44},
{"type":"Feature","geometry":{"type":"Polygon","coordinates":[[[-118.204865,44.521655],[-118.206,44.526667],[-118.21365,44.520536],[-118.211863,44.518115],[-118.213373,44.51448],[-118.206921,44.5103],[-118.202914,44.506966],[-118.208765,44.504582],[-118.206521,44.501283],[-118.201656,44.503297],[-118.195982,44.502033],[-118.19583,44.499991],[-118.200136,44.495445],[-118.205267,44.49233],[-118.200094,44.490296],[-118.193759,44.492964],[-118.190622,44.49576],[-118.188674,44.49958],[-118.184161,44.502228],[-118.180421,44.503248],[-118.181139,44.505168],[-118.184656,44.506121],[-118.188438,44.50592],[-118.193239,44.508751],[-118.195459,44.509052],[-118.200219,44.51236],[-118.201775,44.514603],[-118.204865,44.521655]]]},"properties":{"OBJECTID":7,"fhdFtrID":7,"fhdRefID":53718,"fhdRevDt":"20190508","fhdONm":"Kevin Stertz","fhdOEnt":"ODFW","fhdSpNm":"Black crappie","fhdRun":"NA","fhdLifeHst":"Resident","fhdUseTy":"ResidentMultipleUses","fhdBasis":"DocObsFish","fhdStNm":"Unity Reservoir","fhdGenus":"Pomoxis","fhdSp":"nigromaculatus","fhdSubSp":null,"fhdOrig":"NonNative","fhdProd":"Natural","fhdComment":null,"fhdESH":"NA","fhdBasisD":null,"fhdNMF":"no","fhdBasisDt":"20170000","fhdBasisNm":"Kevin Stertz","fhdBasisEnt":null,"fhdBasisPrj":null,"fhdBasisMethod":"Electrofisher","fhdAccess":null,"fhdBarrierFtrID":null,"fhdEndExtent":null,"Shape__Area":7332238.849254505,"Shape__Length":27921.085490194906,"habitatType":"lake"},"id":45},
{"type":"Feature","geometry":{"type":"Polygon","coordinates":[[[-117.048689,44.743379],[-117.052256,44.741807],[-117.05529,44.737856],[-117.054829,44.73548],[-117.057716,44.732347],[-117.062051,44.730887],[-117.063367,44.729081],[-117.064291,44.724175],[-117.063329,44.723199],[-117.064468,44.717277],[-117.066523,44.712492],[-117.066653,44.707322],[-117.070916,44.702202],[-117.076017,44.699924],[-117.081541,44.695796],[-117.083909,44.691965],[-117.084499,44.68578],[-117.081113,44.68048],[-117.082889,44.676588],[-117.086456,44.673811],[-117.090832,44.671988],[-117.098742,44.665527],[-117.10096,44.65826],[-117.101646,44.649852],[-117.104166,44.646921],[-117.105247,44.643359],[-117.109215,44.635092],[-117.111625,44.631244],[-117.117555,44.627504],[-117.122221,44.62107],[-117.124519,44.613962],[-117.124883,44.609401],[-117.127078,44.605483],[-117.126391,44.601608],[-117.131007,44.594098],[-117.129994,44.585832],[-117.13062,44.581321],[-117.133279,44.579095],[-117.138687,44.576743],[-117.14109,44.576815],[-117.148134,44.5728],[-117.151384,44.568966],[-117.150873,44.562237],[-117.146901,44.557538],[-117.146428,44.554097],[-117.148058,44.548829],[-117.150746,44.546695],[-117.153373,44.542942],[-117.157127,44.539958],[-117.158986,44.53621],[-117.163691,44.533258],[-117.166338,44.533275],[-117.17062,44.529972],[-117.177134,44.526845],[-117.183671,44.525062],[-117.18763,44.522651],[-117.191495,44.51903],[-117.196519,44.516023],[-117.199472,44.511511],[-117.199056,44.505249],[-117.199707,44.501353],[-117.204429,44.493732],[-117.21057,44.491096],[-117.210515,44.488961],[-117.215307,44.488582],[-117.224498,44.486477],[-117.229578,44.482293],[-117.230179,44.475801],[-117.225558,44.467191],[-117.221693,44.463044],[-117.217135,44.449939],[-117.218504,44.445526],[-117.21827,44.438024],[-117.217448,44.43359],[-117.21832,44.431685],[-117.217567,44.426499],[-117.219395,44.421548],[-117.22117,44.419067],[-117.224928,44.416311],[-117.226335,44.41412],[-117.22751,44.407611],[-117.236929,44.400714],[-117.241873,44.39945],[-117.244977,44.395222],[-117.245271,44.390978],[-117.23864,44.378601],[-117.237106,44.374244],[-117.232542,44.370141],[-117.2315,44.367803],[-117.228254,44.365444],[-117.221689,44.363109],[-117.217234,44.359405],[-117.213569,44.357897],[-117.206033,44.352459],[-117.203859,44.349551],[-117.198314,44.346429],[-117.195545,44.343411],[-117.19416,44.340409],[-117.191024,44.337599],[-117.192094,44.330821],[-117.197217,44.327116],[-117.197858,44.324536],[-117.200236,44.322154],[-117.201641,44.318076],[-117.205737,44.312829],[-117.220235,44.308226],[-117.223825,44.305744],[-117.228607,44.30099],[-117.224769,44.298357],[-117.22346,44.295196],[-117.218053,44.287662],[-117.21508,44.285369],[-117.209494,44.282999],[-117.207805,44.280958],[-117.206443,44.275909],[-117.201217,44.271343],[-117.19474,44.26861],[-117.192066,44.265175],[-117.188614,44.263232],[-117.181175,44.260312],[-117.174073,44.258215],[-117.158778,44.256324],[-117.153983,44.255154],[-117.149471,44.252809],[-117.14366,44.25279],[-117.14013,44.256104],[-117.132453,44.260316],[-117.134851,44.263548],[-117.140538,44.260638],[-117.145129,44.25941],[-117.156936,44.258552],[-117.164649,44.260585],[-117.168513,44.260091],[-117.171698,44.261008],[-117.173324,44.263023],[-117.183848,44.268199],[-117.19089,44.271069],[-117.199424,44.277677],[-117.203244,44.280113],[-117.205124,44.283494],[-117.209931,44.28582],[-117.210038,44.287274],[-117.214121,44.29403],[-117.216162,44.295571],[-117.214874,44.302328],[-117.209702,44.306813],[-117.205453,44.308614],[-117.199783,44.315629],[-117.198148,44.320815],[-117.196535,44.32166],[-117.195213,44.325349],[-117.190236,44.329526],[-117.18846,44.336607],[-117.191342,44.340069],[-117.192637,44.344045],[-117.194982,44.347797],[-117.2007,44.349874],[-117.202927,44.353311],[-117.20924,44.358853],[-117.215009,44.36114],[-117.217336,44.364098],[-117.222058,44.367263],[-117.226168,44.36915],[-117.230257,44.372825],[-117.233856,44.378033],[-117.23346,44.379388],[-117.236654,44.383591],[-117.238916,44.388639],[-117.240318,44.389336],[-117.240299,44.39366],[-117.241372,44.39529],[-117.230643,44.399866],[-117.224652,44.403864],[-117.22183,44.408946],[-117.222154,44.41258],[-117.219744,44.416543],[-117.214723,44.420232],[-117.212804,44.428366],[-117.2143,44.433157],[-117.211905,44.438316],[-117.212917,44.441797],[-117.211915,44.444342],[-117.213083,44.451899],[-117.212256,44.4546],[-117.214825,44.458084],[-117.216099,44.462441],[-117.214353,44.464791],[-117.21689,44.465954],[-117.218326,44.471222],[-117.221763,44.475979],[-117.220103,44.482242],[-117.21647,44.483927],[-117.209333,44.484423],[-117.201583,44.488507],[-117.195581,44.494309],[-117.190083,44.503329],[-117.188527,44.50846],[-117.18891,44.510919],[-117.186486,44.514503],[-117.179652,44.520018],[-117.161869,44.523643],[-117.156644,44.525463],[-117.150611,44.529106],[-117.148,44.533693],[-117.142954,44.539382],[-117.139426,44.546065],[-117.13681,44.554049],[-117.137068,44.556738],[-117.139836,44.561624],[-117.142091,44.56331],[-117.143156,44.566197],[-117.140061,44.56827],[-117.135384,44.569184],[-117.135168,44.57043],[-117.129048,44.571975],[-117.122937,44.576809],[-117.123207,44.577901],[-117.120294,44.582683],[-117.120758,44.586096],[-117.122497,44.589613],[-117.122648,44.594678],[-117.120318,44.5998],[-117.12161,44.601764],[-117.118474,44.607594],[-117.118086,44.611627],[-117.115464,44.617457],[-117.111442,44.623347],[-117.106818,44.626175],[-117.102526,44.631412],[-117.099693,44.637132],[-117.096513,44.640382],[-117.095339,44.644125],[-117.095564,44.647121],[-117.093083,44.651386],[-117.092855,44.657285],[-117.094273,44.663119],[-117.089106,44.665266],[-117.082925,44.670211],[-117.077335,44.67306],[-117.074337,44.682462],[-117.075491,44.683702],[-117.075092,44.688235],[-117.068084,44.697054],[-117.062129,44.702125],[-117.058796,44.70826],[-117.059843,44.713172],[-117.058649,44.716876],[-117.056309,44.719543],[-117.05523,44.72631],[-117.053529,44.72817],[-117.047461,44.732247],[-117.045442,44.740061],[-117.043532,44.741674],[-117.038895,44.743133],[-117.034505,44.74587],[-117.031208,44.746802],[-117.027541,44.749139],[-117.024045,44.748671],[-117.016304,44.750685],[-117.010409,44.754151],[-117.006266,44.753671],[-116.997003,44.75417],[-116.990728,44.755841],[-116.984316,44.761288],[-116.973036,44.768371],[-116.969762,44.769014],[-116.967806,44.771759],[-116.965226,44.772352],[-116.956597,44.772628],[-116.945858,44.777074],[-116.940934,44.778139],[-116.930547,44.784779],[-116.930046,44.787023],[-116.924828,44.791193],[-116.924511,44.793696],[-116.918437,44.79398],[-116.917874,44.795879],[-116.925913,44.797806],[-116.924323,44.80381],[-116.916689,44.811288],[-116.913582,44.811886],[-116.913179,44.816506],[-116.909815,44.82106],[-116.907115,44.822223],[-116.904976,44.827008],[-116.902592,44.829553],[-116.901842,44.832895],[-116.899835,44.835199],[-116.904676,44.838131],[-116.909013,44.83467],[-116.909639,44.832897],[-116.915232,44.828454],[-116.91558,44.825792],[-116.918466,44.821353],[-116.924204,44.814807],[-116.928438,44.811394],[-116.9321,44.810132],[-116.936286,44.805995],[-116.937543,44.80122],[-116.937459,44.79401],[-116.936041,44.792028],[-116.938199,44.788796],[-116.940263,44.788895],[-116.943948,44.783034],[-116.948147,44.781283],[-116.953194,44.78064],[-116.960158,44.777429],[-116.965205,44.777379],[-116.967324,44.779282],[-116.983051,44.768708],[-116.984637,44.76851],[-116.992936,44.761998],[-116.996024,44.760734],[-117.000284,44.761341],[-117.001638,44.760386],[-117.008123,44.760582],[-117.01608,44.760025],[-117.017276,44.758171],[-117.023093,44.755347],[-117.031281,44.753797],[-117.039147,44.749592],[-117.043398,44.749291],[-117.045694,44.746855],[-117.047981,44.74687],[-117.048634,44.749687],[-117.047809,44.753164],[-117.043934,44.754255],[-117.045096,44.75836],[-117.047536,44.761308],[-117.051442,44.762373],[-117.052388,44.764744],[-117.057696,44.765918],[-117.062048,44.770303],[-117.07184,44.77005],[-117.07372,44.773381],[-117.078574,44.773524],[-117.08124,44.775395],[-117.084885,44.775888],[-117.092381,44.775766],[-117.095955,44.773899],[-117.095745,44.770431],[-117.101915,44.767948],[-117.108456,44.769054],[-117.11045,44.768011],[-117.115643,44.768129],[-117.118029,44.765714],[-117.117379,44.762701],[-117.118664,44.76073],[-117.122768,44.759614],[-117.125538,44.756715],[-117.130482,44.755287],[-117.13915,44.755592],[-117.142693,44.757442],[-117.14528,44.756467],[-117.151661,44.756548],[-117.157217,44.7552],[-117.161229,44.753205],[-117.161389,44.751647],[-117.157344,44.749553],[-117.157061,44.746814],[-117.152333,44.744936],[-117.148159,44.746548],[-117.146496,44.74573],[-117.14276,44.747199],[-117.138247,44.747444],[-117.136482,44.749337],[-117.131815,44.749279],[-117.127372,44.754156],[-117.122289,44.758138],[-117.119016,44.759271],[-117.115657,44.757549],[-117.111968,44.758001],[-117.110676,44.760882],[-117.114861,44.763394],[-117.115479,44.765397],[-117.107939,44.767611],[-117.102931,44.766592],[-117.096199,44.768268],[-117.093811,44.769827],[-117.092457,44.773905],[-117.084483,44.774291],[-117.082094,44.772047],[-117.077587,44.771016],[-117.075483,44.767476],[-117.071192,44.766083],[-117.066871,44.767548],[-117.063797,44.767461],[-117.053853,44.761917],[-117.053437,44.760013],[-117.049925,44.757944],[-117.049849,44.755112],[-117.05196,44.75301],[-117.051444,44.751007],[-117.055049,44.749737],[-117.05299,44.744367],[-117.048689,44.743379],[-117.047889,44.743589],[-117.048689,44.743379]]]},"properties":{"OBJECTID":8,"fhdFtrID":8,"fhdRefID":53684,"fhdRevDt":"20190219","fhdONm":"Peter Robinson","fhdOEnt":"ODFW","fhdSpNm":"Black crappie","fhdRun":"NA","fhdLifeHst":"Resident","fhdUseTy":"ResidentMultipleUses","fhdBasis":"UndocObsFish","fhdStNm":"Brownlee Reservoir","fhdGenus":"Pomoxis","fhdSp":"nigromaculatus","fhdSubSp":null,"fhdOrig":"NonNative","fhdProd":"Natural","fhdComment":null,"fhdESH":"NA","fhdBasisD":null,"fhdNMF":"no","fhdBasisDt":null,"fhdBasisNm":null,"fhdBasisEnt":null,"fhdBasisPrj":null,"fhdBasisMethod":null,"fhdAccess":null,"fhdBarrierFtrID":null,"fhdEndExtent":null,"Shape__Area":110800209.22875844,"Shape__Length":373252.3066615128,"habitatType":"lake"},"id":46},
{"type":"Feature","geometry":{"type":"Polygon","coordinates":[[[-119.615968,45.831312],[-119.616901,45.831038],[-119.61822,45.832002],[-119.619749,45.831464],[-119.623115,45.831506],[-119.623223,45.830398],[-119.621208,45.83114],[-119.618682,45.831607],[-119.617324,45.830456],[-119.615968,45.831312]]]},"properties":{"OBJECTID":9,"fhdFtrID":9,"fhdRefID":53684,"fhdRevDt":"20190219","fhdONm":"Peter Robinson","fhdOEnt":"ODFW","fhdSpNm":"Black crappie","fhdRun":"NA","fhdLifeHst":"Resident","fhdUseTy":"ResidentMultipleUses","fhdBasis":"UndocObsFish","fhdStNm":"Boardman Pond #2","fhdGenus":"Pomoxis","fhdSp":"nigromaculatus","fhdSubSp":null,"fhdOrig":"NonNative","fhdProd":"Natural","fhdComment":null,"fhdESH":"NA","fhdBasisD":null,"fhdNMF":"no","fhdBasisDt":null,"fhdBasisNm":null,"fhdBasisEnt":null,"fhdBasisPrj":null,"fhdBasisMethod":null,"fhdAccess":null,"fhdBarrierFtrID":null,"fhdEndExtent":null,"Shape__Area":102926.294698505,"Shape__Length":3335.3983001791394,"habitatType":"lake"},"id":47},
{"type":"Feature","geometry":{"type":"Polygon","coordinates":[[[-120.665844,44.315249],[-120.682672,44.312833],[-120.687287,44.311099],[-120.688174,44.309262],[-120.694509,44.30948],[-120.699728,44.306448],[-120.706525,44.304815],[-120.704715,44.303352],[-120.711994,44.301873],[-120.717905,44.301627],[-120.719461,44.30024],[-120.724889,44.299435],[-120.725291,44.296683],[-120.719339,44.296488],[-120.715522,44.297051],[-120.707709,44.295625],[-120.704057,44.293922],[-120.699824,44.296681],[-120.69224,44.299108],[-120.687048,44.304886],[-120.683278,44.306813],[-120.674393,44.305403],[-120.668355,44.309296],[-120.665379,44.309199],[-120.660002,44.312799],[-120.663717,44.315282],[-120.665844,44.315249]]]},"properties":{"OBJECTID":10,"fhdFtrID":10,"fhdRefID":53718,"fhdRevDt":"20190508","fhdONm":"Kevin Stertz","fhdOEnt":"ODFW","fhdSpNm":"Black crappie","fhdRun":"NA","fhdLifeHst":"Resident","fhdUseTy":"ResidentMultipleUses","fhdBasis":"DocObsFish","fhdStNm":"Ochoco Reservoir","fhdGenus":"Pomoxis","fhdSp":"nigromaculatus","fhdSubSp":null,"fhdOrig":"NonNative","fhdProd":"Natural","fhdComment":null,"fhdESH":"NA","fhdBasisD":null,"fhdNMF":"no","fhdBasisDt":"20170000","fhdBasisNm":"Kevin Stertz","fhdBasisEnt":null,"fhdBasisPrj":null,"fhdBasisMethod":"Electrofisher","fhdAccess":null,"fhdBarrierFtrID":null,"fhdEndExtent":null,"Shape__Area":7666610.697869395,"Shape__Length":20109.88126895355,"habitatType":"lake"},"id":48},
{"type":"Feature","geometry":{"type":"Polygon","coordinates":[[[-121.153526,44.499338],[-121.155955,44.496572],[-121.160058,44.494987],[-121.158907,44.491768],[-121.155065,44.492897],[-121.147879,44.492763],[-121.146848,44.491449],[-121.141608,44.491439],[-121.144626,44.497814],[-121.150012,44.499389],[-121.153526,44.499338]]]},"properties":{"OBJECTID":11,"fhdFtrID":11,"fhdRefID":53684,"fhdRevDt":"20190219","fhdONm":"Peter Robinson","fhdOEnt":"ODFW","fhdSpNm":"Black crappie","fhdRun":"NA","fhdLifeHst":"Resident","fhdUseTy":"ResidentMultipleUses","fhdBasis":"UndocObsFish","fhdStNm":"Haystack Reservoir","fhdGenus":"Pomoxis","fhdSp":"nigromaculatus","fhdSubSp":null,"fhdOrig":"NonNative","fhdProd":"Natural","fhdComment":null,"fhdESH":"NA","fhdBasisD":null,"fhdNMF":"no","fhdBasisDt":null,"fhdBasisNm":null,"fhdBasisEnt":null,"fhdBasisPrj":null,"fhdBasisMethod":null,"fhdAccess":null,"fhdBarrierFtrID":null,"fhdEndExtent":null,"Shape__Area":1742342.885076705,"Shape__Length":6729.18357050104,"habitatType":"lake"},"id":49},
{"type":"Feature","geometry":{"type":"Polygon","coordinates":[[[-119.957597,45.813669],[-119.956931,45.815944],[-119.953945,45.81912],[-119.944432,45.819763],[-119.937413,45.819719],[-119.934057,45.818474],[-119.928513,45.817887],[-119.915157,45.81969],[-119.9098,45.821274],[-119.907777,45.820571],[-119.895878,45.822394],[-119.890787,45.824487],[-119.886622,45.824732],[-119.884212,45.82654],[-119.871247,45.829634],[-119.863516,45.832435],[-119.861274,45.83379],[-119.853814,45.834704],[-119.849242,45.836109],[-119.84044,45.837264],[-119.831631,45.837874],[-119.823362,45.839614],[-119.799983,45.838255],[-119.797488,45.837394],[-119.788961,45.836658],[-119.784238,45.83715],[-119.779563,45.835433],[-119.771216,45.834789],[-119.75875,45.835453],[-119.753878,45.834908],[-119.727221,45.836521],[-119.717267,45.839184],[-119.717747,45.841548],[-119.710169,45.843798],[-119.707604,45.845959],[-119.701515,45.847847],[-119.691802,45.852827],[-119.680085,45.852619],[-119.673767,45.853414],[-119.67026,45.851187],[-119.665826,45.8518],[-119.66555,45.85497],[-119.661915,45.858276],[-119.652415,45.865601],[-119.647286,45.870842],[-119.63992,45.872753],[-119.629384,45.874858],[-119.619331,45.878411],[-119.614686,45.881616],[-119.607856,45.882825],[-119.608148,45.884624],[-119.613048,45.885367],[-119.612808,45.889261],[-119.605569,45.890487],[-119.606098,45.894068],[-119.60482,45.897885],[-119.602261,45.89935],[-119.598816,45.904457],[-119.599769,45.907429],[-119.596127,45.913551],[-119.590598,45.916064],[-119.590669,45.917791],[-119.586726,45.919311],[-119.576928,45.920772],[-119.568819,45.92001],[-119.559146,45.916698],[-119.536357,45.906796],[-119.52833,45.90505],[-119.512118,45.902214],[-119.50325,45.901804],[-119.49169,45.900758],[-119.483569,45.901907],[-119.474009,45.90173],[-119.468063,45.902971],[-119.456282,45.908551],[-119.445268,45.912221],[-119.433341,45.913483],[-119.420809,45.912281],[-119.414257,45.910788],[-119.408285,45.9123],[-119.396161,45.913333],[-119.387344,45.915375],[-119.384916,45.915073],[-119.369093,45.916791],[-119.364222,45.918154],[-119.352876,45.919113],[-119.350559,45.920819],[-119.341979,45.922708],[-119.336203,45.923258],[-119.326923,45.926002],[-119.328723,45.928196],[-119.323725,45.929535],[-119.314938,45.930385],[-119.313201,45.931959],[-119.303061,45.933248],[-119.297701,45.932271],[-119.299515,45.939824],[-119.303909,45.940005],[-119.310623,45.939084],[-119.31567,45.940203],[-119.321125,45.939297],[-119.327342,45.934783],[-119.332113,45.934799],[-119.337913,45.933141],[-119.348194,45.932595],[-119.34383,45.930408],[-119.35022,45.929485],[-119.361809,45.925937],[-119.370998,45.927491],[-119.361507,45.930358],[-119.364597,45.931547],[-119.367668,45.929511],[-119.380575,45.926857],[-119.389874,45.924448],[-119.394778,45.924175],[-119.409294,45.922156],[-119.417144,45.923254],[-119.434621,45.922532],[-119.448412,45.921166],[-119.472565,45.915891],[-119.484655,45.913528],[-119.488566,45.911075],[-119.500947,45.910696],[-119.506751,45.911935],[-119.520625,45.913488],[-119.523501,45.91265],[-119.535787,45.9159],[-119.540453,45.918923],[-119.546338,45.920503],[-119.558258,45.924623],[-119.551248,45.926212],[-119.546785,45.925872],[-119.544043,45.923826],[-119.543745,45.921874],[-119.540877,45.921259],[-119.54221,45.928877],[-119.538973,45.925668],[-119.532351,45.920802],[-119.528077,45.920422],[-119.528036,45.923384],[-119.535484,45.927022],[-119.537753,45.929929],[-119.528112,45.927217],[-119.525093,45.929717],[-119.53068,45.930196],[-119.533735,45.93431],[-119.537642,45.932885],[-119.546595,45.930714],[-119.550759,45.934378],[-119.554988,45.93457],[-119.556394,45.938881],[-119.562211,45.9374],[-119.570448,45.937373],[-119.57856,45.936719],[-119.589389,45.933629],[-119.599299,45.932661],[-119.606041,45.930855],[-119.609858,45.928396],[-119.614235,45.927769],[-119.62231,45.924634],[-119.627345,45.923747],[-119.630728,45.920261],[-119.634343,45.918908],[-119.637093,45.919452],[-119.644174,45.917289],[-119.645134,45.914958],[-119.65179,45.913019],[-119.658524,45.909808],[-119.658431,45.908453],[-119.672093,45.904047],[-119.678306,45.902655],[-119.685784,45.897747],[-119.696322,45.885276],[-119.70298,45.882665],[-119.706647,45.881974],[-119.715423,45.877267],[-119.745492,45.857516],[-119.751654,45.854215],[-119.759849,45.852371],[-119.770074,45.853488],[-119.774232,45.8552],[-119.774733,45.857295],[-119.772298,45.860019],[-119.772972,45.861698],[-119.778766,45.859089],[-119.781645,45.862161],[-119.784525,45.863028],[-119.792287,45.862513],[-119.797146,45.863013],[-119.798833,45.864395],[-119.812655,45.864982],[-119.818213,45.866287],[-119.825991,45.864805],[-119.827843,45.865106],[-119.833834,45.869273],[-119.842853,45.868519],[-119.849421,45.865929],[-119.856434,45.860991],[-119.861435,45.854759],[-119.862999,45.849818],[-119.865498,45.84572],[-119.870877,45.842389],[-119.879516,45.840296],[-119.885644,45.839625],[-119.889011,45.838283],[-119.894149,45.838142],[-119.904255,45.835447],[-119.916948,45.833892],[-119.923404,45.833871],[-119.928879,45.835429],[-119.936865,45.834579],[-119.941007,45.833345],[-119.948349,45.832752],[-119.959549,45.829844],[-119.9654,45.829947],[-119.976897,45.827706],[-119.991158,45.821542],[-119.99217,45.821629],[-120.003055,45.818089],[-120.005016,45.81792],[-120.014092,45.814119],[-120.020021,45.813134],[-120.022156,45.810761],[-120.025426,45.810801],[-120.029143,45.808954],[-120.032632,45.808977],[-120.044717,45.804176],[-120.049931,45.801584],[-120.060617,45.798459],[-120.064121,45.796995],[-120.06862,45.793711],[-120.073308,45.792729],[-120.091271,45.787626],[-120.101805,45.786889],[-120.11247,45.783907],[-120.121012,45.783848],[-120.130784,45.782008],[-120.134366,45.782114],[-120.143529,45.780654],[-120.150497,45.778803],[-120.15999,45.773717],[-120.167663,45.771339],[-120.17604,45.767266],[-120.177138,45.765654],[-120.185372,45.762166],[-120.187018,45.759863],[-120.185796,45.75795],[-120.190543,45.75319],[-120.197092,45.748359],[-120.200523,45.748545],[-120.204618,45.743248],[-120.209771,45.739979],[-120.214398,45.735827],[-120.220692,45.731526],[-120.224968,45.732249],[-120.230533,45.728946],[-120.242339,45.727143],[-120.252768,45.726879],[-120.263599,45.72542],[-120.272595,45.725424],[-120.277433,45.726254],[-120.290267,45.724426],[-120.309772,45.718577],[-120.314211,45.721259],[-120.314594,45.718912],[-120.32604,45.715314],[-120.340921,45.712696],[-120.341868,45.713568],[-120.349759,45.712798],[-120.364136,45.709684],[-120.36553,45.710215],[-120.374509,45.710118],[-120.384898,45.708122],[-120.38908,45.706309],[-120.39567,45.706937],[-120.40861,45.705175],[-120.41697,45.705331],[-120.432601,45.704182],[-120.46769,45.702309],[-120.476495,45.701462],[-120.48682,45.702911],[-120.494258,45.705085],[-120.503311,45.705766],[-120.505799,45.706776],[-120.509256,45.710469],[-120.524441,45.723282],[-120.535021,45.733629],[-120.54625,45.739357],[-120.555664,45.741821],[-120.558155,45.743274],[-120.564562,45.745353],[-120.58493,45.74969],[-120.587226,45.749558],[-120.59614,45.751297],[-120.607712,45.752072],[-120.622433,45.751807],[-120.639898,45.748277],[-120.649208,45.745363],[-120.658696,45.741615],[-120.667816,45.737449],[-120.67536,45.733501],[-120.679041,45.732202],[-120.685746,45.726822],[-120.688056,45.727047],[-120.692293,45.725187],[-120.692269,45.723624],[-120.696991,45.723103],[-120.699364,45.721606],[-120.696466,45.719302],[-120.688167,45.711059],[-120.682295,45.714174],[-120.672772,45.720678],[-120.658837,45.728501],[-120.652876,45.730265],[-120.650496,45.72999],[-120.646759,45.731711],[-120.64823,45.733763],[-120.645972,45.73595],[-120.641325,45.738307],[-120.633718,45.740415],[-120.627411,45.741053],[-120.616839,45.740807],[-120.607189,45.741612],[-120.594061,45.740584],[-120.57263,45.735799],[-120.56526,45.733063],[-120.557358,45.728938],[-120.551298,45.724714],[-120.540184,45.713508],[-120.532618,45.707237],[-120.523721,45.701678],[-120.510015,45.694587],[-120.501175,45.691642],[-120.49098,45.68899],[-120.484703,45.687858],[-120.471987,45.688103],[-120.469484,45.688757],[-120.463122,45.688698],[-120.441923,45.691102],[-120.419425,45.692016],[-120.408171,45.69317],[-120.391409,45.693005],[-120.388396,45.693251],[-120.36757,45.697699],[-120.353189,45.703529],[-120.341653,45.704141],[-120.334405,45.705097],[-120.32052,45.708229],[-120.303056,45.711404],[-120.283468,45.716582],[-120.2765,45.716711],[-120.266293,45.715726],[-120.251167,45.715946],[-120.245835,45.715187],[-120.241728,45.71736],[-120.234338,45.718356],[-120.217069,45.71966],[-120.209115,45.720791],[-120.209523,45.722853],[-120.205405,45.724038],[-120.202892,45.723232],[-120.199353,45.725607],[-120.187389,45.736339],[-120.179172,45.744755],[-120.169769,45.751823],[-120.169267,45.753715],[-120.163313,45.755929],[-120.156098,45.757188],[-120.146397,45.760848],[-120.142368,45.763501],[-120.137446,45.764996],[-120.137256,45.7668],[-120.121922,45.769191],[-120.116688,45.769517],[-120.105352,45.77121],[-120.103002,45.772401],[-120.094595,45.77327],[-120.09034,45.773222],[-120.079605,45.774743],[-120.066848,45.778291],[-120.065289,45.777677],[-120.060642,45.779618],[-120.049473,45.786175],[-120.045985,45.787069],[-120.034853,45.792599],[-120.028298,45.794708],[-120.024379,45.794789],[-120.012842,45.800975],[-120.004122,45.803784],[-119.99898,45.803981],[-119.98967,45.807495],[-119.981375,45.80871],[-119.97069,45.810852],[-119.968472,45.812059],[-119.957597,45.813669]],[[-119.804414,45.854662],[-119.808856,45.851339],[-119.813321,45.850269],[-119.816232,45.851306],[-119.818986,45.850165],[-119.823459,45.850016],[-119.834616,45.847267],[-119.844933,45.845718],[-119.8515,45.844323],[-119.854754,45.842693],[-119.85776,45.843223],[-119.855555,45.852519],[-119.853502,45.855941],[-119.851289,45.856633],[-119.848074,45.860396],[-119.841751,45.864171],[-119.837905,45.864495],[-119.829899,45.863455],[-119.813408,45.858056],[-119.807051,45.856883],[-119.804414,45.854662]],[[-119.626154,45.912748],[-119.621843,45.914735],[-119.61398,45.916225],[-119.617088,45.913131],[-119.622374,45.911708],[-119.626154,45.912748]],[[-119.626149,45.894739],[-119.617423,45.902706],[-119.614721,45.901994],[-119.616462,45.899432],[-119.621017,45.898778],[-119.622334,45.896369],[-119.626149,45.894739]],[[-119.578857,45.934657],[-119.577042,45.935897],[-119.571863,45.936391],[-119.569214,45.934581],[-119.578857,45.934657]]]},"properties":{"OBJECTID":12,"fhdFtrID":12,"fhdRefID":53684,"fhdRevDt":"20190219","fhdONm":"Peter Robinson","fhdOEnt":"ODFW","fhdSpNm":"Black crappie","fhdRun":"NA","fhdLifeHst":"Resident","fhdUseTy":"ResidentMultipleUses","fhdBasis":"UndocObsFish","fhdStNm":"Lake Umatilla","fhdGenus":"Pomoxis","fhdSp":"nigromaculatus","fhdSubSp":null,"fhdOrig":"NonNative","fhdProd":"Natural","fhdComment":null,"fhdESH":"NA","fhdBasisD":null,"fhdNMF":"no","fhdBasisDt":null,"fhdBasisNm":null,"fhdBasisEnt":null,"fhdBasisPrj":null,"fhdBasisMethod":null,"fhdAccess":null,"fhdBarrierFtrID":null,"fhdEndExtent":null,"Shape__Area":416891569.8113827,"Shape__Length":553547.0915356276,"habitatType":"lake"},"id":50},
{"type":"Feature","geometry":{"type":"Polygon","coordinates":[[[-120.637878,44.166833],[-120.642855,44.166687],[-120.653883,44.168019],[-120.656422,44.166928],[-120.657155,44.163576],[-120.655159,44.161897],[-120.658613,44.159078],[-120.66321,44.156621],[-120.669009,44.155251],[-120.671449,44.150034],[-120.674421,44.146984],[-120.679099,44.147154],[-120.68348,44.150967],[-120.686833,44.149585],[-120.692882,44.145717],[-120.692958,44.13808],[-120.693811,44.136314],[-120.69007,44.132408],[-120.690413,44.131261],[-120.688182,44.125243],[-120.690057,44.123934],[-120.694044,44.125413],[-120.700559,44.130174],[-120.700803,44.132484],[-120.707248,44.133454],[-120.715687,44.13168],[-120.72318,44.128567],[-120.724964,44.130366],[-120.730374,44.131917],[-120.73698,44.134827],[-120.744285,44.134462],[-120.747109,44.132452],[-120.749017,44.128655],[-120.748833,44.126696],[-120.740298,44.119798],[-120.739496,44.116358],[-120.742349,44.113076],[-120.742986,44.110925],[-120.749722,44.107614],[-120.75121,44.105184],[-120.758877,44.105908],[-120.760794,44.108263],[-120.765308,44.109329],[-120.770111,44.111515],[-120.772221,44.110808],[-120.778067,44.113252],[-120.784418,44.113347],[-120.786612,44.111828],[-120.783682,44.109737],[-120.781194,44.105149],[-120.776823,44.106037],[-120.772826,44.105536],[-120.770457,44.106632],[-120.768266,44.104634],[-120.760913,44.102837],[-120.757557,44.101118],[-120.756868,44.097239],[-120.753648,44.096606],[-120.753516,44.099487],[-120.749847,44.102737],[-120.747297,44.10344],[-120.745328,44.106963],[-120.740928,44.108342],[-120.735684,44.111093],[-120.732768,44.111758],[-120.729561,44.110289],[-120.724163,44.111168],[-120.7246,44.117044],[-120.729994,44.120241],[-120.729053,44.12271],[-120.723849,44.121883],[-120.719729,44.122285],[-120.714617,44.12598],[-120.713948,44.128032],[-120.709996,44.128631],[-120.710825,44.126019],[-120.709409,44.123637],[-120.703575,44.122123],[-120.699447,44.117109],[-120.697253,44.119929],[-120.691663,44.119562],[-120.685297,44.117411],[-120.681527,44.120313],[-120.681262,44.124974],[-120.683055,44.128578],[-120.68815,44.133763],[-120.685195,44.138783],[-120.689667,44.142442],[-120.688456,44.145898],[-120.685896,44.147819],[-120.683046,44.147802],[-120.679572,44.145289],[-120.675572,44.143566],[-120.67235,44.144054],[-120.669963,44.149419],[-120.665688,44.152074],[-120.659408,44.153405],[-120.65863,44.155737],[-120.656062,44.155983],[-120.651282,44.15952],[-120.65115,44.16308],[-120.647513,44.165477],[-120.639015,44.165819],[-120.637878,44.166833]],[[-120.734781,44.128634],[-120.733332,44.126095],[-120.729891,44.12316],[-120.732882,44.121782],[-120.73797,44.123535],[-120.741931,44.126266],[-120.740144,44.129444],[-120.734781,44.128634]]]},"properties":{"OBJECTID":13,"fhdFtrID":13,"fhdRefID":53718,"fhdRevDt":"20190508","fhdONm":"Kevin Stertz","fhdOEnt":"ODFW","fhdSpNm":"Black crappie","fhdRun":"NA","fhdLifeHst":"Resident","fhdUseTy":"ResidentMultipleUses","fhdBasis":"DocObsFish","fhdStNm":"Prineville Reservoir","fhdGenus":"Pomoxis","fhdSp":"nigromaculatus","fhdSubSp":null,"fhdOrig":"NonNative","fhdProd":"Natural","fhdComment":null,"fhdESH":"NA","fhdBasisD":null,"fhdNMF":"no","fhdBasisDt":"20170000","fhdBasisNm":"Kevin Stertz","fhdBasisEnt":null,"fhdBasisPrj":null,"fhdBasisMethod":"Electrofisher","fhdAccess":null,"fhdBarrierFtrID":null,"fhdEndExtent":null,"Shape__Area":22475405.73573338,"Shape__Length":92386.1152524814,"habitatType":"lake"},"id":51},
{"type":"Feature","geometry":{"type":"Polygon","coordinates":[[[-118.789735,45.605936],[-118.792595,45.607593],[-118.799373,45.602975],[-118.790773,45.587213],[-118.784291,45.581188],[-118.781948,45.580112],[-118.778053,45.573824],[-118.780204,45.568833],[-118.778825,45.562765],[-118.77413,45.563812],[-118.770914,45.562412],[-118.767646,45.565927],[-118.770179,45.573849],[-118.77259,45.578497],[-118.778774,45.583595],[-118.779404,45.588],[-118.778175,45.592449],[-118.775838,45.5936],[-118.776795,45.601615],[-118.782217,45.604047],[-118.784875,45.603208],[-118.789735,45.605936]]]},"properties":{"OBJECTID":14,"fhdFtrID":14,"fhdRefID":53684,"fhdRevDt":"20190219","fhdONm":"Peter Robinson","fhdOEnt":"ODFW","fhdSpNm":"Black crappie","fhdRun":"NA","fhdLifeHst":"Resident","fhdUseTy":"ResidentMultipleUses","fhdBasis":"UndocObsFish","fhdStNm":"McKay Reservoir","fhdGenus":"Pomoxis","fhdSp":"nigromaculatus","fhdSubSp":null,"fhdOrig":"NonNative","fhdProd":"Natural","fhdComment":null,"fhdESH":"NA","fhdBasisD":null,"fhdNMF":"no","fhdBasisDt":null,"fhdBasisNm":null,"fhdBasisEnt":null,"fhdBasisPrj":null,"fhdBasisMethod":null,"fhdAccess":null,"fhdBarrierFtrID":null,"fhdEndExtent":null,"Shape__Area":9700393.30579944,"Shape__Length":26763.49791374728,"habitatType":"lake"},"id":52},
{"type":"Feature","geometry":{"type":"Polygon","coordinates":[[[-119.887269,44.988189],[-119.887244,44.990437],[-119.89005,44.990049],[-119.887269,44.988189]]]},"properties":{"OBJECTID":15,"fhdFtrID":15,"fhdRefID":53684,"fhdRevDt":"20190219","fhdONm":"Peter Robinson","fhdOEnt":"ODFW","fhdSpNm":"Black crappie","fhdRun":"NA","fhdLifeHst":"Resident","fhdUseTy":"ResidentMultipleUses","fhdBasis":"UndocObsFish","fhdStNm":"Wineland Lake","fhdGenus":"Pomoxis","fhdSp":"nigromaculatus","fhdSubSp":null,"fhdOrig":"NonNative","fhdProd":"Natural","fhdComment":null,"fhdESH":"NA","fhdBasisD":null,"fhdNMF":"no","fhdBasisDt":null,"fhdBasisNm":null,"fhdBasisEnt":null,"fhdBasisPrj":null,"fhdBasisMethod":null,"fhdAccess":null,"fhdBarrierFtrID":null,"fhdEndExtent":null,"Shape__Area":106885.74249318,"Shape__Length":1467.3564731871345,"habitatType":"lake"},"id":53},
{"type":"Feature","geometry":{"type":"Polygon","coordinates":[[[-119.024128,46.202282],[-119.027075,46.203138],[-119.026899,46.206659],[-119.022409,46.21137],[-119.01804,46.211483],[-119.020385,46.214018],[-119.017587,46.214785],[-119.012338,46.218107],[-119.003753,46.221854],[-118.994248,46.224789],[-118.985339,46.229341],[-118.978269,46.234427],[-118.974065,46.23589],[-118.968563,46.235539],[-118.956162,46.236544],[-118.951087,46.236276],[-118.931516,46.239871],[-118.917468,46.241048],[-118.914479,46.242043],[-118.908954,46.24187],[-118.904233,46.242902],[-118.903016,46.24412],[-118.896429,46.245966],[-118.884253,46.247612],[-118.880071,46.247483],[-118.880197,46.250481],[-118.885051,46.251064],[-118.894694,46.249798],[-118.904501,46.247668],[-118.910659,46.246985],[-118.928092,46.243623],[-118.931895,46.243442],[-118.953761,46.240942],[-118.96127,46.241821],[-118.969041,46.241287],[-118.97817,46.239869],[-118.986199,46.237349],[-118.997608,46.232799],[-119.005997,46.230011],[-119.009619,46.227704],[-119.011985,46.224551],[-119.0197,46.220676],[-119.023368,46.218133],[-119.033953,46.208455],[-119.039017,46.198348],[-119.032362,46.189711],[-119.027243,46.192465],[-119.027326,46.19262],[-119.030903,46.198641],[-119.030402,46.199059],[-119.030082,46.199157],[-119.029629,46.199359],[-119.029399,46.199503],[-119.02901,46.199685],[-119.02863,46.199737],[-119.027153,46.20023],[-119.026891,46.200407],[-119.024328,46.201774],[-119.024128,46.202282]],[[-118.994437,46.231293],[-118.989375,46.234365],[-118.987389,46.233238],[-118.99095,46.23044],[-118.994437,46.231293]]]},"properties":{"OBJECTID":16,"fhdFtrID":16,"fhdRefID":53684,"fhdRevDt":"20190219","fhdONm":"Peter Robinson","fhdOEnt":"ODFW","fhdSpNm":"Black crappie","fhdRun":"NA","fhdLifeHst":"Resident","fhdUseTy":"ResidentMultipleUses","fhdBasis":"UndocObsFish","fhdStNm":"Lake Wallula","fhdGenus":"Pomoxis","fhdSp":"nigromaculatus","fhdSubSp":null,"fhdOrig":"NonNative","fhdProd":"Natural","fhdComment":null,"fhdESH":"NA","fhdBasisD":null,"fhdNMF":"no","fhdBasisDt":null,"fhdBasisNm":null,"fhdBasisEnt":null,"fhdBasisPrj":null,"fhdBasisMethod":null,"fhdAccess":null,"fhdBarrierFtrID":null,"fhdEndExtent":null,"Shape__Area":16630197.08352501,"Shape__Length":80679.66388100637,"habitatType":"lake"},"id":54},
{"type":"Feature","geometry":{"type":"Polygon","coordinates":[[[-123.937885,46.14915],[-123.937759,46.150061],[-123.940056,46.153177],[-123.940806,46.152463],[-123.937885,46.14915]]]},"properties":{"OBJECTID":17,"fhdFtrID":17,"fhdRefID":53684,"fhdRevDt":"20190219","fhdONm":"Peter Robinson","fhdOEnt":"ODFW","fhdSpNm":"Black crappie","fhdRun":"NA","fhdLifeHst":"Resident","fhdUseTy":"ResidentMultipleUses","fhdBasis":"UndocObsFish","fhdStNm":"Cemetery Lake","fhdGenus":"Pomoxis","fhdSp":"nigromaculatus","fhdSubSp":null,"fhdOrig":"NonNative","fhdProd":"Natural","fhdComment":null,"fhdESH":"NA","fhdBasisD":null,"fhdNMF":"no","fhdBasisDt":null,"fhdBasisNm":null,"fhdBasisEnt":null,"fhdBasisPrj":null,"fhdBasisMethod":null,"fhdAccess":null,"fhdBarrierFtrID":null,"fhdEndExtent":null,"Shape__Area":83390.48976121,"Shape__Length":1552.0270834589605,"habitatType":"lake"},"id":55},
{"type":"Feature","geometry":{"type":"Polygon","coordinates":[[[-122.227257,45.543582],[-122.230271,45.543642],[-122.238586,45.542278],[-122.241585,45.543078],[-122.24519,45.541342],[-122.236329,45.541642],[-122.227257,45.543582]]]},"properties":{"OBJECTID":18,"fhdFtrID":18,"fhdRefID":53684,"fhdRevDt":"20190219","fhdONm":"Peter Robinson","fhdOEnt":"ODFW","fhdSpNm":"Black crappie","fhdRun":"NA","fhdLifeHst":"Resident","fhdUseTy":"ResidentMultipleUses","fhdBasis":"UndocObsFish","fhdStNm":"Mirror Pond","fhdGenus":"Pomoxis","fhdSp":"nigromaculatus","fhdSubSp":null,"fhdOrig":"NonNative","fhdProd":"Natural","fhdComment":null,"fhdESH":"NA","fhdBasisD":null,"fhdNMF":"no","fhdBasisDt":null,"fhdBasisNm":null,"fhdBasisEnt":null,"fhdBasisPrj":null,"fhdBasisMethod":null,"fhdAccess":null,"fhdBarrierFtrID":null,"fhdEndExtent":null,"Shape__Area":285601.220385745,"Shape__Length":6442.146456840715,"habitatType":"lake"},"id":56},
{"type":"Feature","geometry":{"type":"Polygon","coordinates":[[[-123.937215,46.147943],[-123.938028,46.146599],[-123.934421,46.138518],[-123.933182,46.140213],[-123.937215,46.147943]]]},"properties":{"OBJECTID":19,"fhdFtrID":19,"fhdRefID":53684,"fhdRevDt":"20190219","fhdONm":"Peter Robinson","fhdOEnt":"ODFW","fhdSpNm":"Black crappie","fhdRun":"NA","fhdLifeHst":"Resident","fhdUseTy":"ResidentMultipleUses","fhdBasis":"UndocObsFish","fhdStNm":"Smith Lake","fhdGenus":"Pomoxis","fhdSp":"nigromaculatus","fhdSubSp":null,"fhdOrig":"NonNative","fhdProd":"Natural","fhdComment":null,"fhdESH":"NA","fhdBasisD":null,"fhdNMF":"no","fhdBasisDt":null,"fhdBasisNm":null,"fhdBasisEnt":null,"fhdBasisPrj":null,"fhdBasisMethod":null,"fhdAccess":null,"fhdBarrierFtrID":null,"fhdEndExtent":null,"Shape__Area":371773.45582826,"Shape__Length":5336.1357325247845,"habitatType":"lake"},"id":57},
{"type":"Feature","geometry":{"type":"Polygon","coordinates":[[[-122.132968,45.577306],[-122.139071,45.576404],[-122.135595,45.575524],[-122.131875,45.576225],[-122.132968,45.577306]]]},"properties":{"OBJECTID":20,"fhdFtrID":20,"fhdRefID":53684,"fhdRevDt":"20190219","fhdONm":"Peter Robinson","fhdOEnt":"ODFW","fhdSpNm":"Black crappie","fhdRun":"NA","fhdLifeHst":"Resident","fhdUseTy":"ResidentMultipleUses","fhdBasis":"UndocObsFish","fhdStNm":"Wahkeena Rearing Lake","fhdGenus":"Pomoxis","fhdSp":"nigromaculatus","fhdSubSp":null,"fhdOrig":"NonNative","fhdProd":"Natural","fhdComment":null,"fhdESH":"NA","fhdBasisD":null,"fhdNMF":"no","fhdBasisDt":null,"fhdBasisNm":null,"fhdBasisEnt":null,"fhdBasisPrj":null,"fhdBasisMethod":null,"fhdAccess":null,"fhdBarrierFtrID":null,"fhdEndExtent":null,"Shape__Area":157430.717617665,"Shape__Length":1911.85754371111,"habitatType":"lake"},"id":58},
{"type":"Feature","geometry":{"type":"Polygon","coordinates":[[[-123.949753,46.162019],[-123.950013,46.163215],[-123.951593,46.165508],[-123.952265,46.166951],[-123.953679,46.169074],[-123.954595,46.169359],[-123.952691,46.166424],[-123.95153,46.164104],[-123.950614,46.163457],[-123.949753,46.162019]]]},"properties":{"OBJECTID":21,"fhdFtrID":21,"fhdRefID":53684,"fhdRevDt":"20190219","fhdONm":"Peter Robinson","fhdOEnt":"ODFW","fhdSpNm":"Black crappie","fhdRun":"NA","fhdLifeHst":"Resident","fhdUseTy":"ResidentMultipleUses","fhdBasis":"UndocObsFish","fhdStNm":"Crabapple Lake","fhdGenus":"Pomoxis","fhdSp":"nigromaculatus","fhdSubSp":null,"fhdOrig":"NonNative","fhdProd":"Natural","fhdComment":null,"fhdESH":"NA","fhdBasisD":null,"fhdNMF":"no","fhdBasisDt":null,"fhdBasisNm":null,"fhdBasisEnt":null,"fhdBasisPrj":null,"fhdBasisMethod":null,"fhdAccess":null,"fhdBarrierFtrID":null,"fhdEndExtent":null,"Shape__Area":84855.79064739,"Shape__Length":2712.8208387249315,"habitatType":"lake"},"id":59},
{"type":"Feature","geometry":{"type":"Polygon","coordinates":[[[-123.943041,46.15564],[-123.944288,46.155047],[-123.942464,46.151959],[-123.942227,46.15395],[-123.943041,46.15564]]]},"properties":{"OBJECTID":22,"fhdFtrID":22,"fhdRefID":53684,"fhdRevDt":"20190219","fhdONm":"Peter Robinson","fhdOEnt":"ODFW","fhdSpNm":"Black crappie","fhdRun":"NA","fhdLifeHst":"Resident","fhdUseTy":"ResidentMultipleUses","fhdBasis":"UndocObsFish","fhdStNm":"Wild Ace Lake","fhdGenus":"Pomoxis","fhdSp":"nigromaculatus","fhdSubSp":null,"fhdOrig":"NonNative","fhdProd":"Natural","fhdComment":null,"fhdESH":"NA","fhdBasisD":null,"fhdNMF":"no","fhdBasisDt":null,"fhdBasisNm":null,"fhdBasisEnt":null,"fhdBasisPrj":null,"fhdBasisMethod":null,"fhdAccess":null,"fhdBarrierFtrID":null,"fhdEndExtent":null,"Shape__Area":98271.774879135,"Shape__Length":1723.4409401893272,"habitatType":"lake"},"id":60},
{"type":"Feature","geometry":{"type":"Polygon","coordinates":[[[-123.907164,46.091655],[-123.907035,46.083086],[-123.90323,46.076814],[-123.896757,46.079166],[-123.900571,46.081509],[-123.901798,46.086261],[-123.904715,46.087507],[-123.904524,46.089932],[-123.907164,46.091655]]]},"properties":{"OBJECTID":23,"fhdFtrID":23,"fhdRefID":53684,"fhdRevDt":"20190219","fhdONm":"Peter Robinson","fhdOEnt":"ODFW","fhdSpNm":"Black crappie","fhdRun":"NA","fhdLifeHst":"Resident","fhdUseTy":"ResidentMultipleUses","fhdBasis":"UndocObsFish","fhdStNm":"Cullaby Lake","fhdGenus":"Pomoxis","fhdSp":"nigromaculatus","fhdSubSp":null,"fhdOrig":"NonNative","fhdProd":"Natural","fhdComment":null,"fhdESH":"NA","fhdBasisD":null,"fhdNMF":"no","fhdBasisDt":null,"fhdBasisNm":null,"fhdBasisEnt":null,"fhdBasisPrj":null,"fhdBasisMethod":null,"fhdAccess":null,"fhdBarrierFtrID":null,"fhdEndExtent":null,"Shape__Area":1636555.44524015,"Shape__Length":14281.805200586636,"habitatType":"lake"},"id":61},
{"type":"Feature","geometry":{"type":"Polygon","coordinates":[[[-122.808326,44.071332],[-122.811058,44.072223],[-122.814509,44.070797],[-122.814836,44.068632],[-122.809433,44.067552],[-122.806838,44.068502],[-122.808326,44.071332]]]},"properties":{"OBJECTID":24,"fhdFtrID":24,"fhdRefID":53684,"fhdRevDt":"20190219","fhdONm":"Peter Robinson","fhdOEnt":"ODFW","fhdSpNm":"Black crappie","fhdRun":"NA","fhdLifeHst":"Resident","fhdUseTy":"ResidentMultipleUses","fhdBasis":"UndocObsFish","fhdStNm":"Walterville Reservoir","fhdGenus":"Pomoxis","fhdSp":"nigromaculatus","fhdSubSp":null,"fhdOrig":"NonNative","fhdProd":"Natural","fhdComment":null,"fhdESH":"NA","fhdBasisD":null,"fhdNMF":"no","fhdBasisDt":null,"fhdBasisNm":null,"fhdBasisEnt":null,"fhdBasisPrj":null,"fhdBasisMethod":null,"fhdAccess":null,"fhdBarrierFtrID":null,"fhdEndExtent":null,"Shape__Area":476043.477543555,"Shape__Length":2806.9009145042705,"habitatType":"lake"},"id":62},
{"type":"Feature","geometry":{"type":"Polygon","coordinates":[[[-122.815403,45.70719],[-122.815505,45.709127],[-122.816546,45.70899],[-122.815403,45.70719]]]},"properties":{"OBJECTID":25,"fhdFtrID":25,"fhdRefID":53684,"fhdRevDt":"20190219","fhdONm":"Peter Robinson","fhdOEnt":"ODFW","fhdSpNm":"Black crappie","fhdRun":"NA","fhdLifeHst":"Resident","fhdUseTy":"ResidentMultipleUses","fhdBasis":"UndocObsFish","fhdStNm":"Haldeman Pond","fhdGenus":"Pomoxis","fhdSp":"nigromaculatus","fhdSubSp":null,"fhdOrig":"NonNative","fhdProd":"Natural","fhdComment":null,"fhdESH":"NA","fhdBasisD":null,"fhdNMF":"no","fhdBasisDt":null,"fhdBasisNm":null,"fhdBasisEnt":null,"fhdBasisPrj":null,"fhdBasisMethod":null,"fhdAccess":null,"fhdBarrierFtrID":null,"fhdEndExtent":null,"Shape__Area":39095.5336646,"Shape__Length":848.4282429162174,"habitatType":"lake"},"id":63},
{"type":"Feature","geometry":{"type":"Polygon","coordinates":[[[-122.738789,45.615756],[-122.740058,45.613478],[-122.743504,45.610915],[-122.74218,45.608847],[-122.735305,45.604685],[-122.727987,45.603453],[-122.720085,45.603692],[-122.718952,45.605234],[-122.721057,45.608575],[-122.714459,45.609576],[-122.713858,45.612439],[-122.720536,45.614556],[-122.722171,45.615779],[-122.729841,45.614948],[-122.735096,45.616007],[-122.735479,45.616032],[-122.737959,45.615981],[-122.738789,45.615756]]]},"properties":{"OBJECTID":26,"fhdFtrID":26,"fhdRefID":53684,"fhdRevDt":"20190219","fhdONm":"Peter Robinson","fhdOEnt":null,"fhdSpNm":null,"fhdRun":null,"fhdLifeHst":null,"fhdUseTy":null,"fhdBasis":null,"fhdStNm":"Smith Lake","fhdGenus":null,"fhdSp":null,"fhdSubSp":null,"fhdOrig":null,"fhdProd":null,"fhdComment":null,"fhdESH":null,"fhdBasisD":null,"fhdNMF":null,"fhdBasisDt":null,"fhdBasisNm":null,"fhdBasisEnt":null,"fhdBasisPrj":null,"fhdBasisMethod":null,"fhdAccess":null,"fhdBarrierFtrID":null,"fhdEndExtent":null,"Shape__Area":4204710.042151095,"Shape__Length":19581.304953776194,"habitatType":"lake"},"id":64},
{"type":"Feature","geometry":{"type":"Polygon","coordinates":[[[-123.20243,44.179371],[-123.202628,44.180348],[-123.204817,44.180046],[-123.204626,44.179069],[-123.20243,44.179371]]]},"properties":{"OBJECTID":27,"fhdFtrID":27,"fhdRefID":53684,"fhdRevDt":"20190219","fhdONm":"Peter Robinson","fhdOEnt":"ODFW","fhdSpNm":"Black crappie","fhdRun":"NA","fhdLifeHst":"Resident","fhdUseTy":"ResidentMultipleUses","fhdBasis":"UndocObsFish","fhdStNm":"Junction City Pond","fhdGenus":"Pomoxis","fhdSp":"nigromaculatus","fhdSubSp":null,"fhdOrig":"NonNative","fhdProd":"Natural","fhdComment":null,"fhdESH":"NA","fhdBasisD":null,"fhdNMF":"no","fhdBasisDt":null,"fhdBasisNm":null,"fhdBasisEnt":null,"fhdBasisPrj":null,"fhdBasisMethod":null,"fhdAccess":null,"fhdBarrierFtrID":null,"fhdEndExtent":null,"Shape__Area":49157.960186285,"Shape__Length":891.5237789893262,"habitatType":"lake"},"id":65},
{"type":"Feature","geometry":{"type":"Polygon","coordinates":[[[-122.992171,44.915671],[-122.992913,44.915275],[-122.993205,44.91392],[-122.991553,44.914508],[-122.992171,44.915671]]]},"properties":{"OBJECTID":28,"fhdFtrID":28,"fhdRefID":53684,"fhdRevDt":"20190219","fhdONm":"Peter Robinson","fhdOEnt":"ODFW","fhdSpNm":"Black crappie","fhdRun":"NA","fhdLifeHst":"Resident","fhdUseTy":"ResidentMultipleUses","fhdBasis":"UndocObsFish","fhdStNm":"Blue Gill Lake","fhdGenus":"Pomoxis","fhdSp":"nigromaculatus","fhdSubSp":null,"fhdOrig":"NonNative","fhdProd":"Natural","fhdComment":null,"fhdESH":"NA","fhdBasisD":null,"fhdNMF":"no","fhdBasisDt":null,"fhdBasisNm":null,"fhdBasisEnt":null,"fhdBasisPrj":null,"fhdBasisMethod":null,"fhdAccess":null,"fhdBarrierFtrID":null,"fhdEndExtent":null,"Shape__Area":41909.572341325,"Shape__Length":1028.5436505085822,"habitatType":"lake"},"id":66},
{"type":"Feature","geometry":{"type":"Polygon","coordinates":[[[-123.04849,45.078024],[-123.045973,45.078764],[-123.043734,45.080613],[-123.04268,45.082819],[-123.043871,45.087637],[-123.044801,45.087583],[-123.043772,45.083654],[-123.043896,45.082046],[-123.045577,45.079884],[-123.04849,45.078024]]]},"properties":{"OBJECTID":29,"fhdFtrID":29,"fhdRefID":53684,"fhdRevDt":"20190219","fhdONm":"Peter Robinson","fhdOEnt":"ODFW","fhdSpNm":"Black crappie","fhdRun":"NA","fhdLifeHst":"Resident","fhdUseTy":"ResidentMultipleUses","fhdBasis":"UndocObsFish","fhdStNm":"Mission Lake","fhdGenus":"Pomoxis","fhdSp":"nigromaculatus","fhdSubSp":null,"fhdOrig":"NonNative","fhdProd":"Natural","fhdComment":null,"fhdESH":"NA","fhdBasisD":null,"fhdNMF":"no","fhdBasisDt":null,"fhdBasisNm":null,"fhdBasisEnt":null,"fhdBasisPrj":null,"fhdBasisMethod":null,"fhdAccess":null,"fhdBarrierFtrID":null,"fhdEndExtent":null,"Shape__Area":234955.69232847,"Shape__Length":5165.616184276207,"habitatType":"lake"},"id":67},
{"type":"Feature","geometry":{"type":"Polygon","coordinates":[[[-122.662596,43.975523],[-122.665711,43.976154],[-122.670623,43.974444],[-122.674632,43.972195],[-122.679513,43.9713],[-122.681044,43.969031],[-122.692147,43.965284],[-122.695333,43.96292],[-122.695067,43.961042],[-122.699541,43.958898],[-122.703584,43.955838],[-122.706843,43.956851],[-122.711935,43.955436],[-122.716105,43.956437],[-122.717681,43.955374],[-122.72264,43.954729],[-122.725387,43.956004],[-122.732762,43.956316],[-122.733554,43.954765],[-122.73861,43.955686],[-122.743927,43.953298],[-122.74773,43.953608],[-122.752163,43.955874],[-122.755691,43.956408],[-122.756427,43.946892],[-122.757548,43.942033],[-122.756144,43.940229],[-122.752195,43.939226],[-122.751874,43.941912],[-122.746815,43.942347],[-122.746788,43.939871],[-122.74214,43.937114],[-122.73741,43.935951],[-122.734913,43.934171],[-122.72555,43.932754],[-122.72274,43.931657],[-122.718629,43.931539],[-122.717132,43.929266],[-122.713686,43.928069],[-122.708911,43.928823],[-122.704033,43.925136],[-122.701877,43.92541],[-122.706702,43.929735],[-122.709671,43.931427],[-122.716016,43.930776],[-122.718555,43.933844],[-122.72328,43.933405],[-122.726644,43.93616],[-122.728799,43.936138],[-122.732202,43.938757],[-122.735451,43.939368],[-122.741544,43.94229],[-122.740583,43.945484],[-122.733507,43.945009],[-122.727455,43.946885],[-122.728076,43.94993],[-122.718949,43.950862],[-122.715959,43.953169],[-122.712496,43.952872],[-122.707506,43.953917],[-122.702918,43.951533],[-122.699897,43.952425],[-122.697497,43.957101],[-122.690281,43.959868],[-122.690426,43.96139],[-122.685511,43.961719],[-122.678207,43.965039],[-122.674899,43.96597],[-122.669629,43.970286],[-122.666049,43.974759],[-122.662596,43.975523]]]},"properties":{"OBJECTID":30,"fhdFtrID":30,"fhdRefID":53684,"fhdRevDt":"20190219","fhdONm":"Peter Robinson","fhdOEnt":"ODFW","fhdSpNm":"Black crappie","fhdRun":"NA","fhdLifeHst":"Resident","fhdUseTy":"ResidentMultipleUses","fhdBasis":"UndocObsFish","fhdStNm":"Fall Creek Lake","fhdGenus":"Pomoxis","fhdSp":"nigromaculatus","fhdSubSp":null,"fhdOrig":"NonNative","fhdProd":"Natural","fhdComment":null,"fhdESH":"NA","fhdBasisD":null,"fhdNMF":"no","fhdBasisDt":null,"fhdBasisNm":null,"fhdBasisEnt":null,"fhdBasisPrj":null,"fhdBasisMethod":null,"fhdAccess":null,"fhdBarrierFtrID":null,"fhdEndExtent":null,"Shape__Area":13405141.33083174,"Shape__Length":49377.49752017484,"habitatType":"lake"},"id":68},
{"type":"Feature","geometry":{"type":"Polygon","coordinates":[[[-122.79849,45.75367],[-122.798472,45.757115],[-122.801722,45.756567],[-122.804964,45.754388],[-122.803983,45.751533],[-122.804866,45.748689],[-122.809284,45.744182],[-122.803924,45.743469],[-122.804802,45.739815],[-122.803894,45.734893],[-122.801528,45.731897],[-122.801881,45.729153],[-122.795787,45.726832],[-122.796257,45.724769],[-122.802109,45.72669],[-122.804404,45.728534],[-122.80655,45.73858],[-122.805922,45.74055],[-122.812066,45.741269],[-122.816454,45.740237],[-122.817559,45.742394],[-122.821462,45.742311],[-122.829243,45.74079],[-122.831766,45.740988],[-122.833881,45.738875],[-122.830832,45.736949],[-122.830244,45.73363],[-122.831778,45.730014],[-122.829231,45.727617],[-122.82978,45.724783],[-122.831674,45.724193],[-122.830529,45.7178],[-122.827223,45.714673],[-122.823518,45.714224],[-122.825039,45.721752],[-122.824514,45.725082],[-122.821773,45.729368],[-122.821359,45.732429],[-122.816571,45.732331],[-122.815153,45.72471],[-122.815607,45.719536],[-122.811448,45.708364],[-122.810094,45.700973],[-122.815912,45.697539],[-122.814158,45.695135],[-122.808051,45.69401],[-122.803923,45.698498],[-122.803218,45.700809],[-122.793484,45.703413],[-122.792874,45.70135],[-122.795013,45.698695],[-122.799577,45.70027],[-122.802577,45.69829],[-122.807526,45.691926],[-122.800322,45.695958],[-122.794465,45.698185],[-122.793008,45.700039],[-122.788959,45.701591],[-122.787368,45.703291],[-122.786857,45.707247],[-122.790569,45.708828],[-122.791304,45.710782],[-122.795228,45.711008],[-122.796582,45.712687],[-122.792454,45.714749],[-122.791856,45.722529],[-122.78634,45.723851],[-122.783433,45.726335],[-122.784873,45.727993],[-122.785355,45.73551],[-122.787673,45.738385],[-122.786722,45.743351],[-122.788923,45.747922],[-122.791031,45.748383],[-122.79121,45.752732],[-122.79849,45.75367]]]},"properties":{"OBJECTID":31,"fhdFtrID":31,"fhdRefID":53684,"fhdRevDt":"20190219","fhdONm":"Peter Robinson","fhdOEnt":"ODFW","fhdSpNm":"Black crappie","fhdRun":"NA","fhdLifeHst":"Resident","fhdUseTy":"ResidentMultipleUses","fhdBasis":"UndocObsFish","fhdStNm":"Sturgeon Lake","fhdGenus":"Pomoxis","fhdSp":"nigromaculatus","fhdSubSp":null,"fhdOrig":"NonNative","fhdProd":"Natural","fhdComment":null,"fhdESH":"NA","fhdBasisD":null,"fhdNMF":"no","fhdBasisDt":null,"fhdBasisNm":null,"fhdBasisEnt":null,"fhdBasisPrj":null,"fhdBasisMethod":null,"fhdAccess":null,"fhdBarrierFtrID":null,"fhdEndExtent":null,"Shape__Area":26283117.452131316,"Shape__Length":89255.07772463848,"habitatType":"lake"},"id":69},
{"type":"Feature","geometry":{"type":"Polygon","coordinates":[[[-122.825659,45.135936],[-122.824519,45.136441],[-122.825124,45.137654],[-122.825667,45.137802],[-122.825031,45.136617],[-122.825659,45.135936]]]},"properties":{"OBJECTID":32,"fhdFtrID":32,"fhdRefID":53684,"fhdRevDt":"20190219","fhdONm":"Peter Robinson","fhdOEnt":"ODFW","fhdSpNm":"Black crappie","fhdRun":"NA","fhdLifeHst":"Resident","fhdUseTy":"ResidentMultipleUses","fhdBasis":"UndocObsFish","fhdStNm":"Serres Reservoir","fhdGenus":"Pomoxis","fhdSp":"nigromaculatus","fhdSubSp":null,"fhdOrig":"NonNative","fhdProd":"Natural","fhdComment":null,"fhdESH":"NA","fhdBasisD":null,"fhdNMF":"no","fhdBasisDt":null,"fhdBasisNm":null,"fhdBasisEnt":null,"fhdBasisPrj":null,"fhdBasisMethod":null,"fhdAccess":null,"fhdBarrierFtrID":null,"fhdEndExtent":null,"Shape__Area":16019.190280215,"Shape__Length":837.687723790015,"habitatType":"lake"},"id":70},
{"type":"Feature","geometry":{"type":"Polygon","coordinates":[[[-122.735096,45.616007],[-122.730312,45.617669],[-122.733919,45.621624],[-122.736843,45.620728],[-122.740691,45.621802],[-122.743513,45.62078],[-122.748127,45.621162],[-122.749864,45.622363],[-122.747484,45.62496],[-122.750971,45.625276],[-122.753983,45.623439],[-122.74792,45.617535],[-122.743195,45.615205],[-122.738789,45.615756],[-122.737959,45.615981],[-122.735479,45.616032],[-122.735096,45.616007]]]},"properties":{"OBJECTID":33,"fhdFtrID":33,"fhdRefID":53684,"fhdRevDt":"20190219","fhdONm":"Peter Robinson","fhdOEnt":"ODFW","fhdSpNm":"Black crappie","fhdRun":"NA","fhdLifeHst":"Resident","fhdUseTy":"ResidentMultipleUses","fhdBasis":"UndocObsFish","fhdStNm":"Bybee Lake","fhdGenus":"Pomoxis","fhdSp":"nigromaculatus","fhdSubSp":null,"fhdOrig":"NonNative","fhdProd":"Natural","fhdComment":null,"fhdESH":"NA","fhdBasisD":null,"fhdNMF":"no","fhdBasisDt":null,"fhdBasisNm":null,"fhdBasisEnt":null,"fhdBasisPrj":null,"fhdBasisMethod":null,"fhdAccess":null,"fhdBarrierFtrID":null,"fhdEndExtent":null,"Shape__Area":1916145.08317101,"Shape__Length":17285.852429924096,"habitatType":"lake"},"id":71},
{"type":"Feature","geometry":{"type":"Polygon","coordinates":[[[-122.450636,45.524598],[-122.451544,45.525967],[-122.452657,45.526516],[-122.452531,45.524003],[-122.450636,45.524598]]]},"properties":{"OBJECTID":34,"fhdFtrID":34,"fhdRefID":53684,"fhdRevDt":"20190219","fhdONm":"Peter Robinson","fhdOEnt":"ODFW","fhdSpNm":"Black crappie","fhdRun":"NA","fhdLifeHst":"Resident","fhdUseTy":"ResidentMultipleUses","fhdBasis":"UndocObsFish","fhdStNm":"Salish Ponds","fhdGenus":"Pomoxis","fhdSp":"nigromaculatus","fhdSubSp":null,"fhdOrig":"NonNative","fhdProd":"Natural","fhdComment":null,"fhdESH":"NA","fhdBasisD":null,"fhdNMF":"no","fhdBasisDt":null,"fhdBasisNm":null,"fhdBasisEnt":null,"fhdBasisPrj":null,"fhdBasisMethod":null,"fhdAccess":null,"fhdBarrierFtrID":null,"fhdEndExtent":null,"Shape__Area":72914.97399656,"Shape__Length":1511.7890290414605,"habitatType":"lake"},"id":72},
{"type":"Feature","geometry":{"type":"Polygon","coordinates":[[[-122.949762,43.78998],[-122.955271,43.787386],[-122.953967,43.785126],[-122.95428,43.78123],[-122.950554,43.780397],[-122.944845,43.777041],[-122.93584,43.772897],[-122.928143,43.770977],[-122.923895,43.767764],[-122.920311,43.762211],[-122.917143,43.761514],[-122.913407,43.758035],[-122.909486,43.756286],[-122.906732,43.753051],[-122.902725,43.751177],[-122.89827,43.751483],[-122.901471,43.75401],[-122.897994,43.758273],[-122.900169,43.76195],[-122.900693,43.765637],[-122.903168,43.768027],[-122.904102,43.771122],[-122.908441,43.77151],[-122.911033,43.774476],[-122.916716,43.774669],[-122.921449,43.776134],[-122.923715,43.780448],[-122.92301,43.784653],[-122.927652,43.784412],[-122.933075,43.786884],[-122.934844,43.789444],[-122.942418,43.786927],[-122.94691,43.789799],[-122.949762,43.78998]]]},"properties":{"OBJECTID":35,"fhdFtrID":35,"fhdRefID":53718,"fhdRevDt":"20190508","fhdONm":"Kevin Stertz","fhdOEnt":"ODFW","fhdSpNm":"Black crappie","fhdRun":"NA","fhdLifeHst":"Resident","fhdUseTy":"ResidentMultipleUses","fhdBasis":"DocObsFish","fhdStNm":"Dorena Reservoir","fhdGenus":"Pomoxis","fhdSp":"nigromaculatus","fhdSubSp":null,"fhdOrig":"NonNative","fhdProd":"Natural","fhdComment":null,"fhdESH":"NA","fhdBasisD":null,"fhdNMF":"no","fhdBasisDt":"20170000","fhdBasisNm":"Kevin Stertz","fhdBasisEnt":null,"fhdBasisPrj":null,"fhdBasisMethod":"Electrofisher","fhdAccess":null,"fhdBarrierFtrID":null,"fhdEndExtent":null,"Shape__Area":13243070.627173545,"Shape__Length":26273.16951746651,"habitatType":"lake"},"id":73},
{"type":"Feature","geometry":{"type":"Polygon","coordinates":[[[-123.071339,44.659312],[-123.068194,44.657216],[-123.068947,44.653824],[-123.065664,44.654225],[-123.06681,44.657979],[-123.071339,44.659312]]]},"properties":{"OBJECTID":36,"fhdFtrID":36,"fhdRefID":53684,"fhdRevDt":"20190219","fhdONm":"Peter Robinson","fhdOEnt":"ODFW","fhdSpNm":"Black crappie","fhdRun":"NA","fhdLifeHst":"Resident","fhdUseTy":"ResidentMultipleUses","fhdBasis":"UndocObsFish","fhdStNm":"Second Lake","fhdGenus":"Pomoxis","fhdSp":"nigromaculatus","fhdSubSp":null,"fhdOrig":"NonNative","fhdProd":"Natural","fhdComment":null,"fhdESH":"NA","fhdBasisD":null,"fhdNMF":"no","fhdBasisDt":null,"fhdBasisNm":null,"fhdBasisEnt":null,"fhdBasisPrj":null,"fhdBasisMethod":null,"fhdAccess":null,"fhdBarrierFtrID":null,"fhdEndExtent":null,"Shape__Area":402985.15897401,"Shape__Length":8682.668240636054,"habitatType":"lake"},"id":74},
{"type":"Feature","geometry":{"type":"Polygon","coordinates":[[[-123.474743,45.080016],[-123.474804,45.081126],[-123.478309,45.079692],[-123.476249,45.078961],[-123.474743,45.080016]]]},"properties":{"OBJECTID":37,"fhdFtrID":37,"fhdRefID":53684,"fhdRevDt":"20190219","fhdONm":"Peter Robinson","fhdOEnt":"ODFW","fhdSpNm":"Black crappie","fhdRun":"NA","fhdLifeHst":"Resident","fhdUseTy":"ResidentMultipleUses","fhdBasis":"UndocObsFish","fhdStNm":"Pacific Plywood Log Pond","fhdGenus":"Pomoxis","fhdSp":"nigromaculatus","fhdSubSp":null,"fhdOrig":"NonNative","fhdProd":"Natural","fhdComment":null,"fhdESH":"NA","fhdBasisD":null,"fhdNMF":"no","fhdBasisDt":null,"fhdBasisNm":null,"fhdBasisEnt":null,"fhdBasisPrj":null,"fhdBasisMethod":null,"fhdAccess":null,"fhdBarrierFtrID":null,"fhdEndExtent":null,"Shape__Area":80461.67964366,"Shape__Length":1345.7960461687799,"habitatType":"lake"},"id":75},
{"type":"Feature","geometry":{"type":"Polygon","coordinates":[[[-122.816396,45.814659],[-122.818899,45.811767],[-122.815839,45.805369],[-122.81245,45.804332],[-122.80979,45.805688],[-122.806699,45.804502],[-122.804267,45.806785],[-122.810938,45.809179],[-122.811657,45.811603],[-122.816396,45.814659]]]},"properties":{"OBJECTID":38,"fhdFtrID":38,"fhdRefID":53684,"fhdRevDt":"20190219","fhdONm":"Peter Robinson","fhdOEnt":"ODFW","fhdSpNm":"Black crappie","fhdRun":"NA","fhdLifeHst":"Resident","fhdUseTy":"ResidentMultipleUses","fhdBasis":"UndocObsFish","fhdStNm":"Cunningham Lake","fhdGenus":"Pomoxis","fhdSp":"nigromaculatus","fhdSubSp":null,"fhdOrig":"NonNative","fhdProd":"Natural","fhdComment":null,"fhdESH":"NA","fhdBasisD":null,"fhdNMF":"no","fhdBasisDt":null,"fhdBasisNm":null,"fhdBasisEnt":null,"fhdBasisPrj":null,"fhdBasisMethod":null,"fhdAccess":null,"fhdBarrierFtrID":null,"fhdEndExtent":null,"Shape__Area":1306224.60492618,"Shape__Length":12327.574047686607,"habitatType":"lake"},"id":76},
{"type":"Feature","geometry":{"type":"Polygon","coordinates":[[[-122.805375,45.512577],[-122.808067,45.512271],[-122.810806,45.511677],[-122.810838,45.510997],[-122.808302,45.511803],[-122.80614,45.51197],[-122.805375,45.512577]]]},"properties":{"OBJECTID":39,"fhdFtrID":39,"fhdRefID":53684,"fhdRevDt":"20190219","fhdONm":"Peter Robinson","fhdOEnt":"ODFW","fhdSpNm":"Black crappie","fhdRun":"NA","fhdLifeHst":"Resident","fhdUseTy":"ResidentMultipleUses","fhdBasis":"UndocObsFish","fhdStNm":"Commonwealth Lake","fhdGenus":"Pomoxis","fhdSp":"nigromaculatus","fhdSubSp":null,"fhdOrig":"NonNative","fhdProd":"Natural","fhdComment":null,"fhdESH":"NA","fhdBasisD":null,"fhdNMF":"no","fhdBasisDt":null,"fhdBasisNm":null,"fhdBasisEnt":null,"fhdBasisPrj":null,"fhdBasisMethod":null,"fhdAccess":null,"fhdBarrierFtrID":null,"fhdEndExtent":null,"Shape__Area":52690.701846555,"Shape__Length":1626.0965173569398,"habitatType":"lake"},"id":77},
{"type":"Feature","geometry":{"type":"Polygon","coordinates":[[[-122.456515,45.555482],[-122.456908,45.554321],[-122.45059,45.552392],[-122.444486,45.552472],[-122.440645,45.554265],[-122.450797,45.554362],[-122.456515,45.555482]]]},"properties":{"OBJECTID":40,"fhdFtrID":40,"fhdRefID":53684,"fhdRevDt":"20190211","fhdONm":"Peter Robinson","fhdOEnt":"ODFW","fhdSpNm":"Black crappie","fhdRun":"NA","fhdLifeHst":"Resident","fhdUseTy":"ResidentMultipleUses","fhdBasis":"UndocObsFish","fhdStNm":"Blue Lake","fhdGenus":"Pomoxis","fhdSp":"nigromaculatus","fhdSubSp":null,"fhdOrig":"NonNative","fhdProd":"Natural","fhdComment":null,"fhdESH":"NA","fhdBasisD":null,"fhdNMF":"no","fhdBasisDt":null,"fhdBasisNm":null,"fhdBasisEnt":null,"fhdBasisPrj":null,"fhdBasisMethod":null,"fhdAccess":null,"fhdBarrierFtrID":null,"fhdEndExtent":null,"Shape__Area":544933.781376635,"Shape__Length":4580.39469051574,"habitatType":"lake"},"id":78},
{"type":"Feature","geometry":{"type":"Polygon","coordinates":[[[-123.928509,46.103366],[-123.928295,46.098834],[-123.92925,46.095823],[-123.927879,46.092218],[-123.928203,46.091398],[-123.927674,46.090531],[-123.927391,46.087873],[-123.928022,46.086002],[-123.926651,46.085302],[-123.926151,46.080558],[-123.925074,46.080411],[-123.926713,46.08739],[-123.927848,46.091357],[-123.927264,46.092695],[-123.927997,46.095888],[-123.926845,46.099295],[-123.928509,46.103366]]]},"properties":{"OBJECTID":41,"fhdFtrID":41,"fhdRefID":53684,"fhdRevDt":"20190219","fhdONm":"Peter Robinson","fhdOEnt":"ODFW","fhdSpNm":"Black crappie","fhdRun":"NA","fhdLifeHst":"Resident","fhdUseTy":"ResidentMultipleUses","fhdBasis":"UndocObsFish","fhdStNm":"Sunset Lake","fhdGenus":"Pomoxis","fhdSp":"nigromaculatus","fhdSubSp":null,"fhdOrig":"NonNative","fhdProd":"Natural","fhdComment":null,"fhdESH":"NA","fhdBasisD":null,"fhdNMF":"no","fhdBasisDt":null,"fhdBasisNm":null,"fhdBasisEnt":null,"fhdBasisPrj":null,"fhdBasisMethod":null,"fhdAccess":null,"fhdBarrierFtrID":null,"fhdEndExtent":null,"Shape__Area":810905.374264205,"Shape__Length":15734.062969559734,"habitatType":"lake"},"id":79},
{"type":"Feature","geometry":{"type":"Polygon","coordinates":[[[-123.257822,42.936937],[-123.257039,42.938051],[-123.25925,42.93784],[-123.259246,42.936928],[-123.257822,42.936937]]]},"properties":{"OBJECTID":42,"fhdFtrID":42,"fhdRefID":53684,"fhdRevDt":"20190219","fhdONm":"Peter Robinson","fhdOEnt":"ODFW","fhdSpNm":"Black crappie","fhdRun":"NA","fhdLifeHst":"Resident","fhdUseTy":"ResidentMultipleUses","fhdBasis":"UndocObsFish","fhdStNm":"Herbert Log Pond","fhdGenus":"Pomoxis","fhdSp":"nigromaculatus","fhdSubSp":null,"fhdOrig":"NonNative","fhdProd":"Natural","fhdComment":null,"fhdESH":"NA","fhdBasisD":null,"fhdNMF":"no","fhdBasisDt":null,"fhdBasisNm":null,"fhdBasisEnt":null,"fhdBasisPrj":null,"fhdBasisMethod":null,"fhdAccess":null,"fhdBarrierFtrID":null,"fhdEndExtent":null,"Shape__Area":40489.95834557,"Shape__Length":804.9381556373778,"habitatType":"lake"},"id":80},
{"type":"Feature","geometry":{"type":"Polygon","coordinates":[[[-124.217577,43.536261],[-124.220575,43.534527],[-124.219714,43.531709],[-124.22061,43.528728],[-124.217764,43.528902],[-124.216579,43.530507],[-124.219065,43.534552],[-124.217577,43.536261]]]},"properties":{"OBJECTID":43,"fhdFtrID":43,"fhdRefID":53684,"fhdRevDt":"20190219","fhdONm":"Peter Robinson","fhdOEnt":"ODFW","fhdSpNm":"Black crappie","fhdRun":"NA","fhdLifeHst":"Resident","fhdUseTy":"ResidentMultipleUses","fhdBasis":"UndocObsFish","fhdStNm":"Saunders Lake","fhdGenus":"Pomoxis","fhdSp":"nigromaculatus","fhdSubSp":null,"fhdOrig":"NonNative","fhdProd":"Natural","fhdComment":null,"fhdESH":"NA","fhdBasisD":null,"fhdNMF":"no","fhdBasisDt":null,"fhdBasisNm":null,"fhdBasisEnt":null,"fhdBasisPrj":null,"fhdBasisMethod":null,"fhdAccess":null,"fhdBarrierFtrID":null,"fhdEndExtent":null,"Shape__Area":432543.91275857,"Shape__Length":10058.345048884401,"habitatType":"lake"},"id":81},
{"type":"Feature","geometry":{"type":"Polygon","coordinates":[[[-123.017111,42.043503],[-123.01921,42.043593],[-123.024344,42.037278],[-123.020873,42.037063],[-123.017111,42.043503]]]},"properties":{"OBJECTID":44,"fhdFtrID":44,"fhdRefID":53684,"fhdRevDt":"20190219","fhdONm":"Peter Robinson","fhdOEnt":"ODFW","fhdSpNm":"Black crappie","fhdRun":"NA","fhdLifeHst":"Resident","fhdUseTy":"ResidentMultipleUses","fhdBasis":"UndocObsFish","fhdStNm":"Squaw Lakes","fhdGenus":"Pomoxis","fhdSp":"nigromaculatus","fhdSubSp":null,"fhdOrig":"NonNative","fhdProd":"Natural","fhdComment":null,"fhdESH":"NA","fhdBasisD":null,"fhdNMF":"no","fhdBasisDt":null,"fhdBasisNm":null,"fhdBasisEnt":null,"fhdBasisPrj":null,"fhdBasisMethod":null,"fhdAccess":null,"fhdBarrierFtrID":null,"fhdEndExtent":null,"Shape__Area":403592.7806664,"Shape__Length":3724.7948480374484,"habitatType":"lake"},"id":82},
{"type":"Feature","geometry":{"type":"Polygon","coordinates":[[[-124.089698,43.904298],[-124.093273,43.900788],[-124.091412,43.897045],[-124.092427,43.893439],[-124.091036,43.88873],[-124.092938,43.883165],[-124.097119,43.88419],[-124.095838,43.886006],[-124.098753,43.888854],[-124.09805,43.892461],[-124.09964,43.893442],[-124.108638,43.8936],[-124.11014,43.893082],[-124.10936,43.88592],[-124.113556,43.885177],[-124.113363,43.881418],[-124.110805,43.88092],[-124.111259,43.878477],[-124.108745,43.875789],[-124.109846,43.873537],[-124.112402,43.873278],[-124.113628,43.869337],[-124.108772,43.860801],[-124.105926,43.859498],[-124.106237,43.857096],[-124.100654,43.85656],[-124.09745,43.850804],[-124.098853,43.849914],[-124.092608,43.844494],[-124.091457,43.847715],[-124.094976,43.848801],[-124.093083,43.852545],[-124.096067,43.853965],[-124.098576,43.856835],[-124.089422,43.857013],[-124.088148,43.858753],[-124.0844,43.855807],[-124.078507,43.85755],[-124.073955,43.8578],[-124.072015,43.856341],[-124.073683,43.853959],[-124.070797,43.851091],[-124.062757,43.854418],[-124.063388,43.855636],[-124.069231,43.855271],[-124.069139,43.857028],[-124.07156,43.859837],[-124.07731,43.860868],[-124.0802,43.860017],[-124.082967,43.860887],[-124.08376,43.866301],[-124.082615,43.868249],[-124.075007,43.872257],[-124.075668,43.874299],[-124.070954,43.87656],[-124.06622,43.881418],[-124.065446,43.884118],[-124.064741,43.893981],[-124.059778,43.894749],[-124.058692,43.897197],[-124.056514,43.897894],[-124.055777,43.90196],[-124.061901,43.902517],[-124.059497,43.899233],[-124.060172,43.89691],[-124.065083,43.896236],[-124.068354,43.894343],[-124.069408,43.892262],[-124.072394,43.892538],[-124.077201,43.888003],[-124.081132,43.887399],[-124.086316,43.88866],[-124.085125,43.891701],[-124.08594,43.898067],[-124.085076,43.90141],[-124.087956,43.901671],[-124.089698,43.904298]],[[-124.108578,43.867884],[-124.103672,43.866218],[-124.101212,43.862279],[-124.104021,43.862392],[-124.105593,43.865617],[-124.108578,43.867884]]]},"properties":{"OBJECTID":45,"fhdFtrID":45,"fhdRefID":53684,"fhdRevDt":"20190219","fhdONm":"Peter Robinson","fhdOEnt":"ODFW","fhdSpNm":"Black crappie","fhdRun":"NA","fhdLifeHst":"Resident","fhdUseTy":"ResidentMultipleUses","fhdBasis":"UndocObsFish","fhdStNm":"Siltcoos Lake","fhdGenus":"Pomoxis","fhdSp":"nigromaculatus","fhdSubSp":null,"fhdOrig":"NonNative","fhdProd":"Natural","fhdComment":null,"fhdESH":"NA","fhdBasisD":null,"fhdNMF":"no","fhdBasisDt":null,"fhdBasisNm":null,"fhdBasisEnt":null,"fhdBasisPrj":null,"fhdBasisMethod":null,"fhdAccess":null,"fhdBarrierFtrID":null,"fhdEndExtent":null,"Shape__Area":24193832.514073506,"Shape__Length":71550.49603910773,"habitatType":"lake"},"id":83},
{"type":"Feature","geometry":{"type":"Polygon","coordinates":[[[-123.945098,45.595462],[-123.947262,45.592899],[-123.94448,45.592685],[-123.945098,45.595462]]]},"properties":{"OBJECTID":46,"fhdFtrID":46,"fhdRefID":53684,"fhdRevDt":"20190219","fhdONm":"Peter Robinson","fhdOEnt":"ODFW","fhdSpNm":"Black crappie","fhdRun":"NA","fhdLifeHst":"Resident","fhdUseTy":"ResidentMultipleUses","fhdBasis":"UndocObsFish","fhdStNm":"Spring Lake","fhdGenus":"Pomoxis","fhdSp":"nigromaculatus","fhdSubSp":null,"fhdOrig":"NonNative","fhdProd":"Natural","fhdComment":null,"fhdESH":"NA","fhdBasisD":null,"fhdNMF":"no","fhdBasisDt":null,"fhdBasisNm":null,"fhdBasisEnt":null,"fhdBasisPrj":null,"fhdBasisMethod":null,"fhdAccess":null,"fhdBarrierFtrID":null,"fhdEndExtent":null,"Shape__Area":138420.16146785,"Shape__Length":1666.4908519685453,"habitatType":"lake"},"id":84},
{"type":"Feature","geometry":{"type":"Polygon","coordinates":[[[-124.10248,43.831659],[-124.104421,43.831532],[-124.104827,43.828074],[-124.107638,43.825197],[-124.110753,43.824998],[-124.110039,43.822649],[-124.11313,43.820391],[-124.115659,43.820716],[-124.117018,43.823142],[-124.117018,43.827686],[-124.119929,43.828981],[-124.12443,43.826671],[-124.119387,43.824242],[-124.117373,43.81881],[-124.121172,43.812749],[-124.124882,43.80958],[-124.126293,43.810813],[-124.126025,43.813928],[-124.129998,43.812815],[-124.127964,43.807798],[-124.130702,43.80517],[-124.132255,43.797553],[-124.13949,43.799143],[-124.140979,43.800286],[-124.141858,43.804001],[-124.140886,43.8061],[-124.142526,43.807663],[-124.146243,43.808525],[-124.15013,43.807039],[-124.146919,43.805578],[-124.14489,43.802592],[-124.146506,43.799365],[-124.140318,43.795828],[-124.136864,43.794586],[-124.135935,43.791699],[-124.133021,43.788251],[-124.129417,43.785554],[-124.13143,43.780391],[-124.136084,43.777981],[-124.131609,43.775194],[-124.126238,43.775169],[-124.123992,43.77069],[-124.118732,43.774469],[-124.114922,43.77532],[-124.111089,43.773847],[-124.107258,43.774979],[-124.103519,43.77936],[-124.094264,43.781618],[-124.097628,43.783138],[-124.106527,43.779737],[-124.107873,43.777607],[-124.115793,43.777848],[-124.117696,43.777005],[-124.120527,43.77907],[-124.12567,43.778043],[-124.127446,43.779544],[-124.126159,43.783267],[-124.126158,43.790038],[-124.127724,43.795982],[-124.126353,43.800254],[-124.118509,43.79999],[-124.114235,43.803033],[-124.111991,43.801118],[-124.110973,43.798023],[-124.108123,43.796921],[-124.103513,43.797715],[-124.102197,43.795063],[-124.095361,43.793028],[-124.092763,43.793348],[-124.091437,43.795705],[-124.087187,43.795928],[-124.086239,43.792822],[-124.082896,43.792919],[-124.07917,43.794892],[-124.078455,43.797913],[-124.073808,43.800329],[-124.072568,43.804231],[-124.073286,43.807039],[-124.076233,43.805914],[-124.074558,43.803449],[-124.075634,43.800809],[-124.078748,43.799805],[-124.084027,43.795424],[-124.086893,43.798546],[-124.094772,43.79681],[-124.099289,43.79778],[-124.100707,43.799723],[-124.096427,43.802013],[-124.097538,43.803517],[-124.101337,43.800963],[-124.106037,43.801425],[-124.10962,43.805016],[-124.104743,43.806],[-124.10812,43.807758],[-124.102629,43.811346],[-124.104353,43.81218],[-124.107857,43.81015],[-124.111077,43.810477],[-124.116704,43.809304],[-124.120092,43.805228],[-124.122144,43.807447],[-124.11954,43.810104],[-124.114377,43.817538],[-124.111101,43.818539],[-124.109302,43.820564],[-124.1048,43.820659],[-124.103299,43.822295],[-124.102635,43.825792],[-124.099375,43.82531],[-124.095488,43.829301],[-124.101514,43.828059],[-124.10248,43.831659]]]},"properties":{"OBJECTID":47,"fhdFtrID":47,"fhdRefID":53718,"fhdRevDt":"20190509","fhdONm":"Kevin Stertz","fhdOEnt":"ODFW","fhdSpNm":"Black crappie","fhdRun":"NA","fhdLifeHst":"Resident","fhdUseTy":"ResidentMultipleUses","fhdBasis":"DocObsFish","fhdStNm":"Tahkenitch Lake","fhdGenus":"Pomoxis","fhdSp":"nigromaculatus","fhdSubSp":null,"fhdOrig":"NonNative","fhdProd":"Natural","fhdComment":null,"fhdESH":"NA","fhdBasisD":null,"fhdNMF":"no","fhdBasisDt":"20180000","fhdBasisNm":"Kevin Stertz","fhdBasisEnt":null,"fhdBasisPrj":null,"fhdBasisMethod":"Electrofisher","fhdAccess":null,"fhdBarrierFtrID":null,"fhdEndExtent":null,"Shape__Area":15968025.491645545,"Shape__Length":115151.20018983645,"habitatType":"lake"},"id":85},
{"type":"Feature","geometry":{"type":"Polygon","coordinates":[[[-122.904454,42.384187],[-122.904691,42.384896],[-122.907653,42.383941],[-122.904958,42.38276],[-122.904454,42.384187]]]},"properties":{"OBJECTID":48,"fhdFtrID":48,"fhdRefID":53684,"fhdRevDt":"20190219","fhdONm":"Peter Robinson","fhdOEnt":"ODFW","fhdSpNm":"Black crappie","fhdRun":"NA","fhdLifeHst":"Resident","fhdUseTy":"ResidentMultipleUses","fhdBasis":"UndocObsFish","fhdStNm":"Exposition Park Ponds","fhdGenus":"Pomoxis","fhdSp":"nigromaculatus","fhdSubSp":null,"fhdOrig":"NonNative","fhdProd":"Natural","fhdComment":null,"fhdESH":"NA","fhdBasisD":null,"fhdNMF":"no","fhdBasisDt":null,"fhdBasisNm":null,"fhdBasisEnt":null,"fhdBasisPrj":null,"fhdBasisMethod":null,"fhdAccess":null,"fhdBarrierFtrID":null,"fhdEndExtent":null,"Shape__Area":104426.263545555,"Shape__Length":1715.6417634560014,"habitatType":"lake"},"id":86},
{"type":"Feature","geometry":{"type":"Polygon","coordinates":[[[-124.15198,43.6234],[-124.157069,43.622475],[-124.156886,43.616813],[-124.160643,43.613659],[-124.161236,43.61034],[-124.164755,43.605208],[-124.16699,43.604131],[-124.171417,43.606238],[-124.168676,43.608004],[-124.171985,43.610617],[-124.171373,43.613532],[-124.176165,43.613987],[-124.174897,43.606761],[-124.176451,43.603233],[-124.17324,43.602474],[-124.170328,43.603125],[-124.167464,43.60174],[-124.162276,43.604477],[-124.162383,43.606195],[-124.158247,43.608902],[-124.158962,43.612587],[-124.156513,43.61543],[-124.155215,43.62144],[-124.15198,43.6234]]]},"properties":{"OBJECTID":49,"fhdFtrID":49,"fhdRefID":53684,"fhdRevDt":"20190219","fhdONm":"Peter Robinson","fhdOEnt":"ODFW","fhdSpNm":"Black crappie","fhdRun":"NA","fhdLifeHst":"Resident","fhdUseTy":"ResidentMultipleUses","fhdBasis":"UndocObsFish","fhdStNm":"Eel Lake","fhdGenus":"Pomoxis","fhdSp":"nigromaculatus","fhdSubSp":null,"fhdOrig":"NonNative","fhdProd":"Natural","fhdComment":null,"fhdESH":"NA","fhdBasisD":null,"fhdNMF":"no","fhdBasisDt":null,"fhdBasisNm":null,"fhdBasisEnt":null,"fhdBasisPrj":null,"fhdBasisMethod":null,"fhdAccess":null,"fhdBarrierFtrID":null,"fhdEndExtent":null,"Shape__Area":2683196.66709386,"Shape__Length":25898.555311113836,"habitatType":"lake"},"id":87},
{"type":"Feature","geometry":{"type":"Polygon","coordinates":[[[-123.36634,42.528771],[-123.366656,42.528428],[-123.366289,42.528028],[-123.366044,42.528469],[-123.36634,42.528771]]]},"properties":{"OBJECTID":50,"fhdFtrID":50,"fhdRefID":53684,"fhdRevDt":"20190219","fhdONm":"Peter Robinson","fhdOEnt":"ODFW","fhdSpNm":"Black crappie","fhdRun":"NA","fhdLifeHst":"Resident","fhdUseTy":"ResidentMultipleUses","fhdBasis":"UndocObsFish","fhdStNm":"Sportsmans Park Pond","fhdGenus":"Pomoxis","fhdSp":"nigromaculatus","fhdSubSp":null,"fhdOrig":"NonNative","fhdProd":"Natural","fhdComment":null,"fhdESH":"NA","fhdBasisD":null,"fhdNMF":"no","fhdBasisDt":null,"fhdBasisNm":null,"fhdBasisEnt":null,"fhdBasisPrj":null,"fhdBasisMethod":null,"fhdAccess":null,"fhdBarrierFtrID":null,"fhdEndExtent":null,"Shape__Area":5525.710230045,"Shape__Length":322.8236782450194,"habitatType":"lake"},"id":88},
{"type":"Feature","geometry":{"type":"Polygon","coordinates":[[[-122.44365,42.479592],[-122.453856,42.47847],[-122.457304,42.470796],[-122.455791,42.468555],[-122.452521,42.472412],[-122.446921,42.46872],[-122.446953,42.472079],[-122.441759,42.466542],[-122.440316,42.472822],[-122.44365,42.479592]]]},"properties":{"OBJECTID":51,"fhdFtrID":51,"fhdRefID":53684,"fhdRevDt":"20190219","fhdONm":"Peter Robinson","fhdOEnt":"ODFW","fhdSpNm":"Black crappie","fhdRun":"NA","fhdLifeHst":"Resident","fhdUseTy":"ResidentMultipleUses","fhdBasis":"UndocObsFish","fhdStNm":"Willow Lake","fhdGenus":"Pomoxis","fhdSp":"nigromaculatus","fhdSubSp":null,"fhdOrig":"NonNative","fhdProd":"Natural","fhdComment":null,"fhdESH":"NA","fhdBasisD":null,"fhdNMF":"no","fhdBasisDt":null,"fhdBasisNm":null,"fhdBasisEnt":null,"fhdBasisPrj":null,"fhdBasisMethod":null,"fhdAccess":null,"fhdBarrierFtrID":null,"fhdEndExtent":null,"Shape__Area":2321100.7733018,"Shape__Length":9904.143149544061,"habitatType":"lake"},"id":89},
{"type":"Feature","geometry":{"type":"Polygon","coordinates":[[[-122.874012,42.420625],[-122.879713,42.419957],[-122.875473,42.417616],[-122.871473,42.416376],[-122.8703,42.419486],[-122.874012,42.420625]]]},"properties":{"OBJECTID":52,"fhdFtrID":52,"fhdRefID":53684,"fhdRevDt":"20190219","fhdONm":"Peter Robinson","fhdOEnt":"ODFW","fhdSpNm":"Black crappie","fhdRun":"NA","fhdLifeHst":"Resident","fhdUseTy":"ResidentMultipleUses","fhdBasis":"UndocObsFish","fhdStNm":"Denman Management Area Ponds","fhdGenus":"Pomoxis","fhdSp":"nigromaculatus","fhdSubSp":null,"fhdOrig":"NonNative","fhdProd":"Natural","fhdComment":null,"fhdESH":"NA","fhdBasisD":null,"fhdNMF":"no","fhdBasisDt":null,"fhdBasisNm":null,"fhdBasisEnt":null,"fhdBasisPrj":null,"fhdBasisMethod":null,"fhdAccess":null,"fhdBarrierFtrID":null,"fhdEndExtent":null,"Shape__Area":414025.33695285,"Shape__Length":2970.2894341405354,"habitatType":"lake"},"id":90},
{"type":"Feature","geometry":{"type":"Polygon","coordinates":[[[-122.76644,42.414813],[-122.768853,42.415726],[-122.775174,42.414488],[-122.774999,42.410376],[-122.770299,42.403418],[-122.76732,42.403887],[-122.767786,42.406415],[-122.764344,42.408768],[-122.764485,42.412081],[-122.76644,42.414813]]]},"properties":{"OBJECTID":53,"fhdFtrID":53,"fhdRefID":53684,"fhdRevDt":"20190219","fhdONm":"Peter Robinson","fhdOEnt":"ODFW","fhdSpNm":"Black crappie","fhdRun":"NA","fhdLifeHst":"Resident","fhdUseTy":"ResidentMultipleUses","fhdBasis":"UndocObsFish","fhdStNm":"Agate Reservoir","fhdGenus":"Pomoxis","fhdSp":"nigromaculatus","fhdSubSp":null,"fhdOrig":"NonNative","fhdProd":"Natural","fhdComment":null,"fhdESH":"NA","fhdBasisD":null,"fhdNMF":"no","fhdBasisDt":null,"fhdBasisNm":null,"fhdBasisEnt":null,"fhdBasisPrj":null,"fhdBasisMethod":null,"fhdAccess":null,"fhdBarrierFtrID":null,"fhdEndExtent":null,"Shape__Area":1518822.048751095,"Shape__Length":7153.578969228619,"habitatType":"lake"},"id":91},
{"type":"Feature","geometry":{"type":"Polygon","coordinates":[[[-123.113066,42.051184],[-123.114104,42.052867],[-123.112715,42.055535],[-123.116805,42.056584],[-123.117377,42.055026],[-123.123038,42.053471],[-123.1257,42.051774],[-123.13169,42.04993],[-123.130904,42.04822],[-123.130293,42.041844],[-123.135665,42.041901],[-123.135993,42.040775],[-123.144141,42.038351],[-123.146132,42.038691],[-123.149031,42.031563],[-123.147963,42.028745],[-123.152968,42.02419],[-123.157225,42.022203],[-123.162131,42.021088],[-123.160864,42.017262],[-123.157782,42.017744],[-123.153929,42.020775],[-123.148711,42.021962],[-123.147544,42.024287],[-123.142943,42.02822],[-123.143401,42.031507],[-123.141883,42.032373],[-123.144088,42.035658],[-123.135153,42.034939],[-123.131949,42.035646],[-123.127707,42.039766],[-123.125121,42.037211],[-123.116729,42.033609],[-123.112624,42.034757],[-123.110518,42.034317],[-123.108023,42.036202],[-123.112891,42.037134],[-123.117972,42.03676],[-123.123816,42.042815],[-123.126288,42.042488],[-123.123656,42.048156],[-123.118575,42.047909],[-123.117285,42.050342],[-123.115119,42.050543],[-123.112647,42.048492],[-123.112784,42.046753],[-123.105307,42.047445],[-123.11138,42.049511],[-123.113066,42.051184]]]},"properties":{"OBJECTID":54,"fhdFtrID":54,"fhdRefID":53684,"fhdRevDt":"20190219","fhdONm":"Peter Robinson","fhdOEnt":"ODFW","fhdSpNm":"Black crappie","fhdRun":"NA","fhdLifeHst":"Resident","fhdUseTy":"ResidentMultipleUses","fhdBasis":"UndocObsFish","fhdStNm":"Applegate Lake","fhdGenus":"Pomoxis","fhdSp":"nigromaculatus","fhdSubSp":null,"fhdOrig":"NonNative","fhdProd":"Natural","fhdComment":null,"fhdESH":"NA","fhdBasisD":null,"fhdNMF":"no","fhdBasisDt":null,"fhdBasisNm":null,"fhdBasisEnt":null,"fhdBasisPrj":null,"fhdBasisMethod":null,"fhdAccess":null,"fhdBarrierFtrID":null,"fhdEndExtent":null,"Shape__Area":6971189.686030145,"Shape__Length":41929.872675770544,"habitatType":"lake"},"id":92},
{"type":"Feature","geometry":{"type":"Polygon","coordinates":[[[-124.253057,43.398938],[-124.256954,43.398706],[-124.257722,43.395825],[-124.254093,43.395892],[-124.253057,43.398938]]]},"properties":{"OBJECTID":55,"fhdFtrID":55,"fhdRefID":53684,"fhdRevDt":"20190219","fhdONm":"Peter Robinson","fhdOEnt":"ODFW","fhdSpNm":"Black crappie","fhdRun":"NA","fhdLifeHst":"Resident","fhdUseTy":"ResidentMultipleUses","fhdBasis":"UndocObsFish","fhdStNm":"Upper Empire Lake","fhdGenus":"Pomoxis","fhdSp":"nigromaculatus","fhdSubSp":null,"fhdOrig":"NonNative","fhdProd":"Natural","fhdComment":null,"fhdESH":"NA","fhdBasisD":null,"fhdNMF":"no","fhdBasisDt":null,"fhdBasisNm":null,"fhdBasisEnt":null,"fhdBasisPrj":null,"fhdBasisMethod":null,"fhdAccess":null,"fhdBarrierFtrID":null,"fhdEndExtent":null,"Shape__Area":199099.568605095,"Shape__Length":4365.035426398767,"habitatType":"lake"},"id":93},
{"type":"Feature","geometry":{"type":"Polygon","coordinates":[[[-123.17474,45.853571],[-123.171497,45.854309],[-123.172588,45.856778],[-123.175595,45.856634],[-123.17474,45.853571]]]},"properties":{"OBJECTID":56,"fhdFtrID":56,"fhdRefID":53684,"fhdRevDt":"20190219","fhdONm":"Peter Robinson","fhdOEnt":"ODFW","fhdSpNm":"Black crappie","fhdRun":"NA","fhdLifeHst":"Resident","fhdUseTy":"ResidentMultipleUses","fhdBasis":"UndocObsFish","fhdStNm":"Vernonia Lake","fhdGenus":"Pomoxis","fhdSp":"nigromaculatus","fhdSubSp":null,"fhdOrig":"NonNative","fhdProd":"Natural","fhdComment":null,"fhdESH":"NA","fhdBasisD":null,"fhdNMF":"no","fhdBasisDt":null,"fhdBasisNm":null,"fhdBasisEnt":null,"fhdBasisPrj":null,"fhdBasisMethod":null,"fhdAccess":null,"fhdBarrierFtrID":null,"fhdEndExtent":null,"Shape__Area":268930.519702615,"Shape__Length":2076.514930720309,"habitatType":"lake"},"id":94},
{"type":"Feature","geometry":{"type":"Polygon","coordinates":[[[-123.579728,42.265358],[-123.580291,42.263788],[-123.58491,42.260883],[-123.585224,42.257837],[-123.580925,42.257462],[-123.575416,42.259629],[-123.571388,42.257673],[-123.570174,42.259565],[-123.579728,42.265358]]]},"properties":{"OBJECTID":57,"fhdFtrID":57,"fhdRefID":53718,"fhdRevDt":"20190509","fhdONm":"Kevin Stertz","fhdOEnt":"ODFW","fhdSpNm":"Black crappie","fhdRun":"NA","fhdLifeHst":"Resident","fhdUseTy":"ResidentMultipleUses","fhdBasis":"DocObsFish","fhdStNm":"Lake Selmac","fhdGenus":"Pomoxis","fhdSp":"nigromaculatus","fhdSubSp":null,"fhdOrig":"NonNative","fhdProd":"Natural","fhdComment":null,"fhdESH":"NA","fhdBasisD":null,"fhdNMF":"no","fhdBasisDt":"20180000","fhdBasisNm":"Kevin Stertz","fhdBasisEnt":null,"fhdBasisPrj":null,"fhdBasisMethod":"Electrofisher","fhdAccess":null,"fhdBarrierFtrID":null,"fhdEndExtent":null,"Shape__Area":1032499.082302755,"Shape__Length":7614.554058973567,"habitatType":"lake"},"id":95},
{"type":"Feature","geometry":{"type":"Polygon","coordinates":[[[-124.076173,42.891938],[-124.078636,42.891271],[-124.080315,42.888716],[-124.075545,42.890283],[-124.076173,42.891938]]]},"properties":{"OBJECTID":58,"fhdFtrID":58,"fhdRefID":53684,"fhdRevDt":"20190219","fhdONm":"Peter Robinson","fhdOEnt":"ODFW","fhdSpNm":"Black crappie","fhdRun":"NA","fhdLifeHst":"Resident","fhdUseTy":"ResidentMultipleUses","fhdBasis":"UndocObsFish","fhdStNm":"Powers Pond","fhdGenus":"Pomoxis","fhdSp":"nigromaculatus","fhdSubSp":null,"fhdOrig":"NonNative","fhdProd":"Natural","fhdComment":null,"fhdESH":"NA","fhdBasisD":null,"fhdNMF":"no","fhdBasisDt":null,"fhdBasisNm":null,"fhdBasisEnt":null,"fhdBasisPrj":null,"fhdBasisMethod":null,"fhdAccess":null,"fhdBarrierFtrID":null,"fhdEndExtent":null,"Shape__Area":176118.586670475,"Shape__Length":2705.709219813521,"habitatType":"lake"},"id":96},
{"type":"Feature","geometry":{"type":"Polygon","coordinates":[[[-124.114397,43.94729],[-124.115822,43.945633],[-124.117618,43.940623],[-124.11932,43.939219],[-124.119386,43.935156],[-124.117648,43.932839],[-124.117252,43.92976],[-124.113628,43.929565],[-124.114296,43.932564],[-124.117676,43.933053],[-124.119128,43.937132],[-124.115448,43.943197],[-124.114397,43.94729]]]},"properties":{"OBJECTID":59,"fhdFtrID":59,"fhdRefID":53684,"fhdRevDt":"20190219","fhdONm":"Peter Robinson","fhdOEnt":"ODFW","fhdSpNm":"Black crappie","fhdRun":"NA","fhdLifeHst":"Resident","fhdUseTy":"ResidentMultipleUses","fhdBasis":"UndocObsFish","fhdStNm":"Cleawox Lake","fhdGenus":"Pomoxis","fhdSp":"nigromaculatus","fhdSubSp":null,"fhdOrig":"NonNative","fhdProd":"Natural","fhdComment":null,"fhdESH":"NA","fhdBasisD":null,"fhdNMF":"no","fhdBasisDt":null,"fhdBasisNm":null,"fhdBasisEnt":null,"fhdBasisPrj":null,"fhdBasisMethod":null,"fhdAccess":null,"fhdBarrierFtrID":null,"fhdEndExtent":null,"Shape__Area":562698.6291255,"Shape__Length":12528.545829735653,"habitatType":"lake"},"id":97},
{"type":"Feature","geometry":{"type":"Polygon","coordinates":[[[-123.978033,44.999563],[-123.982116,44.999393],[-123.986888,44.996516],[-123.992772,44.991973],[-123.993859,44.996897],[-123.995918,44.997113],[-123.996336,44.99269],[-123.99465,44.989086],[-123.990355,44.984226],[-123.994106,44.982519],[-123.993728,44.978976],[-123.995509,44.977826],[-123.996365,44.973795],[-124.000737,44.972181],[-124.007799,44.970884],[-124.009309,44.968026],[-124.001238,44.966966],[-123.996227,44.968026],[-123.993028,44.970007],[-123.991031,44.972644],[-123.990974,44.975201],[-123.986575,44.978264],[-123.988502,44.979732],[-123.986661,44.981819],[-123.982416,44.984304],[-123.984357,44.992442],[-123.978538,44.9972],[-123.978033,44.999563]]]},"properties":{"OBJECTID":60,"fhdFtrID":60,"fhdRefID":53684,"fhdRevDt":"20190219","fhdONm":"Peter Robinson","fhdOEnt":"ODFW","fhdSpNm":"Black crappie","fhdRun":"NA","fhdLifeHst":"Resident","fhdUseTy":"ResidentMultipleUses","fhdBasis":"UndocObsFish","fhdStNm":"Devils Lake","fhdGenus":"Pomoxis","fhdSp":"nigromaculatus","fhdSubSp":null,"fhdOrig":"NonNative","fhdProd":"Natural","fhdComment":null,"fhdESH":"NA","fhdBasisD":null,"fhdNMF":"no","fhdBasisDt":null,"fhdBasisNm":null,"fhdBasisEnt":null,"fhdBasisPrj":null,"fhdBasisMethod":null,"fhdAccess":null,"fhdBarrierFtrID":null,"fhdEndExtent":null,"Shape__Area":5112901.004194045,"Shape__Length":29205.238340746324,"habitatType":"lake"},"id":98},
{"type":"Feature","geometry":{"type":"Polygon","coordinates":[[[-124.166619,43.571477],[-124.169103,43.571181],[-124.1747,43.572447],[-124.175709,43.571465],[-124.172587,43.568201],[-124.16947,43.567134],[-124.167404,43.568479],[-124.162529,43.567403],[-124.161123,43.563195],[-124.163006,43.561302],[-124.159412,43.557908],[-124.155826,43.557503],[-124.159164,43.561783],[-124.157667,43.563779],[-124.158333,43.567554],[-124.160484,43.56927],[-124.153725,43.570059],[-124.151149,43.569382],[-124.153404,43.566874],[-124.152487,43.560968],[-124.147913,43.560717],[-124.143902,43.562053],[-124.141589,43.564183],[-124.140093,43.559714],[-124.142016,43.556589],[-124.141646,43.55471],[-124.137293,43.552377],[-124.133737,43.554852],[-124.131248,43.548186],[-124.123278,43.548756],[-124.117728,43.544389],[-124.11551,43.545554],[-124.11847,43.548393],[-124.120614,43.54866],[-124.122291,43.55112],[-124.128526,43.550951],[-124.124725,43.554635],[-124.123634,43.557797],[-124.119952,43.559332],[-124.116544,43.562792],[-124.113994,43.563118],[-124.110014,43.561455],[-124.108212,43.563346],[-124.113014,43.564735],[-124.119149,43.56368],[-124.119985,43.561543],[-124.124164,43.559462],[-124.127543,43.555967],[-124.131772,43.559032],[-124.135281,43.559906],[-124.135952,43.563339],[-124.135108,43.565238],[-124.131208,43.565943],[-124.132587,43.568145],[-124.140879,43.568531],[-124.144777,43.567717],[-124.149186,43.571689],[-124.155801,43.574342],[-124.162077,43.571622],[-124.166187,43.571508],[-124.166619,43.571477]]]},"properties":{"OBJECTID":61,"fhdFtrID":61,"fhdRefID":53718,"fhdRevDt":"20190325","fhdONm":"Kevin Stertz","fhdOEnt":"ODFW","fhdSpNm":"Black crappie","fhdRun":"NA","fhdLifeHst":"Resident","fhdUseTy":"ResidentMultipleUses","fhdBasis":"DocObsFish","fhdStNm":"Tenmile Lake","fhdGenus":"Pomoxis","fhdSp":"nigromaculatus","fhdSubSp":null,"fhdOrig":"NonNative","fhdProd":"Natural","fhdComment":null,"fhdESH":"NA","fhdBasisD":null,"fhdNMF":"no","fhdBasisDt":"20170000","fhdBasisNm":null,"fhdBasisEnt":null,"fhdBasisPrj":null,"fhdBasisMethod":"Electrofisher","fhdAccess":null,"fhdBarrierFtrID":null,"fhdEndExtent":null,"Shape__Area":9005880.917599645,"Shape__Length":56768.48081251962,"habitatType":"lake"},"id":99},
{"type":"Feature","geometry":{"type":"Polygon","coordinates":[[[-122.666788,42.708026],[-122.670658,42.70659],[-122.671601,42.703182],[-122.667145,42.701504],[-122.664185,42.6977],[-122.666844,42.692652],[-122.671277,42.687799],[-122.668507,42.684728],[-122.665272,42.683459],[-122.664611,42.681395],[-122.667477,42.679674],[-122.674166,42.680373],[-122.675542,42.679225],[-122.674472,42.676497],[-122.674065,42.671201],[-122.676131,42.665351],[-122.671941,42.665021],[-122.670412,42.66628],[-122.660491,42.667064],[-122.652424,42.66485],[-122.647434,42.665572],[-122.644902,42.670524],[-122.640029,42.675856],[-122.638073,42.679444],[-122.635329,42.679772],[-122.624424,42.679431],[-122.621303,42.685271],[-122.620859,42.688067],[-122.615741,42.68896],[-122.610709,42.690984],[-122.600469,42.692624],[-122.597081,42.69477],[-122.595371,42.699641],[-122.590609,42.701334],[-122.584656,42.702298],[-122.57969,42.701122],[-122.575675,42.701924],[-122.573365,42.703798],[-122.57109,42.709519],[-122.573706,42.70888],[-122.575731,42.704171],[-122.579745,42.702833],[-122.586264,42.70463],[-122.5977,42.70194],[-122.600133,42.700115],[-122.599708,42.696957],[-122.603167,42.695217],[-122.607602,42.696435],[-122.613248,42.694068],[-122.616357,42.694083],[-122.617792,42.691921],[-122.620958,42.694418],[-122.623679,42.690308],[-122.62721,42.690229],[-122.628206,42.688545],[-122.635415,42.690463],[-122.635112,42.692765],[-122.640065,42.693053],[-122.642232,42.69473],[-122.642716,42.697785],[-122.646547,42.695295],[-122.652627,42.697638],[-122.653715,42.695175],[-122.658073,42.697292],[-122.659094,42.700579],[-122.658642,42.704904],[-122.664042,42.702293],[-122.667928,42.70528],[-122.666788,42.708026]]]},"properties":{"OBJECTID":62,"fhdFtrID":62,"fhdRefID":53684,"fhdRevDt":"20190219","fhdONm":"Peter Robinson","fhdOEnt":"ODFW","fhdSpNm":"Black crappie","fhdRun":"NA","fhdLifeHst":"Resident","fhdUseTy":"ResidentMultipleUses","fhdBasis":"UndocObsFish","fhdStNm":"Lost Creek Lake","fhdGenus":"Pomoxis","fhdSp":"nigromaculatus","fhdSubSp":null,"fhdOrig":"NonNative","fhdProd":"Natural","fhdComment":null,"fhdESH":"NA","fhdBasisD":null,"fhdNMF":"no","fhdBasisDt":null,"fhdBasisNm":null,"fhdBasisEnt":null,"fhdBasisPrj":null,"fhdBasisMethod":null,"fhdAccess":null,"fhdBarrierFtrID":null,"fhdEndExtent":null,"Shape__Area":23643144.7476151,"Shape__Length":63862.79459044005,"habitatType":"lake"},"id":100},
{"type":"Feature","geometry":{"type":"Polygon","coordinates":[[[-123.168345,42.8525],[-123.173053,42.852193],[-123.176045,42.849163],[-123.179135,42.848066],[-123.177436,42.844301],[-123.173391,42.844402],[-123.168432,42.845622],[-123.165325,42.842916],[-123.166486,42.839298],[-123.163305,42.835466],[-123.157387,42.835353],[-123.149131,42.836384],[-123.156515,42.838921],[-123.156807,42.845182],[-123.158171,42.848236],[-123.163591,42.850088],[-123.168345,42.8525]]]},"properties":{"OBJECTID":63,"fhdFtrID":63,"fhdRefID":53684,"fhdRevDt":"20190219","fhdONm":"Peter Robinson","fhdOEnt":"ODFW","fhdSpNm":"Black crappie","fhdRun":"NA","fhdLifeHst":"Resident","fhdUseTy":"ResidentMultipleUses","fhdBasis":"UndocObsFish","fhdStNm":"Galesville Reservoir","fhdGenus":"Pomoxis","fhdSp":"nigromaculatus","fhdSubSp":null,"fhdOrig":"NonNative","fhdProd":"Natural","fhdComment":null,"fhdESH":"NA","fhdBasisD":null,"fhdNMF":"no","fhdBasisDt":null,"fhdBasisNm":null,"fhdBasisEnt":null,"fhdBasisPrj":null,"fhdBasisMethod":null,"fhdAccess":null,"fhdBarrierFtrID":null,"fhdEndExtent":null,"Shape__Area":4199699.83910377,"Shape__Length":19957.10202379356,"habitatType":"lake"},"id":101},
{"type":"Feature","geometry":{"type":"Polygon","coordinates":[[[-124.068956,44.064983],[-124.071283,44.062742],[-124.066697,44.059102],[-124.067715,44.052624],[-124.069925,44.052657],[-124.076133,44.05024],[-124.082362,44.052252],[-124.081293,44.048994],[-124.078334,44.048337],[-124.077688,44.046169],[-124.072609,44.045762],[-124.07259,44.048274],[-124.070658,44.049202],[-124.062892,44.0476],[-124.058729,44.05047],[-124.053425,44.056078],[-124.05654,44.057895],[-124.05937,44.052688],[-124.064487,44.050106],[-124.065108,44.055858],[-124.063553,44.057115],[-124.065431,44.061324],[-124.069705,44.063243],[-124.068956,44.064983]]]},"properties":{"OBJECTID":64,"fhdFtrID":64,"fhdRefID":53684,"fhdRevDt":"20190219","fhdONm":"Peter Robinson","fhdOEnt":"ODFW","fhdSpNm":"Black crappie","fhdRun":"NA","fhdLifeHst":"Resident","fhdUseTy":"ResidentMultipleUses","fhdBasis":"UndocObsFish","fhdStNm":"Mercer Lake","fhdGenus":"Pomoxis","fhdSp":"nigromaculatus","fhdSubSp":null,"fhdOrig":"NonNative","fhdProd":"Natural","fhdComment":null,"fhdESH":"NA","fhdBasisD":null,"fhdNMF":"no","fhdBasisDt":null,"fhdBasisNm":null,"fhdBasisEnt":null,"fhdBasisPrj":null,"fhdBasisMethod":null,"fhdAccess":null,"fhdBarrierFtrID":null,"fhdEndExtent":null,"Shape__Area":2745219.17266368,"Shape__Length":20227.92438077049,"habitatType":"lake"},"id":102},
{"type":"Feature","geometry":{"type":"Polygon","coordinates":[[[-123.590101,43.05095],[-123.595386,43.050756],[-123.593963,43.049055],[-123.589742,43.050171],[-123.582831,43.045457],[-123.580436,43.044908],[-123.569958,43.045519],[-123.565842,43.046243],[-123.562706,43.045766],[-123.559562,43.046617],[-123.559517,43.043499],[-123.556254,43.040057],[-123.554211,43.041259],[-123.556098,43.046842],[-123.558814,43.049438],[-123.563447,43.048203],[-123.566022,43.049641],[-123.57171,43.047352],[-123.575317,43.047505],[-123.580564,43.04622],[-123.584359,43.0483],[-123.587413,43.048777],[-123.590101,43.05095]]]},"properties":{"OBJECTID":65,"fhdFtrID":65,"fhdRefID":53684,"fhdRevDt":"20190219","fhdONm":"Peter Robinson","fhdOEnt":"ODFW","fhdSpNm":"Black crappie","fhdRun":"NA","fhdLifeHst":"Resident","fhdUseTy":"ResidentMultipleUses","fhdBasis":"UndocObsFish","fhdStNm":"Berry Creek Reservoir","fhdGenus":"Pomoxis","fhdSp":"nigromaculatus","fhdSubSp":null,"fhdOrig":"NonNative","fhdProd":"Natural","fhdComment":null,"fhdESH":"NA","fhdBasisD":null,"fhdNMF":"no","fhdBasisDt":null,"fhdBasisNm":null,"fhdBasisEnt":null,"fhdBasisPrj":null,"fhdBasisMethod":null,"fhdAccess":null,"fhdBarrierFtrID":null,"fhdEndExtent":null,"Shape__Area":1686187.53484692,"Shape__Length":14846.048560311088,"habitatType":"lake"},"id":103},
{"type":"Feature","geometry":{"type":"Polygon","coordinates":[[[-122.434739,42.659469],[-122.436985,42.657873],[-122.438053,42.655123],[-122.43563,42.654323],[-122.432487,42.658751],[-122.434739,42.659469]]]},"properties":{"OBJECTID":66,"fhdFtrID":66,"fhdRefID":53684,"fhdRevDt":"20190219","fhdONm":"Peter Robinson","fhdOEnt":"ODFW","fhdSpNm":"Black crappie","fhdRun":"NA","fhdLifeHst":"Resident","fhdUseTy":"ResidentMultipleUses","fhdBasis":"UndocObsFish","fhdStNm":"Medco Pond","fhdGenus":"Pomoxis","fhdSp":"nigromaculatus","fhdSubSp":null,"fhdOrig":"NonNative","fhdProd":"Natural","fhdComment":null,"fhdESH":"NA","fhdBasisD":null,"fhdNMF":"no","fhdBasisDt":null,"fhdBasisNm":null,"fhdBasisEnt":null,"fhdBasisPrj":null,"fhdBasisMethod":null,"fhdAccess":null,"fhdBarrierFtrID":null,"fhdEndExtent":null,"Shape__Area":330563.89353776,"Shape__Length":2588.111543983281,"habitatType":"lake"},"id":104},
{"type":"Feature","geometry":{"type":"Polygon","coordinates":[[[-122.821993,42.42062],[-122.822867,42.419198],[-122.820815,42.419259],[-122.821993,42.42062]]]},"properties":{"OBJECTID":67,"fhdFtrID":67,"fhdRefID":53684,"fhdRevDt":"20190219","fhdONm":"Peter Robinson","fhdOEnt":"ODFW","fhdSpNm":"Black crappie","fhdRun":"NA","fhdLifeHst":"Resident","fhdUseTy":"ResidentMultipleUses","fhdBasis":"UndocObsFish","fhdStNm":"Hoover Ponds ","fhdGenus":"Pomoxis","fhdSp":"nigromaculatus","fhdSubSp":null,"fhdOrig":"NonNative","fhdProd":"Natural","fhdComment":null,"fhdESH":"NA","fhdBasisD":null,"fhdNMF":"no","fhdBasisDt":null,"fhdBasisNm":null,"fhdBasisEnt":null,"fhdBasisPrj":null,"fhdBasisMethod":null,"fhdAccess":null,"fhdBarrierFtrID":null,"fhdEndExtent":null,"Shape__Area":47002.66784003,"Shape__Length":2136.1435263953126,"habitatType":"lake"},"id":105},
{"type":"Feature","geometry":{"type":"Polygon","coordinates":[[[-123.385839,42.679642],[-123.386317,42.679612],[-123.386102,42.679198],[-123.385751,42.679102],[-123.385839,42.679642]]]},"properties":{"OBJECTID":68,"fhdFtrID":68,"fhdRefID":53684,"fhdRevDt":"20190219","fhdONm":"Peter Robinson","fhdOEnt":"ODFW","fhdSpNm":"Black crappie","fhdRun":"NA","fhdLifeHst":"Resident","fhdUseTy":"ResidentMultipleUses","fhdBasis":"UndocObsFish","fhdStNm":"Dutch Herman","fhdGenus":"Pomoxis","fhdSp":"nigromaculatus","fhdSubSp":null,"fhdOrig":"NonNative","fhdProd":"Natural","fhdComment":null,"fhdESH":"NA","fhdBasisD":null,"fhdNMF":"no","fhdBasisDt":null,"fhdBasisNm":null,"fhdBasisEnt":null,"fhdBasisPrj":null,"fhdBasisMethod":null,"fhdAccess":null,"fhdBarrierFtrID":null,"fhdEndExtent":null,"Shape__Area":3986.25652165,"Shape__Length":270.2891038182991,"habitatType":"lake"},"id":106},
{"type":"Feature","geometry":{"type":"Polygon","coordinates":[[[-123.924051,45.980188],[-123.924664,45.978923],[-123.923046,45.978806],[-123.922549,45.979532],[-123.924051,45.980188]]]},"properties":{"OBJECTID":69,"fhdFtrID":69,"fhdRefID":53684,"fhdRevDt":"20190219","fhdONm":"Peter Robinson","fhdOEnt":"ODFW","fhdSpNm":"Black crappie","fhdRun":"NA","fhdLifeHst":"Resident","fhdUseTy":"ResidentMultipleUses","fhdBasis":"UndocObsFish","fhdStNm":"Chapman Ponds","fhdGenus":"Pomoxis","fhdSp":"nigromaculatus","fhdSubSp":null,"fhdOrig":"NonNative","fhdProd":"Natural","fhdComment":null,"fhdESH":"NA","fhdBasisD":null,"fhdNMF":"no","fhdBasisDt":null,"fhdBasisNm":null,"fhdBasisEnt":null,"fhdBasisPrj":null,"fhdBasisMethod":null,"fhdAccess":null,"fhdBarrierFtrID":null,"fhdEndExtent":null,"Shape__Area":50069.26250418,"Shape__Length":1015.212401955346,"habitatType":"lake"},"id":107},
{"type":"Feature","geometry":{"type":"Polygon","coordinates":[[[-123.348288,42.429555],[-123.348172,42.429242],[-123.347616,42.429219],[-123.347508,42.429527],[-123.348288,42.429555]]]},"properties":{"OBJECTID":70,"fhdFtrID":70,"fhdRefID":53684,"fhdRevDt":"20190219","fhdONm":"Peter Robinson","fhdOEnt":"ODFW","fhdSpNm":"Black crappie","fhdRun":"NA","fhdLifeHst":"Resident","fhdUseTy":"ResidentMultipleUses","fhdBasis":"UndocObsFish","fhdStNm":"All Sports Park Pond","fhdGenus":"Pomoxis","fhdSp":"nigromaculatus","fhdSubSp":null,"fhdOrig":"NonNative","fhdProd":"Natural","fhdComment":null,"fhdESH":"NA","fhdBasisD":null,"fhdNMF":"no","fhdBasisDt":null,"fhdBasisNm":null,"fhdBasisEnt":null,"fhdBasisPrj":null,"fhdBasisMethod":null,"fhdAccess":null,"fhdBarrierFtrID":null,"fhdEndExtent":null,"Shape__Area":4309.402312245,"Shape__Length":277.2643878145618,"habitatType":"lake"},"id":108},
{"type":"Feature","geometry":{"type":"Polygon","coordinates":[[[-120.700357,42.077016],[-120.698093,42.07929],[-120.700312,42.084558],[-120.701054,42.089143],[-120.700129,42.09283],[-120.703506,42.091862],[-120.703413,42.087799],[-120.701978,42.085627],[-120.704013,42.082907],[-120.702763,42.081216],[-120.702671,42.077842],[-120.704196,42.076634],[-120.708774,42.07591],[-120.711453,42.07188],[-120.712607,42.067467],[-120.708909,42.068884],[-120.708911,42.072189],[-120.705535,42.0725],[-120.700357,42.077016]]]},"properties":{"OBJECTID":71,"fhdFtrID":71,"fhdRefID":53684,"fhdRevDt":"20190125","fhdONm":"Peter Robinson","fhdOEnt":"ODFW","fhdSpNm":"Black crappie","fhdRun":"NA","fhdLifeHst":"Resident","fhdUseTy":"ResidentMultipleUses","fhdBasis":"UndocObsFish","fhdStNm":"Dog Lake Reservoir","fhdGenus":"Pomoxis","fhdSp":"nigromaculatus","fhdSubSp":null,"fhdOrig":"NonNative","fhdProd":"Natural","fhdComment":null,"fhdESH":"NA","fhdBasisD":null,"fhdNMF":"no","fhdBasisDt":null,"fhdBasisNm":null,"fhdBasisEnt":null,"fhdBasisPrj":null,"fhdBasisMethod":null,"fhdAccess":null,"fhdBarrierFtrID":null,"fhdEndExtent":null,"Shape__Area":1530876.210822425,"Shape__Length":10689.19454115802,"habitatType":"lake"},"id":109},
{"type":"Feature","geometry":{"type":"Polygon","coordinates":[[[-119.822656,42.440499],[-119.830501,42.443098],[-119.836183,42.444194],[-119.847213,42.44531],[-119.859383,42.444774],[-119.862886,42.443571],[-119.863632,42.441765],[-119.863101,42.435429],[-119.865201,42.431198],[-119.862873,42.428429],[-119.865624,42.423978],[-119.865599,42.42152],[-119.863339,42.418926],[-119.864371,42.414262],[-119.86977,42.408016],[-119.874144,42.39921],[-119.876799,42.396518],[-119.880595,42.39019],[-119.883904,42.389033],[-119.885911,42.386751],[-119.884203,42.385483],[-119.884044,42.380738],[-119.886917,42.378007],[-119.885869,42.374961],[-119.866995,42.362282],[-119.866127,42.360093],[-119.8617,42.35525],[-119.860132,42.355032],[-119.855935,42.351089],[-119.848235,42.350691],[-119.84556,42.355334],[-119.844979,42.360963],[-119.839706,42.363538],[-119.840589,42.36876],[-119.84251,42.37501],[-119.844117,42.378236],[-119.848417,42.379414],[-119.850157,42.381164],[-119.854872,42.382539],[-119.862232,42.387584],[-119.860925,42.391496],[-119.851379,42.393919],[-119.850493,42.39709],[-119.851367,42.398939],[-119.848393,42.400827],[-119.844418,42.400806],[-119.844195,42.39904],[-119.838701,42.396978],[-119.837346,42.394757],[-119.834526,42.39383],[-119.829582,42.395477],[-119.827643,42.397304],[-119.828199,42.40059],[-119.83025,42.402697],[-119.829666,42.405923],[-119.825633,42.409462],[-119.823842,42.414757],[-119.82454,42.421828],[-119.822734,42.424972],[-119.822549,42.428111],[-119.824305,42.431468],[-119.823039,42.434146],[-119.822656,42.440499]]]},"properties":{"OBJECTID":72,"fhdFtrID":72,"fhdRefID":53684,"fhdRevDt":"20190219","fhdONm":"Peter Robinson","fhdOEnt":"ODFW","fhdSpNm":"Black crappie","fhdRun":"NA","fhdLifeHst":"Resident","fhdUseTy":"ResidentMultipleUses","fhdBasis":"UndocObsFish","fhdStNm":"Hart Lake","fhdGenus":"Pomoxis","fhdSp":"nigromaculatus","fhdSubSp":null,"fhdOrig":"NonNative","fhdProd":"Natural","fhdComment":null,"fhdESH":"NA","fhdBasisD":null,"fhdNMF":"no","fhdBasisDt":null,"fhdBasisNm":null,"fhdBasisEnt":null,"fhdBasisPrj":null,"fhdBasisMethod":null,"fhdAccess":null,"fhdBarrierFtrID":null,"fhdEndExtent":null,"Shape__Area":53506689.36506394,"Shape__Length":79711.9683811532,"habitatType":"lake"},"id":110},
{"type":"Feature","geometry":{"type":"Polygon","coordinates":[[[-120.949921,42.844155],[-120.94858,42.845923],[-120.951218,42.84647],[-120.951725,42.8448],[-120.949921,42.844155]]]},"properties":{"OBJECTID":73,"fhdFtrID":73,"fhdRefID":53684,"fhdRevDt":"20190219","fhdONm":"Peter Robinson","fhdOEnt":"ODFW","fhdSpNm":"Black crappie","fhdRun":"NA","fhdLifeHst":"Resident","fhdUseTy":"ResidentMultipleUses","fhdBasis":"UndocObsFish","fhdStNm":"Emigrant Lake","fhdGenus":"Pomoxis","fhdSp":"nigromaculatus","fhdSubSp":null,"fhdOrig":"NonNative","fhdProd":"Natural","fhdComment":null,"fhdESH":"NA","fhdBasisD":null,"fhdNMF":"no","fhdBasisDt":null,"fhdBasisNm":null,"fhdBasisEnt":null,"fhdBasisPrj":null,"fhdBasisMethod":null,"fhdAccess":null,"fhdBarrierFtrID":null,"fhdEndExtent":null,"Shape__Area":111703.2045471,"Shape__Length":1260.1597069588815,"habitatType":"lake"},"id":111},
{"type":"Feature","geometry":{"type":"Polygon","coordinates":[[[-119.81818,42.33459],[-119.821862,42.331841],[-119.826534,42.329947],[-119.8228,42.328714],[-119.822799,42.324834],[-119.821342,42.322525],[-119.822118,42.319886],[-119.825348,42.317263],[-119.830087,42.318595],[-119.831188,42.316785],[-119.827439,42.312818],[-119.832723,42.30991],[-119.833049,42.312516],[-119.837551,42.31348],[-119.840218,42.309321],[-119.841526,42.309419],[-119.852322,42.303913],[-119.855149,42.298914],[-119.861582,42.294401],[-119.865578,42.292458],[-119.86534,42.290839],[-119.86185,42.287757],[-119.860921,42.281344],[-119.858947,42.279513],[-119.861473,42.277948],[-119.855479,42.274807],[-119.85361,42.276113],[-119.850629,42.269722],[-119.854753,42.266682],[-119.854075,42.264805],[-119.849211,42.262536],[-119.848284,42.26044],[-119.844511,42.256689],[-119.842856,42.253386],[-119.846424,42.25022],[-119.847465,42.254186],[-119.849819,42.258421],[-119.854337,42.2635],[-119.857524,42.265879],[-119.863408,42.268642],[-119.867294,42.269364],[-119.872797,42.268912],[-119.876613,42.267087],[-119.877025,42.261294],[-119.876254,42.255588],[-119.87431,42.253504],[-119.87462,42.249828],[-119.873535,42.246998],[-119.874616,42.242905],[-119.872521,42.237611],[-119.865985,42.23519],[-119.86595,42.230044],[-119.861375,42.231851],[-119.860661,42.234156],[-119.856765,42.237285],[-119.853154,42.236162],[-119.848562,42.236789],[-119.846562,42.238825],[-119.842758,42.249037],[-119.832887,42.251737],[-119.831787,42.254244],[-119.827778,42.256906],[-119.824256,42.26151],[-119.819633,42.265641],[-119.819441,42.267024],[-119.815932,42.270305],[-119.815659,42.272247],[-119.813125,42.274601],[-119.816295,42.27786],[-119.812993,42.28282],[-119.807163,42.282677],[-119.804747,42.28598],[-119.807082,42.287341],[-119.804295,42.292789],[-119.800888,42.295762],[-119.805492,42.297205],[-119.805137,42.300113],[-119.803459,42.302785],[-119.805026,42.304245],[-119.80425,42.306971],[-119.8051,42.309352],[-119.801625,42.318361],[-119.800168,42.320056],[-119.800966,42.325883],[-119.805158,42.328237],[-119.807472,42.330991],[-119.810511,42.332862],[-119.812989,42.332209],[-119.81818,42.33459]]]},"properties":{"OBJECTID":74,"fhdFtrID":74,"fhdRefID":53684,"fhdRevDt":"20190219","fhdONm":"Peter Robinson","fhdOEnt":"ODFW","fhdSpNm":"Black crappie","fhdRun":"NA","fhdLifeHst":"Resident","fhdUseTy":"ResidentMultipleUses","fhdBasis":"UndocObsFish","fhdStNm":"Crump Lake","fhdGenus":"Pomoxis","fhdSp":"nigromaculatus","fhdSubSp":null,"fhdOrig":"NonNative","fhdProd":"Natural","fhdComment":null,"fhdESH":"NA","fhdBasisD":null,"fhdNMF":"no","fhdBasisDt":null,"fhdBasisNm":null,"fhdBasisEnt":null,"fhdBasisPrj":null,"fhdBasisMethod":null,"fhdAccess":null,"fhdBarrierFtrID":null,"fhdEndExtent":null,"Shape__Area":62696596.1854476,"Shape__Length":154287.79646352679,"habitatType":"lake"},"id":112},
{"type":"Feature","geometry":{"type":"Polygon","coordinates":[[[-120.269969,42.40015],[-120.271142,42.40065],[-120.272434,42.40048],[-120.271637,42.399669],[-120.269969,42.40015]]]},"properties":{"OBJECTID":75,"fhdFtrID":75,"fhdRefID":53684,"fhdRevDt":"20190219","fhdONm":"Peter Robinson","fhdOEnt":"ODFW","fhdSpNm":"Black crappie","fhdRun":"NA","fhdLifeHst":"Resident","fhdUseTy":"ResidentMultipleUses","fhdBasis":"UndocObsFish","fhdStNm":"Wilson Lake","fhdGenus":"Pomoxis","fhdSp":"nigromaculatus","fhdSubSp":null,"fhdOrig":"NonNative","fhdProd":"Natural","fhdComment":null,"fhdESH":"NA","fhdBasisD":null,"fhdNMF":"no","fhdBasisDt":null,"fhdBasisNm":null,"fhdBasisEnt":null,"fhdBasisPrj":null,"fhdBasisMethod":null,"fhdAccess":null,"fhdBarrierFtrID":null,"fhdEndExtent":null,"Shape__Area":28412.250595125,"Shape__Length":699.8023556080739,"habitatType":"lake"},"id":113},
{"type":"Feature","geometry":{"type":"Polygon","coordinates":[[[-121.10048,42.239821],[-121.100222,42.229531],[-121.104113,42.222892],[-121.106018,42.221986],[-121.105821,42.21912],[-121.108532,42.216035],[-121.116659,42.212728],[-121.122397,42.21349],[-121.128251,42.217301],[-121.131013,42.217099],[-121.13225,42.220519],[-121.128983,42.223859],[-121.137265,42.229382],[-121.139305,42.226669],[-121.143213,42.224782],[-121.142366,42.222076],[-121.136798,42.222096],[-121.129761,42.213841],[-121.1268,42.213863],[-121.125027,42.208032],[-121.120892,42.207149],[-121.12354,42.204128],[-121.123206,42.202526],[-121.126533,42.199906],[-121.120158,42.195963],[-121.119441,42.194103],[-121.116096,42.192156],[-121.113558,42.193354],[-121.110181,42.189008],[-121.11047,42.180265],[-121.108435,42.172385],[-121.102021,42.1686],[-121.10122,42.167451],[-121.096951,42.167685],[-121.09379,42.169418],[-121.095994,42.171692],[-121.09644,42.17656],[-121.089348,42.176578],[-121.086405,42.179334],[-121.083276,42.180614],[-121.087587,42.183577],[-121.0869,42.186285],[-121.084585,42.187479],[-121.081367,42.18624],[-121.079248,42.184017],[-121.073018,42.18251],[-121.070451,42.178546],[-121.06206,42.178881],[-121.069455,42.181713],[-121.070112,42.186323],[-121.072311,42.18483],[-121.078001,42.186366],[-121.079546,42.193726],[-121.080631,42.196202],[-121.085756,42.201481],[-121.089964,42.204125],[-121.08973,42.209455],[-121.092375,42.213614],[-121.090376,42.217183],[-121.092289,42.220266],[-121.098767,42.223316],[-121.092852,42.223543],[-121.094752,42.22908],[-121.098211,42.233459],[-121.098901,42.238847],[-121.10048,42.239821]],[[-121.11581,42.201795],[-121.113883,42.20313],[-121.111457,42.197917],[-121.11478,42.199271],[-121.11581,42.201795]]]},"properties":{"OBJECTID":76,"fhdFtrID":76,"fhdRefID":53684,"fhdRevDt":"20190219","fhdONm":"Peter Robinson","fhdOEnt":"ODFW","fhdSpNm":"Black crappie","fhdRun":"NA","fhdLifeHst":"Resident","fhdUseTy":"ResidentMultipleUses","fhdBasis":"UndocObsFish","fhdStNm":"Gerber Reservoir","fhdGenus":"Pomoxis","fhdSp":"nigromaculatus","fhdSubSp":null,"fhdOrig":"NonNative","fhdProd":"Natural","fhdComment":null,"fhdESH":"NA","fhdBasisD":null,"fhdNMF":"no","fhdBasisDt":null,"fhdBasisNm":null,"fhdBasisEnt":null,"fhdBasisPrj":null,"fhdBasisMethod":null,"fhdAccess":null,"fhdBarrierFtrID":null,"fhdEndExtent":null,"Shape__Area":28128431.30408254,"Shape__Length":62900.03493764147,"habitatType":"lake"},"id":114},
{"type":"Feature","geometry":{"type":"Polygon","coordinates":[[[-122.446183,42.202573],[-122.451842,42.198689],[-122.456795,42.199817],[-122.458753,42.196891],[-122.458129,42.194967],[-122.454854,42.192403],[-122.455095,42.188303],[-122.456272,42.186391],[-122.465093,42.180069],[-122.468314,42.176963],[-122.468587,42.172378],[-122.46226,42.171143],[-122.456602,42.173078],[-122.456472,42.178381],[-122.453576,42.181331],[-122.449532,42.181668],[-122.440758,42.185651],[-122.438882,42.187832],[-122.440217,42.189358],[-122.445033,42.188629],[-122.442846,42.194585],[-122.445905,42.195779],[-122.444527,42.200274],[-122.446183,42.202573]]]},"properties":{"OBJECTID":77,"fhdFtrID":77,"fhdRefID":53718,"fhdRevDt":"20190508","fhdONm":"Kevin Stertz","fhdOEnt":"ODFW","fhdSpNm":"Black crappie","fhdRun":"NA","fhdLifeHst":"Resident","fhdUseTy":"ResidentMultipleUses","fhdBasis":"DocObsFish","fhdStNm":"Hyatt Reservoir","fhdGenus":"Pomoxis","fhdSp":"nigromaculatus","fhdSubSp":null,"fhdOrig":"NonNative","fhdProd":"Natural","fhdComment":null,"fhdESH":"NA","fhdBasisD":null,"fhdNMF":"no","fhdBasisDt":"20170000","fhdBasisNm":"Kevin Stertz","fhdBasisEnt":null,"fhdBasisPrj":null,"fhdBasisMethod":"Electrofisher","fhdAccess":null,"fhdBarrierFtrID":null,"fhdEndExtent":null,"Shape__Area":5970134.58451086,"Shape__Length":16727.218299607943,"habitatType":"lake"},"id":115},
{"type":"Feature","geometry":{"type":"Polygon","coordinates":[[[-121.106281,42.054375],[-121.104733,42.058119],[-121.108137,42.060582],[-121.10883,42.056767],[-121.106281,42.054375]]]},"properties":{"OBJECTID":78,"fhdFtrID":78,"fhdRefID":53684,"fhdRevDt":"20190219","fhdONm":"Peter Robinson","fhdOEnt":"ODFW","fhdSpNm":"Black crappie","fhdRun":"NA","fhdLifeHst":"Resident","fhdUseTy":"ResidentMultipleUses","fhdBasis":"UndocObsFish","fhdStNm":"Bumphead Reservoir","fhdGenus":"Pomoxis","fhdSp":"nigromaculatus","fhdSubSp":null,"fhdOrig":"NonNative","fhdProd":"Natural","fhdComment":null,"fhdESH":"NA","fhdBasisD":null,"fhdNMF":"no","fhdBasisDt":null,"fhdBasisNm":null,"fhdBasisEnt":null,"fhdBasisPrj":null,"fhdBasisMethod":null,"fhdAccess":null,"fhdBarrierFtrID":null,"fhdEndExtent":null,"Shape__Area":312292.871164985,"Shape__Length":2395.704627282051,"habitatType":"lake"},"id":116},
{"type":"Feature","geometry":{"type":"Polygon","coordinates":[[[-122.447343,45.52742],[-122.449658,45.526494],[-122.4477,45.525872],[-122.447343,45.52742]]]},"properties":{"OBJECTID":79,"fhdFtrID":79,"fhdRefID":53684,"fhdRevDt":"20190219","fhdONm":"Peter Robinson","fhdOEnt":"ODFW","fhdSpNm":"Black crappie","fhdRun":"NA","fhdLifeHst":"Resident","fhdUseTy":"ResidentMultipleUses","fhdBasis":"UndocObsFish","fhdStNm":"Salish Ponds","fhdGenus":"Pomoxis","fhdSp":"nigromaculatus","fhdSubSp":null,"fhdOrig":"NonNative","fhdProd":"Natural","fhdComment":null,"fhdESH":"NA","fhdBasisD":null,"fhdNMF":"no","fhdBasisDt":null,"fhdBasisNm":null,"fhdBasisEnt":null,"fhdBasisPrj":null,"fhdBasisMethod":null,"fhdAccess":null,"fhdBarrierFtrID":null,"fhdEndExtent":null,"Shape__Area":98686.209672485,"Shape__Length":1603.0370075416445,"habitatType":"lake"},"id":117},
{"type":"Feature","geometry":{"type":"Polygon","coordinates":[[[-122.444409,45.529679],[-122.448375,45.529611],[-122.447509,45.528192],[-122.444409,45.529679]]]},"properties":{"OBJECTID":80,"fhdFtrID":80,"fhdRefID":53684,"fhdRevDt":"20190211","fhdONm":"Peter Robinson","fhdOEnt":"ODFW","fhdSpNm":"Black crappie","fhdRun":"NA","fhdLifeHst":"Resident","fhdUseTy":"ResidentMultipleUses","fhdBasis":"UndocObsFish","fhdStNm":"Salish Ponds","fhdGenus":"Pomoxis","fhdSp":"nigromaculatus","fhdSubSp":null,"fhdOrig":"NonNative","fhdProd":"Natural","fhdComment":null,"fhdESH":"NA","fhdBasisD":null,"fhdNMF":"no","fhdBasisDt":null,"fhdBasisNm":null,"fhdBasisEnt":null,"fhdBasisPrj":null,"fhdBasisMethod":null,"fhdAccess":null,"fhdBarrierFtrID":null,"fhdEndExtent":null,"Shape__Area":93449.61584237,"Shape__Length":1432.6381873421785,"habitatType":"lake"},"id":118},
{"type":"Feature","geometry":{"type":"Polygon","coordinates":[[[-122.449078,45.528154],[-122.448769,45.529544],[-122.450133,45.529739],[-122.450289,45.528328],[-122.449078,45.528154]]]},"properties":{"OBJECTID":81,"fhdFtrID":81,"fhdRefID":53684,"fhdRevDt":"20190214","fhdONm":"Peter Robinson","fhdOEnt":"ODFW","fhdSpNm":"Black crappie","fhdRun":"NA","fhdLifeHst":"Resident","fhdUseTy":"ResidentMultipleUses","fhdBasis":"UndocObsFish","fhdStNm":"Salish Ponds","fhdGenus":"Pomoxis","fhdSp":"nigromaculatus","fhdSubSp":null,"fhdOrig":"NonNative","fhdProd":"Natural","fhdComment":null,"fhdESH":"NA","fhdBasisD":null,"fhdNMF":"no","fhdBasisDt":null,"fhdBasisNm":null,"fhdBasisEnt":null,"fhdBasisPrj":null,"fhdBasisMethod":null,"fhdAccess":null,"fhdBarrierFtrID":null,"fhdEndExtent":null,"Shape__Area":46117.276722735,"Shape__Length":801.8159881176798,"habitatType":"lake"},"id":119},
{"type":"Feature","geometry":{"type":"Polygon","coordinates":[[[-119.032362,46.189711],[-119.036085,46.186723],[-119.026055,46.180042],[-119.018661,46.17412],[-119.014584,46.168744],[-119.0228,46.172027],[-119.027805,46.171469],[-119.018579,46.168208],[-119.013205,46.165754],[-119.014683,46.163977],[-119.012948,46.161914],[-119.009334,46.1607],[-119.006323,46.156377],[-119.001897,46.147434],[-119.005334,46.143043],[-119.005001,46.137223],[-119.00256,46.132636],[-118.992192,46.124862],[-118.988846,46.123372],[-118.978905,46.121023],[-118.973674,46.118068],[-118.971872,46.112787],[-118.966212,46.103492],[-118.971502,46.103068],[-118.968762,46.096135],[-118.966174,46.092735],[-118.957199,46.084395],[-118.953185,46.079344],[-118.952907,46.074105],[-118.951479,46.06675],[-118.950297,46.065664],[-118.951406,46.060766],[-118.955617,46.046839],[-118.95515,46.039077],[-118.958266,46.032253],[-118.988346,46.011022],[-118.995708,46.005308],[-118.999609,45.998026],[-119.007529,45.989249],[-119.012766,45.985099],[-119.02669,45.976575],[-119.035007,45.972628],[-119.062319,45.965451],[-119.06777,45.963498],[-119.078543,45.958352],[-119.090085,45.95242],[-119.100548,45.947541],[-119.115263,45.943119],[-119.125537,45.94149],[-119.137136,45.939134],[-119.147679,45.937388],[-119.15154,45.93728],[-119.168308,45.934749],[-119.180548,45.933868],[-119.200569,45.935128],[-119.209366,45.936032],[-119.220821,45.938547],[-119.234221,45.943818],[-119.240811,45.945768],[-119.250736,45.947857],[-119.263606,45.948206],[-119.275895,45.947042],[-119.29986,45.944348],[-119.296695,45.931969],[-119.2936,45.926501],[-119.269845,45.931442],[-119.260524,45.930928],[-119.258707,45.931777],[-119.255101,45.930552],[-119.249348,45.930527],[-119.230764,45.926784],[-119.219263,45.92319],[-119.206648,45.921141],[-119.197218,45.920084],[-119.187826,45.920255],[-119.183473,45.919783],[-119.1797,45.920572],[-119.174231,45.919771],[-119.170175,45.921169],[-119.164651,45.920104],[-119.158529,45.919774],[-119.150795,45.921242],[-119.145044,45.919139],[-119.142064,45.920268],[-119.138457,45.920173],[-119.129645,45.922928],[-119.12717,45.921819],[-119.12234,45.923101],[-119.118103,45.922215],[-119.114277,45.923292],[-119.095859,45.930912],[-119.063238,45.948721],[-119.060667,45.950411],[-119.047062,45.955358],[-119.040425,45.957276],[-119.02245,45.963355],[-119.01267,45.967843],[-118.995873,45.978693],[-118.993334,45.981366],[-118.983684,45.994041],[-118.975413,46.00156],[-118.965374,46.009225],[-118.947427,46.019107],[-118.943302,46.02219],[-118.941066,46.025048],[-118.936593,46.026578],[-118.933672,46.028585],[-118.937625,46.036577],[-118.940665,46.03876],[-118.941075,46.043],[-118.93998,46.046714],[-118.937137,46.051431],[-118.929983,46.056455],[-118.923246,46.057738],[-118.919109,46.060925],[-118.915721,46.060375],[-118.916232,46.063305],[-118.910597,46.06473],[-118.909215,46.071536],[-118.9094,46.079704],[-118.913526,46.091597],[-118.914029,46.095897],[-118.92203,46.100303],[-118.9249,46.104296],[-118.922769,46.109112],[-118.927342,46.11745],[-118.93097,46.120406],[-118.933387,46.124862],[-118.937529,46.127292],[-118.945111,46.133089],[-118.945459,46.141481],[-118.943479,46.147082],[-118.944482,46.150949],[-118.942904,46.152336],[-118.950396,46.157868],[-118.948761,46.160832],[-118.946615,46.162078],[-118.948281,46.1642],[-118.953547,46.167545],[-118.959608,46.163858],[-118.957231,46.160173],[-118.960388,46.15834],[-118.961547,46.155203],[-118.960677,46.150957],[-118.958869,46.149938],[-118.960935,46.145703],[-118.963223,46.144978],[-118.959158,46.141447],[-118.957997,46.138869],[-118.958515,46.131947],[-118.960849,46.128403],[-118.964472,46.13403],[-118.967152,46.1428],[-118.974018,46.15719],[-118.973128,46.158847],[-118.983139,46.171289],[-118.988029,46.174748],[-119.00045,46.182426],[-119.003279,46.183751],[-119.007948,46.181844],[-119.011035,46.181708],[-119.01198,46.184354],[-119.007677,46.183759],[-119.004651,46.18519],[-119.015101,46.191283],[-119.015542,46.19385],[-119.023808,46.197988],[-119.022747,46.201251],[-119.024128,46.202282],[-119.024328,46.201774],[-119.026891,46.200407],[-119.027153,46.20023],[-119.02863,46.199737],[-119.02901,46.199685],[-119.029399,46.199503],[-119.029629,46.199359],[-119.030082,46.199157],[-119.030402,46.199059],[-119.030903,46.198641],[-119.027326,46.19262],[-119.027243,46.192465],[-119.032362,46.189711]],[[-118.935577,46.103677],[-118.940609,46.113111],[-118.936815,46.111049],[-118.935577,46.103677]]]},"properties":{"OBJECTID":82,"fhdFtrID":82,"fhdRefID":53684,"fhdRevDt":"20190213","fhdONm":"Peter Robinson","fhdOEnt":"ODFW","fhdSpNm":"Black crappie","fhdRun":"NA","fhdLifeHst":"Resident","fhdUseTy":"ResidentMultipleUses","fhdBasis":"UndocObsFish","fhdStNm":"Lake Wallula","fhdGenus":"Pomoxis","fhdSp":"nigromaculatus","fhdSubSp":null,"fhdOrig":"NonNative","fhdProd":"Natural","fhdComment":null,"fhdESH":"NA","fhdBasisD":null,"fhdNMF":"no","fhdBasisDt":null,"fhdBasisNm":null,"fhdBasisEnt":null,"fhdBasisPrj":null,"fhdBasisMethod":null,"fhdAccess":null,"fhdBarrierFtrID":null,"fhdEndExtent":null,"Shape__Area":221177788.1562376,"Shape__Length":261154.4545908588,"habitatType":"lake"},"id":120},
{"type":"Feature","geometry":{"type":"Polygon","coordinates":[[[-123.846589,43.595968],[-123.848255,43.59433],[-123.845956,43.591811],[-123.842273,43.590861],[-123.84047,43.586846],[-123.842316,43.585755],[-123.842264,43.582572],[-123.832653,43.580474],[-123.826717,43.58067],[-123.827217,43.583018],[-123.835116,43.583375],[-123.83915,43.584254],[-123.835854,43.586547],[-123.835678,43.592116],[-123.838893,43.593938],[-123.843518,43.593333],[-123.846589,43.595968]]]},"properties":{"OBJECTID":83,"fhdFtrID":83,"fhdRefID":53718,"fhdRevDt":"20190429","fhdONm":"Kevin Stertz","fhdOEnt":"ODFW","fhdSpNm":"Black crappie","fhdRun":"NA","fhdLifeHst":"Resident","fhdUseTy":"ResidentMultipleUses","fhdBasis":"DocObsFish","fhdStNm":"Loon Lake","fhdGenus":"Pomoxis","fhdSp":"nigromaculatus","fhdSubSp":null,"fhdOrig":"NonNative","fhdProd":"Natural","fhdComment":null,"fhdESH":"NA","fhdBasisD":null,"fhdNMF":"no","fhdBasisDt":null,"fhdBasisNm":null,"fhdBasisEnt":null,"fhdBasisPrj":null,"fhdBasisMethod":null,"fhdAccess":null,"fhdBarrierFtrID":null,"fhdEndExtent":null,"Shape__Area":1993759.18652279,"Shape__Length":11683.135092555392,"habitatType":"lake"},"id":121},
{"type":"Feature","geometry":{"type":"Polygon","coordinates":[[[-121.112488,42.016444],[-121.117359,42.022531],[-121.119198,42.021043],[-121.119769,42.018167],[-121.116909,42.01269],[-121.115999,42.007608],[-121.109571,42.003154],[-121.100974,41.997948],[-121.104133,42.004797],[-121.103267,42.008272],[-121.104939,42.009824],[-121.103454,42.011614],[-121.098205,42.010117],[-121.09733,42.011506],[-121.097906,42.015271],[-121.105621,42.016735],[-121.10545,42.014248],[-121.112488,42.016444]]]},"properties":{"OBJECTID":84,"fhdFtrID":84,"fhdRefID":53580,"fhdRevDt":"20190430","fhdONm":"Jay Stevens","fhdOEnt":"BLM","fhdSpNm":"Black crappie","fhdRun":"NA","fhdLifeHst":"Resident","fhdUseTy":"ResidentMultipleUses","fhdBasis":"UndocObsFish","fhdStNm":"Willow Valley Reservoir","fhdGenus":"Pomoxis","fhdSp":"nigromaculatus","fhdSubSp":null,"fhdOrig":"NonNative","fhdProd":"Natural","fhdComment":null,"fhdESH":"NA","fhdBasisD":null,"fhdNMF":"no","fhdBasisDt":null,"fhdBasisNm":null,"fhdBasisEnt":null,"fhdBasisPrj":null,"fhdBasisMethod":null,"fhdAccess":null,"fhdBarrierFtrID":null,"fhdEndExtent":null,"Shape__Area":3984589.57296903,"Shape__Length":14973.395195935786,"habitatType":"lake"},"id":122},
{"type":"Feature","geometry":{"type":"Polygon","coordinates":[[[-122.605405,42.16171],[-122.613366,42.159],[-122.617417,42.159245],[-122.61441,42.154788],[-122.616916,42.151883],[-122.62034,42.152046],[-122.621113,42.150289],[-122.619678,42.145996],[-122.620863,42.143212],[-122.624228,42.144034],[-122.619374,42.136019],[-122.615872,42.137559],[-122.613857,42.137105],[-122.612814,42.133471],[-122.609694,42.133521],[-122.608619,42.136146],[-122.613116,42.141118],[-122.613067,42.14551],[-122.611416,42.146878],[-122.611943,42.150858],[-122.609791,42.154027],[-122.603305,42.154705],[-122.597096,42.147455],[-122.597604,42.145967],[-122.595065,42.142607],[-122.588682,42.139342],[-122.581266,42.141304],[-122.58993,42.142795],[-122.595009,42.14992],[-122.597379,42.151825],[-122.598066,42.154438],[-122.603913,42.158405],[-122.605405,42.16171]]]},"properties":{"OBJECTID":85,"fhdFtrID":85,"fhdRefID":53580,"fhdRevDt":"20190430","fhdONm":"Jay Stevens","fhdOEnt":"BLM","fhdSpNm":"Black crappie","fhdRun":"NA","fhdLifeHst":"Resident","fhdUseTy":"ResidentMultipleUses","fhdBasis":"UndocObsFish","fhdStNm":"Emigrant Reservoir","fhdGenus":"Pomoxis","fhdSp":"nigromaculatus","fhdSubSp":null,"fhdOrig":"NonNative","fhdProd":"Natural","fhdComment":null,"fhdESH":"NA","fhdBasisD":null,"fhdNMF":"no","fhdBasisDt":null,"fhdBasisNm":null,"fhdBasisEnt":null,"fhdBasisPrj":null,"fhdBasisMethod":null,"fhdAccess":null,"fhdBarrierFtrID":null,"fhdEndExtent":null,"Shape__Area":5746351.01259549,"Shape__Length":28754.584222983765,"habitatType":"lake"},"id":123},
{"type":"Feature","geometry":{"type":"Polygon","coordinates":[[[-123.055365,43.716645],[-123.058682,43.716406],[-123.065126,43.713291],[-123.066291,43.711532],[-123.07343,43.706941],[-123.076922,43.70268],[-123.076643,43.695632],[-123.078366,43.692099],[-123.074961,43.688228],[-123.076269,43.686255],[-123.07488,43.684272],[-123.070877,43.685087],[-123.068432,43.688194],[-123.06804,43.694865],[-123.066551,43.697381],[-123.06432,43.697845],[-123.054622,43.702686],[-123.050814,43.707155],[-123.047818,43.708236],[-123.049592,43.715874],[-123.055365,43.716645]]]},"properties":{"OBJECTID":86,"fhdFtrID":86,"fhdRefID":53718,"fhdRevDt":"20190219","fhdONm":"Kevin Stertz","fhdOEnt":"ODFW","fhdSpNm":"Black crappie","fhdRun":"NA","fhdLifeHst":"Resident","fhdUseTy":"ResidentMultipleUses","fhdBasis":"DocObsFish","fhdStNm":"Cottage Grove Reservoir","fhdGenus":"Pomoxis","fhdSp":"nigromaculatus","fhdSubSp":null,"fhdOrig":"NonNative","fhdProd":"Natural","fhdComment":null,"fhdESH":"NA","fhdBasisD":null,"fhdNMF":"no","fhdBasisDt":"20170000","fhdBasisNm":null,"fhdBasisEnt":null,"fhdBasisPrj":null,"fhdBasisMethod":"Electrofisher","fhdAccess":null,"fhdBarrierFtrID":null,"fhdEndExtent":null,"Shape__Area":7949340.124322945,"Shape__Length":23674.51012774601,"habitatType":"lake"},"id":124},
{"type":"Feature","geometry":{"type":"Polygon","coordinates":[[[-124.166187,43.571508],[-124.163966,43.575168],[-124.16204,43.576791],[-124.158163,43.576749],[-124.15459,43.57774],[-124.152725,43.581252],[-124.154518,43.581765],[-124.154555,43.585619],[-124.152924,43.588453],[-124.148841,43.585469],[-124.144291,43.585902],[-124.14111,43.584718],[-124.136255,43.580805],[-124.136734,43.58451],[-124.138797,43.584912],[-124.142401,43.588136],[-124.140311,43.589642],[-124.136887,43.588731],[-124.134608,43.589411],[-124.133212,43.596178],[-124.131019,43.597496],[-124.120803,43.595697],[-124.113339,43.592123],[-124.115307,43.596899],[-124.117301,43.597235],[-124.115893,43.602206],[-124.118805,43.606107],[-124.115015,43.608319],[-124.110445,43.607963],[-124.105551,43.608604],[-124.095651,43.6129],[-124.096762,43.613799],[-124.10636,43.609929],[-124.110491,43.609439],[-124.114911,43.610152],[-124.12052,43.606779],[-124.120609,43.60482],[-124.118045,43.601122],[-124.118904,43.599867],[-124.125927,43.599154],[-124.126141,43.601794],[-124.129574,43.603039],[-124.132947,43.601214],[-124.134612,43.59819],[-124.137487,43.596235],[-124.138389,43.592183],[-124.143048,43.592208],[-124.145567,43.591139],[-124.146728,43.598754],[-124.143515,43.607043],[-124.147293,43.603718],[-124.148092,43.600118],[-124.149623,43.598536],[-124.147744,43.593575],[-124.156929,43.592546],[-124.159216,43.583248],[-124.156424,43.582313],[-124.156131,43.579966],[-124.160534,43.577049],[-124.16245,43.576841],[-124.164398,43.575092],[-124.166619,43.571477],[-124.166187,43.571508]]]},"properties":{"OBJECTID":87,"fhdFtrID":87,"fhdRefID":53718,"fhdRevDt":"20190219","fhdONm":"Kevin Stertz","fhdOEnt":"ODFW","fhdSpNm":"Black crappie","fhdRun":"NA","fhdLifeHst":"Resident","fhdUseTy":"ResidentMultipleUses","fhdBasis":"DocObsFish","fhdStNm":"North Tenmile Lake","fhdGenus":"Pomoxis","fhdSp":"nigromaculatus","fhdSubSp":null,"fhdOrig":"NonNative","fhdProd":"Natural","fhdComment":null,"fhdESH":"NA","fhdBasisD":null,"fhdNMF":"no","fhdBasisDt":"20170000","fhdBasisNm":null,"fhdBasisEnt":null,"fhdBasisPrj":null,"fhdBasisMethod":"Electrofisher","fhdAccess":null,"fhdBarrierFtrID":null,"fhdEndExtent":null,"Shape__Area":7235184.991887395,"Shape__Length":59640.477159600436,"habitatType":"lake"},"id":125},
{"type":"Feature","geometry":{"type":"Polygon","coordinates":[[[-118.091359,44.692439],[-118.092255,44.686647],[-118.095278,44.685596],[-118.095345,44.68388],[-118.091029,44.678534],[-118.083424,44.677548],[-118.074068,44.674315],[-118.063417,44.674545],[-118.058297,44.676461],[-118.058573,44.673956],[-118.053283,44.673073],[-118.05187,44.674301],[-118.044728,44.675294],[-118.033794,44.674565],[-118.030101,44.677556],[-118.020682,44.677717],[-118.016469,44.676584],[-118.015321,44.672611],[-118.012762,44.673111],[-118.00559,44.669897],[-118.000326,44.669259],[-117.998774,44.670632],[-118.005116,44.677117],[-118.013823,44.681046],[-118.013844,44.682958],[-118.019832,44.684778],[-118.020285,44.686596],[-118.023229,44.687817],[-118.025452,44.686658],[-118.027854,44.68304],[-118.0311,44.683754],[-118.03235,44.685664],[-118.037625,44.68716],[-118.040302,44.686722],[-118.042908,44.688292],[-118.044819,44.684273],[-118.054399,44.688645],[-118.059418,44.691961],[-118.064218,44.691529],[-118.068148,44.688652],[-118.070223,44.688692],[-118.072525,44.686203],[-118.074706,44.687668],[-118.085661,44.6909],[-118.09068,44.690834],[-118.091359,44.692439]]]},"properties":{"OBJECTID":88,"fhdFtrID":88,"fhdRefID":53718,"fhdRevDt":"20190325","fhdONm":"Kevin Stertz","fhdOEnt":"ODFW","fhdSpNm":"Black crappie","fhdRun":"NA","fhdLifeHst":"Resident","fhdUseTy":"ResidentMultipleUses","fhdBasis":"DocObsFish","fhdStNm":"Phillips Reservoir","fhdGenus":"Pomoxis","fhdSp":"nigromaculatus","fhdSubSp":null,"fhdOrig":"NonNative","fhdProd":"Natural","fhdComment":null,"fhdESH":"NA","fhdBasisD":null,"fhdNMF":"no","fhdBasisDt":"20170000","fhdBasisNm":null,"fhdBasisEnt":null,"fhdBasisPrj":null,"fhdBasisMethod":"Electrofisher","fhdAccess":null,"fhdBarrierFtrID":null,"fhdEndExtent":null,"Shape__Area":17976668.12557424,"Shape__Length":45795.92624182651,"habitatType":"lake"},"id":126},
{"type":"Feature","geometry":{"type":"Polygon","coordinates":[[[-123.590101,43.05095],[-123.595386,43.050756],[-123.593963,43.049055],[-123.589742,43.050171],[-123.582831,43.045457],[-123.580436,43.044908],[-123.569958,43.045519],[-123.565842,43.046243],[-123.562706,43.045766],[-123.559562,43.046617],[-123.559517,43.043499],[-123.556254,43.040057],[-123.554211,43.041259],[-123.556098,43.046842],[-123.558814,43.049438],[-123.563447,43.048203],[-123.566022,43.049641],[-123.57171,43.047352],[-123.575317,43.047505],[-123.580564,43.04622],[-123.584359,43.0483],[-123.587413,43.048777],[-123.590101,43.05095]]]},"properties":{"OBJECTID":89,"fhdFtrID":89,"fhdRefID":53718,"fhdRevDt":"20190509","fhdONm":"Kevin Stertz","fhdOEnt":"ODFW","fhdSpNm":"Black crappie","fhdRun":"NA","fhdLifeHst":"Resident","fhdUseTy":"ResidentMultipleUses","fhdBasis":"DocObsFish","fhdStNm":"Ben Irving Reservoir","fhdGenus":"Pomoxis","fhdSp":"nigromaculatus","fhdSubSp":null,"fhdOrig":"NonNative","fhdProd":"Natural","fhdComment":null,"fhdESH":"NA","fhdBasisD":null,"fhdNMF":"no","fhdBasisDt":"20180000","fhdBasisNm":"Kevin Stertz","fhdBasisEnt":null,"fhdBasisPrj":null,"fhdBasisMethod":"Electrofisher","fhdAccess":null,"fhdBarrierFtrID":null,"fhdEndExtent":null,"Shape__Area":1686187.53484692,"Shape__Length":14846.048560311088,"habitatType":"lake"},"id":127},
{"type":"Feature","geometry":{"type":"Polygon","coordinates":[[[-119.315567,45.928751],[-119.319685,45.929091],[-119.32018,45.927138],[-119.315567,45.928751]]]},"properties":{"OBJECTID":90,"fhdFtrID":90,"fhdRefID":53718,"fhdRevDt":"20190501","fhdONm":"Kevin Stertz","fhdOEnt":"ODFW","fhdSpNm":"Black crappie","fhdRun":"NA","fhdLifeHst":"Resident","fhdUseTy":"ResidentMultipleUses","fhdBasis":"DocObsFish","fhdStNm":"McNary Ponds","fhdGenus":"Pomoxis","fhdSp":"nigromaculatus","fhdSubSp":null,"fhdOrig":"NonNative","fhdProd":"Natural","fhdComment":null,"fhdESH":"NA","fhdBasisD":null,"fhdNMF":"no","fhdBasisDt":"20180000","fhdBasisNm":"Kevin Stertz","fhdBasisEnt":null,"fhdBasisPrj":null,"fhdBasisMethod":"Electrofisher","fhdAccess":null,"fhdBarrierFtrID":null,"fhdEndExtent":null,"Shape__Area":348193.40567923,"Shape__Length":6941.075249917869,"habitatType":"lake"},"id":128}
]}
