{"type":"FeatureCollection","features":[
{"type":"Feature","geometry":{"type":"LineString","coordinates":[[-123.020919,44.409865],[-123.030122,44.407944],[-123.034193,44.41032],[-123.04111,44.406161],[-123.047756,44.407974],[-123.04831,44.410567],[-123.057659,44.414956],[-123.057112,44.420034],[-123.063393,44.420643],[-123.064303,44.425072],[-123.068228,44.430399],[-123.068129,44.433043],[-123.072307,44.436529],[-123.075826,44.436985],[-123.079102,44.443825],[-123.07624,44.446671],[-123.078757,44.44937],[-123.074489,44.453047],[-123.07656,44.460427],[-123.080653,44.46135],[-123.086675,44.46647],[-123.08698,44.468775],[-123.080971,44.48521],[-123.08087,44.486713],[-123.089533,44.490572],[-123.093059,44.490735],[-123.093878,44.496795],[-123.092258,44.498876],[-123.109219,44.506698],[-123.112906,44.51217],[-123.129553,44.517459],[-123.128243,44.522344],[-123.134073,44.530095],[-123.139324,44.526196],[-123.144313,44.533864],[-123.150393,44.538356],[-123.15314,44.544308],[-123.153548,44.548435],[-123.146552,44.552697],[-123.152645,44.557258],[-123.149661,44.562052],[-123.14923,44.565833],[-123.14448,44.570156],[-123.141396,44.570633],[-123.138497,44.575142],[-123.14309,44.578634],[-123.144964,44.587801],[-123.141743,44.586639],[-123.135447,44.590585],[-123.139825,44.595747],[-123.134186,44.598338],[-123.133184,44.603948],[-123.125603,44.606256],[-123.12941,44.612554],[-123.127737,44.614131],[-123.130481,44.61813],[-123.129473,44.621124],[-123.133981,44.624648],[-123.128701,44.630893],[-123.120541,44.632446],[-123.112295,44.635479],[-123.109433,44.639231]]},"properties":{"OBJECTID":1,"fhdFtrID":1,"fhdRefID":53745,"fhdRevDt":"20190422","fhdONm":"J. Runyon et al.","fhdOEnt":"Calapooia Watershed Council","fhdSpNm":"BG","fhdRun":"NA","fhdLifeHst":"Resident","fhdUseTy":"ResidentMultipleUses","fhdBasis":"UndocObsFish","fhdStNm":"Calapooia River","fhdGenus":"Lepomis","fhdSp":"macrochirus","fhdSubSp":null,"fhdOrig":"NonNative","fhdProd":"Natural","fhdComment":null,"fhdESH":"NA","fhdBasisD":null,"fhdNMF":"no","fhdBasisDt":"20040000","fhdBasisNm":null,"fhdBasisEnt":null,"fhdBasisPrj":null,"fhdBasisMethod":null,"fhdAccess":null,"fhdBarrierFtrID":null,"fhdEndExtent":null,"Shape__Length":74962.83202140697,"habitatType":"stream"},"id":1},
{"type":"Feature","geometry":{"type":"LineString","coordinates":[[-123.127737,44.614131],[-123.124971,44.615315],[-123.119446,44.60752],[-123.114926,44.603362],[-123.095174,44.599829],[-123.09236,44.59595],[-123.082637,44.596583],[-123.078143,44.594224],[-123.07355,44.597029],[-123.067167,44.594979],[-123.064683,44.590358],[-123.057191,44.590175]]},"properties":{"OBJECTID":2,"fhdFtrID":2,"fhdRefID":53745,"fhdRevDt":"20190422","fhdONm":"J. Runyon et al.","fhdOEnt":"Calapooia Watershed Council","fhdSpNm":"BG","fhdRun":"NA","fhdLifeHst":"Resident","fhdUseTy":"ResidentMultipleUses","fhdBasis":"UndocObsFish","fhdStNm":"Oak Creek","fhdGenus":"Lepomis","fhdSp":"macrochirus","fhdSubSp":null,"fhdOrig":"NonNative","fhdProd":"Natural","fhdComment":null,"fhdESH":"NA","fhdBasisD":null,"fhdNMF":"no","fhdBasisDt":null,"fhdBasisNm":null,"fhdBasisEnt":null,"fhdBasisPrj":null,"fhdBasisMethod":null,"fhdAccess":null,"fhdBarrierFtrID":null,"fhdEndExtent":null,"Shape__Length":12019.235347816712,"habitatType":"stream"},"id":2},
{"type":"Feature","geometry":{"type":"LineString","coordinates":[[-117.205653,43.700183],[-117.207945,43.70604],[-117.203142,43.706427],[-117.199598,43.704272],[-117.196455,43.699767],[-117.191285,43.701504],[-117.191343,43.70796],[-117.194432,43.711269],[-117.191198,43.716971],[-117.191274,43.721196],[-117.198462,43.720941],[-117.203887,43.728305],[-117.201889,43.732118],[-117.196784,43.73164],[-117.17758,43.737993],[-117.168523,43.735611],[-117.165959,43.736579],[-117.163144,43.741532],[-117.153465,43.745958],[-117.146192,43.74579],[-117.143589,43.747981],[-117.144134,43.757326],[-117.149011,43.755806],[-117.15509,43.757015],[-117.153423,43.763624],[-117.154358,43.766034],[-117.152188,43.773712],[-117.149097,43.774905],[-117.1438,43.773561],[-117.138491,43.776869],[-117.141116,43.78115],[-117.137486,43.783699],[-117.132709,43.781813],[-117.128169,43.785735],[-117.118923,43.786151],[-117.1118,43.785483]]},"properties":{"OBJECTID":3,"fhdFtrID":3,"fhdRefID":53580,"fhdRevDt":"20190430","fhdONm":"Jay Stevens","fhdOEnt":"BLM","fhdSpNm":"BG","fhdRun":"NA","fhdLifeHst":"Resident","fhdUseTy":"ResidentMultipleUses","fhdBasis":"UndocObsFish","fhdStNm":"Owyhee River","fhdGenus":"Lepomis","fhdSp":"macrochirus","fhdSubSp":null,"fhdOrig":"NonNative","fhdProd":"Natural","fhdComment":null,"fhdESH":"NA","fhdBasisD":null,"fhdNMF":"no","fhdBasisDt":null,"fhdBasisNm":null,"fhdBasisEnt":null,"fhdBasisPrj":null,"fhdBasisMethod":null,"fhdAccess":null,"fhdBarrierFtrID":null,"fhdEndExtent":null,"Shape__Length":30350.400354995203,"habitatType":"stream"},"id":3},
{"type":"Feature","geometry":{"type":"LineString","coordinates":[[-117.352529,43.559807],[-117.356751,43.565445],[-117.3617,43.566363],[-117.376503,43.565165],[-117.384703,43.56235],[-117.392863,43.560609],[-117.403077,43.56096],[-117.4058,43.563789],[-117.406407,43.569265]]},"properties":{"OBJECTID":4,"fhdFtrID":4,"fhdRefID":53580,"fhdRevDt":"20190430","fhdONm":"Jay Stevens","fhdOEnt":"BLM","fhdSpNm":"BG","fhdRun":"NA","fhdLifeHst":"Resident","fhdUseTy":"ResidentMultipleUses","fhdBasis":"UndocObsFish","fhdStNm":"Dry Creek","fhdGenus":"Lepomis","fhdSp":"macrochirus","fhdSubSp":null,"fhdOrig":"NonNative","fhdProd":"Natural","fhdComment":null,"fhdESH":"NA","fhdBasisD":null,"fhdNMF":"no","fhdBasisDt":null,"fhdBasisNm":null,"fhdBasisEnt":null,"fhdBasisPrj":null,"fhdBasisMethod":null,"fhdAccess":null,"fhdBarrierFtrID":null,"fhdEndExtent":null,"Shape__Length":7838.25820263153,"habitatType":"stream"},"id":4},
{"type":"Feature","geometry":{"type":"LineString","coordinates":[[-117.021969,43.817411],[-117.01998,43.821143],[-117.023252,43.824974],[-117.031762,43.828603],[-117.03192,43.835173],[-117.026181,43.841207],[-117.022847,43.842325],[-117.015314,43.840047],[-117.010282,43.843712],[-117.010036,43.848762],[-117.013341,43.852069],[-117.019764,43.853632],[-117.021433,43.857743],[-117.018346,43.860157],[-117.009112,43.863689],[-116.997377,43.864896],[-116.99059,43.864001],[-116.983601,43.866905],[-116.982273,43.869631],[-116.983659,43.881385],[-116.978899,43.888624],[-116.976177,43.895406],[-116.97722,43.905848],[-116.980629,43.915085],[-116.979083,43.916145],[-116.961858,43.917771],[-116.959252,43.927054],[-116.961477,43.933207],[-116.966443,43.93423],[-116.968944,43.940649],[-116.962698,43.94667],[-116.960343,43.954668],[-116.961938,43.956271],[-116.97361,43.956856],[-116.978096,43.958991],[-116.97802,43.963637],[-116.974837,43.966864],[-116.960968,43.969617],[-116.956839,43.971982],[-116.955562,43.977694],[-116.9504,43.984132],[-116.940635,43.984294],[-116.934465,43.987927],[-116.940293,43.997349],[-116.943867,44.000845],[-116.944408,44.004598],[-116.938592,44.008574],[-116.936546,44.011884],[-116.934538,44.022532],[-116.936554,44.027935],[-116.944557,44.036339],[-116.953921,44.040602],[-116.959158,44.045644],[-116.973073,44.049092],[-116.973785,44.059352]]},"properties":{"OBJECTID":5,"fhdFtrID":5,"fhdRefID":53580,"fhdRevDt":"20190430","fhdONm":"Jay Stevens","fhdOEnt":"BLM","fhdSpNm":"BG","fhdRun":"NA","fhdLifeHst":"Resident","fhdUseTy":"ResidentMultipleUses","fhdBasis":"UndocObsFish","fhdStNm":"Snake River","fhdGenus":"Lepomis","fhdSp":"macrochirus","fhdSubSp":null,"fhdOrig":"NonNative","fhdProd":"Natural","fhdComment":null,"fhdESH":"NA","fhdBasisD":null,"fhdNMF":"no","fhdBasisDt":null,"fhdBasisNm":null,"fhdBasisEnt":null,"fhdBasisPrj":null,"fhdBasisMethod":null,"fhdAccess":null,"fhdBarrierFtrID":null,"fhdEndExtent":null,"Shape__Length":55200.30931543066,"habitatType":"stream"},"id":5},
{"type":"Feature","geometry":{"type":"LineString","coordinates":[[-117.817914,43.7779],[-117.811199,43.778711],[-117.806765,43.776068],[-117.796044,43.77725],[-117.790506,43.779414],[-117.784172,43.776565],[-117.786192,43.770755],[-117.790688,43.766861],[-117.789386,43.764196],[-117.779652,43.763668],[-117.770833,43.769615],[-117.76098,43.769575],[-117.76122,43.773733],[-117.772821,43.774438],[-117.774879,43.777909],[-117.768618,43.780923],[-117.757528,43.779995],[-117.751203,43.777581],[-117.746164,43.780018],[-117.744162,43.776437],[-117.738139,43.774212],[-117.733032,43.774693],[-117.730169,43.779824],[-117.733541,43.784232],[-117.719561,43.787427],[-117.711864,43.786017],[-117.705477,43.788217],[-117.702672,43.790693],[-117.695891,43.791085],[-117.693851,43.788829],[-117.688093,43.790646],[-117.685402,43.793336],[-117.681235,43.800736],[-117.671394,43.804386],[-117.663618,43.809483],[-117.662437,43.813974],[-117.648779,43.823749],[-117.644188,43.823505],[-117.642746,43.828213],[-117.637826,43.832184],[-117.636274,43.837109],[-117.636548,43.841808],[-117.62928,43.841911],[-117.623271,43.849768],[-117.613576,43.850658],[-117.610022,43.857245],[-117.602823,43.864582],[-117.596683,43.865412],[-117.597635,43.867947],[-117.58879,43.869364],[-117.584142,43.872376],[-117.583821,43.875027],[-117.568864,43.882399],[-117.563235,43.880252],[-117.557119,43.882299],[-117.550357,43.882035],[-117.546757,43.884375],[-117.537349,43.884798],[-117.535166,43.879559],[-117.530352,43.873827],[-117.5203,43.877613],[-117.51679,43.87774],[-117.508743,43.884259],[-117.51087,43.892812],[-117.506964,43.894949],[-117.509252,43.900139],[-117.505714,43.902514],[-117.50084,43.912683],[-117.495624,43.914515],[-117.490812,43.910944],[-117.484975,43.914453],[-117.480759,43.915335],[-117.478808,43.918963],[-117.483194,43.921564],[-117.487828,43.922161],[-117.490113,43.925911],[-117.485076,43.931497],[-117.484731,43.937266],[-117.476726,43.939014],[-117.478745,43.943732],[-117.474227,43.949099],[-117.479499,43.953777],[-117.478335,43.957861],[-117.469527,43.955169],[-117.46432,43.958729],[-117.460955,43.958851],[-117.458681,43.954862],[-117.451156,43.953569],[-117.440131,43.949155],[-117.432369,43.950318],[-117.425854,43.949884],[-117.418837,43.951666],[-117.401165,43.949193],[-117.398196,43.945716],[-117.39231,43.948897],[-117.3798,43.945292],[-117.37596,43.940983],[-117.371263,43.943105],[-117.366015,43.940907],[-117.364985,43.93748],[-117.359833,43.932364],[-117.355538,43.930328],[-117.35931,43.926261],[-117.347562,43.92426],[-117.343843,43.92061],[-117.339237,43.919029],[-117.337073,43.912931],[-117.332624,43.912431],[-117.329646,43.914547],[-117.325718,43.913667],[-117.316205,43.916421],[-117.310934,43.916139],[-117.30871,43.919271],[-117.296108,43.925085],[-117.287772,43.92462],[-117.281885,43.928308],[-117.279792,43.936336],[-117.274861,43.936888],[-117.273231,43.940187],[-117.26928,43.942709],[-117.256763,43.948559],[-117.259594,43.950457],[-117.254453,43.954817],[-117.24721,43.957534],[-117.24924,43.959934],[-117.243125,43.964376],[-117.239706,43.974695]]},"properties":{"OBJECTID":6,"fhdFtrID":6,"fhdRefID":53580,"fhdRevDt":"20190430","fhdONm":"Jay Stevens","fhdOEnt":"BLM","fhdSpNm":"BG","fhdRun":"NA","fhdLifeHst":"Resident","fhdUseTy":"ResidentMultipleUses","fhdBasis":"UndocObsFish","fhdStNm":"Malheur River","fhdGenus":"Lepomis","fhdSp":"macrochirus","fhdSubSp":null,"fhdOrig":"NonNative","fhdProd":"Natural","fhdComment":null,"fhdESH":"NA","fhdBasisD":null,"fhdNMF":"no","fhdBasisDt":"20070000","fhdBasisNm":null,"fhdBasisEnt":null,"fhdBasisPrj":null,"fhdBasisMethod":null,"fhdAccess":null,"fhdBarrierFtrID":null,"fhdEndExtent":null,"Shape__Length":122699.94329955222,"habitatType":"stream"},"id":6},
{"type":"Feature","geometry":{"type":"LineString","coordinates":[[-117.313399,43.377601],[-117.310493,43.382618],[-117.309621,43.390794],[-117.313272,43.393949],[-117.318002,43.395101],[-117.319528,43.400409],[-117.328251,43.40998],[-117.335796,43.410568],[-117.33734,43.425554],[-117.344972,43.437025],[-117.349565,43.436238],[-117.354853,43.433421],[-117.35912,43.437368],[-117.357891,43.440911],[-117.353431,43.440221],[-117.346661,43.443858],[-117.34407,43.448487],[-117.345088,43.457384],[-117.343605,43.462165],[-117.337759,43.462749],[-117.332135,43.469431],[-117.334768,43.472718],[-117.340838,43.472062],[-117.350816,43.474227],[-117.35293,43.477988],[-117.350075,43.482182],[-117.340265,43.486926],[-117.340497,43.498048],[-117.348451,43.503072],[-117.349259,43.52225],[-117.35424,43.524324],[-117.356046,43.53109],[-117.361551,43.529338],[-117.367649,43.53074],[-117.368412,43.533517],[-117.360721,43.534753],[-117.354006,43.533478],[-117.353915,43.537533],[-117.350072,43.543459],[-117.350611,43.553429],[-117.352529,43.559807],[-117.346447,43.563677]]},"properties":{"OBJECTID":7,"fhdFtrID":7,"fhdRefID":53580,"fhdRevDt":"20190430","fhdONm":"Jay Stevens","fhdOEnt":"BLM","fhdSpNm":"BG","fhdRun":"NA","fhdLifeHst":"Resident","fhdUseTy":"ResidentMultipleUses","fhdBasis":"UndocObsFish","fhdStNm":"Owyhee River","fhdGenus":"Lepomis","fhdSp":"macrochirus","fhdSubSp":null,"fhdOrig":"NonNative","fhdProd":"Natural","fhdComment":null,"fhdESH":"NA","fhdBasisD":null,"fhdNMF":"no","fhdBasisDt":null,"fhdBasisNm":null,"fhdBasisEnt":null,"fhdBasisPrj":null,"fhdBasisMethod":null,"fhdAccess":null,"fhdBarrierFtrID":null,"fhdEndExtent":null,"Shape__Length":42770.47580419067,"habitatType":"stream"},"id":7},
{"type":"Feature","geometry":{"type":"LineString","coordinates":[[-117.1118,43.785483],[-117.107656,43.782407],[-117.095688,43.782283],[-117.089678,43.777534],[-117.08364,43.778754],[-117.069579,43.773928],[-117.057261,43.783298],[-117.052225,43.785611],[-117.053829,43.794385],[-117.040968,43.801143],[-117.037473,43.807817],[-117.028666,43.812681],[-117.025665,43.812765]]},"properties":{"OBJECTID":8,"fhdFtrID":8,"fhdRefID":53585,"fhdRevDt":"20190430","fhdONm":"Wayne Wood","fhdOEnt":"OSU","fhdSpNm":"BG","fhdRun":"NA","fhdLifeHst":"Resident","fhdUseTy":"ResidentMultipleUses","fhdBasis":"DocObsFish","fhdStNm":"Owyhee River","fhdGenus":"Lepomis","fhdSp":"macrochirus","fhdSubSp":null,"fhdOrig":"NonNative","fhdProd":"Natural","fhdComment":null,"fhdESH":"NA","fhdBasisD":null,"fhdNMF":"no","fhdBasisDt":"19950000","fhdBasisNm":null,"fhdBasisEnt":"OSU Ichthyology Collection","fhdBasisPrj":null,"fhdBasisMethod":null,"fhdAccess":null,"fhdBarrierFtrID":null,"fhdEndExtent":null,"Shape__Length":14354.542870668913,"habitatType":"stream"},"id":8},
{"type":"Feature","geometry":{"type":"LineString","coordinates":[[-117.464409,43.324377],[-117.452632,43.323671],[-117.447896,43.321174],[-117.446154,43.314982],[-117.440893,43.311258],[-117.428161,43.307285],[-117.425787,43.30392],[-117.419483,43.302563],[-117.410415,43.310719],[-117.403542,43.309082],[-117.397852,43.309222],[-117.396475,43.307137],[-117.389864,43.304846],[-117.389354,43.302843],[-117.381601,43.303447],[-117.377421,43.30077],[-117.372181,43.299482],[-117.360229,43.305254]]},"properties":{"OBJECTID":9,"fhdFtrID":9,"fhdRefID":53580,"fhdRevDt":"20190430","fhdONm":"Jay Stevens","fhdOEnt":"BLM","fhdSpNm":"BG","fhdRun":"NA","fhdLifeHst":"Resident","fhdUseTy":"ResidentMultipleUses","fhdBasis":"UndocObsFish","fhdStNm":"Owyhee River","fhdGenus":"Lepomis","fhdSp":"macrochirus","fhdSubSp":null,"fhdOrig":"NonNative","fhdProd":"Natural","fhdComment":null,"fhdESH":"NA","fhdBasisD":null,"fhdNMF":"no","fhdBasisDt":null,"fhdBasisNm":null,"fhdBasisEnt":null,"fhdBasisPrj":null,"fhdBasisMethod":null,"fhdAccess":null,"fhdBarrierFtrID":null,"fhdEndExtent":null,"Shape__Length":15501.184278064573,"habitatType":"stream"},"id":9},
{"type":"Feature","geometry":{"type":"LineString","coordinates":[[-123.104609,44.097449],[-123.103274,44.105913],[-123.099153,44.108738],[-123.100254,44.112603],[-123.104415,44.116406],[-123.100291,44.119212],[-123.106825,44.122412],[-123.109762,44.128983],[-123.112906,44.131826],[-123.11772,44.131829],[-123.121582,44.137839],[-123.119897,44.145477],[-123.12771,44.150545],[-123.129392,44.156207],[-123.132906,44.159456],[-123.136076,44.167615],[-123.135361,44.171388],[-123.131066,44.175175],[-123.129076,44.180471],[-123.136382,44.180534],[-123.142995,44.183479],[-123.145505,44.186681],[-123.147277,44.194854],[-123.149186,44.197337],[-123.161993,44.198378],[-123.166165,44.200807],[-123.165042,44.203731],[-123.157833,44.21137],[-123.159121,44.216999],[-123.150907,44.224171],[-123.150576,44.226942],[-123.15577,44.232742],[-123.165059,44.235236],[-123.167232,44.241644],[-123.170447,44.244808],[-123.176115,44.247356],[-123.179638,44.253367],[-123.174477,44.258579],[-123.174994,44.275937],[-123.176101,44.278231],[-123.182602,44.283185],[-123.188364,44.286266],[-123.192046,44.293211],[-123.190817,44.300883],[-123.194097,44.307108],[-123.213966,44.309629],[-123.217184,44.311784],[-123.218357,44.316932],[-123.216982,44.325037],[-123.221869,44.330501],[-123.22744,44.331103],[-123.239023,44.329531],[-123.243592,44.330349],[-123.245911,44.332937],[-123.243617,44.336363],[-123.237501,44.337636],[-123.229689,44.341614],[-123.228647,44.344713],[-123.230814,44.347787],[-123.233913,44.355384],[-123.227981,44.36006],[-123.221325,44.35942],[-123.219273,44.361045],[-123.223434,44.369201],[-123.231712,44.371248],[-123.240902,44.375965],[-123.244716,44.382959],[-123.240102,44.384879],[-123.236787,44.384814],[-123.225191,44.390585],[-123.223215,44.39442],[-123.22682,44.404532],[-123.229477,44.414889],[-123.227399,44.418173],[-123.220805,44.421293],[-123.223174,44.422922],[-123.228175,44.431011],[-123.226713,44.434427],[-123.211442,44.434692],[-123.208479,44.435862],[-123.205565,44.444925],[-123.210657,44.449699],[-123.21118,44.45559],[-123.216766,44.468986],[-123.213778,44.474338],[-123.214379,44.479889],[-123.219424,44.481847],[-123.220052,44.486458],[-123.214047,44.489354],[-123.215222,44.493418],[-123.211769,44.501272],[-123.213008,44.505871],[-123.21837,44.51056],[-123.225222,44.512722],[-123.233029,44.524892],[-123.237623,44.527902],[-123.249779,44.526169],[-123.253304,44.528828],[-123.24977,44.532745],[-123.24864,44.536785],[-123.241912,44.544116],[-123.243917,44.54914],[-123.260747,44.555951],[-123.260756,44.558083],[-123.256507,44.565331],[-123.253867,44.572179],[-123.248661,44.575742],[-123.228216,44.583154],[-123.219855,44.584926],[-123.205166,44.586097],[-123.194229,44.585554],[-123.185432,44.58686],[-123.18314,44.589599],[-123.18492,44.594853],[-123.195005,44.596457],[-123.198138,44.5989],[-123.1977,44.603366],[-123.186918,44.607376],[-123.183153,44.609945],[-123.182824,44.617615],[-123.17905,44.619998],[-123.170585,44.621703],[-123.171964,44.628003],[-123.170672,44.634451],[-123.163923,44.637522],[-123.133461,44.637885],[-123.121001,44.640797],[-123.114644,44.640739],[-123.109433,44.639231],[-123.103387,44.639268],[-123.093108,44.641546],[-123.07833,44.646346],[-123.073524,44.650383],[-123.072999,44.653849],[-123.074904,44.659551],[-123.084227,44.665184],[-123.087683,44.673469],[-123.093693,44.676016],[-123.112105,44.674676],[-123.116746,44.676751],[-123.121699,44.691836],[-123.126857,44.696402],[-123.136987,44.702597],[-123.144337,44.709079],[-123.150515,44.723029],[-123.150525,44.726968],[-123.147882,44.730437],[-123.13327,44.73871],[-123.132706,44.743437],[-123.134744,44.745482],[-123.143509,44.749568],[-123.147521,44.754383],[-123.14819,44.764239],[-123.144151,44.775751],[-123.135869,44.780297],[-123.131629,44.78458],[-123.128573,44.789973],[-123.123194,44.793301],[-123.109243,44.79661],[-123.101729,44.797375],[-123.095783,44.800461],[-123.091321,44.808212],[-123.092657,44.813666],[-123.111414,44.821696],[-123.12147,44.823619],[-123.12835,44.826595],[-123.139277,44.825367],[-123.146582,44.825798],[-123.150799,44.829668],[-123.157146,44.830384],[-123.167694,44.828423],[-123.174546,44.830476],[-123.178617,44.833819],[-123.180024,44.840921],[-123.183247,44.847279],[-123.180116,44.852127],[-123.180673,44.856352],[-123.178722,44.860506],[-123.173452,44.863976],[-123.168503,44.864394],[-123.154218,44.859603],[-123.147538,44.862699],[-123.148001,44.866229],[-123.145031,44.877364],[-123.140143,44.885167],[-123.13483,44.889095],[-123.128561,44.904508],[-123.122495,44.911239],[-123.112393,44.915057],[-123.107273,44.920815],[-123.112224,44.926022],[-123.10982,44.930815],[-123.090962,44.930291],[-123.082188,44.926913],[-123.073479,44.927932],[-123.059289,44.938486],[-123.043476,44.94465],[-123.039424,44.950665],[-123.03807,44.95703],[-123.039198,44.960042],[-123.03695,44.967049],[-123.037869,44.976447],[-123.037009,44.98048],[-123.039144,44.987213],[-123.043155,44.990308],[-123.04889,44.991206],[-123.059087,44.989005],[-123.064263,44.989722],[-123.069307,44.998901],[-123.07123,45.007096],[-123.075742,45.014413],[-123.073883,45.026252],[-123.074502,45.03133],[-123.070641,45.03682],[-123.067725,45.050818],[-123.067971,45.058783],[-123.065876,45.066459],[-123.069137,45.076138],[-123.066448,45.079848],[-123.059439,45.084245],[-123.049734,45.087418],[-123.043779,45.091594],[-123.042699,45.100118],[-123.035519,45.10419],[-123.026473,45.104852],[-123.022784,45.102131],[-123.013973,45.102806],[-123.004091,45.112129],[-122.99692,45.114995],[-122.997175,45.120411],[-123.010349,45.129484],[-123.014776,45.136649],[-123.027751,45.141076],[-123.030652,45.143343],[-123.033097,45.148672],[-123.032288,45.156521],[-123.029115,45.160705],[-123.020114,45.163339],[-123.01297,45.160427],[-123.005214,45.160127],[-123.001499,45.163079],[-123.000736,45.166464],[-123.014524,45.17583],[-123.0192,45.188731],[-123.018712,45.197067],[-123.023912,45.201725],[-123.027638,45.202101],[-123.037748,45.199175],[-123.043151,45.198883],[-123.045854,45.200706],[-123.045372,45.206723],[-123.046686,45.21133],[-123.043832,45.219795],[-123.038355,45.222454],[-123.026772,45.223171],[-123.004303,45.221878],[-122.999361,45.223894],[-122.995238,45.234674],[-122.998036,45.240133],[-123.001298,45.252987],[-123.001196,45.258532],[-122.994906,45.267542],[-122.990477,45.272395],[-122.975645,45.279269],[-122.969981,45.283985],[-122.963758,45.284847],[-122.95703,45.27858],[-122.952498,45.2708],[-122.949696,45.268279],[-122.944393,45.26752],[-122.930268,45.268557],[-122.920121,45.268262],[-122.912425,45.26624],[-122.899949,45.256868],[-122.889598,45.257867],[-122.883486,45.255304],[-122.869244,45.253057],[-122.858841,45.254584],[-122.845897,45.262344],[-122.838727,45.268951],[-122.833851,45.275506],[-122.82726,45.2796],[-122.814706,45.282173],[-122.797643,45.28748],[-122.787126,45.292495],[-122.778133,45.293018],[-122.76513,45.291642],[-122.75835,45.293734],[-122.742535,45.300977],[-122.734215,45.302429],[-122.724638,45.302704],[-122.71273,45.296626],[-122.704771,45.296632],[-122.697716,45.299422],[-122.687709,45.299571],[-122.684448,45.297766],[-122.681835,45.292871],[-122.668415,45.28484],[-122.664628,45.284748],[-122.660435,45.292456],[-122.661107,45.297996],[-122.666198,45.30406],[-122.663968,45.312924],[-122.666058,45.318648],[-122.663277,45.321321],[-122.659332,45.329908],[-122.649729,45.337523],[-122.647314,45.337975],[-122.632521,45.345894],[-122.624842,45.348894],[-122.622797,45.3518],[-122.616023,45.356395],[-122.608567,45.35983],[-122.60397,45.36535],[-122.607392,45.371639],[-122.619749,45.377236],[-122.623234,45.38727],[-122.629356,45.394029],[-122.636689,45.39723],[-122.639917,45.400461],[-122.644898,45.400728],[-122.646556,45.403879],[-122.658235,45.409761],[-122.655563,45.417707],[-122.656074,45.42373],[-122.649078,45.429797],[-122.650965,45.436617],[-122.645833,45.439922],[-122.646768,45.443468],[-122.652036,45.445512],[-122.656714,45.450589],[-122.665095,45.463281],[-122.666482,45.468462],[-122.665939,45.475682],[-122.668325,45.479364]]},"properties":{"OBJECTID":10,"fhdFtrID":10,"fhdRefID":53710,"fhdRevDt":"20190430","fhdONm":"Stan Gregory","fhdOEnt":"OSU","fhdSpNm":"BG","fhdRun":"NA","fhdLifeHst":"Resident","fhdUseTy":"ResidentMultipleUses","fhdBasis":"DocObsFish","fhdStNm":"Willamette River","fhdGenus":"Lepomis","fhdSp":"macrochirus","fhdSubSp":null,"fhdOrig":"NonNative","fhdProd":"Natural","fhdComment":null,"fhdESH":"NA","fhdBasisD":null,"fhdNMF":"no","fhdBasisDt":"20130000","fhdBasisNm":"Randy Wildman, Stan Gregory","fhdBasisEnt":null,"fhdBasisPrj":null,"fhdBasisMethod":"Seine and electrofisher","fhdAccess":null,"fhdBarrierFtrID":null,"fhdEndExtent":null,"Shape__Length":369480.3549207553,"habitatType":"stream"},"id":10},
{"type":"Feature","geometry":{"type":"LineString","coordinates":[[-122.983882,43.937971],[-122.980549,43.938367],[-122.980855,43.942506],[-122.98384,43.94347]]},"properties":{"OBJECTID":11,"fhdFtrID":11,"fhdRefID":53750,"fhdRevDt":"20190430","fhdONm":"Karen Blocksom","fhdOEnt":"EPA","fhdSpNm":"BG","fhdRun":"NA","fhdLifeHst":"Resident","fhdUseTy":"ResidentMultipleUses","fhdBasis":"DocObsFish","fhdStNm":"Coast Fork Willamette River","fhdGenus":"Lepomis","fhdSp":"macrochirus","fhdSubSp":null,"fhdOrig":"NonNative","fhdProd":"Natural","fhdComment":null,"fhdESH":"NA","fhdBasisD":null,"fhdNMF":"no","fhdBasisDt":"20000000","fhdBasisNm":null,"fhdBasisEnt":null,"fhdBasisPrj":null,"fhdBasisMethod":"Electrofisher","fhdAccess":null,"fhdBarrierFtrID":null,"fhdEndExtent":null,"Shape__Length":1471.412001000624,"habitatType":"stream"},"id":11},
{"type":"Feature","geometry":{"type":"LineString","coordinates":[[-123.041254,44.062579],[-123.035225,44.062738],[-123.026533,44.060471],[-123.019545,44.060207],[-123.012623,44.062287],[-123.002287,44.062293],[-122.997445,44.061269]]},"properties":{"OBJECTID":12,"fhdFtrID":12,"fhdRefID":53749,"fhdRevDt":"20190430","fhdONm":"Alan Herlihy","fhdOEnt":"OSU","fhdSpNm":"BG","fhdRun":"NA","fhdLifeHst":"Resident","fhdUseTy":"ResidentMultipleUses","fhdBasis":"DocObsFish","fhdStNm":null,"fhdGenus":"Lepomis","fhdSp":"macrochirus","fhdSubSp":null,"fhdOrig":"NonNative","fhdProd":"Natural","fhdComment":null,"fhdESH":"NA","fhdBasisD":null,"fhdNMF":"no","fhdBasisDt":"19970000","fhdBasisNm":null,"fhdBasisEnt":null,"fhdBasisPrj":null,"fhdBasisMethod":"Electrofisher","fhdAccess":null,"fhdBarrierFtrID":null,"fhdEndExtent":null,"Shape__Length":5075.320092132824,"habitatType":"stream"},"id":12},
{"type":"Feature","geometry":{"type":"LineString","coordinates":[[-123.337603,44.066924],[-123.333832,44.073829],[-123.332549,44.080823],[-123.327313,44.084108],[-123.31199,44.09659],[-123.307912,44.105316],[-123.301893,44.110759],[-123.303197,44.118639],[-123.300037,44.124431],[-123.303503,44.135395],[-123.301213,44.139482],[-123.297594,44.141749],[-123.295476,44.147261],[-123.290494,44.152265],[-123.293609,44.159151],[-123.290275,44.163635],[-123.288981,44.169185],[-123.277438,44.172462],[-123.278068,44.17757],[-123.272527,44.181664],[-123.274089,44.186216],[-123.278346,44.190009],[-123.278745,44.192781],[-123.286002,44.202072],[-123.282773,44.2062],[-123.274404,44.206736],[-123.272828,44.211255],[-123.267154,44.2172],[-123.267144,44.221053],[-123.264802,44.226842],[-123.265804,44.229336],[-123.264953,44.235993],[-123.265941,44.247518],[-123.267741,44.255596],[-123.266771,44.260351],[-123.269877,44.264702],[-123.283064,44.267086],[-123.284209,44.275997],[-123.289022,44.279233],[-123.287347,44.286249],[-123.27614,44.295467],[-123.281589,44.302497],[-123.290736,44.306615],[-123.295776,44.31168],[-123.296446,44.315171],[-123.292623,44.323032],[-123.292658,44.330018],[-123.295031,44.333181],[-123.292345,44.337798],[-123.29492,44.340996],[-123.295998,44.345855],[-123.289872,44.355306],[-123.291905,44.360378],[-123.290069,44.364668],[-123.284403,44.366159],[-123.27343,44.370615],[-123.26669,44.36775],[-123.261343,44.373344],[-123.261962,44.377196],[-123.257459,44.3807],[-123.248348,44.380014],[-123.249172,44.383607],[-123.245426,44.386207],[-123.240102,44.384879]]},"properties":{"OBJECTID":13,"fhdFtrID":13,"fhdRefID":53585,"fhdRevDt":"20190430","fhdONm":"Wayne Wood","fhdOEnt":"OSU","fhdSpNm":"BG","fhdRun":"NA","fhdLifeHst":"Resident","fhdUseTy":"ResidentMultipleUses","fhdBasis":"DocObsFish","fhdStNm":"Long Tom River","fhdGenus":"Lepomis","fhdSp":"macrochirus","fhdSubSp":null,"fhdOrig":"NonNative","fhdProd":"Natural","fhdComment":null,"fhdESH":"NA","fhdBasisD":null,"fhdNMF":"no","fhdBasisDt":"20080000","fhdBasisNm":null,"fhdBasisEnt":"OSU Ichthyology Collection","fhdBasisPrj":null,"fhdBasisMethod":null,"fhdAccess":null,"fhdBarrierFtrID":null,"fhdEndExtent":null,"Shape__Length":64707.07331874356,"habitatType":"stream"},"id":13},
{"type":"Feature","geometry":{"type":"LineString","coordinates":[[-123.309183,44.192324],[-123.31649,44.187713],[-123.320173,44.176122]]},"properties":{"OBJECTID":14,"fhdFtrID":14,"fhdRefID":53585,"fhdRevDt":"20190430","fhdONm":"Wayne Wood","fhdOEnt":"OSU","fhdSpNm":"BG","fhdRun":"NA","fhdLifeHst":"Resident","fhdUseTy":"ResidentMultipleUses","fhdBasis":"DocObsFish","fhdStNm":"Bear Creek","fhdGenus":"Lepomis","fhdSp":"macrochirus","fhdSubSp":null,"fhdOrig":"NonNative","fhdProd":"Natural","fhdComment":null,"fhdESH":"NA","fhdBasisD":null,"fhdNMF":"no","fhdBasisDt":"19940000","fhdBasisNm":null,"fhdBasisEnt":"OSU Ichthyology Collection","fhdBasisPrj":null,"fhdBasisMethod":null,"fhdAccess":null,"fhdBarrierFtrID":null,"fhdEndExtent":null,"Shape__Length":3182.6491015428574,"habitatType":"stream"},"id":14},
{"type":"Feature","geometry":{"type":"LineString","coordinates":[[-123.240015,44.259224],[-123.244448,44.25555],[-123.240635,44.252391],[-123.238545,44.245989],[-123.234595,44.243362],[-123.233951,44.23974],[-123.237226,44.230266],[-123.234527,44.224526],[-123.229815,44.2209],[-123.229798,44.217344]]},"properties":{"OBJECTID":15,"fhdFtrID":15,"fhdRefID":53749,"fhdRevDt":"20190430","fhdONm":"Alan Herlihy","fhdOEnt":"OSU","fhdSpNm":"BG","fhdRun":"NA","fhdLifeHst":"Resident","fhdUseTy":"ResidentMultipleUses","fhdBasis":"DocObsFish","fhdStNm":"Flat Creek","fhdGenus":"Lepomis","fhdSp":"macrochirus","fhdSubSp":null,"fhdOrig":"NonNative","fhdProd":"Natural","fhdComment":null,"fhdESH":"NA","fhdBasisD":null,"fhdNMF":"no","fhdBasisDt":"19970000","fhdBasisNm":null,"fhdBasisEnt":null,"fhdBasisPrj":null,"fhdBasisMethod":"Electrofisher","fhdAccess":null,"fhdBarrierFtrID":null,"fhdEndExtent":null,"Shape__Length":7634.78942284261,"habitatType":"stream"},"id":15},
{"type":"Feature","geometry":{"type":"LineString","coordinates":[[-123.082488,44.233626],[-123.072607,44.234086],[-123.069125,44.227363],[-123.058172,44.224964]]},"properties":{"OBJECTID":16,"fhdFtrID":16,"fhdRefID":53749,"fhdRevDt":"20190430","fhdONm":"Alan Herlihy","fhdOEnt":"OSU","fhdSpNm":"BG","fhdRun":"NA","fhdLifeHst":"Resident","fhdUseTy":"ResidentMultipleUses","fhdBasis":"DocObsFish","fhdStNm":"Muddy Creek","fhdGenus":"Lepomis","fhdSp":"macrochirus","fhdSubSp":null,"fhdOrig":"NonNative","fhdProd":"Natural","fhdComment":null,"fhdESH":"NA","fhdBasisD":null,"fhdNMF":"no","fhdBasisDt":"19930000","fhdBasisNm":null,"fhdBasisEnt":null,"fhdBasisPrj":null,"fhdBasisMethod":"Electrofisher","fhdAccess":null,"fhdBarrierFtrID":null,"fhdEndExtent":null,"Shape__Length":3734.927059891505,"habitatType":"stream"},"id":16},
{"type":"Feature","geometry":{"type":"LineString","coordinates":[[-123.183182,44.349737],[-123.17844,44.350796],[-123.173966,44.347311],[-123.17409,44.343047],[-123.171872,44.340533]]},"properties":{"OBJECTID":17,"fhdFtrID":17,"fhdRefID":53749,"fhdRevDt":"20190430","fhdONm":"Alan Herlihy","fhdOEnt":"OSU","fhdSpNm":"BG","fhdRun":"NA","fhdLifeHst":"Resident","fhdUseTy":"ResidentMultipleUses","fhdBasis":"DocObsFish","fhdStNm":"Camous Creek","fhdGenus":"Lepomis","fhdSp":"macrochirus","fhdSubSp":null,"fhdOrig":"NonNative","fhdProd":"Natural","fhdComment":null,"fhdESH":"NA","fhdBasisD":null,"fhdNMF":"no","fhdBasisDt":"19930000","fhdBasisNm":null,"fhdBasisEnt":null,"fhdBasisPrj":null,"fhdBasisMethod":"Electrofisher","fhdAccess":null,"fhdBarrierFtrID":null,"fhdEndExtent":null,"Shape__Length":2449.492628858123,"habitatType":"stream"},"id":17},
{"type":"Feature","geometry":{"type":"LineString","coordinates":[[-123.236867,44.306024],[-123.235259,44.299527],[-123.238199,44.296984],[-123.238088,44.29238],[-123.235965,44.290397],[-123.229382,44.288596],[-123.228064,44.283646]]},"properties":{"OBJECTID":18,"fhdFtrID":18,"fhdRefID":53749,"fhdRevDt":"20190430","fhdONm":"Alan Herlihy","fhdOEnt":"OSU","fhdSpNm":"BG","fhdRun":"NA","fhdLifeHst":"Resident","fhdUseTy":"ResidentMultipleUses","fhdBasis":"DocObsFish","fhdStNm":"Flat Creek","fhdGenus":"Lepomis","fhdSp":"macrochirus","fhdSubSp":null,"fhdOrig":"NonNative","fhdProd":"Natural","fhdComment":null,"fhdESH":"NA","fhdBasisD":null,"fhdNMF":"no","fhdBasisDt":"19930000","fhdBasisNm":null,"fhdBasisEnt":null,"fhdBasisPrj":null,"fhdBasisMethod":"Electrofisher","fhdAccess":null,"fhdBarrierFtrID":null,"fhdEndExtent":null,"Shape__Length":4355.4137592478755,"habitatType":"stream"},"id":18},
{"type":"Feature","geometry":{"type":"LineString","coordinates":[[-123.299446,44.398386],[-123.298416,44.397172],[-123.303353,44.387627],[-123.30353,44.384675]]},"properties":{"OBJECTID":19,"fhdFtrID":19,"fhdRefID":53749,"fhdRevDt":"20190430","fhdONm":"Alan Herlihy","fhdOEnt":"OSU","fhdSpNm":"BG","fhdRun":"NA","fhdLifeHst":"Resident","fhdUseTy":"ResidentMultipleUses","fhdBasis":"DocObsFish","fhdStNm":"Muddy Creek","fhdGenus":"Lepomis","fhdSp":"macrochirus","fhdSubSp":null,"fhdOrig":"NonNative","fhdProd":"Natural","fhdComment":null,"fhdESH":"NA","fhdBasisD":null,"fhdNMF":"no","fhdBasisDt":"19920000","fhdBasisNm":null,"fhdBasisEnt":null,"fhdBasisPrj":null,"fhdBasisMethod":"Electrofisher","fhdAccess":null,"fhdBarrierFtrID":null,"fhdEndExtent":null,"Shape__Length":3947.496594040651,"habitatType":"stream"},"id":19},
{"type":"Feature","geometry":{"type":"LineString","coordinates":[[-123.080971,44.48521],[-123.079909,44.482752],[-123.066117,44.477563],[-123.053946,44.467964],[-123.04373,44.466991],[-123.03947,44.463593],[-123.030205,44.463591],[-123.020819,44.461212],[-123.013776,44.461619],[-123.007887,44.465406],[-122.998279,44.468728],[-122.987684,44.474376],[-122.982012,44.474059]]},"properties":{"OBJECTID":20,"fhdFtrID":20,"fhdRefID":53749,"fhdRevDt":"20190430","fhdONm":"Alan Herlihy","fhdOEnt":"OSU","fhdSpNm":"BG","fhdRun":"NA","fhdLifeHst":"Resident","fhdUseTy":"ResidentMultipleUses","fhdBasis":"DocObsFish","fhdStNm":"Butte Creek","fhdGenus":"Lepomis","fhdSp":"macrochirus","fhdSubSp":null,"fhdOrig":"NonNative","fhdProd":"Natural","fhdComment":null,"fhdESH":"NA","fhdBasisD":null,"fhdNMF":"no","fhdBasisDt":"19990000","fhdBasisNm":null,"fhdBasisEnt":null,"fhdBasisPrj":null,"fhdBasisMethod":"Electrofisher","fhdAccess":null,"fhdBarrierFtrID":null,"fhdEndExtent":null,"Shape__Length":13991.629960666085,"habitatType":"stream"},"id":20},
{"type":"Feature","geometry":{"type":"LineString","coordinates":[[-123.020819,44.461212],[-123.01847,44.456412],[-123.009113,44.446668]]},"properties":{"OBJECTID":21,"fhdFtrID":21,"fhdRefID":53749,"fhdRevDt":"20190430","fhdONm":"Alan Herlihy","fhdOEnt":"OSU","fhdSpNm":"BG","fhdRun":"NA","fhdLifeHst":"Resident","fhdUseTy":"ResidentMultipleUses","fhdBasis":"DocObsFish","fhdStNm":null,"fhdGenus":"Lepomis","fhdSp":"macrochirus","fhdSubSp":null,"fhdOrig":"NonNative","fhdProd":"Natural","fhdComment":null,"fhdESH":"NA","fhdBasisD":null,"fhdNMF":"no","fhdBasisDt":"19990000","fhdBasisNm":null,"fhdBasisEnt":null,"fhdBasisPrj":null,"fhdBasisMethod":"Electrofisher","fhdAccess":null,"fhdBarrierFtrID":null,"fhdEndExtent":null,"Shape__Length":2642.825614380487,"habitatType":"stream"},"id":21},
{"type":"Feature","geometry":{"type":"LineString","coordinates":[[-123.057191,44.590175],[-123.047916,44.580219],[-123.039563,44.57665],[-123.039242,44.572512],[-123.033792,44.570008],[-123.02968,44.56436]]},"properties":{"OBJECTID":22,"fhdFtrID":22,"fhdRefID":53585,"fhdRevDt":"20190430","fhdONm":"Wayne Wood","fhdOEnt":"OSU","fhdSpNm":"BG","fhdRun":"NA","fhdLifeHst":"Resident","fhdUseTy":"ResidentMultipleUses","fhdBasis":"DocObsFish","fhdStNm":"Oak Creek","fhdGenus":"Lepomis","fhdSp":"macrochirus","fhdSubSp":null,"fhdOrig":"NonNative","fhdProd":"Natural","fhdComment":null,"fhdESH":"NA","fhdBasisD":null,"fhdNMF":"no","fhdBasisDt":"19820000","fhdBasisNm":null,"fhdBasisEnt":"OSU Ichthyology Collection","fhdBasisPrj":null,"fhdBasisMethod":null,"fhdAccess":null,"fhdBarrierFtrID":null,"fhdEndExtent":null,"Shape__Length":5996.868565446995,"habitatType":"stream"},"id":22},
{"type":"Feature","geometry":{"type":"LineString","coordinates":[[-123.068839,44.641581],[-123.070863,44.639671],[-123.068652,44.635639],[-123.061874,44.635994],[-123.053642,44.637926]]},"properties":{"OBJECTID":23,"fhdFtrID":23,"fhdRefID":53749,"fhdRevDt":"20190430","fhdONm":"Alan Herlihy","fhdOEnt":"OSU","fhdSpNm":"BG","fhdRun":"NA","fhdLifeHst":"Resident","fhdUseTy":"ResidentMultipleUses","fhdBasis":"DocObsFish","fhdStNm":"Cox Creek","fhdGenus":"Lepomis","fhdSp":"macrochirus","fhdSubSp":null,"fhdOrig":"NonNative","fhdProd":"Natural","fhdComment":null,"fhdESH":"NA","fhdBasisD":null,"fhdNMF":"no","fhdBasisDt":"19960000","fhdBasisNm":null,"fhdBasisEnt":null,"fhdBasisPrj":null,"fhdBasisMethod":"Electrofisher","fhdAccess":null,"fhdBarrierFtrID":null,"fhdEndExtent":null,"Shape__Length":4114.948346890149,"habitatType":"stream"},"id":23},
{"type":"Feature","geometry":{"type":"LineString","coordinates":[[-123.170672,44.634451],[-123.172103,44.643044],[-123.181766,44.64479]]},"properties":{"OBJECTID":24,"fhdFtrID":24,"fhdRefID":53749,"fhdRevDt":"20190430","fhdONm":"Alan Herlihy","fhdOEnt":"OSU","fhdSpNm":"BG","fhdRun":"NA","fhdLifeHst":"Resident","fhdUseTy":"ResidentMultipleUses","fhdBasis":"DocObsFish","fhdStNm":"Frazier Creek Ditch","fhdGenus":"Lepomis","fhdSp":"macrochirus","fhdSubSp":null,"fhdOrig":"NonNative","fhdProd":"Natural","fhdComment":null,"fhdESH":"NA","fhdBasisD":null,"fhdNMF":"no","fhdBasisDt":"19970000","fhdBasisNm":null,"fhdBasisEnt":null,"fhdBasisPrj":null,"fhdBasisMethod":"Electrofisher","fhdAccess":null,"fhdBarrierFtrID":null,"fhdEndExtent":null,"Shape__Length":3043.6924101518857,"habitatType":"stream"},"id":24},
{"type":"Feature","geometry":{"type":"LineString","coordinates":[[-123.274722,44.545515],[-123.280973,44.541611],[-123.286794,44.535006],[-123.287643,44.531061],[-123.293933,44.52802],[-123.293279,44.525402],[-123.302001,44.525649],[-123.301975,44.52068]]},"properties":{"OBJECTID":25,"fhdFtrID":25,"fhdRefID":53585,"fhdRevDt":"20190430","fhdONm":"Wayne Wood","fhdOEnt":"OSU","fhdSpNm":"BG","fhdRun":"NA","fhdLifeHst":"Resident","fhdUseTy":"ResidentMultipleUses","fhdBasis":"DocObsFish","fhdStNm":"Muddy Creek","fhdGenus":"Lepomis","fhdSp":"macrochirus","fhdSubSp":null,"fhdOrig":"NonNative","fhdProd":"Natural","fhdComment":null,"fhdESH":"NA","fhdBasisD":null,"fhdNMF":"no","fhdBasisDt":"19970000","fhdBasisNm":null,"fhdBasisEnt":"OSU Ichthyology Collection","fhdBasisPrj":null,"fhdBasisMethod":null,"fhdAccess":null,"fhdBarrierFtrID":null,"fhdEndExtent":null,"Shape__Length":10665.81456770023,"habitatType":"stream"},"id":25},
{"type":"Feature","geometry":{"type":"LineString","coordinates":[[-123.324952,44.503139],[-123.32779,44.505224],[-123.344689,44.508955]]},"properties":{"OBJECTID":26,"fhdFtrID":26,"fhdRefID":53749,"fhdRevDt":"20190430","fhdONm":"Alan Herlihy","fhdOEnt":"OSU","fhdSpNm":"BG","fhdRun":"NA","fhdLifeHst":"Resident","fhdUseTy":"ResidentMultipleUses","fhdBasis":"DocObsFish","fhdStNm":"Evergreen Creek","fhdGenus":"Lepomis","fhdSp":"macrochirus","fhdSubSp":null,"fhdOrig":"NonNative","fhdProd":"Natural","fhdComment":null,"fhdESH":"NA","fhdBasisD":null,"fhdNMF":"no","fhdBasisDt":"19970000","fhdBasisNm":null,"fhdBasisEnt":null,"fhdBasisPrj":null,"fhdBasisMethod":"Electrofisher","fhdAccess":null,"fhdBarrierFtrID":null,"fhdEndExtent":null,"Shape__Length":2529.4727551649617,"habitatType":"stream"},"id":26},
{"type":"Feature","geometry":{"type":"LineString","coordinates":[[-123.260747,44.555951],[-123.263745,44.556749],[-123.26974,44.554223],[-123.277791,44.555555],[-123.279101,44.552959]]},"properties":{"OBJECTID":27,"fhdFtrID":27,"fhdRefID":53585,"fhdRevDt":"20190430","fhdONm":"Wayne Wood","fhdOEnt":"OSU","fhdSpNm":"BG","fhdRun":"NA","fhdLifeHst":"Resident","fhdUseTy":"ResidentMultipleUses","fhdBasis":"DocObsFish","fhdStNm":"Marys River","fhdGenus":"Lepomis","fhdSp":"macrochirus","fhdSubSp":null,"fhdOrig":"NonNative","fhdProd":"Natural","fhdComment":null,"fhdESH":"NA","fhdBasisD":null,"fhdNMF":"no","fhdBasisDt":"20020000","fhdBasisNm":null,"fhdBasisEnt":"OSU Ichthyology Collection","fhdBasisPrj":null,"fhdBasisMethod":null,"fhdAccess":null,"fhdBarrierFtrID":null,"fhdEndExtent":null,"Shape__Length":2660.876126567823,"habitatType":"stream"},"id":27},
{"type":"Feature","geometry":{"type":"LineString","coordinates":[[-123.232549,44.508966],[-123.233894,44.50192],[-123.241264,44.499094],[-123.236598,44.49445],[-123.227133,44.493932],[-123.225019,44.492657]]},"properties":{"OBJECTID":28,"fhdFtrID":28,"fhdRefID":53750,"fhdRevDt":"20190430","fhdONm":"Karen Blocksom","fhdOEnt":"EPA","fhdSpNm":"BG","fhdRun":"NA","fhdLifeHst":"Resident","fhdUseTy":"ResidentMultipleUses","fhdBasis":"DocObsFish","fhdStNm":"Willamette River side channel","fhdGenus":"Lepomis","fhdSp":"macrochirus","fhdSubSp":null,"fhdOrig":"NonNative","fhdProd":"Natural","fhdComment":null,"fhdESH":"NA","fhdBasisD":null,"fhdNMF":"no","fhdBasisDt":"20000000","fhdBasisNm":null,"fhdBasisEnt":null,"fhdBasisPrj":null,"fhdBasisMethod":"Electrofisher","fhdAccess":null,"fhdBarrierFtrID":null,"fhdEndExtent":null,"Shape__Length":4553.371396402029,"habitatType":"stream"},"id":28},
{"type":"Feature","geometry":{"type":"LineString","coordinates":[[-123.220805,44.421293],[-123.218993,44.418987],[-123.219348,44.412419],[-123.224276,44.408494],[-123.22682,44.404532]]},"properties":{"OBJECTID":29,"fhdFtrID":29,"fhdRefID":53710,"fhdRevDt":"20190430","fhdONm":"Stan Gregory","fhdOEnt":"OSU","fhdSpNm":"BG","fhdRun":"NA","fhdLifeHst":"Resident","fhdUseTy":"ResidentMultipleUses","fhdBasis":"DocObsFish","fhdStNm":"Willamette River side channel","fhdGenus":"Lepomis","fhdSp":"macrochirus","fhdSubSp":null,"fhdOrig":"NonNative","fhdProd":"Natural","fhdComment":null,"fhdESH":"NA","fhdBasisD":null,"fhdNMF":"no","fhdBasisDt":"20130000","fhdBasisNm":null,"fhdBasisEnt":null,"fhdBasisPrj":null,"fhdBasisMethod":"Seine and electrofisher","fhdAccess":null,"fhdBarrierFtrID":null,"fhdEndExtent":null,"Shape__Length":3143.4561601572855,"habitatType":"stream"},"id":29},
{"type":"Feature","geometry":{"type":"LineString","coordinates":[[-123.230814,44.347787],[-123.234735,44.342028]]},"properties":{"OBJECTID":30,"fhdFtrID":30,"fhdRefID":53710,"fhdRevDt":"20190430","fhdONm":"Stan Gregory","fhdOEnt":"OSU","fhdSpNm":"BG","fhdRun":"NA","fhdLifeHst":"Resident","fhdUseTy":"ResidentMultipleUses","fhdBasis":"DocObsFish","fhdStNm":"Willamette River side channel","fhdGenus":"Lepomis","fhdSp":"macrochirus","fhdSubSp":null,"fhdOrig":"NonNative","fhdProd":"Natural","fhdComment":null,"fhdESH":"NA","fhdBasisD":null,"fhdNMF":"no","fhdBasisDt":"20120000","fhdBasisNm":null,"fhdBasisEnt":null,"fhdBasisPrj":null,"fhdBasisMethod":"Seine and electrofisher","fhdAccess":null,"fhdBarrierFtrID":null,"fhdEndExtent":null,"Shape__Length":1005.6300694194125,"habitatType":"stream"},"id":30},
{"type":"Feature","geometry":{"type":"LineString","coordinates":[[-122.849716,44.619524],[-122.851438,44.626005],[-122.851022,44.629489],[-122.856523,44.636163],[-122.863876,44.636934]]},"properties":{"OBJECTID":31,"fhdFtrID":31,"fhdRefID":53749,"fhdRevDt":"20190430","fhdONm":"Alan Herlihy","fhdOEnt":"OSU","fhdSpNm":"BG","fhdRun":"NA","fhdLifeHst":"Resident","fhdUseTy":"ResidentMultipleUses","fhdBasis":"DocObsFish","fhdStNm":"Beaver Creek","fhdGenus":"Lepomis","fhdSp":"macrochirus","fhdSubSp":null,"fhdOrig":"NonNative","fhdProd":"Natural","fhdComment":null,"fhdESH":"NA","fhdBasisD":null,"fhdNMF":"no","fhdBasisDt":"19930000","fhdBasisNm":null,"fhdBasisEnt":null,"fhdBasisPrj":null,"fhdBasisMethod":"Electrofisher","fhdAccess":null,"fhdBarrierFtrID":null,"fhdEndExtent":null,"Shape__Length":3725.312621362422,"habitatType":"stream"},"id":31},
{"type":"Feature","geometry":{"type":"LineString","coordinates":[[-123.219105,44.837352],[-123.208052,44.837804],[-123.20287,44.841075],[-123.195197,44.848144]]},"properties":{"OBJECTID":32,"fhdFtrID":32,"fhdRefID":53749,"fhdRevDt":"20190430","fhdONm":"Alan Herlihy","fhdOEnt":"OSU","fhdSpNm":"BG","fhdRun":"NA","fhdLifeHst":"Resident","fhdUseTy":"ResidentMultipleUses","fhdBasis":"DocObsFish","fhdStNm":"South Fork Ash Creek","fhdGenus":"Lepomis","fhdSp":"macrochirus","fhdSubSp":null,"fhdOrig":"NonNative","fhdProd":"Natural","fhdComment":null,"fhdESH":"NA","fhdBasisD":null,"fhdNMF":"no","fhdBasisDt":"19970000","fhdBasisNm":null,"fhdBasisEnt":null,"fhdBasisPrj":null,"fhdBasisMethod":"Electrofisher","fhdAccess":null,"fhdBarrierFtrID":null,"fhdEndExtent":null,"Shape__Length":4607.968729200223,"habitatType":"stream"},"id":32},
{"type":"Feature","geometry":{"type":"LineString","coordinates":[[-123.309504,45.032334],[-123.306834,45.034018],[-123.300171,45.032163],[-123.292857,45.034774],[-123.299009,45.037233],[-123.294093,45.0421],[-123.293201,45.04852]]},"properties":{"OBJECTID":33,"fhdFtrID":33,"fhdRefID":53749,"fhdRevDt":"20190430","fhdONm":"Alan Herlihy","fhdOEnt":"OSU","fhdSpNm":"BG","fhdRun":"NA","fhdLifeHst":"Resident","fhdUseTy":"ResidentMultipleUses","fhdBasis":"DocObsFish","fhdStNm":"Salt Creek","fhdGenus":"Lepomis","fhdSp":"macrochirus","fhdSubSp":null,"fhdOrig":"NonNative","fhdProd":"Natural","fhdComment":null,"fhdESH":"NA","fhdBasisD":null,"fhdNMF":"no","fhdBasisDt":"19970000","fhdBasisNm":null,"fhdBasisEnt":null,"fhdBasisPrj":null,"fhdBasisMethod":"Electrofisher","fhdAccess":null,"fhdBarrierFtrID":null,"fhdEndExtent":null,"Shape__Length":6421.563133948097,"habitatType":"stream"},"id":33},
{"type":"Feature","geometry":{"type":"LineString","coordinates":[[-122.649918,45.210204],[-122.656904,45.210738],[-122.668456,45.210357],[-122.670869,45.21348],[-122.677709,45.213414],[-122.680084,45.215198],[-122.681636,45.220719],[-122.679391,45.225185],[-122.682039,45.227748],[-122.682271,45.23239],[-122.689121,45.236369],[-122.695334,45.236752]]},"properties":{"OBJECTID":34,"fhdFtrID":34,"fhdRefID":53749,"fhdRevDt":"20190430","fhdONm":"Alan Herlihy","fhdOEnt":"OSU","fhdSpNm":"BG","fhdRun":"NA","fhdLifeHst":"Resident","fhdUseTy":"ResidentMultipleUses","fhdBasis":"DocObsFish","fhdStNm":"Dove Creek","fhdGenus":"Lepomis","fhdSp":"macrochirus","fhdSubSp":null,"fhdOrig":"NonNative","fhdProd":"Natural","fhdComment":null,"fhdESH":"NA","fhdBasisD":null,"fhdNMF":"no","fhdBasisDt":"19970000","fhdBasisNm":null,"fhdBasisEnt":null,"fhdBasisPrj":null,"fhdBasisMethod":"Electrofisher","fhdAccess":null,"fhdBarrierFtrID":null,"fhdEndExtent":null,"Shape__Length":9237.473375549289,"habitatType":"stream"},"id":34},
{"type":"Feature","geometry":{"type":"LineString","coordinates":[[-122.747794,45.226487],[-122.750158,45.229086],[-122.74551,45.232798],[-122.750739,45.234864],[-122.749041,45.237993],[-122.751217,45.241805]]},"properties":{"OBJECTID":35,"fhdFtrID":35,"fhdRefID":53585,"fhdRevDt":"20190430","fhdONm":"Wayne Wood","fhdOEnt":"OSU","fhdSpNm":"BG","fhdRun":"NA","fhdLifeHst":"Resident","fhdUseTy":"ResidentMultipleUses","fhdBasis":"DocObsFish","fhdStNm":"Pudding River","fhdGenus":"Lepomis","fhdSp":"macrochirus","fhdSubSp":null,"fhdOrig":"NonNative","fhdProd":"Natural","fhdComment":null,"fhdESH":"NA","fhdBasisD":null,"fhdNMF":"no","fhdBasisDt":"19930000","fhdBasisNm":null,"fhdBasisEnt":"OSU Ichthyology Collection","fhdBasisPrj":null,"fhdBasisMethod":null,"fhdAccess":null,"fhdBarrierFtrID":null,"fhdEndExtent":null,"Shape__Length":5711.691372224575,"habitatType":"stream"},"id":35},
{"type":"Feature","geometry":{"type":"LineString","coordinates":[[-122.70379,45.171836],[-122.703874,45.168242],[-122.701468,45.162463],[-122.695666,45.158601]]},"properties":{"OBJECTID":36,"fhdFtrID":36,"fhdRefID":53749,"fhdRevDt":"20190430","fhdONm":"Alan Herlihy","fhdOEnt":"OSU","fhdSpNm":"BG","fhdRun":"NA","fhdLifeHst":"Resident","fhdUseTy":"ResidentMultipleUses","fhdBasis":"DocObsFish","fhdStNm":"Unnamed trib to Bear Creek","fhdGenus":"Lepomis","fhdSp":"macrochirus","fhdSubSp":null,"fhdOrig":"NonNative","fhdProd":"Natural","fhdComment":null,"fhdESH":"NA","fhdBasisD":null,"fhdNMF":"no","fhdBasisDt":"19990000","fhdBasisNm":null,"fhdBasisEnt":null,"fhdBasisPrj":null,"fhdBasisMethod":"Electrofisher","fhdAccess":null,"fhdBarrierFtrID":null,"fhdEndExtent":null,"Shape__Length":2733.5743327666155,"habitatType":"stream"},"id":36},
{"type":"Feature","geometry":{"type":"LineString","coordinates":[[-122.833237,45.396107],[-122.8222,45.39592],[-122.814862,45.389535],[-122.806314,45.38998],[-122.80431,45.393001],[-122.798327,45.394287],[-122.790458,45.39754]]},"properties":{"OBJECTID":37,"fhdFtrID":37,"fhdRefID":53751,"fhdRevDt":"20190430","fhdONm":"Shannon Hubler","fhdOEnt":"ODEQ","fhdSpNm":"BG","fhdRun":"NA","fhdLifeHst":"Resident","fhdUseTy":"ResidentMultipleUses","fhdBasis":"DocObsFish","fhdStNm":"Tualatin River","fhdGenus":"Lepomis","fhdSp":"macrochirus","fhdSubSp":null,"fhdOrig":"NonNative","fhdProd":"Natural","fhdComment":null,"fhdESH":"NA","fhdBasisD":null,"fhdNMF":"no","fhdBasisDt":"20060000","fhdBasisNm":null,"fhdBasisEnt":null,"fhdBasisPrj":null,"fhdBasisMethod":"Electrofisher","fhdAccess":null,"fhdBarrierFtrID":null,"fhdEndExtent":null,"Shape__Length":5869.3464914660835,"habitatType":"stream"},"id":37},
{"type":"Feature","geometry":{"type":"LineString","coordinates":[[-122.830788,45.472009],[-122.830511,45.48182],[-122.834187,45.48433],[-122.834508,45.49174]]},"properties":{"OBJECTID":38,"fhdFtrID":38,"fhdRefID":53751,"fhdRevDt":"20190430","fhdONm":"Shannon Hubler","fhdOEnt":"ODEQ","fhdSpNm":"BG","fhdRun":"NA","fhdLifeHst":"Resident","fhdUseTy":"ResidentMultipleUses","fhdBasis":"DocObsFish","fhdStNm":"Johnston Creek","fhdGenus":"Lepomis","fhdSp":"macrochirus","fhdSubSp":null,"fhdOrig":"NonNative","fhdProd":"Natural","fhdComment":null,"fhdESH":"NA","fhdBasisD":null,"fhdNMF":"no","fhdBasisDt":"20060000","fhdBasisNm":null,"fhdBasisEnt":null,"fhdBasisPrj":null,"fhdBasisMethod":"Electrofisher","fhdAccess":null,"fhdBarrierFtrID":null,"fhdEndExtent":null,"Shape__Length":3613.33372700118,"habitatType":"stream"},"id":38},
{"type":"Feature","geometry":{"type":"LineString","coordinates":[[-122.657059,45.584204],[-122.663409,45.586394],[-122.667141,45.584994],[-122.682478,45.588354]]},"properties":{"OBJECTID":39,"fhdFtrID":39,"fhdRefID":53751,"fhdRevDt":"20190430","fhdONm":"Shannon Hubler","fhdOEnt":"ODEQ","fhdSpNm":"BG","fhdRun":"NA","fhdLifeHst":"Resident","fhdUseTy":"ResidentMultipleUses","fhdBasis":"DocObsFish","fhdStNm":"Columbia Slough","fhdGenus":"Lepomis","fhdSp":"macrochirus","fhdSubSp":null,"fhdOrig":"NonNative","fhdProd":"Natural","fhdComment":null,"fhdESH":"NA","fhdBasisD":null,"fhdNMF":"no","fhdBasisDt":"20060000","fhdBasisNm":null,"fhdBasisEnt":null,"fhdBasisPrj":null,"fhdBasisMethod":"Electrofisher","fhdAccess":null,"fhdBarrierFtrID":null,"fhdEndExtent":null,"Shape__Length":3183.9757246365816,"habitatType":"stream"},"id":39},
{"type":"Feature","geometry":{"type":"LineString","coordinates":[[-122.641318,45.596515],[-122.641069,45.590039],[-122.647824,45.584639]]},"properties":{"OBJECTID":40,"fhdFtrID":40,"fhdRefID":53751,"fhdRevDt":"20190430","fhdONm":"Shannon Hubler","fhdOEnt":"ODEQ","fhdSpNm":"BG","fhdRun":"NA","fhdLifeHst":"Resident","fhdUseTy":"ResidentMultipleUses","fhdBasis":"DocObsFish","fhdStNm":"Peninsula Slough","fhdGenus":"Lepomis","fhdSp":"macrochirus","fhdSubSp":null,"fhdOrig":"NonNative","fhdProd":"Natural","fhdComment":null,"fhdESH":"NA","fhdBasisD":null,"fhdNMF":"no","fhdBasisDt":"20060000","fhdBasisNm":null,"fhdBasisEnt":null,"fhdBasisPrj":null,"fhdBasisMethod":"Electrofisher","fhdAccess":null,"fhdBarrierFtrID":null,"fhdEndExtent":null,"Shape__Length":2202.8680347854406,"habitatType":"stream"},"id":40},
{"type":"Feature","geometry":{"type":"LineString","coordinates":[[-123.244446,46.125006],[-123.24555,46.123962],[-123.271911,46.116397],[-123.279765,46.118538],[-123.283826,46.12301],[-123.284005,46.127519],[-123.287743,46.129508],[-123.294234,46.123443],[-123.299898,46.122511],[-123.305711,46.127274],[-123.314783,46.124847],[-123.31891,46.120002],[-123.324672,46.115963],[-123.333549,46.118359],[-123.33795,46.125579],[-123.344273,46.126431],[-123.350177,46.121936],[-123.360299,46.125523],[-123.358438,46.132036],[-123.364143,46.136453],[-123.379997,46.137926],[-123.383316,46.142464],[-123.384162,46.150013]]},"properties":{"OBJECTID":41,"fhdFtrID":41,"fhdRefID":53684,"fhdRevDt":"20190430","fhdONm":"Peter Robinson","fhdOEnt":"ODFW","fhdSpNm":"BG","fhdRun":"NA","fhdLifeHst":"Resident","fhdUseTy":"ResidentMultipleUses","fhdBasis":"UndocObsFish","fhdStNm":"Westport Slough","fhdGenus":"Lepomis","fhdSp":"macrochirus","fhdSubSp":null,"fhdOrig":"NonNative","fhdProd":"Natural","fhdComment":null,"fhdESH":"NA","fhdBasisD":null,"fhdNMF":"no","fhdBasisDt":null,"fhdBasisNm":null,"fhdBasisEnt":null,"fhdBasisPrj":null,"fhdBasisMethod":null,"fhdAccess":null,"fhdBarrierFtrID":null,"fhdEndExtent":null,"Shape__Length":23918.968129116372,"habitatType":"stream"},"id":41},
{"type":"Feature","geometry":{"type":"LineString","coordinates":[[-123.567103,46.202579],[-123.560338,46.209914],[-123.551954,46.209042],[-123.553574,46.205443]]},"properties":{"OBJECTID":42,"fhdFtrID":42,"fhdRefID":53684,"fhdRevDt":"20190430","fhdONm":"Peter Robinson","fhdOEnt":"ODFW","fhdSpNm":"BG","fhdRun":"NA","fhdLifeHst":"Resident","fhdUseTy":"ResidentMultipleUses","fhdBasis":"UndocObsFish","fhdStNm":"Grizzly Slough","fhdGenus":"Lepomis","fhdSp":"macrochirus","fhdSubSp":null,"fhdOrig":"NonNative","fhdProd":"Natural","fhdComment":null,"fhdESH":"NA","fhdBasisD":null,"fhdNMF":"no","fhdBasisDt":null,"fhdBasisNm":null,"fhdBasisEnt":null,"fhdBasisPrj":null,"fhdBasisMethod":null,"fhdAccess":null,"fhdBarrierFtrID":null,"fhdEndExtent":null,"Shape__Length":3045.96966537617,"habitatType":"stream"},"id":42},
{"type":"Feature","geometry":{"type":"LineString","coordinates":[[-123.985777,44.858982],[-123.982409,44.860772],[-123.974029,44.856991],[-123.958785,44.856773],[-123.951771,44.857786],[-123.945039,44.860296],[-123.937282,44.85896]]},"properties":{"OBJECTID":43,"fhdFtrID":43,"fhdRefID":53585,"fhdRevDt":"20190430","fhdONm":"Wayne Wood","fhdOEnt":"OSU","fhdSpNm":"BG","fhdRun":"NA","fhdLifeHst":"Resident","fhdUseTy":"ResidentMultipleUses","fhdBasis":"DocObsFish","fhdStNm":"Siletz River","fhdGenus":"Lepomis","fhdSp":"macrochirus","fhdSubSp":null,"fhdOrig":"NonNative","fhdProd":"Natural","fhdComment":null,"fhdESH":"NA","fhdBasisD":null,"fhdNMF":"no","fhdBasisDt":"19970000","fhdBasisNm":null,"fhdBasisEnt":"OSU Ichthyology Collection","fhdBasisPrj":null,"fhdBasisMethod":null,"fhdAccess":null,"fhdBarrierFtrID":null,"fhdEndExtent":null,"Shape__Length":5894.677001239134,"habitatType":"stream"},"id":43},
{"type":"Feature","geometry":{"type":"LineString","coordinates":[[-123.446499,43.268779],[-123.446749,43.27719],[-123.448828,43.281077]]},"properties":{"OBJECTID":44,"fhdFtrID":44,"fhdRefID":53722,"fhdRevDt":"20190430","fhdONm":"Jason Brandt","fhdOEnt":"ODFW","fhdSpNm":"BG","fhdRun":"NA","fhdLifeHst":"Resident","fhdUseTy":"ResidentMultipleUses","fhdBasis":"UndocObsFish","fhdStNm":"Umpqua River","fhdGenus":"Lepomis","fhdSp":"macrochirus","fhdSubSp":null,"fhdOrig":"NonNative","fhdProd":"Natural","fhdComment":null,"fhdESH":"NA","fhdBasisD":null,"fhdNMF":"no","fhdBasisDt":null,"fhdBasisNm":null,"fhdBasisEnt":null,"fhdBasisPrj":null,"fhdBasisMethod":null,"fhdAccess":null,"fhdBarrierFtrID":null,"fhdEndExtent":null,"Shape__Length":1953.7273237347954,"habitatType":"stream"},"id":44},
{"type":"Feature","geometry":{"type":"LineString","coordinates":[[-123.56811,43.633482],[-123.56272,43.637378],[-123.564354,43.643125],[-123.56136,43.647147],[-123.56542,43.651122],[-123.56248,43.656122],[-123.549487,43.659098],[-123.53567,43.653036],[-123.535919,43.649943],[-123.541615,43.649264],[-123.538958,43.64265],[-123.530679,43.646551],[-123.523727,43.646585]]},"properties":{"OBJECTID":45,"fhdFtrID":45,"fhdRefID":53585,"fhdRevDt":"20190430","fhdONm":"Wayne Wood","fhdOEnt":"OSU","fhdSpNm":"BG","fhdRun":"NA","fhdLifeHst":"Resident","fhdUseTy":"ResidentMultipleUses","fhdBasis":"DocObsFish","fhdStNm":"Elk Creek","fhdGenus":"Lepomis","fhdSp":"macrochirus","fhdSubSp":null,"fhdOrig":"NonNative","fhdProd":"Natural","fhdComment":null,"fhdESH":"NA","fhdBasisD":null,"fhdNMF":"no","fhdBasisDt":"19980000","fhdBasisNm":null,"fhdBasisEnt":"OSU Ichthyology Collection","fhdBasisPrj":null,"fhdBasisMethod":null,"fhdAccess":null,"fhdBarrierFtrID":null,"fhdEndExtent":null,"Shape__Length":11989.623555147586,"habitatType":"stream"},"id":45},
{"type":"Feature","geometry":{"type":"LineString","coordinates":[[-123.351009,43.316844],[-123.345397,43.318271],[-123.3422,43.32133],[-123.341775,43.326065],[-123.335763,43.333652],[-123.330854,43.334692],[-123.326166,43.340597],[-123.327799,43.348981],[-123.326443,43.350584],[-123.325482,43.358494],[-123.32865,43.364719],[-123.328288,43.37039]]},"properties":{"OBJECTID":46,"fhdFtrID":46,"fhdRefID":53585,"fhdRevDt":"20190430","fhdONm":"Wayne Wood","fhdOEnt":"OSU","fhdSpNm":"BG","fhdRun":"NA","fhdLifeHst":"Resident","fhdUseTy":"ResidentMultipleUses","fhdBasis":"DocObsFish","fhdStNm":"Sutherlin Creek","fhdGenus":"Lepomis","fhdSp":"macrochirus","fhdSubSp":null,"fhdOrig":"NonNative","fhdProd":"Natural","fhdComment":null,"fhdESH":"NA","fhdBasisD":null,"fhdNMF":"no","fhdBasisDt":"19970000","fhdBasisNm":null,"fhdBasisEnt":"OSU Ichthyology Collection","fhdBasisPrj":null,"fhdBasisMethod":null,"fhdAccess":null,"fhdBarrierFtrID":null,"fhdEndExtent":null,"Shape__Length":10549.787872368912,"habitatType":"stream"},"id":46},
{"type":"Feature","geometry":{"type":"LineString","coordinates":[[-123.546222,43.024927],[-123.547418,43.033288],[-123.544115,43.036408],[-123.540522,43.042965],[-123.552444,43.056279],[-123.552028,43.057808]]},"properties":{"OBJECTID":47,"fhdFtrID":47,"fhdRefID":53751,"fhdRevDt":"20190430","fhdONm":"Shannon Hubler","fhdOEnt":"ODEQ","fhdSpNm":"BG","fhdRun":"NA","fhdLifeHst":"Resident","fhdUseTy":"ResidentMultipleUses","fhdBasis":"DocObsFish","fhdStNm":"Olalla Creek","fhdGenus":"Lepomis","fhdSp":"macrochirus","fhdSubSp":null,"fhdOrig":"NonNative","fhdProd":"Natural","fhdComment":null,"fhdESH":"NA","fhdBasisD":null,"fhdNMF":"no","fhdBasisDt":"19980000","fhdBasisNm":null,"fhdBasisEnt":null,"fhdBasisPrj":null,"fhdBasisMethod":"Electrofisher","fhdAccess":null,"fhdBarrierFtrID":null,"fhdEndExtent":null,"Shape__Length":6387.889611865656,"habitatType":"stream"},"id":47},
{"type":"Feature","geometry":{"type":"LineString","coordinates":[[-124.237333,43.103794],[-124.229867,43.10663],[-124.228221,43.109714],[-124.217249,43.115567],[-124.214763,43.118025],[-124.206925,43.117252],[-124.197964,43.118855]]},"properties":{"OBJECTID":48,"fhdFtrID":48,"fhdRefID":53751,"fhdRevDt":"20190430","fhdONm":"Shannon Hubler","fhdOEnt":"ODEQ","fhdSpNm":"BG","fhdRun":"NA","fhdLifeHst":"Resident","fhdUseTy":"ResidentMultipleUses","fhdBasis":"DocObsFish","fhdStNm":"Fishtrap Creek","fhdGenus":"Lepomis","fhdSp":"macrochirus","fhdSubSp":null,"fhdOrig":"NonNative","fhdProd":"Natural","fhdComment":null,"fhdESH":"NA","fhdBasisD":null,"fhdNMF":"no","fhdBasisDt":"19950000","fhdBasisNm":null,"fhdBasisEnt":null,"fhdBasisPrj":null,"fhdBasisMethod":"Electrofisher","fhdAccess":null,"fhdBarrierFtrID":null,"fhdEndExtent":null,"Shape__Length":5979.139298043672,"habitatType":"stream"},"id":48},
{"type":"Feature","geometry":{"type":"LineString","coordinates":[[-121.385437,45.678152],[-121.387899,45.681741],[-121.393665,45.683164],[-121.39456,45.685518],[-121.403147,45.692205]]},"properties":{"OBJECTID":49,"fhdFtrID":49,"fhdRefID":53585,"fhdRevDt":"20190430","fhdONm":"Wayne Wood","fhdOEnt":"OSU","fhdSpNm":"BG","fhdRun":"NA","fhdLifeHst":"Resident","fhdUseTy":"ResidentMultipleUses","fhdBasis":"DocObsFish","fhdStNm":"Mosier Creek","fhdGenus":"Lepomis","fhdSp":"macrochirus","fhdSubSp":null,"fhdOrig":"NonNative","fhdProd":"Natural","fhdComment":null,"fhdESH":"NA","fhdBasisD":null,"fhdNMF":"no","fhdBasisDt":"19910000","fhdBasisNm":null,"fhdBasisEnt":"OSU Ichthyology Collection","fhdBasisPrj":null,"fhdBasisMethod":null,"fhdAccess":null,"fhdBarrierFtrID":null,"fhdEndExtent":null,"Shape__Length":3258.156060884829,"habitatType":"stream"},"id":49},
{"type":"Feature","geometry":{"type":"LineString","coordinates":[[-121.229849,45.674874],[-121.235247,45.675583],[-121.256937,45.681629],[-121.280639,45.686858],[-121.285892,45.687297],[-121.295553,45.692042],[-121.302196,45.69672],[-121.338104,45.704131],[-121.35146,45.704442],[-121.371876,45.703514],[-121.397446,45.69139],[-121.403147,45.692205],[-121.442143,45.697817],[-121.45918,45.700976],[-121.485157,45.712859],[-121.506707,45.720385],[-121.522136,45.722404],[-121.53748,45.722246],[-121.564467,45.716585],[-121.614102,45.710191],[-121.64433,45.705086],[-121.680651,45.702455],[-121.690417,45.695543],[-121.70477,45.69428],[-121.730719,45.694612],[-121.762745,45.697492],[-121.766028,45.698689],[-121.780321,45.700184],[-121.789607,45.702177],[-121.794593,45.704257],[-121.811169,45.707164],[-121.8553,45.69652],[-121.867093,45.693878],[-121.885254,45.685582],[-121.892993,45.680126],[-121.899249,45.674303],[-121.901213,45.669341],[-121.90058,45.664065],[-121.908936,45.654277],[-121.930854,45.644835],[-121.941617,45.644792]]},"properties":{"OBJECTID":50,"fhdFtrID":50,"fhdRefID":53684,"fhdRevDt":"20190430","fhdONm":"Peter Robinson","fhdOEnt":"ODFW","fhdSpNm":"BG","fhdRun":"NA","fhdLifeHst":"Resident","fhdUseTy":"ResidentMultipleUses","fhdBasis":"UndocObsFish","fhdStNm":"Columbia River","fhdGenus":"Lepomis","fhdSp":"macrochirus","fhdSubSp":null,"fhdOrig":"NonNative","fhdProd":"Natural","fhdComment":null,"fhdESH":"NA","fhdBasisD":null,"fhdNMF":"no","fhdBasisDt":null,"fhdBasisNm":null,"fhdBasisEnt":null,"fhdBasisPrj":null,"fhdBasisMethod":null,"fhdAccess":null,"fhdBarrierFtrID":null,"fhdEndExtent":null,"Shape__Length":87647.76610117118,"habitatType":"stream"},"id":50},
{"type":"Feature","geometry":{"type":"LineString","coordinates":[[-121.377151,45.676299],[-121.385437,45.678152]]},"properties":{"OBJECTID":51,"fhdFtrID":51,"fhdRefID":53585,"fhdRevDt":"20190430","fhdONm":"Wayne Wood","fhdOEnt":"OSU","fhdSpNm":"BG","fhdRun":"NA","fhdLifeHst":"Resident","fhdUseTy":"ResidentMultipleUses","fhdBasis":"DocObsFish","fhdStNm":"Dry Creek","fhdGenus":"Lepomis","fhdSp":"macrochirus","fhdSubSp":null,"fhdOrig":"NonNative","fhdProd":"Natural","fhdComment":null,"fhdESH":"NA","fhdBasisD":null,"fhdNMF":"no","fhdBasisDt":"19910000","fhdBasisNm":null,"fhdBasisEnt":"OSU Ichthyology Collection","fhdBasisPrj":null,"fhdBasisMethod":null,"fhdAccess":null,"fhdBarrierFtrID":null,"fhdEndExtent":null,"Shape__Length":1059.7020258046684,"habitatType":"stream"},"id":51},
{"type":"Feature","geometry":{"type":"LineString","coordinates":[[-123.584567,43.612352],[-123.582556,43.612696],[-123.575186,43.618702],[-123.566555,43.630389],[-123.56811,43.633482],[-123.573719,43.637636],[-123.577725,43.638833],[-123.595991,43.64039],[-123.621722,43.649557],[-123.626151,43.650167],[-123.635611,43.649493],[-123.640961,43.647155],[-123.648888,43.641909],[-123.654577,43.643251],[-123.662252,43.640152],[-123.667359,43.636565],[-123.674722,43.63767],[-123.67274,43.642633],[-123.663568,43.649809],[-123.655971,43.659693],[-123.65378,43.664612],[-123.653975,43.678843],[-123.658057,43.682643],[-123.664822,43.682793],[-123.677118,43.676469],[-123.683813,43.674382],[-123.690897,43.670521],[-123.704116,43.66019],[-123.710577,43.657236],[-123.725615,43.656058],[-123.740944,43.656446],[-123.754232,43.655846],[-123.762094,43.656281],[-123.780808,43.655803],[-123.789639,43.658072],[-123.793177,43.66219],[-123.79444,43.672721],[-123.801366,43.673353]]},"properties":{"OBJECTID":52,"fhdFtrID":52,"fhdRefID":53753,"fhdRevDt":"20190806","fhdONm":"Alan Herlihy","fhdOEnt":"OSU","fhdSpNm":"BG","fhdRun":"NA","fhdLifeHst":"Resident","fhdUseTy":"ResidentMultipleUses","fhdBasis":"DocObsFish","fhdStNm":"Umpqua River","fhdGenus":"Lepomis","fhdSp":"macrochirus","fhdSubSp":null,"fhdOrig":"NonNative","fhdProd":"Natural","fhdComment":null,"fhdESH":"NA","fhdBasisD":null,"fhdNMF":"no","fhdBasisDt":"20070000","fhdBasisNm":null,"fhdBasisEnt":null,"fhdBasisPrj":"RIVmap","fhdBasisMethod":"Electrofisher","fhdAccess":null,"fhdBarrierFtrID":null,"fhdEndExtent":null,"Shape__Length":45189.59751188819,"habitatType":"stream"},"id":52},
{"type":"Feature","geometry":{"type":"LineString","coordinates":[[-123.376058,43.092164],[-123.381547,43.091199],[-123.386778,43.080564],[-123.397849,43.078691],[-123.404197,43.081674],[-123.411717,43.082848],[-123.42664,43.093488],[-123.431933,43.100455],[-123.437213,43.103822],[-123.43886,43.106561],[-123.434741,43.114726],[-123.430638,43.116508],[-123.421454,43.116854],[-123.419193,43.114284],[-123.400443,43.106825],[-123.394246,43.10954],[-123.390794,43.114369],[-123.387778,43.127346],[-123.392927,43.13081],[-123.401178,43.134702],[-123.417557,43.145721],[-123.415021,43.148953],[-123.408566,43.152911],[-123.397641,43.158055],[-123.393191,43.164206],[-123.395491,43.167977],[-123.394234,43.173438],[-123.389551,43.173721],[-123.377807,43.167172],[-123.370909,43.167488],[-123.366847,43.168959],[-123.363712,43.172259],[-123.365532,43.178466],[-123.371088,43.179054],[-123.372991,43.18237],[-123.370142,43.187404],[-123.364293,43.190908],[-123.355554,43.192988],[-123.355339,43.200364],[-123.35754,43.206373],[-123.354591,43.209776],[-123.344448,43.213959],[-123.344557,43.215553],[-123.354338,43.218818],[-123.358329,43.219022],[-123.371386,43.216009],[-123.377084,43.216204],[-123.383466,43.222074],[-123.388412,43.221463],[-123.393332,43.216881],[-123.397704,43.210874],[-123.402483,43.211893]]},"properties":{"OBJECTID":53,"fhdFtrID":53,"fhdRefID":53753,"fhdRevDt":"20190806","fhdONm":"Alan Herlihy","fhdOEnt":"OSU","fhdSpNm":"BG","fhdRun":"NA","fhdLifeHst":"Resident","fhdUseTy":"ResidentMultipleUses","fhdBasis":"DocObsFish","fhdStNm":"South Umpqua River","fhdGenus":"Lepomis","fhdSp":"macrochirus","fhdSubSp":null,"fhdOrig":"NonNative","fhdProd":"Natural","fhdComment":null,"fhdESH":"NA","fhdBasisD":null,"fhdNMF":"no","fhdBasisDt":"20070000","fhdBasisNm":null,"fhdBasisEnt":null,"fhdBasisPrj":"RIVmap","fhdBasisMethod":"Electrofisher","fhdAccess":null,"fhdBarrierFtrID":null,"fhdEndExtent":null,"Shape__Length":51641.24379414936,"habitatType":"stream"},"id":53},
{"type":"Feature","geometry":{"type":"MultiLineString","coordinates":[[[-123.44825,42.429915],[-123.452619,42.429964],[-123.46532,42.434821],[-123.468983,42.437823],[-123.485345,42.443717],[-123.489164,42.443863],[-123.497098,42.441541],[-123.500604,42.442066],[-123.499179,42.446305],[-123.493599,42.451175],[-123.485618,42.453893],[-123.483212,42.460441],[-123.486698,42.464569],[-123.499227,42.470729],[-123.50127,42.47371],[-123.499812,42.480093],[-123.489722,42.481009],[-123.484499,42.482331],[-123.48326,42.485089],[-123.486725,42.48694],[-123.480151,42.49293],[-123.487431,42.494817],[-123.488738,42.498549],[-123.484949,42.502798],[-123.478916,42.506444],[-123.480913,42.509786],[-123.489927,42.513764],[-123.493247,42.517946],[-123.490957,42.524008],[-123.496606,42.5271],[-123.502165,42.533992],[-123.499937,42.538667],[-123.507648,42.540398],[-123.514075,42.543035],[-123.518393,42.54669],[-123.525474,42.548784],[-123.528733,42.55102],[-123.539555,42.554536],[-123.548388,42.553287],[-123.553804,42.55146]],[[-123.569722,42.560604],[-123.576235,42.564048],[-123.58103,42.563501],[-123.587527,42.559956],[-123.593796,42.558666],[-123.597953,42.559775],[-123.597935,42.562964],[-123.593827,42.566587],[-123.596386,42.57178],[-123.590112,42.578314],[-123.590258,42.583465],[-123.594869,42.586539],[-123.592772,42.589035],[-123.58268,42.591537],[-123.581726,42.596495],[-123.583956,42.600284],[-123.578966,42.603804],[-123.581765,42.608472],[-123.591724,42.609592],[-123.595304,42.61685],[-123.599498,42.621926],[-123.596938,42.624551],[-123.596585,42.628389],[-123.592762,42.631723],[-123.592418,42.635264],[-123.585742,42.63999],[-123.584836,42.648637]]]},"properties":{"OBJECTID":54,"fhdFtrID":54,"fhdRefID":53580,"fhdRevDt":"20190806","fhdONm":"Jay Stevens","fhdOEnt":"BLM","fhdSpNm":"BG","fhdRun":"NA","fhdLifeHst":"Resident","fhdUseTy":"ResidentMultipleUses","fhdBasis":"UndocObsFish","fhdStNm":"Rogue River","fhdGenus":"Lepomis","fhdSp":"macrochirus","fhdSubSp":null,"fhdOrig":"NonNative","fhdProd":"Natural","fhdComment":null,"fhdESH":"NA","fhdBasisD":null,"fhdNMF":"no","fhdBasisDt":null,"fhdBasisNm":"Steve Brazier","fhdBasisEnt":null,"fhdBasisPrj":null,"fhdBasisMethod":null,"fhdAccess":null,"fhdBarrierFtrID":null,"fhdEndExtent":null,"Shape__Length":56815.13693011584,"habitatType":"stream"},"id":54},
{"type":"Feature","geometry":{"type":"LineString","coordinates":[[-123.553804,42.55146],[-123.561493,42.550414],[-123.563779,42.555392],[-123.568568,42.556953],[-123.569722,42.560604]]},"properties":{"OBJECTID":55,"fhdFtrID":54,"fhdRefID":53580,"fhdRevDt":"20190806","fhdONm":"Jay Stevens","fhdOEnt":"BLM","fhdSpNm":"BG","fhdRun":"NA","fhdLifeHst":"Resident","fhdUseTy":"ResidentMultipleUses","fhdBasis":"UndocObsFish","fhdStNm":"Rogue River","fhdGenus":"Lepomis","fhdSp":"macrochirus","fhdSubSp":null,"fhdOrig":"NonNative","fhdProd":"Natural","fhdComment":null,"fhdESH":"NA","fhdBasisD":null,"fhdNMF":"no","fhdBasisDt":"19980000","fhdBasisNm":null,"fhdBasisEnt":null,"fhdBasisPrj":null,"fhdBasisMethod":"Electrofisher","fhdAccess":null,"fhdBarrierFtrID":null,"fhdEndExtent":null,"Shape__Length":2942.7943499264184,"habitatType":"stream"},"id":55},
{"type":"Feature","geometry":{"type":"LineString","coordinates":[[-123.169966,42.430831],[-123.177775,42.433312],[-123.184479,42.430654],[-123.197973,42.419122],[-123.204065,42.419787],[-123.227913,42.419633],[-123.23493,42.423915],[-123.248162,42.422428],[-123.255896,42.423222],[-123.258567,42.425242],[-123.261034,42.431153],[-123.275872,42.429686],[-123.283625,42.426263],[-123.291061,42.425461],[-123.301259,42.422814],[-123.305855,42.422991],[-123.313563,42.425726],[-123.318078,42.429577],[-123.324308,42.430235],[-123.340062,42.43],[-123.349779,42.426242],[-123.360898,42.426754],[-123.364304,42.427734],[-123.37427,42.435997],[-123.384623,42.438364],[-123.389845,42.437776],[-123.395207,42.434913],[-123.405029,42.431815],[-123.427612,42.431306],[-123.433111,42.433239],[-123.44825,42.429915]]},"properties":{"OBJECTID":56,"fhdFtrID":54,"fhdRefID":53580,"fhdRevDt":"20190806","fhdONm":"Jay Stevens","fhdOEnt":"BLM","fhdSpNm":"BG","fhdRun":"NA","fhdLifeHst":"Resident","fhdUseTy":"ResidentMultipleUses","fhdBasis":"UndocObsFish","fhdStNm":"Rogue River","fhdGenus":"Lepomis","fhdSp":"macrochirus","fhdSubSp":null,"fhdOrig":"NonNative","fhdProd":"Natural","fhdComment":null,"fhdESH":"NA","fhdBasisD":null,"fhdNMF":"no","fhdBasisDt":"20050000","fhdBasisNm":"Steve Brazier","fhdBasisEnt":null,"fhdBasisPrj":null,"fhdBasisMethod":null,"fhdAccess":null,"fhdBarrierFtrID":null,"fhdEndExtent":null,"Shape__Length":35660.18561891706,"habitatType":"stream"},"id":56},
{"type":"Feature","geometry":{"type":"LineString","coordinates":[[-122.66602,42.19443],[-122.676452,42.195463],[-122.686634,42.197325],[-122.690141,42.199916],[-122.694844,42.200663],[-122.69703,42.203177],[-122.704105,42.205383],[-122.705886,42.210291],[-122.710629,42.215275],[-122.720711,42.215394],[-122.725381,42.219488],[-122.729629,42.221183],[-122.73601,42.21978],[-122.740361,42.221069],[-122.74985,42.226406],[-122.751886,42.230358],[-122.755699,42.23003],[-122.760696,42.234403],[-122.770785,42.239008],[-122.772106,42.241545],[-122.783081,42.25224],[-122.788416,42.253625],[-122.791162,42.261943],[-122.797045,42.265765],[-122.804259,42.268209],[-122.808938,42.273139],[-122.812028,42.27314],[-122.819362,42.280161],[-122.819835,42.283088],[-122.824154,42.288621],[-122.833555,42.296202],[-122.839383,42.297227],[-122.842203,42.303189],[-122.848138,42.30955],[-122.849116,42.312542],[-122.855372,42.320319],[-122.860581,42.320976],[-122.867568,42.324657],[-122.871305,42.331062],[-122.871897,42.334553],[-122.875384,42.339476],[-122.876593,42.348478],[-122.880075,42.351742],[-122.87739,42.356736],[-122.881394,42.362045],[-122.887525,42.365473],[-122.890562,42.370883],[-122.897155,42.375167],[-122.898945,42.381158],[-122.904109,42.385475],[-122.906425,42.384722],[-122.909781,42.389791],[-122.920028,42.391441]]},"properties":{"OBJECTID":57,"fhdFtrID":55,"fhdRefID":53580,"fhdRevDt":"20190806","fhdONm":"Jay Stevens","fhdOEnt":"BLM","fhdSpNm":"BG","fhdRun":"NA","fhdLifeHst":"Resident","fhdUseTy":"ResidentMultipleUses","fhdBasis":"UndocObsFish","fhdStNm":"Bear Creek","fhdGenus":"Lepomis","fhdSp":"macrochirus","fhdSubSp":null,"fhdOrig":"NonNative","fhdProd":"Natural","fhdComment":null,"fhdESH":"NA","fhdBasisD":null,"fhdNMF":"no","fhdBasisDt":null,"fhdBasisNm":null,"fhdBasisEnt":null,"fhdBasisPrj":null,"fhdBasisMethod":null,"fhdAccess":null,"fhdBarrierFtrID":null,"fhdEndExtent":null,"Shape__Length":48176.49161340883,"habitatType":"stream"},"id":57},
{"type":"Feature","geometry":{"type":"LineString","coordinates":[[-122.968988,42.432764],[-122.96819,42.430291],[-122.96041,42.429703],[-122.949254,42.421494],[-122.947433,42.417098],[-122.943413,42.416643],[-122.940553,42.412912],[-122.936767,42.411609],[-122.933264,42.405002],[-122.928558,42.400961],[-122.927316,42.397161],[-122.920028,42.391441]]},"properties":{"OBJECTID":58,"fhdFtrID":55,"fhdRefID":53580,"fhdRevDt":"20190806","fhdONm":"Jay Stevens","fhdOEnt":"BLM","fhdSpNm":"BG","fhdRun":"NA","fhdLifeHst":"Resident","fhdUseTy":"ResidentMultipleUses","fhdBasis":"UndocObsFish","fhdStNm":"Bear Creek","fhdGenus":"Lepomis","fhdSp":"macrochirus","fhdSubSp":null,"fhdOrig":"NonNative","fhdProd":"Natural","fhdComment":null,"fhdESH":"NA","fhdBasisD":null,"fhdNMF":"no","fhdBasisDt":"20050510","fhdBasisNm":null,"fhdBasisEnt":null,"fhdBasisPrj":null,"fhdBasisMethod":null,"fhdAccess":null,"fhdBarrierFtrID":null,"fhdEndExtent":null,"Shape__Length":9914.314338104236,"habitatType":"stream"},"id":58},
{"type":"Feature","geometry":{"type":"LineString","coordinates":[[-122.576287,42.138498],[-122.584958,42.141029],[-122.589567,42.141162],[-122.594754,42.146283],[-122.599187,42.153341],[-122.605272,42.156735],[-122.610087,42.156816],[-122.604647,42.163473],[-122.612435,42.16809],[-122.616311,42.16921],[-122.621481,42.173287],[-122.622945,42.176147],[-122.626758,42.176858],[-122.630701,42.183756],[-122.638137,42.189991],[-122.643357,42.189592],[-122.647303,42.193881],[-122.658106,42.191326],[-122.66602,42.19443]]},"properties":{"OBJECTID":59,"fhdFtrID":56,"fhdRefID":53580,"fhdRevDt":"20190806","fhdONm":"Jay Stevens","fhdOEnt":"BLM","fhdSpNm":"BG","fhdRun":"NA","fhdLifeHst":"Resident","fhdUseTy":"ResidentMultipleUses","fhdBasis":"UndocObsFish","fhdStNm":"Emigrant Creek","fhdGenus":"Lepomis","fhdSp":"macrochirus","fhdSubSp":null,"fhdOrig":"NonNative","fhdProd":"Natural","fhdComment":null,"fhdESH":"NA","fhdBasisD":null,"fhdNMF":"no","fhdBasisDt":null,"fhdBasisNm":null,"fhdBasisEnt":null,"fhdBasisPrj":null,"fhdBasisMethod":null,"fhdAccess":null,"fhdBarrierFtrID":null,"fhdEndExtent":null,"Shape__Length":16254.77773859175,"habitatType":"stream"},"id":59},
{"type":"Feature","geometry":{"type":"MultiLineString","coordinates":[[[-121.495851,42.149678],[-121.496684,42.150108]],[[-121.398971,42.198371],[-121.398531,42.196101],[-121.401986,42.192371],[-121.404749,42.192462]]]},"properties":{"OBJECTID":60,"fhdFtrID":57,"fhdRefID":53580,"fhdRevDt":"20190806","fhdONm":"Jay Stevens","fhdOEnt":"BLM","fhdSpNm":"BG","fhdRun":"NA","fhdLifeHst":"Resident","fhdUseTy":"ResidentMultipleUses","fhdBasis":"UndocObsFish","fhdStNm":null,"fhdGenus":"Lepomis","fhdSp":"macrochirus","fhdSubSp":null,"fhdOrig":"NonNative","fhdProd":"Natural","fhdComment":null,"fhdESH":"NA","fhdBasisD":null,"fhdNMF":"no","fhdBasisDt":"20040000","fhdBasisNm":null,"fhdBasisEnt":"BLM","fhdBasisPrj":null,"fhdBasisMethod":null,"fhdAccess":null,"fhdBarrierFtrID":null,"fhdEndExtent":null,"Shape__Length":1545.698450082011,"habitatType":"stream"},"id":60},
{"type":"Feature","geometry":{"type":"MultiLineString","coordinates":[[[-121.198863,41.99619],[-121.204798,41.997983],[-121.208355,41.99685],[-121.216373,42.002018],[-121.221491,42.002062],[-121.22486,42.008676],[-121.231877,42.012582],[-121.233078,42.015123],[-121.232101,42.049352],[-121.232607,42.078081],[-121.241997,42.091107],[-121.259394,42.109714],[-121.272072,42.113625],[-121.276575,42.117728],[-121.276559,42.121447],[-121.288163,42.124489],[-121.29469,42.130543],[-121.294244,42.134571],[-121.304605,42.138287],[-121.308942,42.137626],[-121.316517,42.142654],[-121.324854,42.14451],[-121.325283,42.152333],[-121.320853,42.158068],[-121.317714,42.167825],[-121.321941,42.173025],[-121.32513,42.179029],[-121.327936,42.17866],[-121.335673,42.184228],[-121.343847,42.184439],[-121.349172,42.186659],[-121.350567,42.191691],[-121.355707,42.194507],[-121.366012,42.194354],[-121.379418,42.195987],[-121.384787,42.197788],[-121.391941,42.201964],[-121.398971,42.198371]],[[-121.496684,42.150108],[-121.504367,42.151921],[-121.510828,42.152086],[-121.525259,42.159963],[-121.530598,42.163594],[-121.531911,42.167267],[-121.535552,42.169268],[-121.560914,42.169163],[-121.568667,42.166376],[-121.572829,42.169706],[-121.581673,42.17404],[-121.584207,42.178232],[-121.59355,42.179261],[-121.595574,42.183541],[-121.599322,42.182704],[-121.6029,42.178051],[-121.610721,42.175057],[-121.616844,42.174091],[-121.622307,42.170343],[-121.628195,42.168459],[-121.632478,42.164381],[-121.643159,42.162353],[-121.652418,42.159132],[-121.659677,42.158429],[-121.666225,42.151376],[-121.671645,42.142585],[-121.682755,42.139751],[-121.687865,42.136525],[-121.686654,42.133809],[-121.691058,42.131681],[-121.692044,42.127125],[-121.686785,42.12175],[-121.694106,42.112679],[-121.690242,42.109252],[-121.68462,42.108654],[-121.68649,42.102741],[-121.680187,42.10321],[-121.672812,42.102257],[-121.669493,42.098401],[-121.670955,42.09211],[-121.666936,42.08868],[-121.66786,42.085622],[-121.657967,42.079914],[-121.661639,42.076867],[-121.657086,42.073825],[-121.65357,42.076957],[-121.643996,42.067576],[-121.64477,42.063015],[-121.637234,42.061318],[-121.636223,42.057177],[-121.623993,42.051577],[-121.625098,42.047398],[-121.620348,42.044095],[-121.624514,42.039196],[-121.620439,42.035995],[-121.61889,42.025511],[-121.6161,42.023523],[-121.606845,42.021457],[-121.596531,42.023317],[-121.594452,42.021747],[-121.584363,42.019164],[-121.586427,42.013768],[-121.571159,42.012287],[-121.565661,42.008656],[-121.556955,42.012361],[-121.55272,42.016469],[-121.545017,42.016907],[-121.539497,42.008736],[-121.534596,42.006814],[-121.529457,42.002398],[-121.519437,41.9971],[-121.517651,41.992128],[-121.511144,41.984888],[-121.506649,41.98379],[-121.503719,41.975398],[-121.50248,41.968762],[-121.504969,41.953646],[-121.505122,41.940837]],[[-121.404749,42.192462],[-121.411187,42.194784],[-121.423214,42.188394],[-121.438228,42.188032],[-121.446628,42.18077],[-121.448541,42.171844],[-121.455927,42.167846],[-121.454816,42.159509],[-121.463652,42.158493],[-121.472024,42.155674],[-121.475226,42.152879],[-121.483863,42.153057],[-121.489274,42.149976],[-121.495851,42.149678]]]},"properties":{"OBJECTID":61,"fhdFtrID":57,"fhdRefID":53580,"fhdRevDt":"20190806","fhdONm":"Jay Stevens","fhdOEnt":"BLM","fhdSpNm":"BG","fhdRun":"NA","fhdLifeHst":"Resident","fhdUseTy":"ResidentMultipleUses","fhdBasis":"UndocObsFish","fhdStNm":"Lost River","fhdGenus":"Lepomis","fhdSp":"macrochirus","fhdSubSp":null,"fhdOrig":"NonNative","fhdProd":"Natural","fhdComment":null,"fhdESH":"NA","fhdBasisD":null,"fhdNMF":"no","fhdBasisDt":"20040000","fhdBasisNm":null,"fhdBasisEnt":"BLM","fhdBasisPrj":null,"fhdBasisMethod":null,"fhdAccess":null,"fhdBarrierFtrID":null,"fhdEndExtent":null,"Shape__Length":143485.53862396322,"habitatType":"stream"},"id":61},
{"type":"Feature","geometry":{"type":"LineString","coordinates":[[-122.610087,42.156816],[-122.616298,42.148036],[-122.616761,42.142598],[-122.609073,42.133804]]},"properties":{"OBJECTID":62,"fhdFtrID":58,"fhdRefID":53580,"fhdRevDt":"20190806","fhdONm":"Jay Stevens","fhdOEnt":"BLM","fhdSpNm":"BG","fhdRun":"NA","fhdLifeHst":"Resident","fhdUseTy":"ResidentMultipleUses","fhdBasis":"UndocObsFish","fhdStNm":"Hill Creek","fhdGenus":"Lepomis","fhdSp":"macrochirus","fhdSubSp":null,"fhdOrig":"NonNative","fhdProd":"Natural","fhdComment":null,"fhdESH":"NA","fhdBasisD":null,"fhdNMF":"no","fhdBasisDt":null,"fhdBasisNm":null,"fhdBasisEnt":null,"fhdBasisPrj":null,"fhdBasisMethod":null,"fhdAccess":null,"fhdBarrierFtrID":null,"fhdEndExtent":null,"Shape__Length":3880.0544243897625,"habitatType":"stream"},"id":62},
{"type":"Feature","geometry":{"type":"LineString","coordinates":[[-123.59359,42.275108],[-123.603532,42.277439],[-123.608508,42.277477],[-123.609874,42.275135]]},"properties":{"OBJECTID":63,"fhdFtrID":59,"fhdRefID":53580,"fhdRevDt":"20190806","fhdONm":"Jay Stevens","fhdOEnt":"BLM","fhdSpNm":"BG","fhdRun":"NA","fhdLifeHst":"Resident","fhdUseTy":"ResidentMultipleUses","fhdBasis":"UndocObsFish","fhdStNm":"Deer Creek","fhdGenus":"Lepomis","fhdSp":"macrochirus","fhdSubSp":null,"fhdOrig":"NonNative","fhdProd":"Natural","fhdComment":null,"fhdESH":"NA","fhdBasisD":null,"fhdNMF":"no","fhdBasisDt":null,"fhdBasisNm":null,"fhdBasisEnt":null,"fhdBasisPrj":null,"fhdBasisMethod":null,"fhdAccess":null,"fhdBarrierFtrID":null,"fhdEndExtent":null,"Shape__Length":2584.744666967086,"habitatType":"stream"},"id":63},
{"type":"Feature","geometry":{"type":"LineString","coordinates":[[-123.687616,42.269359],[-123.683378,42.272046],[-123.683266,42.275163],[-123.678655,42.278351],[-123.676204,42.277051],[-123.665525,42.281031],[-123.660677,42.279015],[-123.650751,42.278837],[-123.635355,42.273495],[-123.633364,42.270804],[-123.62785,42.272428],[-123.618199,42.271373],[-123.614653,42.277012],[-123.609874,42.275135]]},"properties":{"OBJECTID":64,"fhdFtrID":59,"fhdRefID":53580,"fhdRevDt":"20190806","fhdONm":"Jay Stevens","fhdOEnt":"BLM","fhdSpNm":"BG","fhdRun":"NA","fhdLifeHst":"Resident","fhdUseTy":"ResidentMultipleUses","fhdBasis":"UndocObsFish","fhdStNm":"Deer Creek","fhdGenus":"Lepomis","fhdSp":"macrochirus","fhdSubSp":null,"fhdOrig":"NonNative","fhdProd":"Natural","fhdComment":null,"fhdESH":"NA","fhdBasisD":null,"fhdNMF":"no","fhdBasisDt":"19920000","fhdBasisNm":"Steve Brazier","fhdBasisEnt":null,"fhdBasisPrj":null,"fhdBasisMethod":null,"fhdAccess":null,"fhdBarrierFtrID":null,"fhdEndExtent":null,"Shape__Length":11469.264486699503,"habitatType":"stream"},"id":64},
{"type":"Feature","geometry":{"type":"LineString","coordinates":[[-121.941176,42.618993],[-121.930666,42.619964],[-121.926258,42.621682],[-121.914394,42.630409]]},"properties":{"OBJECTID":65,"fhdFtrID":60,"fhdRefID":53580,"fhdRevDt":"20190806","fhdONm":"Jay Stevens","fhdOEnt":"BLM","fhdSpNm":"BG","fhdRun":"NA","fhdLifeHst":"Resident","fhdUseTy":"ResidentMultipleUses","fhdBasis":"UndocObsFish","fhdStNm":null,"fhdGenus":"Lepomis","fhdSp":"macrochirus","fhdSubSp":null,"fhdOrig":"NonNative","fhdProd":"Natural","fhdComment":null,"fhdESH":"NA","fhdBasisD":null,"fhdNMF":"no","fhdBasisDt":null,"fhdBasisNm":null,"fhdBasisEnt":null,"fhdBasisPrj":null,"fhdBasisMethod":null,"fhdAccess":null,"fhdBarrierFtrID":null,"fhdEndExtent":null,"Shape__Length":4055.104735301774,"habitatType":"stream"},"id":65},
{"type":"Feature","geometry":{"type":"LineString","coordinates":[[-122.037962,42.74009],[-122.03844,42.738048],[-122.028129,42.731628],[-122.022547,42.729178],[-122.016092,42.718328],[-122.011969,42.707595],[-122.01377,42.698664],[-122.017088,42.690822],[-122.020573,42.687463],[-122.020651,42.681194],[-122.01828,42.678224],[-122.023866,42.671439],[-122.026687,42.666106],[-122.027292,42.660968]]},"properties":{"OBJECTID":66,"fhdFtrID":61,"fhdRefID":53580,"fhdRevDt":"20190806","fhdONm":"Jay Stevens","fhdOEnt":"BLM","fhdSpNm":"BG","fhdRun":"NA","fhdLifeHst":"Resident","fhdUseTy":"ResidentMultipleUses","fhdBasis":"UndocObsFish","fhdStNm":"Annie Creek Slough","fhdGenus":"Lepomis","fhdSp":"macrochirus","fhdSubSp":null,"fhdOrig":"NonNative","fhdProd":"Natural","fhdComment":null,"fhdESH":"NA","fhdBasisD":null,"fhdNMF":"no","fhdBasisDt":null,"fhdBasisNm":null,"fhdBasisEnt":null,"fhdBasisPrj":null,"fhdBasisMethod":null,"fhdAccess":null,"fhdBarrierFtrID":null,"fhdEndExtent":null,"Shape__Length":16347.074952170879,"habitatType":"stream"},"id":66},
{"type":"Feature","geometry":{"type":"LineString","coordinates":[[-122.073315,42.699542],[-122.071454,42.696067],[-122.072027,42.691511],[-122.068105,42.68802],[-122.071088,42.685863],[-122.06806,42.682772],[-122.070455,42.679402],[-122.070477,42.674801],[-122.074353,42.672924],[-122.073444,42.667132],[-122.063707,42.662143],[-122.061111,42.659332],[-122.059519,42.654064]]},"properties":{"OBJECTID":67,"fhdFtrID":62,"fhdRefID":53580,"fhdRevDt":"20190806","fhdONm":"Jay Stevens","fhdOEnt":"BLM","fhdSpNm":"BG","fhdRun":"NA","fhdLifeHst":"Resident","fhdUseTy":"ResidentMultipleUses","fhdBasis":"UndocObsFish","fhdStNm":"Sevenmile Creek","fhdGenus":"Lepomis","fhdSp":"macrochirus","fhdSubSp":null,"fhdOrig":"NonNative","fhdProd":"Natural","fhdComment":null,"fhdESH":"NA","fhdBasisD":null,"fhdNMF":"no","fhdBasisDt":null,"fhdBasisNm":null,"fhdBasisEnt":null,"fhdBasisPrj":null,"fhdBasisMethod":null,"fhdAccess":null,"fhdBarrierFtrID":null,"fhdEndExtent":null,"Shape__Length":14469.920256040534,"habitatType":"stream"},"id":67},
{"type":"Feature","geometry":{"type":"LineString","coordinates":[[-121.962267,42.702522],[-121.964881,42.701518],[-121.969079,42.692256],[-121.971156,42.691195],[-121.971753,42.681616],[-121.978647,42.677289],[-121.979826,42.672238]]},"properties":{"OBJECTID":68,"fhdFtrID":63,"fhdRefID":53580,"fhdRevDt":"20190806","fhdONm":"Jay Stevens","fhdOEnt":"BLM","fhdSpNm":"BG","fhdRun":"NA","fhdLifeHst":"Resident","fhdUseTy":"ResidentMultipleUses","fhdBasis":"UndocObsFish","fhdStNm":"Fort Creek","fhdGenus":"Lepomis","fhdSp":"macrochirus","fhdSubSp":null,"fhdOrig":"NonNative","fhdProd":"Natural","fhdComment":null,"fhdESH":"NA","fhdBasisD":null,"fhdNMF":"no","fhdBasisDt":null,"fhdBasisNm":null,"fhdBasisEnt":null,"fhdBasisPrj":null,"fhdBasisMethod":null,"fhdAccess":null,"fhdBarrierFtrID":null,"fhdEndExtent":null,"Shape__Length":7954.802812539001,"habitatType":"stream"},"id":68},
{"type":"Feature","geometry":{"type":"LineString","coordinates":[[-122.078477,42.719594],[-122.076258,42.71584],[-122.077515,42.711783],[-122.062985,42.715478],[-122.057141,42.715028],[-122.055519,42.710153],[-122.058422,42.707508],[-122.05744,42.704252],[-122.059071,42.696545],[-122.062286,42.689799],[-122.06216,42.683497],[-122.055003,42.677826],[-122.05496,42.661094],[-122.051643,42.660957]]},"properties":{"OBJECTID":69,"fhdFtrID":64,"fhdRefID":53580,"fhdRevDt":"20190806","fhdONm":"Jay Stevens","fhdOEnt":"BLM","fhdSpNm":"BG","fhdRun":"NA","fhdLifeHst":"Resident","fhdUseTy":"ResidentMultipleUses","fhdBasis":"UndocObsFish","fhdStNm":"Sevenmile Ditch","fhdGenus":"Lepomis","fhdSp":"macrochirus","fhdSubSp":null,"fhdOrig":"NonNative","fhdProd":"Natural","fhdComment":null,"fhdESH":"NA","fhdBasisD":null,"fhdNMF":"no","fhdBasisDt":null,"fhdBasisNm":null,"fhdBasisEnt":null,"fhdBasisPrj":null,"fhdBasisMethod":null,"fhdAccess":null,"fhdBarrierFtrID":null,"fhdEndExtent":null,"Shape__Length":13530.835641472597,"habitatType":"stream"},"id":69},
{"type":"Feature","geometry":{"type":"LineString","coordinates":[[-122.006572,42.684109],[-122.006024,42.680952],[-122.008811,42.676293],[-122.005637,42.673602],[-122.004407,42.668073],[-122.001226,42.665519],[-122.002582,42.655414]]},"properties":{"OBJECTID":70,"fhdFtrID":65,"fhdRefID":53580,"fhdRevDt":"20190806","fhdONm":"Jay Stevens","fhdOEnt":"BLM","fhdSpNm":"BG","fhdRun":"NA","fhdLifeHst":"Resident","fhdUseTy":"ResidentMultipleUses","fhdBasis":"UndocObsFish","fhdStNm":"Melhase Ditch","fhdGenus":"Lepomis","fhdSp":"macrochirus","fhdSubSp":null,"fhdOrig":"NonNative","fhdProd":"Natural","fhdComment":null,"fhdESH":"NA","fhdBasisD":null,"fhdNMF":"no","fhdBasisDt":null,"fhdBasisNm":null,"fhdBasisEnt":null,"fhdBasisPrj":null,"fhdBasisMethod":null,"fhdAccess":null,"fhdBarrierFtrID":null,"fhdEndExtent":null,"Shape__Length":5981.724260329222,"habitatType":"stream"},"id":70},
{"type":"Feature","geometry":{"type":"LineString","coordinates":[[-122.006572,42.684109],[-122.007486,42.686195],[-122.004564,42.691024],[-122.005567,42.700994],[-121.998142,42.704233],[-121.998251,42.709316],[-121.995832,42.710141],[-121.991327,42.716928],[-121.99036,42.722705]]},"properties":{"OBJECTID":71,"fhdFtrID":65,"fhdRefID":53580,"fhdRevDt":"20190806","fhdONm":"Jay Stevens","fhdOEnt":"BLM","fhdSpNm":"BG","fhdRun":"NA","fhdLifeHst":"Resident","fhdUseTy":"ResidentMultipleUses","fhdBasis":"UndocObsFish","fhdStNm":"Melhase Ditch","fhdGenus":"Lepomis","fhdSp":"macrochirus","fhdSubSp":null,"fhdOrig":"NonNative","fhdProd":"Natural","fhdComment":null,"fhdESH":"NA","fhdBasisD":null,"fhdNMF":"no","fhdBasisDt":"20040000","fhdBasisNm":null,"fhdBasisEnt":"BLM","fhdBasisPrj":null,"fhdBasisMethod":null,"fhdAccess":null,"fhdBarrierFtrID":null,"fhdEndExtent":null,"Shape__Length":7016.072870742247,"habitatType":"stream"},"id":71},
{"type":"Feature","geometry":{"type":"LineString","coordinates":[[-122.19135,41.989953],[-122.19201,41.987651]]},"properties":{"OBJECTID":72,"fhdFtrID":67,"fhdRefID":53580,"fhdRevDt":"20190806","fhdONm":"Jay Stevens","fhdOEnt":"BLM","fhdSpNm":"BG","fhdRun":"NA","fhdLifeHst":"Resident","fhdUseTy":"ResidentMultipleUses","fhdBasis":"UndocObsFish","fhdStNm":null,"fhdGenus":"Lepomis","fhdSp":"macrochirus","fhdSubSp":null,"fhdOrig":"NonNative","fhdProd":"Natural","fhdComment":null,"fhdESH":"NA","fhdBasisD":null,"fhdNMF":"no","fhdBasisDt":"20040000","fhdBasisNm":null,"fhdBasisEnt":"BLM","fhdBasisPrj":null,"fhdBasisMethod":null,"fhdAccess":null,"fhdBarrierFtrID":null,"fhdEndExtent":null,"Shape__Length":406.9290012050552,"habitatType":"stream"},"id":72},
{"type":"Feature","geometry":{"type":"MultiLineString","coordinates":[[[-122.243235,41.962768],[-122.233952,41.966232],[-122.226855,41.96623],[-122.224267,41.967734],[-122.216055,41.966429],[-122.207817,41.97302],[-122.201192,41.97266],[-122.194268,41.980088],[-122.19201,41.987651]],[[-122.19135,41.989953],[-122.190486,41.994111],[-122.191931,42.000735],[-122.190193,42.006397],[-122.180501,42.010679],[-122.173398,42.008034],[-122.165747,42.008573],[-122.157127,42.013887],[-122.149928,42.015779],[-122.140498,42.015175],[-122.139075,42.019859],[-122.134909,42.019801],[-122.131796,42.022209],[-122.128968,42.019215],[-122.112161,42.019249],[-122.107054,42.021722],[-122.100871,42.028429],[-122.099246,42.035765],[-122.096561,42.0385],[-122.089695,42.042121],[-122.090831,42.051424],[-122.089245,42.05555],[-122.084913,42.059645],[-122.085363,42.071186],[-122.083616,42.076684],[-122.077352,42.078471],[-122.075149,42.082858],[-122.072597,42.083702],[-122.074346,42.088201],[-122.069772,42.093406],[-122.06348,42.089518],[-122.061255,42.08542],[-122.053795,42.089519],[-122.055669,42.095236],[-122.058763,42.096259],[-122.062736,42.100671],[-122.063239,42.103458],[-122.056482,42.108914],[-122.056672,42.113212],[-122.053934,42.116756],[-122.048443,42.117494],[-122.049758,42.121801],[-122.046007,42.122634],[-122.042057,42.127114],[-122.031242,42.134183],[-122.036958,42.145038],[-122.035958,42.148678],[-122.024734,42.149015],[-122.021156,42.150309],[-122.00812,42.150332],[-122.004338,42.155352],[-121.999197,42.155382],[-121.993047,42.150606],[-121.98506,42.15059],[-121.976388,42.147919],[-121.973127,42.145296],[-121.968072,42.138113],[-121.963115,42.133588],[-121.957847,42.131649],[-121.953458,42.127124],[-121.947585,42.128853],[-121.948272,42.138227],[-121.942379,42.137488],[-121.932035,42.130872],[-121.926977,42.126574],[-121.923689,42.120707],[-121.919604,42.119047],[-121.915189,42.122536],[-121.907937,42.122179],[-121.903448,42.118678],[-121.906532,42.113808],[-121.903442,42.110644],[-121.896111,42.109313],[-121.894157,42.104791],[-121.887213,42.100761],[-121.887717,42.096839],[-121.88487,42.085392],[-121.881196,42.085284],[-121.878712,42.088465],[-121.872895,42.086809],[-121.869815,42.087935],[-121.868169,42.093564],[-121.862517,42.094035],[-121.860455,42.097878],[-121.861964,42.100879],[-121.859761,42.104658],[-121.848199,42.110067],[-121.842903,42.113977],[-121.842176,42.119337],[-121.853118,42.127084],[-121.854475,42.129655],[-121.855015,42.140547],[-121.853005,42.143963],[-121.8428,42.153096],[-121.838817,42.157971],[-121.830869,42.163569],[-121.818146,42.168153],[-121.805421,42.168974],[-121.802342,42.169896],[-121.79798,42.177727],[-121.78194,42.184843],[-121.783615,42.190941],[-121.782473,42.193009],[-121.774733,42.198663],[-121.77593,42.206935],[-121.779219,42.212297],[-121.783053,42.215805],[-121.788857,42.218453]]]},"properties":{"OBJECTID":73,"fhdFtrID":67,"fhdRefID":53580,"fhdRevDt":"20190806","fhdONm":"Jay Stevens","fhdOEnt":"BLM","fhdSpNm":"BG","fhdRun":"NA","fhdLifeHst":"Resident","fhdUseTy":"ResidentMultipleUses","fhdBasis":"UndocObsFish","fhdStNm":"Klamath River","fhdGenus":"Lepomis","fhdSp":"macrochirus","fhdSubSp":null,"fhdOrig":"NonNative","fhdProd":"Natural","fhdComment":null,"fhdESH":"NA","fhdBasisD":null,"fhdNMF":"no","fhdBasisDt":"20040000","fhdBasisNm":null,"fhdBasisEnt":"BLM","fhdBasisPrj":null,"fhdBasisMethod":null,"fhdAccess":null,"fhdBarrierFtrID":null,"fhdEndExtent":null,"Shape__Length":108376.78948435304,"habitatType":"stream"},"id":73},
{"type":"Feature","geometry":{"type":"LineString","coordinates":[[-121.802128,42.233728],[-121.798796,42.229965],[-121.794634,42.222231],[-121.788857,42.218453]]},"properties":{"OBJECTID":74,"fhdFtrID":68,"fhdRefID":53580,"fhdRevDt":"20190806","fhdONm":"Jay Stevens","fhdOEnt":"BLM","fhdSpNm":"BG","fhdRun":"NA","fhdLifeHst":"Resident","fhdUseTy":"ResidentMultipleUses","fhdBasis":"UndocObsFish","fhdStNm":"Link River","fhdGenus":"Lepomis","fhdSp":"macrochirus","fhdSubSp":null,"fhdOrig":"NonNative","fhdProd":"Natural","fhdComment":null,"fhdESH":"NA","fhdBasisD":null,"fhdNMF":"no","fhdBasisDt":"20040000","fhdBasisNm":null,"fhdBasisEnt":"BLM","fhdBasisPrj":null,"fhdBasisMethod":null,"fhdAccess":null,"fhdBarrierFtrID":null,"fhdEndExtent":null,"Shape__Length":2829.430478399525,"habitatType":"stream"},"id":74},
{"type":"Feature","geometry":{"type":"LineString","coordinates":[[-122.0514,42.611827],[-122.051382,42.610697],[-122.051352,42.591366]]},"properties":{"OBJECTID":75,"fhdFtrID":69,"fhdRefID":53580,"fhdRevDt":"20190806","fhdONm":"Jay Stevens","fhdOEnt":"BLM","fhdSpNm":"BG","fhdRun":"NA","fhdLifeHst":"Resident","fhdUseTy":"ResidentMultipleUses","fhdBasis":"UndocObsFish","fhdStNm":"Fourmile Canal","fhdGenus":"Lepomis","fhdSp":"macrochirus","fhdSubSp":null,"fhdOrig":"NonNative","fhdProd":"Natural","fhdComment":null,"fhdESH":"NA","fhdBasisD":null,"fhdNMF":"no","fhdBasisDt":"20040000","fhdBasisNm":null,"fhdBasisEnt":"BLM","fhdBasisPrj":null,"fhdBasisMethod":null,"fhdAccess":null,"fhdBarrierFtrID":null,"fhdEndExtent":null,"Shape__Length":3094.667502333095,"habitatType":"stream"},"id":75},
{"type":"Feature","geometry":{"type":"LineString","coordinates":[[-122.051335,42.589738],[-122.051892,42.55045],[-122.051658,42.531018],[-122.045929,42.530352]]},"properties":{"OBJECTID":76,"fhdFtrID":73,"fhdRefID":53580,"fhdRevDt":"20190806","fhdONm":"Jay Stevens","fhdOEnt":"BLM","fhdSpNm":"BG","fhdRun":"NA","fhdLifeHst":"Resident","fhdUseTy":"ResidentMultipleUses","fhdBasis":"UndocObsFish","fhdStNm":null,"fhdGenus":"Lepomis","fhdSp":"macrochirus","fhdSubSp":null,"fhdOrig":"NonNative","fhdProd":"Natural","fhdComment":null,"fhdESH":"NA","fhdBasisD":null,"fhdNMF":"no","fhdBasisDt":"20040000","fhdBasisNm":null,"fhdBasisEnt":"BLM","fhdBasisPrj":null,"fhdBasisMethod":null,"fhdAccess":null,"fhdBarrierFtrID":null,"fhdEndExtent":null,"Shape__Length":9543.11122887101,"habitatType":"stream"},"id":76},
{"type":"Feature","geometry":{"type":"LineString","coordinates":[[-122.082043,42.57468],[-122.051352,42.591366],[-122.051328,42.589872]]},"properties":{"OBJECTID":77,"fhdFtrID":74,"fhdRefID":53580,"fhdRevDt":"20190806","fhdONm":"Jay Stevens","fhdOEnt":"BLM","fhdSpNm":"BG","fhdRun":"NA","fhdLifeHst":"Resident","fhdUseTy":"ResidentMultipleUses","fhdBasis":"UndocObsFish","fhdStNm":null,"fhdGenus":"Lepomis","fhdSp":"macrochirus","fhdSubSp":null,"fhdOrig":"NonNative","fhdProd":"Natural","fhdComment":null,"fhdESH":"NA","fhdBasisD":null,"fhdNMF":"no","fhdBasisDt":"20040000","fhdBasisNm":null,"fhdBasisEnt":"BLM","fhdBasisPrj":null,"fhdBasisMethod":null,"fhdAccess":null,"fhdBarrierFtrID":null,"fhdEndExtent":null,"Shape__Length":4482.050341666702,"habitatType":"stream"},"id":77},
{"type":"Feature","geometry":{"type":"LineString","coordinates":[[-122.040517,42.593772],[-122.040953,42.600079],[-122.046955,42.603396],[-122.047148,42.607184],[-122.051382,42.610697]]},"properties":{"OBJECTID":78,"fhdFtrID":75,"fhdRefID":53580,"fhdRevDt":"20190806","fhdONm":"Jay Stevens","fhdOEnt":"BLM","fhdSpNm":"BG","fhdRun":"NA","fhdLifeHst":"Resident","fhdUseTy":"ResidentMultipleUses","fhdBasis":"UndocObsFish","fhdStNm":null,"fhdGenus":"Lepomis","fhdSp":"macrochirus","fhdSubSp":null,"fhdOrig":"NonNative","fhdProd":"Natural","fhdComment":null,"fhdESH":"NA","fhdBasisD":null,"fhdNMF":"no","fhdBasisDt":"20040000","fhdBasisNm":null,"fhdBasisEnt":"BLM","fhdBasisPrj":null,"fhdBasisMethod":null,"fhdAccess":null,"fhdBarrierFtrID":null,"fhdEndExtent":null,"Shape__Length":3864.06965296235,"habitatType":"stream"},"id":78},
{"type":"Feature","geometry":{"type":"LineString","coordinates":[[-122.082043,42.57468],[-122.081859,42.567034],[-122.08021,42.558486],[-122.078443,42.544157],[-122.075421,42.5427],[-122.07748,42.539012],[-122.076384,42.534944],[-122.084634,42.530403],[-122.084829,42.527019],[-122.079615,42.522759],[-122.07776,42.518854],[-122.079754,42.516246],[-122.076019,42.511296],[-122.077379,42.508053],[-122.075052,42.506066],[-122.072281,42.500732],[-122.065589,42.491436],[-122.064422,42.48666],[-122.065734,42.484396],[-122.064493,42.479078],[-122.073786,42.467369],[-122.072295,42.463514],[-122.076935,42.46039]]},"properties":{"OBJECTID":79,"fhdFtrID":77,"fhdRefID":53580,"fhdRevDt":"20190806","fhdONm":"Jay Stevens","fhdOEnt":"BLM","fhdSpNm":"BG","fhdRun":"NA","fhdLifeHst":"Resident","fhdUseTy":"ResidentMultipleUses","fhdBasis":"UndocObsFish","fhdStNm":"Crystal Creek","fhdGenus":"Lepomis","fhdSp":"macrochirus","fhdSubSp":null,"fhdOrig":"NonNative","fhdProd":"Natural","fhdComment":null,"fhdESH":"NA","fhdBasisD":null,"fhdNMF":"no","fhdBasisDt":"20040000","fhdBasisNm":null,"fhdBasisEnt":"BLM","fhdBasisPrj":null,"fhdBasisMethod":null,"fhdAccess":null,"fhdBarrierFtrID":null,"fhdEndExtent":null,"Shape__Length":21450.942658609372,"habitatType":"stream"},"id":79},
{"type":"Feature","geometry":{"type":"LineString","coordinates":[[-122.090608,42.470515],[-122.085436,42.47035],[-122.079591,42.465348],[-122.076935,42.46039],[-122.064206,42.453829],[-122.002395,42.447464]]},"properties":{"OBJECTID":80,"fhdFtrID":78,"fhdRefID":53580,"fhdRevDt":"20190806","fhdONm":"Jay Stevens","fhdOEnt":"BLM","fhdSpNm":"BG","fhdRun":"NA","fhdLifeHst":"Resident","fhdUseTy":"ResidentMultipleUses","fhdBasis":"UndocObsFish","fhdStNm":"Fourmile Creek","fhdGenus":"Lepomis","fhdSp":"macrochirus","fhdSubSp":null,"fhdOrig":"NonNative","fhdProd":"Natural","fhdComment":null,"fhdESH":"NA","fhdBasisD":null,"fhdNMF":"no","fhdBasisDt":"20040000","fhdBasisNm":null,"fhdBasisEnt":"BLM","fhdBasisPrj":null,"fhdBasisMethod":null,"fhdAccess":null,"fhdBarrierFtrID":null,"fhdEndExtent":null,"Shape__Length":11095.067385235312,"habitatType":"stream"},"id":80},
{"type":"Feature","geometry":{"type":"LineString","coordinates":[[-121.952614,42.564373],[-121.971854,42.582099],[-121.996289,42.602961],[-121.9964,42.603615],[-122.018113,42.622107],[-122.017379,42.651346],[-122.018859,42.659868],[-122.020583,42.660944],[-122.020451,42.66948],[-122.012347,42.674132],[-122.011302,42.678073],[-122.012817,42.680845],[-122.006572,42.684109]]},"properties":{"OBJECTID":81,"fhdFtrID":79,"fhdRefID":53580,"fhdRevDt":"20190806","fhdONm":"Jay Stevens","fhdOEnt":"BLM","fhdSpNm":"BG","fhdRun":"NA","fhdLifeHst":"Resident","fhdUseTy":"ResidentMultipleUses","fhdBasis":"UndocObsFish","fhdStNm":null,"fhdGenus":"Lepomis","fhdSp":"macrochirus","fhdSubSp":null,"fhdOrig":"NonNative","fhdProd":"Natural","fhdComment":null,"fhdESH":"NA","fhdBasisD":null,"fhdNMF":"no","fhdBasisDt":"20040000","fhdBasisNm":null,"fhdBasisEnt":"BLM","fhdBasisPrj":null,"fhdBasisMethod":null,"fhdAccess":null,"fhdBarrierFtrID":null,"fhdEndExtent":null,"Shape__Length":22283.393658034878,"habitatType":"stream"},"id":81},
{"type":"Feature","geometry":{"type":"LineString","coordinates":[[-122.051892,42.55045],[-122.065898,42.535615],[-122.071093,42.536096],[-122.076384,42.534944]]},"properties":{"OBJECTID":82,"fhdFtrID":80,"fhdRefID":53580,"fhdRevDt":"20190806","fhdONm":"Jay Stevens","fhdOEnt":"BLM","fhdSpNm":"BG","fhdRun":"NA","fhdLifeHst":"Resident","fhdUseTy":"ResidentMultipleUses","fhdBasis":"UndocObsFish","fhdStNm":"Fourmile Slough","fhdGenus":"Lepomis","fhdSp":"macrochirus","fhdSubSp":null,"fhdOrig":"NonNative","fhdProd":"Natural","fhdComment":null,"fhdESH":"NA","fhdBasisD":null,"fhdNMF":"no","fhdBasisDt":"20040000","fhdBasisNm":null,"fhdBasisEnt":"BLM","fhdBasisPrj":null,"fhdBasisMethod":null,"fhdAccess":null,"fhdBarrierFtrID":null,"fhdEndExtent":null,"Shape__Length":5492.526396799831,"habitatType":"stream"},"id":82},
{"type":"Feature","geometry":{"type":"LineString","coordinates":[[-122.066874,42.428713],[-122.056267,42.434326],[-122.03135,42.441111],[-122.002395,42.447464]]},"properties":{"OBJECTID":83,"fhdFtrID":81,"fhdRefID":53580,"fhdRevDt":"20190806","fhdONm":"Jay Stevens","fhdOEnt":"BLM","fhdSpNm":"BG","fhdRun":"NA","fhdLifeHst":"Resident","fhdUseTy":"ResidentMultipleUses","fhdBasis":"UndocObsFish","fhdStNm":"Odessa Creek","fhdGenus":"Lepomis","fhdSp":"macrochirus","fhdSubSp":null,"fhdOrig":"NonNative","fhdProd":"Natural","fhdComment":null,"fhdESH":"NA","fhdBasisD":null,"fhdNMF":"no","fhdBasisDt":"20040000","fhdBasisNm":null,"fhdBasisEnt":"BLM","fhdBasisPrj":null,"fhdBasisMethod":null,"fhdAccess":null,"fhdBarrierFtrID":null,"fhdEndExtent":null,"Shape__Length":7923.846966107771,"habitatType":"stream"},"id":83},
{"type":"Feature","geometry":{"type":"LineString","coordinates":[[-122.085436,42.47035],[-122.08653,42.477349],[-122.082637,42.484466],[-122.08212,42.488862],[-122.079014,42.494973],[-122.079065,42.50249],[-122.075052,42.506066]]},"properties":{"OBJECTID":84,"fhdFtrID":82,"fhdRefID":53580,"fhdRevDt":"20190806","fhdONm":"Jay Stevens","fhdOEnt":"BLM","fhdSpNm":"BG","fhdRun":"NA","fhdLifeHst":"Resident","fhdUseTy":"ResidentMultipleUses","fhdBasis":"UndocObsFish","fhdStNm":"Recreation Creek","fhdGenus":"Lepomis","fhdSp":"macrochirus","fhdSubSp":null,"fhdOrig":"NonNative","fhdProd":"Natural","fhdComment":null,"fhdESH":"NA","fhdBasisD":null,"fhdNMF":"no","fhdBasisDt":"20040000","fhdBasisNm":null,"fhdBasisEnt":"BLM","fhdBasisPrj":null,"fhdBasisMethod":null,"fhdAccess":null,"fhdBarrierFtrID":null,"fhdEndExtent":null,"Shape__Length":6000.077724093777,"habitatType":"stream"},"id":84},
{"type":"Feature","geometry":{"type":"LineString","coordinates":[[-122.011259,42.463116],[-122.035804,42.496038],[-122.032541,42.500952],[-122.037409,42.502963],[-122.030233,42.505952],[-122.031263,42.513587],[-122.034429,42.515988],[-122.03982,42.525378],[-122.044111,42.525389],[-122.045929,42.530352]]},"properties":{"OBJECTID":85,"fhdFtrID":83,"fhdRefID":53580,"fhdRevDt":"20190806","fhdONm":"Jay Stevens","fhdOEnt":"BLM","fhdSpNm":"BG","fhdRun":"NA","fhdLifeHst":"Resident","fhdUseTy":"ResidentMultipleUses","fhdBasis":"UndocObsFish","fhdStNm":"Thomason Creek","fhdGenus":"Lepomis","fhdSp":"macrochirus","fhdSubSp":null,"fhdOrig":"NonNative","fhdProd":"Natural","fhdComment":null,"fhdESH":"NA","fhdBasisD":null,"fhdNMF":"no","fhdBasisDt":"20040000","fhdBasisNm":null,"fhdBasisEnt":"BLM","fhdBasisPrj":null,"fhdBasisMethod":null,"fhdAccess":null,"fhdBarrierFtrID":null,"fhdEndExtent":null,"Shape__Length":13420.464156683262,"habitatType":"stream"},"id":85},
{"type":"Feature","geometry":{"type":"LineString","coordinates":[[-121.802278,42.233854],[-121.807803,42.239454],[-121.81158,42.237632],[-121.826246,42.246045],[-121.851919,42.287945],[-121.859315,42.293876],[-121.862822,42.298349],[-121.86201,42.306577],[-121.858413,42.328223],[-121.86229,42.356144],[-121.872308,42.365714],[-121.891279,42.395232],[-121.920335,42.431212],[-121.949364,42.439206],[-122.002395,42.447464]]},"properties":{"OBJECTID":86,"fhdFtrID":84,"fhdRefID":53580,"fhdRevDt":"20190806","fhdONm":"Jay Stevens","fhdOEnt":"BLM","fhdSpNm":"BG","fhdRun":"NA","fhdLifeHst":"Resident","fhdUseTy":"ResidentMultipleUses","fhdBasis":"UndocObsFish","fhdStNm":null,"fhdGenus":"Lepomis","fhdSp":"macrochirus","fhdSubSp":null,"fhdOrig":"NonNative","fhdProd":"Natural","fhdComment":null,"fhdESH":"NA","fhdBasisD":null,"fhdNMF":"no","fhdBasisDt":"20040000","fhdBasisNm":null,"fhdBasisEnt":"BLM","fhdBasisPrj":null,"fhdBasisMethod":null,"fhdAccess":null,"fhdBarrierFtrID":null,"fhdEndExtent":null,"Shape__Length":43877.15307018285,"habitatType":"stream"},"id":86},
{"type":"Feature","geometry":{"type":"LineString","coordinates":[[-121.802128,42.233728],[-121.802278,42.233854]]},"properties":{"OBJECTID":87,"fhdFtrID":84,"fhdRefID":53580,"fhdRevDt":"20190806","fhdONm":"Jay Stevens","fhdOEnt":"BLM","fhdSpNm":"BG","fhdRun":"NA","fhdLifeHst":"Resident","fhdUseTy":"ResidentMultipleUses","fhdBasis":"UndocObsFish","fhdStNm":"Link River","fhdGenus":"Lepomis","fhdSp":"macrochirus","fhdSubSp":null,"fhdOrig":"NonNative","fhdProd":"Natural","fhdComment":null,"fhdESH":"NA","fhdBasisD":null,"fhdNMF":"no","fhdBasisDt":"20040000","fhdBasisNm":null,"fhdBasisEnt":"BLM","fhdBasisPrj":null,"fhdBasisMethod":null,"fhdAccess":null,"fhdBarrierFtrID":null,"fhdEndExtent":null,"Shape__Length":25.576829129616495,"habitatType":"stream"},"id":87},
{"type":"Feature","geometry":{"type":"LineString","coordinates":[[-122.053752,42.525835],[-122.046891,42.525817],[-122.045683,42.521891],[-122.048322,42.51722],[-122.04563,42.515506],[-122.048788,42.512084],[-122.045293,42.506948],[-122.037409,42.502963]]},"properties":{"OBJECTID":88,"fhdFtrID":85,"fhdRefID":53580,"fhdRevDt":"20190806","fhdONm":"Jay Stevens","fhdOEnt":"BLM","fhdSpNm":"BG","fhdRun":"NA","fhdLifeHst":"Resident","fhdUseTy":"ResidentMultipleUses","fhdBasis":"UndocObsFish","fhdStNm":"West Fork Thomason Creek","fhdGenus":"Lepomis","fhdSp":"macrochirus","fhdSubSp":null,"fhdOrig":"NonNative","fhdProd":"Natural","fhdComment":null,"fhdESH":"NA","fhdBasisD":null,"fhdNMF":"no","fhdBasisDt":"20040000","fhdBasisNm":null,"fhdBasisEnt":"BLM","fhdBasisPrj":null,"fhdBasisMethod":null,"fhdAccess":null,"fhdBarrierFtrID":null,"fhdEndExtent":null,"Shape__Length":6733.426373742495,"habitatType":"stream"},"id":88},
{"type":"Feature","geometry":{"type":"LineString","coordinates":[[-121.964545,42.686345],[-121.964311,42.67715],[-121.961711,42.669334],[-121.956919,42.662478],[-121.95351,42.653959],[-121.946378,42.647839],[-121.942971,42.63505],[-121.940138,42.629291],[-121.939615,42.623341],[-121.941176,42.618993],[-121.939333,42.616172],[-121.93963,42.610435],[-121.942231,42.609359],[-121.940202,42.603123],[-121.944811,42.601129],[-121.943188,42.595613]]},"properties":{"OBJECTID":89,"fhdFtrID":86,"fhdRefID":53580,"fhdRevDt":"20190806","fhdONm":"Jay Stevens","fhdOEnt":"BLM","fhdSpNm":"BG","fhdRun":"NA","fhdLifeHst":"Resident","fhdUseTy":"ResidentMultipleUses","fhdBasis":"UndocObsFish","fhdStNm":"Crooked Creek","fhdGenus":"Lepomis","fhdSp":"macrochirus","fhdSubSp":null,"fhdOrig":"NonNative","fhdProd":"Natural","fhdComment":null,"fhdESH":"NA","fhdBasisD":null,"fhdNMF":"no","fhdBasisDt":null,"fhdBasisNm":null,"fhdBasisEnt":null,"fhdBasisPrj":null,"fhdBasisMethod":null,"fhdAccess":null,"fhdBarrierFtrID":null,"fhdEndExtent":null,"Shape__Length":24299.073792652347,"habitatType":"stream"},"id":89},
{"type":"Feature","geometry":{"type":"LineString","coordinates":[[-121.99036,42.722705],[-121.987196,42.71682],[-121.991279,42.712086],[-121.993291,42.706222],[-121.990005,42.701882],[-121.988697,42.695174],[-121.989746,42.68571],[-121.99225,42.681828],[-121.989515,42.675687],[-121.98671,42.675683],[-121.979826,42.672238],[-121.977771,42.66894],[-121.986031,42.660394],[-121.991963,42.650171],[-121.995617,42.645377],[-121.993093,42.641832],[-121.986339,42.638135],[-121.978241,42.636157],[-121.972236,42.627886],[-121.972113,42.623951],[-121.967108,42.619138],[-121.962284,42.617108],[-121.960989,42.612673],[-121.956075,42.607486],[-121.951304,42.604877],[-121.943188,42.595613],[-121.942984,42.588791],[-121.941004,42.584101],[-121.941441,42.576477],[-121.952614,42.564373]]},"properties":{"OBJECTID":90,"fhdFtrID":88,"fhdRefID":53580,"fhdRevDt":"20190806","fhdONm":"Jay Stevens","fhdOEnt":"BLM","fhdSpNm":"BG","fhdRun":"NA","fhdLifeHst":"Resident","fhdUseTy":"ResidentMultipleUses","fhdBasis":"UndocObsFish","fhdStNm":"Wood River","fhdGenus":"Lepomis","fhdSp":"macrochirus","fhdSubSp":null,"fhdOrig":"NonNative","fhdProd":"Natural","fhdComment":null,"fhdESH":"NA","fhdBasisD":null,"fhdNMF":"no","fhdBasisDt":null,"fhdBasisNm":null,"fhdBasisEnt":null,"fhdBasisPrj":null,"fhdBasisMethod":null,"fhdAccess":null,"fhdBarrierFtrID":null,"fhdEndExtent":null,"Shape__Length":42091.88904690869,"habitatType":"stream"},"id":90},
{"type":"Feature","geometry":{"type":"MultiLineString","coordinates":[[[-122.002395,42.447464],[-122.012672,42.45734],[-122.011259,42.463116],[-122.003366,42.49798],[-122.00351,42.51278],[-121.971478,42.531781],[-121.952614,42.564373]],[[-121.99036,42.722705],[-121.98837,42.728699],[-121.988513,42.736782],[-121.980969,42.742411],[-121.981512,42.74373]]]},"properties":{"OBJECTID":91,"fhdFtrID":88,"fhdRefID":53580,"fhdRevDt":"20190806","fhdONm":"Jay Stevens","fhdOEnt":"BLM","fhdSpNm":"BG","fhdRun":"NA","fhdLifeHst":"Resident","fhdUseTy":"ResidentMultipleUses","fhdBasis":"UndocObsFish","fhdStNm":"Wood River","fhdGenus":"Lepomis","fhdSp":"macrochirus","fhdSubSp":null,"fhdOrig":"NonNative","fhdProd":"Natural","fhdComment":null,"fhdESH":"NA","fhdBasisD":null,"fhdNMF":"no","fhdBasisDt":"20040000","fhdBasisNm":null,"fhdBasisEnt":"BLM","fhdBasisPrj":null,"fhdBasisMethod":null,"fhdAccess":null,"fhdBarrierFtrID":null,"fhdEndExtent":null,"Shape__Length":26102.31595319204,"habitatType":"stream"},"id":91},
{"type":"Feature","geometry":{"type":"LineString","coordinates":[[-123.570687,42.25237],[-123.572078,42.257321],[-123.574866,42.260582],[-123.579148,42.261578],[-123.577684,42.265558],[-123.58107,42.269311],[-123.587087,42.270159],[-123.59359,42.275108]]},"properties":{"OBJECTID":92,"fhdFtrID":124,"fhdRefID":53580,"fhdRevDt":"20190806","fhdONm":"Jay Stevens","fhdOEnt":"BLM","fhdSpNm":"BG","fhdRun":"NA","fhdLifeHst":"Resident","fhdUseTy":"ResidentMultipleUses","fhdBasis":"UndocObsFish","fhdStNm":"McMullin Creek","fhdGenus":"Lepomis","fhdSp":"macrochirus","fhdSubSp":null,"fhdOrig":"NonNative","fhdProd":"Natural","fhdComment":null,"fhdESH":"NA","fhdBasisD":null,"fhdNMF":"no","fhdBasisDt":null,"fhdBasisNm":null,"fhdBasisEnt":null,"fhdBasisPrj":null,"fhdBasisMethod":null,"fhdAccess":null,"fhdBarrierFtrID":null,"fhdEndExtent":null,"Shape__Length":5901.71508933739,"habitatType":"stream"},"id":92},
{"type":"Feature","geometry":{"type":"Polygon","coordinates":[[[-122.446183,42.202573],[-122.451842,42.198689],[-122.456795,42.199817],[-122.458753,42.196891],[-122.458129,42.194967],[-122.454854,42.192403],[-122.455095,42.188303],[-122.456272,42.186391],[-122.465093,42.180069],[-122.468314,42.176963],[-122.468587,42.172378],[-122.46226,42.171143],[-122.456602,42.173078],[-122.456472,42.178381],[-122.453576,42.181331],[-122.449532,42.181668],[-122.440758,42.185651],[-122.438882,42.187832],[-122.440217,42.189358],[-122.445033,42.188629],[-122.442846,42.194585],[-122.445905,42.195779],[-122.444527,42.200274],[-122.446183,42.202573]]]},"properties":{"OBJECTID":1,"fhdFtrID":1,"fhdRefID":53684,"fhdRevDt":"20190201","fhdONm":"Peter Robinson","fhdOEnt":"ODFW","fhdSpNm":"BG","fhdRun":"NA","fhdLifeHst":"Resident","fhdUseTy":"ResidentMultipleUses","fhdBasis":"UndocObsFish","fhdStNm":"Hyatt Reservoir","fhdGenus":"Lepomis","fhdSp":"macrochirus","fhdSubSp":null,"fhdOrig":"NonNative","fhdProd":"Natural","fhdComment":null,"fhdESH":"NA","fhdBasisD":null,"fhdNMF":"no","fhdBasisDt":null,"fhdBasisNm":null,"fhdBasisEnt":null,"fhdBasisPrj":null,"fhdBasisMethod":null,"fhdAccess":null,"fhdBarrierFtrID":null,"fhdEndExtent":null,"Shape__Area":5970134.58451086,"Shape__Length":16727.218299607943,"habitatType":"lake"},"id":93},
{"type":"Feature","geometry":{"type":"Polygon","coordinates":[[[-121.004501,42.468634],[-121.00066,42.468171],[-120.995984,42.470232],[-120.999251,42.47228],[-121.002705,42.471935],[-121.006595,42.472795],[-121.006961,42.470838],[-121.004501,42.468634]]]},"properties":{"OBJECTID":2,"fhdFtrID":2,"fhdRefID":53684,"fhdRevDt":"20190201","fhdONm":"Peter Robinson","fhdOEnt":"ODFW","fhdSpNm":"BG","fhdRun":"NA","fhdLifeHst":"Resident","fhdUseTy":"ResidentMultipleUses","fhdBasis":"UndocObsFish","fhdStNm":"Obenchain Reservoir","fhdGenus":"Lepomis","fhdSp":"macrochirus","fhdSubSp":null,"fhdOrig":"NonNative","fhdProd":"Natural","fhdComment":null,"fhdESH":"NA","fhdBasisD":null,"fhdNMF":"no","fhdBasisDt":null,"fhdBasisNm":null,"fhdBasisEnt":null,"fhdBasisPrj":null,"fhdBasisMethod":null,"fhdAccess":null,"fhdBarrierFtrID":null,"fhdEndExtent":null,"Shape__Area":530471.93722295,"Shape__Length":3390.1782571089802,"habitatType":"lake"},"id":94},
{"type":"Feature","geometry":{"type":"Polygon","coordinates":[[[-121.112488,42.016444],[-121.114262,42.017027],[-121.114993,42.019684],[-121.117359,42.022531],[-121.119198,42.021043],[-121.119769,42.018167],[-121.116909,42.01269],[-121.117209,42.010654],[-121.115999,42.007608],[-121.112258,42.005255],[-121.112234,42.003291],[-121.109571,42.003154],[-121.100974,41.997948],[-121.104133,42.004797],[-121.103267,42.008272],[-121.104939,42.009824],[-121.103454,42.011614],[-121.098205,42.010117],[-121.09733,42.011506],[-121.097906,42.015271],[-121.105621,42.016735],[-121.10545,42.014248],[-121.112488,42.016444]]]},"properties":{"OBJECTID":3,"fhdFtrID":3,"fhdRefID":53684,"fhdRevDt":"20190201","fhdONm":"Peter Robinson","fhdOEnt":"ODFW","fhdSpNm":"BG","fhdRun":"NA","fhdLifeHst":"Resident","fhdUseTy":"ResidentMultipleUses","fhdBasis":"UndocObsFish","fhdStNm":"Willow Valley Reservoir","fhdGenus":"Lepomis","fhdSp":"macrochirus","fhdSubSp":null,"fhdOrig":"NonNative","fhdProd":"Natural","fhdComment":null,"fhdESH":"NA","fhdBasisD":null,"fhdNMF":"no","fhdBasisDt":null,"fhdBasisNm":null,"fhdBasisEnt":null,"fhdBasisPrj":null,"fhdBasisMethod":null,"fhdAccess":null,"fhdBarrierFtrID":null,"fhdEndExtent":null,"Shape__Area":3984589.57296903,"Shape__Length":14973.395195935786,"habitatType":"lake"},"id":95},
{"type":"Feature","geometry":{"type":"Polygon","coordinates":[[[-122.014939,42.150056],[-122.017447,42.150788],[-122.021705,42.150639],[-122.026448,42.149512],[-122.03491,42.149821],[-122.036696,42.147615],[-122.037989,42.143267],[-122.035837,42.1391],[-122.033131,42.136766],[-122.030999,42.137984],[-122.033491,42.140022],[-122.033939,42.143102],[-122.03624,42.144694],[-122.034483,42.148718],[-122.028699,42.148046],[-122.024804,42.148347],[-122.021087,42.149927],[-122.014939,42.150056]]]},"properties":{"OBJECTID":4,"fhdFtrID":4,"fhdRefID":53684,"fhdRevDt":"20190201","fhdONm":"Peter Robinson","fhdOEnt":"ODFW","fhdSpNm":"BG","fhdRun":"NA","fhdLifeHst":"Resident","fhdUseTy":"ResidentMultipleUses","fhdBasis":"UndocObsFish","fhdStNm":"John C Boyle Reservoir","fhdGenus":"Lepomis","fhdSp":"macrochirus","fhdSubSp":null,"fhdOrig":"NonNative","fhdProd":"Natural","fhdComment":null,"fhdESH":"NA","fhdBasisD":null,"fhdNMF":"no","fhdBasisDt":null,"fhdBasisNm":null,"fhdBasisEnt":null,"fhdBasisPrj":null,"fhdBasisMethod":null,"fhdAccess":null,"fhdBarrierFtrID":null,"fhdEndExtent":null,"Shape__Area":1352961.49781106,"Shape__Length":15250.925992162362,"habitatType":"lake"},"id":96},
{"type":"Feature","geometry":{"type":"Polygon","coordinates":[[[-116.701875,45.236909],[-116.700389,45.242403],[-116.702999,45.243297],[-116.706749,45.237817],[-116.705282,45.234058],[-116.706655,45.227379],[-116.710882,45.221827],[-116.711583,45.215194],[-116.709814,45.210951],[-116.709968,45.204311],[-116.710942,45.201575],[-116.715638,45.193619],[-116.717666,45.186338],[-116.721826,45.179636],[-116.726524,45.174467],[-116.726851,45.172399],[-116.725341,45.161835],[-116.728725,45.156556],[-116.730448,45.150976],[-116.731245,45.14272],[-116.732493,45.14085],[-116.745554,45.134235],[-116.746985,45.132522],[-116.746461,45.12774],[-116.753559,45.123023],[-116.755268,45.115055],[-116.759314,45.112198],[-116.767405,45.11022],[-116.775547,45.10696],[-116.780236,45.101232],[-116.784584,45.094352],[-116.785218,45.091397],[-116.785297,45.084265],[-116.786609,45.080008],[-116.78502,45.07846],[-116.788771,45.073694],[-116.791102,45.072049],[-116.79675,45.06478],[-116.797708,45.061286],[-116.801784,45.057761],[-116.805915,45.055396],[-116.810876,45.051391],[-116.812392,45.051133],[-116.8212,45.045006],[-116.826005,45.039425],[-116.832989,45.035776],[-116.842809,45.03143],[-116.844175,45.028286],[-116.849371,45.022797],[-116.849632,45.020435],[-116.846883,45.018081],[-116.845708,45.014351],[-116.848953,45.011915],[-116.846531,45.008125],[-116.845376,45.002036],[-116.848563,44.998655],[-116.852852,44.992643],[-116.856176,44.986222],[-116.858615,44.984408],[-116.859525,44.98009],[-116.858809,44.977019],[-116.85375,44.972117],[-116.8481,44.970874],[-116.843853,44.974939],[-116.838902,44.982263],[-116.836832,44.983574],[-116.83081,44.984394],[-116.826688,44.982595],[-116.831431,44.975655],[-116.834785,44.973404],[-116.833026,44.972159],[-116.830327,44.976543],[-116.827986,44.978655],[-116.825428,44.984074],[-116.83268,44.985385],[-116.838623,44.98449],[-116.840464,44.98354],[-116.845546,44.975361],[-116.849841,44.972385],[-116.853046,44.973103],[-116.857872,44.978334],[-116.856532,44.983405],[-116.851731,44.991463],[-116.848622,44.994444],[-116.847899,44.996451],[-116.844369,45.000356],[-116.843388,45.005459],[-116.844127,45.009536],[-116.845913,45.011691],[-116.843666,45.015845],[-116.845154,45.018185],[-116.846554,45.023173],[-116.842912,45.026373],[-116.841847,45.029213],[-116.83828,45.031402],[-116.834988,45.032145],[-116.823985,45.037644],[-116.820117,45.042217],[-116.817739,45.043107],[-116.816186,45.045822],[-116.807442,45.050415],[-116.796455,45.058499],[-116.794025,45.063958],[-116.791932,45.06517],[-116.786959,45.072224],[-116.782268,45.075597],[-116.78128,45.078634],[-116.782619,45.081341],[-116.782816,45.087908],[-116.78242,45.094007],[-116.776922,45.100198],[-116.774138,45.104613],[-116.765428,45.108669],[-116.759013,45.110631],[-116.753252,45.113273],[-116.750634,45.118783],[-116.745399,45.121653],[-116.740604,45.125974],[-116.740405,45.129702],[-116.736842,45.131556],[-116.733119,45.136774],[-116.728866,45.139904],[-116.727233,45.142832],[-116.727512,45.14495],[-116.726092,45.149239],[-116.72662,45.155042],[-116.723763,45.159108],[-116.722278,45.164702],[-116.723284,45.172031],[-116.720275,45.178483],[-116.717586,45.180926],[-116.715866,45.184205],[-116.712708,45.194925],[-116.70876,45.198754],[-116.706602,45.205514],[-116.706513,45.207782],[-116.708258,45.21641],[-116.702762,45.228063],[-116.701875,45.236909]]]},"properties":{"OBJECTID":5,"fhdFtrID":5,"fhdRefID":53684,"fhdRevDt":"20190212","fhdONm":"Peter Robinson","fhdOEnt":"ODFW","fhdSpNm":"BG","fhdRun":"NA","fhdLifeHst":"Resident","fhdUseTy":"ResidentMultipleUses","fhdBasis":"UndocObsFish","fhdStNm":"Hells Canyon Reservoir","fhdGenus":"Lepomis","fhdSp":"macrochirus","fhdSubSp":null,"fhdOrig":"NonNative","fhdProd":"Natural","fhdComment":null,"fhdESH":"NA","fhdBasisD":null,"fhdNMF":"no","fhdBasisDt":null,"fhdBasisNm":null,"fhdBasisEnt":null,"fhdBasisPrj":null,"fhdBasisMethod":null,"fhdAccess":null,"fhdBarrierFtrID":null,"fhdEndExtent":null,"Shape__Area":18695910.95635435,"Shape__Length":121775.12852254763,"habitatType":"lake"},"id":97},
{"type":"Feature","geometry":{"type":"Polygon","coordinates":[[[-120.949921,42.844155],[-120.94858,42.845923],[-120.951218,42.84647],[-120.951725,42.8448],[-120.949921,42.844155]]]},"properties":{"OBJECTID":6,"fhdFtrID":6,"fhdRefID":53684,"fhdRevDt":"20190213","fhdONm":"Peter Robinson","fhdOEnt":"ODFW","fhdSpNm":"BG","fhdRun":"NA","fhdLifeHst":"Resident","fhdUseTy":"ResidentMultipleUses","fhdBasis":"UndocObsFish","fhdStNm":"Emigrant Lake","fhdGenus":"Lepomis","fhdSp":"macrochirus","fhdSubSp":null,"fhdOrig":"NonNative","fhdProd":"Natural","fhdComment":null,"fhdESH":"NA","fhdBasisD":null,"fhdNMF":"no","fhdBasisDt":null,"fhdBasisNm":null,"fhdBasisEnt":null,"fhdBasisPrj":null,"fhdBasisMethod":null,"fhdAccess":null,"fhdBarrierFtrID":null,"fhdEndExtent":null,"Shape__Area":111703.2045471,"Shape__Length":1260.1597069588815,"habitatType":"lake"},"id":98},
{"type":"Feature","geometry":{"type":"Polygon","coordinates":[[[-120.700357,42.077016],[-120.698093,42.07929],[-120.700312,42.084558],[-120.701054,42.089143],[-120.700129,42.09283],[-120.703506,42.091862],[-120.703413,42.087799],[-120.701978,42.085627],[-120.704013,42.082907],[-120.702763,42.081216],[-120.702671,42.077842],[-120.704196,42.076634],[-120.708774,42.07591],[-120.711453,42.07188],[-120.712607,42.067467],[-120.710112,42.067021],[-120.708909,42.068884],[-120.708911,42.072189],[-120.705535,42.0725],[-120.700357,42.077016]]]},"properties":{"OBJECTID":7,"fhdFtrID":7,"fhdRefID":53684,"fhdRevDt":"20190125","fhdONm":"Peter Robinson","fhdOEnt":"ODFW","fhdSpNm":"BG","fhdRun":"NA","fhdLifeHst":"Resident","fhdUseTy":"ResidentMultipleUses","fhdBasis":"UndocObsFish","fhdStNm":"Dog Lake Reservoir","fhdGenus":"Lepomis","fhdSp":"macrochirus","fhdSubSp":null,"fhdOrig":"NonNative","fhdProd":"Natural","fhdComment":null,"fhdESH":"NA","fhdBasisD":null,"fhdNMF":"no","fhdBasisDt":null,"fhdBasisNm":null,"fhdBasisEnt":null,"fhdBasisPrj":null,"fhdBasisMethod":null,"fhdAccess":null,"fhdBarrierFtrID":null,"fhdEndExtent":null,"Shape__Area":1530876.210822425,"Shape__Length":10689.19454115802,"habitatType":"lake"},"id":99},
{"type":"Feature","geometry":{"type":"Polygon","coordinates":[[[-116.948457,44.035361],[-116.949903,44.035378],[-116.949971,44.035015],[-116.948328,44.034895],[-116.948457,44.035361]]]},"properties":{"OBJECTID":8,"fhdFtrID":8,"fhdRefID":53684,"fhdRevDt":"20190214","fhdONm":"Peter Robinson","fhdOEnt":"ODFW","fhdSpNm":"BG","fhdRun":"NA","fhdLifeHst":"Resident","fhdUseTy":"ResidentMultipleUses","fhdBasis":"UndocObsFish","fhdStNm":"Beckers Pond ","fhdGenus":"Lepomis","fhdSp":"macrochirus","fhdSubSp":null,"fhdOrig":"NonNative","fhdProd":"Natural","fhdComment":null,"fhdESH":"NA","fhdBasisD":null,"fhdNMF":"no","fhdBasisDt":null,"fhdBasisNm":null,"fhdBasisEnt":null,"fhdBasisPrj":null,"fhdBasisMethod":null,"fhdAccess":null,"fhdBarrierFtrID":null,"fhdEndExtent":null,"Shape__Area":12889.26998705,"Shape__Length":531.6161735633075,"habitatType":"lake"},"id":100},
{"type":"Feature","geometry":{"type":"Polygon","coordinates":[[[-116.837628,44.968133],[-116.834555,44.969631],[-116.836998,44.971282],[-116.842231,44.968409],[-116.845592,44.96818],[-116.852068,44.964849],[-116.85394,44.961655],[-116.849957,44.95272],[-116.846719,44.950222],[-116.842704,44.944131],[-116.835297,44.936955],[-116.833737,44.932911],[-116.834506,44.929915],[-116.838241,44.926814],[-116.839642,44.924404],[-116.840047,44.920011],[-116.842946,44.916208],[-116.844918,44.908694],[-116.849151,44.903343],[-116.851011,44.899088],[-116.854194,44.887875],[-116.857748,44.88472],[-116.858653,44.882228],[-116.865413,44.874904],[-116.865877,44.871758],[-116.867851,44.870023],[-116.878221,44.866415],[-116.879752,44.8627],[-116.884872,44.858346],[-116.894041,44.855419],[-116.88932,44.854375],[-116.884102,44.856759],[-116.881507,44.859282],[-116.876442,44.862539],[-116.872462,44.86602],[-116.868336,44.868772],[-116.863507,44.87109],[-116.861495,44.873725],[-116.860666,44.877117],[-116.858651,44.877835],[-116.854778,44.882538],[-116.854888,44.884068],[-116.850518,44.889122],[-116.850508,44.893038],[-116.848156,44.896545],[-116.848414,44.899453],[-116.844108,44.904029],[-116.841191,44.909778],[-116.840341,44.914683],[-116.837675,44.916587],[-116.835831,44.923408],[-116.833552,44.926825],[-116.831661,44.927786],[-116.830588,44.9308],[-116.830743,44.934167],[-116.833429,44.938744],[-116.834569,44.943085],[-116.836471,44.943114],[-116.839868,44.947566],[-116.845472,44.951715],[-116.843983,44.953693],[-116.849386,44.957932],[-116.850139,44.96075],[-116.846948,44.96378],[-116.843091,44.964449],[-116.840574,44.96693],[-116.837628,44.968133]]]},"properties":{"OBJECTID":9,"fhdFtrID":9,"fhdRefID":53684,"fhdRevDt":"20190201","fhdONm":"Peter Robinson","fhdOEnt":"ODFW","fhdSpNm":"BG","fhdRun":"NA","fhdLifeHst":"Resident","fhdUseTy":"ResidentMultipleUses","fhdBasis":"UndocObsFish","fhdStNm":"Oxbow Reservoir","fhdGenus":"Lepomis","fhdSp":"macrochirus","fhdSubSp":null,"fhdOrig":"NonNative","fhdProd":"Natural","fhdComment":null,"fhdESH":"NA","fhdBasisD":null,"fhdNMF":"no","fhdBasisDt":null,"fhdBasisNm":null,"fhdBasisEnt":null,"fhdBasisPrj":null,"fhdBasisMethod":null,"fhdAccess":null,"fhdBarrierFtrID":null,"fhdEndExtent":null,"Shape__Area":8922295.49513655,"Shape__Length":57451.92246342264,"habitatType":"lake"},"id":101},
{"type":"Feature","geometry":{"type":"Polygon","coordinates":[[[-118.248039,43.667104],[-118.254624,43.667138],[-118.255385,43.662298],[-118.253338,43.660052],[-118.256016,43.658435],[-118.25567,43.656113],[-118.260509,43.654332],[-118.260325,43.649024],[-118.259148,43.646752],[-118.260028,43.643256],[-118.262604,43.643658],[-118.267647,43.641207],[-118.261647,43.641188],[-118.257089,43.641866],[-118.251583,43.639053],[-118.248857,43.639256],[-118.244291,43.637606],[-118.242846,43.635604],[-118.243486,43.633825],[-118.241897,43.631263],[-118.249364,43.626462],[-118.248889,43.6235],[-118.252798,43.62072],[-118.254474,43.621905],[-118.256803,43.619964],[-118.252286,43.619439],[-118.248418,43.620301],[-118.249457,43.617579],[-118.24869,43.61344],[-118.252293,43.612306],[-118.25416,43.610709],[-118.257785,43.611012],[-118.259327,43.610042],[-118.257713,43.607604],[-118.255198,43.607071],[-118.255624,43.604025],[-118.259905,43.605229],[-118.259182,43.60255],[-118.26009,43.60058],[-118.258936,43.598719],[-118.25992,43.596656],[-118.255796,43.596824],[-118.255269,43.595134],[-118.25104,43.595996],[-118.24374,43.60307],[-118.241497,43.602912],[-118.241131,43.599844],[-118.239491,43.59844],[-118.239549,43.595356],[-118.242824,43.59233],[-118.243788,43.590068],[-118.249932,43.588132],[-118.245537,43.587071],[-118.238449,43.589423],[-118.235393,43.591538],[-118.231421,43.591748],[-118.231306,43.589393],[-118.233585,43.587987],[-118.23743,43.581438],[-118.241084,43.580547],[-118.241353,43.578231],[-118.236074,43.575061],[-118.23551,43.577564],[-118.232476,43.578938],[-118.232887,43.583224],[-118.230292,43.585804],[-118.223957,43.586701],[-118.218235,43.588728],[-118.213682,43.588625],[-118.209324,43.585245],[-118.205881,43.586848],[-118.206555,43.590964],[-118.208684,43.592309],[-118.205831,43.594746],[-118.212606,43.598345],[-118.21531,43.598772],[-118.219571,43.602075],[-118.216346,43.602394],[-118.217287,43.610813],[-118.224482,43.616848],[-118.222617,43.618594],[-118.225136,43.622698],[-118.225203,43.625715],[-118.227243,43.627158],[-118.229346,43.630686],[-118.231727,43.631135],[-118.235009,43.634817],[-118.23523,43.636672],[-118.238868,43.640742],[-118.24139,43.647256],[-118.245609,43.648802],[-118.249355,43.652949],[-118.250831,43.655604],[-118.249725,43.659831],[-118.252383,43.662],[-118.252554,43.665288],[-118.248028,43.664541],[-118.248039,43.667104]]]},"properties":{"OBJECTID":10,"fhdFtrID":10,"fhdRefID":53684,"fhdRevDt":"20190219","fhdONm":"Peter Robinson","fhdOEnt":"ODFW","fhdSpNm":"BG","fhdRun":"NA","fhdLifeHst":"Resident","fhdUseTy":"ResidentMultipleUses","fhdBasis":"UndocObsFish","fhdStNm":"Warm Springs Reservoir","fhdGenus":"Lepomis","fhdSp":"macrochirus","fhdSubSp":null,"fhdOrig":"NonNative","fhdProd":"Natural","fhdComment":null,"fhdESH":"NA","fhdBasisD":null,"fhdNMF":"no","fhdBasisDt":null,"fhdBasisNm":null,"fhdBasisEnt":null,"fhdBasisPrj":null,"fhdBasisMethod":null,"fhdAccess":null,"fhdBarrierFtrID":null,"fhdEndExtent":null,"Shape__Area":31964369.911938075,"Shape__Length":71794.61772522835,"habitatType":"lake"},"id":102},
{"type":"Feature","geometry":{"type":"Polygon","coordinates":[[[-118.884331,46.251069],[-118.894694,46.249798],[-118.904501,46.247668],[-118.910659,46.246985],[-118.928092,46.243623],[-118.931895,46.243442],[-118.953761,46.240942],[-118.96127,46.241821],[-118.969041,46.241287],[-118.97817,46.239869],[-118.986199,46.237349],[-118.997608,46.232799],[-119.005997,46.230011],[-119.009619,46.227704],[-119.011985,46.224551],[-119.0197,46.220676],[-119.023368,46.218133],[-119.032357,46.209535],[-119.033953,46.208455],[-119.036475,46.203558],[-119.037298,46.200442],[-119.039017,46.198348],[-119.035458,46.19433],[-119.035269,46.192694],[-119.032362,46.189711],[-119.027243,46.192465],[-119.029081,46.194357],[-119.030984,46.198383],[-119.026919,46.200429],[-119.027297,46.202832],[-119.025281,46.205688],[-119.026899,46.206659],[-119.022409,46.21137],[-119.019732,46.210047],[-119.01804,46.211483],[-119.020385,46.214018],[-119.017587,46.214785],[-119.012338,46.218107],[-119.003753,46.221854],[-118.994248,46.224789],[-118.98759,46.228622],[-118.985339,46.229341],[-118.978269,46.234427],[-118.974065,46.23589],[-118.968563,46.235539],[-118.956162,46.236544],[-118.951087,46.236276],[-118.931516,46.239871],[-118.917468,46.241048],[-118.914479,46.242043],[-118.908954,46.24187],[-118.904233,46.242902],[-118.903016,46.24412],[-118.896429,46.245966],[-118.884253,46.247612],[-118.880071,46.247483],[-118.880197,46.250481],[-118.884331,46.251069]],[[-118.994437,46.231293],[-118.989375,46.234365],[-118.987389,46.233238],[-118.99095,46.23044],[-118.994437,46.231293]],[[-118.913531,46.243467],[-118.903118,46.245036],[-118.90485,46.243504],[-118.910163,46.242606],[-118.913531,46.243467]]]},"properties":{"OBJECTID":11,"fhdFtrID":11,"fhdRefID":53684,"fhdRevDt":"20190214","fhdONm":"Peter Robinson","fhdOEnt":"ODFW","fhdSpNm":"BG","fhdRun":"NA","fhdLifeHst":"Resident","fhdUseTy":"ResidentMultipleUses","fhdBasis":"UndocObsFish","fhdStNm":"Lake Wallula","fhdGenus":"Lepomis","fhdSp":"macrochirus","fhdSubSp":null,"fhdOrig":"NonNative","fhdProd":"Natural","fhdComment":null,"fhdESH":"NA","fhdBasisD":null,"fhdNMF":"no","fhdBasisDt":null,"fhdBasisNm":null,"fhdBasisEnt":null,"fhdBasisPrj":null,"fhdBasisMethod":null,"fhdAccess":null,"fhdBarrierFtrID":null,"fhdEndExtent":null,"Shape__Area":16630197.08352501,"Shape__Length":80679.66388100637,"habitatType":"lake"},"id":103},
{"type":"Feature","geometry":{"type":"Polygon","coordinates":[[[-119.133022,45.873813],[-119.137419,45.873788],[-119.141041,45.872044],[-119.146161,45.870889],[-119.157523,45.869807],[-119.161473,45.868881],[-119.165131,45.870242],[-119.168549,45.864554],[-119.171265,45.865712],[-119.173644,45.862679],[-119.17286,45.859355],[-119.175106,45.855489],[-119.173269,45.853645],[-119.168458,45.851972],[-119.165388,45.853551],[-119.162147,45.851845],[-119.158512,45.853489],[-119.157632,45.856133],[-119.154053,45.854136],[-119.150216,45.852999],[-119.146573,45.853705],[-119.142948,45.851987],[-119.139881,45.849019],[-119.133728,45.848369],[-119.131363,45.850864],[-119.133387,45.852516],[-119.136761,45.853351],[-119.141099,45.857954],[-119.141276,45.861421],[-119.136689,45.864447],[-119.133934,45.86433],[-119.133617,45.866689],[-119.131409,45.869194],[-119.126134,45.870011],[-119.126938,45.872489],[-119.133022,45.873813]]]},"properties":{"OBJECTID":12,"fhdFtrID":12,"fhdRefID":53684,"fhdRevDt":"20190214","fhdONm":"Peter Robinson","fhdOEnt":"ODFW","fhdSpNm":"BG","fhdRun":"NA","fhdLifeHst":"Resident","fhdUseTy":"ResidentMultipleUses","fhdBasis":"UndocObsFish","fhdStNm":"Cold Springs Reservoir","fhdGenus":"Lepomis","fhdSp":"macrochirus","fhdSubSp":null,"fhdOrig":"NonNative","fhdProd":"Natural","fhdComment":null,"fhdESH":"NA","fhdBasisD":null,"fhdNMF":"no","fhdBasisDt":null,"fhdBasisNm":null,"fhdBasisEnt":null,"fhdBasisPrj":null,"fhdBasisMethod":null,"fhdAccess":null,"fhdBarrierFtrID":null,"fhdEndExtent":null,"Shape__Area":12015915.16537001,"Shape__Length":27144.181979585923,"habitatType":"lake"},"id":104},
{"type":"Feature","geometry":{"type":"Polygon","coordinates":[[[-119.887269,44.988189],[-119.887244,44.990437],[-119.89005,44.990049],[-119.887269,44.988189]]]},"properties":{"OBJECTID":13,"fhdFtrID":13,"fhdRefID":53684,"fhdRevDt":"20190214","fhdONm":"Peter Robinson","fhdOEnt":"ODFW","fhdSpNm":"BG","fhdRun":"NA","fhdLifeHst":"Resident","fhdUseTy":"ResidentMultipleUses","fhdBasis":"UndocObsFish","fhdStNm":"Wineland Lake ","fhdGenus":"Lepomis","fhdSp":"macrochirus","fhdSubSp":null,"fhdOrig":"NonNative","fhdProd":"Natural","fhdComment":null,"fhdESH":"NA","fhdBasisD":null,"fhdNMF":"no","fhdBasisDt":null,"fhdBasisNm":null,"fhdBasisEnt":null,"fhdBasisPrj":null,"fhdBasisMethod":null,"fhdAccess":null,"fhdBarrierFtrID":null,"fhdEndExtent":null,"Shape__Area":106885.74249318,"Shape__Length":1467.3564731871345,"habitatType":"lake"},"id":105},
{"type":"Feature","geometry":{"type":"Polygon","coordinates":[[[-121.386834,45.223923],[-121.390618,45.220174],[-121.387313,45.217056],[-121.384487,45.218491],[-121.382947,45.22305],[-121.386834,45.223923]]]},"properties":{"OBJECTID":14,"fhdFtrID":14,"fhdRefID":53684,"fhdRevDt":"20190214","fhdONm":"Peter Robinson","fhdOEnt":"ODFW","fhdSpNm":"BG","fhdRun":"NA","fhdLifeHst":"Resident","fhdUseTy":"ResidentMultipleUses","fhdBasis":"UndocObsFish","fhdStNm":"Rock Creek Reservoir","fhdGenus":"Lepomis","fhdSp":"macrochirus","fhdSubSp":null,"fhdOrig":"NonNative","fhdProd":"Natural","fhdComment":null,"fhdESH":"NA","fhdBasisD":null,"fhdNMF":"no","fhdBasisDt":null,"fhdBasisNm":null,"fhdBasisEnt":null,"fhdBasisPrj":null,"fhdBasisMethod":null,"fhdAccess":null,"fhdBarrierFtrID":null,"fhdEndExtent":null,"Shape__Area":717711.499852895,"Shape__Length":4316.272082072748,"habitatType":"lake"},"id":106},
{"type":"Feature","geometry":{"type":"Polygon","coordinates":[[[-121.322528,45.695857],[-121.326239,45.69645],[-121.331883,45.696048],[-121.329706,45.694178],[-121.322246,45.69414],[-121.322528,45.695857]]]},"properties":{"OBJECTID":15,"fhdFtrID":15,"fhdRefID":53684,"fhdRevDt":"20190214","fhdONm":"Peter Robinson","fhdOEnt":"ODFW","fhdSpNm":"BG","fhdRun":"NA","fhdLifeHst":"Resident","fhdUseTy":"ResidentMultipleUses","fhdBasis":"UndocObsFish","fhdStNm":"McClure Lake","fhdGenus":"Lepomis","fhdSp":"macrochirus","fhdSubSp":null,"fhdOrig":"NonNative","fhdProd":"Natural","fhdComment":null,"fhdESH":"NA","fhdBasisD":null,"fhdNMF":"no","fhdBasisDt":null,"fhdBasisNm":null,"fhdBasisEnt":null,"fhdBasisPrj":null,"fhdBasisMethod":null,"fhdAccess":null,"fhdBarrierFtrID":null,"fhdEndExtent":null,"Shape__Area":447526.444337235,"Shape__Length":4336.19005930949,"habitatType":"lake"},"id":107},
{"type":"Feature","geometry":{"type":"Polygon","coordinates":[[[-119.615968,45.831312],[-119.616901,45.831038],[-119.61822,45.832002],[-119.619749,45.831464],[-119.623115,45.831506],[-119.623223,45.830398],[-119.621208,45.83114],[-119.618682,45.831607],[-119.617324,45.830456],[-119.615968,45.831312]]]},"properties":{"OBJECTID":16,"fhdFtrID":16,"fhdRefID":53684,"fhdRevDt":"20190214","fhdONm":"Peter Robinson","fhdOEnt":"ODFW","fhdSpNm":"BG","fhdRun":"NA","fhdLifeHst":"Resident","fhdUseTy":"ResidentMultipleUses","fhdBasis":"UndocObsFish","fhdStNm":"Boardman Pond #2","fhdGenus":"Lepomis","fhdSp":"macrochirus","fhdSubSp":null,"fhdOrig":"NonNative","fhdProd":"Natural","fhdComment":null,"fhdESH":"NA","fhdBasisD":null,"fhdNMF":"no","fhdBasisDt":null,"fhdBasisNm":null,"fhdBasisEnt":null,"fhdBasisPrj":null,"fhdBasisMethod":null,"fhdAccess":null,"fhdBarrierFtrID":null,"fhdEndExtent":null,"Shape__Area":102926.294698505,"Shape__Length":3335.3983001791394,"habitatType":"lake"},"id":108},
{"type":"Feature","geometry":{"type":"Polygon","coordinates":[[[-121.297735,45.252898],[-121.301219,45.253589],[-121.304811,45.251599],[-121.30142,45.249846],[-121.297448,45.246718],[-121.296423,45.244786],[-121.291331,45.242072],[-121.289274,45.243985],[-121.284987,45.245397],[-121.289967,45.248028],[-121.292278,45.252123],[-121.297735,45.252898]]]},"properties":{"OBJECTID":17,"fhdFtrID":17,"fhdRefID":53684,"fhdRevDt":"20190214","fhdONm":"Peter Robinson","fhdOEnt":"ODFW","fhdSpNm":"BG","fhdRun":"NA","fhdLifeHst":"Resident","fhdUseTy":"ResidentMultipleUses","fhdBasis":"UndocObsFish","fhdStNm":"Pine Hollow Reservoir","fhdGenus":"Lepomis","fhdSp":"macrochirus","fhdSubSp":null,"fhdOrig":"NonNative","fhdProd":"Natural","fhdComment":null,"fhdESH":"NA","fhdBasisD":null,"fhdNMF":"no","fhdBasisDt":null,"fhdBasisNm":null,"fhdBasisEnt":null,"fhdBasisPrj":null,"fhdBasisMethod":null,"fhdAccess":null,"fhdBarrierFtrID":null,"fhdEndExtent":null,"Shape__Area":1854772.23950116,"Shape__Length":7283.188145074788,"habitatType":"lake"},"id":109},
{"type":"Feature","geometry":{"type":"Polygon","coordinates":[[[-121.205214,45.645436],[-121.208548,45.643508],[-121.207687,45.641946],[-121.204556,45.644363],[-121.205214,45.645436]]]},"properties":{"OBJECTID":18,"fhdFtrID":18,"fhdRefID":53684,"fhdRevDt":"20190214","fhdONm":"Peter Robinson","fhdOEnt":"ODFW","fhdSpNm":"BG","fhdRun":"NA","fhdLifeHst":"Resident","fhdUseTy":"ResidentMultipleUses","fhdBasis":"UndocObsFish","fhdStNm":"Taylor Lake","fhdGenus":"Lepomis","fhdSp":"macrochirus","fhdSubSp":null,"fhdOrig":"NonNative","fhdProd":"Natural","fhdComment":null,"fhdESH":"NA","fhdBasisD":null,"fhdNMF":"no","fhdBasisDt":null,"fhdBasisNm":null,"fhdBasisEnt":null,"fhdBasisPrj":null,"fhdBasisMethod":null,"fhdAccess":null,"fhdBarrierFtrID":null,"fhdEndExtent":null,"Shape__Area":208136.427824205,"Shape__Length":3751.9617307708504,"habitatType":"lake"},"id":110},
{"type":"Feature","geometry":{"type":"Polygon","coordinates":[[[-121.170478,44.266159],[-121.169402,44.266861],[-121.170196,44.267426],[-121.171395,44.26696],[-121.170478,44.266159]]]},"properties":{"OBJECTID":19,"fhdFtrID":19,"fhdRefID":53684,"fhdRevDt":"20190214","fhdONm":"Peter Robinson","fhdOEnt":"ODFW","fhdSpNm":"BG","fhdRun":"NA","fhdLifeHst":"Resident","fhdUseTy":"ResidentMultipleUses","fhdBasis":"UndocObsFish","fhdStNm":"Lions Pond","fhdGenus":"Lepomis","fhdSp":"macrochirus","fhdSubSp":null,"fhdOrig":"NonNative","fhdProd":"Natural","fhdComment":null,"fhdESH":"NA","fhdBasisD":null,"fhdNMF":"no","fhdBasisDt":null,"fhdBasisNm":null,"fhdBasisEnt":null,"fhdBasisPrj":null,"fhdBasisMethod":null,"fhdAccess":null,"fhdBarrierFtrID":null,"fhdEndExtent":null,"Shape__Area":29725.937130845,"Shape__Length":699.65283502407,"habitatType":"lake"},"id":111},
{"type":"Feature","geometry":{"type":"Polygon","coordinates":[[[-121.153526,44.499338],[-121.157009,44.497967],[-121.155955,44.496572],[-121.160058,44.494987],[-121.158907,44.491768],[-121.155065,44.492897],[-121.147879,44.492763],[-121.146848,44.491449],[-121.142106,44.490239],[-121.141608,44.491439],[-121.144626,44.497814],[-121.150012,44.499389],[-121.153526,44.499338]]]},"properties":{"OBJECTID":20,"fhdFtrID":20,"fhdRefID":53684,"fhdRevDt":"20190214","fhdONm":"Peter Robinson","fhdOEnt":"ODFW","fhdSpNm":"BG","fhdRun":"NA","fhdLifeHst":"Resident","fhdUseTy":"ResidentMultipleUses","fhdBasis":"UndocObsFish","fhdStNm":"Haystack Reservoir","fhdGenus":"Lepomis","fhdSp":"macrochirus","fhdSubSp":null,"fhdOrig":"NonNative","fhdProd":"Natural","fhdComment":null,"fhdESH":"NA","fhdBasisD":null,"fhdNMF":"no","fhdBasisDt":null,"fhdBasisNm":null,"fhdBasisEnt":null,"fhdBasisPrj":null,"fhdBasisMethod":null,"fhdAccess":null,"fhdBarrierFtrID":null,"fhdEndExtent":null,"Shape__Area":1742342.885076705,"Shape__Length":6729.18357050104,"habitatType":"lake"},"id":112},
{"type":"Feature","geometry":{"type":"Polygon","coordinates":[[[-121.690977,43.477135],[-121.694762,43.475103],[-121.691321,43.471111],[-121.690977,43.477135]]]},"properties":{"OBJECTID":21,"fhdFtrID":21,"fhdRefID":53684,"fhdRevDt":"20190214","fhdONm":"Peter Robinson","fhdOEnt":"ODFW","fhdSpNm":"BG","fhdRun":"NA","fhdLifeHst":"Resident","fhdUseTy":"ResidentMultipleUses","fhdBasis":"UndocObsFish","fhdStNm":"Gilchrist Reservoir","fhdGenus":"Lepomis","fhdSp":"macrochirus","fhdSubSp":null,"fhdOrig":"NonNative","fhdProd":"Natural","fhdComment":null,"fhdESH":"NA","fhdBasisD":null,"fhdNMF":"no","fhdBasisDt":null,"fhdBasisNm":null,"fhdBasisEnt":null,"fhdBasisPrj":null,"fhdBasisMethod":null,"fhdAccess":null,"fhdBarrierFtrID":null,"fhdEndExtent":null,"Shape__Area":314525.64445626,"Shape__Length":3189.539961202117,"habitatType":"lake"},"id":113},
{"type":"Feature","geometry":{"type":"Polygon","coordinates":[[[-118.989751,44.423269],[-118.992018,44.423068],[-118.991849,44.422522],[-118.990525,44.422401],[-118.989751,44.423269]]]},"properties":{"OBJECTID":22,"fhdFtrID":22,"fhdRefID":53684,"fhdRevDt":"20190214","fhdONm":"Peter Robinson","fhdOEnt":"ODFW","fhdSpNm":"BG","fhdRun":"NA","fhdLifeHst":"Resident","fhdUseTy":"ResidentMultipleUses","fhdBasis":"UndocObsFish","fhdStNm":"Carpenter Pond ","fhdGenus":"Lepomis","fhdSp":"macrochirus","fhdSubSp":null,"fhdOrig":"NonNative","fhdProd":"Natural","fhdComment":null,"fhdESH":"NA","fhdBasisD":null,"fhdNMF":"no","fhdBasisDt":null,"fhdBasisNm":null,"fhdBasisEnt":null,"fhdBasisPrj":null,"fhdBasisMethod":null,"fhdAccess":null,"fhdBarrierFtrID":null,"fhdEndExtent":null,"Shape__Area":31125.610063615,"Shape__Length":795.8285868737357,"habitatType":"lake"},"id":114},
{"type":"Feature","geometry":{"type":"Polygon","coordinates":[[[-121.351145,45.222959],[-121.352862,45.223929],[-121.353568,45.222859],[-121.351145,45.222959]]]},"properties":{"OBJECTID":23,"fhdFtrID":23,"fhdRefID":53684,"fhdRevDt":"20190214","fhdONm":"Peter Robinson","fhdOEnt":"ODFW","fhdSpNm":"BG","fhdRun":"NA","fhdLifeHst":"Resident","fhdUseTy":"ResidentMultipleUses","fhdBasis":"UndocObsFish","fhdStNm":"Cody Ponds","fhdGenus":"Lepomis","fhdSp":"macrochirus","fhdSubSp":null,"fhdOrig":"NonNative","fhdProd":"Natural","fhdComment":null,"fhdESH":"NA","fhdBasisD":null,"fhdNMF":"no","fhdBasisDt":null,"fhdBasisNm":null,"fhdBasisEnt":null,"fhdBasisPrj":null,"fhdBasisMethod":null,"fhdAccess":null,"fhdBarrierFtrID":null,"fhdEndExtent":null,"Shape__Area":29586.826987425,"Shape__Length":731.61693263915,"habitatType":"lake"},"id":115},
{"type":"Feature","geometry":{"type":"Polygon","coordinates":[[[-120.736079,44.300299],[-120.737359,44.300552],[-120.737796,44.299682],[-120.735442,44.299511],[-120.736079,44.300299]]]},"properties":{"OBJECTID":24,"fhdFtrID":24,"fhdRefID":53684,"fhdRevDt":"20190214","fhdONm":"Peter Robinson","fhdOEnt":"ODFW","fhdSpNm":"BG","fhdRun":"NA","fhdLifeHst":"Resident","fhdUseTy":"ResidentMultipleUses","fhdBasis":"UndocObsFish","fhdStNm":"Ochoco Ponds ","fhdGenus":"Lepomis","fhdSp":"macrochirus","fhdSubSp":null,"fhdOrig":"NonNative","fhdProd":"Natural","fhdComment":null,"fhdESH":"NA","fhdBasisD":null,"fhdNMF":"no","fhdBasisDt":null,"fhdBasisNm":null,"fhdBasisEnt":null,"fhdBasisPrj":null,"fhdBasisMethod":null,"fhdAccess":null,"fhdBarrierFtrID":null,"fhdEndExtent":null,"Shape__Area":37803.201220205,"Shape__Length":884.860109773112,"habitatType":"lake"},"id":116},
{"type":"Feature","geometry":{"type":"Polygon","coordinates":[[[-123.937215,46.147943],[-123.938028,46.146599],[-123.934421,46.138518],[-123.933182,46.140213],[-123.937215,46.147943]]]},"properties":{"OBJECTID":25,"fhdFtrID":25,"fhdRefID":53684,"fhdRevDt":"20190214","fhdONm":"Peter Robinson","fhdOEnt":"ODFW","fhdSpNm":"BG","fhdRun":"NA","fhdLifeHst":"Resident","fhdUseTy":"ResidentMultipleUses","fhdBasis":"UndocObsFish","fhdStNm":"Smith Lake","fhdGenus":"Lepomis","fhdSp":"macrochirus","fhdSubSp":null,"fhdOrig":"NonNative","fhdProd":"Natural","fhdComment":null,"fhdESH":"NA","fhdBasisD":null,"fhdNMF":"no","fhdBasisDt":null,"fhdBasisNm":null,"fhdBasisEnt":null,"fhdBasisPrj":null,"fhdBasisMethod":null,"fhdAccess":null,"fhdBarrierFtrID":null,"fhdEndExtent":null,"Shape__Area":371773.45582826,"Shape__Length":5336.1357325247845,"habitatType":"lake"},"id":117},
{"type":"Feature","geometry":{"type":"Polygon","coordinates":[[[-122.227257,45.543582],[-122.230271,45.543642],[-122.238586,45.542278],[-122.241585,45.543078],[-122.24519,45.541342],[-122.236329,45.541642],[-122.227257,45.543582]]]},"properties":{"OBJECTID":26,"fhdFtrID":26,"fhdRefID":53684,"fhdRevDt":"20190214","fhdONm":"Peter Robinson","fhdOEnt":"ODFW","fhdSpNm":"BG","fhdRun":"NA","fhdLifeHst":"Resident","fhdUseTy":"ResidentMultipleUses","fhdBasis":"UndocObsFish","fhdStNm":"Mirror Pond","fhdGenus":"Lepomis","fhdSp":"macrochirus","fhdSubSp":null,"fhdOrig":"NonNative","fhdProd":"Natural","fhdComment":null,"fhdESH":"NA","fhdBasisD":null,"fhdNMF":"no","fhdBasisDt":null,"fhdBasisNm":null,"fhdBasisEnt":null,"fhdBasisPrj":null,"fhdBasisMethod":null,"fhdAccess":null,"fhdBarrierFtrID":null,"fhdEndExtent":null,"Shape__Area":285601.220385745,"Shape__Length":6442.146456840715,"habitatType":"lake"},"id":118},
{"type":"Feature","geometry":{"type":"Polygon","coordinates":[[[-122.132968,45.577306],[-122.139071,45.576404],[-122.135595,45.575524],[-122.131875,45.576225],[-122.132968,45.577306]]]},"properties":{"OBJECTID":27,"fhdFtrID":27,"fhdRefID":53684,"fhdRevDt":"20190214","fhdONm":"Peter Robinson","fhdOEnt":"ODFW","fhdSpNm":"BG","fhdRun":"NA","fhdLifeHst":"Resident","fhdUseTy":"ResidentMultipleUses","fhdBasis":"UndocObsFish","fhdStNm":"Wahkeena Pond","fhdGenus":"Lepomis","fhdSp":"macrochirus","fhdSubSp":null,"fhdOrig":"NonNative","fhdProd":"Natural","fhdComment":null,"fhdESH":"NA","fhdBasisD":null,"fhdNMF":"no","fhdBasisDt":null,"fhdBasisNm":null,"fhdBasisEnt":null,"fhdBasisPrj":null,"fhdBasisMethod":null,"fhdAccess":null,"fhdBarrierFtrID":null,"fhdEndExtent":null,"Shape__Area":157430.717617665,"Shape__Length":1911.85754371111,"habitatType":"lake"},"id":119},
{"type":"Feature","geometry":{"type":"Polygon","coordinates":[[[-123.943041,46.15564],[-123.944288,46.155047],[-123.942464,46.151959],[-123.942227,46.15395],[-123.943041,46.15564]]]},"properties":{"OBJECTID":28,"fhdFtrID":28,"fhdRefID":53684,"fhdRevDt":"20190214","fhdONm":"Peter Robinson","fhdOEnt":"ODFW","fhdSpNm":"BG","fhdRun":"NA","fhdLifeHst":"Resident","fhdUseTy":"ResidentMultipleUses","fhdBasis":"UndocObsFish","fhdStNm":"Wild Ace Lake ","fhdGenus":"Lepomis","fhdSp":"macrochirus","fhdSubSp":null,"fhdOrig":"NonNative","fhdProd":"Natural","fhdComment":null,"fhdESH":"NA","fhdBasisD":null,"fhdNMF":"no","fhdBasisDt":null,"fhdBasisNm":null,"fhdBasisEnt":null,"fhdBasisPrj":null,"fhdBasisMethod":null,"fhdAccess":null,"fhdBarrierFtrID":null,"fhdEndExtent":null,"Shape__Area":98271.774879135,"Shape__Length":1723.4409401893272,"habitatType":"lake"},"id":120},
{"type":"Feature","geometry":{"type":"Polygon","coordinates":[[[-122.89005,46.036649],[-122.891342,46.036518],[-122.890801,46.033149],[-122.88831,46.035551],[-122.89005,46.036649]]]},"properties":{"OBJECTID":29,"fhdFtrID":29,"fhdRefID":53684,"fhdRevDt":"20190214","fhdONm":"Peter Robinson","fhdOEnt":"ODFW","fhdSpNm":"BG","fhdRun":"NA","fhdLifeHst":"Resident","fhdUseTy":"ResidentMultipleUses","fhdBasis":"UndocObsFish","fhdStNm":"Recreation Lake ","fhdGenus":"Lepomis","fhdSp":"macrochirus","fhdSubSp":null,"fhdOrig":"NonNative","fhdProd":"Natural","fhdComment":null,"fhdESH":"NA","fhdBasisD":null,"fhdNMF":"no","fhdBasisDt":null,"fhdBasisNm":null,"fhdBasisEnt":null,"fhdBasisPrj":null,"fhdBasisMethod":null,"fhdAccess":null,"fhdBarrierFtrID":null,"fhdEndExtent":null,"Shape__Area":223027.362977965,"Shape__Length":4760.134842351155,"habitatType":"lake"},"id":121},
{"type":"Feature","geometry":{"type":"Polygon","coordinates":[[[-123.949943,46.165838],[-123.949998,46.16654],[-123.950385,46.166628],[-123.950156,46.165925],[-123.949943,46.165838]]]},"properties":{"OBJECTID":30,"fhdFtrID":30,"fhdRefID":53684,"fhdRevDt":"20190214","fhdONm":"Peter Robinson","fhdOEnt":"ODFW","fhdSpNm":"BG","fhdRun":"NA","fhdLifeHst":"Resident","fhdUseTy":"ResidentMultipleUses","fhdBasis":"UndocObsFish","fhdStNm":"Creep and Crawl Lake ","fhdGenus":"Lepomis","fhdSp":"macrochirus","fhdSubSp":null,"fhdOrig":"NonNative","fhdProd":"Natural","fhdComment":null,"fhdESH":"NA","fhdBasisD":null,"fhdNMF":"no","fhdBasisDt":null,"fhdBasisNm":null,"fhdBasisEnt":null,"fhdBasisPrj":null,"fhdBasisMethod":null,"fhdAccess":null,"fhdBarrierFtrID":null,"fhdEndExtent":null,"Shape__Area":5054.399864335,"Shape__Length":334.21880378147983,"habitatType":"lake"},"id":122},
{"type":"Feature","geometry":{"type":"Polygon","coordinates":[[[-123.937885,46.14915],[-123.937759,46.150061],[-123.940056,46.153177],[-123.940806,46.152463],[-123.937885,46.14915]]]},"properties":{"OBJECTID":31,"fhdFtrID":31,"fhdRefID":53684,"fhdRevDt":"20190214","fhdONm":"Peter Robinson","fhdOEnt":"ODFW","fhdSpNm":"BG","fhdRun":"NA","fhdLifeHst":"Resident","fhdUseTy":"ResidentMultipleUses","fhdBasis":"UndocObsFish","fhdStNm":"Cemetery Lake ","fhdGenus":"Lepomis","fhdSp":"macrochirus","fhdSubSp":null,"fhdOrig":"NonNative","fhdProd":"Natural","fhdComment":null,"fhdESH":"NA","fhdBasisD":null,"fhdNMF":"no","fhdBasisDt":null,"fhdBasisNm":null,"fhdBasisEnt":null,"fhdBasisPrj":null,"fhdBasisMethod":null,"fhdAccess":null,"fhdBarrierFtrID":null,"fhdEndExtent":null,"Shape__Area":83390.48976121,"Shape__Length":1552.0270834589605,"habitatType":"lake"},"id":123},
{"type":"Feature","geometry":{"type":"Polygon","coordinates":[[[-123.95863,46.168447],[-123.962589,46.175343],[-123.965638,46.176296],[-123.958905,46.166034],[-123.95863,46.168447]]]},"properties":{"OBJECTID":32,"fhdFtrID":32,"fhdRefID":53684,"fhdRevDt":"20190214","fhdONm":"Peter Robinson","fhdOEnt":"ODFW","fhdSpNm":"BG","fhdRun":"NA","fhdLifeHst":"Resident","fhdUseTy":"ResidentMultipleUses","fhdBasis":"UndocObsFish","fhdStNm":"Coffenbury Lake","fhdGenus":"Lepomis","fhdSp":"macrochirus","fhdSubSp":null,"fhdOrig":"NonNative","fhdProd":"Natural","fhdComment":null,"fhdESH":"NA","fhdBasisD":null,"fhdNMF":"no","fhdBasisDt":null,"fhdBasisNm":null,"fhdBasisEnt":null,"fhdBasisPrj":null,"fhdBasisMethod":null,"fhdAccess":null,"fhdBarrierFtrID":null,"fhdEndExtent":null,"Shape__Area":431530.224363005,"Shape__Length":5609.185302445733,"habitatType":"lake"},"id":124},
{"type":"Feature","geometry":{"type":"Polygon","coordinates":[[[-122.992171,44.915671],[-122.992913,44.915275],[-122.993205,44.91392],[-122.991553,44.914508],[-122.992171,44.915671]]]},"properties":{"OBJECTID":33,"fhdFtrID":33,"fhdRefID":53684,"fhdRevDt":"20190214","fhdONm":"Peter Robinson","fhdOEnt":"ODFW","fhdSpNm":"BG","fhdRun":"NA","fhdLifeHst":"Resident","fhdUseTy":"ResidentMultipleUses","fhdBasis":"UndocObsFish","fhdStNm":"Bluegill Lake","fhdGenus":"Lepomis","fhdSp":"macrochirus","fhdSubSp":null,"fhdOrig":"NonNative","fhdProd":"Natural","fhdComment":null,"fhdESH":"NA","fhdBasisD":null,"fhdNMF":"no","fhdBasisDt":null,"fhdBasisNm":null,"fhdBasisEnt":null,"fhdBasisPrj":null,"fhdBasisMethod":null,"fhdAccess":null,"fhdBarrierFtrID":null,"fhdEndExtent":null,"Shape__Area":41909.572341325,"Shape__Length":1028.5436505085822,"habitatType":"lake"},"id":125},
{"type":"Feature","geometry":{"type":"Polygon","coordinates":[[[-123.474743,45.080016],[-123.474804,45.081126],[-123.478309,45.079692],[-123.476249,45.078961],[-123.474743,45.080016]]]},"properties":{"OBJECTID":34,"fhdFtrID":34,"fhdRefID":53684,"fhdRevDt":"20190214","fhdONm":"Peter Robinson","fhdOEnt":"ODFW","fhdSpNm":"BG","fhdRun":"NA","fhdLifeHst":"Resident","fhdUseTy":"ResidentMultipleUses","fhdBasis":"UndocObsFish","fhdStNm":"Huddleston Pond","fhdGenus":"Lepomis","fhdSp":"macrochirus","fhdSubSp":null,"fhdOrig":"NonNative","fhdProd":"Natural","fhdComment":null,"fhdESH":"NA","fhdBasisD":null,"fhdNMF":"no","fhdBasisDt":null,"fhdBasisNm":null,"fhdBasisEnt":null,"fhdBasisPrj":null,"fhdBasisMethod":null,"fhdAccess":null,"fhdBarrierFtrID":null,"fhdEndExtent":null,"Shape__Area":80461.67964366,"Shape__Length":1345.7960461687799,"habitatType":"lake"},"id":126},
{"type":"Feature","geometry":{"type":"Polygon","coordinates":[[[-122.949762,43.78998],[-122.955271,43.787386],[-122.953967,43.785126],[-122.95428,43.78123],[-122.950554,43.780397],[-122.944845,43.777041],[-122.93584,43.772897],[-122.931338,43.771322],[-122.928143,43.770977],[-122.923895,43.767764],[-122.920311,43.762211],[-122.917143,43.761514],[-122.913407,43.758035],[-122.909486,43.756286],[-122.906732,43.753051],[-122.902725,43.751177],[-122.89827,43.751483],[-122.901471,43.75401],[-122.897994,43.758273],[-122.900169,43.76195],[-122.900693,43.765637],[-122.903168,43.768027],[-122.901642,43.769366],[-122.904102,43.771122],[-122.908441,43.77151],[-122.911033,43.774476],[-122.913316,43.775299],[-122.916716,43.774669],[-122.921449,43.776134],[-122.923715,43.780448],[-122.92301,43.784653],[-122.927652,43.784412],[-122.933075,43.786884],[-122.934844,43.789444],[-122.942418,43.786927],[-122.945531,43.78809],[-122.94691,43.789799],[-122.949762,43.78998]]]},"properties":{"OBJECTID":35,"fhdFtrID":35,"fhdRefID":53718,"fhdRevDt":"20190508","fhdONm":"Kevin Stertz","fhdOEnt":"ODFW","fhdSpNm":"BG","fhdRun":"NA","fhdLifeHst":"Resident","fhdUseTy":"ResidentMultipleUses","fhdBasis":"DocObsFish","fhdStNm":"Dorena Reservoir","fhdGenus":"Lepomis","fhdSp":"macrochirus","fhdSubSp":null,"fhdOrig":"NonNative","fhdProd":"Natural","fhdComment":null,"fhdESH":"NA","fhdBasisD":null,"fhdNMF":"no","fhdBasisDt":"20170000","fhdBasisNm":"Kevin Stertz","fhdBasisEnt":null,"fhdBasisPrj":null,"fhdBasisMethod":"Electrofisher","fhdAccess":null,"fhdBarrierFtrID":null,"fhdEndExtent":null,"Shape__Area":13243070.627173545,"Shape__Length":26273.16951746651,"habitatType":"lake"},"id":127},
{"type":"Feature","geometry":{"type":"Polygon","coordinates":[[[-123.055365,43.716645],[-123.058682,43.716406],[-123.065126,43.713291],[-123.066291,43.711532],[-123.07343,43.706941],[-123.076922,43.70268],[-123.076643,43.695632],[-123.078366,43.692099],[-123.074961,43.688228],[-123.076269,43.686255],[-123.07488,43.684272],[-123.071167,43.682843],[-123.070877,43.685087],[-123.068432,43.688194],[-123.06804,43.694865],[-123.066551,43.697381],[-123.06432,43.697845],[-123.054622,43.702686],[-123.050814,43.707155],[-123.047818,43.708236],[-123.048953,43.711232],[-123.049592,43.715874],[-123.055365,43.716645]]]},"properties":{"OBJECTID":36,"fhdFtrID":36,"fhdRefID":53718,"fhdRevDt":"20190508","fhdONm":"Kevin Stertz","fhdOEnt":"ODFW","fhdSpNm":"BG","fhdRun":"NA","fhdLifeHst":"Resident","fhdUseTy":"ResidentMultipleUses","fhdBasis":"DocObsFish","fhdStNm":"Cottage Grove Reservoir","fhdGenus":"Lepomis","fhdSp":"macrochirus","fhdSubSp":null,"fhdOrig":"NonNative","fhdProd":"Natural","fhdComment":null,"fhdESH":"NA","fhdBasisD":null,"fhdNMF":"no","fhdBasisDt":"20170000","fhdBasisNm":"Kevin Stertz","fhdBasisEnt":null,"fhdBasisPrj":null,"fhdBasisMethod":"Electrofisher","fhdAccess":null,"fhdBarrierFtrID":null,"fhdEndExtent":null,"Shape__Area":7949340.124322945,"Shape__Length":23674.51012774601,"habitatType":"lake"},"id":128},
{"type":"Feature","geometry":{"type":"Polygon","coordinates":[[[-122.456515,45.555482],[-122.456908,45.554321],[-122.45059,45.552392],[-122.444486,45.552472],[-122.440645,45.554265],[-122.450797,45.554362],[-122.456515,45.555482]]]},"properties":{"OBJECTID":37,"fhdFtrID":37,"fhdRefID":53684,"fhdRevDt":"20190211","fhdONm":"Peter Robinson","fhdOEnt":"ODFW","fhdSpNm":"BG","fhdRun":"NA","fhdLifeHst":"Resident","fhdUseTy":"ResidentMultipleUses","fhdBasis":"UndocObsFish","fhdStNm":"Blue Lake","fhdGenus":"Lepomis","fhdSp":"macrochirus","fhdSubSp":null,"fhdOrig":"NonNative","fhdProd":"Natural","fhdComment":null,"fhdESH":"NA","fhdBasisD":null,"fhdNMF":"no","fhdBasisDt":null,"fhdBasisNm":null,"fhdBasisEnt":null,"fhdBasisPrj":null,"fhdBasisMethod":null,"fhdAccess":null,"fhdBarrierFtrID":null,"fhdEndExtent":null,"Shape__Area":544933.781376635,"Shape__Length":4580.39469051574,"habitatType":"lake"},"id":129},
{"type":"Feature","geometry":{"type":"Polygon","coordinates":[[[-123.04849,45.078024],[-123.045973,45.078764],[-123.043734,45.080613],[-123.04268,45.082819],[-123.043871,45.087637],[-123.044801,45.087583],[-123.043772,45.083654],[-123.043896,45.082046],[-123.045577,45.079884],[-123.04849,45.078024]]]},"properties":{"OBJECTID":38,"fhdFtrID":38,"fhdRefID":53684,"fhdRevDt":"20190214","fhdONm":"Peter Robinson","fhdOEnt":"ODFW","fhdSpNm":"BG","fhdRun":"NA","fhdLifeHst":"Resident","fhdUseTy":"ResidentMultipleUses","fhdBasis":"UndocObsFish","fhdStNm":"Mission Lake","fhdGenus":"Lepomis","fhdSp":"macrochirus","fhdSubSp":null,"fhdOrig":"NonNative","fhdProd":"Natural","fhdComment":null,"fhdESH":"NA","fhdBasisD":null,"fhdNMF":"no","fhdBasisDt":null,"fhdBasisNm":null,"fhdBasisEnt":null,"fhdBasisPrj":null,"fhdBasisMethod":null,"fhdAccess":null,"fhdBarrierFtrID":null,"fhdEndExtent":null,"Shape__Area":234955.69232847,"Shape__Length":5165.616184276207,"habitatType":"lake"},"id":130},
{"type":"Feature","geometry":{"type":"Polygon","coordinates":[[[-122.825659,45.135936],[-122.824519,45.136441],[-122.825124,45.137654],[-122.825667,45.137802],[-122.825031,45.136617],[-122.825659,45.135936]]]},"properties":{"OBJECTID":39,"fhdFtrID":39,"fhdRefID":53684,"fhdRevDt":"20190214","fhdONm":"Peter Robinson","fhdOEnt":"ODFW","fhdSpNm":"BG","fhdRun":"NA","fhdLifeHst":"Resident","fhdUseTy":"ResidentMultipleUses","fhdBasis":"UndocObsFish","fhdStNm":"Woodburn Pond ","fhdGenus":"Lepomis","fhdSp":"macrochirus","fhdSubSp":null,"fhdOrig":"NonNative","fhdProd":"Natural","fhdComment":null,"fhdESH":"NA","fhdBasisD":null,"fhdNMF":"no","fhdBasisDt":null,"fhdBasisNm":null,"fhdBasisEnt":null,"fhdBasisPrj":null,"fhdBasisMethod":null,"fhdAccess":null,"fhdBarrierFtrID":null,"fhdEndExtent":null,"Shape__Area":16019.190280215,"Shape__Length":837.687723790015,"habitatType":"lake"},"id":131},
{"type":"Feature","geometry":{"type":"Polygon","coordinates":[[[-123.294811,44.12095],[-123.297409,44.119886],[-123.284687,44.117441],[-123.283703,44.119143],[-123.294811,44.12095]]]},"properties":{"OBJECTID":40,"fhdFtrID":40,"fhdRefID":53684,"fhdRevDt":"20190214","fhdONm":"Peter Robinson","fhdOEnt":"ODFW","fhdSpNm":"BG","fhdRun":"NA","fhdLifeHst":"Resident","fhdUseTy":"ResidentMultipleUses","fhdBasis":"UndocObsFish","fhdStNm":"Kirk Pond","fhdGenus":"Lepomis","fhdSp":"macrochirus","fhdSubSp":null,"fhdOrig":"NonNative","fhdProd":"Natural","fhdComment":null,"fhdESH":"NA","fhdBasisD":null,"fhdNMF":"no","fhdBasisDt":null,"fhdBasisNm":null,"fhdBasisEnt":null,"fhdBasisPrj":null,"fhdBasisMethod":null,"fhdAccess":null,"fhdBarrierFtrID":null,"fhdEndExtent":null,"Shape__Area":405791.98043621,"Shape__Length":5776.310026661573,"habitatType":"lake"},"id":132},
{"type":"Feature","geometry":{"type":"Polygon","coordinates":[[[-123.302743,44.120435],[-123.303512,44.121237],[-123.312304,44.121407],[-123.313241,44.120129],[-123.316746,44.120568],[-123.317462,44.119228],[-123.311878,44.116226],[-123.312967,44.114289],[-123.315824,44.112599],[-123.319998,44.113092],[-123.326801,44.110803],[-123.325315,44.108152],[-123.320973,44.108696],[-123.32002,44.104914],[-123.321421,44.102088],[-123.324231,44.100216],[-123.324071,44.0965],[-123.329965,44.096576],[-123.332179,44.089792],[-123.331159,44.08847],[-123.335955,44.086394],[-123.339646,44.081509],[-123.338548,44.078518],[-123.33446,44.078952],[-123.335075,44.075324],[-123.337913,44.071065],[-123.338748,44.066399],[-123.336038,44.063979],[-123.332612,44.064117],[-123.33269,44.06741],[-123.329836,44.071011],[-123.325505,44.074689],[-123.325361,44.07684],[-123.322172,44.079568],[-123.317154,44.082461],[-123.309449,44.083691],[-123.306267,44.080782],[-123.305133,44.075096],[-123.305438,44.071786],[-123.307357,44.067099],[-123.305697,44.065721],[-123.306832,44.063916],[-123.307601,44.057769],[-123.306901,44.055008],[-123.302342,44.056028],[-123.289023,44.057256],[-123.289298,44.054193],[-123.288119,44.052794],[-123.270692,44.052679],[-123.269733,44.053266],[-123.269595,44.054577],[-123.271618,44.056257],[-123.27346,44.056203],[-123.275117,44.059969],[-123.277909,44.061874],[-123.278022,44.063318],[-123.280883,44.06553],[-123.283897,44.065438],[-123.285487,44.066898],[-123.284101,44.068495],[-123.279183,44.070135],[-123.279395,44.07216],[-123.276493,44.073833],[-123.279262,44.078285],[-123.281011,44.082391],[-123.280979,44.084537],[-123.278693,44.087945],[-123.273934,44.087246],[-123.270465,44.083118],[-123.271791,44.081098],[-123.26941,44.077953],[-123.26812,44.082749],[-123.262206,44.080502],[-123.263787,44.083324],[-123.261776,44.084311],[-123.26089,44.087867],[-123.255699,44.085427],[-123.253527,44.086804],[-123.259876,44.089359],[-123.259575,44.093629],[-123.262582,44.095277],[-123.272997,44.099633],[-123.277693,44.10559],[-123.27871,44.111189],[-123.278511,44.11356],[-123.2803,44.115706],[-123.300906,44.119656],[-123.302743,44.120435]],[[-123.28418,44.062743],[-123.281614,44.065328],[-123.278821,44.06356],[-123.278023,44.061649],[-123.277079,44.061226],[-123.274577,44.058251],[-123.273863,44.056006],[-123.272265,44.055967],[-123.269747,44.054303],[-123.271704,44.05308],[-123.285912,44.053227],[-123.286901,44.054116],[-123.286717,44.057854],[-123.284585,44.059577],[-123.281358,44.060284],[-123.28418,44.062743]]]},"properties":{"OBJECTID":41,"fhdFtrID":41,"fhdRefID":53684,"fhdRevDt":"20190214","fhdONm":"Peter Robinson","fhdOEnt":"ODFW","fhdSpNm":"BG","fhdRun":"NA","fhdLifeHst":"Resident","fhdUseTy":"ResidentMultipleUses","fhdBasis":"UndocObsFish","fhdStNm":"Fern Ridge Reservoir","fhdGenus":"Lepomis","fhdSp":"macrochirus","fhdSubSp":null,"fhdOrig":"NonNative","fhdProd":"Natural","fhdComment":null,"fhdESH":"NA","fhdBasisD":null,"fhdNMF":"no","fhdBasisDt":null,"fhdBasisNm":null,"fhdBasisEnt":null,"fhdBasisPrj":null,"fhdBasisMethod":null,"fhdAccess":null,"fhdBarrierFtrID":null,"fhdEndExtent":null,"Shape__Area":49935184.18302248,"Shape__Length":99754.73773583688,"habitatType":"lake"},"id":133},
{"type":"Feature","geometry":{"type":"Polygon","coordinates":[[[-122.704053,45.252147],[-122.704186,45.252943],[-122.704667,45.252849],[-122.704512,45.252356],[-122.704053,45.252147]]]},"properties":{"OBJECTID":42,"fhdFtrID":42,"fhdRefID":53684,"fhdRevDt":"20190214","fhdONm":"Peter Robinson","fhdOEnt":"ODFW","fhdSpNm":"BG","fhdRun":"NA","fhdLifeHst":"Resident","fhdUseTy":"ResidentMultipleUses","fhdBasis":"UndocObsFish","fhdStNm":"Canby Pond","fhdGenus":"Lepomis","fhdSp":"macrochirus","fhdSubSp":null,"fhdOrig":"NonNative","fhdProd":"Natural","fhdComment":null,"fhdESH":"NA","fhdBasisD":null,"fhdNMF":"no","fhdBasisDt":null,"fhdBasisNm":null,"fhdBasisEnt":null,"fhdBasisPrj":null,"fhdBasisMethod":null,"fhdAccess":null,"fhdBarrierFtrID":null,"fhdEndExtent":null,"Shape__Area":8426.08792313,"Shape__Length":399.6238540228263,"habitatType":"lake"},"id":134},
{"type":"Feature","geometry":{"type":"Polygon","coordinates":[[[-122.782134,45.266371],[-122.784084,45.266563],[-122.784494,45.264534],[-122.783151,45.264808],[-122.782134,45.266371]]]},"properties":{"OBJECTID":43,"fhdFtrID":43,"fhdRefID":53684,"fhdRevDt":"20190214","fhdONm":"Peter Robinson","fhdOEnt":"ODFW","fhdSpNm":"BG","fhdRun":"NA","fhdLifeHst":"Resident","fhdUseTy":"ResidentMultipleUses","fhdBasis":"UndocObsFish","fhdStNm":"Wilsonville Pond ","fhdGenus":"Lepomis","fhdSp":"macrochirus","fhdSubSp":null,"fhdOrig":"NonNative","fhdProd":"Natural","fhdComment":null,"fhdESH":"NA","fhdBasisD":null,"fhdNMF":"no","fhdBasisDt":null,"fhdBasisNm":null,"fhdBasisEnt":null,"fhdBasisPrj":null,"fhdBasisMethod":null,"fhdAccess":null,"fhdBarrierFtrID":null,"fhdEndExtent":null,"Shape__Area":56311.84361882,"Shape__Length":1172.9189183346864,"habitatType":"lake"},"id":135},
{"type":"Feature","geometry":{"type":"Polygon","coordinates":[[[-122.872915,45.557403],[-122.874172,45.557143],[-122.873991,45.556229],[-122.870087,45.557233],[-122.872915,45.557403]]]},"properties":{"OBJECTID":44,"fhdFtrID":44,"fhdRefID":53684,"fhdRevDt":"20190214","fhdONm":"Peter Robinson","fhdOEnt":"ODFW","fhdSpNm":"BG","fhdRun":"NA","fhdLifeHst":"Resident","fhdUseTy":"ResidentMultipleUses","fhdBasis":"UndocObsFish","fhdStNm":"Bethany Lake","fhdGenus":"Lepomis","fhdSp":"macrochirus","fhdSubSp":null,"fhdOrig":"NonNative","fhdProd":"Natural","fhdComment":null,"fhdESH":"NA","fhdBasisD":null,"fhdNMF":"no","fhdBasisDt":null,"fhdBasisNm":null,"fhdBasisEnt":null,"fhdBasisPrj":null,"fhdBasisMethod":null,"fhdAccess":null,"fhdBarrierFtrID":null,"fhdEndExtent":null,"Shape__Area":63283.99886014,"Shape__Length":1674.7357245690184,"habitatType":"lake"},"id":136},
{"type":"Feature","geometry":{"type":"Polygon","coordinates":[[[-122.815403,45.70719],[-122.815505,45.709127],[-122.816546,45.70899],[-122.815403,45.70719]]]},"properties":{"OBJECTID":45,"fhdFtrID":45,"fhdRefID":53684,"fhdRevDt":"20190214","fhdONm":"Peter Robinson","fhdOEnt":"ODFW","fhdSpNm":"BG","fhdRun":"NA","fhdLifeHst":"Resident","fhdUseTy":"ResidentMultipleUses","fhdBasis":"UndocObsFish","fhdStNm":"Haldeman Pond","fhdGenus":"Lepomis","fhdSp":"macrochirus","fhdSubSp":null,"fhdOrig":"NonNative","fhdProd":"Natural","fhdComment":null,"fhdESH":"NA","fhdBasisD":null,"fhdNMF":"no","fhdBasisDt":null,"fhdBasisNm":null,"fhdBasisEnt":null,"fhdBasisPrj":null,"fhdBasisMethod":null,"fhdAccess":null,"fhdBarrierFtrID":null,"fhdEndExtent":null,"Shape__Area":39095.5336646,"Shape__Length":848.4282429162174,"habitatType":"lake"},"id":137},
{"type":"Feature","geometry":{"type":"Polygon","coordinates":[[[-122.61672,44.426949],[-122.620121,44.42692],[-122.622463,44.425649],[-122.6261,44.425377],[-122.627392,44.42404],[-122.631697,44.423271],[-122.635322,44.419754],[-122.638401,44.420236],[-122.644649,44.419189],[-122.650837,44.419829],[-122.652275,44.420563],[-122.659612,44.417637],[-122.665126,44.419525],[-122.670072,44.41854],[-122.66979,44.413269],[-122.668076,44.411666],[-122.6632,44.409549],[-122.6532,44.410879],[-122.643846,44.408405],[-122.639007,44.409056],[-122.637051,44.412719],[-122.63097,44.413825],[-122.626209,44.413449],[-122.62386,44.414319],[-122.617052,44.414017],[-122.621672,44.416464],[-122.62639,44.41539],[-122.628862,44.417189],[-122.623733,44.417645],[-122.621139,44.418802],[-122.622095,44.421178],[-122.620463,44.42499],[-122.613217,44.422913],[-122.612928,44.425167],[-122.61672,44.426949]]]},"properties":{"OBJECTID":46,"fhdFtrID":46,"fhdRefID":53684,"fhdRevDt":"20190214","fhdONm":"Peter Robinson","fhdOEnt":"ODFW","fhdSpNm":"BG","fhdRun":"NA","fhdLifeHst":"Resident","fhdUseTy":"ResidentMultipleUses","fhdBasis":"UndocObsFish","fhdStNm":"Foster Reservoir","fhdGenus":"Lepomis","fhdSp":"macrochirus","fhdSubSp":null,"fhdOrig":"NonNative","fhdProd":"Natural","fhdComment":null,"fhdESH":"NA","fhdBasisD":null,"fhdNMF":"no","fhdBasisDt":null,"fhdBasisNm":null,"fhdBasisEnt":null,"fhdBasisPrj":null,"fhdBasisMethod":null,"fhdAccess":null,"fhdBarrierFtrID":null,"fhdEndExtent":null,"Shape__Area":8343843.88449824,"Shape__Length":24726.40161282303,"habitatType":"lake"},"id":138},
{"type":"Feature","geometry":{"type":"Polygon","coordinates":[[[-122.449078,45.528154],[-122.448769,45.529544],[-122.450133,45.529739],[-122.450289,45.528328],[-122.449078,45.528154]]]},"properties":{"OBJECTID":47,"fhdFtrID":47,"fhdRefID":53684,"fhdRevDt":"20190214","fhdONm":"Peter Robinson","fhdOEnt":"ODFW","fhdSpNm":"BG","fhdRun":"NA","fhdLifeHst":"Resident","fhdUseTy":"ResidentMultipleUses","fhdBasis":"UndocObsFish","fhdStNm":"Salish Ponds","fhdGenus":"Lepomis","fhdSp":"macrochirus","fhdSubSp":null,"fhdOrig":"NonNative","fhdProd":"Natural","fhdComment":null,"fhdESH":"NA","fhdBasisD":null,"fhdNMF":"no","fhdBasisDt":null,"fhdBasisNm":null,"fhdBasisEnt":null,"fhdBasisPrj":null,"fhdBasisMethod":null,"fhdAccess":null,"fhdBarrierFtrID":null,"fhdEndExtent":null,"Shape__Area":46117.276722735,"Shape__Length":801.8159881176798,"habitatType":"lake"},"id":139},
{"type":"Feature","geometry":{"type":"Polygon","coordinates":[[[-122.662596,43.975523],[-122.665711,43.976154],[-122.670623,43.974444],[-122.674632,43.972195],[-122.679513,43.9713],[-122.681044,43.969031],[-122.692147,43.965284],[-122.695333,43.96292],[-122.695067,43.961042],[-122.699541,43.958898],[-122.703584,43.955838],[-122.706843,43.956851],[-122.711935,43.955436],[-122.716105,43.956437],[-122.717681,43.955374],[-122.72264,43.954729],[-122.725387,43.956004],[-122.732762,43.956316],[-122.733554,43.954765],[-122.73861,43.955686],[-122.743927,43.953298],[-122.74773,43.953608],[-122.752163,43.955874],[-122.755691,43.956408],[-122.756427,43.946892],[-122.757548,43.942033],[-122.756144,43.940229],[-122.752195,43.939226],[-122.751874,43.941912],[-122.746815,43.942347],[-122.746788,43.939871],[-122.743417,43.938657],[-122.74214,43.937114],[-122.73741,43.935951],[-122.734913,43.934171],[-122.732479,43.935228],[-122.731167,43.933325],[-122.72555,43.932754],[-122.72274,43.931657],[-122.718629,43.931539],[-122.717132,43.929266],[-122.713686,43.928069],[-122.708911,43.928823],[-122.704033,43.925136],[-122.701877,43.92541],[-122.706702,43.929735],[-122.709671,43.931427],[-122.713014,43.930526],[-122.716016,43.930776],[-122.718555,43.933844],[-122.72328,43.933405],[-122.726644,43.93616],[-122.728799,43.936138],[-122.732202,43.938757],[-122.735451,43.939368],[-122.741544,43.94229],[-122.740583,43.945484],[-122.733507,43.945009],[-122.727455,43.946885],[-122.728076,43.94993],[-122.718949,43.950862],[-122.715959,43.953169],[-122.712496,43.952872],[-122.707506,43.953917],[-122.702918,43.951533],[-122.699897,43.952425],[-122.697497,43.957101],[-122.690281,43.959868],[-122.690426,43.96139],[-122.685511,43.961719],[-122.678207,43.965039],[-122.674899,43.96597],[-122.669629,43.970286],[-122.666049,43.974759],[-122.662596,43.975523]]]},"properties":{"OBJECTID":48,"fhdFtrID":48,"fhdRefID":53684,"fhdRevDt":"20190214","fhdONm":"Peter Robinson","fhdOEnt":"ODFW","fhdSpNm":"BG","fhdRun":"NA","fhdLifeHst":"Resident","fhdUseTy":"ResidentMultipleUses","fhdBasis":"UndocObsFish","fhdStNm":"Fall Creek Lake","fhdGenus":"Lepomis","fhdSp":"macrochirus","fhdSubSp":null,"fhdOrig":"NonNative","fhdProd":"Natural","fhdComment":null,"fhdESH":"NA","fhdBasisD":null,"fhdNMF":"no","fhdBasisDt":null,"fhdBasisNm":null,"fhdBasisEnt":null,"fhdBasisPrj":null,"fhdBasisMethod":null,"fhdAccess":null,"fhdBarrierFtrID":null,"fhdEndExtent":null,"Shape__Area":13405141.33083174,"Shape__Length":49377.49752017484,"habitatType":"lake"},"id":140},
{"type":"Feature","geometry":{"type":"Polygon","coordinates":[[[-123.053916,44.705811],[-123.053824,44.705943],[-123.0541,44.706925],[-123.054324,44.706826],[-123.053916,44.705811]]]},"properties":{"OBJECTID":49,"fhdFtrID":49,"fhdRefID":53684,"fhdRevDt":"20190214","fhdONm":"Peter Robinson","fhdOEnt":"ODFW","fhdSpNm":"BG","fhdRun":"NA","fhdLifeHst":"Resident","fhdUseTy":"ResidentMultipleUses","fhdBasis":"UndocObsFish","fhdStNm":"Jefferson Junction Borrow Pit ","fhdGenus":"Lepomis","fhdSp":"macrochirus","fhdSubSp":null,"fhdOrig":"NonNative","fhdProd":"Natural","fhdComment":null,"fhdESH":"NA","fhdBasisD":null,"fhdNMF":"no","fhdBasisDt":null,"fhdBasisNm":null,"fhdBasisEnt":null,"fhdBasisPrj":null,"fhdBasisMethod":null,"fhdAccess":null,"fhdBarrierFtrID":null,"fhdEndExtent":null,"Shape__Area":4894.373073565,"Shape__Length":398.36628948022593,"habitatType":"lake"},"id":141},
{"type":"Feature","geometry":{"type":"Polygon","coordinates":[[[-123.252591,45.101257],[-123.252386,45.104171],[-123.253587,45.104385],[-123.253388,45.102174],[-123.252591,45.101257]]]},"properties":{"OBJECTID":50,"fhdFtrID":50,"fhdRefID":53684,"fhdRevDt":"20190214","fhdONm":"Peter Robinson","fhdOEnt":"ODFW","fhdSpNm":"BG","fhdRun":"NA","fhdLifeHst":"Resident","fhdUseTy":"ResidentMultipleUses","fhdBasis":"UndocObsFish","fhdStNm":"Withy Lake ","fhdGenus":"Lepomis","fhdSp":"macrochirus","fhdSubSp":null,"fhdOrig":"NonNative","fhdProd":"Natural","fhdComment":null,"fhdESH":"NA","fhdBasisD":null,"fhdNMF":"no","fhdBasisDt":null,"fhdBasisNm":null,"fhdBasisEnt":null,"fhdBasisPrj":null,"fhdBasisMethod":null,"fhdAccess":null,"fhdBarrierFtrID":null,"fhdEndExtent":null,"Shape__Area":70833.588374645,"Shape__Length":1839.6519994863174,"habitatType":"lake"},"id":142},
{"type":"Feature","geometry":{"type":"Polygon","coordinates":[[[-122.988042,44.909417],[-122.988468,44.910838],[-122.990924,44.911742],[-122.989005,44.907166],[-122.988042,44.909417]]]},"properties":{"OBJECTID":51,"fhdFtrID":51,"fhdRefID":53684,"fhdRevDt":"20190214","fhdONm":"Peter Robinson","fhdOEnt":"ODFW","fhdSpNm":"BG","fhdRun":"NA","fhdLifeHst":"Resident","fhdUseTy":"ResidentMultipleUses","fhdBasis":"UndocObsFish","fhdStNm":"Wirth Lake","fhdGenus":"Lepomis","fhdSp":"macrochirus","fhdSubSp":null,"fhdOrig":"NonNative","fhdProd":"Natural","fhdComment":null,"fhdESH":"NA","fhdBasisD":null,"fhdNMF":"no","fhdBasisDt":null,"fhdBasisNm":null,"fhdBasisEnt":null,"fhdBasisPrj":null,"fhdBasisMethod":null,"fhdAccess":null,"fhdBarrierFtrID":null,"fhdEndExtent":null,"Shape__Area":143453.98414238,"Shape__Length":2338.135376262992,"habitatType":"lake"},"id":143},
{"type":"Feature","geometry":{"type":"Polygon","coordinates":[[[-123.028468,43.792559],[-123.029184,43.792251],[-123.027635,43.791875],[-123.027351,43.792081],[-123.028468,43.792559]]]},"properties":{"OBJECTID":52,"fhdFtrID":52,"fhdRefID":53684,"fhdRevDt":"20190214","fhdONm":"Peter Robinson","fhdOEnt":"ODFW","fhdSpNm":"BG","fhdRun":"NA","fhdLifeHst":"Resident","fhdUseTy":"ResidentMultipleUses","fhdBasis":"UndocObsFish","fhdStNm":"Cottage Grove Ponds","fhdGenus":"Lepomis","fhdSp":"macrochirus","fhdSubSp":null,"fhdOrig":"NonNative","fhdProd":"Natural","fhdComment":null,"fhdESH":"NA","fhdBasisD":null,"fhdNMF":"no","fhdBasisDt":null,"fhdBasisNm":null,"fhdBasisEnt":null,"fhdBasisPrj":null,"fhdBasisMethod":null,"fhdAccess":null,"fhdBarrierFtrID":null,"fhdEndExtent":null,"Shape__Area":12125.97494473,"Shape__Length":524.4000379864506,"habitatType":"lake"},"id":144},
{"type":"Feature","geometry":{"type":"Polygon","coordinates":[[[-122.735096,45.616007],[-122.730312,45.617669],[-122.733919,45.621624],[-122.736843,45.620728],[-122.740691,45.621802],[-122.743513,45.62078],[-122.748127,45.621162],[-122.749864,45.622363],[-122.747484,45.62496],[-122.750971,45.625276],[-122.752188,45.627241],[-122.754878,45.627922],[-122.753983,45.623439],[-122.757323,45.622261],[-122.750675,45.620678],[-122.74792,45.617535],[-122.743195,45.615205],[-122.738789,45.615756],[-122.737959,45.615981],[-122.735479,45.616032],[-122.735096,45.616007]]]},"properties":{"OBJECTID":53,"fhdFtrID":53,"fhdRefID":53684,"fhdRevDt":"20190214","fhdONm":"Peter Robinson","fhdOEnt":"ODFW","fhdSpNm":"BG","fhdRun":"NA","fhdLifeHst":"Resident","fhdUseTy":"ResidentMultipleUses","fhdBasis":"UndocObsFish","fhdStNm":"Bybee Lake","fhdGenus":"Lepomis","fhdSp":"macrochirus","fhdSubSp":null,"fhdOrig":"NonNative","fhdProd":"Natural","fhdComment":null,"fhdESH":"NA","fhdBasisD":null,"fhdNMF":"no","fhdBasisDt":null,"fhdBasisNm":null,"fhdBasisEnt":null,"fhdBasisPrj":null,"fhdBasisMethod":null,"fhdAccess":null,"fhdBarrierFtrID":null,"fhdEndExtent":null,"Shape__Area":1916145.08317101,"Shape__Length":17285.852429924096,"habitatType":"lake"},"id":145},
{"type":"Feature","geometry":{"type":"Polygon","coordinates":[[[-123.065931,44.59192],[-123.063028,44.590274],[-123.057114,44.589857],[-123.057221,44.591788],[-123.060939,44.591789],[-123.063035,44.590455],[-123.065931,44.59192]]]},"properties":{"OBJECTID":54,"fhdFtrID":54,"fhdRefID":53684,"fhdRevDt":"20190214","fhdONm":"Peter Robinson","fhdOEnt":"ODFW","fhdSpNm":"BG","fhdRun":"NA","fhdLifeHst":"Resident","fhdUseTy":"ResidentMultipleUses","fhdBasis":"UndocObsFish","fhdStNm":"Freeway Lakes","fhdGenus":"Lepomis","fhdSp":"macrochirus","fhdSubSp":null,"fhdOrig":"NonNative","fhdProd":"Natural","fhdComment":null,"fhdESH":"NA","fhdBasisD":null,"fhdNMF":"no","fhdBasisDt":null,"fhdBasisNm":null,"fhdBasisEnt":null,"fhdBasisPrj":null,"fhdBasisMethod":null,"fhdAccess":null,"fhdBarrierFtrID":null,"fhdEndExtent":null,"Shape__Area":305078.344354025,"Shape__Length":4134.62192345138,"habitatType":"lake"},"id":146},
{"type":"Feature","geometry":{"type":"Polygon","coordinates":[[[-122.443553,44.533327],[-122.448433,44.532981],[-122.4521,44.525603],[-122.454017,44.524586],[-122.458382,44.520038],[-122.461984,44.512551],[-122.460534,44.508948],[-122.458985,44.507811],[-122.459755,44.505087],[-122.463207,44.502055],[-122.461197,44.498157],[-122.463608,44.497007],[-122.470139,44.49941],[-122.474279,44.500149],[-122.476865,44.49904],[-122.481028,44.498964],[-122.480747,44.497244],[-122.483391,44.492417],[-122.483152,44.489935],[-122.494857,44.488602],[-122.497733,44.486755],[-122.497643,44.4845],[-122.503003,44.480521],[-122.503615,44.477265],[-122.507992,44.475754],[-122.509436,44.47914],[-122.508051,44.486251],[-122.503773,44.490617],[-122.506406,44.490813],[-122.510063,44.488884],[-122.512435,44.485158],[-122.513022,44.47555],[-122.514919,44.474581],[-122.517508,44.47592],[-122.517669,44.479909],[-122.521833,44.48179],[-122.521089,44.476183],[-122.519425,44.473043],[-122.521859,44.465653],[-122.524697,44.462595],[-122.526767,44.461672],[-122.53016,44.464153],[-122.530706,44.460621],[-122.535281,44.459159],[-122.535918,44.457829],[-122.54001,44.457175],[-122.545566,44.455109],[-122.551198,44.451418],[-122.54697,44.449002],[-122.544579,44.449519],[-122.542601,44.4525],[-122.539482,44.453775],[-122.535214,44.454315],[-122.528603,44.453073],[-122.526969,44.455452],[-122.520087,44.458047],[-122.516762,44.456872],[-122.517595,44.460346],[-122.516276,44.46156],[-122.511547,44.462625],[-122.50923,44.466387],[-122.502109,44.466874],[-122.500156,44.468801],[-122.497464,44.467457],[-122.496363,44.469464],[-122.490721,44.469034],[-122.48711,44.465853],[-122.479834,44.462624],[-122.482136,44.465871],[-122.485593,44.46708],[-122.488623,44.46974],[-122.486286,44.47063],[-122.483051,44.469981],[-122.482245,44.468379],[-122.476358,44.46711],[-122.479142,44.470012],[-122.474199,44.470165],[-122.4699,44.472522],[-122.469035,44.474746],[-122.462825,44.475806],[-122.458052,44.475698],[-122.448144,44.473922],[-122.440362,44.469045],[-122.440988,44.471961],[-122.442885,44.472087],[-122.445114,44.474794],[-122.441195,44.474483],[-122.436747,44.476815],[-122.435901,44.478602],[-122.43021,44.481162],[-122.427713,44.481069],[-122.423274,44.483211],[-122.413645,44.485481],[-122.406198,44.488971],[-122.403803,44.493919],[-122.411503,44.492325],[-122.41572,44.494044],[-122.420068,44.492878],[-122.426043,44.489311],[-122.430167,44.487842],[-122.431991,44.485821],[-122.434938,44.484944],[-122.440088,44.482206],[-122.443395,44.478959],[-122.446264,44.478851],[-122.449544,44.481185],[-122.453923,44.480184],[-122.457371,44.480745],[-122.464049,44.480543],[-122.468987,44.479652],[-122.472071,44.477911],[-122.474952,44.477686],[-122.475926,44.479495],[-122.481203,44.480384],[-122.486421,44.480151],[-122.48979,44.481611],[-122.491838,44.483664],[-122.491766,44.485729],[-122.485831,44.485356],[-122.480594,44.487484],[-122.478927,44.487179],[-122.478605,44.492296],[-122.476468,44.49519],[-122.471656,44.497576],[-122.46568,44.495333],[-122.460085,44.496058],[-122.458338,44.498049],[-122.46157,44.501026],[-122.45647,44.50476],[-122.457325,44.509203],[-122.460147,44.511192],[-122.457487,44.514015],[-122.457676,44.518653],[-122.453537,44.523828],[-122.447459,44.530289],[-122.447166,44.532516],[-122.443553,44.533327]]]},"properties":{"OBJECTID":55,"fhdFtrID":55,"fhdRefID":53684,"fhdRevDt":"20190214","fhdONm":"Peter Robinson","fhdOEnt":"ODFW","fhdSpNm":"BG","fhdRun":"NA","fhdLifeHst":"Resident","fhdUseTy":"ResidentMultipleUses","fhdBasis":"UndocObsFish","fhdStNm":"Green Peter Reservoir","fhdGenus":"Lepomis","fhdSp":"macrochirus","fhdSubSp":null,"fhdOrig":"NonNative","fhdProd":"Natural","fhdComment":null,"fhdESH":"NA","fhdBasisD":null,"fhdNMF":"no","fhdBasisDt":null,"fhdBasisNm":null,"fhdBasisEnt":null,"fhdBasisPrj":null,"fhdBasisMethod":null,"fhdAccess":null,"fhdBarrierFtrID":null,"fhdEndExtent":null,"Shape__Area":27970537.726991344,"Shape__Length":119978.83226247807,"habitatType":"lake"},"id":147},
{"type":"Feature","geometry":{"type":"Polygon","coordinates":[[[-122.683612,45.59784],[-122.683515,45.597943],[-122.683149,45.598135],[-122.683199,45.598177],[-122.683478,45.598048],[-122.683612,45.597938],[-122.683612,45.59784]]]},"properties":{"OBJECTID":56,"fhdFtrID":56,"fhdRefID":53684,"fhdRevDt":"20190214","fhdONm":"Peter Robinson","fhdOEnt":"ODFW","fhdSpNm":"BG","fhdRun":"NA","fhdLifeHst":"Resident","fhdUseTy":"ResidentMultipleUses","fhdBasis":"UndocObsFish","fhdStNm":"Delta Park Ponds ","fhdGenus":"Lepomis","fhdSp":"macrochirus","fhdSubSp":null,"fhdOrig":"NonNative","fhdProd":"Natural","fhdComment":null,"fhdESH":"NA","fhdBasisD":null,"fhdNMF":"no","fhdBasisDt":null,"fhdBasisNm":null,"fhdBasisEnt":null,"fhdBasisPrj":null,"fhdBasisMethod":null,"fhdAccess":null,"fhdBarrierFtrID":null,"fhdEndExtent":null,"Shape__Area":3510.29518264,"Shape__Length":778.4914602709579,"habitatType":"lake"},"id":148},
{"type":"Feature","geometry":{"type":"Polygon","coordinates":[[[-123.067632,44.641669],[-123.071275,44.640395],[-123.07036,44.639309],[-123.067632,44.641669]]]},"properties":{"OBJECTID":57,"fhdFtrID":57,"fhdRefID":53684,"fhdRevDt":"20190214","fhdONm":"Peter Robinson","fhdOEnt":"ODFW","fhdSpNm":"BG","fhdRun":"NA","fhdLifeHst":"Resident","fhdUseTy":"ResidentMultipleUses","fhdBasis":"UndocObsFish","fhdStNm":"Waverly Lake ","fhdGenus":"Lepomis","fhdSp":"macrochirus","fhdSubSp":null,"fhdOrig":"NonNative","fhdProd":"Natural","fhdComment":null,"fhdESH":"NA","fhdBasisD":null,"fhdNMF":"no","fhdBasisDt":null,"fhdBasisNm":null,"fhdBasisEnt":null,"fhdBasisPrj":null,"fhdBasisMethod":null,"fhdAccess":null,"fhdBarrierFtrID":null,"fhdEndExtent":null,"Shape__Area":81791.14170408,"Shape__Length":1506.1258383266297,"habitatType":"lake"},"id":149},
{"type":"Feature","geometry":{"type":"Polygon","coordinates":[[[-122.805375,45.512577],[-122.808067,45.512271],[-122.810806,45.511677],[-122.810838,45.510997],[-122.808302,45.511803],[-122.80614,45.51197],[-122.805375,45.512577]]]},"properties":{"OBJECTID":58,"fhdFtrID":58,"fhdRefID":53684,"fhdRevDt":"20190214","fhdONm":"Peter Robinson","fhdOEnt":"ODFW","fhdSpNm":"BG","fhdRun":"NA","fhdLifeHst":"Resident","fhdUseTy":"ResidentMultipleUses","fhdBasis":"UndocObsFish","fhdStNm":"Commonwealth Lake","fhdGenus":"Lepomis","fhdSp":"macrochirus","fhdSubSp":null,"fhdOrig":"NonNative","fhdProd":"Natural","fhdComment":null,"fhdESH":"NA","fhdBasisD":null,"fhdNMF":"no","fhdBasisDt":null,"fhdBasisNm":null,"fhdBasisEnt":null,"fhdBasisPrj":null,"fhdBasisMethod":null,"fhdAccess":null,"fhdBarrierFtrID":null,"fhdEndExtent":null,"Shape__Area":52690.701846555,"Shape__Length":1626.0965173569398,"habitatType":"lake"},"id":150},
{"type":"Feature","geometry":{"type":"Polygon","coordinates":[[[-123.234687,45.497914],[-123.237426,45.49776],[-123.231738,45.492916],[-123.230564,45.490524],[-123.226771,45.487795],[-123.231191,45.485819],[-123.233595,45.4832],[-123.228024,45.48399],[-123.22373,45.482207],[-123.223932,45.47934],[-123.219155,45.475645],[-123.218023,45.471552],[-123.214225,45.471635],[-123.210213,45.470099],[-123.207205,45.471257],[-123.202465,45.470451],[-123.199548,45.474943],[-123.203188,45.476669],[-123.210512,45.481571],[-123.21227,45.483543],[-123.211166,45.488527],[-123.215452,45.486395],[-123.216695,45.489367],[-123.220877,45.493419],[-123.222252,45.497129],[-123.227297,45.495841],[-123.229895,45.497159],[-123.234687,45.497914]]]},"properties":{"OBJECTID":59,"fhdFtrID":59,"fhdRefID":53684,"fhdRevDt":"20190214","fhdONm":"Peter Robinson","fhdOEnt":"ODFW","fhdSpNm":"BG","fhdRun":"NA","fhdLifeHst":"Resident","fhdUseTy":"ResidentMultipleUses","fhdBasis":"UndocObsFish","fhdStNm":"Henry Hagg Lake","fhdGenus":"Lepomis","fhdSp":"macrochirus","fhdSubSp":null,"fhdOrig":"NonNative","fhdProd":"Natural","fhdComment":null,"fhdESH":"NA","fhdBasisD":null,"fhdNMF":"no","fhdBasisDt":null,"fhdBasisNm":null,"fhdBasisEnt":null,"fhdBasisPrj":null,"fhdBasisMethod":null,"fhdAccess":null,"fhdBarrierFtrID":null,"fhdEndExtent":null,"Shape__Area":7338566.494593225,"Shape__Length":24360.73132895802,"habitatType":"lake"},"id":151},
{"type":"Feature","geometry":{"type":"Polygon","coordinates":[[[-122.79849,45.75367],[-122.797129,45.755631],[-122.798472,45.757115],[-122.801722,45.756567],[-122.804964,45.754388],[-122.803983,45.751533],[-122.804866,45.748689],[-122.809284,45.744182],[-122.803924,45.743469],[-122.80307,45.74157],[-122.804802,45.739815],[-122.803894,45.734893],[-122.801528,45.731897],[-122.801881,45.729153],[-122.795787,45.726832],[-122.796257,45.724769],[-122.802109,45.72669],[-122.804404,45.728534],[-122.80655,45.73858],[-122.805922,45.74055],[-122.812066,45.741269],[-122.816454,45.740237],[-122.817559,45.742394],[-122.821462,45.742311],[-122.829243,45.74079],[-122.831766,45.740988],[-122.833881,45.738875],[-122.830832,45.736949],[-122.830244,45.73363],[-122.831778,45.730014],[-122.829231,45.727617],[-122.82978,45.724783],[-122.831674,45.724193],[-122.830529,45.7178],[-122.827223,45.714673],[-122.823518,45.714224],[-122.825039,45.721752],[-122.824514,45.725082],[-122.821773,45.729368],[-122.821359,45.732429],[-122.816571,45.732331],[-122.815153,45.72471],[-122.815607,45.719536],[-122.81361,45.713324],[-122.811448,45.708364],[-122.810094,45.700973],[-122.815912,45.697539],[-122.814158,45.695135],[-122.808051,45.69401],[-122.803923,45.698498],[-122.803218,45.700809],[-122.793484,45.703413],[-122.792874,45.70135],[-122.795013,45.698695],[-122.799577,45.70027],[-122.802577,45.69829],[-122.807526,45.691926],[-122.800322,45.695958],[-122.794465,45.698185],[-122.793008,45.700039],[-122.788959,45.701591],[-122.787368,45.703291],[-122.786857,45.707247],[-122.790569,45.708828],[-122.791304,45.710782],[-122.795228,45.711008],[-122.796582,45.712687],[-122.792454,45.714749],[-122.792853,45.715753],[-122.791856,45.722529],[-122.78634,45.723851],[-122.783433,45.726335],[-122.784873,45.727993],[-122.785355,45.73551],[-122.787673,45.738385],[-122.786722,45.743351],[-122.788923,45.747922],[-122.791031,45.748383],[-122.79121,45.752732],[-122.794729,45.753051],[-122.799143,45.750544],[-122.79849,45.75367]],[[-122.794993,45.710481],[-122.791368,45.708949],[-122.793851,45.707578],[-122.794993,45.710481]]]},"properties":{"OBJECTID":60,"fhdFtrID":60,"fhdRefID":53684,"fhdRevDt":"20190214","fhdONm":"Peter Robinson","fhdOEnt":"ODFW","fhdSpNm":"BG","fhdRun":"NA","fhdLifeHst":"Resident","fhdUseTy":"ResidentMultipleUses","fhdBasis":"UndocObsFish","fhdStNm":"Sturgeon Lake","fhdGenus":"Lepomis","fhdSp":"macrochirus","fhdSubSp":null,"fhdOrig":"NonNative","fhdProd":"Natural","fhdComment":null,"fhdESH":"NA","fhdBasisD":null,"fhdNMF":"no","fhdBasisDt":null,"fhdBasisNm":null,"fhdBasisEnt":null,"fhdBasisPrj":null,"fhdBasisMethod":null,"fhdAccess":null,"fhdBarrierFtrID":null,"fhdEndExtent":null,"Shape__Area":26283117.452131316,"Shape__Length":89255.07772463848,"habitatType":"lake"},"id":152},
{"type":"Feature","geometry":{"type":"Polygon","coordinates":[[[-123.196243,44.70822],[-123.195663,44.709752],[-123.19692,44.710496],[-123.196243,44.70822]]]},"properties":{"OBJECTID":61,"fhdFtrID":61,"fhdRefID":53684,"fhdRevDt":"20190214","fhdONm":"Peter Robinson","fhdOEnt":"ODFW","fhdSpNm":"BG","fhdRun":"NA","fhdLifeHst":"Resident","fhdUseTy":"ResidentMultipleUses","fhdBasis":"UndocObsFish","fhdStNm":"E.E. Wilson Pond","fhdGenus":"Lepomis","fhdSp":"macrochirus","fhdSubSp":null,"fhdOrig":"NonNative","fhdProd":"Natural","fhdComment":null,"fhdESH":"NA","fhdBasisD":null,"fhdNMF":"no","fhdBasisDt":null,"fhdBasisNm":null,"fhdBasisEnt":null,"fhdBasisPrj":null,"fhdBasisMethod":null,"fhdAccess":null,"fhdBarrierFtrID":null,"fhdEndExtent":null,"Shape__Area":40249.294142715,"Shape__Length":1019.7798032096998,"habitatType":"lake"},"id":153},
{"type":"Feature","geometry":{"type":"Polygon","coordinates":[[[-122.958687,45.264106],[-122.962967,45.261443],[-122.957257,45.262191],[-122.958687,45.264106]]]},"properties":{"OBJECTID":62,"fhdFtrID":62,"fhdRefID":53684,"fhdRevDt":"20190214","fhdONm":"Peter Robinson","fhdOEnt":"ODFW","fhdSpNm":"BG","fhdRun":"NA","fhdLifeHst":"Resident","fhdUseTy":"ResidentMultipleUses","fhdBasis":"UndocObsFish","fhdStNm":"Skookum Lakes","fhdGenus":"Lepomis","fhdSp":"macrochirus","fhdSubSp":null,"fhdOrig":"NonNative","fhdProd":"Natural","fhdComment":null,"fhdESH":"NA","fhdBasisD":null,"fhdNMF":"no","fhdBasisDt":null,"fhdBasisNm":null,"fhdBasisEnt":null,"fhdBasisPrj":null,"fhdBasisMethod":null,"fhdAccess":null,"fhdBarrierFtrID":null,"fhdEndExtent":null,"Shape__Area":237843.475578635,"Shape__Length":2340.786512040427,"habitatType":"lake"},"id":154},
{"type":"Feature","geometry":{"type":"Polygon","coordinates":[[[-123.05345,44.63826],[-123.053804,44.638886],[-123.056256,44.638227],[-123.055956,44.637728],[-123.05345,44.63826]]]},"properties":{"OBJECTID":63,"fhdFtrID":63,"fhdRefID":53684,"fhdRevDt":"20190214","fhdONm":"Peter Robinson","fhdOEnt":"ODFW","fhdSpNm":"BG","fhdRun":"NA","fhdLifeHst":"Resident","fhdUseTy":"ResidentMultipleUses","fhdBasis":"UndocObsFish","fhdStNm":"Timber-Linn Lake","fhdGenus":"Lepomis","fhdSp":"macrochirus","fhdSubSp":null,"fhdOrig":"NonNative","fhdProd":"Natural","fhdComment":null,"fhdESH":"NA","fhdBasisD":null,"fhdNMF":"no","fhdBasisDt":null,"fhdBasisNm":null,"fhdBasisEnt":null,"fhdBasisPrj":null,"fhdBasisMethod":null,"fhdAccess":null,"fhdBarrierFtrID":null,"fhdEndExtent":null,"Shape__Area":50989.335330445,"Shape__Length":1211.3820771206479,"habitatType":"lake"},"id":155},
{"type":"Feature","geometry":{"type":"Polygon","coordinates":[[[-123.010448,43.923323],[-123.010926,43.92241],[-123.008308,43.921877],[-123.00811,43.922488],[-123.010448,43.923323]]]},"properties":{"OBJECTID":64,"fhdFtrID":64,"fhdRefID":53684,"fhdRevDt":"20190214","fhdONm":"Peter Robinson","fhdOEnt":"ODFW","fhdSpNm":"BG","fhdRun":"NA","fhdLifeHst":"Resident","fhdUseTy":"ResidentMultipleUses","fhdBasis":"UndocObsFish","fhdStNm":"Garden Lake","fhdGenus":"Lepomis","fhdSp":"macrochirus","fhdSubSp":null,"fhdOrig":"NonNative","fhdProd":"Natural","fhdComment":null,"fhdESH":"NA","fhdBasisD":null,"fhdNMF":"no","fhdBasisDt":null,"fhdBasisNm":null,"fhdBasisEnt":null,"fhdBasisPrj":null,"fhdBasisMethod":null,"fhdAccess":null,"fhdBarrierFtrID":null,"fhdEndExtent":null,"Shape__Area":55282.881831415,"Shape__Length":1041.4698771190026,"habitatType":"lake"},"id":156},
{"type":"Feature","geometry":{"type":"Polygon","coordinates":[[[-123.218844,44.666162],[-123.219744,44.666573],[-123.220152,44.666172],[-123.218844,44.666162]]]},"properties":{"OBJECTID":65,"fhdFtrID":65,"fhdRefID":53684,"fhdRevDt":"20190214","fhdONm":"Peter Robinson","fhdOEnt":"ODFW","fhdSpNm":"BG","fhdRun":"NA","fhdLifeHst":"Resident","fhdUseTy":"ResidentMultipleUses","fhdBasis":"UndocObsFish","fhdStNm":"Adair Pond","fhdGenus":"Lepomis","fhdSp":"macrochirus","fhdSubSp":null,"fhdOrig":"NonNative","fhdProd":"Natural","fhdComment":null,"fhdESH":"NA","fhdBasisD":null,"fhdNMF":"no","fhdBasisDt":null,"fhdBasisNm":null,"fhdBasisEnt":null,"fhdBasisPrj":null,"fhdBasisMethod":null,"fhdAccess":null,"fhdBarrierFtrID":null,"fhdEndExtent":null,"Shape__Area":6389.66913352,"Shape__Length":358.8373531182482,"habitatType":"lake"},"id":157},
{"type":"Feature","geometry":{"type":"Polygon","coordinates":[[[-122.929972,45.11533],[-122.931375,45.115428],[-122.932282,45.114677],[-122.930732,45.114507],[-122.929972,45.11533]]]},"properties":{"OBJECTID":66,"fhdFtrID":66,"fhdRefID":53684,"fhdRevDt":"20190214","fhdONm":"Peter Robinson","fhdOEnt":"ODFW","fhdSpNm":"BG","fhdRun":"NA","fhdLifeHst":"Resident","fhdUseTy":"ResidentMultipleUses","fhdBasis":"UndocObsFish","fhdStNm":"St. Louis Ponds","fhdGenus":"Lepomis","fhdSp":"macrochirus","fhdSubSp":null,"fhdOrig":"NonNative","fhdProd":"Natural","fhdComment":null,"fhdESH":"NA","fhdBasisD":null,"fhdNMF":"no","fhdBasisDt":null,"fhdBasisNm":null,"fhdBasisEnt":null,"fhdBasisPrj":null,"fhdBasisMethod":null,"fhdAccess":null,"fhdBarrierFtrID":null,"fhdEndExtent":null,"Shape__Area":38138.000854575,"Shape__Length":2062.1122037876553,"habitatType":"lake"},"id":158},
{"type":"Feature","geometry":{"type":"Polygon","coordinates":[[[-122.738789,45.615756],[-122.740058,45.613478],[-122.743504,45.610915],[-122.74218,45.608847],[-122.735305,45.604685],[-122.727987,45.603453],[-122.720085,45.603692],[-122.718952,45.605234],[-122.721057,45.608575],[-122.714459,45.609576],[-122.713858,45.612439],[-122.720536,45.614556],[-122.722171,45.615779],[-122.729841,45.614948],[-122.735096,45.616007],[-122.735479,45.616032],[-122.737959,45.615981],[-122.738789,45.615756]]]},"properties":{"OBJECTID":67,"fhdFtrID":67,"fhdRefID":53684,"fhdRevDt":"20190219","fhdONm":"Peter Robinson","fhdOEnt":null,"fhdSpNm":null,"fhdRun":null,"fhdLifeHst":null,"fhdUseTy":null,"fhdBasis":null,"fhdStNm":"Smith Lake","fhdGenus":null,"fhdSp":null,"fhdSubSp":null,"fhdOrig":null,"fhdProd":null,"fhdComment":null,"fhdESH":null,"fhdBasisD":null,"fhdNMF":null,"fhdBasisDt":null,"fhdBasisNm":null,"fhdBasisEnt":null,"fhdBasisPrj":null,"fhdBasisMethod":null,"fhdAccess":null,"fhdBarrierFtrID":null,"fhdEndExtent":null,"Shape__Area":4204710.042151095,"Shape__Length":19581.304953776194,"habitatType":"lake"},"id":159},
{"type":"Feature","geometry":{"type":"Polygon","coordinates":[[[-123.20243,44.179371],[-123.202628,44.180348],[-123.204817,44.180046],[-123.204626,44.179069],[-123.20243,44.179371]]]},"properties":{"OBJECTID":68,"fhdFtrID":68,"fhdRefID":53684,"fhdRevDt":"20190214","fhdONm":"Peter Robinson","fhdOEnt":"ODFW","fhdSpNm":"BG","fhdRun":"NA","fhdLifeHst":"Resident","fhdUseTy":"ResidentMultipleUses","fhdBasis":"UndocObsFish","fhdStNm":"Junction City Pond","fhdGenus":"Lepomis","fhdSp":"macrochirus","fhdSubSp":null,"fhdOrig":"NonNative","fhdProd":"Natural","fhdComment":null,"fhdESH":"NA","fhdBasisD":null,"fhdNMF":"no","fhdBasisDt":null,"fhdBasisNm":null,"fhdBasisEnt":null,"fhdBasisPrj":null,"fhdBasisMethod":null,"fhdAccess":null,"fhdBarrierFtrID":null,"fhdEndExtent":null,"Shape__Area":49157.960186285,"Shape__Length":891.5237789893262,"habitatType":"lake"},"id":160},
{"type":"Feature","geometry":{"type":"Polygon","coordinates":[[[-124.217577,43.536261],[-124.220575,43.534527],[-124.219714,43.531709],[-124.22061,43.528728],[-124.217764,43.528902],[-124.216579,43.530507],[-124.219065,43.534552],[-124.217577,43.536261]]]},"properties":{"OBJECTID":69,"fhdFtrID":69,"fhdRefID":53684,"fhdRevDt":"20190214","fhdONm":"Peter Robinson","fhdOEnt":"ODFW","fhdSpNm":"BG","fhdRun":"NA","fhdLifeHst":"Resident","fhdUseTy":"ResidentMultipleUses","fhdBasis":"UndocObsFish","fhdStNm":"Saunders Lake","fhdGenus":"Lepomis","fhdSp":"macrochirus","fhdSubSp":null,"fhdOrig":"NonNative","fhdProd":"Natural","fhdComment":null,"fhdESH":"NA","fhdBasisD":null,"fhdNMF":"no","fhdBasisDt":null,"fhdBasisNm":null,"fhdBasisEnt":null,"fhdBasisPrj":null,"fhdBasisMethod":null,"fhdAccess":null,"fhdBarrierFtrID":null,"fhdEndExtent":null,"Shape__Area":432543.91275857,"Shape__Length":10058.345048884401,"habitatType":"lake"},"id":161},
{"type":"Feature","geometry":{"type":"Polygon","coordinates":[[[-124.259627,43.397767],[-124.262862,43.397155],[-124.262316,43.394667],[-124.258268,43.396548],[-124.259627,43.397767]]]},"properties":{"OBJECTID":70,"fhdFtrID":70,"fhdRefID":53684,"fhdRevDt":"20190214","fhdONm":"Peter Robinson","fhdOEnt":"ODFW","fhdSpNm":"BG","fhdRun":"NA","fhdLifeHst":"Resident","fhdUseTy":"ResidentMultipleUses","fhdBasis":"UndocObsFish","fhdStNm":"Empire Lakes","fhdGenus":"Lepomis","fhdSp":"macrochirus","fhdSubSp":null,"fhdOrig":"NonNative","fhdProd":"Natural","fhdComment":null,"fhdESH":"NA","fhdBasisD":null,"fhdNMF":"no","fhdBasisDt":null,"fhdBasisNm":null,"fhdBasisEnt":null,"fhdBasisPrj":null,"fhdBasisMethod":null,"fhdAccess":null,"fhdBarrierFtrID":null,"fhdEndExtent":null,"Shape__Area":169598.490982075,"Shape__Length":3609.300809429159,"habitatType":"lake"},"id":162},
{"type":"Feature","geometry":{"type":"Polygon","coordinates":[[[-123.579728,42.265358],[-123.580291,42.263788],[-123.58491,42.260883],[-123.585224,42.257837],[-123.580925,42.257462],[-123.575416,42.259629],[-123.571388,42.257673],[-123.570174,42.259565],[-123.579728,42.265358]]]},"properties":{"OBJECTID":71,"fhdFtrID":71,"fhdRefID":53718,"fhdRevDt":"20190509","fhdONm":"Kevin Stertz","fhdOEnt":"ODFW","fhdSpNm":"BG","fhdRun":"NA","fhdLifeHst":"Resident","fhdUseTy":"ResidentMultipleUses","fhdBasis":"DocObsFish","fhdStNm":"Lake Selmac","fhdGenus":"Lepomis","fhdSp":"macrochirus","fhdSubSp":null,"fhdOrig":"NonNative","fhdProd":"Natural","fhdComment":null,"fhdESH":"NA","fhdBasisD":null,"fhdNMF":"no","fhdBasisDt":"20180000","fhdBasisNm":"Kevin Stertz","fhdBasisEnt":null,"fhdBasisPrj":null,"fhdBasisMethod":"Electrofisher","fhdAccess":null,"fhdBarrierFtrID":null,"fhdEndExtent":null,"Shape__Area":1032499.082302755,"Shape__Length":7614.554058973567,"habitatType":"lake"},"id":163},
{"type":"Feature","geometry":{"type":"Polygon","coordinates":[[[-124.185015,43.653785],[-124.187496,43.649464],[-124.185959,43.64631],[-124.190608,43.643156],[-124.189784,43.639716],[-124.188008,43.63706],[-124.184457,43.63363],[-124.18216,43.634041],[-124.181443,43.636696],[-124.178259,43.638061],[-124.177372,43.640897],[-124.183725,43.639886],[-124.186033,43.64061],[-124.184462,43.643327],[-124.178656,43.644423],[-124.176865,43.646692],[-124.177002,43.649257],[-124.181247,43.646332],[-124.184059,43.648707],[-124.183746,43.652357],[-124.185015,43.653785]]]},"properties":{"OBJECTID":72,"fhdFtrID":72,"fhdRefID":53684,"fhdRevDt":"20190214","fhdONm":"Peter Robinson","fhdOEnt":"ODFW","fhdSpNm":"BG","fhdRun":"NA","fhdLifeHst":"Resident","fhdUseTy":"ResidentMultipleUses","fhdBasis":"UndocObsFish","fhdStNm":"Clear Lake","fhdGenus":"Lepomis","fhdSp":"macrochirus","fhdSubSp":null,"fhdOrig":"NonNative","fhdProd":"Natural","fhdComment":null,"fhdESH":"NA","fhdBasisD":null,"fhdNMF":"no","fhdBasisDt":null,"fhdBasisNm":null,"fhdBasisEnt":null,"fhdBasisPrj":null,"fhdBasisMethod":null,"fhdAccess":null,"fhdBarrierFtrID":null,"fhdEndExtent":null,"Shape__Area":2396494.894770115,"Shape__Length":18516.138940613644,"habitatType":"lake"},"id":164},
{"type":"Feature","geometry":{"type":"Polygon","coordinates":[[[-123.573648,44.177855],[-123.578931,44.177283],[-123.581344,44.175856],[-123.580808,44.173308],[-123.57769,44.168785],[-123.573526,44.16636],[-123.569192,44.167148],[-123.56925,44.169697],[-123.563837,44.172411],[-123.563385,44.173926],[-123.568299,44.176393],[-123.573648,44.177855]]]},"properties":{"OBJECTID":73,"fhdFtrID":73,"fhdRefID":53684,"fhdRevDt":"20190618","fhdONm":"Peter Robinson","fhdOEnt":"ODFW","fhdSpNm":"BG","fhdRun":"NA","fhdLifeHst":"Resident","fhdUseTy":"ResidentMultipleUses","fhdBasis":"UndocObsFish","fhdStNm":"Triangle Lake","fhdGenus":"Lepomis","fhdSp":"macrochirus","fhdSubSp":null,"fhdOrig":"NonNative","fhdProd":"Natural","fhdComment":null,"fhdESH":"NA","fhdBasisD":null,"fhdNMF":"no","fhdBasisDt":null,"fhdBasisNm":null,"fhdBasisEnt":null,"fhdBasisPrj":null,"fhdBasisMethod":null,"fhdAccess":null,"fhdBarrierFtrID":null,"fhdEndExtent":null,"Shape__Area":2397590.807928095,"Shape__Length":9888.023355413172,"habitatType":"lake"},"id":165},
{"type":"Feature","geometry":{"type":"Polygon","coordinates":[[[-122.874012,42.420625],[-122.875997,42.421009],[-122.879713,42.419957],[-122.875473,42.417616],[-122.871473,42.416376],[-122.8703,42.419486],[-122.874012,42.420625]]]},"properties":{"OBJECTID":74,"fhdFtrID":74,"fhdRefID":53684,"fhdRevDt":"20190214","fhdONm":"Peter Robinson","fhdOEnt":"ODFW","fhdSpNm":"BG","fhdRun":"NA","fhdLifeHst":"Resident","fhdUseTy":"ResidentMultipleUses","fhdBasis":"UndocObsFish","fhdStNm":"Denman Management Area Ponds","fhdGenus":"Lepomis","fhdSp":"macrochirus","fhdSubSp":null,"fhdOrig":"NonNative","fhdProd":"Natural","fhdComment":null,"fhdESH":"NA","fhdBasisD":null,"fhdNMF":"no","fhdBasisDt":null,"fhdBasisNm":null,"fhdBasisEnt":null,"fhdBasisPrj":null,"fhdBasisMethod":null,"fhdAccess":null,"fhdBarrierFtrID":null,"fhdEndExtent":null,"Shape__Area":414025.33695285,"Shape__Length":2970.2894341405354,"habitatType":"lake"},"id":166},
{"type":"Feature","geometry":{"type":"Polygon","coordinates":[[[-122.666788,42.708026],[-122.670658,42.70659],[-122.671601,42.703182],[-122.667145,42.701504],[-122.664185,42.6977],[-122.666844,42.692652],[-122.671277,42.687799],[-122.668507,42.684728],[-122.665272,42.683459],[-122.664611,42.681395],[-122.667477,42.679674],[-122.674166,42.680373],[-122.675542,42.679225],[-122.674472,42.676497],[-122.674065,42.671201],[-122.676131,42.665351],[-122.671941,42.665021],[-122.670412,42.66628],[-122.660491,42.667064],[-122.652424,42.66485],[-122.647434,42.665572],[-122.644902,42.670524],[-122.640029,42.675856],[-122.638073,42.679444],[-122.639767,42.681596],[-122.638783,42.683261],[-122.635329,42.679772],[-122.624424,42.679431],[-122.621303,42.685271],[-122.620859,42.688067],[-122.615741,42.68896],[-122.610709,42.690984],[-122.600469,42.692624],[-122.597081,42.69477],[-122.595371,42.699641],[-122.590609,42.701334],[-122.584656,42.702298],[-122.57969,42.701122],[-122.575675,42.701924],[-122.573365,42.703798],[-122.57109,42.709519],[-122.573706,42.70888],[-122.575731,42.704171],[-122.579745,42.702833],[-122.586264,42.70463],[-122.590006,42.703436],[-122.5977,42.70194],[-122.600133,42.700115],[-122.599708,42.696957],[-122.603167,42.695217],[-122.607602,42.696435],[-122.613248,42.694068],[-122.616357,42.694083],[-122.617792,42.691921],[-122.620958,42.694418],[-122.623679,42.690308],[-122.62721,42.690229],[-122.628206,42.688545],[-122.635415,42.690463],[-122.635112,42.692765],[-122.640065,42.693053],[-122.642232,42.69473],[-122.642716,42.697785],[-122.646547,42.695295],[-122.652627,42.697638],[-122.653715,42.695175],[-122.658073,42.697292],[-122.659094,42.700579],[-122.65785,42.703339],[-122.658642,42.704904],[-122.664042,42.702293],[-122.667114,42.703743],[-122.667928,42.70528],[-122.666788,42.708026]]]},"properties":{"OBJECTID":75,"fhdFtrID":75,"fhdRefID":53684,"fhdRevDt":"20190214","fhdONm":"Peter Robinson","fhdOEnt":"ODFW","fhdSpNm":"BG","fhdRun":"NA","fhdLifeHst":"Resident","fhdUseTy":"ResidentMultipleUses","fhdBasis":"UndocObsFish","fhdStNm":"Lost Creek Reservoir","fhdGenus":"Lepomis","fhdSp":"macrochirus","fhdSubSp":null,"fhdOrig":"NonNative","fhdProd":"Natural","fhdComment":null,"fhdESH":"NA","fhdBasisD":null,"fhdNMF":"no","fhdBasisDt":null,"fhdBasisNm":null,"fhdBasisEnt":null,"fhdBasisPrj":null,"fhdBasisMethod":null,"fhdAccess":null,"fhdBarrierFtrID":null,"fhdEndExtent":null,"Shape__Area":23643144.7476151,"Shape__Length":63862.79459044005,"habitatType":"lake"},"id":167},
{"type":"Feature","geometry":{"type":"Polygon","coordinates":[[[-123.926032,44.686648],[-123.931047,44.685381],[-123.929232,44.68329],[-123.921986,44.685671],[-123.922185,44.688108],[-123.926032,44.686648]]]},"properties":{"OBJECTID":76,"fhdFtrID":76,"fhdRefID":53718,"fhdRevDt":"20190509","fhdONm":"Kevin Stertz","fhdOEnt":"ODFW","fhdSpNm":"BG","fhdRun":"NA","fhdLifeHst":"Resident","fhdUseTy":"ResidentMultipleUses","fhdBasis":"DocObsFish","fhdStNm":"Olalla Reservoir","fhdGenus":"Lepomis","fhdSp":"macrochirus","fhdSubSp":null,"fhdOrig":"NonNative","fhdProd":"Natural","fhdComment":null,"fhdESH":"NA","fhdBasisD":null,"fhdNMF":"no","fhdBasisDt":"20180000","fhdBasisNm":"Kevin Stertz","fhdBasisEnt":"ODFW","fhdBasisPrj":null,"fhdBasisMethod":"Electrofisher","fhdAccess":null,"fhdBarrierFtrID":null,"fhdEndExtent":null,"Shape__Area":770061.587892165,"Shape__Length":9047.700873327389,"habitatType":"lake"},"id":168},
{"type":"Feature","geometry":{"type":"Polygon","coordinates":[[[-123.348758,42.429234],[-123.349254,42.429456],[-123.349751,42.429224],[-123.349058,42.428756],[-123.348758,42.429234]]]},"properties":{"OBJECTID":77,"fhdFtrID":77,"fhdRefID":53684,"fhdRevDt":"20190214","fhdONm":"Peter Robinson","fhdOEnt":"ODFW","fhdSpNm":"BG","fhdRun":"NA","fhdLifeHst":"Resident","fhdUseTy":"ResidentMultipleUses","fhdBasis":"UndocObsFish","fhdStNm":"All Sports Park Pond","fhdGenus":"Lepomis","fhdSp":"macrochirus","fhdSubSp":null,"fhdOrig":"NonNative","fhdProd":"Natural","fhdComment":null,"fhdESH":"NA","fhdBasisD":null,"fhdNMF":"no","fhdBasisDt":null,"fhdBasisNm":null,"fhdBasisEnt":null,"fhdBasisPrj":null,"fhdBasisMethod":null,"fhdAccess":null,"fhdBarrierFtrID":null,"fhdEndExtent":null,"Shape__Area":10654.62985074,"Shape__Length":618.0002551319974,"habitatType":"lake"},"id":169},
{"type":"Feature","geometry":{"type":"Polygon","coordinates":[[[-122.823749,42.419292],[-122.823267,42.420187],[-122.824646,42.420335],[-122.824957,42.419357],[-122.823749,42.419292]]]},"properties":{"OBJECTID":78,"fhdFtrID":78,"fhdRefID":53684,"fhdRevDt":"20190214","fhdONm":"Peter Robinson","fhdOEnt":"ODFW","fhdSpNm":"BG","fhdRun":"NA","fhdLifeHst":"Resident","fhdUseTy":"ResidentMultipleUses","fhdBasis":"UndocObsFish","fhdStNm":"Hoover Ponds ","fhdGenus":"Lepomis","fhdSp":"macrochirus","fhdSubSp":null,"fhdOrig":"NonNative","fhdProd":"Natural","fhdComment":null,"fhdESH":"NA","fhdBasisD":null,"fhdNMF":"no","fhdBasisDt":null,"fhdBasisNm":null,"fhdBasisEnt":null,"fhdBasisPrj":null,"fhdBasisMethod":null,"fhdAccess":null,"fhdBarrierFtrID":null,"fhdEndExtent":null,"Shape__Area":25529.993206435,"Shape__Length":608.6171401317083,"habitatType":"lake"},"id":170},
{"type":"Feature","geometry":{"type":"Polygon","coordinates":[[[-123.590101,43.05095],[-123.59115,43.051746],[-123.595386,43.050756],[-123.593963,43.049055],[-123.589742,43.050171],[-123.587398,43.048107],[-123.585953,43.048091],[-123.582831,43.045457],[-123.580436,43.044908],[-123.569958,43.045519],[-123.565842,43.046243],[-123.562706,43.045766],[-123.559562,43.046617],[-123.559517,43.043499],[-123.556254,43.040057],[-123.554211,43.041259],[-123.556098,43.046842],[-123.558814,43.049438],[-123.563447,43.048203],[-123.566022,43.049641],[-123.57171,43.047352],[-123.575317,43.047505],[-123.580564,43.04622],[-123.584359,43.0483],[-123.587413,43.048777],[-123.590101,43.05095]]]},"properties":{"OBJECTID":79,"fhdFtrID":79,"fhdRefID":53718,"fhdRevDt":"20190509","fhdONm":"Kevin Stertz","fhdOEnt":"ODFW","fhdSpNm":"BG","fhdRun":"NA","fhdLifeHst":"Resident","fhdUseTy":"ResidentMultipleUses","fhdBasis":"DocObsFish","fhdStNm":"Ben Irving Reservoir","fhdGenus":"Lepomis","fhdSp":"macrochirus","fhdSubSp":null,"fhdOrig":"NonNative","fhdProd":"Natural","fhdComment":null,"fhdESH":"NA","fhdBasisD":null,"fhdNMF":"no","fhdBasisDt":"20180000","fhdBasisNm":"Kevin Stertz","fhdBasisEnt":null,"fhdBasisPrj":null,"fhdBasisMethod":"Electrofisher","fhdAccess":null,"fhdBarrierFtrID":null,"fhdEndExtent":null,"Shape__Area":1686187.53484692,"Shape__Length":14846.048560311088,"habitatType":"lake"},"id":171},
{"type":"Feature","geometry":{"type":"Polygon","coordinates":[[[-123.113066,42.051184],[-123.114104,42.052867],[-123.112715,42.055535],[-123.116805,42.056584],[-123.117377,42.055026],[-123.123038,42.053471],[-123.1257,42.051774],[-123.13169,42.04993],[-123.130904,42.04822],[-123.130293,42.041844],[-123.135665,42.041901],[-123.135993,42.040775],[-123.144141,42.038351],[-123.146132,42.038691],[-123.149031,42.031563],[-123.147963,42.028745],[-123.152968,42.02419],[-123.157225,42.022203],[-123.162131,42.021088],[-123.160864,42.017262],[-123.157782,42.017744],[-123.153929,42.020775],[-123.148711,42.021962],[-123.147544,42.024287],[-123.145453,42.025317],[-123.142943,42.02822],[-123.143401,42.031507],[-123.141883,42.032373],[-123.144088,42.035658],[-123.138159,42.035602],[-123.135153,42.034939],[-123.131949,42.035646],[-123.127707,42.039766],[-123.125121,42.037211],[-123.122572,42.036521],[-123.116729,42.033609],[-123.112624,42.034757],[-123.110518,42.034317],[-123.108023,42.036202],[-123.112891,42.037134],[-123.117972,42.03676],[-123.121016,42.040494],[-123.123015,42.040357],[-123.123816,42.042815],[-123.126288,42.042488],[-123.123656,42.048156],[-123.121298,42.04733],[-123.118575,42.047909],[-123.117285,42.050342],[-123.115119,42.050543],[-123.112647,42.048492],[-123.112784,42.046753],[-123.105307,42.047445],[-123.11138,42.049511],[-123.113066,42.051184]]]},"properties":{"OBJECTID":80,"fhdFtrID":80,"fhdRefID":53684,"fhdRevDt":"20190214","fhdONm":"Peter Robinson","fhdOEnt":"ODFW","fhdSpNm":"BG","fhdRun":"NA","fhdLifeHst":"Resident","fhdUseTy":"ResidentMultipleUses","fhdBasis":"UndocObsFish","fhdStNm":"Applegate Lake","fhdGenus":"Lepomis","fhdSp":"macrochirus","fhdSubSp":null,"fhdOrig":"NonNative","fhdProd":"Natural","fhdComment":null,"fhdESH":"NA","fhdBasisD":null,"fhdNMF":"no","fhdBasisDt":null,"fhdBasisNm":null,"fhdBasisEnt":null,"fhdBasisPrj":null,"fhdBasisMethod":null,"fhdAccess":null,"fhdBarrierFtrID":null,"fhdEndExtent":null,"Shape__Area":6971189.686030145,"Shape__Length":41929.872675770544,"habitatType":"lake"},"id":172},
{"type":"Feature","geometry":{"type":"Polygon","coordinates":[[[-123.493547,44.246903],[-123.496521,44.244581],[-123.495214,44.242462],[-123.492463,44.241664],[-123.493547,44.246903]]]},"properties":{"OBJECTID":81,"fhdFtrID":81,"fhdRefID":53684,"fhdRevDt":"20190214","fhdONm":"Peter Robinson","fhdOEnt":"ODFW","fhdSpNm":"BG","fhdRun":"NA","fhdLifeHst":"Resident","fhdUseTy":"ResidentMultipleUses","fhdBasis":"UndocObsFish","fhdStNm":"Hult Reservoir","fhdGenus":"Lepomis","fhdSp":"macrochirus","fhdSubSp":null,"fhdOrig":"NonNative","fhdProd":"Natural","fhdComment":null,"fhdESH":"NA","fhdBasisD":null,"fhdNMF":"no","fhdBasisDt":null,"fhdBasisNm":null,"fhdBasisEnt":null,"fhdBasisPrj":null,"fhdBasisMethod":null,"fhdAccess":null,"fhdBarrierFtrID":null,"fhdEndExtent":null,"Shape__Area":325339.1859367,"Shape__Length":3500.376849962695,"habitatType":"lake"},"id":173},
{"type":"Feature","geometry":{"type":"Polygon","coordinates":[[[-123.168345,42.8525],[-123.173053,42.852193],[-123.176045,42.849163],[-123.179135,42.848066],[-123.177436,42.844301],[-123.173391,42.844402],[-123.168432,42.845622],[-123.165325,42.842916],[-123.166486,42.839298],[-123.163305,42.835466],[-123.157387,42.835353],[-123.149131,42.836384],[-123.156515,42.838921],[-123.156807,42.845182],[-123.158171,42.848236],[-123.163591,42.850088],[-123.168345,42.8525]]]},"properties":{"OBJECTID":82,"fhdFtrID":82,"fhdRefID":53718,"fhdRevDt":"20190509","fhdONm":"Kevin Stertz","fhdOEnt":"ODFW","fhdSpNm":"BG","fhdRun":"NA","fhdLifeHst":"Resident","fhdUseTy":"ResidentMultipleUses","fhdBasis":"DocObsFish","fhdStNm":"Galesville Reservoir","fhdGenus":"Lepomis","fhdSp":"macrochirus","fhdSubSp":null,"fhdOrig":"NonNative","fhdProd":"Natural","fhdComment":null,"fhdESH":"NA","fhdBasisD":null,"fhdNMF":"no","fhdBasisDt":"20180000","fhdBasisNm":"Kevin Stertz","fhdBasisEnt":null,"fhdBasisPrj":null,"fhdBasisMethod":"Electrofisher","fhdAccess":null,"fhdBarrierFtrID":null,"fhdEndExtent":null,"Shape__Area":4199699.83910377,"Shape__Length":19957.10202379356,"habitatType":"lake"},"id":174},
{"type":"Feature","geometry":{"type":"Polygon","coordinates":[[[-124.086952,44.064664],[-124.092201,44.062278],[-124.091478,44.057923],[-124.094183,44.058847],[-124.099017,44.057985],[-124.098171,44.05491],[-124.095398,44.053874],[-124.093178,44.056673],[-124.088373,44.057052],[-124.088677,44.060493],[-124.086952,44.064664]]]},"properties":{"OBJECTID":83,"fhdFtrID":83,"fhdRefID":53684,"fhdRevDt":"20190214","fhdONm":"Peter Robinson","fhdOEnt":"ODFW","fhdSpNm":"BG","fhdRun":"NA","fhdLifeHst":"Resident","fhdUseTy":"ResidentMultipleUses","fhdBasis":"UndocObsFish","fhdStNm":"Sutton Lake","fhdGenus":"Lepomis","fhdSp":"macrochirus","fhdSubSp":null,"fhdOrig":"NonNative","fhdProd":"Natural","fhdComment":null,"fhdESH":"NA","fhdBasisD":null,"fhdNMF":"no","fhdBasisDt":null,"fhdBasisNm":null,"fhdBasisEnt":null,"fhdBasisPrj":null,"fhdBasisMethod":null,"fhdAccess":null,"fhdBarrierFtrID":null,"fhdEndExtent":null,"Shape__Area":893763.39322878,"Shape__Length":7850.055638732848,"habitatType":"lake"},"id":175},
{"type":"Feature","geometry":{"type":"Polygon","coordinates":[[[-124.094032,43.93098],[-124.098087,43.928211],[-124.100867,43.928358],[-124.104731,43.927161],[-124.105155,43.925635],[-124.102086,43.923561],[-124.101568,43.921728],[-124.103138,43.918352],[-124.104138,43.911515],[-124.10902,43.911821],[-124.108217,43.909339],[-124.113802,43.905236],[-124.116119,43.900329],[-124.112187,43.900007],[-124.10781,43.902534],[-124.105873,43.90097],[-124.102279,43.90242],[-124.09991,43.904874],[-124.100617,43.907541],[-124.097949,43.912877],[-124.095673,43.915539],[-124.091945,43.915969],[-124.087089,43.912328],[-124.082977,43.911152],[-124.083851,43.91389],[-124.088264,43.918516],[-124.095326,43.919798],[-124.092117,43.926204],[-124.094677,43.927943],[-124.094032,43.93098]]]},"properties":{"OBJECTID":84,"fhdFtrID":84,"fhdRefID":53718,"fhdRevDt":"20190509","fhdONm":"Kevin Stertz","fhdOEnt":"ODFW","fhdSpNm":"BG","fhdRun":"NA","fhdLifeHst":"Resident","fhdUseTy":"ResidentMultipleUses","fhdBasis":"DocObsFish","fhdStNm":"Woahink Lake","fhdGenus":"Lepomis","fhdSp":"macrochirus","fhdSubSp":null,"fhdOrig":"NonNative","fhdProd":"Natural","fhdComment":null,"fhdESH":"NA","fhdBasisD":null,"fhdNMF":"no","fhdBasisDt":"20180000","fhdBasisNm":"Kevin Stertz","fhdBasisEnt":null,"fhdBasisPrj":null,"fhdBasisMethod":"Electrofisher","fhdAccess":null,"fhdBarrierFtrID":null,"fhdEndExtent":null,"Shape__Area":5767374.119530805,"Shape__Length":32134.141595000463,"habitatType":"lake"},"id":176},
{"type":"Feature","geometry":{"type":"Polygon","coordinates":[[[-123.947513,45.515612],[-123.948902,45.514498],[-123.947294,45.51058],[-123.954441,45.507858],[-123.957756,45.505026],[-123.954331,45.504045],[-123.949235,45.503985],[-123.943836,45.506767],[-123.945663,45.512677],[-123.947513,45.515612]]]},"properties":{"OBJECTID":85,"fhdFtrID":85,"fhdRefID":53718,"fhdRevDt":"20190508","fhdONm":"Kevin Stertz","fhdOEnt":"ODFW","fhdSpNm":"BG","fhdRun":"NA","fhdLifeHst":"Resident","fhdUseTy":"ResidentMultipleUses","fhdBasis":"DocObsFish","fhdStNm":"Cape Meares Lake","fhdGenus":"Lepomis","fhdSp":"macrochirus","fhdSubSp":null,"fhdOrig":"NonNative","fhdProd":"Natural","fhdComment":null,"fhdESH":"NA","fhdBasisD":null,"fhdNMF":"no","fhdBasisDt":"20170000","fhdBasisNm":"Kevin Stertz","fhdBasisEnt":null,"fhdBasisPrj":null,"fhdBasisMethod":"Electrofisher","fhdAccess":null,"fhdBarrierFtrID":null,"fhdEndExtent":null,"Shape__Area":1298367.482674145,"Shape__Length":9016.5602280881,"habitatType":"lake"},"id":177},
{"type":"Feature","geometry":{"type":"Polygon","coordinates":[[[-124.140909,43.615389],[-124.145863,43.611963],[-124.146655,43.60992],[-124.145518,43.606185],[-124.147293,43.603718],[-124.148092,43.600118],[-124.149623,43.598536],[-124.147744,43.593575],[-124.156929,43.592546],[-124.159216,43.583248],[-124.156424,43.582313],[-124.156131,43.579966],[-124.160534,43.577049],[-124.16245,43.576841],[-124.164398,43.575092],[-124.166619,43.571477],[-124.166187,43.571508],[-124.163966,43.575168],[-124.16204,43.576791],[-124.158163,43.576749],[-124.15459,43.57774],[-124.152725,43.581252],[-124.154518,43.581765],[-124.154555,43.585619],[-124.152924,43.588453],[-124.148841,43.585469],[-124.144291,43.585902],[-124.14111,43.584718],[-124.136255,43.580805],[-124.136734,43.58451],[-124.138797,43.584912],[-124.142401,43.588136],[-124.140311,43.589642],[-124.136887,43.588731],[-124.134608,43.589411],[-124.133212,43.596178],[-124.131019,43.597496],[-124.125592,43.596375],[-124.121001,43.597239],[-124.120803,43.595697],[-124.113339,43.592123],[-124.115307,43.596899],[-124.117301,43.597235],[-124.115893,43.602206],[-124.118805,43.606107],[-124.11423,43.60848],[-124.113778,43.609992],[-124.112781,43.611114],[-124.113666,43.611389],[-124.12052,43.606779],[-124.120609,43.60482],[-124.118045,43.601122],[-124.118904,43.599867],[-124.125927,43.599154],[-124.126141,43.601794],[-124.129574,43.603039],[-124.132947,43.601214],[-124.134612,43.59819],[-124.137487,43.596235],[-124.138389,43.592183],[-124.143048,43.592208],[-124.145567,43.591139],[-124.146728,43.598754],[-124.145232,43.603523],[-124.141461,43.606568],[-124.141672,43.607268],[-124.143515,43.607043],[-124.144627,43.611489],[-124.14055,43.61478],[-124.140909,43.615389]]]},"properties":{"OBJECTID":86,"fhdFtrID":86,"fhdRefID":53684,"fhdRevDt":"20190214","fhdONm":"Peter Robinson","fhdOEnt":"ODFW","fhdSpNm":"BG","fhdRun":"NA","fhdLifeHst":"Resident","fhdUseTy":"ResidentMultipleUses","fhdBasis":"UndocObsFish","fhdStNm":"Tenmile Lakes","fhdGenus":"Lepomis","fhdSp":"macrochirus","fhdSubSp":null,"fhdOrig":"NonNative","fhdProd":"Natural","fhdComment":null,"fhdESH":"NA","fhdBasisD":null,"fhdNMF":"no","fhdBasisDt":null,"fhdBasisNm":null,"fhdBasisEnt":null,"fhdBasisPrj":null,"fhdBasisMethod":null,"fhdAccess":null,"fhdBarrierFtrID":null,"fhdEndExtent":null,"Shape__Area":6402007.97952417,"Shape__Length":47232.56444490168,"habitatType":"lake"},"id":178},
{"type":"Feature","geometry":{"type":"Polygon","coordinates":[[[-122.904454,42.384187],[-122.904691,42.384896],[-122.907653,42.383941],[-122.904958,42.38276],[-122.904454,42.384187]]]},"properties":{"OBJECTID":87,"fhdFtrID":87,"fhdRefID":53684,"fhdRevDt":"20190214","fhdONm":"Peter Robinson","fhdOEnt":"ODFW","fhdSpNm":"BG","fhdRun":"NA","fhdLifeHst":"Resident","fhdUseTy":"ResidentMultipleUses","fhdBasis":"UndocObsFish","fhdStNm":"Exposition Park Ponds","fhdGenus":"Lepomis","fhdSp":"macrochirus","fhdSubSp":null,"fhdOrig":"NonNative","fhdProd":"Natural","fhdComment":null,"fhdESH":"NA","fhdBasisD":null,"fhdNMF":"no","fhdBasisDt":null,"fhdBasisNm":null,"fhdBasisEnt":null,"fhdBasisPrj":null,"fhdBasisMethod":null,"fhdAccess":null,"fhdBarrierFtrID":null,"fhdEndExtent":null,"Shape__Area":104426.263545555,"Shape__Length":1715.6417634560014,"habitatType":"lake"},"id":179},
{"type":"Feature","geometry":{"type":"Polygon","coordinates":[[[-124.10248,43.831659],[-124.104421,43.831532],[-124.104827,43.828074],[-124.107638,43.825197],[-124.110753,43.824998],[-124.110039,43.822649],[-124.11313,43.820391],[-124.115659,43.820716],[-124.117018,43.823142],[-124.117018,43.827686],[-124.119929,43.828981],[-124.12443,43.826671],[-124.119387,43.824242],[-124.117373,43.81881],[-124.118212,43.816438],[-124.121172,43.812749],[-124.124882,43.80958],[-124.126293,43.810813],[-124.126025,43.813928],[-124.127585,43.81845],[-124.128871,43.818105],[-124.128239,43.813764],[-124.129998,43.812815],[-124.127964,43.807798],[-124.130702,43.80517],[-124.131206,43.801395],[-124.132738,43.799436],[-124.132255,43.797553],[-124.13949,43.799143],[-124.140979,43.800286],[-124.141858,43.804001],[-124.140886,43.8061],[-124.142526,43.807663],[-124.146243,43.808525],[-124.15013,43.807039],[-124.146919,43.805578],[-124.14489,43.802592],[-124.146506,43.799365],[-124.140318,43.795828],[-124.136864,43.794586],[-124.135935,43.791699],[-124.133021,43.788251],[-124.129417,43.785554],[-124.13143,43.780391],[-124.136084,43.777981],[-124.131609,43.775194],[-124.126238,43.775169],[-124.123496,43.773949],[-124.12557,43.772347],[-124.123992,43.77069],[-124.118732,43.774469],[-124.114922,43.77532],[-124.111089,43.773847],[-124.107258,43.774979],[-124.103519,43.77936],[-124.094264,43.781618],[-124.097628,43.783138],[-124.106527,43.779737],[-124.107873,43.777607],[-124.115793,43.777848],[-124.117696,43.777005],[-124.120527,43.77907],[-124.12567,43.778043],[-124.127446,43.779544],[-124.126159,43.783267],[-124.126158,43.790038],[-124.127724,43.795982],[-124.126353,43.800254],[-124.123212,43.799718],[-124.118509,43.79999],[-124.114235,43.803033],[-124.111991,43.801118],[-124.110973,43.798023],[-124.108123,43.796921],[-124.103513,43.797715],[-124.102197,43.795063],[-124.095361,43.793028],[-124.092763,43.793348],[-124.091437,43.795705],[-124.087187,43.795928],[-124.086239,43.792822],[-124.082896,43.792919],[-124.07917,43.794892],[-124.078455,43.797913],[-124.073808,43.800329],[-124.072568,43.804231],[-124.06931,43.806708],[-124.069717,43.809037],[-124.06756,43.810778],[-124.069137,43.814128],[-124.070968,43.813483],[-124.069997,43.811029],[-124.072074,43.809613],[-124.073286,43.807039],[-124.076233,43.805914],[-124.074558,43.803449],[-124.075634,43.800809],[-124.078748,43.799805],[-124.084027,43.795424],[-124.08493,43.797883],[-124.086893,43.798546],[-124.091447,43.79804],[-124.094772,43.79681],[-124.099289,43.79778],[-124.100707,43.799723],[-124.096427,43.802013],[-124.097538,43.803517],[-124.101337,43.800963],[-124.106037,43.801425],[-124.10962,43.805016],[-124.104743,43.806],[-124.10812,43.807758],[-124.102629,43.811346],[-124.104353,43.81218],[-124.107857,43.81015],[-124.111077,43.810477],[-124.116704,43.809304],[-124.120092,43.805228],[-124.122144,43.807447],[-124.11954,43.810104],[-124.116278,43.815545],[-124.114377,43.817538],[-124.111101,43.818539],[-124.109302,43.820564],[-124.1048,43.820659],[-124.103299,43.822295],[-124.102635,43.825792],[-124.099375,43.82531],[-124.095488,43.829301],[-124.101514,43.828059],[-124.100902,43.82981],[-124.10248,43.831659]]]},"properties":{"OBJECTID":88,"fhdFtrID":88,"fhdRefID":53718,"fhdRevDt":"20190509","fhdONm":"Kevin Stertz","fhdOEnt":"ODFW","fhdSpNm":"BG","fhdRun":"NA","fhdLifeHst":"Resident","fhdUseTy":"ResidentMultipleUses","fhdBasis":"DocObsFish","fhdStNm":"Tahkenitch Lake","fhdGenus":"Lepomis","fhdSp":"macrochirus","fhdSubSp":null,"fhdOrig":"NonNative","fhdProd":"Natural","fhdComment":null,"fhdESH":"NA","fhdBasisD":null,"fhdNMF":"no","fhdBasisDt":"20180000","fhdBasisNm":"Kevin Stertz","fhdBasisEnt":null,"fhdBasisPrj":null,"fhdBasisMethod":"Electrofisher","fhdAccess":null,"fhdBarrierFtrID":null,"fhdEndExtent":null,"Shape__Area":15968025.491645545,"Shape__Length":115151.20018983645,"habitatType":"lake"},"id":180},
{"type":"Feature","geometry":{"type":"Polygon","coordinates":[[[-124.234688,43.508605],[-124.236289,43.505229],[-124.234177,43.500524],[-124.231921,43.507608],[-124.234688,43.508605]]]},"properties":{"OBJECTID":89,"fhdFtrID":89,"fhdRefID":53684,"fhdRevDt":"20190214","fhdONm":"Peter Robinson","fhdOEnt":"ODFW","fhdSpNm":"BG","fhdRun":"NA","fhdLifeHst":"Resident","fhdUseTy":"ResidentMultipleUses","fhdBasis":"UndocObsFish","fhdStNm":"Beale Lake","fhdGenus":"Lepomis","fhdSp":"macrochirus","fhdSubSp":null,"fhdOrig":"NonNative","fhdProd":"Natural","fhdComment":null,"fhdESH":"NA","fhdBasisD":null,"fhdNMF":"no","fhdBasisDt":null,"fhdBasisNm":null,"fhdBasisEnt":null,"fhdBasisPrj":null,"fhdBasisMethod":null,"fhdAccess":null,"fhdBarrierFtrID":null,"fhdEndExtent":null,"Shape__Area":415636.43761064,"Shape__Length":4238.854969140803,"habitatType":"lake"},"id":181},
{"type":"Feature","geometry":{"type":"Polygon","coordinates":[[[-124.089698,43.904298],[-124.093273,43.900788],[-124.091412,43.897045],[-124.092427,43.893439],[-124.091036,43.88873],[-124.092938,43.883165],[-124.094921,43.882578],[-124.097119,43.88419],[-124.095838,43.886006],[-124.098753,43.888854],[-124.09805,43.892461],[-124.09964,43.893442],[-124.108638,43.8936],[-124.11014,43.893082],[-124.10936,43.88592],[-124.113556,43.885177],[-124.113363,43.881418],[-124.110805,43.88092],[-124.111259,43.878477],[-124.108745,43.875789],[-124.109846,43.873537],[-124.112402,43.873278],[-124.113628,43.869337],[-124.108772,43.860801],[-124.105926,43.859498],[-124.106237,43.857096],[-124.100654,43.85656],[-124.09745,43.850804],[-124.098853,43.849914],[-124.092608,43.844494],[-124.0907,43.845875],[-124.091457,43.847715],[-124.094976,43.848801],[-124.093083,43.852545],[-124.096067,43.853965],[-124.098576,43.856835],[-124.097997,43.86092],[-124.095445,43.85924],[-124.094587,43.856984],[-124.089422,43.857013],[-124.088148,43.858753],[-124.0844,43.855807],[-124.078507,43.85755],[-124.073955,43.8578],[-124.072015,43.856341],[-124.073683,43.853959],[-124.070797,43.851091],[-124.062757,43.854418],[-124.063388,43.855636],[-124.069231,43.855271],[-124.069139,43.857028],[-124.07156,43.859837],[-124.07731,43.860868],[-124.0802,43.860017],[-124.082967,43.860887],[-124.08278,43.86427],[-124.08376,43.866301],[-124.082615,43.868249],[-124.075007,43.872257],[-124.075668,43.874299],[-124.070954,43.87656],[-124.06622,43.881418],[-124.065446,43.884118],[-124.064741,43.893981],[-124.059778,43.894749],[-124.058692,43.897197],[-124.056514,43.897894],[-124.055777,43.90196],[-124.061901,43.902517],[-124.059497,43.899233],[-124.060172,43.89691],[-124.065083,43.896236],[-124.068354,43.894343],[-124.069408,43.892262],[-124.072394,43.892538],[-124.077201,43.888003],[-124.081132,43.887399],[-124.086316,43.88866],[-124.085125,43.891701],[-124.08594,43.898067],[-124.085076,43.90141],[-124.087956,43.901671],[-124.089698,43.904298]],[[-124.108578,43.867884],[-124.103672,43.866218],[-124.101212,43.862279],[-124.104021,43.862392],[-124.105593,43.865617],[-124.108578,43.867884]]]},"properties":{"OBJECTID":90,"fhdFtrID":90,"fhdRefID":53718,"fhdRevDt":"20190509","fhdONm":"Kevin Stertz","fhdOEnt":"ODFW","fhdSpNm":"BG","fhdRun":"NA","fhdLifeHst":"Resident","fhdUseTy":"ResidentMultipleUses","fhdBasis":"DocObsFish","fhdStNm":"Siltcoos Lake","fhdGenus":"Lepomis","fhdSp":"macrochirus","fhdSubSp":null,"fhdOrig":"NonNative","fhdProd":"Natural","fhdComment":null,"fhdESH":"NA","fhdBasisD":null,"fhdNMF":"no","fhdBasisDt":"20180000","fhdBasisNm":"Kevin Stertz","fhdBasisEnt":null,"fhdBasisPrj":null,"fhdBasisMethod":"Electrofisher","fhdAccess":null,"fhdBarrierFtrID":null,"fhdEndExtent":null,"Shape__Area":24193832.514073506,"Shape__Length":71550.49603910773,"habitatType":"lake"},"id":182},
{"type":"Feature","geometry":{"type":"Polygon","coordinates":[[[-124.148575,43.78743],[-124.149817,43.786911],[-124.146929,43.785141],[-124.146251,43.785592],[-124.148575,43.78743]]]},"properties":{"OBJECTID":91,"fhdFtrID":91,"fhdRefID":53684,"fhdRevDt":"20190214","fhdONm":"Peter Robinson","fhdOEnt":"ODFW","fhdSpNm":"BG","fhdRun":"NA","fhdLifeHst":"Resident","fhdUseTy":"ResidentMultipleUses","fhdBasis":"UndocObsFish","fhdStNm":"Elbow Lake","fhdGenus":"Lepomis","fhdSp":"macrochirus","fhdSubSp":null,"fhdOrig":"NonNative","fhdProd":"Natural","fhdComment":null,"fhdESH":"NA","fhdBasisD":null,"fhdNMF":"no","fhdBasisDt":null,"fhdBasisNm":null,"fhdBasisEnt":null,"fhdBasisPrj":null,"fhdBasisMethod":null,"fhdAccess":null,"fhdBarrierFtrID":null,"fhdEndExtent":null,"Shape__Area":139728.889529005,"Shape__Length":2624.7958168290006,"habitatType":"lake"},"id":183},
{"type":"Feature","geometry":{"type":"Polygon","coordinates":[[[-123.908042,46.024587],[-123.907403,46.026326],[-123.908563,46.025974],[-123.908042,46.024587]]]},"properties":{"OBJECTID":92,"fhdFtrID":92,"fhdRefID":53684,"fhdRevDt":"20190214","fhdONm":"Peter Robinson","fhdOEnt":"ODFW","fhdSpNm":"BG","fhdRun":"NA","fhdLifeHst":"Resident","fhdUseTy":"ResidentMultipleUses","fhdBasis":"UndocObsFish","fhdStNm":"Gearhart Gravel Pit","fhdGenus":"Lepomis","fhdSp":"macrochirus","fhdSubSp":null,"fhdOrig":"NonNative","fhdProd":"Natural","fhdComment":null,"fhdESH":"NA","fhdBasisD":null,"fhdNMF":"no","fhdBasisDt":null,"fhdBasisNm":null,"fhdBasisEnt":null,"fhdBasisPrj":null,"fhdBasisMethod":null,"fhdAccess":null,"fhdBarrierFtrID":null,"fhdEndExtent":null,"Shape__Area":27745.11231481,"Shape__Length":776.4861354700649,"habitatType":"lake"},"id":184},
{"type":"Feature","geometry":{"type":"Polygon","coordinates":[[[-124.077293,44.039137],[-124.079137,44.038255],[-124.07969,44.032289],[-124.076221,44.032295],[-124.077293,44.039137]]]},"properties":{"OBJECTID":93,"fhdFtrID":93,"fhdRefID":53684,"fhdRevDt":"20190214","fhdONm":"Peter Robinson","fhdOEnt":"ODFW","fhdSpNm":"BG","fhdRun":"NA","fhdLifeHst":"Resident","fhdUseTy":"ResidentMultipleUses","fhdBasis":"UndocObsFish","fhdStNm":"Collard Lake","fhdGenus":"Lepomis","fhdSp":"macrochirus","fhdSubSp":null,"fhdOrig":"NonNative","fhdProd":"Natural","fhdComment":null,"fhdESH":"NA","fhdBasisD":null,"fhdNMF":"no","fhdBasisDt":null,"fhdBasisNm":null,"fhdBasisEnt":null,"fhdBasisPrj":null,"fhdBasisMethod":null,"fhdAccess":null,"fhdBarrierFtrID":null,"fhdEndExtent":null,"Shape__Area":324267.784598405,"Shape__Length":4884.242798557664,"habitatType":"lake"},"id":185},
{"type":"Feature","geometry":{"type":"Polygon","coordinates":[[[-122.76644,42.414813],[-122.768853,42.415726],[-122.775174,42.414488],[-122.774999,42.410376],[-122.770299,42.403418],[-122.76732,42.403887],[-122.767786,42.406415],[-122.764344,42.408768],[-122.764485,42.412081],[-122.76644,42.414813]]]},"properties":{"OBJECTID":94,"fhdFtrID":94,"fhdRefID":53684,"fhdRevDt":"20190214","fhdONm":"Peter Robinson","fhdOEnt":"ODFW","fhdSpNm":"BG","fhdRun":"NA","fhdLifeHst":"Resident","fhdUseTy":"ResidentMultipleUses","fhdBasis":"UndocObsFish","fhdStNm":"Agate Reservoir","fhdGenus":"Lepomis","fhdSp":"macrochirus","fhdSubSp":null,"fhdOrig":"NonNative","fhdProd":"Natural","fhdComment":null,"fhdESH":"NA","fhdBasisD":null,"fhdNMF":"no","fhdBasisDt":null,"fhdBasisNm":null,"fhdBasisEnt":null,"fhdBasisPrj":null,"fhdBasisMethod":null,"fhdAccess":null,"fhdBarrierFtrID":null,"fhdEndExtent":null,"Shape__Area":1518822.048751095,"Shape__Length":7153.578969228619,"habitatType":"lake"},"id":186},
{"type":"Feature","geometry":{"type":"Polygon","coordinates":[[[-123.017111,42.043503],[-123.01921,42.043593],[-123.024344,42.037278],[-123.020873,42.037063],[-123.017111,42.043503]]]},"properties":{"OBJECTID":95,"fhdFtrID":95,"fhdRefID":53684,"fhdRevDt":"20190214","fhdONm":"Peter Robinson","fhdOEnt":"ODFW","fhdSpNm":"BG","fhdRun":"NA","fhdLifeHst":"Resident","fhdUseTy":"ResidentMultipleUses","fhdBasis":"UndocObsFish","fhdStNm":"Squaw Lakes","fhdGenus":"Lepomis","fhdSp":"macrochirus","fhdSubSp":null,"fhdOrig":"NonNative","fhdProd":"Natural","fhdComment":null,"fhdESH":"NA","fhdBasisD":null,"fhdNMF":"no","fhdBasisDt":null,"fhdBasisNm":null,"fhdBasisEnt":null,"fhdBasisPrj":null,"fhdBasisMethod":null,"fhdAccess":null,"fhdBarrierFtrID":null,"fhdEndExtent":null,"Shape__Area":403592.7806664,"Shape__Length":3724.7948480374484,"habitatType":"lake"},"id":187},
{"type":"Feature","geometry":{"type":"Polygon","coordinates":[[[-124.077107,44.010931],[-124.081582,44.010735],[-124.083474,44.009817],[-124.085965,44.006174],[-124.082807,44.004682],[-124.077334,44.005535],[-124.077164,44.007184],[-124.0798,44.008762],[-124.077107,44.010931]]]},"properties":{"OBJECTID":96,"fhdFtrID":96,"fhdRefID":53684,"fhdRevDt":"20190214","fhdONm":"Peter Robinson","fhdOEnt":"ODFW","fhdSpNm":"BG","fhdRun":"NA","fhdLifeHst":"Resident","fhdUseTy":"ResidentMultipleUses","fhdBasis":"UndocObsFish","fhdStNm":"Munsel Lake","fhdGenus":"Lepomis","fhdSp":"macrochirus","fhdSubSp":null,"fhdOrig":"NonNative","fhdProd":"Natural","fhdComment":null,"fhdESH":"NA","fhdBasisD":null,"fhdNMF":"no","fhdBasisDt":null,"fhdBasisNm":null,"fhdBasisEnt":null,"fhdBasisPrj":null,"fhdBasisMethod":null,"fhdAccess":null,"fhdBarrierFtrID":null,"fhdEndExtent":null,"Shape__Area":819451.383059885,"Shape__Length":7066.454660033698,"habitatType":"lake"},"id":188},
{"type":"Feature","geometry":{"type":"Polygon","coordinates":[[[-124.114397,43.94729],[-124.115822,43.945633],[-124.117618,43.940623],[-124.11932,43.939219],[-124.119386,43.935156],[-124.117648,43.932839],[-124.11554,43.932284],[-124.117252,43.92976],[-124.113628,43.929565],[-124.114296,43.932564],[-124.117676,43.933053],[-124.119128,43.937132],[-124.115448,43.943197],[-124.114397,43.94729]]]},"properties":{"OBJECTID":97,"fhdFtrID":97,"fhdRefID":53684,"fhdRevDt":"20190214","fhdONm":"Peter Robinson","fhdOEnt":"ODFW","fhdSpNm":"BG","fhdRun":"NA","fhdLifeHst":"Resident","fhdUseTy":"ResidentMultipleUses","fhdBasis":"UndocObsFish","fhdStNm":"Cleawox Lake","fhdGenus":"Lepomis","fhdSp":"macrochirus","fhdSubSp":null,"fhdOrig":"NonNative","fhdProd":"Natural","fhdComment":null,"fhdESH":"NA","fhdBasisD":null,"fhdNMF":"no","fhdBasisDt":null,"fhdBasisNm":null,"fhdBasisEnt":null,"fhdBasisPrj":null,"fhdBasisMethod":null,"fhdAccess":null,"fhdBarrierFtrID":null,"fhdEndExtent":null,"Shape__Area":562698.6291255,"Shape__Length":12528.545829735653,"habitatType":"lake"},"id":189},
{"type":"Feature","geometry":{"type":"Polygon","coordinates":[[[-123.36634,42.528771],[-123.366656,42.528428],[-123.366289,42.528028],[-123.366044,42.528469],[-123.36634,42.528771]]]},"properties":{"OBJECTID":98,"fhdFtrID":98,"fhdRefID":53684,"fhdRevDt":"20190214","fhdONm":"Peter Robinson","fhdOEnt":"ODFW","fhdSpNm":"BG","fhdRun":"NA","fhdLifeHst":"Resident","fhdUseTy":"ResidentMultipleUses","fhdBasis":"UndocObsFish","fhdStNm":"Sportsmans Park Pond","fhdGenus":"Lepomis","fhdSp":"macrochirus","fhdSubSp":null,"fhdOrig":"NonNative","fhdProd":"Natural","fhdComment":null,"fhdESH":"NA","fhdBasisD":null,"fhdNMF":"no","fhdBasisDt":null,"fhdBasisNm":null,"fhdBasisEnt":null,"fhdBasisPrj":null,"fhdBasisMethod":null,"fhdAccess":null,"fhdBarrierFtrID":null,"fhdEndExtent":null,"Shape__Area":5525.710230045,"Shape__Length":322.8236782450194,"habitatType":"lake"},"id":190},
{"type":"Feature","geometry":{"type":"Polygon","coordinates":[[[-124.072522,42.702553],[-124.072701,42.703357],[-124.073505,42.702926],[-124.072522,42.702553]]]},"properties":{"OBJECTID":99,"fhdFtrID":99,"fhdRefID":53684,"fhdRevDt":"20190214","fhdONm":"Peter Robinson","fhdOEnt":"ODFW","fhdSpNm":"BG","fhdRun":"NA","fhdLifeHst":"Resident","fhdUseTy":"ResidentMultipleUses","fhdBasis":"UndocObsFish","fhdStNm":"Azalea Lake","fhdGenus":"Lepomis","fhdSp":"macrochirus","fhdSubSp":null,"fhdOrig":"NonNative","fhdProd":"Natural","fhdComment":null,"fhdESH":"NA","fhdBasisD":null,"fhdNMF":"no","fhdBasisDt":null,"fhdBasisNm":null,"fhdBasisEnt":null,"fhdBasisPrj":null,"fhdBasisMethod":null,"fhdAccess":null,"fhdBarrierFtrID":null,"fhdEndExtent":null,"Shape__Area":10599.9230319,"Shape__Length":399.6109978772128,"habitatType":"lake"},"id":191},
{"type":"Feature","geometry":{"type":"Polygon","coordinates":[[[-123.945098,45.595462],[-123.947262,45.592899],[-123.94448,45.592685],[-123.945098,45.595462]]]},"properties":{"OBJECTID":100,"fhdFtrID":100,"fhdRefID":53684,"fhdRevDt":"20190214","fhdONm":"Peter Robinson","fhdOEnt":"ODFW","fhdSpNm":"BG","fhdRun":"NA","fhdLifeHst":"Resident","fhdUseTy":"ResidentMultipleUses","fhdBasis":"UndocObsFish","fhdStNm":"Spring Lake ","fhdGenus":"Lepomis","fhdSp":"macrochirus","fhdSubSp":null,"fhdOrig":"NonNative","fhdProd":"Natural","fhdComment":null,"fhdESH":"NA","fhdBasisD":null,"fhdNMF":"no","fhdBasisDt":null,"fhdBasisNm":null,"fhdBasisEnt":null,"fhdBasisPrj":null,"fhdBasisMethod":null,"fhdAccess":null,"fhdBarrierFtrID":null,"fhdEndExtent":null,"Shape__Area":138420.16146785,"Shape__Length":1666.4908519685453,"habitatType":"lake"},"id":192},
{"type":"Feature","geometry":{"type":"Polygon","coordinates":[[[-123.17474,45.853571],[-123.171497,45.854309],[-123.172588,45.856778],[-123.175595,45.856634],[-123.17474,45.853571]]]},"properties":{"OBJECTID":101,"fhdFtrID":101,"fhdRefID":53684,"fhdRevDt":"20190214","fhdONm":"Peter Robinson","fhdOEnt":"ODFW","fhdSpNm":"BG","fhdRun":"NA","fhdLifeHst":"Resident","fhdUseTy":"ResidentMultipleUses","fhdBasis":"UndocObsFish","fhdStNm":"Vernonia Lake","fhdGenus":"Lepomis","fhdSp":"macrochirus","fhdSubSp":null,"fhdOrig":"NonNative","fhdProd":"Natural","fhdComment":null,"fhdESH":"NA","fhdBasisD":null,"fhdNMF":"no","fhdBasisDt":null,"fhdBasisNm":null,"fhdBasisEnt":null,"fhdBasisPrj":null,"fhdBasisMethod":null,"fhdAccess":null,"fhdBarrierFtrID":null,"fhdEndExtent":null,"Shape__Area":268930.519702615,"Shape__Length":2076.514930720309,"habitatType":"lake"},"id":193},
{"type":"Feature","geometry":{"type":"Polygon","coordinates":[[[-124.180457,43.136209],[-124.18251,43.136282],[-124.185516,43.133982],[-124.189668,43.132498],[-124.189443,43.130033],[-124.182151,43.1301],[-124.180719,43.131663],[-124.180457,43.136209]]]},"properties":{"OBJECTID":102,"fhdFtrID":102,"fhdRefID":53684,"fhdRevDt":"20190214","fhdONm":"Peter Robinson","fhdOEnt":"ODFW","fhdSpNm":"BG","fhdRun":"NA","fhdLifeHst":"Resident","fhdUseTy":"ResidentMultipleUses","fhdBasis":"UndocObsFish","fhdStNm":"Johnson Mill Pond","fhdGenus":"Lepomis","fhdSp":"macrochirus","fhdSubSp":null,"fhdOrig":"NonNative","fhdProd":"Natural","fhdComment":null,"fhdESH":"NA","fhdBasisD":null,"fhdNMF":"no","fhdBasisDt":null,"fhdBasisNm":null,"fhdBasisEnt":null,"fhdBasisPrj":null,"fhdBasisMethod":null,"fhdAccess":null,"fhdBarrierFtrID":null,"fhdEndExtent":null,"Shape__Area":671920.234697355,"Shape__Length":3524.7725875397355,"habitatType":"lake"},"id":194},
{"type":"Feature","geometry":{"type":"Polygon","coordinates":[[[-123.978033,44.999563],[-123.982116,44.999393],[-123.986888,44.996516],[-123.992772,44.991973],[-123.993859,44.996897],[-123.995918,44.997113],[-123.996336,44.99269],[-123.99465,44.989086],[-123.990355,44.984226],[-123.994106,44.982519],[-123.993728,44.978976],[-123.995509,44.977826],[-123.996365,44.973795],[-123.999672,44.973622],[-124.000737,44.972181],[-124.005448,44.971832],[-124.007799,44.970884],[-124.009309,44.968026],[-124.007563,44.967323],[-124.001238,44.966966],[-123.996227,44.968026],[-123.993028,44.970007],[-123.991031,44.972644],[-123.990974,44.975201],[-123.986575,44.978264],[-123.988502,44.979732],[-123.986661,44.981819],[-123.982416,44.984304],[-123.984357,44.992442],[-123.978538,44.9972],[-123.978033,44.999563]]]},"properties":{"OBJECTID":103,"fhdFtrID":103,"fhdRefID":53684,"fhdRevDt":"20190214","fhdONm":"Peter Robinson","fhdOEnt":"ODFW","fhdSpNm":"BG","fhdRun":"NA","fhdLifeHst":"Resident","fhdUseTy":"ResidentMultipleUses","fhdBasis":"UndocObsFish","fhdStNm":"Devils Lake","fhdGenus":"Lepomis","fhdSp":"macrochirus","fhdSubSp":null,"fhdOrig":"NonNative","fhdProd":"Natural","fhdComment":null,"fhdESH":"NA","fhdBasisD":null,"fhdNMF":"no","fhdBasisDt":null,"fhdBasisNm":null,"fhdBasisEnt":null,"fhdBasisPrj":null,"fhdBasisMethod":null,"fhdAccess":null,"fhdBarrierFtrID":null,"fhdEndExtent":null,"Shape__Area":5112901.004194045,"Shape__Length":29205.238340746324,"habitatType":"lake"},"id":195},
{"type":"Feature","geometry":{"type":"Polygon","coordinates":[[[-123.385839,42.679642],[-123.386317,42.679612],[-123.386102,42.679198],[-123.385751,42.679102],[-123.385839,42.679642]]]},"properties":{"OBJECTID":104,"fhdFtrID":104,"fhdRefID":53684,"fhdRevDt":"20190214","fhdONm":"Peter Robinson","fhdOEnt":"ODFW","fhdSpNm":"BG","fhdRun":"NA","fhdLifeHst":"Resident","fhdUseTy":"ResidentMultipleUses","fhdBasis":"UndocObsFish","fhdStNm":"Dutch Herman","fhdGenus":"Lepomis","fhdSp":"macrochirus","fhdSubSp":null,"fhdOrig":"NonNative","fhdProd":"Natural","fhdComment":null,"fhdESH":"NA","fhdBasisD":null,"fhdNMF":"no","fhdBasisDt":null,"fhdBasisNm":null,"fhdBasisEnt":null,"fhdBasisPrj":null,"fhdBasisMethod":null,"fhdAccess":null,"fhdBarrierFtrID":null,"fhdEndExtent":null,"Shape__Area":3986.25652165,"Shape__Length":270.2891038182991,"habitatType":"lake"},"id":196},
{"type":"Feature","geometry":{"type":"Polygon","coordinates":[[[-122.447343,45.52742],[-122.449658,45.526494],[-122.4477,45.525872],[-122.447343,45.52742]]]},"properties":{"OBJECTID":105,"fhdFtrID":105,"fhdRefID":53684,"fhdRevDt":"20190219","fhdONm":"Peter Robinson","fhdOEnt":"ODFW","fhdSpNm":"BG","fhdRun":"NA","fhdLifeHst":"Resident","fhdUseTy":"ResidentMultipleUses","fhdBasis":"UndocObsFish","fhdStNm":"Salish Ponds","fhdGenus":"Lepomis","fhdSp":"macrochirus","fhdSubSp":null,"fhdOrig":"NonNative","fhdProd":"Natural","fhdComment":null,"fhdESH":"NA","fhdBasisD":null,"fhdNMF":"no","fhdBasisDt":null,"fhdBasisNm":null,"fhdBasisEnt":null,"fhdBasisPrj":null,"fhdBasisMethod":null,"fhdAccess":null,"fhdBarrierFtrID":null,"fhdEndExtent":null,"Shape__Area":98686.209672485,"Shape__Length":1603.0370075416445,"habitatType":"lake"},"id":197},
{"type":"Feature","geometry":{"type":"Polygon","coordinates":[[[-122.450636,45.524598],[-122.451544,45.525967],[-122.452657,45.526516],[-122.452531,45.524003],[-122.450636,45.524598]]]},"properties":{"OBJECTID":106,"fhdFtrID":106,"fhdRefID":53684,"fhdRevDt":"20190211","fhdONm":"Peter Robinson","fhdOEnt":"ODFW","fhdSpNm":"BG","fhdRun":"NA","fhdLifeHst":"Resident","fhdUseTy":"ResidentMultipleUses","fhdBasis":"UndocObsFish","fhdStNm":"Salish Ponds","fhdGenus":"Lepomis","fhdSp":"macrochirus","fhdSubSp":null,"fhdOrig":"NonNative","fhdProd":"Natural","fhdComment":null,"fhdESH":"NA","fhdBasisD":null,"fhdNMF":"no","fhdBasisDt":null,"fhdBasisNm":null,"fhdBasisEnt":null,"fhdBasisPrj":null,"fhdBasisMethod":null,"fhdAccess":null,"fhdBarrierFtrID":null,"fhdEndExtent":null,"Shape__Area":72914.97399656,"Shape__Length":1511.7890290414605,"habitatType":"lake"},"id":198},
{"type":"Feature","geometry":{"type":"Polygon","coordinates":[[[-122.444409,45.529679],[-122.448375,45.529611],[-122.447509,45.528192],[-122.444409,45.529679]]]},"properties":{"OBJECTID":107,"fhdFtrID":107,"fhdRefID":53684,"fhdRevDt":"20190211","fhdONm":"Peter Robinson","fhdOEnt":"ODFW","fhdSpNm":"BG","fhdRun":"NA","fhdLifeHst":"Resident","fhdUseTy":"ResidentMultipleUses","fhdBasis":"UndocObsFish","fhdStNm":"Salish Ponds","fhdGenus":"Lepomis","fhdSp":"macrochirus","fhdSubSp":null,"fhdOrig":"NonNative","fhdProd":"Natural","fhdComment":null,"fhdESH":"NA","fhdBasisD":null,"fhdNMF":"no","fhdBasisDt":null,"fhdBasisNm":null,"fhdBasisEnt":null,"fhdBasisPrj":null,"fhdBasisMethod":null,"fhdAccess":null,"fhdBarrierFtrID":null,"fhdEndExtent":null,"Shape__Area":93449.61584237,"Shape__Length":1432.6381873421785,"habitatType":"lake"},"id":199},
{"type":"Feature","geometry":{"type":"Polygon","coordinates":[[[-122.682097,45.600551],[-122.682263,45.600413],[-122.682101,45.600259],[-122.682199,45.60011],[-122.682081,45.599782],[-122.681996,45.600218],[-122.682177,45.600458],[-122.682097,45.600551]]]},"properties":{"OBJECTID":108,"fhdFtrID":108,"fhdRefID":53718,"fhdRevDt":"20190219","fhdONm":"Kevin Stertz","fhdOEnt":"ODFW","fhdSpNm":"BG","fhdRun":"NA","fhdLifeHst":"Resident","fhdUseTy":"ResidentMultipleUses","fhdBasis":"DocObsFish","fhdStNm":"Delta Park Ponds ","fhdGenus":"Lepomis","fhdSp":"macrochirus","fhdSubSp":null,"fhdOrig":"NonNative","fhdProd":"Natural","fhdComment":null,"fhdESH":"NA","fhdBasisD":null,"fhdNMF":"no","fhdBasisDt":null,"fhdBasisNm":null,"fhdBasisEnt":null,"fhdBasisPrj":null,"fhdBasisMethod":null,"fhdAccess":null,"fhdBarrierFtrID":null,"fhdEndExtent":null,"Shape__Area":2732.761363335,"Shape__Length":496.0500049420633,"habitatType":"lake"},"id":200},
{"type":"Feature","geometry":{"type":"Polygon","coordinates":[[[-122.695636,45.599274],[-122.693466,45.597922],[-122.691737,45.596418],[-122.69083,45.59631],[-122.693738,45.598623],[-122.695636,45.599274]]]},"properties":{"OBJECTID":109,"fhdFtrID":109,"fhdRefID":53718,"fhdRevDt":"20190219","fhdONm":"Kevin Stertz","fhdOEnt":"ODFW","fhdSpNm":"BG","fhdRun":"NA","fhdLifeHst":"Resident","fhdUseTy":"ResidentMultipleUses","fhdBasis":"DocObsFish","fhdStNm":"Delta Park Ponds ","fhdGenus":"Lepomis","fhdSp":"macrochirus","fhdSubSp":null,"fhdOrig":"NonNative","fhdProd":"Natural","fhdComment":null,"fhdESH":"NA","fhdBasisD":null,"fhdNMF":"no","fhdBasisDt":null,"fhdBasisNm":null,"fhdBasisEnt":null,"fhdBasisPrj":null,"fhdBasisMethod":null,"fhdAccess":null,"fhdBarrierFtrID":null,"fhdEndExtent":null,"Shape__Area":74126.280405435,"Shape__Length":2629.8460608921805,"habitatType":"lake"},"id":201},
{"type":"Feature","geometry":{"type":"Polygon","coordinates":[[[-122.696126,45.600692],[-122.695094,45.599785],[-122.693777,45.599434],[-122.692708,45.599539],[-122.692056,45.599189],[-122.691216,45.597939],[-122.690678,45.597928],[-122.691906,45.599462],[-122.693025,45.599905],[-122.693975,45.599796],[-122.695134,45.600114],[-122.696126,45.600692]]]},"properties":{"OBJECTID":110,"fhdFtrID":110,"fhdRefID":53718,"fhdRevDt":"20190219","fhdONm":"Kevin Stertz","fhdOEnt":"ODFW","fhdSpNm":"BG","fhdRun":"NA","fhdLifeHst":"Resident","fhdUseTy":"ResidentMultipleUses","fhdBasis":"DocObsFish","fhdStNm":"Delta Park Ponds ","fhdGenus":"Lepomis","fhdSp":"macrochirus","fhdSubSp":null,"fhdOrig":"NonNative","fhdProd":"Natural","fhdComment":null,"fhdESH":"NA","fhdBasisD":null,"fhdNMF":"no","fhdBasisDt":null,"fhdBasisNm":null,"fhdBasisEnt":null,"fhdBasisPrj":null,"fhdBasisMethod":null,"fhdAccess":null,"fhdBarrierFtrID":null,"fhdEndExtent":null,"Shape__Area":54547.839766145,"Shape__Length":2436.365934246746,"habitatType":"lake"},"id":202},
{"type":"Feature","geometry":{"type":"Polygon","coordinates":[[[-122.687356,45.604058],[-122.690542,45.603308],[-122.691698,45.601406],[-122.689628,45.599289],[-122.687078,45.598988],[-122.685078,45.600478],[-122.685033,45.602916],[-122.687356,45.604058]]]},"properties":{"OBJECTID":111,"fhdFtrID":111,"fhdRefID":53718,"fhdRevDt":"20190219","fhdONm":"Kevin Stertz","fhdOEnt":"ODFW","fhdSpNm":"BG","fhdRun":"NA","fhdLifeHst":"Resident","fhdUseTy":"ResidentMultipleUses","fhdBasis":"DocObsFish","fhdStNm":"Delta Park Ponds","fhdGenus":"Lepomis","fhdSp":"macrochirus","fhdSubSp":null,"fhdOrig":"NonNative","fhdProd":"Natural","fhdComment":null,"fhdESH":"NA","fhdBasisD":null,"fhdNMF":"no","fhdBasisDt":null,"fhdBasisNm":null,"fhdBasisEnt":null,"fhdBasisPrj":null,"fhdBasisMethod":null,"fhdAccess":null,"fhdBarrierFtrID":null,"fhdEndExtent":null,"Shape__Area":454192.30812559,"Shape__Length":2632.851057344057,"habitatType":"lake"},"id":203},
{"type":"Feature","geometry":{"type":"Polygon","coordinates":[[[-122.929384,45.109585],[-122.928121,45.10931],[-122.926997,45.11038],[-122.928593,45.110484],[-122.929384,45.109585]]]},"properties":{"OBJECTID":112,"fhdFtrID":112,"fhdRefID":53718,"fhdRevDt":"20190219","fhdONm":"Kevin Stertz","fhdOEnt":"ODFW","fhdSpNm":"BG","fhdRun":"NA","fhdLifeHst":"Resident","fhdUseTy":"ResidentMultipleUses","fhdBasis":"DocObsFish","fhdStNm":"St. Louis Ponds","fhdGenus":"Lepomis","fhdSp":"macrochirus","fhdSubSp":null,"fhdOrig":"NonNative","fhdProd":"Natural","fhdComment":null,"fhdESH":"NA","fhdBasisD":null,"fhdNMF":"no","fhdBasisDt":null,"fhdBasisNm":null,"fhdBasisEnt":null,"fhdBasisPrj":null,"fhdBasisMethod":null,"fhdAccess":null,"fhdBarrierFtrID":null,"fhdEndExtent":null,"Shape__Area":73331.64783679,"Shape__Length":2990.852531977683,"habitatType":"lake"},"id":204},
{"type":"Feature","geometry":{"type":"Polygon","coordinates":[[[-122.93222,45.116334],[-122.93556,45.115248],[-122.933561,45.114534],[-122.93222,45.116334]]]},"properties":{"OBJECTID":113,"fhdFtrID":113,"fhdRefID":53718,"fhdRevDt":"20190219","fhdONm":"Kevin Stertz","fhdOEnt":"ODFW","fhdSpNm":"BG","fhdRun":"NA","fhdLifeHst":"Resident","fhdUseTy":"ResidentMultipleUses","fhdBasis":"DocObsFish","fhdStNm":"St. Louis Ponds","fhdGenus":"Lepomis","fhdSp":"macrochirus","fhdSubSp":null,"fhdOrig":"NonNative","fhdProd":"Natural","fhdComment":null,"fhdESH":"NA","fhdBasisD":null,"fhdNMF":"no","fhdBasisDt":null,"fhdBasisNm":null,"fhdBasisEnt":null,"fhdBasisPrj":null,"fhdBasisMethod":null,"fhdAccess":null,"fhdBarrierFtrID":null,"fhdEndExtent":null,"Shape__Area":61327.12517181,"Shape__Length":2579.672103173037,"habitatType":"lake"},"id":205},
{"type":"Feature","geometry":{"type":"Polygon","coordinates":[[[-122.935087,45.114419],[-122.936723,45.113398],[-122.934243,45.112976],[-122.935087,45.114419]]]},"properties":{"OBJECTID":114,"fhdFtrID":114,"fhdRefID":53718,"fhdRevDt":"20190219","fhdONm":"Kevin Stertz","fhdOEnt":"ODFW","fhdSpNm":"BG","fhdRun":"NA","fhdLifeHst":"Resident","fhdUseTy":"ResidentMultipleUses","fhdBasis":"DocObsFish","fhdStNm":"St. Louis Ponds","fhdGenus":"Lepomis","fhdSp":"macrochirus","fhdSubSp":null,"fhdOrig":"NonNative","fhdProd":"Natural","fhdComment":null,"fhdESH":"NA","fhdBasisD":null,"fhdNMF":"no","fhdBasisDt":null,"fhdBasisNm":null,"fhdBasisEnt":null,"fhdBasisPrj":null,"fhdBasisMethod":null,"fhdAccess":null,"fhdBarrierFtrID":null,"fhdEndExtent":null,"Shape__Area":60810.708173765,"Shape__Length":2474.891465697579,"habitatType":"lake"},"id":206},
{"type":"Feature","geometry":{"type":"Polygon","coordinates":[[[-122.930329,45.112592],[-122.930585,45.112268],[-122.927276,45.111856],[-122.927524,45.111198],[-122.928492,45.111225],[-122.928237,45.11066],[-122.927028,45.110622],[-122.926989,45.112125],[-122.92857,45.112235],[-122.930329,45.112592]]]},"properties":{"OBJECTID":115,"fhdFtrID":115,"fhdRefID":53718,"fhdRevDt":"20190219","fhdONm":"Kevin Stertz","fhdOEnt":"ODFW","fhdSpNm":"BG","fhdRun":"NA","fhdLifeHst":"Resident","fhdUseTy":"ResidentMultipleUses","fhdBasis":"DocObsFish","fhdStNm":"St. Louis Ponds","fhdGenus":"Lepomis","fhdSp":"macrochirus","fhdSubSp":null,"fhdOrig":"NonNative","fhdProd":"Natural","fhdComment":null,"fhdESH":"NA","fhdBasisD":null,"fhdNMF":"no","fhdBasisDt":null,"fhdBasisNm":null,"fhdBasisEnt":null,"fhdBasisPrj":null,"fhdBasisMethod":null,"fhdAccess":null,"fhdBarrierFtrID":null,"fhdEndExtent":null,"Shape__Area":53966.68542063,"Shape__Length":2372.88741990527,"habitatType":"lake"},"id":207},
{"type":"Feature","geometry":{"type":"Polygon","coordinates":[[[-122.927702,45.114205],[-122.929352,45.114353],[-122.929569,45.113722],[-122.927981,45.113459],[-122.92833,45.11246],[-122.927818,45.112657],[-122.927725,45.113579],[-122.929267,45.113826],[-122.929205,45.114128],[-122.927717,45.114013],[-122.927702,45.114205]]]},"properties":{"OBJECTID":116,"fhdFtrID":116,"fhdRefID":53718,"fhdRevDt":"20190219","fhdONm":"Kevin Stertz","fhdOEnt":"ODFW","fhdSpNm":"BG","fhdRun":"NA","fhdLifeHst":"Resident","fhdUseTy":"ResidentMultipleUses","fhdBasis":"DocObsFish","fhdStNm":"St. Louis Ponds","fhdGenus":"Lepomis","fhdSp":"macrochirus","fhdSubSp":null,"fhdOrig":"NonNative","fhdProd":"Natural","fhdComment":null,"fhdESH":"NA","fhdBasisD":null,"fhdNMF":"no","fhdBasisDt":null,"fhdBasisNm":null,"fhdBasisEnt":null,"fhdBasisPrj":null,"fhdBasisMethod":null,"fhdAccess":null,"fhdBarrierFtrID":null,"fhdEndExtent":null,"Shape__Area":31641.299672535,"Shape__Length":2086.626714213839,"habitatType":"lake"},"id":208},
{"type":"Feature","geometry":{"type":"Polygon","coordinates":[[[-122.928871,45.116016],[-122.929329,45.114661],[-122.927934,45.114578],[-122.927655,45.115269],[-122.928871,45.116016]]]},"properties":{"OBJECTID":117,"fhdFtrID":117,"fhdRefID":53718,"fhdRevDt":"20190219","fhdONm":"Kevin Stertz","fhdOEnt":"ODFW","fhdSpNm":"BG","fhdRun":"NA","fhdLifeHst":"Resident","fhdUseTy":"ResidentMultipleUses","fhdBasis":"DocObsFish","fhdStNm":"St. Louis Ponds","fhdGenus":"Lepomis","fhdSp":"macrochirus","fhdSubSp":null,"fhdOrig":"NonNative","fhdProd":"Natural","fhdComment":null,"fhdESH":"NA","fhdBasisD":null,"fhdNMF":"no","fhdBasisDt":null,"fhdBasisNm":null,"fhdBasisEnt":null,"fhdBasisPrj":null,"fhdBasisMethod":null,"fhdAccess":null,"fhdBarrierFtrID":null,"fhdEndExtent":null,"Shape__Area":60624.10886951,"Shape__Length":3110.8244700458577,"habitatType":"lake"},"id":209},
{"type":"Feature","geometry":{"type":"Polygon","coordinates":[[[-122.004822,42.495693],[-122.008175,42.490957],[-122.012231,42.491634],[-122.021079,42.494575],[-122.025106,42.494801],[-122.033733,42.496396],[-122.038118,42.494525],[-122.040654,42.494613],[-122.049371,42.491661],[-122.052962,42.48951],[-122.055544,42.485997],[-122.056976,42.480842],[-122.057555,42.475062],[-122.059253,42.470775],[-122.058186,42.469704],[-122.060707,42.467135],[-122.059736,42.464884],[-122.061382,42.460959],[-122.06391,42.459274],[-122.069374,42.458763],[-122.074475,42.460865],[-122.076989,42.463171],[-122.079549,42.47124],[-122.085313,42.475909],[-122.087501,42.475794],[-122.090567,42.470722],[-122.086273,42.468483],[-122.087889,42.466957],[-122.084188,42.463181],[-122.079888,42.463599],[-122.07962,42.460826],[-122.077291,42.456984],[-122.072591,42.453246],[-122.066193,42.448981],[-122.064295,42.448388],[-122.060723,42.444106],[-122.053023,42.437869],[-122.051319,42.435415],[-122.04743,42.43321],[-122.042604,42.432428],[-122.037937,42.42898],[-122.035716,42.425526],[-122.036213,42.422386],[-122.040845,42.419752],[-122.040424,42.416118],[-122.035508,42.40802],[-122.025721,42.399085],[-122.021078,42.397113],[-122.016325,42.394235],[-122.009607,42.394912],[-122.00308,42.397467],[-122.002429,42.404664],[-122.005626,42.407542],[-122.007431,42.410222],[-122.008066,42.413192],[-122.007301,42.415338],[-122.004062,42.416928],[-121.993583,42.417251],[-121.988037,42.412686],[-121.979384,42.411421],[-121.974817,42.406504],[-121.973509,42.397952],[-121.974371,42.390667],[-121.97371,42.38773],[-121.971221,42.385996],[-121.969353,42.3816],[-121.964482,42.384878],[-121.961929,42.389177],[-121.958412,42.390292],[-121.954829,42.393932],[-121.952726,42.398604],[-121.953712,42.401091],[-121.952802,42.404187],[-121.958235,42.414946],[-121.962363,42.419995],[-121.965307,42.426181],[-121.965649,42.42824],[-121.964227,42.430836],[-121.957401,42.427626],[-121.950924,42.421726],[-121.948819,42.418806],[-121.946218,42.41307],[-121.944898,42.405576],[-121.943135,42.399077],[-121.941564,42.395899],[-121.939357,42.393868],[-121.934907,42.387933],[-121.934655,42.386468],[-121.931227,42.383015],[-121.924711,42.379572],[-121.919365,42.373708],[-121.910542,42.367503],[-121.905185,42.362912],[-121.901811,42.360715],[-121.899836,42.358189],[-121.894842,42.355602],[-121.893348,42.354015],[-121.894075,42.352132],[-121.898152,42.353742],[-121.901231,42.35275],[-121.906568,42.352126],[-121.910868,42.350996],[-121.918515,42.347193],[-121.925716,42.345784],[-121.931362,42.342853],[-121.938918,42.341771],[-121.941145,42.340877],[-121.941278,42.338659],[-121.943735,42.33323],[-121.945361,42.323343],[-121.943083,42.320307],[-121.942002,42.317277],[-121.94252,42.314549],[-121.941647,42.310898],[-121.938777,42.30688],[-121.936218,42.304794],[-121.930104,42.293929],[-121.929993,42.292156],[-121.927753,42.28805],[-121.924877,42.288538],[-121.929002,42.292332],[-121.928772,42.298387],[-121.926368,42.303064],[-121.925087,42.308449],[-121.919784,42.310666],[-121.913245,42.312196],[-121.903444,42.313259],[-121.897023,42.314947],[-121.897435,42.317928],[-121.892892,42.319211],[-121.889624,42.317711],[-121.886837,42.315349],[-121.88599,42.311764],[-121.886716,42.309876],[-121.885431,42.307521],[-121.880222,42.301902],[-121.876646,42.298843],[-121.875664,42.296522],[-121.876008,42.293118],[-121.874873,42.289018],[-121.870472,42.286759],[-121.863178,42.282244],[-121.859659,42.281741],[-121.856877,42.278953],[-121.855426,42.275973],[-121.85232,42.273312],[-121.849655,42.265792],[-121.845609,42.260474],[-121.844477,42.257032],[-121.840647,42.254415],[-121.843328,42.250906],[-121.842947,42.248057],[-121.841373,42.24713],[-121.841423,42.244061],[-121.839953,42.242914],[-121.836133,42.242794],[-121.834802,42.240758],[-121.832047,42.240297],[-121.828965,42.236746],[-121.823543,42.235742],[-121.819657,42.236017],[-121.814294,42.234941],[-121.809329,42.234957],[-121.807157,42.240145],[-121.812417,42.240738],[-121.814242,42.242632],[-121.815978,42.249197],[-121.81307,42.252047],[-121.812782,42.255318],[-121.81409,42.260028],[-121.817977,42.263805],[-121.820113,42.264645],[-121.824608,42.269135],[-121.827321,42.270545],[-121.831875,42.275496],[-121.835019,42.28272],[-121.835287,42.287507],[-121.833174,42.290307],[-121.830867,42.290148],[-121.828325,42.296577],[-121.830404,42.301116],[-121.818054,42.301304],[-121.818626,42.328965],[-121.820846,42.333439],[-121.825597,42.338132],[-121.829416,42.343319],[-121.829143,42.346822],[-121.826806,42.352097],[-121.81473,42.381392],[-121.815419,42.38653],[-121.819026,42.391515],[-121.825152,42.401412],[-121.828908,42.404628],[-121.838897,42.414491],[-121.844018,42.417937],[-121.850815,42.423204],[-121.857651,42.430541],[-121.864509,42.434315],[-121.867922,42.438727],[-121.868585,42.442849],[-121.87173,42.446235],[-121.879793,42.447841],[-121.886035,42.446703],[-121.892144,42.444718],[-121.894329,42.447387],[-121.894236,42.452558],[-121.893458,42.458204],[-121.895908,42.459624],[-121.899986,42.463606],[-121.903711,42.465817],[-121.908084,42.46577],[-121.908616,42.469991],[-121.911331,42.471537],[-121.913753,42.475744],[-121.922157,42.476812],[-121.924493,42.478343],[-121.925185,42.480804],[-121.927134,42.482141],[-121.927751,42.486854],[-121.929607,42.48958],[-121.934779,42.487746],[-121.938276,42.48872],[-121.943512,42.487963],[-121.944896,42.490014],[-121.943336,42.491977],[-121.94818,42.494182],[-121.948991,42.492875],[-121.953205,42.493108],[-121.955331,42.49523],[-121.957405,42.494732],[-122.000084,42.495473],[-122.004822,42.495693]],[[-121.819869,42.329026],[-121.819032,42.325825],[-121.818921,42.320391],[-121.821702,42.318508],[-121.822257,42.315252],[-121.821369,42.312266],[-121.825266,42.310158],[-121.829999,42.309603],[-121.833446,42.310739],[-121.831309,42.312369],[-121.833115,42.316261],[-121.830786,42.32045],[-121.83132,42.323184],[-121.828643,42.327438],[-121.824233,42.325869],[-121.823701,42.328515],[-121.819869,42.329026]],[[-121.852803,42.301226],[-121.847632,42.297352],[-121.846041,42.293872],[-121.84646,42.290924],[-121.848538,42.290237],[-121.852317,42.29297],[-121.85775,42.300906],[-121.856538,42.301938],[-121.852803,42.301226]],[[-121.935394,42.418334],[-121.938247,42.4198],[-121.938461,42.42238],[-121.936424,42.423906],[-121.934527,42.427095],[-121.931207,42.427447],[-121.927347,42.423812],[-121.927903,42.421995],[-121.933623,42.420179],[-121.935394,42.418334]],[[-121.821006,42.308127],[-121.818713,42.307622],[-121.819193,42.301298],[-121.82877,42.301303],[-121.828112,42.303598],[-121.825686,42.303411],[-121.820828,42.307216],[-121.821006,42.308127]],[[-121.822544,42.308292],[-121.823424,42.306453],[-121.827588,42.306524],[-121.832573,42.308351],[-121.831515,42.309334],[-121.822544,42.308292]],[[-121.84184,42.308761],[-121.842159,42.312027],[-121.838897,42.31166],[-121.84184,42.308761]]]},"properties":{"OBJECTID":118,"fhdFtrID":118,"fhdRefID":53744,"fhdRevDt":"20190419","fhdONm":"D. Simon - D. Markle","fhdOEnt":"OSU","fhdSpNm":"BG","fhdRun":"NA","fhdLifeHst":"Resident","fhdUseTy":"ResidentMultipleUses","fhdBasis":"DocObsFish","fhdStNm":"Upper Klamath Lake","fhdGenus":"Lepomis","fhdSp":"macrochirus","fhdSubSp":null,"fhdOrig":"NonNative","fhdProd":"Natural","fhdComment":null,"fhdESH":"NA","fhdBasisD":null,"fhdNMF":"no","fhdBasisDt":null,"fhdBasisNm":null,"fhdBasisEnt":"OSU Ichthyology Collection","fhdBasisPrj":null,"fhdBasisMethod":"Specimen","fhdAccess":null,"fhdBarrierFtrID":null,"fhdEndExtent":null,"Shape__Area":461074607.09581786,"Shape__Length":369212.49486474745,"habitatType":"lake"},"id":210},
{"type":"Feature","geometry":{"type":"Polygon","coordinates":[[[-121.957405,42.494732],[-121.956812,42.498435],[-121.957355,42.503505],[-121.951962,42.507935],[-121.953333,42.513062],[-121.952629,42.515758],[-121.950358,42.51539],[-121.946789,42.516862],[-121.944979,42.520243],[-121.941269,42.521199],[-121.93879,42.520134],[-121.936207,42.521759],[-121.931284,42.518732],[-121.925802,42.521748],[-121.927583,42.522953],[-121.929668,42.53007],[-121.928866,42.535367],[-121.931389,42.538381],[-121.932665,42.546104],[-121.93043,42.551347],[-121.930727,42.553422],[-121.929026,42.559065],[-121.930265,42.563632],[-121.92947,42.570252],[-121.929551,42.574797],[-121.934245,42.577004],[-121.936191,42.574265],[-121.934587,42.571312],[-121.936733,42.569325],[-121.940655,42.571833],[-121.940016,42.574123],[-121.941507,42.576519],[-121.945186,42.576972],[-121.942378,42.581418],[-121.950282,42.583163],[-121.957837,42.585682],[-121.960645,42.585846],[-121.965637,42.584895],[-121.97114,42.581732],[-121.975831,42.576186],[-121.978791,42.569153],[-121.979196,42.563905],[-121.974247,42.559762],[-121.972017,42.554405],[-121.973974,42.548471],[-121.97798,42.544484],[-121.997638,42.543943],[-122.003287,42.539862],[-122.005512,42.53299],[-122.004715,42.528999],[-122.005261,42.523702],[-122.00234,42.520879],[-122.001911,42.519204],[-122.005918,42.51117],[-122.004495,42.509259],[-122.00565,42.503956],[-122.004675,42.499981],[-122.004822,42.495693],[-122.000084,42.495473],[-121.957405,42.494732]],[[-121.985641,42.533782],[-121.988239,42.534538],[-121.987084,42.537564],[-121.985036,42.539162],[-121.988408,42.541373],[-121.99307,42.541651],[-121.997363,42.543125],[-121.978269,42.543858],[-121.977948,42.540938],[-121.97964,42.539537],[-121.979601,42.536573],[-121.983342,42.53605],[-121.985641,42.533782]]]},"properties":{"OBJECTID":119,"fhdFtrID":119,"fhdRefID":53744,"fhdRevDt":"20190419","fhdONm":"D. Simon - D. Markle","fhdOEnt":"OSU","fhdSpNm":"BG","fhdRun":"NA","fhdLifeHst":"Resident","fhdUseTy":"ResidentMultipleUses","fhdBasis":"DocObsFish","fhdStNm":"Agency Lake","fhdGenus":"Lepomis","fhdSp":"macrochirus","fhdSubSp":null,"fhdOrig":"NonNative","fhdProd":"Natural","fhdComment":null,"fhdESH":"NA","fhdBasisD":null,"fhdNMF":"no","fhdBasisDt":null,"fhdBasisNm":null,"fhdBasisEnt":"OSU Ichthyology Collection","fhdBasisPrj":null,"fhdBasisMethod":"Specimen","fhdAccess":null,"fhdBarrierFtrID":null,"fhdEndExtent":null,"Shape__Area":76958237.7460003,"Shape__Length":121735.1280473508,"habitatType":"lake"},"id":211},
{"type":"Feature","geometry":{"type":"Polygon","coordinates":[[[-123.846589,43.595968],[-123.848255,43.59433],[-123.845956,43.591811],[-123.842273,43.590861],[-123.84047,43.586846],[-123.842316,43.585755],[-123.842264,43.582572],[-123.832653,43.580474],[-123.826717,43.58067],[-123.827217,43.583018],[-123.835116,43.583375],[-123.83915,43.584254],[-123.835854,43.586547],[-123.835678,43.592116],[-123.838893,43.593938],[-123.843518,43.593333],[-123.846589,43.595968]]]},"properties":{"OBJECTID":120,"fhdFtrID":120,"fhdRefID":53718,"fhdRevDt":"20190219","fhdONm":"Kevin Stertz","fhdOEnt":"ODFW","fhdSpNm":"BG","fhdRun":"NA","fhdLifeHst":"Resident","fhdUseTy":"ResidentMultipleUses","fhdBasis":"DocObsFish","fhdStNm":"Loon Lake","fhdGenus":"Lepomis","fhdSp":"macrochirus","fhdSubSp":null,"fhdOrig":"NonNative","fhdProd":"Natural","fhdComment":null,"fhdESH":"NA","fhdBasisD":null,"fhdNMF":"no","fhdBasisDt":null,"fhdBasisNm":null,"fhdBasisEnt":null,"fhdBasisPrj":null,"fhdBasisMethod":null,"fhdAccess":null,"fhdBarrierFtrID":null,"fhdEndExtent":null,"Shape__Area":1993759.18652279,"Shape__Length":11683.135092555392,"habitatType":"lake"},"id":212},
{"type":"Feature","geometry":{"type":"Polygon","coordinates":[[[-121.79785,43.81216],[-121.797736,43.809079],[-121.799903,43.808004],[-121.800933,43.805259],[-121.804778,43.803769],[-121.806647,43.799458],[-121.810431,43.79703],[-121.819266,43.793305],[-121.823485,43.790476],[-121.828017,43.789217],[-121.831478,43.785173],[-121.827864,43.782616],[-121.830871,43.775588],[-121.833441,43.773939],[-121.835417,43.770997],[-121.833327,43.769346],[-121.825446,43.766501],[-121.82498,43.761283],[-121.827918,43.759468],[-121.826002,43.755829],[-121.824156,43.758223],[-121.818091,43.762734],[-121.814772,43.767273],[-121.808265,43.76825],[-121.802412,43.765812],[-121.799811,43.763849],[-121.79595,43.762574],[-121.794554,43.760174],[-121.791411,43.766632],[-121.792601,43.767905],[-121.790298,43.769826],[-121.78723,43.770513],[-121.786536,43.772108],[-121.788702,43.773491],[-121.787466,43.775396],[-121.791465,43.779724],[-121.789954,43.781302],[-121.79077,43.783183],[-121.788184,43.784542],[-121.785887,43.783644],[-121.779708,43.786793],[-121.78179,43.791065],[-121.778891,43.792979],[-121.774947,43.792603],[-121.773261,43.795556],[-121.774703,43.796589],[-121.774131,43.799347],[-121.772017,43.801107],[-121.769294,43.801348],[-121.767478,43.79951],[-121.764144,43.799365],[-121.762122,43.79775],[-121.756667,43.798771],[-121.75614,43.801781],[-121.764182,43.805209],[-121.764586,43.807978],[-121.766761,43.812323],[-121.770491,43.812363],[-121.771361,43.810635],[-121.774558,43.808329],[-121.777671,43.809136],[-121.780128,43.802878],[-121.784857,43.803397],[-121.784957,43.806378],[-121.792792,43.808532],[-121.797247,43.809146],[-121.79785,43.81216]]]},"properties":{"OBJECTID":121,"fhdFtrID":121,"fhdRefID":53718,"fhdRevDt":"20190219","fhdONm":"Kevin Stertz","fhdOEnt":"ODFW","fhdSpNm":"BG","fhdRun":"NA","fhdLifeHst":"Resident","fhdUseTy":"ResidentMultipleUses","fhdBasis":"DocObsFish","fhdStNm":"Crane Prairie Reservoir","fhdGenus":"Lepomis","fhdSp":"macrochirus","fhdSubSp":null,"fhdOrig":"NonNative","fhdProd":"Natural","fhdComment":null,"fhdESH":"NA","fhdBasisD":null,"fhdNMF":"no","fhdBasisDt":"20170000","fhdBasisNm":null,"fhdBasisEnt":null,"fhdBasisPrj":null,"fhdBasisMethod":"Electrofisher","fhdAccess":null,"fhdBarrierFtrID":null,"fhdEndExtent":null,"Shape__Area":32200264.319435526,"Shape__Length":51128.12768886754,"habitatType":"lake"},"id":213},
{"type":"Feature","geometry":{"type":"Polygon","coordinates":[[[-124.14055,43.61478],[-124.140909,43.615389],[-124.145863,43.611963],[-124.146655,43.60992],[-124.145518,43.606185],[-124.147293,43.603718],[-124.148092,43.600118],[-124.149623,43.598536],[-124.147744,43.593575],[-124.156929,43.592546],[-124.159216,43.583248],[-124.156424,43.582313],[-124.156131,43.579966],[-124.160534,43.577049],[-124.16245,43.576841],[-124.164398,43.575092],[-124.166619,43.571477],[-124.166187,43.571508],[-124.163966,43.575168],[-124.16204,43.576791],[-124.158163,43.576749],[-124.15459,43.57774],[-124.152725,43.581252],[-124.154518,43.581765],[-124.154555,43.585619],[-124.152924,43.588453],[-124.148841,43.585469],[-124.144291,43.585902],[-124.14111,43.584718],[-124.136255,43.580805],[-124.136734,43.58451],[-124.138797,43.584912],[-124.142401,43.588136],[-124.140311,43.589642],[-124.136887,43.588731],[-124.134608,43.589411],[-124.133212,43.596178],[-124.131019,43.597496],[-124.125592,43.596375],[-124.121001,43.597239],[-124.120803,43.595697],[-124.113339,43.592123],[-124.115307,43.596899],[-124.117301,43.597235],[-124.115893,43.602206],[-124.118805,43.606107],[-124.11423,43.60848],[-124.110445,43.607963],[-124.105551,43.608604],[-124.095651,43.6129],[-124.096762,43.613799],[-124.10636,43.609929],[-124.110491,43.609439],[-124.113778,43.609992],[-124.112781,43.611114],[-124.113666,43.611389],[-124.12052,43.606779],[-124.120609,43.60482],[-124.118045,43.601122],[-124.118904,43.599867],[-124.125927,43.599154],[-124.126141,43.601794],[-124.129574,43.603039],[-124.132947,43.601214],[-124.134612,43.59819],[-124.137487,43.596235],[-124.138389,43.592183],[-124.143048,43.592208],[-124.145567,43.591139],[-124.146728,43.598754],[-124.145232,43.603523],[-124.141461,43.606568],[-124.141672,43.607268],[-124.143515,43.607043],[-124.144627,43.611489],[-124.14055,43.61478]]]},"properties":{"OBJECTID":122,"fhdFtrID":122,"fhdRefID":53718,"fhdRevDt":"20190219","fhdONm":"Kevin Stertz","fhdOEnt":"ODFW","fhdSpNm":"BG","fhdRun":"NA","fhdLifeHst":"Resident","fhdUseTy":"ResidentMultipleUses","fhdBasis":"DocObsFish","fhdStNm":"North Tenmile Lake","fhdGenus":"Lepomis","fhdSp":"macrochirus","fhdSubSp":null,"fhdOrig":"NonNative","fhdProd":"Natural","fhdComment":null,"fhdESH":"NA","fhdBasisD":null,"fhdNMF":"no","fhdBasisDt":"20170000","fhdBasisNm":null,"fhdBasisEnt":null,"fhdBasisPrj":null,"fhdBasisMethod":"Electrofisher","fhdAccess":null,"fhdBarrierFtrID":null,"fhdEndExtent":null,"Shape__Area":7235184.991887395,"Shape__Length":59640.477159600436,"habitatType":"lake"},"id":214},
{"type":"Feature","geometry":{"type":"Polygon","coordinates":[[[-124.509786,42.75672],[-124.514325,42.756192],[-124.512173,42.750398],[-124.509458,42.748696],[-124.508653,42.753624],[-124.504601,42.752209],[-124.5007,42.755263],[-124.507402,42.754757],[-124.509786,42.75672]]]},"properties":{"OBJECTID":123,"fhdFtrID":123,"fhdRefID":53718,"fhdRevDt":"20190220","fhdONm":"Kevin Stertz","fhdOEnt":"ODFW","fhdSpNm":"BG","fhdRun":"NA","fhdLifeHst":"Resident","fhdUseTy":"ResidentMultipleUses","fhdBasis":"DocObsFish","fhdStNm":"Garrison Lake","fhdGenus":"Lepomis","fhdSp":"macrochirus","fhdSubSp":null,"fhdOrig":"NonNative","fhdProd":"Natural","fhdComment":null,"fhdESH":"NA","fhdBasisD":null,"fhdNMF":"no","fhdBasisDt":"20170000","fhdBasisNm":null,"fhdBasisEnt":null,"fhdBasisPrj":null,"fhdBasisMethod":"Electrofisher","fhdAccess":null,"fhdBarrierFtrID":null,"fhdEndExtent":null,"Shape__Area":982838.793867905,"Shape__Length":10342.918403594957,"habitatType":"lake"},"id":215},
{"type":"Feature","geometry":{"type":"Polygon","coordinates":[[[-120.637878,44.166833],[-120.642855,44.166687],[-120.646681,44.167468],[-120.653883,44.168019],[-120.656422,44.166928],[-120.657155,44.163576],[-120.655159,44.161897],[-120.658613,44.159078],[-120.66321,44.156621],[-120.669009,44.155251],[-120.671449,44.150034],[-120.674421,44.146984],[-120.679099,44.147154],[-120.68348,44.150967],[-120.686833,44.149585],[-120.692882,44.145717],[-120.692958,44.13808],[-120.693811,44.136314],[-120.69007,44.132408],[-120.690413,44.131261],[-120.688182,44.125243],[-120.690057,44.123934],[-120.694044,44.125413],[-120.700559,44.130174],[-120.700803,44.132484],[-120.707248,44.133454],[-120.715687,44.13168],[-120.72318,44.128567],[-120.724964,44.130366],[-120.730374,44.131917],[-120.73698,44.134827],[-120.744285,44.134462],[-120.747109,44.132452],[-120.749017,44.128655],[-120.748833,44.126696],[-120.745961,44.123954],[-120.740298,44.119798],[-120.739496,44.116358],[-120.742349,44.113076],[-120.742986,44.110925],[-120.749722,44.107614],[-120.75121,44.105184],[-120.758877,44.105908],[-120.760794,44.108263],[-120.765308,44.109329],[-120.770111,44.111515],[-120.772221,44.110808],[-120.778067,44.113252],[-120.784418,44.113347],[-120.786612,44.111828],[-120.783682,44.109737],[-120.781194,44.105149],[-120.776823,44.106037],[-120.772826,44.105536],[-120.770457,44.106632],[-120.768266,44.104634],[-120.760913,44.102837],[-120.757557,44.101118],[-120.756868,44.097239],[-120.753648,44.096606],[-120.753516,44.099487],[-120.749847,44.102737],[-120.747297,44.10344],[-120.745328,44.106963],[-120.742054,44.107069],[-120.740928,44.108342],[-120.735684,44.111093],[-120.732768,44.111758],[-120.729561,44.110289],[-120.724163,44.111168],[-120.7246,44.117044],[-120.72237,44.11897],[-120.727816,44.11898],[-120.729994,44.120241],[-120.729053,44.12271],[-120.723849,44.121883],[-120.719729,44.122285],[-120.714617,44.12598],[-120.713948,44.128032],[-120.709996,44.128631],[-120.710825,44.126019],[-120.709409,44.123637],[-120.703575,44.122123],[-120.699447,44.117109],[-120.697253,44.119929],[-120.691663,44.119562],[-120.685297,44.117411],[-120.681527,44.120313],[-120.681262,44.124974],[-120.683055,44.128578],[-120.68815,44.133763],[-120.687709,44.135771],[-120.685195,44.138783],[-120.689667,44.142442],[-120.688456,44.145898],[-120.685896,44.147819],[-120.683046,44.147802],[-120.679572,44.145289],[-120.675572,44.143566],[-120.67235,44.144054],[-120.670314,44.14695],[-120.669963,44.149419],[-120.665688,44.152074],[-120.663287,44.151914],[-120.659408,44.153405],[-120.65863,44.155737],[-120.656062,44.155983],[-120.651282,44.15952],[-120.65115,44.16308],[-120.647513,44.165477],[-120.639015,44.165819],[-120.637878,44.166833]],[[-120.734781,44.128634],[-120.733332,44.126095],[-120.729891,44.12316],[-120.732882,44.121782],[-120.73797,44.123535],[-120.741931,44.126266],[-120.740144,44.129444],[-120.734781,44.128634]]]},"properties":{"OBJECTID":124,"fhdFtrID":124,"fhdRefID":53718,"fhdRevDt":"20190325","fhdONm":"Kevin Stertz","fhdOEnt":"ODFW","fhdSpNm":"BG","fhdRun":"NA","fhdLifeHst":"Resident","fhdUseTy":"ResidentMultipleUses","fhdBasis":"DocObsFish","fhdStNm":"Prineville Reservoir","fhdGenus":"Lepomis","fhdSp":"macrochirus","fhdSubSp":null,"fhdOrig":"NonNative","fhdProd":"Natural","fhdComment":null,"fhdESH":"NA","fhdBasisD":null,"fhdNMF":"no","fhdBasisDt":"20170000","fhdBasisNm":null,"fhdBasisEnt":null,"fhdBasisPrj":null,"fhdBasisMethod":"Electrofisher","fhdAccess":null,"fhdBarrierFtrID":null,"fhdEndExtent":null,"Shape__Area":22475405.73573338,"Shape__Length":92386.1152524814,"habitatType":"lake"},"id":216},
{"type":"Feature","geometry":{"type":"Polygon","coordinates":[[[-124.166619,43.571477],[-124.169103,43.571181],[-124.1747,43.572447],[-124.175709,43.571465],[-124.172587,43.568201],[-124.16947,43.567134],[-124.167404,43.568479],[-124.162529,43.567403],[-124.161123,43.563195],[-124.163006,43.561302],[-124.159412,43.557908],[-124.16004,43.553886],[-124.155826,43.557503],[-124.159164,43.561783],[-124.157667,43.563779],[-124.158333,43.567554],[-124.160484,43.56927],[-124.153725,43.570059],[-124.151149,43.569382],[-124.153404,43.566874],[-124.152487,43.560968],[-124.147913,43.560717],[-124.143902,43.562053],[-124.141589,43.564183],[-124.140093,43.559714],[-124.142016,43.556589],[-124.141646,43.55471],[-124.137293,43.552377],[-124.136251,43.554197],[-124.133737,43.554852],[-124.131248,43.548186],[-124.129793,43.547823],[-124.123278,43.548756],[-124.117728,43.544389],[-124.113682,43.542956],[-124.112401,43.544522],[-124.11551,43.545554],[-124.11847,43.548393],[-124.120614,43.54866],[-124.122291,43.55112],[-124.128526,43.550951],[-124.127354,43.553141],[-124.124725,43.554635],[-124.123634,43.557797],[-124.119952,43.559332],[-124.116544,43.562792],[-124.113994,43.563118],[-124.110014,43.561455],[-124.108212,43.563346],[-124.113014,43.564735],[-124.119149,43.56368],[-124.119985,43.561543],[-124.124164,43.559462],[-124.127543,43.555967],[-124.131772,43.559032],[-124.135281,43.559906],[-124.135952,43.563339],[-124.135108,43.565238],[-124.131208,43.565943],[-124.132587,43.568145],[-124.136149,43.567893],[-124.140879,43.568531],[-124.144777,43.567717],[-124.149186,43.571689],[-124.155801,43.574342],[-124.162077,43.571622],[-124.166187,43.571508],[-124.166619,43.571477]]]},"properties":{"OBJECTID":125,"fhdFtrID":125,"fhdRefID":53718,"fhdRevDt":"20190325","fhdONm":"Kevin Stertz","fhdOEnt":"ODFW","fhdSpNm":"BG","fhdRun":"NA","fhdLifeHst":"Resident","fhdUseTy":"ResidentMultipleUses","fhdBasis":"DocObsFish","fhdStNm":"Tenmile Lake","fhdGenus":"Lepomis","fhdSp":"macrochirus","fhdSubSp":null,"fhdOrig":"NonNative","fhdProd":"Natural","fhdComment":null,"fhdESH":"NA","fhdBasisD":null,"fhdNMF":"no","fhdBasisDt":"20170000","fhdBasisNm":null,"fhdBasisEnt":null,"fhdBasisPrj":null,"fhdBasisMethod":"Electrofisher","fhdAccess":null,"fhdBarrierFtrID":null,"fhdEndExtent":null,"Shape__Area":9005880.917599645,"Shape__Length":56768.48081251962,"habitatType":"lake"},"id":217},
{"type":"Feature","geometry":{"type":"Polygon","coordinates":[[[-122.804692,43.924498],[-122.806507,43.922147],[-122.811412,43.918824],[-122.811458,43.915294],[-122.805422,43.913051],[-122.798801,43.913013],[-122.785896,43.908316],[-122.778987,43.908722],[-122.770446,43.908079],[-122.767515,43.909523],[-122.761396,43.909618],[-122.757127,43.911828],[-122.754861,43.915263],[-122.76197,43.912847],[-122.772424,43.91412],[-122.772545,43.915475],[-122.778733,43.915951],[-122.779895,43.914387],[-122.785642,43.915811],[-122.788154,43.920115],[-122.791996,43.921315],[-122.796803,43.920905],[-122.800128,43.923644],[-122.804692,43.924498]]]},"properties":{"OBJECTID":126,"fhdFtrID":126,"fhdRefID":53684,"fhdRevDt":"20190509","fhdONm":"Kevin Stertz","fhdOEnt":"ODFW","fhdSpNm":"BG","fhdRun":"NA","fhdLifeHst":"Resident","fhdUseTy":"ResidentMultipleUses","fhdBasis":"DocObsFish","fhdStNm":"Dexter Reservoir","fhdGenus":"Lepomis","fhdSp":"macrochirus","fhdSubSp":null,"fhdOrig":"NonNative","fhdProd":"Natural","fhdComment":null,"fhdESH":"NA","fhdBasisD":null,"fhdNMF":"no","fhdBasisDt":"20180000","fhdBasisNm":"Kevin Stertz","fhdBasisEnt":null,"fhdBasisPrj":null,"fhdBasisMethod":"Electrofisher","fhdAccess":null,"fhdBarrierFtrID":null,"fhdEndExtent":null,"Shape__Area":6897421.247125815,"Shape__Length":19203.89747799104,"habitatType":"lake"},"id":218},
{"type":"Feature","geometry":{"type":"Polygon","coordinates":[[[-119.315567,45.928751],[-119.319685,45.929091],[-119.32018,45.927138],[-119.315567,45.928751]]]},"properties":{"OBJECTID":127,"fhdFtrID":127,"fhdRefID":53718,"fhdRevDt":"20190509","fhdONm":"Kevin Stertz","fhdOEnt":"ODFW","fhdSpNm":"BG","fhdRun":"NA","fhdLifeHst":"Resident","fhdUseTy":"ResidentMultipleUses","fhdBasis":"DocObsFish","fhdStNm":"McNary Ponds","fhdGenus":"Lepomis","fhdSp":"macrochirus","fhdSubSp":null,"fhdOrig":"NonNative","fhdProd":"Natural","fhdComment":null,"fhdESH":"NA","fhdBasisD":null,"fhdNMF":"no","fhdBasisDt":"20180000","fhdBasisNm":"Kevin Stertz","fhdBasisEnt":null,"fhdBasisPrj":null,"fhdBasisMethod":"Electrofisher","fhdAccess":null,"fhdBarrierFtrID":null,"fhdEndExtent":null,"Shape__Area":348193.40567923,"Shape__Length":6941.075249917869,"habitatType":"lake"},"id":219},
{"type":"Feature","geometry":{"type":"Polygon","coordinates":[[[-122.25848,44.1967],[-122.259228,44.200336],[-122.262586,44.199215],[-122.262274,44.194727],[-122.268424,44.188578],[-122.275426,44.183436],[-122.280167,44.182503],[-122.285804,44.18469],[-122.292351,44.182996],[-122.296425,44.183524],[-122.300232,44.182317],[-122.301543,44.179475],[-122.305385,44.178515],[-122.309637,44.176321],[-122.315491,44.1722],[-122.317313,44.171615],[-122.322886,44.174134],[-122.327763,44.174295],[-122.328716,44.176453],[-122.323379,44.180561],[-122.323633,44.18183],[-122.33038,44.177866],[-122.330647,44.174149],[-122.328754,44.172217],[-122.323034,44.172107],[-122.319832,44.169534],[-122.316373,44.168062],[-122.312098,44.171231],[-122.305565,44.172971],[-122.303426,44.172689],[-122.298384,44.174416],[-122.297489,44.180376],[-122.292961,44.17958],[-122.287106,44.182275],[-122.282864,44.179738],[-122.285178,44.178375],[-122.286663,44.175042],[-122.284143,44.174216],[-122.282068,44.175297],[-122.27924,44.178571],[-122.270942,44.181645],[-122.26857,44.183406],[-122.267327,44.18589],[-122.261855,44.188678],[-122.25785,44.192447],[-122.25848,44.1967]]]},"properties":{"OBJECTID":128,"fhdFtrID":128,"fhdRefID":53718,"fhdRevDt":"20190509","fhdONm":"Kevin Stertz","fhdOEnt":"ODFW","fhdSpNm":"BG","fhdRun":"NA","fhdLifeHst":"Resident","fhdUseTy":"ResidentMultipleUses","fhdBasis":"DocObsFish","fhdStNm":"Blue River Reservoir","fhdGenus":"Lepomis","fhdSp":"macrochirus","fhdSubSp":null,"fhdOrig":"NonNative","fhdProd":"Natural","fhdComment":null,"fhdESH":"NA","fhdBasisD":null,"fhdNMF":"no","fhdBasisDt":"20180000","fhdBasisNm":"Kevin Stertz","fhdBasisEnt":null,"fhdBasisPrj":null,"fhdBasisMethod":"Electrofisher","fhdAccess":null,"fhdBarrierFtrID":null,"fhdEndExtent":null,"Shape__Area":6406018.395844175,"Shape__Length":36514.72179254292,"habitatType":"lake"},"id":220}
]}
