{"type":"FeatureCollection","features":[
{"type":"Feature","geometry":{"type":"LineString","coordinates":[[-120.616172,42.222458],[-120.614638,42.2237],[-120.614266,42.22453],[-120.61473,42.227353],[-120.613616,42.228523],[-120.614358,42.229903],[-120.615563,42.230523],[-120.616027,42.231487],[-120.616768,42.232106],[-120.617231,42.233675]]},"properties":{"OBJECTID":1,"fhdFtrID":1,"fhdRefID":53670,"fhdRevDt":"20180122","fhdONm":"M. Heck et. al","fhdOEnt":"ODFW","fhdSpNm":"Brook trout","fhdRun":"NA","fhdLifeHst":"FluvRes","fhdUseTy":"Unknown","fhdBasis":"DocObsFish","fhdStNm":"Fish Creek","fhdGenus":"Salvelinus","fhdSp":"fontinalis","fhdSubSp":null,"fhdOrig":"NonNative","fhdProd":"Natural","fhdComment":null,"fhdESH":"NA","fhdBasisD":null,"fhdNMF":"no","fhdBasisDt":null,"fhdBasisNm":null,"fhdBasisEnt":null,"fhdBasisPrj":null,"fhdBasisMethod":null,"fhdAccess":null,"fhdBarrierFtrID":null,"fhdEndExtent":null,"Shape__Length":2002.9798495468135,"habitatType":"stream"},"id":1},
{"type":"Feature","geometry":{"type":"LineString","coordinates":[[-120.414505,42.361887],[-120.413292,42.361127],[-120.412558,42.361222],[-120.410508,42.360309],[-120.409436,42.358663],[-120.409002,42.357576],[-120.409264,42.356876],[-120.408548,42.354223],[-120.407841,42.353728],[-120.408901,42.351526],[-120.408518,42.350622]]},"properties":{"OBJECTID":2,"fhdFtrID":2,"fhdRefID":53670,"fhdRevDt":"20180122","fhdONm":"M. Heck et. al","fhdOEnt":"ODFW","fhdSpNm":"Brook trout","fhdRun":"NA","fhdLifeHst":"FluvRes","fhdUseTy":"Unknown","fhdBasis":"DocObsFish","fhdStNm":"Bauers Creek","fhdGenus":"Salvelinus","fhdSp":"fontinalis","fhdSubSp":null,"fhdOrig":"NonNative","fhdProd":"Natural","fhdComment":null,"fhdESH":"NA","fhdBasisD":null,"fhdNMF":"no","fhdBasisDt":null,"fhdBasisNm":null,"fhdBasisEnt":null,"fhdBasisPrj":null,"fhdBasisMethod":null,"fhdAccess":null,"fhdBarrierFtrID":null,"fhdEndExtent":null,"Shape__Length":2657.517839780577,"habitatType":"stream"},"id":2},
{"type":"Feature","geometry":{"type":"LineString","coordinates":[[-120.466666,42.321768],[-120.464905,42.319437],[-120.462962,42.318206],[-120.462961,42.317724],[-120.461943,42.317107],[-120.46148,42.316421],[-120.460647,42.316353],[-120.458055,42.315053],[-120.457315,42.314501],[-120.454632,42.313203],[-120.453059,42.311763],[-120.452408,42.310114],[-120.450743,42.30847],[-120.450556,42.307232],[-120.45,42.306823],[-120.449905,42.305655],[-120.447779,42.304559],[-120.447037,42.30298],[-120.447035,42.301539],[-120.449529,42.300027],[-120.449527,42.298519],[-120.44897,42.297628],[-120.449063,42.296734],[-120.447765,42.295364],[-120.447764,42.293783],[-120.448041,42.293168]]},"properties":{"OBJECTID":3,"fhdFtrID":3,"fhdRefID":53670,"fhdRevDt":"20180122","fhdONm":"M. Heck et. al","fhdOEnt":"ODFW","fhdSpNm":"Brook trout","fhdRun":"NA","fhdLifeHst":"FluvRes","fhdUseTy":"Unknown","fhdBasis":"DocObsFish","fhdStNm":"Camp Creek","fhdGenus":"Salvelinus","fhdSp":"fontinalis","fhdSubSp":null,"fhdOrig":"NonNative","fhdProd":"Natural","fhdComment":null,"fhdESH":"NA","fhdBasisD":null,"fhdNMF":"no","fhdBasisDt":null,"fhdBasisNm":null,"fhdBasisEnt":null,"fhdBasisPrj":null,"fhdBasisMethod":null,"fhdAccess":null,"fhdBarrierFtrID":null,"fhdEndExtent":null,"Shape__Length":5636.4051477152025,"habitatType":"stream"},"id":3},
{"type":"Feature","geometry":{"type":"LineString","coordinates":[[-120.599995,42.26388],[-120.598882,42.267245],[-120.597496,42.267586],[-120.595648,42.267313],[-120.593986,42.266215],[-120.592601,42.266213],[-120.590937,42.267313],[-120.588535,42.268064],[-120.587888,42.267861],[-120.58604,42.268065],[-120.58447,42.267996],[-120.583547,42.267446],[-120.580775,42.267306],[-120.579112,42.266965],[-120.577726,42.267377],[-120.577262,42.270532],[-120.576153,42.271288],[-120.574768,42.271695],[-120.574119,42.271492],[-120.572919,42.271904],[-120.571717,42.273067]]},"properties":{"OBJECTID":4,"fhdFtrID":4,"fhdRefID":53670,"fhdRevDt":"20180122","fhdONm":"M. Heck et. al","fhdOEnt":"ODFW","fhdSpNm":"Brook trout","fhdRun":"NA","fhdLifeHst":"FluvRes","fhdUseTy":"Unknown","fhdBasis":"DocObsFish","fhdStNm":"Tom Young Creek","fhdGenus":"Salvelinus","fhdSp":"fontinalis","fhdSubSp":null,"fhdOrig":"NonNative","fhdProd":"Natural","fhdComment":null,"fhdESH":"NA","fhdBasisD":null,"fhdNMF":"no","fhdBasisDt":null,"fhdBasisNm":null,"fhdBasisEnt":null,"fhdBasisPrj":null,"fhdBasisMethod":null,"fhdAccess":null,"fhdBarrierFtrID":null,"fhdEndExtent":null,"Shape__Length":4465.271288559694,"habitatType":"stream"},"id":4},
{"type":"Feature","geometry":{"type":"LineString","coordinates":[[-120.638605,42.264775],[-120.639438,42.265395],[-120.639714,42.266905],[-120.639254,42.267728],[-120.639438,42.268754],[-120.641195,42.270744],[-120.642304,42.272325],[-120.642951,42.274248],[-120.642952,42.275689],[-120.64203,42.277885],[-120.642492,42.278777],[-120.642506,42.280259]]},"properties":{"OBJECTID":5,"fhdFtrID":5,"fhdRefID":53670,"fhdRevDt":"20180122","fhdONm":"M. Heck et. al","fhdOEnt":"ODFW","fhdSpNm":"Brook trout","fhdRun":"NA","fhdLifeHst":"FluvRes","fhdUseTy":"Unknown","fhdBasis":"DocObsFish","fhdStNm":"Grizzly Creek","fhdGenus":"Salvelinus","fhdSp":"fontinalis","fhdSubSp":null,"fhdOrig":"NonNative","fhdProd":"Natural","fhdComment":null,"fhdESH":"NA","fhdBasisD":null,"fhdNMF":"no","fhdBasisDt":null,"fhdBasisNm":null,"fhdBasisEnt":null,"fhdBasisPrj":null,"fhdBasisMethod":null,"fhdAccess":null,"fhdBarrierFtrID":null,"fhdEndExtent":null,"Shape__Length":2555.6223778528874,"habitatType":"stream"},"id":5},
{"type":"Feature","geometry":{"type":"LineString","coordinates":[[-120.543628,42.274013],[-120.542613,42.273667],[-120.54095,42.273807],[-120.540672,42.273391],[-120.53938,42.273048],[-120.537531,42.273049],[-120.534207,42.272703],[-120.531506,42.272218]]},"properties":{"OBJECTID":6,"fhdFtrID":6,"fhdRefID":53670,"fhdRevDt":"20180122","fhdONm":"M. Heck et. al","fhdOEnt":"ODFW","fhdSpNm":"Brook trout","fhdRun":"NA","fhdLifeHst":"FluvRes","fhdUseTy":"Unknown","fhdBasis":"DocObsFish","fhdStNm":"Cottonwood Creek","fhdGenus":"Salvelinus","fhdSp":"fontinalis","fhdSubSp":null,"fhdOrig":"NonNative","fhdProd":"Natural","fhdComment":null,"fhdESH":"NA","fhdBasisD":null,"fhdNMF":"no","fhdBasisDt":null,"fhdBasisNm":null,"fhdBasisEnt":null,"fhdBasisPrj":null,"fhdBasisMethod":null,"fhdAccess":null,"fhdBarrierFtrID":null,"fhdEndExtent":null,"Shape__Length":1712.1479695472005,"habitatType":"stream"},"id":6},
{"type":"Feature","geometry":{"type":"LineString","coordinates":[[-120.635851,42.28204],[-120.634914,42.282687],[-120.630388,42.284953],[-120.628724,42.285432],[-120.626876,42.286258],[-120.625953,42.28564],[-120.622625,42.283923],[-120.621054,42.28358],[-120.618558,42.283717],[-120.616064,42.28303],[-120.615324,42.2831],[-120.611905,42.282205],[-120.60941,42.282617],[-120.608393,42.283168],[-120.606453,42.283028],[-120.604789,42.283511],[-120.603496,42.283372],[-120.60174,42.284402],[-120.600077,42.284331],[-120.598598,42.28399],[-120.596382,42.282822],[-120.595365,42.281999],[-120.5925,42.281039],[-120.589821,42.280829],[-120.588066,42.279387],[-120.587327,42.278224],[-120.586496,42.277877],[-120.586774,42.27678],[-120.58391,42.275063],[-120.583449,42.274513],[-120.580493,42.273964],[-120.577259,42.273963],[-120.575412,42.274375],[-120.574765,42.27396],[-120.573564,42.273894],[-120.571717,42.273067],[-120.5695,42.272997],[-120.567928,42.273617],[-120.566542,42.273754],[-120.565617,42.274437],[-120.565061,42.275465],[-120.564046,42.276223],[-120.563029,42.276219],[-120.562465,42.276706]]},"properties":{"OBJECTID":7,"fhdFtrID":7,"fhdRefID":53670,"fhdRevDt":"20180122","fhdONm":"M. Heck et. al","fhdOEnt":"ODFW","fhdSpNm":"Brook trout","fhdRun":"NA","fhdLifeHst":"FluvRes","fhdUseTy":"Unknown","fhdBasis":"DocObsFish","fhdStNm":"Cottonwood Creek","fhdGenus":"Salvelinus","fhdSp":"fontinalis","fhdSubSp":null,"fhdOrig":"NonNative","fhdProd":"Natural","fhdComment":null,"fhdESH":"NA","fhdBasisD":null,"fhdNMF":"no","fhdBasisDt":null,"fhdBasisNm":null,"fhdBasisEnt":null,"fhdBasisPrj":null,"fhdBasisMethod":null,"fhdAccess":null,"fhdBarrierFtrID":null,"fhdEndExtent":null,"Shape__Length":10008.383745479037,"habitatType":"stream"},"id":7},
{"type":"Feature","geometry":{"type":"LineString","coordinates":[[-118.169465,42.066203],[-118.170415,42.067949],[-118.172758,42.070584],[-118.17527,42.071562],[-118.17919,42.072451],[-118.182233,42.072655],[-118.184156,42.073022],[-118.185453,42.072764],[-118.186182,42.07227],[-118.188047,42.071557],[-118.189852,42.071551],[-118.191812,42.070744],[-118.192298,42.070256],[-118.195481,42.068631],[-118.19652,42.06773],[-118.198022,42.066934],[-118.200756,42.066176],[-118.201212,42.065781],[-118.203128,42.065309],[-118.205021,42.064128],[-118.206082,42.064287],[-118.207946,42.06494],[-118.208698,42.065708],[-118.210142,42.066389],[-118.210717,42.066949],[-118.21337,42.067805]]},"properties":{"OBJECTID":8,"fhdFtrID":8,"fhdRefID":53580,"fhdRevDt":"20190311","fhdONm":"Jay Stevens","fhdOEnt":"BLM","fhdSpNm":"Brook trout","fhdRun":"NA","fhdLifeHst":"FluvRes","fhdUseTy":"Unknown","fhdBasis":"UndocObsFish","fhdStNm":"North Fork McDermitt Creek","fhdGenus":"Salvelinus","fhdSp":"fontinalis","fhdSubSp":null,"fhdOrig":"NonNative","fhdProd":"Natural","fhdComment":null,"fhdESH":"NA","fhdBasisD":null,"fhdNMF":"no","fhdBasisDt":"20040303","fhdBasisNm":null,"fhdBasisEnt":null,"fhdBasisPrj":null,"fhdBasisMethod":null,"fhdAccess":null,"fhdBarrierFtrID":null,"fhdEndExtent":null,"Shape__Length":6124.929077736467,"habitatType":"stream"},"id":8},
{"type":"Feature","geometry":{"type":"LineString","coordinates":[[-117.912075,42.128408],[-117.909442,42.129769],[-117.908763,42.130674],[-117.907627,42.130795],[-117.9068,42.131365],[-117.904764,42.132292],[-117.904152,42.133182],[-117.901319,42.134196],[-117.897445,42.136902],[-117.894301,42.138476],[-117.89259,42.138816],[-117.890383,42.139798],[-117.888185,42.140258],[-117.885298,42.139516]]},"properties":{"OBJECTID":9,"fhdFtrID":9,"fhdRefID":53580,"fhdRevDt":"20190311","fhdONm":"Jay Stevens","fhdOEnt":"BLM","fhdSpNm":"Brook trout","fhdRun":"NA","fhdLifeHst":"FluvRes","fhdUseTy":"Unknown","fhdBasis":"UndocObsFish","fhdStNm":"Fish Creek","fhdGenus":"Salvelinus","fhdSp":"fontinalis","fhdSubSp":null,"fhdOrig":"NonNative","fhdProd":"Natural","fhdComment":null,"fhdESH":"NA","fhdBasisD":null,"fhdNMF":"no","fhdBasisDt":"20030122","fhdBasisNm":null,"fhdBasisEnt":null,"fhdBasisPrj":null,"fhdBasisMethod":null,"fhdAccess":null,"fhdBarrierFtrID":null,"fhdEndExtent":null,"Shape__Length":3753.5532042183154,"habitatType":"stream"},"id":9},
{"type":"Feature","geometry":{"type":"LineString","coordinates":[[-118.241369,44.299971],[-118.239589,44.300971],[-118.236029,44.302198],[-118.233397,44.303532],[-118.231153,44.303808],[-118.229217,44.304419],[-118.228444,44.305476],[-118.224728,44.308199],[-118.223722,44.309312],[-118.223954,44.309981],[-118.223645,44.311479],[-118.223877,44.31248],[-118.223335,44.314592],[-118.223258,44.316259],[-118.222562,44.317261],[-118.22202,44.320765],[-118.220472,44.324378],[-118.21931,44.325822],[-118.217917,44.326822],[-118.216988,44.327989],[-118.214665,44.330102],[-118.214432,44.331545],[-118.213736,44.332935]]},"properties":{"OBJECTID":10,"fhdFtrID":10,"fhdRefID":53580,"fhdRevDt":"20190311","fhdONm":"Jay Stevens","fhdOEnt":"BLM","fhdSpNm":"Brook trout","fhdRun":"NA","fhdLifeHst":"FluvRes","fhdUseTy":"Unknown","fhdBasis":"UndocObsFish","fhdStNm":"South Fork West Camp Creek","fhdGenus":"Salvelinus","fhdSp":"fontinalis","fhdSubSp":null,"fhdOrig":"NonNative","fhdProd":"Natural","fhdComment":null,"fhdESH":"NA","fhdBasisD":null,"fhdNMF":"no","fhdBasisDt":"20030801","fhdBasisNm":null,"fhdBasisEnt":null,"fhdBasisPrj":null,"fhdBasisMethod":null,"fhdAccess":null,"fhdBarrierFtrID":null,"fhdEndExtent":null,"Shape__Length":6653.173609122511,"habitatType":"stream"},"id":10},
{"type":"Feature","geometry":{"type":"LineString","coordinates":[[-118.180451,44.503473],[-118.183105,44.503884],[-118.185445,44.503887],[-118.187587,44.503432]]},"properties":{"OBJECTID":11,"fhdFtrID":11,"fhdRefID":53580,"fhdRevDt":"20190311","fhdONm":"Jay Stevens","fhdOEnt":"BLM","fhdSpNm":"Brook trout","fhdRun":"NA","fhdLifeHst":"FluvRes","fhdUseTy":"Unknown","fhdBasis":"UndocObsFish","fhdStNm":"Burnt River","fhdGenus":"Salvelinus","fhdSp":"fontinalis","fhdSubSp":null,"fhdOrig":"NonNative","fhdProd":"Natural","fhdComment":null,"fhdESH":"NA","fhdBasisD":null,"fhdNMF":"no","fhdBasisDt":"20030801","fhdBasisNm":null,"fhdBasisEnt":null,"fhdBasisPrj":null,"fhdBasisMethod":null,"fhdAccess":null,"fhdBarrierFtrID":null,"fhdEndExtent":null,"Shape__Length":833.6552441007182,"habitatType":"stream"},"id":11},
{"type":"Feature","geometry":{"type":"LineString","coordinates":[[-118.187587,44.503432],[-118.189015,44.503148],[-118.191881,44.5012],[-118.192324,44.500736],[-118.192666,44.499004],[-118.194918,44.496523],[-118.195165,44.49571],[-118.198177,44.493545],[-118.200039,44.492364],[-118.200761,44.490763],[-118.201025,44.489089],[-118.202642,44.488234],[-118.202309,44.487338],[-118.203721,44.485648],[-118.204692,44.483963],[-118.206776,44.482573],[-118.206971,44.481644],[-118.20806,44.480831],[-118.208277,44.479118],[-118.209119,44.477309],[-118.210271,44.476459],[-118.214117,44.475185],[-118.215384,44.474415],[-118.217504,44.474204],[-118.217925,44.473875],[-118.221027,44.473086],[-118.222694,44.472258],[-118.223727,44.472337],[-118.224126,44.471603],[-118.225799,44.47163],[-118.227112,44.47131],[-118.228798,44.469563],[-118.230466,44.468762],[-118.23034,44.467566],[-118.232451,44.465689],[-118.233333,44.465184],[-118.233263,44.464267],[-118.232534,44.462501],[-118.233042,44.46155],[-118.232686,44.460744],[-118.233341,44.460215],[-118.232789,44.459653],[-118.232957,44.458112],[-118.233653,44.457132],[-118.2348,44.456679],[-118.234626,44.4556],[-118.235661,44.45459],[-118.235098,44.453507],[-118.236258,44.453098],[-118.237568,44.450284],[-118.237435,44.449313],[-118.237965,44.447642],[-118.240476,44.444536],[-118.242519,44.443712],[-118.243228,44.442759],[-118.242775,44.442134],[-118.245494,44.4404],[-118.249138,44.43768],[-118.250347,44.436404],[-118.251889,44.435255],[-118.252104,44.434119],[-118.252726,44.433824],[-118.253283,44.432269],[-118.255773,44.43181],[-118.258422,44.431123],[-118.259864,44.430405],[-118.260869,44.429233],[-118.26037,44.428221],[-118.260413,44.426519],[-118.261267,44.42574],[-118.26282,44.425182],[-118.262898,44.424628],[-118.261424,44.423901],[-118.261581,44.422513],[-118.263755,44.420455],[-118.264609,44.420013],[-118.265619,44.418845],[-118.26655,44.41829],[-118.270974,44.418403],[-118.271362,44.417957],[-118.27369,44.417679],[-118.274932,44.417067],[-118.275864,44.415287],[-118.276718,44.414679],[-118.278969,44.413623],[-118.281375,44.413232],[-118.282694,44.412177],[-118.283858,44.412065],[-118.285178,44.411123],[-118.286341,44.411231],[-118.287195,44.41051],[-118.288825,44.410118],[-118.289911,44.409399],[-118.291696,44.409622],[-118.294102,44.408564],[-118.295033,44.408563],[-118.295731,44.408064],[-118.296895,44.408285],[-118.298136,44.407731],[-118.298834,44.407898],[-118.300929,44.407177],[-118.301783,44.406064],[-118.30349,44.405338],[-118.304577,44.403948],[-118.306671,44.402727],[-118.308146,44.402615],[-118.310628,44.401561],[-118.312025,44.401725],[-118.312878,44.400891],[-118.315206,44.400279],[-118.319007,44.400168],[-118.320946,44.400001],[-118.322808,44.400835],[-118.323894,44.401003],[-118.325601,44.401838],[-118.327007,44.401709],[-118.328364,44.400627],[-118.330174,44.398467],[-118.331832,44.397282],[-118.331983,44.396524],[-118.333867,44.395066],[-118.334697,44.392905],[-118.335375,44.392258],[-118.335151,44.389343],[-118.33523,44.382752],[-118.334705,44.378595],[-118.336966,44.375949],[-118.33787,44.375195],[-118.338021,44.374545],[-118.33998,44.373302],[-118.341109,44.37287],[-118.34254,44.371683],[-118.344875,44.370927],[-118.347661,44.370606],[-118.34977,44.369581],[-118.350598,44.368878],[-118.351728,44.36715],[-118.351653,44.366503],[-118.353235,44.364557],[-118.355645,44.362611],[-118.358505,44.360831],[-118.361065,44.360184],[-118.361818,44.359805],[-118.363249,44.358456],[-118.365959,44.356943],[-118.367314,44.355756],[-118.373034,44.353054],[-118.377174,44.350947],[-118.379884,44.349758],[-118.382142,44.349163],[-118.384926,44.348679],[-118.386808,44.347707],[-118.388012,44.347705],[-118.389118,44.347166]]},"properties":{"OBJECTID":12,"fhdFtrID":12,"fhdRefID":53580,"fhdRevDt":"20190311","fhdONm":"Jay Stevens","fhdOEnt":"BLM","fhdSpNm":"Brook trout","fhdRun":"NA","fhdLifeHst":"FluvRes","fhdUseTy":"Unknown","fhdBasis":"UndocObsFish","fhdStNm":"South Fork Burnt River","fhdGenus":"Salvelinus","fhdSp":"fontinalis","fhdSubSp":null,"fhdOrig":"NonNative","fhdProd":"Natural","fhdComment":null,"fhdESH":"NA","fhdBasisD":null,"fhdNMF":"no","fhdBasisDt":"20030801","fhdBasisNm":null,"fhdBasisEnt":null,"fhdBasisPrj":null,"fhdBasisMethod":null,"fhdAccess":null,"fhdBarrierFtrID":null,"fhdEndExtent":null,"Shape__Length":39440.02954497366,"habitatType":"stream"},"id":12},
{"type":"Feature","geometry":{"type":"LineString","coordinates":[[-117.017508,44.877811],[-117.016375,44.877811],[-117.016537,44.879886],[-117.014837,44.881498],[-117.014189,44.881552],[-117.012732,44.882646],[-117.010465,44.882822],[-117.009737,44.882304],[-117.007308,44.879081],[-117.007227,44.877353],[-117.006903,44.876376],[-117.005608,44.875859],[-117.005203,44.876547],[-117.004151,44.876894],[-117.001722,44.876547],[-117.001074,44.877182],[-116.999617,44.877412],[-116.998646,44.877241],[-116.997432,44.877529],[-116.995731,44.877006],[-116.992898,44.877123],[-116.992332,44.877528],[-116.991926,44.879081],[-116.991278,44.879828],[-116.990145,44.880463],[-116.990388,44.881728],[-116.989658,44.882533],[-116.987877,44.882362],[-116.987392,44.881844],[-116.985853,44.882362],[-116.985125,44.882015],[-116.98391,44.882303],[-116.98391,44.883338],[-116.981724,44.883513],[-116.979133,44.88259],[-116.977838,44.883395],[-116.975976,44.882418],[-116.975085,44.882706],[-116.974275,44.8838],[-116.973547,44.882994],[-116.972495,44.882764],[-116.970713,44.883394],[-116.968042,44.883051],[-116.96626,44.884432],[-116.966663,44.886503],[-116.966258,44.886791],[-116.964639,44.886561],[-116.961723,44.887248],[-116.960426,44.888688],[-116.95905,44.888859],[-116.958482,44.889493],[-116.959372,44.890475],[-116.961153,44.89174],[-116.958559,44.894503],[-116.958315,44.895308],[-116.9588,44.89692],[-116.959771,44.897609],[-116.957907,44.89922],[-116.956771,44.901236],[-116.956689,44.902964],[-116.954906,44.90394],[-116.953609,44.905033],[-116.954256,44.906186],[-116.954256,44.906933],[-116.952554,44.907625],[-116.952472,44.908485],[-116.951823,44.908948],[-116.950771,44.908718],[-116.94996,44.909753],[-116.948663,44.910212],[-116.946142,44.908887],[-116.945226,44.908887],[-116.943776,44.910407],[-116.941715,44.911383],[-116.938813,44.911548],[-116.93698,44.9122],[-116.935148,44.914044],[-116.934155,44.914588],[-116.932933,44.913993],[-116.932017,44.914371],[-116.932093,44.915185],[-116.930261,44.916652],[-116.927511,44.916326],[-116.925373,44.917522],[-116.924915,44.918331],[-116.922242,44.919581],[-116.921173,44.919909],[-116.9185,44.919907],[-116.915979,44.921264],[-116.913229,44.921645],[-116.912771,44.922405],[-116.913459,44.923054],[-116.913383,44.924359],[-116.91216,44.924957],[-116.911015,44.925878],[-116.909105,44.92653],[-116.910098,44.927669],[-116.910099,44.928862],[-116.909258,44.929352],[-116.909258,44.930437],[-116.908189,44.931358],[-116.905668,44.931086],[-116.90498,44.931846],[-116.904827,44.932823],[-116.904063,44.933259],[-116.902459,44.933581],[-116.899938,44.934506],[-116.897493,44.934558],[-116.8965,44.933311],[-116.893673,44.93342],[-116.890464,44.935753],[-116.890388,44.936622],[-116.889471,44.938192],[-116.889394,44.939389],[-116.888477,44.940095],[-116.888324,44.940851],[-116.887483,44.941449],[-116.886337,44.941556],[-116.884656,44.941284],[-116.881524,44.941285],[-116.879537,44.941827],[-116.878467,44.942857],[-116.877015,44.943778],[-116.877778,44.94481],[-116.87732,44.945678],[-116.877395,44.947631],[-116.875866,44.948935],[-116.875331,44.950456],[-116.874107,44.952678],[-116.873113,44.953708],[-116.871204,44.954633],[-116.870132,44.95577],[-116.868908,44.957668],[-116.867226,44.958971],[-116.866232,44.959024],[-116.865039,44.958618],[-116.863786,44.960435],[-116.863097,44.962549],[-116.862485,44.963309],[-116.862789,44.964736],[-116.862407,44.965753],[-116.862788,44.967756],[-116.861947,44.968629],[-116.860723,44.969059],[-116.85866,44.968516],[-116.858297,44.968849],[-116.858279,44.970533],[-116.857368,44.971823],[-116.856287,44.972803],[-116.854997,44.973555]]},"properties":{"OBJECTID":13,"fhdFtrID":13,"fhdRefID":53580,"fhdRevDt":"20190311","fhdONm":"Jay Stevens","fhdOEnt":"BLM","fhdSpNm":"Brook trout","fhdRun":"NA","fhdLifeHst":"FluvRes","fhdUseTy":"Unknown","fhdBasis":"UndocObsFish","fhdStNm":"Pine Creek","fhdGenus":"Salvelinus","fhdSp":"fontinalis","fhdSubSp":null,"fhdOrig":"NonNative","fhdProd":"Natural","fhdComment":null,"fhdESH":"NA","fhdBasisD":null,"fhdNMF":"no","fhdBasisDt":"20021115","fhdBasisNm":null,"fhdBasisEnt":null,"fhdBasisPrj":null,"fhdBasisMethod":null,"fhdAccess":null,"fhdBarrierFtrID":null,"fhdEndExtent":null,"Shape__Length":32854.042030204124,"habitatType":"stream"},"id":13},
{"type":"Feature","geometry":{"type":"LineString","coordinates":[[-121.722673,45.225615],[-121.725548,45.224223],[-121.727542,45.223905],[-121.728218,45.224519],[-121.728908,45.223516],[-121.729808,45.223578],[-121.731564,45.222656],[-121.733088,45.222753],[-121.733524,45.222128],[-121.734446,45.22193],[-121.736266,45.22078],[-121.736906,45.219893],[-121.738455,45.219462],[-121.73943,45.218435],[-121.741643,45.218474],[-121.742895,45.218976],[-121.743072,45.21963],[-121.744527,45.219718],[-121.745796,45.220847],[-121.747701,45.221463],[-121.749192,45.219704],[-121.75131,45.219069],[-121.75253,45.219114],[-121.753596,45.219506],[-121.755724,45.216765],[-121.75634,45.217334],[-121.758771,45.216802],[-121.760618,45.216949],[-121.762366,45.217325],[-121.763787,45.216998],[-121.765404,45.21721],[-121.766782,45.217093],[-121.76765,45.216464],[-121.769505,45.216436],[-121.771358,45.215189],[-121.772957,45.215501],[-121.774252,45.216139],[-121.776026,45.21627]]},"properties":{"OBJECTID":14,"fhdFtrID":14,"fhdRefID":53578,"fhdRevDt":"20190311","fhdONm":"Ed Hall","fhdOEnt":"USFS","fhdSpNm":"Brook trout","fhdRun":"NA","fhdLifeHst":"FluvRes","fhdUseTy":"Unknown","fhdBasis":"UndocObsFish","fhdStNm":"Salmon River","fhdGenus":"Salvelinus","fhdSp":"fontinalis","fhdSubSp":null,"fhdOrig":"NonNative","fhdProd":"Natural","fhdComment":null,"fhdESH":"NA","fhdBasisD":null,"fhdNMF":"no","fhdBasisDt":"20021126","fhdBasisNm":null,"fhdBasisEnt":null,"fhdBasisPrj":null,"fhdBasisMethod":null,"fhdAccess":null,"fhdBarrierFtrID":null,"fhdEndExtent":null,"Shape__Length":8533.870013902915,"habitatType":"stream"},"id":14},
{"type":"Feature","geometry":{"type":"LineString","coordinates":[[-121.719626,45.268513],[-121.718687,45.267404],[-121.718204,45.265859],[-121.716536,45.264528],[-121.717067,45.263803],[-121.716052,45.263106],[-121.715153,45.260969],[-121.714328,45.26084],[-121.713596,45.259682],[-121.714384,45.258836],[-121.713728,45.258315],[-121.713831,45.257409],[-121.714438,45.257129],[-121.714622,45.255701],[-121.715364,45.25486],[-121.717146,45.253744],[-121.718392,45.253465],[-121.719226,45.251927],[-121.719798,45.251882],[-121.720325,45.249472],[-121.720121,45.248673],[-121.719398,45.248071],[-121.719882,45.24717],[-121.718724,45.245874],[-121.719631,45.244834],[-121.718675,45.243853],[-121.718883,45.243216],[-121.718261,45.241413],[-121.718378,45.240346],[-121.719157,45.239711],[-121.718841,45.239236],[-121.719541,45.238573],[-121.718641,45.23787],[-121.719405,45.236779],[-121.719607,45.235749],[-121.720538,45.234811],[-121.72074,45.233776],[-121.719553,45.233556],[-121.720019,45.232567],[-121.719841,45.231682],[-121.721285,45.230694],[-121.721087,45.229376],[-121.721686,45.228827],[-121.721127,45.228025],[-121.722339,45.226751],[-121.722673,45.225615]]},"properties":{"OBJECTID":15,"fhdFtrID":14,"fhdRefID":53580,"fhdRevDt":"20190311","fhdONm":"Jay Stevens","fhdOEnt":"BLM","fhdSpNm":"Brook trout","fhdRun":"NA","fhdLifeHst":"FluvRes","fhdUseTy":"Unknown","fhdBasis":"UndocObsFish","fhdStNm":"Salmon River","fhdGenus":"Salvelinus","fhdSp":"fontinalis","fhdSubSp":null,"fhdOrig":"NonNative","fhdProd":"Natural","fhdComment":null,"fhdESH":"NA","fhdBasisD":null,"fhdNMF":"no","fhdBasisDt":"20021126","fhdBasisNm":null,"fhdBasisEnt":null,"fhdBasisPrj":null,"fhdBasisMethod":null,"fhdAccess":null,"fhdBarrierFtrID":null,"fhdEndExtent":null,"Shape__Length":9927.067908456549,"habitatType":"stream"},"id":15},
{"type":"Feature","geometry":{"type":"LineString","coordinates":[[-121.708181,45.280123],[-121.710423,45.279018],[-121.712637,45.278229],[-121.714291,45.277839],[-121.715369,45.27702],[-121.717193,45.276108],[-121.717752,45.274445],[-121.718997,45.274039],[-121.721096,45.271374]]},"properties":{"OBJECTID":16,"fhdFtrID":15,"fhdRefID":53580,"fhdRevDt":"20190311","fhdONm":"Jay Stevens","fhdOEnt":"BLM","fhdSpNm":"Brook trout","fhdRun":"NA","fhdLifeHst":"FluvRes","fhdUseTy":"Unknown","fhdBasis":"UndocObsFish","fhdStNm":"East Fork Salmon River","fhdGenus":"Salvelinus","fhdSp":"fontinalis","fhdSubSp":null,"fhdOrig":"NonNative","fhdProd":"Natural","fhdComment":null,"fhdESH":"NA","fhdBasisD":null,"fhdNMF":"no","fhdBasisDt":"20021126","fhdBasisNm":null,"fhdBasisEnt":null,"fhdBasisPrj":null,"fhdBasisMethod":null,"fhdAccess":null,"fhdBarrierFtrID":null,"fhdEndExtent":null,"Shape__Length":2244.964652684079,"habitatType":"stream"},"id":16},
{"type":"Feature","geometry":{"type":"LineString","coordinates":[[-121.721414,45.288632],[-121.721394,45.288079],[-121.719404,45.287249],[-121.71714,45.287221],[-121.716495,45.286753],[-121.717111,45.285429],[-121.716643,45.284452],[-121.717663,45.283124],[-121.718381,45.281209]]},"properties":{"OBJECTID":17,"fhdFtrID":16,"fhdRefID":53580,"fhdRevDt":"20190311","fhdONm":"Jay Stevens","fhdOEnt":"BLM","fhdSpNm":"Brook trout","fhdRun":"NA","fhdLifeHst":"FluvRes","fhdUseTy":"Unknown","fhdBasis":"UndocObsFish","fhdStNm":"West Fork Salmon River","fhdGenus":"Salvelinus","fhdSp":"fontinalis","fhdSubSp":null,"fhdOrig":"NonNative","fhdProd":"Natural","fhdComment":null,"fhdESH":"NA","fhdBasisD":null,"fhdNMF":"no","fhdBasisDt":"20021126","fhdBasisNm":null,"fhdBasisEnt":null,"fhdBasisPrj":null,"fhdBasisMethod":null,"fhdAccess":null,"fhdBarrierFtrID":null,"fhdEndExtent":null,"Shape__Length":1790.4029259117103,"habitatType":"stream"},"id":17},
{"type":"Feature","geometry":{"type":"LineString","coordinates":[[-120.819265,42.58967],[-120.820837,42.589808],[-120.824167,42.589674],[-120.82611,42.589125],[-120.829255,42.588514],[-120.830275,42.588443],[-120.834435,42.588788],[-120.836564,42.589881]]},"properties":{"OBJECTID":18,"fhdFtrID":17,"fhdRefID":53706,"fhdRevDt":"20190315","fhdONm":"Phillip Gaines","fhdOEnt":"USFS","fhdSpNm":"Brook trout","fhdRun":"NA","fhdLifeHst":"FluvRes","fhdUseTy":"Unknown","fhdBasis":"UndocObsFish","fhdStNm":"Dead Cow Creek","fhdGenus":"Salvelinus","fhdSp":"fontinalis","fhdSubSp":null,"fhdOrig":"NonNative","fhdProd":"Natural","fhdComment":null,"fhdESH":"NA","fhdBasisD":null,"fhdNMF":"no","fhdBasisDt":null,"fhdBasisNm":null,"fhdBasisEnt":null,"fhdBasisPrj":null,"fhdBasisMethod":null,"fhdAccess":null,"fhdBarrierFtrID":null,"fhdEndExtent":null,"Shape__Length":2048.118483936709,"habitatType":"stream"},"id":18},
{"type":"Feature","geometry":{"type":"LineString","coordinates":[[-120.819265,42.58967],[-120.817506,42.590627],[-120.815471,42.590625],[-120.814083,42.590967],[-120.812694,42.591715],[-120.810288,42.592601],[-120.809733,42.593014],[-120.807327,42.594035],[-120.805195,42.596155],[-120.803158,42.599025],[-120.802509,42.600593]]},"properties":{"OBJECTID":19,"fhdFtrID":17,"fhdRefID":53706,"fhdRevDt":"20190315","fhdONm":"Phillip Gaines","fhdOEnt":"USFS","fhdSpNm":"Brook trout","fhdRun":"NA","fhdLifeHst":"FluvRes","fhdUseTy":"Unknown","fhdBasis":"UndocObsFish","fhdStNm":"Gold Creek","fhdGenus":"Salvelinus","fhdSp":"fontinalis","fhdSubSp":null,"fhdOrig":"NonNative","fhdProd":"Natural","fhdComment":null,"fhdESH":"NA","fhdBasisD":null,"fhdNMF":"no","fhdBasisDt":null,"fhdBasisNm":null,"fhdBasisEnt":null,"fhdBasisPrj":null,"fhdBasisMethod":null,"fhdAccess":null,"fhdBarrierFtrID":null,"fhdEndExtent":null,"Shape__Length":2709.836629947171,"habitatType":"stream"},"id":19},
{"type":"Feature","geometry":{"type":"LineString","coordinates":[[-121.741506,45.267566],[-121.742744,45.266789],[-121.743414,45.266892],[-121.744148,45.265721],[-121.745251,45.26465],[-121.745578,45.263617],[-121.744899,45.26258],[-121.74565,45.260765],[-121.746865,45.259477],[-121.747655,45.259058],[-121.748791,45.259222],[-121.751016,45.258232],[-121.752164,45.258199],[-121.753084,45.257391],[-121.753847,45.255295],[-121.754986,45.254464],[-121.755252,45.253555],[-121.757224,45.251824],[-121.757049,45.250999],[-121.7577,45.2506],[-121.757802,45.248964],[-121.757169,45.24838],[-121.756701,45.246524],[-121.755216,45.246021],[-121.754569,45.245026],[-121.754798,45.242537],[-121.755541,45.242356],[-121.756054,45.241493],[-121.757265,45.240355],[-121.759384,45.239889],[-121.759593,45.239223],[-121.760983,45.23838],[-121.761112,45.237784],[-121.764136,45.236586],[-121.765875,45.234663],[-121.766875,45.23325],[-121.766886,45.231571],[-121.767601,45.231165],[-121.768876,45.231105],[-121.770475,45.231537],[-121.771249,45.230861],[-121.772245,45.230764],[-121.773987,45.229571],[-121.774678,45.228697],[-121.775997,45.228496],[-121.776671,45.22737],[-121.776467,45.226355],[-121.777255,45.225885],[-121.77789,45.223545],[-121.778437,45.223019],[-121.77772,45.221976],[-121.775927,45.220556],[-121.775792,45.219938],[-121.776661,45.217283],[-121.776026,45.21627]]},"properties":{"OBJECTID":20,"fhdFtrID":18,"fhdRefID":53578,"fhdRevDt":"20190311","fhdONm":"Ed Hall","fhdOEnt":"USFS","fhdSpNm":"Brook trout","fhdRun":"NA","fhdLifeHst":"FluvRes","fhdUseTy":"Unknown","fhdBasis":"UndocObsFish","fhdStNm":"Mud Creek","fhdGenus":"Salvelinus","fhdSp":"fontinalis","fhdSubSp":null,"fhdOrig":"NonNative","fhdProd":"Natural","fhdComment":null,"fhdESH":"NA","fhdBasisD":null,"fhdNMF":"no","fhdBasisDt":"20021126","fhdBasisNm":null,"fhdBasisEnt":null,"fhdBasisPrj":null,"fhdBasisMethod":null,"fhdAccess":null,"fhdBarrierFtrID":null,"fhdEndExtent":null,"Shape__Length":12035.34000759135,"habitatType":"stream"},"id":20},
{"type":"Feature","geometry":{"type":"LineString","coordinates":[[-121.754798,45.242537],[-121.754508,45.242181],[-121.752534,45.242185],[-121.751242,45.241919],[-121.748691,45.24232],[-121.745898,45.242466],[-121.745452,45.242725]]},"properties":{"OBJECTID":21,"fhdFtrID":19,"fhdRefID":53580,"fhdRevDt":"20190311","fhdONm":"Jay Stevens","fhdOEnt":"BLM","fhdSpNm":"Brook trout","fhdRun":"NA","fhdLifeHst":"FluvRes","fhdUseTy":"Unknown","fhdBasis":"UndocObsFish","fhdStNm":"Unnamed trib to Mud Creek ","fhdGenus":"Salvelinus","fhdSp":"fontinalis","fhdSubSp":null,"fhdOrig":"NonNative","fhdProd":"Natural","fhdComment":null,"fhdESH":"NA","fhdBasisD":null,"fhdNMF":"no","fhdBasisDt":"20021126","fhdBasisNm":null,"fhdBasisEnt":null,"fhdBasisPrj":null,"fhdBasisMethod":null,"fhdAccess":null,"fhdBarrierFtrID":null,"fhdEndExtent":null,"Shape__Length":1200.3053509538047,"habitatType":"stream"},"id":21},
{"type":"Feature","geometry":{"type":"LineString","coordinates":[[-121.741506,45.267566],[-121.741148,45.268679],[-121.738754,45.271105],[-121.737218,45.272897],[-121.736497,45.273392],[-121.734936,45.273833],[-121.734378,45.274452],[-121.735253,45.27563],[-121.735405,45.277091],[-121.735883,45.277454],[-121.736541,45.279536],[-121.736304,45.279865],[-121.7364,45.281567]]},"properties":{"OBJECTID":22,"fhdFtrID":20,"fhdRefID":53580,"fhdRevDt":"20190311","fhdONm":"Jay Stevens","fhdOEnt":"BLM","fhdSpNm":"Brook trout","fhdRun":"NA","fhdLifeHst":"FluvRes","fhdUseTy":"Unknown","fhdBasis":"UndocObsFish","fhdStNm":"Unnamed trib to Trillium Lake","fhdGenus":"Salvelinus","fhdSp":"fontinalis","fhdSubSp":null,"fhdOrig":"NonNative","fhdProd":"Natural","fhdComment":null,"fhdESH":"NA","fhdBasisD":null,"fhdNMF":"no","fhdBasisDt":"20021126","fhdBasisNm":null,"fhdBasisEnt":null,"fhdBasisPrj":null,"fhdBasisMethod":null,"fhdAccess":null,"fhdBarrierFtrID":null,"fhdEndExtent":null,"Shape__Length":2748.316668407685,"habitatType":"stream"},"id":22},
{"type":"Feature","geometry":{"type":"LineString","coordinates":[[-123.264858,42.700091],[-123.265728,42.699457],[-123.266856,42.699487],[-123.267873,42.70008],[-123.269151,42.701489],[-123.270194,42.702117],[-123.270465,42.702926],[-123.272024,42.704298],[-123.272184,42.705006],[-123.271244,42.705825],[-123.271386,42.706765],[-123.270914,42.70752],[-123.270746,42.709139],[-123.271388,42.710154],[-123.272018,42.710482],[-123.272025,42.711263],[-123.270972,42.712302],[-123.270873,42.713489],[-123.272294,42.713871],[-123.273785,42.716298],[-123.274252,42.716698]]},"properties":{"OBJECTID":23,"fhdFtrID":21,"fhdRefID":53580,"fhdRevDt":"20190311","fhdONm":"Jay Stevens","fhdOEnt":"BLM","fhdSpNm":"Brook trout","fhdRun":"NA","fhdLifeHst":"FluvRes","fhdUseTy":"Unknown","fhdBasis":"UndocObsFish","fhdStNm":"Unnamed trib to Wolf Creek","fhdGenus":"Salvelinus","fhdSp":"fontinalis","fhdSubSp":null,"fhdOrig":"NonNative","fhdProd":"Natural","fhdComment":null,"fhdESH":"NA","fhdBasisD":null,"fhdNMF":"no","fhdBasisDt":"20030416","fhdBasisNm":null,"fhdBasisEnt":null,"fhdBasisPrj":null,"fhdBasisMethod":null,"fhdAccess":null,"fhdBarrierFtrID":null,"fhdEndExtent":null,"Shape__Length":3580.5339986046224,"habitatType":"stream"},"id":23},
{"type":"Feature","geometry":{"type":"LineString","coordinates":[[-120.216932,42.361696],[-120.215988,42.362742],[-120.214971,42.363087],[-120.213306,42.36446],[-120.211828,42.365144],[-120.209701,42.366934],[-120.207758,42.367895],[-120.205076,42.367483],[-120.203687,42.368791],[-120.202671,42.369271],[-120.200913,42.369547],[-120.198876,42.36934],[-120.196378,42.370233],[-120.196101,42.370852],[-120.194621,42.371883],[-120.193419,42.372363],[-120.190551,42.373738],[-120.188607,42.374082],[-120.187128,42.374838],[-120.185648,42.376143],[-120.18463,42.377311],[-120.184539,42.377926],[-120.18269,42.379646],[-120.182598,42.381359],[-120.181488,42.38239],[-120.180007,42.383213],[-120.17862,42.384656],[-120.176492,42.386031],[-120.1764,42.386303],[-120.173718,42.389051],[-120.173351,42.391865],[-120.172704,42.393443],[-120.171592,42.393785],[-120.169741,42.393514],[-120.168351,42.393034],[-120.166499,42.39324],[-120.164832,42.393996],[-120.163629,42.395299],[-120.16289,42.395438],[-120.160946,42.397015],[-120.159743,42.399349],[-120.159003,42.400033],[-120.158819,42.400857],[-120.157245,42.402507],[-120.156782,42.402644],[-120.15493,42.404426],[-120.154468,42.405387],[-120.152709,42.406901],[-120.152617,42.407241],[-120.150857,42.408134],[-120.148264,42.40992],[-120.147061,42.410398],[-120.143912,42.410261],[-120.138263,42.410399],[-120.136039,42.411226],[-120.134928,42.413009],[-120.134559,42.414656],[-120.134743,42.416237],[-120.135301,42.418155],[-120.136042,42.41939],[-120.135762,42.420148],[-120.133522,42.420596],[-120.130427,42.420305],[-120.126034,42.420459]]},"properties":{"OBJECTID":24,"fhdFtrID":22,"fhdRefID":53690,"fhdRevDt":"20190312","fhdONm":"Mike Meeuwig","fhdOEnt":"ODFW","fhdSpNm":"Brook trout","fhdRun":"NA","fhdLifeHst":"FluvRes","fhdUseTy":"Unknown","fhdBasis":"DocObsFish","fhdStNm":"Honey Creek","fhdGenus":"Salvelinus","fhdSp":"fontinalis","fhdSubSp":null,"fhdOrig":"NonNative","fhdProd":"Natural","fhdComment":null,"fhdESH":"NA","fhdBasisD":null,"fhdNMF":"no","fhdBasisDt":"20100000","fhdBasisNm":null,"fhdBasisEnt":null,"fhdBasisPrj":"Redband Trout Investigations","fhdBasisMethod":"Electrofishing","fhdAccess":null,"fhdBarrierFtrID":null,"fhdEndExtent":null,"Shape__Length":15782.50593685298,"habitatType":"stream"},"id":24},
{"type":"Feature","geometry":{"type":"LineString","coordinates":[[-120.19441,42.403709],[-120.193735,42.405234],[-120.191979,42.407226],[-120.18874,42.409903],[-120.187722,42.411071],[-120.18791,42.412993],[-120.188281,42.41416],[-120.189859,42.41663],[-120.189027,42.418415],[-120.18736,42.419031],[-120.185694,42.419927],[-120.185325,42.421777],[-120.182639,42.421711],[-120.182269,42.422053],[-120.180046,42.422674],[-120.179212,42.422536],[-120.177174,42.42295],[-120.175506,42.42281],[-120.173838,42.422949],[-120.172636,42.423707],[-120.171431,42.424118],[-120.170412,42.424116],[-120.167634,42.425285],[-120.166337,42.426248],[-120.165689,42.427137],[-120.165691,42.427961],[-120.163837,42.429131],[-120.161799,42.429747],[-120.160412,42.431054],[-120.159948,42.432493],[-120.158837,42.433388],[-120.157354,42.433729],[-120.155502,42.433594],[-120.153278,42.433043],[-120.152164,42.432358],[-120.152072,42.431878],[-120.150959,42.430644],[-120.150589,42.428861],[-120.151144,42.428037],[-120.151329,42.42625],[-120.149382,42.424878],[-120.14716,42.424674],[-120.144657,42.424058],[-120.141786,42.422135],[-120.139376,42.421657],[-120.137431,42.421108],[-120.13706,42.420626],[-120.135762,42.420148]]},"properties":{"OBJECTID":25,"fhdFtrID":23,"fhdRefID":53690,"fhdRevDt":"20190312","fhdONm":"Mike Meeuwig","fhdOEnt":"ODFW","fhdSpNm":"Brook trout","fhdRun":"NA","fhdLifeHst":"FluvRes","fhdUseTy":"Unknown","fhdBasis":"DocObsFish","fhdStNm":"Little Honey Creek","fhdGenus":"Salvelinus","fhdSp":"fontinalis","fhdSubSp":null,"fhdOrig":"NonNative","fhdProd":"Natural","fhdComment":null,"fhdESH":"NA","fhdBasisD":null,"fhdNMF":"no","fhdBasisDt":"20110000","fhdBasisNm":null,"fhdBasisEnt":null,"fhdBasisPrj":"Redband Trout Investigations","fhdBasisMethod":"Electrofishing","fhdAccess":null,"fhdBarrierFtrID":null,"fhdEndExtent":null,"Shape__Length":11066.160496957085,"habitatType":"stream"},"id":25},
{"type":"Feature","geometry":{"type":"LineString","coordinates":[[-120.152703,42.386309],[-120.15335,42.389947],[-120.15409,42.391321],[-120.157612,42.395163]]},"properties":{"OBJECTID":26,"fhdFtrID":24,"fhdRefID":53580,"fhdRevDt":"20190311","fhdONm":"Jay Stevens","fhdOEnt":"BLM","fhdSpNm":"Brook trout","fhdRun":"NA","fhdLifeHst":"FluvRes","fhdUseTy":"Unknown","fhdBasis":"UndocObsFish","fhdStNm":"First Swale Creek","fhdGenus":"Salvelinus","fhdSp":"fontinalis","fhdSubSp":null,"fhdOrig":"NonNative","fhdProd":"Natural","fhdComment":null,"fhdESH":"NA","fhdBasisD":null,"fhdNMF":"no","fhdBasisDt":"20030109","fhdBasisNm":null,"fhdBasisEnt":null,"fhdBasisPrj":null,"fhdBasisMethod":null,"fhdAccess":null,"fhdBarrierFtrID":null,"fhdEndExtent":null,"Shape__Length":1513.1802752678805,"habitatType":"stream"},"id":26},
{"type":"Feature","geometry":{"type":"LineString","coordinates":[[-120.18213,42.360836],[-120.182579,42.361664],[-120.184062,42.36338],[-120.184341,42.36427],[-120.186378,42.365778],[-120.187582,42.36688],[-120.191286,42.369208],[-120.192029,42.370717],[-120.193418,42.371746],[-120.193419,42.372363]]},"properties":{"OBJECTID":27,"fhdFtrID":25,"fhdRefID":53580,"fhdRevDt":"20190311","fhdONm":"Jay Stevens","fhdOEnt":"BLM","fhdSpNm":"Brook trout","fhdRun":"NA","fhdLifeHst":"FluvRes","fhdUseTy":"Unknown","fhdBasis":"UndocObsFish","fhdStNm":"Long John Creek","fhdGenus":"Salvelinus","fhdSp":"fontinalis","fhdSubSp":null,"fhdOrig":"NonNative","fhdProd":"Natural","fhdComment":null,"fhdESH":"NA","fhdBasisD":null,"fhdNMF":"no","fhdBasisDt":"20030109","fhdBasisNm":null,"fhdBasisEnt":null,"fhdBasisPrj":null,"fhdBasisMethod":null,"fhdAccess":null,"fhdBarrierFtrID":null,"fhdEndExtent":null,"Shape__Length":2252.6417000330375,"habitatType":"stream"},"id":27},
{"type":"Feature","geometry":{"type":"LineString","coordinates":[[-120.192151,42.353255],[-120.193119,42.354593],[-120.193678,42.3572],[-120.194976,42.358362],[-120.196085,42.359051],[-120.198215,42.359666],[-120.199421,42.361586],[-120.199423,42.363577],[-120.198962,42.364331],[-120.198686,42.366049],[-120.1973,42.367145],[-120.196375,42.368518],[-120.196378,42.370233]]},"properties":{"OBJECTID":28,"fhdFtrID":26,"fhdRefID":53690,"fhdRevDt":"20190312","fhdONm":"Mike Meeuwig","fhdOEnt":"ODFW","fhdSpNm":"Brook trout","fhdRun":"NA","fhdLifeHst":"FluvRes","fhdUseTy":"Unknown","fhdBasis":"DocObsFish","fhdStNm":"Sage Creek","fhdGenus":"Salvelinus","fhdSp":"fontinalis","fhdSubSp":null,"fhdOrig":"NonNative","fhdProd":"Natural","fhdComment":null,"fhdESH":"NA","fhdBasisD":null,"fhdNMF":"no","fhdBasisDt":"20090000","fhdBasisNm":null,"fhdBasisEnt":null,"fhdBasisPrj":"Redband Trout Investigations","fhdBasisMethod":"Electrofishing","fhdAccess":null,"fhdBarrierFtrID":null,"fhdEndExtent":null,"Shape__Length":3082.885778981337,"habitatType":"stream"},"id":28},
{"type":"Feature","geometry":{"type":"LineString","coordinates":[[-120.77677,42.463193],[-120.776307,42.462369],[-120.776772,42.461887],[-120.775941,42.459485],[-120.777149,42.458319],[-120.77956,42.457565],[-120.780117,42.456675],[-120.781046,42.456198],[-120.782344,42.454755],[-120.783089,42.453725],[-120.782905,42.453109],[-120.783739,42.452287],[-120.784854,42.45167],[-120.787449,42.451121],[-120.788748,42.450507],[-120.788657,42.449821],[-120.791162,42.448176],[-120.791996,42.448039],[-120.794315,42.446463],[-120.794316,42.44495],[-120.794875,42.444744],[-120.795708,42.443923],[-120.795896,42.443238],[-120.797193,42.442416],[-120.798124,42.440493],[-120.79822,42.437681],[-120.798593,42.436036],[-120.799335,42.435348],[-120.798782,42.434387],[-120.799245,42.433702],[-120.798504,42.433152],[-120.798319,42.432397],[-120.798599,42.431299],[-120.799991,42.430475],[-120.800176,42.429654],[-120.801198,42.428485],[-120.801107,42.427525],[-120.79944,42.426975],[-120.798329,42.426359],[-120.796754,42.426014],[-120.795086,42.426423],[-120.794066,42.426426],[-120.791472,42.426011],[-120.790453,42.426626],[-120.786934,42.426279],[-120.784986,42.426692],[-120.78304,42.427307],[-120.78128,42.427304],[-120.780355,42.426755],[-120.779338,42.425587],[-120.779156,42.423598],[-120.7786,42.423321],[-120.778695,42.422432],[-120.777862,42.421538],[-120.779347,42.420031],[-120.780736,42.419963],[-120.785187,42.418181],[-120.78778,42.418186],[-120.78917,42.417844],[-120.78982,42.416884],[-120.790468,42.416676],[-120.790934,42.415374],[-120.791584,42.414891],[-120.79149,42.414138],[-120.792049,42.413041],[-120.792976,42.412217],[-120.793904,42.410915],[-120.79335,42.409612],[-120.792702,42.409406],[-120.792519,42.408376],[-120.791872,42.407481],[-120.791411,42.40618],[-120.791597,42.405355],[-120.792709,42.404327],[-120.794749,42.403367],[-120.796512,42.401172],[-120.796234,42.400689],[-120.7967,42.399663],[-120.797997,42.398292],[-120.797999,42.396851],[-120.799018,42.396303],[-120.799019,42.395065],[-120.800595,42.394037],[-120.80069,42.392801],[-120.80208,42.391364],[-120.802267,42.390057],[-120.802731,42.389233],[-120.802733,42.388207],[-120.801715,42.387449],[-120.801345,42.386627],[-120.802274,42.384978],[-120.803572,42.38354],[-120.804775,42.383059],[-120.806255,42.383884],[-120.807645,42.383816],[-120.809774,42.384163],[-120.813015,42.383203],[-120.814497,42.382245],[-120.816536,42.380046],[-120.817185,42.379086],[-120.818205,42.37648],[-120.818671,42.374283],[-120.819597,42.37353],[-120.821726,42.372846],[-120.823301,42.372777],[-120.824595,42.373463],[-120.826352,42.374906],[-120.829037,42.375664],[-120.830056,42.375386],[-120.831537,42.374221],[-120.834684,42.374838],[-120.836812,42.374568],[-120.837924,42.374706],[-120.838571,42.375322],[-120.838476,42.376076],[-120.839681,42.375869],[-120.842735,42.374293],[-120.84357,42.373606],[-120.845514,42.373678],[-120.845605,42.374225],[-120.84681,42.374707],[-120.847827,42.375532],[-120.847918,42.37697],[-120.846901,42.377658],[-120.847085,42.378823],[-120.848287,42.379854],[-120.849213,42.379444],[-120.850694,42.379922],[-120.851713,42.379856],[-120.853657,42.38013],[-120.85412,42.379374],[-120.855046,42.379031],[-120.856063,42.379171],[-120.857544,42.380131],[-120.860414,42.380406],[-120.860507,42.381159],[-120.862913,42.381848],[-120.863931,42.382394],[-120.864765,42.382396],[-120.86569,42.383359],[-120.869116,42.383562],[-120.869115,42.384251],[-120.870226,42.385964],[-120.871707,42.385758],[-120.875504,42.385761],[-120.877726,42.385208],[-120.879299,42.384525],[-120.882261,42.384454],[-120.88291,42.385141],[-120.884761,42.385212],[-120.885595,42.385484],[-120.887631,42.386719],[-120.88902,42.387334],[-120.89004,42.387475],[-120.890687,42.386924],[-120.891798,42.386787],[-120.892632,42.387608],[-120.893835,42.387337],[-120.894853,42.387473],[-120.896243,42.388089],[-120.898094,42.387474],[-120.899391,42.38802],[-120.901428,42.387679],[-120.905223,42.388501],[-120.907169,42.389185],[-120.908556,42.389183],[-120.909391,42.389869],[-120.910965,42.390281],[-120.913094,42.390283],[-120.913652,42.391104],[-120.91504,42.392341],[-120.915134,42.394053],[-120.916154,42.394328],[-120.918006,42.395222],[-120.921061,42.395084],[-120.92208,42.39522],[-120.924487,42.39412],[-120.926894,42.393708],[-120.927541,42.393225],[-120.929024,42.393157],[-120.930411,42.392061],[-120.93152,42.390068],[-120.932814,42.389177],[-120.933555,42.388079],[-120.934108,42.386085],[-120.935032,42.384715],[-120.935866,42.384234],[-120.939011,42.383543],[-120.941417,42.381826],[-120.943269,42.381346],[-120.944376,42.3797],[-120.944003,42.377298],[-120.945576,42.376268],[-120.946503,42.376541],[-120.948909,42.376265],[-120.950943,42.374824],[-120.951589,42.373791],[-120.952699,42.373518],[-120.95372,42.374545],[-120.955202,42.374959],[-120.956589,42.374956],[-120.957145,42.374268],[-120.958994,42.373104],[-120.959361,42.371453],[-120.960381,42.371318],[-120.96084,42.369395],[-120.961302,42.368844],[-120.962413,42.368846],[-120.963802,42.369803],[-120.964637,42.370696],[-120.965841,42.370969],[-120.966491,42.372751],[-120.96714,42.373302],[-120.96788,42.373027],[-120.970103,42.373918],[-120.970197,42.374739],[-120.969642,42.375085],[-120.969923,42.377211],[-120.97051,42.377216],[-120.971733,42.378112],[-120.973418,42.378961],[-120.973253,42.379552],[-120.974226,42.379894],[-120.973881,42.380797],[-120.975914,42.381041]]},"properties":{"OBJECTID":29,"fhdFtrID":27,"fhdRefID":53580,"fhdRevDt":"20190311","fhdONm":"Jay Stevens","fhdOEnt":"BLM","fhdSpNm":"Brook trout","fhdRun":"NA","fhdLifeHst":"FluvRes","fhdUseTy":"Unknown","fhdBasis":"UndocObsFish","fhdStNm":"South Fork Sprague River","fhdGenus":"Salvelinus","fhdSp":"fontinalis","fhdSubSp":null,"fhdOrig":"NonNative","fhdProd":"Natural","fhdComment":null,"fhdESH":"NA","fhdBasisD":null,"fhdNMF":"no","fhdBasisDt":"20041026","fhdBasisNm":null,"fhdBasisEnt":null,"fhdBasisPrj":null,"fhdBasisMethod":null,"fhdAccess":null,"fhdBarrierFtrID":null,"fhdEndExtent":null,"Shape__Length":48214.68247560624,"habitatType":"stream"},"id":29},
{"type":"Feature","geometry":{"type":"LineString","coordinates":[[-120.916308,42.324453],[-120.919246,42.326118],[-120.920819,42.327489],[-120.921422,42.329121],[-120.922621,42.331403],[-120.923229,42.331738],[-120.924701,42.333836],[-120.92455,42.334382],[-120.925438,42.335434],[-120.927087,42.335869],[-120.929424,42.336776],[-120.93083,42.336108],[-120.931412,42.335371],[-120.93243,42.335038],[-120.933787,42.335135],[-120.935512,42.335814],[-120.936893,42.33665],[-120.937439,42.338884],[-120.940335,42.341286],[-120.943898,42.341827],[-120.945512,42.342595],[-120.946419,42.343836],[-120.949087,42.34392],[-120.952259,42.345679],[-120.953732,42.345939],[-120.956089,42.34699],[-120.956952,42.348455],[-120.95825,42.349991],[-120.958096,42.350628],[-120.958419,42.353011],[-120.959332,42.353711],[-120.95982,42.354747],[-120.961251,42.355556],[-120.963588,42.356147],[-120.965651,42.3573],[-120.96634,42.357402],[-120.968252,42.358742],[-120.969526,42.359908],[-120.969897,42.35969],[-120.972184,42.361072],[-120.972614,42.361674],[-120.974031,42.362555],[-120.974919,42.364011],[-120.976076,42.365022],[-120.977139,42.364825],[-120.978323,42.365395],[-120.979454,42.366496],[-120.979656,42.367734],[-120.980546,42.368777],[-120.98149,42.369262],[-120.983803,42.370987],[-120.984422,42.370979],[-120.986722,42.371992],[-120.988501,42.374463],[-120.989996,42.376776],[-120.9913,42.377754],[-120.992093,42.378812],[-120.992626,42.378831],[-120.993432,42.380223],[-120.993706,42.381551],[-120.992983,42.383258],[-120.994531,42.383862],[-120.995298,42.384569],[-120.995401,42.38593],[-120.994723,42.388143],[-120.994171,42.390979],[-120.994324,42.391892],[-120.995393,42.393036],[-120.997812,42.393763],[-120.998064,42.394253],[-120.997864,42.396321],[-120.997877,42.401905]]},"properties":{"OBJECTID":30,"fhdFtrID":28,"fhdRefID":53580,"fhdRevDt":"20190311","fhdONm":"Jay Stevens","fhdOEnt":"BLM","fhdSpNm":"Brook trout","fhdRun":"NA","fhdLifeHst":"FluvRes","fhdUseTy":"Unknown","fhdBasis":"UndocObsFish","fhdStNm":"Paradise Creek","fhdGenus":"Salvelinus","fhdSp":"fontinalis","fhdSubSp":null,"fhdOrig":"NonNative","fhdProd":"Natural","fhdComment":null,"fhdESH":"NA","fhdBasisD":null,"fhdNMF":"no","fhdBasisDt":"20041026","fhdBasisNm":null,"fhdBasisEnt":null,"fhdBasisPrj":null,"fhdBasisMethod":null,"fhdAccess":null,"fhdBarrierFtrID":null,"fhdEndExtent":null,"Shape__Length":17538.96945404366,"habitatType":"stream"},"id":30},
{"type":"Feature","geometry":{"type":"LineString","coordinates":[[-122.147612,42.701032],[-122.14625,42.701372],[-122.145385,42.703332],[-122.143873,42.705445],[-122.142018,42.707096],[-122.139939,42.71006],[-122.139857,42.710828],[-122.13865,42.71153],[-122.137287,42.71294],[-122.134658,42.714229],[-122.13401,42.714816],[-122.131508,42.715798],[-122.13025,42.71605],[-122.129311,42.716779],[-122.128082,42.716987],[-122.126236,42.716948],[-122.124618,42.717592],[-122.124107,42.720145],[-122.122313,42.720843],[-122.12145,42.721475],[-122.118696,42.722047],[-122.114751,42.723514],[-122.113092,42.724481],[-122.112616,42.725036],[-122.110911,42.7258],[-122.108938,42.726053],[-122.107136,42.725543],[-122.105662,42.725478],[-122.104217,42.724946],[-122.102706,42.725375],[-122.101537,42.725221],[-122.099564,42.725573],[-122.096712,42.725354],[-122.094792,42.725575],[-122.093556,42.725427],[-122.089885,42.726103],[-122.089044,42.725713],[-122.088083,42.724764],[-122.087078,42.724259],[-122.084449,42.724177],[-122.083154,42.723551],[-122.082037,42.722465],[-122.080771,42.721867],[-122.07847,42.719688]]},"properties":{"OBJECTID":31,"fhdFtrID":29,"fhdRefID":53580,"fhdRevDt":"20190311","fhdONm":"Jay Stevens","fhdOEnt":"BLM","fhdSpNm":"Brook trout","fhdRun":"NA","fhdLifeHst":"FluvRes","fhdUseTy":"Unknown","fhdBasis":"UndocObsFish","fhdStNm":"Sevenmile Creek","fhdGenus":"Salvelinus","fhdSp":"fontinalis","fhdSubSp":null,"fhdOrig":"NonNative","fhdProd":"Natural","fhdComment":null,"fhdESH":"NA","fhdBasisD":null,"fhdNMF":"no","fhdBasisDt":"20040207","fhdBasisNm":null,"fhdBasisEnt":null,"fhdBasisPrj":null,"fhdBasisMethod":null,"fhdAccess":null,"fhdBarrierFtrID":null,"fhdEndExtent":null,"Shape__Length":10206.282521093131,"habitatType":"stream"},"id":31},
{"type":"Feature","geometry":{"type":"LineString","coordinates":[[-122.066696,42.64489],[-122.073284,42.644911],[-122.074526,42.643198],[-122.07695,42.643451],[-122.079039,42.64412],[-122.080229,42.644301],[-122.083642,42.644064],[-122.085314,42.642878],[-122.086853,42.64212],[-122.089389,42.641373],[-122.091813,42.641417],[-122.093478,42.641235],[-122.095455,42.64006],[-122.095671,42.639637],[-122.097258,42.638582]]},"properties":{"OBJECTID":32,"fhdFtrID":30,"fhdRefID":53580,"fhdRevDt":"20190311","fhdONm":"Jay Stevens","fhdOEnt":"BLM","fhdSpNm":"Brook trout","fhdRun":"NA","fhdLifeHst":"FluvRes","fhdUseTy":"Unknown","fhdBasis":"UndocObsFish","fhdStNm":"Threemile Creek","fhdGenus":"Salvelinus","fhdSp":"fontinalis","fhdSubSp":null,"fhdOrig":"NonNative","fhdProd":"Natural","fhdComment":null,"fhdESH":"NA","fhdBasisD":null,"fhdNMF":"no","fhdBasisDt":"20040622","fhdBasisNm":null,"fhdBasisEnt":null,"fhdBasisPrj":null,"fhdBasisMethod":null,"fhdAccess":null,"fhdBarrierFtrID":null,"fhdEndExtent":null,"Shape__Length":3967.640248971606,"habitatType":"stream"},"id":32},
{"type":"Feature","geometry":{"type":"LineString","coordinates":[[-122.069325,42.627348],[-122.067743,42.628064],[-122.068018,42.628503],[-122.067312,42.629892],[-122.067639,42.630716],[-122.066331,42.631298],[-122.066324,42.632138],[-122.064799,42.633872],[-122.06529,42.635887],[-122.066056,42.635986],[-122.066108,42.637353],[-122.066762,42.637995],[-122.066696,42.64489]]},"properties":{"OBJECTID":33,"fhdFtrID":31,"fhdRefID":53580,"fhdRevDt":"20190311","fhdONm":"Jay Stevens","fhdOEnt":"BLM","fhdSpNm":"Brook trout","fhdRun":"NA","fhdLifeHst":"FluvRes","fhdUseTy":"Unknown","fhdBasis":"UndocObsFish","fhdStNm":"Crane Creek","fhdGenus":"Salvelinus","fhdSp":"fontinalis","fhdSubSp":null,"fhdOrig":"NonNative","fhdProd":"Natural","fhdComment":null,"fhdESH":"NA","fhdBasisD":null,"fhdNMF":"no","fhdBasisDt":"20040622","fhdBasisNm":null,"fhdBasisEnt":null,"fhdBasisPrj":null,"fhdBasisMethod":null,"fhdAccess":null,"fhdBarrierFtrID":null,"fhdEndExtent":null,"Shape__Length":3166.300427552833,"habitatType":"stream"},"id":33},
{"type":"Feature","geometry":{"type":"LineString","coordinates":[[-122.051479,42.611576],[-122.053174,42.612747],[-122.055548,42.61334],[-122.055534,42.61448],[-122.056992,42.614933],[-122.056765,42.615741],[-122.05712,42.616429],[-122.058084,42.616962],[-122.058496,42.618263],[-122.061242,42.618372],[-122.062292,42.619935],[-122.062526,42.62093],[-122.065013,42.622462],[-122.064964,42.624414],[-122.066321,42.624464],[-122.067484,42.625678],[-122.069446,42.626765],[-122.069325,42.627348],[-122.071446,42.62893],[-122.071466,42.629981],[-122.072488,42.630017],[-122.072768,42.630848],[-122.073918,42.631503],[-122.074316,42.632597],[-122.076985,42.633278]]},"properties":{"OBJECTID":34,"fhdFtrID":32,"fhdRefID":53580,"fhdRevDt":"20190311","fhdONm":"Jay Stevens","fhdOEnt":"BLM","fhdSpNm":"Brook trout","fhdRun":"NA","fhdLifeHst":"FluvRes","fhdUseTy":"Unknown","fhdBasis":"UndocObsFish","fhdStNm":"Fourmile Creek","fhdGenus":"Salvelinus","fhdSp":"fontinalis","fhdSubSp":null,"fhdOrig":"NonNative","fhdProd":"Natural","fhdComment":null,"fhdESH":"NA","fhdBasisD":null,"fhdNMF":"no","fhdBasisDt":"20040622","fhdBasisNm":null,"fhdBasisEnt":null,"fhdBasisPrj":null,"fhdBasisMethod":null,"fhdAccess":null,"fhdBarrierFtrID":null,"fhdEndExtent":null,"Shape__Length":5290.023240659119,"habitatType":"stream"},"id":34},
{"type":"Feature","geometry":{"type":"LineString","coordinates":[[-122.169241,42.595797],[-122.167934,42.59499],[-122.167035,42.594018],[-122.163967,42.59298],[-122.162756,42.592052],[-122.162199,42.592107],[-122.159376,42.591502],[-122.156374,42.591704],[-122.154666,42.592011],[-122.153299,42.591533],[-122.152393,42.590902],[-122.151241,42.591165],[-122.150662,42.590879],[-122.1474,42.590532],[-122.146554,42.589895],[-122.145024,42.589472],[-122.142252,42.589937],[-122.140187,42.589486],[-122.13911,42.589887],[-122.138501,42.589464],[-122.136413,42.589298],[-122.135151,42.588864],[-122.13255,42.589302],[-122.130931,42.589175],[-122.129482,42.588669],[-122.125247,42.58824],[-122.123524,42.588499],[-122.120643,42.589862],[-122.11964,42.590027],[-122.118638,42.591044],[-122.117821,42.59111],[-122.114115,42.593186],[-122.1115,42.593347],[-122.10945,42.594242],[-122.106858,42.595138],[-122.105342,42.595221],[-122.101686,42.594657],[-122.100683,42.594904],[-122.098507,42.596047],[-122.096925,42.597497],[-122.095202,42.598677],[-122.093018,42.600687],[-122.091651,42.601461],[-122.090946,42.603564],[-122.091036,42.604552],[-122.090486,42.605398],[-122.08851,42.606831],[-122.087203,42.608077],[-122.086579,42.609625],[-122.087144,42.611393],[-122.086723,42.616531],[-122.086582,42.619572],[-122.086599,42.622916],[-122.085278,42.625219],[-122.084617,42.625735],[-122.084194,42.627244],[-122.081154,42.629825],[-122.08021,42.630165],[-122.078746,42.631483],[-122.077542,42.632279],[-122.076985,42.633278]]},"properties":{"OBJECTID":35,"fhdFtrID":33,"fhdRefID":53580,"fhdRevDt":"20190311","fhdONm":"Jay Stevens","fhdOEnt":"BLM","fhdSpNm":"Brook trout","fhdRun":"NA","fhdLifeHst":"FluvRes","fhdUseTy":"Unknown","fhdBasis":"UndocObsFish","fhdStNm":"Cherry Creek","fhdGenus":"Salvelinus","fhdSp":"fontinalis","fhdSubSp":null,"fhdOrig":"NonNative","fhdProd":"Natural","fhdComment":null,"fhdESH":"NA","fhdBasisD":null,"fhdNMF":"no","fhdBasisDt":"20040622","fhdBasisNm":null,"fhdBasisEnt":null,"fhdBasisPrj":null,"fhdBasisMethod":null,"fhdAccess":null,"fhdBarrierFtrID":null,"fhdEndExtent":null,"Shape__Length":16016.485982971542,"habitatType":"stream"},"id":35},
{"type":"Feature","geometry":{"type":"LineString","coordinates":[[-122.122599,42.559456],[-122.124127,42.559492],[-122.126383,42.560033],[-122.129732,42.560057],[-122.131938,42.559328],[-122.134144,42.559082],[-122.136231,42.559072],[-122.137404,42.558831],[-122.142788,42.558949],[-122.144288,42.558905],[-122.15181,42.558979],[-122.154557,42.55965],[-122.158314,42.559887],[-122.159525,42.559838],[-122.161039,42.560212],[-122.163036,42.561403],[-122.164603,42.561607],[-122.166794,42.562145],[-122.167982,42.562145],[-122.169683,42.561723],[-122.173366,42.562212],[-122.174383,42.562822],[-122.176982,42.563201],[-122.178571,42.563871],[-122.179039,42.564441],[-122.180442,42.565216],[-122.183896,42.565924],[-122.185574,42.566144],[-122.186517,42.566693],[-122.18922,42.567653],[-122.191211,42.569037],[-122.191894,42.569031],[-122.19465,42.570096]]},"properties":{"OBJECTID":36,"fhdFtrID":34,"fhdRefID":53580,"fhdRevDt":"20190311","fhdONm":"Jay Stevens","fhdOEnt":"BLM","fhdSpNm":"Brook trout","fhdRun":"NA","fhdLifeHst":"FluvRes","fhdUseTy":"Unknown","fhdBasis":"UndocObsFish","fhdStNm":"Rock Creek","fhdGenus":"Salvelinus","fhdSp":"fontinalis","fhdSubSp":null,"fhdOrig":"NonNative","fhdProd":"Natural","fhdComment":null,"fhdESH":"NA","fhdBasisD":null,"fhdNMF":"no","fhdBasisDt":"20040622","fhdBasisNm":null,"fhdBasisEnt":null,"fhdBasisPrj":null,"fhdBasisMethod":null,"fhdAccess":null,"fhdBarrierFtrID":null,"fhdEndExtent":null,"Shape__Length":8629.065232616855,"habitatType":"stream"},"id":36},
{"type":"Feature","geometry":{"type":"LineString","coordinates":[[-122.12238,42.21664],[-122.121316,42.21754],[-122.120773,42.219276],[-122.120293,42.219855],[-122.120061,42.221598],[-122.118699,42.221958],[-122.116643,42.22308]]},"properties":{"OBJECTID":37,"fhdFtrID":35,"fhdRefID":53580,"fhdRevDt":"20190311","fhdONm":"Jay Stevens","fhdOEnt":"BLM","fhdSpNm":"Brook trout","fhdRun":"NA","fhdLifeHst":"FluvRes","fhdUseTy":"Unknown","fhdBasis":"UndocObsFish","fhdStNm":"Unnamed trib to Spencer Creek","fhdGenus":"Salvelinus","fhdSp":"fontinalis","fhdSubSp":null,"fhdOrig":"NonNative","fhdProd":"Natural","fhdComment":null,"fhdESH":"NA","fhdBasisD":null,"fhdNMF":"no","fhdBasisDt":null,"fhdBasisNm":null,"fhdBasisEnt":null,"fhdBasisPrj":null,"fhdBasisMethod":null,"fhdAccess":null,"fhdBarrierFtrID":null,"fhdEndExtent":null,"Shape__Length":1296.653139376946,"habitatType":"stream"},"id":37},
{"type":"Feature","geometry":{"type":"LineString","coordinates":[[-122.208231,42.250877],[-122.207474,42.251332],[-122.205974,42.250745],[-122.203421,42.251053],[-122.202491,42.251429],[-122.201413,42.254108],[-122.199263,42.255089],[-122.196007,42.255696],[-122.194883,42.255409],[-122.191134,42.253046],[-122.189173,42.252219],[-122.187519,42.251767],[-122.185895,42.251013],[-122.183903,42.250477],[-122.179695,42.252789],[-122.178405,42.25379],[-122.173724,42.259466],[-122.169083,42.262421],[-122.169093,42.264447]]},"properties":{"OBJECTID":38,"fhdFtrID":36,"fhdRefID":53580,"fhdRevDt":"20190311","fhdONm":"Jay Stevens","fhdOEnt":"BLM","fhdSpNm":"Brook trout","fhdRun":"NA","fhdLifeHst":"FluvRes","fhdUseTy":"Unknown","fhdBasis":"UndocObsFish","fhdStNm":"Tunnel Creek","fhdGenus":"Salvelinus","fhdSp":"fontinalis","fhdSubSp":null,"fhdOrig":"NonNative","fhdProd":"Natural","fhdComment":null,"fhdESH":"NA","fhdBasisD":null,"fhdNMF":"no","fhdBasisDt":null,"fhdBasisNm":null,"fhdBasisEnt":null,"fhdBasisPrj":null,"fhdBasisMethod":null,"fhdAccess":null,"fhdBarrierFtrID":null,"fhdEndExtent":null,"Shape__Length":6311.326442601737,"habitatType":"stream"},"id":38},
{"type":"Feature","geometry":{"type":"LineString","coordinates":[[-122.206978,42.291071],[-122.20832,42.290352],[-122.209384,42.288725],[-122.208997,42.28721],[-122.207536,42.286282],[-122.206298,42.286368],[-122.204196,42.285982],[-122.203542,42.284987],[-122.202402,42.284437],[-122.201077,42.284926],[-122.199709,42.283753],[-122.198633,42.283971],[-122.197784,42.283737],[-122.196567,42.282545],[-122.196275,42.281085],[-122.196592,42.280477],[-122.198305,42.278597],[-122.197712,42.277901],[-122.197924,42.277027],[-122.196637,42.27707],[-122.193948,42.276812],[-122.191628,42.276955],[-122.190433,42.276548],[-122.185073,42.275879],[-122.182125,42.27516],[-122.180738,42.275231],[-122.177883,42.274774],[-122.17568,42.273636],[-122.173421,42.271925],[-122.171311,42.268749],[-122.16926,42.266371],[-122.169955,42.265065],[-122.169093,42.264447],[-122.16721,42.263548],[-122.161024,42.265053],[-122.160589,42.264982]]},"properties":{"OBJECTID":39,"fhdFtrID":37,"fhdRefID":53580,"fhdRevDt":"20190311","fhdONm":"Jay Stevens","fhdOEnt":"BLM","fhdSpNm":"Brook trout","fhdRun":"NA","fhdLifeHst":"FluvRes","fhdUseTy":"Unknown","fhdBasis":"UndocObsFish","fhdStNm":"Spencer Creek","fhdGenus":"Salvelinus","fhdSp":"fontinalis","fhdSubSp":null,"fhdOrig":"NonNative","fhdProd":"Natural","fhdComment":null,"fhdESH":"NA","fhdBasisD":null,"fhdNMF":"no","fhdBasisDt":null,"fhdBasisNm":null,"fhdBasisEnt":null,"fhdBasisPrj":null,"fhdBasisMethod":null,"fhdAccess":null,"fhdBarrierFtrID":null,"fhdEndExtent":null,"Shape__Length":9078.234677842524,"habitatType":"stream"},"id":39},
{"type":"Feature","geometry":{"type":"LineString","coordinates":[[-122.106033,42.267733],[-122.106029,42.266224],[-122.106331,42.265609],[-122.105163,42.263885],[-122.104933,42.263183],[-122.105878,42.261601],[-122.106046,42.259515],[-122.105153,42.257097]]},"properties":{"OBJECTID":40,"fhdFtrID":38,"fhdRefID":53580,"fhdRevDt":"20190311","fhdONm":"Jay Stevens","fhdOEnt":"BLM","fhdSpNm":"Brook trout","fhdRun":"NA","fhdLifeHst":"FluvRes","fhdUseTy":"Unknown","fhdBasis":"UndocObsFish","fhdStNm":"Clover Creek","fhdGenus":"Salvelinus","fhdSp":"fontinalis","fhdSubSp":null,"fhdOrig":"NonNative","fhdProd":"Natural","fhdComment":null,"fhdESH":"NA","fhdBasisD":null,"fhdNMF":"no","fhdBasisDt":null,"fhdBasisNm":null,"fhdBasisEnt":null,"fhdBasisPrj":null,"fhdBasisMethod":null,"fhdAccess":null,"fhdBarrierFtrID":null,"fhdEndExtent":null,"Shape__Length":1701.9989673938057,"habitatType":"stream"},"id":40},
{"type":"Feature","geometry":{"type":"LineString","coordinates":[[-118.203104,44.886583],[-118.198426,44.889571],[-118.196841,44.890983],[-118.19573,44.891152],[-118.192717,44.893632],[-118.190338,44.895043],[-118.188434,44.89572],[-118.186451,44.895948],[-118.18312,44.897639],[-118.181692,44.897924],[-118.180581,44.898655],[-118.17836,44.898993],[-118.177249,44.900121],[-118.175346,44.900969],[-118.174474,44.902211],[-118.173046,44.903391],[-118.173046,44.904692],[-118.171459,44.906495],[-118.169396,44.907115],[-118.168682,44.90768],[-118.166302,44.908245],[-118.164477,44.909371],[-118.162097,44.909764],[-118.161462,44.910275],[-118.159557,44.910496],[-118.15678,44.91016],[-118.154955,44.910273],[-118.15321,44.91106],[-118.151861,44.911006],[-118.149718,44.911402],[-118.148845,44.911289],[-118.14702,44.911681],[-118.145354,44.912755],[-118.143846,44.912586],[-118.140751,44.913882],[-118.139005,44.913881],[-118.134958,44.915627],[-118.13226,44.916023],[-118.130196,44.916134],[-118.12964,44.916472],[-118.127418,44.916922],[-118.126545,44.916867],[-118.123767,44.917939],[-118.120117,44.918047],[-118.116703,44.919854],[-118.114878,44.919795],[-118.113052,44.921091],[-118.110829,44.921428],[-118.108765,44.922726],[-118.108209,44.923456],[-118.108049,44.924583],[-118.107335,44.925148],[-118.107017,44.926164],[-118.107413,44.927235],[-118.106697,44.928417],[-118.107569,44.929772],[-118.106535,44.932757],[-118.107646,44.93389],[-118.106851,44.935185],[-118.106849,44.93699],[-118.106214,44.937495],[-118.106134,44.938284],[-118.105498,44.939186],[-118.1051,44.941048],[-118.104623,44.941894],[-118.104939,44.943246],[-118.104541,44.944713],[-118.103349,44.946291],[-118.101126,44.946686],[-118.100252,44.947248],[-118.100092,44.948374],[-118.100567,44.950067],[-118.100089,44.951871],[-118.099294,44.952433],[-118.097388,44.953054],[-118.094766,44.954857],[-118.092383,44.955758],[-118.091668,44.956885],[-118.08984,44.95801],[-118.08968,44.95897],[-118.08801,44.961335],[-118.088009,44.962861],[-118.087214,44.963593],[-118.086259,44.965169],[-118.086337,44.966073],[-118.085702,44.966749],[-118.086713,44.969467],[-118.087034,44.972327],[-118.088014,44.973429],[-118.088165,44.975475],[-118.087185,44.978626],[-118.08696,44.981725],[-118.087713,44.982721],[-118.087638,44.983559],[-118.088618,44.985872],[-118.089371,44.986554],[-118.08794,44.987656],[-118.087714,44.988181],[-118.086056,44.989601],[-118.08598,44.99002],[-118.084021,44.991596],[-118.084021,44.992226],[-118.08176,44.993116],[-118.081234,44.994759],[-118.081383,44.996059],[-118.080855,44.998314],[-118.079348,44.999994],[-118.078971,45.000992],[-118.077538,45.001888],[-118.075125,45.004251],[-118.073542,45.004986],[-118.072863,45.005717],[-118.07128,45.006137],[-118.070299,45.006925],[-118.070148,45.007768],[-118.069243,45.008082],[-118.068338,45.009131],[-118.066151,45.010128],[-118.065773,45.011441],[-118.06351,45.012651],[-118.062077,45.012965],[-118.060118,45.01293],[-118.057597,45.012575],[-118.053139,45.013021],[-118.050714,45.012297],[-118.048609,45.010966]]},"properties":{"OBJECTID":41,"fhdFtrID":39,"fhdRefID":53712,"fhdRevDt":"20190311","fhdONm":"Philip Howell","fhdOEnt":"USFS","fhdSpNm":"Brook trout","fhdRun":"NA","fhdLifeHst":"FluvRes","fhdUseTy":"Unknown","fhdBasis":"DocObsFish","fhdStNm":"North Powder River","fhdGenus":"Salvelinus","fhdSp":"fontinalis","fhdSubSp":null,"fhdOrig":"NonNative","fhdProd":"Natural","fhdComment":null,"fhdESH":"NA","fhdBasisD":null,"fhdNMF":"no","fhdBasisDt":"20150000","fhdBasisNm":null,"fhdBasisEnt":null,"fhdBasisPrj":null,"fhdBasisMethod":null,"fhdAccess":null,"fhdBarrierFtrID":null,"fhdEndExtent":null,"Shape__Length":31980.054350347968,"habitatType":"stream"},"id":41},
{"type":"Feature","geometry":{"type":"LineString","coordinates":[[-118.223753,44.979164],[-118.224223,44.979942],[-118.223205,44.981555],[-118.221246,44.983394],[-118.220385,44.983728],[-118.220777,44.984894],[-118.220228,44.985282],[-118.220385,44.986063],[-118.21921,44.987453],[-118.217095,44.988511],[-118.213882,44.98918],[-118.213647,44.990573],[-118.214666,44.991071],[-118.214666,44.991737],[-118.214039,44.99313],[-118.212786,44.994799],[-118.213491,44.996745],[-118.213256,44.997805],[-118.21357,44.999359],[-118.212473,45.001086],[-118.212943,45.00181],[-118.21263,45.003366],[-118.213335,45.003813],[-118.212473,45.005312],[-118.212865,45.005925],[-118.213806,45.00587],[-118.214511,45.006591],[-118.214198,45.007427],[-118.212865,45.00804],[-118.211533,45.008207],[-118.210984,45.009208],[-118.209182,45.0101],[-118.206987,45.010209],[-118.205732,45.010933],[-118.2044,45.012104],[-118.202754,45.012436],[-118.2015,45.013161],[-118.201264,45.013996],[-118.200245,45.015109],[-118.19954,45.015333],[-118.197188,45.015331],[-118.195306,45.01639],[-118.194601,45.017559],[-118.19319,45.017447],[-118.192562,45.018003],[-118.190132,45.018447],[-118.188564,45.018558],[-118.187075,45.01906],[-118.183547,45.019393],[-118.182449,45.018725],[-118.181744,45.018949],[-118.180333,45.018112],[-118.178922,45.018001],[-118.177746,45.019057],[-118.176883,45.019395],[-118.175237,45.019394],[-118.173513,45.018502],[-118.173513,45.01789],[-118.172181,45.017112],[-118.169829,45.017168],[-118.169123,45.0165],[-118.167399,45.016612],[-118.166772,45.01611],[-118.164498,45.016664],[-118.162068,45.015829],[-118.161049,45.015718],[-118.159167,45.016498],[-118.15705,45.01778],[-118.156109,45.018001],[-118.155089,45.018781],[-118.155246,45.019724],[-118.155794,45.020227],[-118.154617,45.02145],[-118.15493,45.022284],[-118.153361,45.02306],[-118.151635,45.024563],[-118.14991,45.025287],[-118.149439,45.026174],[-118.148419,45.026734],[-118.146537,45.027176],[-118.144969,45.027232],[-118.144106,45.02779],[-118.142381,45.02773],[-118.140889,45.029456],[-118.140966,45.030792],[-118.140495,45.031683],[-118.141199,45.03385],[-118.140414,45.034574],[-118.1401,45.035409],[-118.138766,45.035742],[-118.138216,45.036463],[-118.138214,45.038745],[-118.137742,45.040024],[-118.137114,45.040579],[-118.135388,45.041249],[-118.133348,45.042525],[-118.131385,45.044696],[-118.130322,45.04513],[-118.128421,45.04522],[-118.127114,45.044513],[-118.124194,45.044349],[-118.122349,45.044839],[-118.121196,45.044567],[-118.118506,45.044841],[-118.117892,45.045059],[-118.115509,45.045167],[-118.113664,45.046149],[-118.110436,45.046968],[-118.109283,45.04697],[-118.108053,45.046203],[-118.105286,45.046095],[-118.104056,45.045495],[-118.102673,45.045607],[-118.101904,45.044895],[-118.100675,45.044353],[-118.099214,45.044844],[-118.097293,45.043098],[-118.096986,45.042336],[-118.096064,45.041845],[-118.094065,45.042333],[-118.092144,45.041244],[-118.09153,45.04021],[-118.091299,45.038574],[-118.089686,45.036884],[-118.089763,45.035632],[-118.088995,45.034379],[-118.088995,45.033722],[-118.087843,45.032306],[-118.086537,45.032035],[-118.084694,45.029964],[-118.082696,45.028164],[-118.082159,45.027292],[-118.080469,45.025656],[-118.078011,45.02473],[-118.077781,45.023967],[-118.076014,45.022876],[-118.074786,45.021074],[-118.072789,45.019711],[-118.071713,45.019604],[-118.070638,45.018511],[-118.070639,45.018021],[-118.069564,45.016879],[-118.067106,45.016222],[-118.064418,45.015185],[-118.063573,45.014095],[-118.061423,45.013494],[-118.060118,45.01293]]},"properties":{"OBJECTID":42,"fhdFtrID":40,"fhdRefID":53712,"fhdRevDt":"20190311","fhdONm":"Philip Howell","fhdOEnt":"USFS","fhdSpNm":"Brook trout","fhdRun":"NA","fhdLifeHst":"FluvRes","fhdUseTy":"Unknown","fhdBasis":"DocObsFish","fhdStNm":"Anthony Creek","fhdGenus":"Salvelinus","fhdSp":"fontinalis","fhdSubSp":null,"fhdOrig":"NonNative","fhdProd":"Natural","fhdComment":null,"fhdESH":"NA","fhdBasisD":null,"fhdNMF":"no","fhdBasisDt":"20150000","fhdBasisNm":null,"fhdBasisEnt":null,"fhdBasisPrj":null,"fhdBasisMethod":null,"fhdAccess":null,"fhdBarrierFtrID":null,"fhdEndExtent":null,"Shape__Length":31292.195797892648,"habitatType":"stream"},"id":42},
{"type":"Feature","geometry":{"type":"LineString","coordinates":[[-118.190521,45.04548],[-118.188582,45.04514],[-118.185445,45.045884],[-118.183951,45.045778],[-118.183204,45.045408],[-118.18171,45.045617],[-118.179993,45.046467],[-118.177154,45.046622],[-118.175884,45.047576],[-118.173868,45.047525],[-118.172822,45.047896],[-118.169087,45.048267],[-118.167294,45.048106],[-118.165128,45.047628],[-118.164083,45.047684],[-118.162289,45.048796],[-118.161617,45.048848],[-118.160646,45.04821],[-118.158032,45.04752],[-118.155941,45.048158],[-118.151832,45.047628],[-118.14989,45.047891],[-118.147575,45.04773],[-118.145932,45.047148],[-118.144961,45.047306],[-118.1416,45.0463],[-118.138912,45.045877],[-118.137567,45.04598],[-118.134804,45.045558],[-118.132115,45.044972],[-118.130322,45.04513]]},"properties":{"OBJECTID":43,"fhdFtrID":41,"fhdRefID":53712,"fhdRevDt":"20190311","fhdONm":"Philip Howell","fhdOEnt":"USFS","fhdSpNm":"Brook trout","fhdRun":"NA","fhdLifeHst":"FluvRes","fhdUseTy":"Unknown","fhdBasis":"DocObsFish","fhdStNm":"North Fork Anthony Creek","fhdGenus":"Salvelinus","fhdSp":"fontinalis","fhdSubSp":null,"fhdOrig":"NonNative","fhdProd":"Natural","fhdComment":null,"fhdESH":"NA","fhdBasisD":null,"fhdNMF":"no","fhdBasisDt":"20150000","fhdBasisNm":null,"fhdBasisEnt":null,"fhdBasisPrj":null,"fhdBasisMethod":null,"fhdAccess":null,"fhdBarrierFtrID":null,"fhdEndExtent":null,"Shape__Length":7346.740873124653,"habitatType":"stream"},"id":43},
{"type":"Feature","geometry":{"type":"LineString","coordinates":[[-118.147264,45.003088],[-118.147733,45.004087],[-118.148438,45.004256],[-118.148829,45.005481],[-118.14875,45.006314],[-118.148982,45.00971],[-118.149609,45.010266],[-118.149451,45.011042],[-118.150391,45.011825],[-118.152429,45.012767],[-118.154857,45.014494],[-118.155562,45.015328],[-118.155089,45.018781]]},"properties":{"OBJECTID":44,"fhdFtrID":42,"fhdRefID":53712,"fhdRevDt":"20190311","fhdONm":"Philip Howell","fhdOEnt":"USFS","fhdSpNm":"Brook trout","fhdRun":"NA","fhdLifeHst":"FluvRes","fhdUseTy":"Unknown","fhdBasis":"DocObsFish","fhdStNm":"Indian Creek","fhdGenus":"Salvelinus","fhdSp":"fontinalis","fhdSubSp":null,"fhdOrig":"NonNative","fhdProd":"Natural","fhdComment":null,"fhdESH":"NA","fhdBasisD":null,"fhdNMF":"no","fhdBasisDt":"20150000","fhdBasisNm":null,"fhdBasisEnt":null,"fhdBasisPrj":null,"fhdBasisMethod":null,"fhdAccess":null,"fhdBarrierFtrID":null,"fhdEndExtent":null,"Shape__Length":2985.634025805398,"habitatType":"stream"},"id":44},
{"type":"Feature","geometry":{"type":"LineString","coordinates":[[-118.082255,44.802171],[-118.08135,44.80094],[-118.080578,44.798634],[-118.079652,44.79781],[-118.079111,44.795556],[-118.078571,44.794292],[-118.078339,44.792642],[-118.079034,44.788571],[-118.078958,44.785273],[-118.078726,44.783295],[-118.080193,44.782142],[-118.083429,44.780885]]},"properties":{"OBJECTID":45,"fhdFtrID":43,"fhdRefID":53712,"fhdRevDt":"20190311","fhdONm":"Philip Howell","fhdOEnt":"USFS","fhdSpNm":"Brook trout","fhdRun":"NA","fhdLifeHst":"FluvRes","fhdUseTy":"Unknown","fhdBasis":"DocObsFish","fhdStNm":"Lake Creek","fhdGenus":"Salvelinus","fhdSp":"fontinalis","fhdSubSp":null,"fhdOrig":"NonNative","fhdProd":"Natural","fhdComment":null,"fhdESH":"NA","fhdBasisD":null,"fhdNMF":"no","fhdBasisDt":"20150000","fhdBasisNm":null,"fhdBasisEnt":null,"fhdBasisPrj":null,"fhdBasisMethod":null,"fhdAccess":null,"fhdBarrierFtrID":null,"fhdEndExtent":null,"Shape__Length":3768.5466814899282,"habitatType":"stream"},"id":45},
{"type":"Feature","geometry":{"type":"LineString","coordinates":[[-118.204338,44.84429],[-118.204187,44.840988],[-118.203439,44.838858],[-118.203288,44.836676],[-118.203512,44.834491],[-118.201715,44.830977],[-118.200966,44.830071],[-118.199544,44.828902],[-118.197373,44.827944],[-118.196849,44.827198],[-118.196624,44.825602],[-118.197672,44.824696],[-118.199543,44.822354],[-118.201713,44.820274],[-118.202686,44.819692],[-118.203134,44.818414],[-118.205678,44.815907],[-118.206576,44.814736],[-118.207399,44.814205],[-118.208296,44.811383],[-118.208071,44.809414],[-118.207771,44.808616],[-118.206499,44.807392],[-118.205377,44.807282],[-118.204344,44.807608]]},"properties":{"OBJECTID":46,"fhdFtrID":44,"fhdRefID":53712,"fhdRevDt":"20190311","fhdONm":"Philip Howell","fhdOEnt":"USFS","fhdSpNm":"Brook trout","fhdRun":"NA","fhdLifeHst":"FluvRes","fhdUseTy":"Unknown","fhdBasis":"DocObsFish","fhdStNm":"Cracker Creek","fhdGenus":"Salvelinus","fhdSp":"fontinalis","fhdSubSp":null,"fhdOrig":"NonNative","fhdProd":"Natural","fhdComment":null,"fhdESH":"NA","fhdBasisD":null,"fhdNMF":"no","fhdBasisDt":"20150000","fhdBasisNm":null,"fhdBasisEnt":null,"fhdBasisPrj":null,"fhdBasisMethod":null,"fhdAccess":null,"fhdBarrierFtrID":null,"fhdEndExtent":null,"Shape__Length":6891.551469310057,"habitatType":"stream"},"id":46},
{"type":"Feature","geometry":{"type":"LineString","coordinates":[[-117.211617,45.274663],[-117.211899,45.273361],[-117.210923,45.272355],[-117.211523,45.270077],[-117.210096,45.26912],[-117.209496,45.268167],[-117.210621,45.267481],[-117.210696,45.266842],[-117.210021,45.266312],[-117.210096,45.264566],[-117.20912,45.262871],[-117.208219,45.262341],[-117.208294,45.261437],[-117.206943,45.260485],[-117.206418,45.259635],[-117.204992,45.25863],[-117.204617,45.25773],[-117.202591,45.256032],[-117.202591,45.25439],[-117.20154,45.253068],[-117.200415,45.25222],[-117.20064,45.251265],[-117.200115,45.249884],[-117.19884,45.248878],[-117.199515,45.247554],[-117.19944,45.246654],[-117.19854,45.245382],[-117.19839,45.244694],[-117.197265,45.244322],[-117.19689,45.243688],[-117.19659,45.241618],[-117.19674,45.24056],[-117.19599,45.23918],[-117.196365,45.238495],[-117.19614,45.237645],[-117.194791,45.236427],[-117.194641,45.234834],[-117.194191,45.234466],[-117.194191,45.232769],[-117.195091,45.232345],[-117.195392,45.230224],[-117.194192,45.229538],[-117.193967,45.228053],[-117.193592,45.227788],[-117.193892,45.226568],[-117.193367,45.225457],[-117.193743,45.224345],[-117.194718,45.222862],[-117.194268,45.222332],[-117.193968,45.220847],[-117.194343,45.219361],[-117.194119,45.218619],[-117.195169,45.217137],[-117.196368,45.216397],[-117.196818,45.214856],[-117.195694,45.213958],[-117.195619,45.213319]]},"properties":{"OBJECTID":47,"fhdFtrID":45,"fhdRefID":53684,"fhdRevDt":"20190313","fhdONm":"Peter Robinson","fhdOEnt":"ODFW","fhdSpNm":"Brook trout","fhdRun":"NA","fhdLifeHst":"FluvRes","fhdUseTy":"Unknown","fhdBasis":"UndocObsFish","fhdStNm":"East Fork Wallowa River","fhdGenus":"Salvelinus","fhdSp":"fontinalis","fhdSubSp":null,"fhdOrig":"NonNative","fhdProd":"Natural","fhdComment":null,"fhdESH":"NA","fhdBasisD":null,"fhdNMF":"no","fhdBasisDt":null,"fhdBasisNm":null,"fhdBasisEnt":null,"fhdBasisPrj":null,"fhdBasisMethod":null,"fhdAccess":null,"fhdBarrierFtrID":null,"fhdEndExtent":null,"Shape__Length":11451.749367205628,"habitatType":"stream"},"id":47},
{"type":"Feature","geometry":{"type":"LineString","coordinates":[[-117.248819,45.173532],[-117.248506,45.174964],[-117.248662,45.176071],[-117.248194,45.176347],[-117.248584,45.178002],[-117.250222,45.179106],[-117.250378,45.180266],[-117.251081,45.180985],[-117.251549,45.182807],[-117.251392,45.183689],[-117.250455,45.185343],[-117.249207,45.186008],[-117.248582,45.187386],[-117.24944,45.188217],[-117.248972,45.189487],[-117.249049,45.190698],[-117.247488,45.191583],[-117.246395,45.19263],[-117.246082,45.193404],[-117.246785,45.195118],[-117.247175,45.195445],[-117.247721,45.196164],[-117.248267,45.197819],[-117.247174,45.198317],[-117.247564,45.19909],[-117.247252,45.200027],[-117.246393,45.201024],[-117.246314,45.202293],[-117.245534,45.202736],[-117.245846,45.203617],[-117.244753,45.204169],[-117.245221,45.205162],[-117.244049,45.205714],[-117.243736,45.207591],[-117.244282,45.209467],[-117.240847,45.210077],[-117.239519,45.209522],[-117.238738,45.210298],[-117.239362,45.211012],[-117.23983,45.212393],[-117.239127,45.213389],[-117.239439,45.214383],[-117.238345,45.21637],[-117.237174,45.217529],[-117.237564,45.21819],[-117.236314,45.218796],[-117.236,45.222275],[-117.236624,45.223489],[-117.236077,45.225862],[-117.235919,45.229837],[-117.236543,45.231658],[-117.236387,45.232266],[-117.235995,45.234198],[-117.234745,45.234862],[-117.234198,45.235525],[-117.232636,45.236019],[-117.23201,45.237456],[-117.229743,45.240048],[-117.227321,45.241372],[-117.227319,45.242974],[-117.226928,45.24419],[-117.226693,45.246067],[-117.226848,45.248605],[-117.227082,45.249046],[-117.226768,45.250482],[-117.225517,45.251916],[-117.225673,45.253243],[-117.225126,45.254068],[-117.225125,45.25567],[-117.224265,45.256334],[-117.224186,45.257329],[-117.223639,45.257825],[-117.223325,45.259203],[-117.222778,45.259919],[-117.222699,45.260968],[-117.221682,45.262572],[-117.220275,45.263565],[-117.216052,45.267372],[-117.216988,45.268806],[-117.2148,45.269526],[-117.214955,45.270408],[-117.213782,45.271567],[-117.213859,45.272615]]},"properties":{"OBJECTID":48,"fhdFtrID":46,"fhdRefID":53684,"fhdRevDt":"20190313","fhdONm":"Peter Robinson","fhdOEnt":"ODFW","fhdSpNm":"Brook trout","fhdRun":"NA","fhdLifeHst":"FluvRes","fhdUseTy":"Unknown","fhdBasis":"UndocObsFish","fhdStNm":"West Fork Wallowa River","fhdGenus":"Salvelinus","fhdSp":"fontinalis","fhdSubSp":null,"fhdOrig":"NonNative","fhdProd":"Natural","fhdComment":null,"fhdESH":"NA","fhdBasisD":null,"fhdNMF":"no","fhdBasisDt":null,"fhdBasisNm":null,"fhdBasisEnt":null,"fhdBasisPrj":null,"fhdBasisMethod":null,"fhdAccess":null,"fhdBarrierFtrID":null,"fhdEndExtent":null,"Shape__Length":18993.675956498064,"habitatType":"stream"},"id":48},
{"type":"Feature","geometry":{"type":"LineString","coordinates":[[-117.236387,45.232266],[-117.237324,45.23199],[-117.240292,45.232101],[-117.242167,45.232875],[-117.243807,45.232597],[-117.246307,45.233042],[-117.246932,45.232766],[-117.249588,45.233372],[-117.251072,45.233099],[-117.252244,45.233816],[-117.253259,45.234035],[-117.255134,45.232986],[-117.257087,45.232271]]},"properties":{"OBJECTID":49,"fhdFtrID":47,"fhdRefID":53684,"fhdRevDt":"20190313","fhdONm":"Peter Robinson","fhdOEnt":"ODFW","fhdSpNm":"Brook trout","fhdRun":"NA","fhdLifeHst":"FluvRes","fhdUseTy":"Unknown","fhdBasis":"UndocObsFish","fhdStNm":"Adam Creek","fhdGenus":"Salvelinus","fhdSp":"fontinalis","fhdSubSp":null,"fhdOrig":"NonNative","fhdProd":"Natural","fhdComment":null,"fhdESH":"NA","fhdBasisD":null,"fhdNMF":"no","fhdBasisDt":null,"fhdBasisNm":null,"fhdBasisEnt":null,"fhdBasisPrj":null,"fhdBasisMethod":null,"fhdAccess":null,"fhdBarrierFtrID":null,"fhdEndExtent":null,"Shape__Length":2575.5036915816336,"habitatType":"stream"},"id":49},
{"type":"Feature","geometry":{"type":"LineString","coordinates":[[-117.26638,45.187499],[-117.265521,45.186668],[-117.264662,45.186616],[-117.263336,45.188217],[-117.257715,45.188104],[-117.257012,45.188547],[-117.255139,45.188933],[-117.252562,45.189871],[-117.252952,45.191747],[-117.251547,45.192578],[-117.251469,45.193348],[-117.250376,45.193625],[-117.250141,45.19484],[-117.24897,45.194897],[-117.247175,45.195445]]},"properties":{"OBJECTID":50,"fhdFtrID":48,"fhdRefID":53684,"fhdRevDt":"20190313","fhdONm":"Peter Robinson","fhdOEnt":"ODFW","fhdSpNm":"Brook trout","fhdRun":"NA","fhdLifeHst":"FluvRes","fhdUseTy":"Unknown","fhdBasis":"UndocObsFish","fhdStNm":"Lake Creek","fhdGenus":"Salvelinus","fhdSp":"fontinalis","fhdSubSp":null,"fhdOrig":"NonNative","fhdProd":"Natural","fhdComment":null,"fhdESH":"NA","fhdBasisD":null,"fhdNMF":"no","fhdBasisDt":null,"fhdBasisNm":null,"fhdBasisEnt":null,"fhdBasisPrj":null,"fhdBasisMethod":null,"fhdAccess":null,"fhdBarrierFtrID":null,"fhdEndExtent":null,"Shape__Length":3220.353189177946,"habitatType":"stream"},"id":50},
{"type":"Feature","geometry":{"type":"MultiLineString","coordinates":[[[-117.226391,45.337334],[-117.227017,45.337607],[-117.230461,45.337717],[-117.230853,45.337941],[-117.234532,45.338604],[-117.235158,45.338936],[-117.236332,45.340423],[-117.236253,45.341364],[-117.235392,45.342302],[-117.235313,45.343738],[-117.235939,45.344511],[-117.235625,45.34534],[-117.234686,45.346003],[-117.234842,45.346885],[-117.23398,45.348043],[-117.232962,45.348428],[-117.232413,45.34959],[-117.233195,45.351907],[-117.234761,45.352903],[-117.237502,45.353068],[-117.239773,45.352514],[-117.245097,45.35235],[-117.24776,45.353843],[-117.247603,45.354838],[-117.246741,45.355389],[-117.246976,45.356603],[-117.246584,45.357153],[-117.246662,45.358755],[-117.246114,45.359197],[-117.24627,45.360133],[-117.246975,45.361072],[-117.248463,45.362455],[-117.248306,45.363117],[-117.248462,45.365709],[-117.248149,45.366651],[-117.247287,45.367202],[-117.247365,45.367917],[-117.246504,45.368968],[-117.247208,45.370073],[-117.24666,45.370844],[-117.246816,45.372005],[-117.246502,45.372555],[-117.247038,45.373935],[-117.24847,45.374536],[-117.249516,45.375812],[-117.251308,45.376346],[-117.252271,45.377614],[-117.251468,45.37834],[-117.251082,45.379835],[-117.251334,45.380331],[-117.249898,45.381225],[-117.250548,45.382109],[-117.249164,45.383044],[-117.249007,45.383819],[-117.249556,45.384259],[-117.249137,45.385793],[-117.248031,45.386515],[-117.24812,45.3875],[-117.249177,45.387849],[-117.249006,45.389616],[-117.25,45.390459],[-117.249735,45.392464],[-117.250568,45.393504],[-117.251435,45.393809],[-117.250729,45.394914],[-117.252488,45.395271],[-117.252721,45.396755],[-117.251817,45.397279],[-117.251252,45.398306],[-117.252044,45.398793],[-117.251747,45.399939]],[[-117.264914,45.410814],[-117.26662,45.411254],[-117.267113,45.411764],[-117.268354,45.412062],[-117.268907,45.412861],[-117.269009,45.413993],[-117.270191,45.414554],[-117.271433,45.414503],[-117.272122,45.414852],[-117.275027,45.415448],[-117.275597,45.415352],[-117.279574,45.415779],[-117.28075,45.417104],[-117.282553,45.41705],[-117.283808,45.418154],[-117.285533,45.418982],[-117.287963,45.419201],[-117.288433,45.419587],[-117.289845,45.419754],[-117.29251,45.419698],[-117.293764,45.419146],[-117.294862,45.419089],[-117.296529,45.419858],[-117.297962,45.419157],[-117.300949,45.419383],[-117.302181,45.419326],[-117.304,45.419722],[-117.304803,45.420188],[-117.305687,45.421607],[-117.307634,45.422057],[-117.309485,45.423681],[-117.310049,45.424701],[-117.311861,45.426073],[-117.311066,45.427057],[-117.312239,45.427877],[-117.31232,45.428691],[-117.314106,45.429546]]]},"properties":{"OBJECTID":51,"fhdFtrID":49,"fhdRefID":53684,"fhdRevDt":"20190313","fhdONm":"Peter Robinson","fhdOEnt":"ODFW","fhdSpNm":"Brook trout","fhdRun":"NA","fhdLifeHst":"FluvRes","fhdUseTy":"Unknown","fhdBasis":"UndocObsFish","fhdStNm":"Wallowa River","fhdGenus":"Salvelinus","fhdSp":"fontinalis","fhdSubSp":null,"fhdOrig":"NonNative","fhdProd":"Natural","fhdComment":null,"fhdESH":"NA","fhdBasisD":null,"fhdNMF":"no","fhdBasisDt":null,"fhdBasisNm":null,"fhdBasisEnt":null,"fhdBasisPrj":null,"fhdBasisMethod":null,"fhdAccess":null,"fhdBarrierFtrID":null,"fhdEndExtent":null,"Shape__Length":21730.24895931706,"habitatType":"stream"},"id":51},
{"type":"Feature","geometry":{"type":"LineString","coordinates":[[-117.251747,45.399939],[-117.252462,45.401306],[-117.253192,45.401295],[-117.253091,45.402676],[-117.256217,45.404006],[-117.257258,45.403762],[-117.257871,45.404197],[-117.257697,45.405161],[-117.258858,45.406059],[-117.258544,45.406853],[-117.259334,45.407722],[-117.262843,45.40923],[-117.263413,45.408941],[-117.264936,45.409664],[-117.264914,45.410814]]},"properties":{"OBJECTID":52,"fhdFtrID":49,"fhdRefID":53684,"fhdRevDt":"20190313","fhdONm":"Peter Robinson","fhdOEnt":"ODFW","fhdSpNm":"Brook trout","fhdRun":"NA","fhdLifeHst":"FluvRes","fhdUseTy":"Unknown","fhdBasis":"UndocObsFish","fhdStNm":"Wallowa River","fhdGenus":"Salvelinus","fhdSp":"fontinalis","fhdSubSp":null,"fhdOrig":"NonNative","fhdProd":"Natural","fhdComment":null,"fhdESH":"NA","fhdBasisD":null,"fhdNMF":"no","fhdBasisDt":"<Null>","fhdBasisNm":null,"fhdBasisEnt":null,"fhdBasisPrj":"<Null>","fhdBasisMethod":null,"fhdAccess":null,"fhdBarrierFtrID":null,"fhdEndExtent":null,"Shape__Length":2928.686854898291,"habitatType":"stream"},"id":52},
{"type":"Feature","geometry":{"type":"LineString","coordinates":[[-117.355016,45.178911],[-117.354061,45.179018],[-117.353117,45.179795],[-117.352566,45.181742],[-117.350992,45.183853],[-117.350441,45.185299],[-117.350675,45.186631],[-117.35209,45.187968],[-117.351696,45.18863],[-117.352088,45.190078],[-117.351772,45.191578],[-117.352008,45.192581],[-117.353343,45.194413],[-117.352399,45.195969],[-117.353655,45.197135],[-117.35452,45.19747],[-117.354205,45.198803],[-117.355698,45.200693],[-117.357112,45.20153],[-117.358762,45.204086],[-117.360491,45.205363],[-117.361356,45.206531],[-117.364185,45.209479],[-117.365522,45.20992],[-117.366701,45.210699],[-117.368667,45.211089],[-117.369689,45.212202],[-117.370475,45.212645],[-117.370475,45.213815],[-117.371025,45.214259],[-117.371024,45.216149],[-117.370238,45.217205],[-117.370631,45.218648],[-117.371338,45.219929],[-117.372046,45.220259],[-117.370708,45.222649],[-117.369921,45.223151],[-117.369684,45.223985],[-117.368898,45.224041],[-117.368898,45.224986],[-117.368111,45.22593],[-117.36811,45.2271],[-117.368975,45.227822],[-117.369525,45.228877],[-117.36921,45.229545],[-117.370784,45.230156],[-117.372435,45.230209],[-117.373851,45.230988],[-117.376526,45.233378],[-117.378492,45.234154],[-117.379358,45.235322],[-117.380065,45.236822],[-117.380301,45.239103],[-117.381087,45.239659]]},"properties":{"OBJECTID":53,"fhdFtrID":50,"fhdRefID":53684,"fhdRevDt":"20190313","fhdONm":"Peter Robinson","fhdOEnt":"ODFW","fhdSpNm":"Brook trout","fhdRun":"NA","fhdLifeHst":"FluvRes","fhdUseTy":"Unknown","fhdBasis":"UndocObsFish","fhdStNm":"Lostine River","fhdGenus":"Salvelinus","fhdSp":"fontinalis","fhdSubSp":null,"fhdOrig":"NonNative","fhdProd":"Natural","fhdComment":null,"fhdESH":"NA","fhdBasisD":null,"fhdNMF":"no","fhdBasisDt":null,"fhdBasisNm":null,"fhdBasisEnt":null,"fhdBasisPrj":null,"fhdBasisMethod":null,"fhdAccess":null,"fhdBarrierFtrID":null,"fhdEndExtent":null,"Shape__Length":12400.223132403391,"habitatType":"stream"},"id":53},
{"type":"Feature","geometry":{"type":"LineString","coordinates":[[-117.379314,45.14768],[-117.383538,45.146779],[-117.384812,45.146833],[-117.385848,45.147396],[-117.388478,45.148018],[-117.389514,45.148527],[-117.393339,45.149428],[-117.394375,45.150671],[-117.396846,45.152305],[-117.399316,45.152251],[-117.399715,45.152871],[-117.401229,45.153545],[-117.401389,45.154787],[-117.403063,45.155353],[-117.403302,45.155802],[-117.405533,45.156933],[-117.405932,45.158565],[-117.406411,45.159018],[-117.407686,45.15913],[-117.409201,45.160538],[-117.409838,45.160594],[-117.411513,45.161781],[-117.41239,45.161949],[-117.412709,45.162794],[-117.413984,45.163361],[-117.414144,45.164206],[-117.415898,45.165163],[-117.417253,45.165163],[-117.417572,45.16567],[-117.418768,45.16612],[-117.421399,45.166628],[-117.421798,45.16804],[-117.423473,45.169447],[-117.42427,45.169282],[-117.425306,45.170183],[-117.430329,45.170744],[-117.434476,45.172322],[-117.434875,45.173054],[-117.436071,45.172829],[-117.437108,45.173788],[-117.438464,45.174296],[-117.440058,45.17424],[-117.441335,45.174915],[-117.445003,45.175364],[-117.446597,45.175367],[-117.446996,45.17604],[-117.44867,45.175705],[-117.449707,45.175814],[-117.450824,45.176606],[-117.452179,45.176659],[-117.452897,45.177111],[-117.453774,45.176378],[-117.454969,45.176265],[-117.456405,45.176714],[-117.456964,45.177391],[-117.458639,45.178069],[-117.459835,45.177785],[-117.459989,45.178684],[-117.46119,45.179481],[-117.462953,45.180216],[-117.465117,45.181521],[-117.467842,45.181636],[-117.470646,45.183619],[-117.472249,45.184242],[-117.471528,45.18515],[-117.471527,45.187188],[-117.473611,45.188607],[-117.474973,45.189285],[-117.477779,45.191159],[-117.478179,45.191949],[-117.480103,45.191667],[-117.479863,45.192572],[-117.482027,45.194049],[-117.48371,45.1945],[-117.483871,45.196768],[-117.484833,45.197223],[-117.485153,45.197901],[-117.486917,45.198069],[-117.486837,45.198749],[-117.487478,45.199431],[-117.487318,45.201016],[-117.48844,45.202491],[-117.488681,45.203566],[-117.489483,45.204076],[-117.490686,45.20408],[-117.493171,45.206004],[-117.495657,45.207704],[-117.495979,45.209462],[-117.496861,45.210196],[-117.498384,45.210198],[-117.499347,45.210536],[-117.500309,45.211387],[-117.501993,45.210993],[-117.5048,45.212407],[-117.505361,45.213485],[-117.506555,45.21393],[-117.507928,45.215408],[-117.509532,45.215185],[-117.511178,45.21566],[-117.511937,45.215071],[-117.513542,45.216373],[-117.514438,45.217823],[-117.514971,45.219202],[-117.51635,45.219093],[-117.517365,45.220141],[-117.517667,45.220981],[-117.518917,45.221529],[-117.520421,45.221599],[-117.521806,45.223114],[-117.522723,45.223542],[-117.522127,45.224075],[-117.522769,45.224986],[-117.524053,45.225718],[-117.525016,45.22742],[-117.526128,45.227972],[-117.52614,45.228895],[-117.526862,45.229063],[-117.527189,45.23029],[-117.52816,45.231856],[-117.527645,45.233834],[-117.528269,45.236964],[-117.527835,45.237344],[-117.528909,45.238878],[-117.52896,45.24066],[-117.528734,45.241341],[-117.5302,45.242333],[-117.530135,45.243427],[-117.529445,45.244263],[-117.529276,45.245231],[-117.527993,45.247002],[-117.529013,45.249391],[-117.529286,45.250538],[-117.53057,45.251612],[-117.529463,45.25217],[-117.529338,45.252725],[-117.52975,45.254379],[-117.531216,45.256145],[-117.532486,45.25654],[-117.532281,45.257338],[-117.532647,45.259123],[-117.532093,45.259846],[-117.532401,45.261329],[-117.532882,45.262259],[-117.532207,45.26332],[-117.531803,45.264757],[-117.532646,45.265689],[-117.532832,45.267223],[-117.533844,45.268654],[-117.534036,45.269464],[-117.53489,45.27004],[-117.535179,45.270899],[-117.536256,45.271204],[-117.536902,45.272569],[-117.536605,45.274888],[-117.536877,45.276139],[-117.539029,45.277929],[-117.540044,45.279526],[-117.540035,45.281484],[-117.540803,45.282434],[-117.540686,45.283092],[-117.543499,45.285221],[-117.545248,45.285636],[-117.54821,45.288164],[-117.549011,45.29037],[-117.548942,45.291041],[-117.550294,45.292075],[-117.550714,45.293787],[-117.552502,45.294769],[-117.552825,45.295438],[-117.551158,45.296472],[-117.552167,45.297444],[-117.554922,45.297741],[-117.557699,45.300288],[-117.557862,45.300796],[-117.559509,45.301882],[-117.559126,45.303423],[-117.560301,45.304475],[-117.559235,45.306379],[-117.560038,45.30697],[-117.56101,45.306258],[-117.562893,45.306969],[-117.56351,45.308807],[-117.564271,45.309204],[-117.563963,45.3106],[-117.564153,45.311153],[-117.565219,45.311611],[-117.565289,45.312403],[-117.565994,45.31312],[-117.567894,45.314082],[-117.568457,45.315119],[-117.569716,45.315405],[-117.569988,45.315917],[-117.569333,45.317361],[-117.570851,45.318015],[-117.571253,45.317171],[-117.572766,45.317038],[-117.573777,45.318194],[-117.575198,45.320486],[-117.57748,45.321658],[-117.579281,45.321928],[-117.581258,45.32303],[-117.581794,45.323576],[-117.58177,45.324895],[-117.582933,45.325425],[-117.58395,45.325267],[-117.584189,45.326904],[-117.585467,45.328144],[-117.585908,45.328943],[-117.587473,45.330582],[-117.588457,45.330982],[-117.588821,45.331732],[-117.590632,45.332015],[-117.592103,45.333078],[-117.594256,45.335695],[-117.596652,45.337609],[-117.598719,45.338823],[-117.600544,45.338998],[-117.601916,45.339805],[-117.602083,45.340709],[-117.603046,45.341667],[-117.604996,45.342696],[-117.606269,45.343612],[-117.607602,45.342853],[-117.608562,45.34274],[-117.609521,45.342006],[-117.60984,45.341104],[-117.611014,45.340333],[-117.611803,45.340436],[-117.611186,45.34165],[-117.611439,45.342513],[-117.613038,45.343022],[-117.614427,45.342348],[-117.615709,45.342999],[-117.61833,45.343876],[-117.619593,45.344823],[-117.621324,45.345178],[-117.62223,45.344935],[-117.623376,45.346067],[-117.625509,45.347018],[-117.627495,45.34735],[-117.629374,45.347434],[-117.630386,45.348535],[-117.630446,45.350245],[-117.630019,45.351251],[-117.630148,45.352993],[-117.631908,45.354288],[-117.632943,45.355993],[-117.634571,45.35633],[-117.635888,45.357619],[-117.636469,45.35947],[-117.637282,45.361005],[-117.639494,45.362662],[-117.64275,45.363143],[-117.643343,45.364252],[-117.64415,45.365048],[-117.644112,45.366097],[-117.643218,45.36707],[-117.6452,45.367707],[-117.645402,45.368552],[-117.644256,45.369432],[-117.645994,45.370569],[-117.647553,45.370691],[-117.649551,45.37176],[-117.650794,45.371919],[-117.651596,45.37412],[-117.652315,45.374827],[-117.652794,45.375981],[-117.652639,45.376995],[-117.653122,45.378292],[-117.655042,45.380653],[-117.655218,45.381661],[-117.655935,45.381985],[-117.657443,45.381837],[-117.65851,45.382897],[-117.659195,45.383978],[-117.660258,45.384611],[-117.660588,45.386526],[-117.662687,45.387077],[-117.662878,45.388178],[-117.663971,45.388987],[-117.664534,45.390217],[-117.666834,45.391018],[-117.667888,45.391979],[-117.668581,45.395076],[-117.670669,45.397557],[-117.671441,45.399029],[-117.671491,45.40051]]},"properties":{"OBJECTID":54,"fhdFtrID":51,"fhdRefID":53684,"fhdRevDt":"20190313","fhdONm":"Peter Robinson","fhdOEnt":"ODFW","fhdSpNm":"Brook trout","fhdRun":"NA","fhdLifeHst":"FluvRes","fhdUseTy":"Unknown","fhdBasis":"UndocObsFish","fhdStNm":"Minam River","fhdGenus":"Salvelinus","fhdSp":"fontinalis","fhdSubSp":null,"fhdOrig":"NonNative","fhdProd":"Natural","fhdComment":null,"fhdESH":"NA","fhdBasisD":null,"fhdNMF":"no","fhdBasisDt":null,"fhdBasisNm":null,"fhdBasisEnt":null,"fhdBasisPrj":null,"fhdBasisMethod":null,"fhdAccess":null,"fhdBarrierFtrID":null,"fhdEndExtent":null,"Shape__Length":63568.4405250145,"habitatType":"stream"},"id":54},
{"type":"Feature","geometry":{"type":"LineString","coordinates":[[-117.465991,45.295728],[-117.466784,45.297354],[-117.466784,45.298142],[-117.468133,45.301395],[-117.468529,45.302964],[-117.468211,45.303244],[-117.469244,45.304478],[-117.468528,45.305543],[-117.469082,45.308569],[-117.469956,45.308741],[-117.470671,45.309864],[-117.471545,45.310589],[-117.472816,45.312668],[-117.474087,45.31345],[-117.476549,45.31659],[-117.477582,45.31732],[-117.478457,45.318612],[-117.478535,45.319791],[-117.479648,45.320574],[-117.479886,45.322144],[-117.481793,45.323436],[-117.481872,45.324053],[-117.483065,45.32439],[-117.484495,45.325509],[-117.485449,45.326913],[-117.486641,45.327642],[-117.487436,45.327755],[-117.488231,45.328481],[-117.489344,45.328818],[-117.490775,45.329829],[-117.49157,45.331176],[-117.493398,45.33196],[-117.49618,45.334091],[-117.497453,45.334594],[-117.497611,45.337118]]},"properties":{"OBJECTID":55,"fhdFtrID":52,"fhdRefID":53684,"fhdRevDt":"20190313","fhdONm":"Peter Robinson","fhdOEnt":"ODFW","fhdSpNm":"Brook trout","fhdRun":"NA","fhdLifeHst":"FluvRes","fhdUseTy":"Unknown","fhdBasis":"UndocObsFish","fhdStNm":"Bear Creek","fhdGenus":"Salvelinus","fhdSp":"fontinalis","fhdSubSp":null,"fhdOrig":"NonNative","fhdProd":"Natural","fhdComment":null,"fhdESH":"NA","fhdBasisD":null,"fhdNMF":"no","fhdBasisDt":null,"fhdBasisNm":null,"fhdBasisEnt":null,"fhdBasisPrj":null,"fhdBasisMethod":null,"fhdAccess":null,"fhdBarrierFtrID":null,"fhdEndExtent":null,"Shape__Length":8277.358308512903,"habitatType":"stream"},"id":55},
{"type":"Feature","geometry":{"type":"LineString","coordinates":[[-121.291964,42.995716],[-121.290715,42.996891],[-121.290809,42.997793],[-121.290116,42.998588],[-121.290768,43.000097],[-121.291873,43.000591],[-121.294428,43.000944],[-121.295623,43.000827],[-121.297178,43.001107],[-121.299041,43.00181],[-121.301132,43.002183],[-121.304588,43.005143],[-121.307392,43.008512],[-121.309114,43.012342],[-121.309105,43.013922],[-121.308469,43.015894],[-121.30762,43.016777],[-121.305709,43.019608],[-121.304713,43.020408],[-121.303572,43.022341],[-121.302449,43.024611],[-121.300981,43.026156],[-121.300299,43.028361],[-121.299637,43.029756],[-121.298702,43.030994],[-121.294934,43.033536],[-121.294546,43.034403],[-121.292855,43.036494],[-121.291805,43.037392],[-121.289788,43.037921],[-121.286133,43.038181],[-121.282029,43.0397],[-121.281421,43.040141],[-121.279138,43.043263],[-121.278942,43.044052],[-121.277897,43.045202],[-121.276189,43.04646],[-121.274413,43.048626],[-121.27369,43.049772],[-121.273854,43.050621],[-121.272432,43.05177],[-121.270321,43.052404],[-121.269832,43.053311],[-121.269765,43.054517],[-121.266821,43.055688],[-121.263677,43.056158],[-121.262474,43.05663],[-121.260993,43.057715],[-121.259047,43.059545],[-121.258308,43.059745],[-121.254327,43.061981],[-121.252572,43.061571],[-121.25109,43.062584],[-121.249799,43.063807],[-121.24786,43.065029],[-121.246104,43.065709],[-121.244631,43.068221],[-121.244448,43.069169],[-121.242323,43.070324],[-121.240661,43.071753],[-121.23946,43.07209],[-121.236321,43.074334],[-121.234471,43.075215],[-121.232809,43.075419],[-121.231423,43.076302],[-121.22865,43.07766],[-121.227265,43.078886],[-121.225323,43.07909],[-121.22403,43.079902],[-121.223289,43.080039],[-121.220241,43.081604],[-121.219223,43.081872],[-121.218207,43.082689],[-121.218023,43.083433],[-121.216545,43.084455],[-121.215807,43.085402],[-121.214606,43.086217],[-121.213681,43.087233],[-121.213038,43.088862],[-121.212299,43.089881],[-121.212854,43.090151],[-121.212394,43.091508],[-121.212028,43.093947],[-121.212492,43.095103],[-121.213695,43.095441],[-121.214438,43.0972],[-121.215733,43.097472],[-121.215921,43.098758],[-121.217682,43.100316],[-121.217973,43.101771],[-121.216244,43.102282],[-121.21521,43.103161],[-121.213675,43.103858],[-121.212267,43.103831],[-121.210544,43.102986],[-121.209256,43.102723],[-121.207713,43.1028],[-121.204485,43.104683],[-121.204478,43.105105],[-121.198711,43.107444],[-121.196995,43.108338],[-121.19555,43.109398],[-121.194119,43.109859],[-121.193482,43.110446],[-121.190853,43.111906],[-121.189805,43.112235],[-121.189437,43.11353],[-121.188052,43.114139],[-121.186449,43.11403],[-121.185722,43.115171],[-121.183542,43.115264],[-121.181175,43.115972],[-121.180755,43.116823],[-121.181167,43.117377],[-121.181414,43.118859],[-121.178971,43.120763],[-121.178491,43.121668],[-121.176888,43.122272],[-121.174947,43.122294],[-121.174176,43.122612],[-121.171674,43.122353],[-121.170677,43.122798],[-121.170976,43.123961],[-121.170541,43.124296],[-121.166434,43.12469],[-121.165137,43.125179],[-121.162446,43.125497],[-121.161427,43.126051],[-121.161306,43.126704],[-121.159935,43.127703],[-121.15926,43.128592],[-121.158668,43.130221],[-121.156494,43.131176],[-121.155662,43.131916],[-121.154185,43.132706],[-121.151884,43.134297],[-121.151614,43.135142],[-121.149582,43.1367],[-121.149372,43.137358],[-121.147318,43.137418],[-121.145077,43.138921],[-121.144005,43.138926],[-121.143113,43.139639],[-121.141246,43.139847],[-121.140489,43.140791],[-121.137079,43.141245],[-121.13522,43.141831],[-121.13345,43.142708],[-121.131929,43.142548],[-121.129584,43.141949],[-121.12786,43.141861],[-121.125805,43.141383],[-121.124921,43.141857],[-121.122119,43.142654],[-121.120012,43.14203],[-121.117404,43.141751],[-121.11637,43.142004],[-121.114804,43.141747],[-121.113596,43.140568],[-121.112562,43.140365],[-121.111954,43.139625],[-121.110642,43.139109],[-121.108993,43.138956],[-121.107817,43.139275],[-121.106138,43.138661],[-121.104871,43.13864],[-121.103395,43.139024],[-121.102092,43.139058],[-121.100436,43.139964],[-121.099499,43.1402],[-121.098308,43.141265],[-121.097155,43.141907],[-121.095648,43.142265],[-121.094479,43.141848],[-121.09316,43.142029],[-121.091594,43.142815],[-121.090254,43.145323]]},"properties":{"OBJECTID":56,"fhdFtrID":53,"fhdRefID":53690,"fhdRevDt":"20190312","fhdONm":"Mike Meeuwig","fhdOEnt":"ODFW","fhdSpNm":"Brook trout","fhdRun":"NA","fhdLifeHst":"FluvRes","fhdUseTy":"Unknown","fhdBasis":"DocObsFish","fhdStNm":"Buck Creek","fhdGenus":"Salvelinus","fhdSp":"fontinalis","fhdSubSp":null,"fhdOrig":"NonNative","fhdProd":"Natural","fhdComment":null,"fhdESH":"NA","fhdBasisD":null,"fhdNMF":"no","fhdBasisDt":null,"fhdBasisNm":null,"fhdBasisEnt":null,"fhdBasisPrj":"Redband Trout Investigations","fhdBasisMethod":"Electrofishing","fhdAccess":null,"fhdBarrierFtrID":null,"fhdEndExtent":null,"Shape__Length":43624.72429439302,"habitatType":"stream"},"id":56},
{"type":"Feature","geometry":{"type":"LineString","coordinates":[[-121.080942,43.08618],[-121.081959,43.085161],[-121.082794,43.083469],[-121.082911,43.081423],[-121.083813,43.080078],[-121.083815,43.07838],[-121.084741,43.077027],[-121.084926,43.076008],[-121.0877,43.074789],[-121.088166,43.072618],[-121.088997,43.071943],[-121.089369,43.07018],[-121.090201,43.06923],[-121.091868,43.065841],[-121.092053,43.064822],[-121.092979,43.062924],[-121.092981,43.057773],[-121.092427,43.056958],[-121.093722,43.054652],[-121.093816,43.053231],[-121.093262,43.051871],[-121.095019,43.049433],[-121.095112,43.048417],[-121.096223,43.04672],[-121.096131,43.045431],[-121.094744,43.043805],[-121.095207,43.043398],[-121.097703,43.042449],[-121.09872,43.04184],[-121.100755,43.039195],[-121.102326,43.037772],[-121.105099,43.03567],[-121.106485,43.035058],[-121.105655,43.03228],[-121.106579,43.031534],[-121.10778,43.031261],[-121.109074,43.03045],[-121.109259,43.029093],[-121.110185,43.028618],[-121.110923,43.027738],[-121.112309,43.025434],[-121.114897,43.024008],[-121.115082,43.022314],[-121.115545,43.021701],[-121.116931,43.021025],[-121.117208,43.020481],[-121.118593,43.019806],[-121.119332,43.018652],[-121.118686,43.017772],[-121.119055,43.015874],[-121.118964,43.014449],[-121.119333,43.012821],[-121.120995,43.011939],[-121.121181,43.010988],[-121.122565,43.010177],[-121.124228,43.009835],[-121.124876,43.009157],[-121.129124,43.007259],[-121.130048,43.00604],[-121.136052,43.002987],[-121.136974,43.002853],[-121.13993,43.001496],[-121.140577,43.000818],[-121.143051,42.999665],[-121.144164,42.999323],[-121.144815,42.99864],[-121.148617,42.995645],[-121.150194,42.994216],[-121.15316,42.991967],[-121.153254,42.991627],[-121.155201,42.990879],[-121.157054,42.988973],[-121.157611,42.986794]]},"properties":{"OBJECTID":57,"fhdFtrID":54,"fhdRefID":53690,"fhdRevDt":"20190312","fhdONm":"Mike Meeuwig","fhdOEnt":"ODFW","fhdSpNm":"Brook trout","fhdRun":"NA","fhdLifeHst":"FluvRes","fhdUseTy":"Unknown","fhdBasis":"DocObsFish","fhdStNm":"West Fork Silver Creek","fhdGenus":"Salvelinus","fhdSp":"fontinalis","fhdSubSp":null,"fhdOrig":"NonNative","fhdProd":"Natural","fhdComment":null,"fhdESH":"NA","fhdBasisD":null,"fhdNMF":"no","fhdBasisDt":null,"fhdBasisNm":null,"fhdBasisEnt":null,"fhdBasisPrj":"Redband Trout Investigations","fhdBasisMethod":"Electrofishing","fhdAccess":null,"fhdBarrierFtrID":null,"fhdEndExtent":null,"Shape__Length":19706.63536174786,"habitatType":"stream"},"id":57},
{"type":"Feature","geometry":{"type":"LineString","coordinates":[[-121.079114,43.054921],[-121.079948,43.053427],[-121.081059,43.053292],[-121.082815,43.053632],[-121.083553,43.053226],[-121.083554,43.051938],[-121.083094,43.051597],[-121.082908,43.050514],[-121.084112,43.049224],[-121.084482,43.048276],[-121.084299,43.046989],[-121.082636,43.045291],[-121.08236,43.044071],[-121.083151,43.043641]]},"properties":{"OBJECTID":58,"fhdFtrID":55,"fhdRefID":53690,"fhdRevDt":"20190312","fhdONm":"Mike Meeuwig","fhdOEnt":"ODFW","fhdSpNm":"Brook trout","fhdRun":"NA","fhdLifeHst":"FluvRes","fhdUseTy":"Unknown","fhdBasis":"DocObsFish","fhdStNm":"Silver Creek","fhdGenus":"Salvelinus","fhdSp":"fontinalis","fhdSubSp":null,"fhdOrig":"NonNative","fhdProd":"Natural","fhdComment":null,"fhdESH":"NA","fhdBasisD":null,"fhdNMF":"no","fhdBasisDt":null,"fhdBasisNm":null,"fhdBasisEnt":null,"fhdBasisPrj":"Redband Trout Investigations","fhdBasisMethod":"Electrofishing","fhdAccess":null,"fhdBarrierFtrID":null,"fhdEndExtent":null,"Shape__Length":2371.394466634968,"habitatType":"stream"},"id":58},
{"type":"Feature","geometry":{"type":"LineString","coordinates":[[-121.130897,42.949285],[-121.13201,42.949285],[-121.133491,42.948607],[-121.135532,42.948469],[-121.137848,42.94874],[-121.139147,42.948537],[-121.142854,42.948606],[-121.145448,42.949692],[-121.146376,42.949761],[-121.148137,42.948876],[-121.150084,42.948736],[-121.15175,42.948943],[-121.155922,42.947169],[-121.156755,42.947034],[-121.15935,42.94608],[-121.161573,42.944716],[-121.165281,42.943695],[-121.166207,42.942944],[-121.167781,42.942402],[-121.16945,42.942127],[-121.172229,42.941037],[-121.17399,42.940629],[-121.177326,42.940763],[-121.179087,42.940556],[-121.181403,42.93967],[-121.182514,42.939535],[-121.18409,42.939875],[-121.187333,42.940079],[-121.188722,42.939602],[-121.189741,42.937763],[-121.191038,42.937216],[-121.19252,42.93701],[-121.194002,42.936056],[-121.197337,42.935307]]},"properties":{"OBJECTID":59,"fhdFtrID":56,"fhdRefID":53690,"fhdRevDt":"20190312","fhdONm":"Mike Meeuwig","fhdOEnt":"ODFW","fhdSpNm":"Brook trout","fhdRun":"NA","fhdLifeHst":"FluvRes","fhdUseTy":"Unknown","fhdBasis":"DocObsFish","fhdStNm":"Guyer Creek","fhdGenus":"Salvelinus","fhdSp":"fontinalis","fhdSubSp":null,"fhdOrig":"NonNative","fhdProd":"Natural","fhdComment":null,"fhdESH":"NA","fhdBasisD":null,"fhdNMF":"no","fhdBasisDt":null,"fhdBasisNm":null,"fhdBasisEnt":null,"fhdBasisPrj":"Redband Trout Investigations","fhdBasisMethod":"Electrofishing","fhdAccess":null,"fhdBarrierFtrID":null,"fhdEndExtent":null,"Shape__Length":8309.214532860664,"habitatType":"stream"},"id":59},
{"type":"Feature","geometry":{"type":"LineString","coordinates":[[-118.691427,44.212521],[-118.690721,44.208124],[-118.691427,44.206601],[-118.69174,44.204516],[-118.69323,44.202374],[-118.694091,44.201529],[-118.695738,44.200568],[-118.695894,44.198706],[-118.695737,44.197804],[-118.696678,44.196678],[-118.698323,44.195267],[-118.700361,44.19448],[-118.700988,44.193971],[-118.705455,44.191658],[-118.707806,44.191434],[-118.709374,44.190758],[-118.710862,44.190646],[-118.713213,44.189683],[-118.71431,44.189513],[-118.715878,44.190134],[-118.716975,44.189964]]},"properties":{"OBJECTID":60,"fhdFtrID":57,"fhdRefID":53690,"fhdRevDt":"20190312","fhdONm":"Mike Meeuwig","fhdOEnt":"ODFW","fhdSpNm":"Brook trout","fhdRun":"NA","fhdLifeHst":"FluvRes","fhdUseTy":"Unknown","fhdBasis":"DocObsFish","fhdStNm":"Bear Creek","fhdGenus":"Salvelinus","fhdSp":"fontinalis","fhdSubSp":null,"fhdOrig":"NonNative","fhdProd":"Natural","fhdComment":null,"fhdESH":"NA","fhdBasisD":null,"fhdNMF":"no","fhdBasisDt":null,"fhdBasisNm":null,"fhdBasisEnt":null,"fhdBasisPrj":"Redband Trout Investigations","fhdBasisMethod":"Electrofishing","fhdAccess":null,"fhdBarrierFtrID":null,"fhdEndExtent":null,"Shape__Length":5407.822723890295,"habitatType":"stream"},"id":60},
{"type":"Feature","geometry":{"type":"LineString","coordinates":[[-119.179303,44.119142],[-119.178912,44.117678],[-119.177737,44.117002],[-119.177737,44.115368],[-119.177111,44.113845],[-119.177423,44.112943],[-119.17711,44.111531],[-119.177736,44.110461],[-119.178283,44.108038],[-119.178831,44.106853],[-119.178987,44.105274],[-119.180395,44.102961],[-119.182507,44.101777],[-119.183759,44.100708],[-119.185324,44.100143],[-119.187044,44.099187],[-119.187592,44.099352],[-119.190331,44.098791],[-119.191896,44.098905],[-119.194713,44.099976],[-119.196434,44.100141],[-119.19839,44.100086],[-119.201833,44.100199],[-119.205511,44.100705],[-119.206372,44.10099],[-119.208016,44.102452],[-119.210208,44.10313]]},"properties":{"OBJECTID":61,"fhdFtrID":58,"fhdRefID":53690,"fhdRevDt":"20190312","fhdONm":"Mike Meeuwig","fhdOEnt":"ODFW","fhdSpNm":"Brook trout","fhdRun":"NA","fhdLifeHst":"FluvRes","fhdUseTy":"Unknown","fhdBasis":"DocObsFish","fhdStNm":"South Scotty Creek","fhdGenus":"Salvelinus","fhdSp":"fontinalis","fhdSubSp":null,"fhdOrig":"NonNative","fhdProd":"Natural","fhdComment":null,"fhdESH":"NA","fhdBasisD":null,"fhdNMF":"no","fhdBasisDt":null,"fhdBasisNm":null,"fhdBasisEnt":null,"fhdBasisPrj":"Redband Trout Investigations","fhdBasisMethod":"Electrofishing","fhdAccess":null,"fhdBarrierFtrID":null,"fhdEndExtent":null,"Shape__Length":6599.918844256643,"habitatType":"stream"},"id":61},
{"type":"Feature","geometry":{"type":"LineString","coordinates":[[-119.163024,44.099748],[-119.163962,44.100365],[-119.165371,44.100253],[-119.166467,44.099408],[-119.168736,44.09896],[-119.1703,44.098111],[-119.173665,44.098677],[-119.174447,44.099297],[-119.176873,44.100313],[-119.177734,44.100878],[-119.17969,44.102681],[-119.180395,44.102961]]},"properties":{"OBJECTID":62,"fhdFtrID":59,"fhdRefID":53690,"fhdRevDt":"20190312","fhdONm":"Mike Meeuwig","fhdOEnt":"ODFW","fhdSpNm":"Brook trout","fhdRun":"NA","fhdLifeHst":"FluvRes","fhdUseTy":"Unknown","fhdBasis":"DocObsFish","fhdStNm":"East Scotty Creek","fhdGenus":"Salvelinus","fhdSp":"fontinalis","fhdSubSp":null,"fhdOrig":"NonNative","fhdProd":"Natural","fhdComment":null,"fhdESH":"NA","fhdBasisD":null,"fhdNMF":"no","fhdBasisDt":null,"fhdBasisNm":null,"fhdBasisEnt":null,"fhdBasisPrj":"Redband Trout Investigations","fhdBasisMethod":"Electrofishing","fhdAccess":null,"fhdBarrierFtrID":null,"fhdEndExtent":null,"Shape__Length":2408.6104647165175,"habitatType":"stream"},"id":62},
{"type":"Feature","geometry":{"type":"LineString","coordinates":[[-119.176313,43.985499],[-119.174557,43.985834],[-119.172012,43.986693],[-119.169108,43.988437],[-119.168569,43.989271],[-119.167429,43.990021],[-119.166379,43.991833],[-119.16416,43.992546],[-119.162883,43.993169],[-119.160109,43.993631],[-119.158862,43.994352],[-119.157714,43.996814],[-119.156444,43.998715],[-119.156124,43.999932],[-119.154396,44.001775],[-119.154277,44.002218],[-119.152814,44.00342]]},"properties":{"OBJECTID":63,"fhdFtrID":60,"fhdRefID":53690,"fhdRevDt":"20190312","fhdONm":"Mike Meeuwig","fhdOEnt":"ODFW","fhdSpNm":"Brook trout","fhdRun":"NA","fhdLifeHst":"FluvRes","fhdUseTy":"Unknown","fhdBasis":"DocObsFish","fhdStNm":"Unnamed trib to Myrtle Creek","fhdGenus":"Salvelinus","fhdSp":"fontinalis","fhdSubSp":null,"fhdOrig":"NonNative","fhdProd":"Natural","fhdComment":null,"fhdESH":"NA","fhdBasisD":null,"fhdNMF":"no","fhdBasisDt":null,"fhdBasisNm":null,"fhdBasisEnt":null,"fhdBasisPrj":"Redband Trout Investigations","fhdBasisMethod":"Electrofishing","fhdAccess":null,"fhdBarrierFtrID":null,"fhdEndExtent":null,"Shape__Length":4113.018190809238,"habitatType":"stream"},"id":63},
{"type":"Feature","geometry":{"type":"LineString","coordinates":[[-120.210462,42.038839],[-120.20847,42.039419],[-120.206254,42.040865],[-120.205609,42.04197],[-120.203301,42.043418],[-120.202006,42.043283],[-120.201361,42.043762],[-120.20025,42.043902],[-120.19942,42.045075],[-120.197203,42.045903],[-120.1936,42.047557],[-120.191381,42.047697],[-120.190921,42.048113],[-120.18935,42.048593],[-120.186855,42.049076],[-120.184728,42.049285],[-120.183897,42.049702],[-120.182572,42.049407]]},"properties":{"OBJECTID":64,"fhdFtrID":61,"fhdRefID":53690,"fhdRevDt":"20190312","fhdONm":"Mike Meeuwig","fhdOEnt":"ODFW","fhdSpNm":"Brook trout","fhdRun":"NA","fhdLifeHst":"FluvRes","fhdUseTy":"Unknown","fhdBasis":"DocObsFish","fhdStNm":"Middle Fork Deep Creek","fhdGenus":"Salvelinus","fhdSp":"fontinalis","fhdSubSp":null,"fhdOrig":"NonNative","fhdProd":"Natural","fhdComment":null,"fhdESH":"NA","fhdBasisD":null,"fhdNMF":"no","fhdBasisDt":"20100000","fhdBasisNm":null,"fhdBasisEnt":null,"fhdBasisPrj":"Redband Trout Investigations","fhdBasisMethod":"Electrofishing","fhdAccess":null,"fhdBarrierFtrID":null,"fhdEndExtent":null,"Shape__Length":3797.3938670619136,"habitatType":"stream"},"id":64},
{"type":"Feature","geometry":{"type":"LineString","coordinates":[[-120.204375,42.020124],[-120.202991,42.021162],[-120.202252,42.022401],[-120.201886,42.023711],[-120.200871,42.024884],[-120.199948,42.025159],[-120.198562,42.026057],[-120.19718,42.028054],[-120.195517,42.029296],[-120.195426,42.030055],[-120.196907,42.031361],[-120.197464,42.033428],[-120.198297,42.035083],[-120.198392,42.035909],[-120.200149,42.037357],[-120.200985,42.04039],[-120.201356,42.041007],[-120.20145,42.042387],[-120.20025,42.043902]]},"properties":{"OBJECTID":65,"fhdFtrID":62,"fhdRefID":53690,"fhdRevDt":"20190312","fhdONm":"Mike Meeuwig","fhdOEnt":"ODFW","fhdSpNm":"Brook trout","fhdRun":"NA","fhdLifeHst":"FluvRes","fhdUseTy":"Unknown","fhdBasis":"DocObsFish","fhdStNm":"Mosquito Creek","fhdGenus":"Salvelinus","fhdSp":"fontinalis","fhdSubSp":null,"fhdOrig":"NonNative","fhdProd":"Natural","fhdComment":null,"fhdESH":"NA","fhdBasisD":null,"fhdNMF":"no","fhdBasisDt":"20120000","fhdBasisNm":null,"fhdBasisEnt":null,"fhdBasisPrj":"Redband Trout Investigations","fhdBasisMethod":"Electrofishing","fhdAccess":null,"fhdBarrierFtrID":null,"fhdEndExtent":null,"Shape__Length":4289.806005484992,"habitatType":"stream"},"id":65},
{"type":"Feature","geometry":{"type":"LineString","coordinates":[[-120.202257,42.090756],[-120.202909,42.093514],[-120.202356,42.094753],[-120.202821,42.095926]]},"properties":{"OBJECTID":66,"fhdFtrID":63,"fhdRefID":53690,"fhdRevDt":"20190312","fhdONm":"Mike Meeuwig","fhdOEnt":"ODFW","fhdSpNm":"Brook trout","fhdRun":"NA","fhdLifeHst":"FluvRes","fhdUseTy":"Unknown","fhdBasis":"DocObsFish","fhdStNm":"Willow Creek","fhdGenus":"Salvelinus","fhdSp":"fontinalis","fhdSubSp":null,"fhdOrig":"NonNative","fhdProd":"Natural","fhdComment":null,"fhdESH":"NA","fhdBasisD":null,"fhdNMF":"no","fhdBasisDt":"20100000","fhdBasisNm":null,"fhdBasisEnt":null,"fhdBasisPrj":"Redband Trout Investigations","fhdBasisMethod":"Electrofishing","fhdAccess":null,"fhdBarrierFtrID":null,"fhdEndExtent":null,"Shape__Length":855.5696091882186,"habitatType":"stream"},"id":66},
{"type":"Feature","geometry":{"type":"LineString","coordinates":[[-120.226172,42.098662],[-120.22244,42.09901],[-120.218924,42.099082],[-120.216428,42.100462],[-120.213929,42.100465],[-120.212078,42.099848],[-120.210969,42.099848],[-120.209209,42.098886],[-120.208745,42.098335],[-120.206985,42.097301],[-120.205505,42.097166],[-120.203099,42.096477]]},"properties":{"OBJECTID":67,"fhdFtrID":64,"fhdRefID":53690,"fhdRevDt":"20190312","fhdONm":"Mike Meeuwig","fhdOEnt":"ODFW","fhdSpNm":"Brook trout","fhdRun":"NA","fhdLifeHst":"FluvRes","fhdUseTy":"Unknown","fhdBasis":"DocObsFish","fhdStNm":"Unnamed trib to Willow Creek","fhdGenus":"Salvelinus","fhdSp":"fontinalis","fhdSubSp":null,"fhdOrig":"NonNative","fhdProd":"Natural","fhdComment":null,"fhdESH":"NA","fhdBasisD":null,"fhdNMF":"no","fhdBasisDt":"20110000","fhdBasisNm":null,"fhdBasisEnt":null,"fhdBasisPrj":"Redband Trout Investigations","fhdBasisMethod":"Electrofishing","fhdAccess":null,"fhdBarrierFtrID":null,"fhdEndExtent":null,"Shape__Length":2967.9295398035556,"habitatType":"stream"},"id":67},
{"type":"Feature","geometry":{"type":"LineString","coordinates":[[-120.18488,42.26696],[-120.184231,42.265931],[-120.184967,42.263257],[-120.183579,42.261404],[-120.183579,42.260719],[-120.18293,42.259208],[-120.18145,42.257974],[-120.178401,42.256535],[-120.17757,42.255916],[-120.176645,42.254682],[-120.175444,42.254269],[-120.173225,42.252144],[-120.171484,42.249192],[-120.169627,42.247953],[-120.169719,42.247194],[-120.170462,42.246848],[-120.171853,42.245059],[-120.170645,42.244092],[-120.169995,42.242577],[-120.169347,42.242439],[-120.168695,42.241545],[-120.168047,42.241408],[-120.166098,42.240031],[-120.165633,42.239205],[-120.159976,42.237138],[-120.159231,42.236655],[-120.15835,42.235449]]},"properties":{"OBJECTID":68,"fhdFtrID":65,"fhdRefID":53690,"fhdRevDt":"20190312","fhdONm":"Mike Meeuwig","fhdOEnt":"ODFW","fhdSpNm":"Brook trout","fhdRun":"NA","fhdLifeHst":"FluvRes","fhdUseTy":"Unknown","fhdBasis":"DocObsFish","fhdStNm":"Mud Creek","fhdGenus":"Salvelinus","fhdSp":"fontinalis","fhdSubSp":null,"fhdOrig":"NonNative","fhdProd":"Natural","fhdComment":null,"fhdESH":"NA","fhdBasisD":null,"fhdNMF":"no","fhdBasisDt":"20120000","fhdBasisNm":null,"fhdBasisEnt":null,"fhdBasisPrj":"Redband Trout Investigations","fhdBasisMethod":"Electrofishing","fhdAccess":null,"fhdBarrierFtrID":null,"fhdEndExtent":null,"Shape__Length":6540.206832762047,"habitatType":"stream"},"id":68},
{"type":"Feature","geometry":{"type":"LineString","coordinates":[[-120.251179,42.334298],[-120.254877,42.335467],[-120.256172,42.335399],[-120.258297,42.336022],[-120.260237,42.337397],[-120.263103,42.337605],[-120.264861,42.33685],[-120.266527,42.336714],[-120.270135,42.336994],[-120.270688,42.337403],[-120.272723,42.337406],[-120.276885,42.336929],[-120.278274,42.336521],[-120.278829,42.336039],[-120.280312,42.335493],[-120.283177,42.335287],[-120.284289,42.335016],[-120.285396,42.336523],[-120.285394,42.337761],[-120.285763,42.338585],[-120.286965,42.339685],[-120.28872,42.340713],[-120.288903,42.341402],[-120.290567,42.343255],[-120.291859,42.343804],[-120.292507,42.345039],[-120.293985,42.346209],[-120.294909,42.346415],[-120.296758,42.347378],[-120.297588,42.348613],[-120.297773,42.349986],[-120.297585,42.351152],[-120.297862,42.352046],[-120.297584,42.352867],[-120.297767,42.354169],[-120.2998,42.355752],[-120.300909,42.35685],[-120.301276,42.358772],[-120.302387,42.359528],[-120.302199,42.360901],[-120.302475,42.361587],[-120.303585,42.362203],[-120.304694,42.364057],[-120.30571,42.366116],[-120.305985,42.367212],[-120.306632,42.367971],[-120.306167,42.369],[-120.306631,42.369411],[-120.306351,42.370508],[-120.308201,42.372362],[-120.308385,42.372983],[-120.309302,42.373712]]},"properties":{"OBJECTID":69,"fhdFtrID":66,"fhdRefID":53690,"fhdRevDt":"20190312","fhdONm":"Mike Meeuwig","fhdOEnt":"ODFW","fhdSpNm":"Brook trout","fhdRun":"NA","fhdLifeHst":"FluvRes","fhdUseTy":"Unknown","fhdBasis":"DocObsFish","fhdStNm":"Crooked Creek","fhdGenus":"Salvelinus","fhdSp":"fontinalis","fhdSubSp":null,"fhdOrig":"NonNative","fhdProd":"Natural","fhdComment":null,"fhdESH":"NA","fhdBasisD":null,"fhdNMF":"no","fhdBasisDt":"20120000","fhdBasisNm":null,"fhdBasisEnt":null,"fhdBasisPrj":"Redband Trout Investigations","fhdBasisMethod":"Electrofishing","fhdAccess":null,"fhdBarrierFtrID":null,"fhdEndExtent":null,"Shape__Length":11567.874427386278,"habitatType":"stream"},"id":69},
{"type":"Feature","geometry":{"type":"LineString","coordinates":[[-120.611157,42.602668],[-120.610787,42.603624],[-120.608936,42.606359],[-120.607455,42.607589],[-120.607085,42.608955],[-120.604677,42.611624]]},"properties":{"OBJECTID":70,"fhdFtrID":67,"fhdRefID":53690,"fhdRevDt":"20190312","fhdONm":"Mike Meeuwig","fhdOEnt":"ODFW","fhdSpNm":"Brook trout","fhdRun":"NA","fhdLifeHst":"FluvRes","fhdUseTy":"Unknown","fhdBasis":"DocObsFish","fhdStNm":"Bear Creek","fhdGenus":"Salvelinus","fhdSp":"fontinalis","fhdSubSp":null,"fhdOrig":"NonNative","fhdProd":"Natural","fhdComment":null,"fhdESH":"NA","fhdBasisD":null,"fhdNMF":"no","fhdBasisDt":"20090000","fhdBasisNm":null,"fhdBasisEnt":null,"fhdBasisPrj":"Redband Trout Investigations","fhdBasisMethod":"Electrofishing","fhdAccess":null,"fhdBarrierFtrID":null,"fhdEndExtent":null,"Shape__Length":1597.9279649465655,"habitatType":"stream"},"id":70},
{"type":"Feature","geometry":{"type":"LineString","coordinates":[[-120.655908,42.548058],[-120.65794,42.548127],[-120.658958,42.548467],[-120.660715,42.549769],[-120.662102,42.550517],[-120.663489,42.551613],[-120.663952,42.5525],[-120.66654,42.552566],[-120.66802,42.553799],[-120.668853,42.554207],[-120.670705,42.557077],[-120.672739,42.557213],[-120.672555,42.558718],[-120.67191,42.56029],[-120.671634,42.561927],[-120.673299,42.563636],[-120.674503,42.564458],[-120.67515,42.565479]]},"properties":{"OBJECTID":71,"fhdFtrID":68,"fhdRefID":53690,"fhdRevDt":"20190312","fhdONm":"Mike Meeuwig","fhdOEnt":"ODFW","fhdSpNm":"Brook trout","fhdRun":"NA","fhdLifeHst":"FluvRes","fhdUseTy":"Unknown","fhdBasis":"DocObsFish","fhdStNm":"Coffeepot Creek","fhdGenus":"Salvelinus","fhdSp":"fontinalis","fhdSubSp":null,"fhdOrig":"NonNative","fhdProd":"Natural","fhdComment":null,"fhdESH":"NA","fhdBasisD":null,"fhdNMF":"no","fhdBasisDt":"20100000","fhdBasisNm":null,"fhdBasisEnt":null,"fhdBasisPrj":"Redband Trout Investigations","fhdBasisMethod":"Electrofishing","fhdAccess":null,"fhdBarrierFtrID":null,"fhdEndExtent":null,"Shape__Length":4019.63813003544,"habitatType":"stream"},"id":71},
{"type":"Feature","geometry":{"type":"LineString","coordinates":[[-120.738576,42.608218],[-120.737464,42.607534],[-120.735058,42.606992],[-120.733392,42.606923],[-120.732928,42.606175],[-120.729962,42.603442],[-120.728758,42.603377],[-120.726814,42.602897],[-120.725424,42.601258],[-120.724033,42.6001],[-120.723847,42.599277],[-120.72218,42.597983],[-120.721716,42.596754],[-120.719864,42.595591],[-120.719305,42.59436],[-120.719488,42.593062],[-120.718653,42.591082],[-120.717911,42.590671],[-120.716148,42.587939],[-120.71522,42.584728],[-120.714386,42.583636],[-120.71346,42.583225],[-120.712903,42.582066],[-120.711234,42.580425],[-120.711414,42.577147],[-120.711043,42.576189],[-120.70919,42.573797],[-120.708448,42.572431],[-120.706411,42.570999],[-120.705947,42.56977],[-120.704467,42.568745],[-120.704281,42.567926],[-120.703446,42.566834],[-120.701502,42.565466],[-120.700854,42.56458],[-120.699836,42.563825],[-120.699833,42.561777],[-120.699093,42.560614],[-120.699183,42.560138],[-120.698258,42.558976],[-120.699179,42.557198],[-120.697513,42.554328],[-120.695476,42.553238],[-120.694275,42.552894],[-120.692052,42.549958],[-120.689366,42.545928],[-120.688996,42.544764],[-120.687607,42.543331],[-120.687698,42.542306],[-120.686773,42.540734],[-120.687234,42.539505],[-120.687879,42.539095],[-120.687972,42.538273],[-120.687415,42.537591],[-120.686306,42.537114],[-120.684919,42.536977],[-120.684087,42.536155],[-120.682236,42.535064],[-120.682052,42.534105],[-120.680942,42.533358],[-120.679832,42.532057],[-120.680015,42.530417],[-120.678997,42.52878],[-120.678717,42.52714],[-120.6777,42.526043],[-120.677513,42.524747],[-120.677696,42.522697],[-120.676493,42.521124],[-120.676216,42.519209],[-120.676306,42.518392],[-120.675474,42.517844],[-120.672518,42.516752],[-120.67233,42.515659],[-120.671778,42.514977],[-120.67076,42.514772],[-120.670021,42.514018],[-120.668727,42.513749],[-120.669096,42.512788],[-120.668078,42.511835],[-120.666971,42.511628],[-120.667154,42.510808],[-120.665859,42.508963],[-120.666134,42.507734],[-120.665119,42.507254],[-120.665211,42.506779],[-120.663547,42.505957],[-120.663455,42.505546],[-120.661237,42.504591],[-120.662068,42.503977],[-120.661421,42.502951],[-120.659389,42.50268],[-120.658465,42.501518],[-120.65708,42.501241],[-120.655546,42.499396],[-120.655082,42.498369],[-120.653318,42.497545],[-120.653689,42.49535],[-120.654709,42.494592],[-120.653781,42.493632],[-120.652111,42.492535],[-120.651182,42.490886],[-120.649976,42.490204],[-120.648308,42.490134],[-120.646174,42.489037],[-120.646173,42.488555],[-120.644225,42.487529],[-120.643297,42.487528],[-120.64237,42.48691],[-120.640702,42.486637],[-120.640608,42.486086],[-120.639123,42.485402],[-120.637732,42.483617],[-120.636527,42.483205],[-120.636154,42.483616],[-120.634764,42.482795],[-120.634393,42.481901],[-120.633373,42.481011],[-120.632354,42.480665],[-120.631333,42.479158],[-120.629848,42.47847],[-120.629942,42.478058],[-120.62818,42.476891],[-120.62818,42.476482],[-120.625954,42.476823],[-120.625956,42.476273],[-120.623544,42.474215],[-120.623915,42.473804],[-120.621689,42.472912],[-120.620578,42.471952],[-120.619557,42.471539],[-120.619001,42.470717],[-120.617424,42.470581],[-120.616126,42.470166],[-120.614923,42.469344],[-120.615199,42.46845],[-120.614644,42.46756],[-120.613624,42.467287],[-120.613902,42.466392],[-120.612513,42.46653],[-120.612048,42.465705],[-120.611121,42.465227],[-120.611121,42.46461],[-120.610289,42.463579]]},"properties":{"OBJECTID":72,"fhdFtrID":69,"fhdRefID":53690,"fhdRevDt":"20190312","fhdONm":"Mike Meeuwig","fhdOEnt":"ODFW","fhdSpNm":"Brook trout","fhdRun":"NA","fhdLifeHst":"FluvRes","fhdUseTy":"Unknown","fhdBasis":"DocObsFish","fhdStNm":"Elder Creek","fhdGenus":"Salvelinus","fhdSp":"fontinalis","fhdSubSp":null,"fhdOrig":"NonNative","fhdProd":"Natural","fhdComment":null,"fhdESH":"NA","fhdBasisD":null,"fhdNMF":"no","fhdBasisDt":"20120000","fhdBasisNm":null,"fhdBasisEnt":null,"fhdBasisPrj":"Redband Trout Investigations","fhdBasisMethod":"Electrofishing","fhdAccess":null,"fhdBarrierFtrID":null,"fhdEndExtent":null,"Shape__Length":31556.898604249607,"habitatType":"stream"},"id":72},
{"type":"Feature","geometry":{"type":"LineString","coordinates":[[-120.685787,42.497259],[-120.687177,42.496706],[-120.688567,42.495469],[-120.689586,42.495472],[-120.690145,42.495951],[-120.691165,42.495882],[-120.692651,42.496565],[-120.694414,42.497937],[-120.694879,42.498829],[-120.698367,42.502794],[-120.699939,42.50423],[-120.702435,42.50587],[-120.703266,42.505936],[-120.70456,42.50662],[-120.706592,42.506345],[-120.708995,42.507028],[-120.709087,42.507575],[-120.710752,42.509076],[-120.710661,42.510308],[-120.711587,42.511465],[-120.714178,42.513449],[-120.716122,42.516041],[-120.717047,42.516793],[-120.719913,42.518088],[-120.722592,42.51829],[-120.724998,42.519725],[-120.726662,42.520546],[-120.727865,42.521637]]},"properties":{"OBJECTID":73,"fhdFtrID":70,"fhdRefID":53690,"fhdRevDt":"20190312","fhdONm":"Mike Meeuwig","fhdOEnt":"ODFW","fhdSpNm":"Brook trout","fhdRun":"NA","fhdLifeHst":"FluvRes","fhdUseTy":"Unknown","fhdBasis":"DocObsFish","fhdStNm":"Augur Creek","fhdGenus":"Salvelinus","fhdSp":"fontinalis","fhdSubSp":null,"fhdOrig":"NonNative","fhdProd":"Natural","fhdComment":null,"fhdESH":"NA","fhdBasisD":null,"fhdNMF":"no","fhdBasisDt":"20120000","fhdBasisNm":null,"fhdBasisEnt":null,"fhdBasisPrj":"Redband Trout Investigations","fhdBasisMethod":"Electrofishing","fhdAccess":null,"fhdBarrierFtrID":null,"fhdEndExtent":null,"Shape__Length":7136.822494961329,"habitatType":"stream"},"id":73},
{"type":"Feature","geometry":{"type":"LineString","coordinates":[[-120.797455,42.504566],[-120.795056,42.503678],[-120.793299,42.504225],[-120.790621,42.504223],[-120.789882,42.503331],[-120.787299,42.502579],[-120.78222,42.501481],[-120.780098,42.500589],[-120.779022,42.499838],[-120.777537,42.499769],[-120.776333,42.498805],[-120.7755,42.497775],[-120.774109,42.497982],[-120.772811,42.497363],[-120.771979,42.496469],[-120.770493,42.496192],[-120.769473,42.496397],[-120.768732,42.495645],[-120.767342,42.49523],[-120.762704,42.495432],[-120.761407,42.495155],[-120.760851,42.494261],[-120.758813,42.493573],[-120.758072,42.492613],[-120.756496,42.492407],[-120.755475,42.49254],[-120.754549,42.491788],[-120.753904,42.490343],[-120.753069,42.49007],[-120.752048,42.490343],[-120.751403,42.488624],[-120.750425,42.48842],[-120.750052,42.487458],[-120.749214,42.486501],[-120.74819,42.484787],[-120.745961,42.482866],[-120.744012,42.482184],[-120.742622,42.482323],[-120.740301,42.481638],[-120.738446,42.481502],[-120.736219,42.481026],[-120.735198,42.480132],[-120.731763,42.478421],[-120.731022,42.478352],[-120.730093,42.477528],[-120.728886,42.477324],[-120.727956,42.475541],[-120.726655,42.473966],[-120.726652,42.47225],[-120.725816,42.471428],[-120.72424,42.470946],[-120.723497,42.470333],[-120.721919,42.469783],[-120.720433,42.468754],[-120.718766,42.468617],[-120.716817,42.468826],[-120.715521,42.469237],[-120.71367,42.470889],[-120.712742,42.470956],[-120.710516,42.47192],[-120.709498,42.471783],[-120.706809,42.472472],[-120.705511,42.472405],[-120.705512,42.47295],[-120.704308,42.474119],[-120.702918,42.474393],[-120.699857,42.474741],[-120.69782,42.475839],[-120.696521,42.476048],[-120.695965,42.475703],[-120.694481,42.475772],[-120.694018,42.476114],[-120.692719,42.47598],[-120.691142,42.474953],[-120.690029,42.474886],[-120.689104,42.476051],[-120.687806,42.476462],[-120.6866,42.476397],[-120.68595,42.475709],[-120.684466,42.475643],[-120.683539,42.4753],[-120.682239,42.475435],[-120.6815,42.476123],[-120.68048,42.476125],[-120.679643,42.475712],[-120.678532,42.475784],[-120.675471,42.474754],[-120.674357,42.474137],[-120.673709,42.474277],[-120.671112,42.473179]]},"properties":{"OBJECTID":74,"fhdFtrID":71,"fhdRefID":53690,"fhdRevDt":"20190312","fhdONm":"Mike Meeuwig","fhdOEnt":"ODFW","fhdSpNm":"Brook trout","fhdRun":"NA","fhdLifeHst":"FluvRes","fhdUseTy":"Unknown","fhdBasis":"DocObsFish","fhdStNm":"Dairy Creek","fhdGenus":"Salvelinus","fhdSp":"fontinalis","fhdSubSp":null,"fhdOrig":"NonNative","fhdProd":"Natural","fhdComment":null,"fhdESH":"NA","fhdBasisD":null,"fhdNMF":"no","fhdBasisDt":"20120000","fhdBasisNm":null,"fhdBasisEnt":null,"fhdBasisPrj":"Redband Trout Investigations","fhdBasisMethod":"Electrofishing","fhdAccess":null,"fhdBarrierFtrID":null,"fhdEndExtent":null,"Shape__Length":18787.25303497782,"habitatType":"stream"},"id":74},
{"type":"Feature","geometry":{"type":"LineString","coordinates":[[-120.719143,42.500049],[-120.718072,42.499226],[-120.717512,42.497098],[-120.71677,42.497169],[-120.715006,42.495729],[-120.714261,42.494629],[-120.713424,42.49278],[-120.711752,42.49127],[-120.711935,42.490035],[-120.710913,42.489286],[-120.7098,42.48784],[-120.7085,42.487225],[-120.708497,42.485851],[-120.708032,42.485302],[-120.707937,42.483589],[-120.707009,42.482422],[-120.706542,42.480292],[-120.704499,42.478166],[-120.704218,42.476796],[-120.703383,42.47556],[-120.702918,42.474393]]},"properties":{"OBJECTID":75,"fhdFtrID":72,"fhdRefID":53690,"fhdRevDt":"20190312","fhdONm":"Mike Meeuwig","fhdOEnt":"ODFW","fhdSpNm":"Brook trout","fhdRun":"NA","fhdLifeHst":"FluvRes","fhdUseTy":"Unknown","fhdBasis":"DocObsFish","fhdStNm":"Dead Horse Creek","fhdGenus":"Salvelinus","fhdSp":"fontinalis","fhdSubSp":null,"fhdOrig":"NonNative","fhdProd":"Natural","fhdComment":null,"fhdESH":"NA","fhdBasisD":null,"fhdNMF":"no","fhdBasisDt":"20090000","fhdBasisNm":null,"fhdBasisEnt":null,"fhdBasisPrj":"Redband Trout Investigations","fhdBasisMethod":"Electrofishing","fhdAccess":null,"fhdBarrierFtrID":null,"fhdEndExtent":null,"Shape__Length":4710.568622436096,"habitatType":"stream"},"id":75},
{"type":"Feature","geometry":{"type":"LineString","coordinates":[[-120.748549,42.435585],[-120.750311,42.436403],[-120.752354,42.436543],[-120.753001,42.437298],[-120.754297,42.43785],[-120.754389,42.438397],[-120.755313,42.439289],[-120.756241,42.439361],[-120.757443,42.440596],[-120.759756,42.441834],[-120.761513,42.443485],[-120.76207,42.443347],[-120.763272,42.444172],[-120.76299,42.446229],[-120.763451,42.447602],[-120.763171,42.44856],[-120.761127,42.450619],[-120.761035,42.451441],[-120.760104,42.452472],[-120.759172,42.455286],[-120.759634,42.45611],[-120.757869,42.45789],[-120.756664,42.458163],[-120.755917,42.459468],[-120.754714,42.459669],[-120.75267,42.461313],[-120.751739,42.462826],[-120.750926,42.463031],[-120.749723,42.463853],[-120.748147,42.464201],[-120.746107,42.464201],[-120.744346,42.46441],[-120.743884,42.464752],[-120.741842,42.464068],[-120.740733,42.464892],[-120.739157,42.465239],[-120.737672,42.465034],[-120.736747,42.465791],[-120.736192,42.46668],[-120.733691,42.467919],[-120.733228,42.46854],[-120.732303,42.468675],[-120.730448,42.469705],[-120.729151,42.469706],[-120.728411,42.470326],[-120.725816,42.471428]]},"properties":{"OBJECTID":76,"fhdFtrID":73,"fhdRefID":53690,"fhdRevDt":"20190312","fhdONm":"Mike Meeuwig","fhdOEnt":"ODFW","fhdSpNm":"Brook trout","fhdRun":"NA","fhdLifeHst":"FluvRes","fhdUseTy":"Unknown","fhdBasis":"DocObsFish","fhdStNm":"Deer Creek","fhdGenus":"Salvelinus","fhdSp":"fontinalis","fhdSubSp":null,"fhdOrig":"NonNative","fhdProd":"Natural","fhdComment":null,"fhdESH":"NA","fhdBasisD":null,"fhdNMF":"no","fhdBasisDt":"20100000","fhdBasisNm":null,"fhdBasisEnt":null,"fhdBasisPrj":"Redband Trout Investigations","fhdBasisMethod":"Electrofishing","fhdAccess":null,"fhdBarrierFtrID":null,"fhdEndExtent":null,"Shape__Length":9646.109133126965,"habitatType":"stream"},"id":76},
{"type":"Feature","geometry":{"type":"LineString","coordinates":[[-120.836171,42.494381],[-120.834686,42.494587],[-120.832181,42.494517],[-120.830883,42.495272],[-120.82884,42.495683],[-120.82717,42.496782],[-120.825963,42.496709],[-120.825129,42.497121],[-120.823088,42.4976],[-120.820675,42.497599],[-120.817986,42.498219],[-120.81641,42.497941],[-120.815203,42.497324],[-120.813813,42.497252],[-120.811494,42.496497],[-120.808526,42.496017],[-120.807692,42.495397],[-120.803427,42.493884],[-120.800922,42.494363],[-120.799345,42.493747],[-120.796378,42.493604],[-120.793594,42.494015],[-120.790439,42.495386],[-120.789047,42.495318],[-120.784966,42.495519],[-120.782552,42.496206],[-120.779398,42.496338],[-120.778843,42.495994],[-120.776988,42.495855],[-120.77365,42.494894],[-120.771423,42.495373],[-120.770493,42.496192]]},"properties":{"OBJECTID":77,"fhdFtrID":74,"fhdRefID":53690,"fhdRevDt":"20190312","fhdONm":"Mike Meeuwig","fhdOEnt":"ODFW","fhdSpNm":"Brook trout","fhdRun":"NA","fhdLifeHst":"FluvRes","fhdUseTy":"Unknown","fhdBasis":"DocObsFish","fhdStNm":"Cougar Creek","fhdGenus":"Salvelinus","fhdSp":"fontinalis","fhdSubSp":null,"fhdOrig":"NonNative","fhdProd":"Natural","fhdComment":null,"fhdESH":"NA","fhdBasisD":null,"fhdNMF":"no","fhdBasisDt":"20110000","fhdBasisNm":null,"fhdBasisEnt":null,"fhdBasisPrj":"Redband Trout Investigations","fhdBasisMethod":"Electrofishing","fhdAccess":null,"fhdBarrierFtrID":null,"fhdEndExtent":null,"Shape__Length":8185.184201530966,"habitatType":"stream"},"id":77},
{"type":"Feature","geometry":{"type":"LineString","coordinates":[[-120.797455,42.504566],[-120.798376,42.50662],[-120.79902,42.508807],[-120.800035,42.509763],[-120.800126,42.511268],[-120.801509,42.512907],[-120.802615,42.513455],[-120.803909,42.514484],[-120.806679,42.515712],[-120.810094,42.517768],[-120.811757,42.518313],[-120.813974,42.51804],[-120.81573,42.518591],[-120.818409,42.518728],[-120.822473,42.518116],[-120.824413,42.518185],[-120.827278,42.518595],[-120.828294,42.518529],[-120.832236,42.517445]]},"properties":{"OBJECTID":78,"fhdFtrID":75,"fhdRefID":53690,"fhdRevDt":"20190312","fhdONm":"Mike Meeuwig","fhdOEnt":"ODFW","fhdSpNm":"Brook trout","fhdRun":"NA","fhdLifeHst":"FluvRes","fhdUseTy":"Unknown","fhdBasis":"DocObsFish","fhdStNm":"Wagon Wheel Creek","fhdGenus":"Salvelinus","fhdSp":"fontinalis","fhdSubSp":null,"fhdOrig":"NonNative","fhdProd":"Natural","fhdComment":null,"fhdESH":"NA","fhdBasisD":null,"fhdNMF":"no","fhdBasisDt":"20100000","fhdBasisNm":null,"fhdBasisEnt":null,"fhdBasisPrj":"Redband Trout Investigations","fhdBasisMethod":"Electrofishing","fhdAccess":null,"fhdBarrierFtrID":null,"fhdEndExtent":null,"Shape__Length":5208.652280423783,"habitatType":"stream"},"id":78},
{"type":"Feature","geometry":{"type":"LineString","coordinates":[[-120.693309,42.42568],[-120.691365,42.425267],[-120.689044,42.422523],[-120.687745,42.419367],[-120.686725,42.41896],[-120.683346,42.41862]]},"properties":{"OBJECTID":79,"fhdFtrID":76,"fhdRefID":53690,"fhdRevDt":"20190312","fhdONm":"Mike Meeuwig","fhdOEnt":"ODFW","fhdSpNm":"Brook trout","fhdRun":"NA","fhdLifeHst":"FluvRes","fhdUseTy":"Unknown","fhdBasis":"DocObsFish","fhdStNm":"Unnamed trib to Morgan Creek","fhdGenus":"Salvelinus","fhdSp":"fontinalis","fhdSubSp":null,"fhdOrig":"NonNative","fhdProd":"Natural","fhdComment":null,"fhdESH":"NA","fhdBasisD":null,"fhdNMF":"no","fhdBasisDt":"20100000","fhdBasisNm":null,"fhdBasisEnt":null,"fhdBasisPrj":"Redband Trout Investigations","fhdBasisMethod":"Electrofishing","fhdAccess":null,"fhdBarrierFtrID":null,"fhdEndExtent":null,"Shape__Length":1761.8687384424948,"habitatType":"stream"},"id":79},
{"type":"Feature","geometry":{"type":"LineString","coordinates":[[-120.597593,42.452598],[-120.596017,42.451844],[-120.595554,42.452321],[-120.593887,42.451498],[-120.593053,42.451431],[-120.592032,42.451977],[-120.59092,42.451976],[-120.590179,42.452595],[-120.589066,42.452319],[-120.586563,42.45328],[-120.585357,42.453484],[-120.585265,42.454446],[-120.584152,42.454719],[-120.583966,42.455337],[-120.581927,42.455541],[-120.581417,42.456499]]},"properties":{"OBJECTID":80,"fhdFtrID":77,"fhdRefID":53690,"fhdRevDt":"20190312","fhdONm":"Mike Meeuwig","fhdOEnt":"ODFW","fhdSpNm":"Brook trout","fhdRun":"NA","fhdLifeHst":"FluvRes","fhdUseTy":"Unknown","fhdBasis":"DocObsFish","fhdStNm":"Chewaucan River","fhdGenus":"Salvelinus","fhdSp":"fontinalis","fhdSubSp":null,"fhdOrig":"NonNative","fhdProd":"Natural","fhdComment":null,"fhdESH":"NA","fhdBasisD":null,"fhdNMF":"no","fhdBasisDt":"20120000","fhdBasisNm":null,"fhdBasisEnt":null,"fhdBasisPrj":"Redband Trout Investigations","fhdBasisMethod":"Electrofishing","fhdAccess":null,"fhdBarrierFtrID":null,"fhdEndExtent":null,"Shape__Length":2892.6383958118836,"habitatType":"stream"},"id":80},
{"type":"Feature","geometry":{"type":"LineString","coordinates":[[-120.615349,42.437674],[-120.61465,42.439014],[-120.61326,42.44011],[-120.612427,42.439769],[-120.611963,42.440385],[-120.610109,42.440522],[-120.610202,42.441416],[-120.608441,42.442032],[-120.608627,42.442639],[-120.60705,42.444227],[-120.606586,42.445118],[-120.606771,42.446013],[-120.606493,42.447313],[-120.605381,42.447659],[-120.60501,42.448619],[-120.603341,42.449854],[-120.602229,42.450335],[-120.601766,42.449578],[-120.600931,42.449371],[-120.600467,42.450267],[-120.598707,42.450266],[-120.598151,42.45088],[-120.598706,42.451432],[-120.597501,42.451979],[-120.597593,42.452598]]},"properties":{"OBJECTID":81,"fhdFtrID":78,"fhdRefID":53690,"fhdRevDt":"20190312","fhdONm":"Mike Meeuwig","fhdOEnt":"ODFW","fhdSpNm":"Brook trout","fhdRun":"NA","fhdLifeHst":"FluvRes","fhdUseTy":"Unknown","fhdBasis":"DocObsFish","fhdStNm":"South Creek","fhdGenus":"Salvelinus","fhdSp":"fontinalis","fhdSubSp":null,"fhdOrig":"NonNative","fhdProd":"Natural","fhdComment":null,"fhdESH":"NA","fhdBasisD":null,"fhdNMF":"no","fhdBasisDt":"20100000","fhdBasisNm":null,"fhdBasisEnt":null,"fhdBasisPrj":"Redband Trout Investigations","fhdBasisMethod":"Electrofishing","fhdAccess":null,"fhdBarrierFtrID":null,"fhdEndExtent":null,"Shape__Length":4713.468504564602,"habitatType":"stream"},"id":81},
{"type":"Feature","geometry":{"type":"LineString","coordinates":[[-120.585031,42.394813],[-120.584475,42.394265],[-120.583087,42.393646],[-120.582347,42.392685],[-120.58031,42.391381],[-120.580126,42.390693],[-120.580869,42.390213],[-120.58096,42.389251],[-120.579572,42.388087],[-120.577999,42.388086],[-120.575778,42.387399],[-120.57476,42.386644],[-120.573927,42.386437],[-120.571892,42.384787],[-120.571616,42.383691],[-120.5706,42.38177],[-120.569027,42.380052]]},"properties":{"OBJECTID":82,"fhdFtrID":79,"fhdRefID":53690,"fhdRevDt":"20190312","fhdONm":"Mike Meeuwig","fhdOEnt":"ODFW","fhdSpNm":"Brook trout","fhdRun":"NA","fhdLifeHst":"FluvRes","fhdUseTy":"Unknown","fhdBasis":"DocObsFish","fhdStNm":"Shoestring Creek","fhdGenus":"Salvelinus","fhdSp":"fontinalis","fhdSubSp":null,"fhdOrig":"NonNative","fhdProd":"Natural","fhdComment":null,"fhdESH":"NA","fhdBasisD":null,"fhdNMF":"no","fhdBasisDt":"20120000","fhdBasisNm":null,"fhdBasisEnt":null,"fhdBasisPrj":"Redband Trout Investigations","fhdBasisMethod":"Electrofishing","fhdAccess":null,"fhdBarrierFtrID":null,"fhdEndExtent":null,"Shape__Length":3300.272210763594,"habitatType":"stream"},"id":82},
{"type":"Feature","geometry":{"type":"LineString","coordinates":[[-120.629461,42.27157],[-120.63057,42.272533],[-120.632049,42.272942],[-120.633341,42.274248],[-120.633527,42.275553],[-120.634635,42.276787],[-120.636392,42.278021],[-120.63741,42.279118],[-120.638241,42.278982],[-120.639812,42.27946],[-120.640091,42.280695],[-120.640737,42.282001]]},"properties":{"OBJECTID":83,"fhdFtrID":80,"fhdRefID":53690,"fhdRevDt":"20190312","fhdONm":"Mike Meeuwig","fhdOEnt":"ODFW","fhdSpNm":"Brook trout","fhdRun":"NA","fhdLifeHst":"FluvRes","fhdUseTy":"Unknown","fhdBasis":"DocObsFish","fhdStNm":"Unnamed trib to Cottonwood Creek","fhdGenus":"Salvelinus","fhdSp":"fontinalis","fhdSubSp":null,"fhdOrig":"NonNative","fhdProd":"Natural","fhdComment":null,"fhdESH":"NA","fhdBasisD":null,"fhdNMF":"no","fhdBasisDt":"20100000","fhdBasisNm":null,"fhdBasisEnt":null,"fhdBasisPrj":"Redband Trout Investigations","fhdBasisMethod":"Electrofishing","fhdAccess":null,"fhdBarrierFtrID":null,"fhdEndExtent":null,"Shape__Length":2247.434940125322,"habitatType":"stream"},"id":83},
{"type":"Feature","geometry":{"type":"LineString","coordinates":[[-120.640829,42.282277],[-120.640275,42.283032],[-120.640276,42.283784],[-120.64157,42.285499],[-120.641294,42.287145],[-120.641848,42.28907],[-120.641757,42.28955]]},"properties":{"OBJECTID":84,"fhdFtrID":81,"fhdRefID":53690,"fhdRevDt":"20190312","fhdONm":"Mike Meeuwig","fhdOEnt":"ODFW","fhdSpNm":"Brook trout","fhdRun":"NA","fhdLifeHst":"FluvRes","fhdUseTy":"Unknown","fhdBasis":"DocObsFish","fhdStNm":"Cougar Creek","fhdGenus":"Salvelinus","fhdSp":"fontinalis","fhdSubSp":null,"fhdOrig":"NonNative","fhdProd":"Natural","fhdComment":null,"fhdESH":"NA","fhdBasisD":null,"fhdNMF":"no","fhdBasisDt":"20090000","fhdBasisNm":null,"fhdBasisEnt":null,"fhdBasisPrj":"Redband Trout Investigations","fhdBasisMethod":"Electrofishing","fhdAccess":null,"fhdBarrierFtrID":null,"fhdEndExtent":null,"Shape__Length":1174.6850196693233,"habitatType":"stream"},"id":84},
{"type":"Feature","geometry":{"type":"LineString","coordinates":[[-120.592926,42.246503],[-120.591627,42.246709],[-120.590422,42.245675],[-120.590517,42.242989],[-120.589218,42.241679],[-120.587919,42.240782],[-120.584304,42.239747],[-120.580873,42.239405],[-120.578276,42.239539],[-120.576978,42.238575],[-120.576331,42.236715],[-120.576426,42.234024],[-120.575871,42.232581],[-120.575037,42.231271],[-120.57337,42.229408],[-120.571981,42.226722],[-120.570871,42.225825],[-120.569109,42.225202]]},"properties":{"OBJECTID":85,"fhdFtrID":82,"fhdRefID":53690,"fhdRevDt":"20190312","fhdONm":"Mike Meeuwig","fhdOEnt":"ODFW","fhdSpNm":"Brook trout","fhdRun":"NA","fhdLifeHst":"FluvRes","fhdUseTy":"Unknown","fhdBasis":"DocObsFish","fhdStNm":"Muddy Creek","fhdGenus":"Salvelinus","fhdSp":"fontinalis","fhdSubSp":null,"fhdOrig":"NonNative","fhdProd":"Natural","fhdComment":null,"fhdESH":"NA","fhdBasisD":null,"fhdNMF":"no","fhdBasisDt":"20110000","fhdBasisNm":null,"fhdBasisEnt":null,"fhdBasisPrj":"Redband Trout Investigations","fhdBasisMethod":"Electrofishing","fhdAccess":null,"fhdBarrierFtrID":null,"fhdEndExtent":null,"Shape__Length":4924.528928108692,"habitatType":"stream"},"id":85},
{"type":"Feature","geometry":{"type":"LineString","coordinates":[[-121.065693,43.123366],[-121.067374,43.123113],[-121.067958,43.122729],[-121.068535,43.121626],[-121.068438,43.12027],[-121.067321,43.119079],[-121.067037,43.117955],[-121.066752,43.115079],[-121.067576,43.113669],[-121.069156,43.112977],[-121.069471,43.110897],[-121.07034,43.11003],[-121.070549,43.108751],[-121.07201,43.107555],[-121.071702,43.105124],[-121.072182,43.104795],[-121.071597,43.103686],[-121.070579,43.103944],[-121.069785,43.102468],[-121.069979,43.100964],[-121.068541,43.099038],[-121.068773,43.097666],[-121.069462,43.096618],[-121.071035,43.096152],[-121.072233,43.094703],[-121.07418,43.09377],[-121.075812,43.093232],[-121.076846,43.093533],[-121.078216,43.093517],[-121.079213,43.091769],[-121.080567,43.091333],[-121.081401,43.090181],[-121.081033,43.087874],[-121.080755,43.087329],[-121.080942,43.08618]]},"properties":{"OBJECTID":86,"fhdFtrID":83,"fhdRefID":53690,"fhdRevDt":"20190312","fhdONm":"Mike Meeuwig","fhdOEnt":"ODFW","fhdSpNm":"Brook trout","fhdRun":"NA","fhdLifeHst":"FluvRes","fhdUseTy":"Unknown","fhdBasis":"DocObsFish","fhdStNm":"Silver Creek","fhdGenus":"Salvelinus","fhdSp":"fontinalis","fhdSubSp":null,"fhdOrig":"NonNative","fhdProd":"Natural","fhdComment":null,"fhdESH":"NA","fhdBasisD":null,"fhdNMF":"no","fhdBasisDt":null,"fhdBasisNm":null,"fhdBasisEnt":null,"fhdBasisPrj":"Redband Trout Investigations","fhdBasisMethod":"Electrofishing","fhdAccess":null,"fhdBarrierFtrID":null,"fhdEndExtent":null,"Shape__Length":7590.440768082601,"habitatType":"stream"},"id":86},
{"type":"Feature","geometry":{"type":"LineString","coordinates":[[-119.170013,44.010892],[-119.169012,44.009776],[-119.168024,44.009363],[-119.167246,44.007874],[-119.16444,44.006181],[-119.163734,44.005285],[-119.162515,44.005047],[-119.161143,44.004371],[-119.159963,44.004492],[-119.158274,44.00366],[-119.154118,44.00327],[-119.152814,44.00342],[-119.14998,44.003357],[-119.147628,44.002807],[-119.146053,44.002728],[-119.144749,44.001492],[-119.143482,44.001291],[-119.14248,44.001517],[-119.140397,44.00152],[-119.138537,44.001825],[-119.13785,44.002495],[-119.13628,44.002894],[-119.135072,44.003628],[-119.133798,44.003588],[-119.132678,44.004347],[-119.131731,44.004032],[-119.130704,44.004258],[-119.124372,44.003485],[-119.122806,44.002992],[-119.121446,44.002846],[-119.121019,44.002152],[-119.120122,44.002069],[-119.119566,44.000968],[-119.119311,43.999716],[-119.118246,43.998921],[-119.116763,43.998256],[-119.116566,43.997836],[-119.114931,43.997475],[-119.113197,43.996291]]},"properties":{"OBJECTID":87,"fhdFtrID":84,"fhdRefID":53684,"fhdRevDt":"20190313","fhdONm":"Peter Robinson","fhdOEnt":"ODFW","fhdSpNm":"Brook trout","fhdRun":"NA","fhdLifeHst":"FluvRes","fhdUseTy":"Unknown","fhdBasis":"UndocObsFish","fhdStNm":"Myrtle Creek","fhdGenus":"Salvelinus","fhdSp":"fontinalis","fhdSubSp":null,"fhdOrig":"NonNative","fhdProd":"Natural","fhdComment":null,"fhdESH":"NA","fhdBasisD":null,"fhdNMF":"no","fhdBasisDt":null,"fhdBasisNm":null,"fhdBasisEnt":null,"fhdBasisPrj":null,"fhdBasisMethod":null,"fhdAccess":null,"fhdBarrierFtrID":null,"fhdEndExtent":null,"Shape__Length":8205.67795699991,"habitatType":"stream"},"id":87},
{"type":"Feature","geometry":{"type":"LineString","coordinates":[[-120.802156,42.474467],[-120.799468,42.473433],[-120.798634,42.472747],[-120.797802,42.470961],[-120.797896,42.470207],[-120.796971,42.46904],[-120.795024,42.468764],[-120.792707,42.467869],[-120.792338,42.467389],[-120.791132,42.467113],[-120.79104,42.466567],[-120.788817,42.465331],[-120.788076,42.46533],[-120.787336,42.463816],[-120.786596,42.463266],[-120.78567,42.46169],[-120.785489,42.460179],[-120.784748,42.459219],[-120.785121,42.458393],[-120.783731,42.457366],[-120.782529,42.455718],[-120.782344,42.454755]]},"properties":{"OBJECTID":88,"fhdFtrID":85,"fhdRefID":53684,"fhdRevDt":"20190313","fhdONm":"Peter Robinson","fhdOEnt":"ODFW","fhdSpNm":"Brook trout","fhdRun":"NA","fhdLifeHst":"FluvRes","fhdUseTy":"Unknown","fhdBasis":"UndocObsFish","fhdStNm":"Corral Creek","fhdGenus":"Salvelinus","fhdSp":"fontinalis","fhdSubSp":null,"fhdOrig":"NonNative","fhdProd":"Natural","fhdComment":null,"fhdESH":"NA","fhdBasisD":null,"fhdNMF":"no","fhdBasisDt":null,"fhdBasisNm":null,"fhdBasisEnt":null,"fhdBasisPrj":null,"fhdBasisMethod":null,"fhdAccess":null,"fhdBarrierFtrID":null,"fhdEndExtent":null,"Shape__Length":4404.85337589062,"habitatType":"stream"},"id":88},
{"type":"Feature","geometry":{"type":"LineString","coordinates":[[-120.732817,42.644922],[-120.738843,42.649157],[-120.740791,42.649699],[-120.742273,42.649697],[-120.748293,42.650307],[-120.7507,42.650782],[-120.751418,42.651124],[-120.751786,42.652217],[-120.753452,42.653587],[-120.75447,42.653589],[-120.755855,42.655093],[-120.757244,42.6553],[-120.758912,42.655234],[-120.759468,42.654826],[-120.761876,42.654621],[-120.763914,42.654827],[-120.765116,42.654418],[-120.766879,42.653395],[-120.768268,42.65285],[-120.770862,42.652716],[-120.772437,42.652103],[-120.775679,42.652107],[-120.776695,42.653199],[-120.777621,42.653541],[-120.77836,42.654775],[-120.77947,42.655526],[-120.780394,42.656962],[-120.78113,42.659287],[-120.781592,42.659561],[-120.78474,42.659973],[-120.785482,42.660109],[-120.786313,42.661544],[-120.788442,42.662841],[-120.790202,42.662231],[-120.79196,42.662576],[-120.794367,42.663464],[-120.794643,42.665176],[-120.795105,42.666198],[-120.795011,42.666885],[-120.797139,42.668182],[-120.798159,42.668526],[-120.797603,42.669209],[-120.798805,42.670096],[-120.800472,42.670849],[-120.801213,42.670647],[-120.802787,42.671055],[-120.805009,42.671057],[-120.805752,42.670374],[-120.808067,42.670171],[-120.80955,42.670239],[-120.810754,42.670789],[-120.811587,42.671949],[-120.813253,42.672634],[-120.815106,42.67257],[-120.815938,42.672914],[-120.817792,42.673184],[-120.818162,42.673799],[-120.820014,42.67428],[-120.820754,42.675032],[-120.821773,42.675511],[-120.821772,42.676263],[-120.823254,42.676944],[-120.823438,42.677835],[-120.824364,42.677969],[-120.828624,42.681526],[-120.829735,42.681939],[-120.830382,42.683099],[-120.831678,42.683988],[-120.83214,42.685217],[-120.831213,42.687199],[-120.831398,42.68768],[-120.83288,42.688226],[-120.833435,42.690005],[-120.83297,42.691645],[-120.833619,42.692053],[-120.835378,42.692258],[-120.83649,42.692738],[-120.837601,42.69397],[-120.838621,42.694106],[-120.839362,42.694994],[-120.839454,42.695815],[-120.838712,42.696157],[-120.838988,42.698274],[-120.839452,42.6993],[-120.841211,42.700666],[-120.84288,42.700666],[-120.844918,42.701146],[-120.848533,42.701421],[-120.849552,42.700535],[-120.849554,42.699918],[-120.850389,42.699578],[-120.851315,42.698618],[-120.852241,42.699442],[-120.854095,42.700395],[-120.854929,42.701356],[-120.856875,42.700875],[-120.858172,42.699989],[-120.859285,42.700055],[-120.86086,42.699441],[-120.863458,42.69985],[-120.865032,42.699033],[-120.867258,42.698484],[-120.867905,42.697461],[-120.868554,42.697117],[-120.871056,42.694728],[-120.872263,42.694385],[-120.873466,42.694728],[-120.875229,42.694044],[-120.878287,42.694727],[-120.879213,42.694659],[-120.88051,42.694043],[-120.881345,42.693563],[-120.882363,42.693632],[-120.883104,42.694249],[-120.884495,42.69418],[-120.885052,42.693839],[-120.886348,42.693908],[-120.886997,42.695001],[-120.887647,42.6978],[-120.891449,42.700328],[-120.894414,42.700194],[-120.895897,42.699712],[-120.898398,42.700465],[-120.900439,42.701831],[-120.901459,42.701831],[-120.903034,42.702446],[-120.90424,42.703197],[-120.905259,42.702991],[-120.907947,42.703333],[-120.909801,42.703128],[-120.912583,42.703539],[-120.914065,42.702989],[-120.91499,42.701349],[-120.914712,42.700119],[-120.91499,42.699571],[-120.91675,42.698684],[-120.916563,42.697249],[-120.917768,42.696974],[-120.919159,42.697314],[-120.920642,42.696904],[-120.920827,42.696084],[-120.923143,42.694032],[-120.92416,42.692803],[-120.92583,42.693419],[-120.927034,42.693211],[-120.927312,42.694373],[-120.928982,42.695466],[-120.930836,42.696148],[-120.930928,42.696902],[-120.93232,42.697926],[-120.933247,42.6982],[-120.934547,42.699425]]},"properties":{"OBJECTID":89,"fhdFtrID":86,"fhdRefID":53706,"fhdRevDt":"20190313","fhdONm":"Phillip Gaines","fhdOEnt":"USFS","fhdSpNm":"Brook trout","fhdRun":"NA","fhdLifeHst":"FluvRes","fhdUseTy":"Unknown","fhdBasis":"UndocObsFish","fhdStNm":"Sycan River","fhdGenus":"Salvelinus","fhdSp":"fontinalis","fhdSubSp":null,"fhdOrig":"NonNative","fhdProd":"Natural","fhdComment":null,"fhdESH":"NA","fhdBasisD":null,"fhdNMF":"no","fhdBasisDt":null,"fhdBasisNm":null,"fhdBasisEnt":null,"fhdBasisPrj":null,"fhdBasisMethod":null,"fhdAccess":null,"fhdBarrierFtrID":null,"fhdEndExtent":null,"Shape__Length":34383.30316657474,"habitatType":"stream"},"id":89},
{"type":"Feature","geometry":{"type":"LineString","coordinates":[[-120.819508,42.528569],[-120.818306,42.529938],[-120.819597,42.532668],[-120.819965,42.534377],[-120.820425,42.534926],[-120.822086,42.538754],[-120.82227,42.540189],[-120.822731,42.540941],[-120.823191,42.542787],[-120.823745,42.543815],[-120.824761,42.544703],[-120.827624,42.546752],[-120.828455,42.549078],[-120.830488,42.551332],[-120.830856,42.552361],[-120.832057,42.553658],[-120.832796,42.554001],[-120.832888,42.554957],[-120.833628,42.5553],[-120.83529,42.555435],[-120.840189,42.557625],[-120.840281,42.558037],[-120.838894,42.560086],[-120.837783,42.560768],[-120.837598,42.561381],[-120.838061,42.562543],[-120.837967,42.563842],[-120.838429,42.564594],[-120.839723,42.565757],[-120.841387,42.566099],[-120.843236,42.566098],[-120.843976,42.566716],[-120.84379,42.567878],[-120.842679,42.569447],[-120.842863,42.570405],[-120.843603,42.571225],[-120.844896,42.575463],[-120.84397,42.576968],[-120.843969,42.577855],[-120.841193,42.580657],[-120.84147,42.581955],[-120.839804,42.582572],[-120.839249,42.582435],[-120.837861,42.583049],[-120.836104,42.584618],[-120.835548,42.58653],[-120.836009,42.587354],[-120.836843,42.587762],[-120.837026,42.588927],[-120.836564,42.589881],[-120.838135,42.591383],[-120.837764,42.592957],[-120.838687,42.593299],[-120.838503,42.594326],[-120.839518,42.596786],[-120.842662,42.599245],[-120.842384,42.599793],[-120.842754,42.601435],[-120.843771,42.602391],[-120.846546,42.60369],[-120.8471,42.604236],[-120.847933,42.604851],[-120.849969,42.604578],[-120.852282,42.605676],[-120.854133,42.605467],[-120.855612,42.606972],[-120.857649,42.607109],[-120.859499,42.60745],[-120.859962,42.607112],[-120.862183,42.607657],[-120.863108,42.607657],[-120.864033,42.606904],[-120.864959,42.606836],[-120.865514,42.607314],[-120.867734,42.607725],[-120.869123,42.606292],[-120.870695,42.606019],[-120.871713,42.605336],[-120.872639,42.605677],[-120.874583,42.604718],[-120.876617,42.603968],[-120.877912,42.602394],[-120.878098,42.601438],[-120.881243,42.603284],[-120.883188,42.604103],[-120.883927,42.604855],[-120.885037,42.603557],[-120.885316,42.602256],[-120.88587,42.601915],[-120.886055,42.600415],[-120.885036,42.599185],[-120.885499,42.598158],[-120.885314,42.596997],[-120.885962,42.595766],[-120.888736,42.594534],[-120.889014,42.593918],[-120.888367,42.593303],[-120.887441,42.593713],[-120.885682,42.592825],[-120.883834,42.59303],[-120.881891,42.593854],[-120.881244,42.594468],[-120.879208,42.594466],[-120.877819,42.593441],[-120.878005,42.591868],[-120.876711,42.589615],[-120.877449,42.588729],[-120.87745,42.58695],[-120.87782,42.586678],[-120.87967,42.586951],[-120.880872,42.585991]]},"properties":{"OBJECTID":90,"fhdFtrID":87,"fhdRefID":53706,"fhdRevDt":"20190313","fhdONm":"Phillip Gaines","fhdOEnt":"USFS","fhdSpNm":"Brook trout","fhdRun":"NA","fhdLifeHst":"FluvRes","fhdUseTy":"Unknown","fhdBasis":"UndocObsFish","fhdStNm":"North Fork Sprague River","fhdGenus":"Salvelinus","fhdSp":"fontinalis","fhdSubSp":null,"fhdOrig":"NonNative","fhdProd":"Natural","fhdComment":null,"fhdESH":"NA","fhdBasisD":null,"fhdNMF":"no","fhdBasisDt":null,"fhdBasisNm":null,"fhdBasisEnt":null,"fhdBasisPrj":null,"fhdBasisMethod":null,"fhdAccess":null,"fhdBarrierFtrID":null,"fhdEndExtent":null,"Shape__Length":26862.88922815363,"habitatType":"stream"},"id":90},
{"type":"Feature","geometry":{"type":"LineString","coordinates":[[-120.920275,42.584138],[-120.91787,42.584005],[-120.917038,42.583728],[-120.915558,42.5838],[-120.91343,42.58455],[-120.911395,42.584895],[-120.909176,42.584756],[-120.906215,42.585102],[-120.9052,42.586534],[-120.903997,42.587358],[-120.902886,42.587491],[-120.900206,42.588793],[-120.898354,42.588655],[-120.897246,42.588927],[-120.893638,42.588591],[-120.890769,42.587768],[-120.885867,42.587498],[-120.883738,42.587157],[-120.881519,42.586539],[-120.880872,42.585991]]},"properties":{"OBJECTID":91,"fhdFtrID":88,"fhdRefID":53706,"fhdRevDt":"20190313","fhdONm":"Phillip Gaines","fhdOEnt":"USFS","fhdSpNm":"Brook trout","fhdRun":"NA","fhdLifeHst":"FluvRes","fhdUseTy":"Unknown","fhdBasis":"UndocObsFish","fhdStNm":"Cold Creek","fhdGenus":"Salvelinus","fhdSp":"fontinalis","fhdSubSp":null,"fhdOrig":"NonNative","fhdProd":"Natural","fhdComment":null,"fhdESH":"NA","fhdBasisD":null,"fhdNMF":"no","fhdBasisDt":null,"fhdBasisNm":null,"fhdBasisEnt":null,"fhdBasisPrj":null,"fhdBasisMethod":null,"fhdAccess":null,"fhdBarrierFtrID":null,"fhdEndExtent":null,"Shape__Length":4894.608603690563,"habitatType":"stream"},"id":91},
{"type":"Feature","geometry":{"type":"LineString","coordinates":[[-121.280153,42.915294],[-121.277605,42.914599],[-121.276381,42.913702],[-121.273964,42.912464],[-121.273631,42.911747],[-121.272301,42.910791],[-121.272117,42.908645],[-121.27149,42.90597],[-121.27062,42.904543],[-121.27157,42.902194],[-121.272332,42.901377],[-121.272801,42.900119],[-121.272633,42.897964],[-121.271477,42.895965],[-121.270632,42.895903],[-121.269691,42.894957],[-121.269664,42.893363],[-121.269346,42.891494],[-121.268911,42.890461],[-121.267903,42.889234],[-121.267784,42.888386],[-121.268144,42.887333],[-121.27002,42.886659],[-121.270574,42.886141],[-121.270047,42.883756],[-121.270245,42.883138],[-121.271354,42.88229],[-121.271106,42.881885],[-121.271233,42.880109],[-121.272186,42.879065],[-121.273121,42.876297],[-121.273245,42.874372],[-121.272485,42.873505],[-121.27083,42.873147],[-121.270258,42.871733],[-121.268592,42.87042],[-121.266552,42.868066],[-121.266327,42.867378],[-121.264737,42.864689],[-121.264604,42.86375],[-121.264864,42.86235],[-121.265427,42.861034],[-121.265009,42.858912],[-121.264615,42.858114],[-121.26354,42.857179],[-121.263879,42.855986],[-121.263577,42.854532],[-121.262259,42.853548],[-121.261783,42.851731],[-121.262168,42.851098],[-121.262099,42.850088],[-121.261075,42.849505],[-121.260528,42.848038],[-121.260831,42.846854],[-121.259852,42.845975],[-121.259705,42.845099],[-121.260317,42.844235],[-121.261321,42.843764],[-121.261849,42.842844],[-121.265951,42.840989],[-121.266829,42.840245],[-121.267665,42.840105],[-121.267421,42.838318],[-121.266396,42.837781]]},"properties":{"OBJECTID":92,"fhdFtrID":89,"fhdRefID":53706,"fhdRevDt":"20190313","fhdONm":"Phillip Gaines","fhdOEnt":"USFS","fhdSpNm":"Brook trout","fhdRun":"NA","fhdLifeHst":"FluvRes","fhdUseTy":"Unknown","fhdBasis":"UndocObsFish","fhdStNm":"Calahan Creek","fhdGenus":"Salvelinus","fhdSp":"fontinalis","fhdSubSp":null,"fhdOrig":"NonNative","fhdProd":"Natural","fhdComment":null,"fhdESH":"NA","fhdBasisD":null,"fhdNMF":"no","fhdBasisDt":null,"fhdBasisNm":null,"fhdBasisEnt":null,"fhdBasisPrj":null,"fhdBasisMethod":null,"fhdAccess":null,"fhdBarrierFtrID":null,"fhdEndExtent":null,"Shape__Length":14269.659141698554,"habitatType":"stream"},"id":92},
{"type":"Feature","geometry":{"type":"LineString","coordinates":[[-121.311524,42.927864],[-121.311384,42.926628],[-121.312425,42.924879],[-121.312794,42.923358],[-121.313784,42.92204],[-121.314677,42.921485],[-121.315899,42.919369],[-121.317562,42.919479],[-121.318809,42.918651],[-121.319313,42.917745],[-121.319811,42.91592],[-121.318726,42.914103],[-121.316557,42.912693],[-121.31589,42.911342],[-121.316589,42.91028],[-121.31703,42.908369],[-121.31598,42.907692],[-121.316169,42.906798],[-121.31563,42.906322],[-121.315336,42.90426],[-121.314612,42.903358],[-121.314026,42.901395],[-121.312266,42.900658],[-121.312032,42.899898],[-121.310051,42.899689],[-121.308101,42.899039],[-121.307022,42.898131],[-121.305556,42.897367],[-121.305578,42.897038],[-121.300648,42.894822],[-121.300416,42.894436],[-121.297653,42.893765],[-121.296001,42.893056],[-121.295454,42.892318],[-121.294117,42.891636],[-121.292994,42.890003],[-121.293453,42.889339],[-121.293622,42.887379],[-121.294123,42.886864],[-121.293816,42.885396],[-121.293181,42.883941],[-121.293617,42.882403],[-121.294879,42.882157],[-121.295324,42.881132],[-121.296516,42.880317],[-121.296179,42.87974],[-121.296564,42.878327],[-121.296591,42.87718],[-121.295845,42.876363],[-121.296055,42.875583],[-121.29557,42.875008],[-121.295263,42.873315],[-121.295937,42.871092],[-121.295555,42.870294],[-121.298631,42.867053],[-121.29944,42.867002],[-121.300499,42.866333],[-121.3008,42.865167],[-121.300679,42.864228],[-121.29996,42.863677],[-121.298535,42.861189],[-121.298409,42.859071],[-121.29766,42.858277],[-121.296974,42.858293],[-121.295209,42.857484],[-121.295315,42.855873],[-121.294115,42.854982],[-121.293889,42.853412],[-121.293,42.852813],[-121.291051,42.852469],[-121.290985,42.850874],[-121.290047,42.850275],[-121.287652,42.849681],[-121.287228,42.849098],[-121.286954,42.847482],[-121.286276,42.846319],[-121.287347,42.84521],[-121.286114,42.844678],[-121.283803,42.844139],[-121.283284,42.843465],[-121.284086,42.842342],[-121.283384,42.840297],[-121.283425,42.839235],[-121.282943,42.838534],[-121.280502,42.836543],[-121.278452,42.836324],[-121.2759,42.836591],[-121.275218,42.836473],[-121.273043,42.83681],[-121.270107,42.836765],[-121.26766,42.837206],[-121.266396,42.837781],[-121.265685,42.837815],[-121.264323,42.837083],[-121.261613,42.837285],[-121.260889,42.836932],[-121.257585,42.83608],[-121.257179,42.836587],[-121.254805,42.836155],[-121.254092,42.834964],[-121.252541,42.833122],[-121.250755,42.832986],[-121.249993,42.832529],[-121.248338,42.832612],[-121.246969,42.831711]]},"properties":{"OBJECTID":93,"fhdFtrID":90,"fhdRefID":53706,"fhdRevDt":"20190313","fhdONm":"Phillip Gaines","fhdOEnt":"USFS","fhdSpNm":"Brook trout","fhdRun":"NA","fhdLifeHst":"FluvRes","fhdUseTy":"Unknown","fhdBasis":"UndocObsFish","fhdStNm":"Long Creek","fhdGenus":"Salvelinus","fhdSp":"fontinalis","fhdSubSp":null,"fhdOrig":"NonNative","fhdProd":"Natural","fhdComment":null,"fhdESH":"NA","fhdBasisD":null,"fhdNMF":"no","fhdBasisDt":null,"fhdBasisNm":null,"fhdBasisEnt":null,"fhdBasisPrj":null,"fhdBasisMethod":null,"fhdAccess":null,"fhdBarrierFtrID":null,"fhdEndExtent":null,"Shape__Length":23580.87677150815,"habitatType":"stream"},"id":93},
{"type":"Feature","geometry":{"type":"LineString","coordinates":[[-120.775356,42.475336],[-120.773782,42.474648],[-120.772671,42.473208],[-120.772395,42.471559],[-120.771469,42.470942],[-120.770176,42.468743],[-120.770644,42.467027],[-120.771294,42.466207],[-120.773428,42.465177],[-120.775006,42.463672],[-120.77677,42.463193]]},"properties":{"OBJECTID":94,"fhdFtrID":91,"fhdRefID":53684,"fhdRevDt":"20190313","fhdONm":"Peter Robinson","fhdOEnt":"ODFW","fhdSpNm":"Brook trout","fhdRun":"NA","fhdLifeHst":"FluvRes","fhdUseTy":"Unknown","fhdBasis":"UndocObsFish","fhdStNm":"South Fork Sprague River","fhdGenus":"Salvelinus","fhdSp":"fontinalis","fhdSubSp":null,"fhdOrig":"NonNative","fhdProd":"Natural","fhdComment":null,"fhdESH":"NA","fhdBasisD":null,"fhdNMF":"no","fhdBasisDt":null,"fhdBasisNm":null,"fhdBasisEnt":null,"fhdBasisPrj":null,"fhdBasisMethod":null,"fhdAccess":null,"fhdBarrierFtrID":null,"fhdEndExtent":null,"Shape__Length":2595.823188207474,"habitatType":"stream"},"id":94},
{"type":"Feature","geometry":{"type":"LineString","coordinates":[[-121.773145,42.966632],[-121.772129,42.965512],[-121.769999,42.96483],[-121.768714,42.963781],[-121.766391,42.962782],[-121.765412,42.962957],[-121.765121,42.961727],[-121.763889,42.960541],[-121.76167,42.960496],[-121.759765,42.959524],[-121.759079,42.957937],[-121.758257,42.958019],[-121.755919,42.956607],[-121.755224,42.956986],[-121.754956,42.955218],[-121.75406,42.954224],[-121.755048,42.953006],[-121.754996,42.952347],[-121.754078,42.951776],[-121.753623,42.951018],[-121.752711,42.951413],[-121.751747,42.951078],[-121.751868,42.950353],[-121.751375,42.949244],[-121.750369,42.949449],[-121.749889,42.948472],[-121.747909,42.947699],[-121.748618,42.947161],[-121.7484,42.945646],[-121.747906,42.945328],[-121.749176,42.944592],[-121.749309,42.943439],[-121.749995,42.942089],[-121.748927,42.941683],[-121.74767,42.940213],[-121.745936,42.939506],[-121.746599,42.937754],[-121.745164,42.936476],[-121.743379,42.936526],[-121.742989,42.935742],[-121.74086,42.93571],[-121.74077,42.93442],[-121.740217,42.934003],[-121.740178,42.93268],[-121.741126,42.932115]]},"properties":{"OBJECTID":95,"fhdFtrID":92,"fhdRefID":53684,"fhdRevDt":"20190313","fhdONm":"Peter Robinson","fhdOEnt":"ODFW","fhdSpNm":"Brook trout","fhdRun":"NA","fhdLifeHst":"FluvRes","fhdUseTy":"Unknown","fhdBasis":"UndocObsFish","fhdStNm":"Big Springs Creek","fhdGenus":"Salvelinus","fhdSp":"fontinalis","fhdSubSp":null,"fhdOrig":"NonNative","fhdProd":"Natural","fhdComment":null,"fhdESH":"NA","fhdBasisD":null,"fhdNMF":"no","fhdBasisDt":null,"fhdBasisNm":null,"fhdBasisEnt":null,"fhdBasisPrj":null,"fhdBasisMethod":null,"fhdAccess":null,"fhdBarrierFtrID":null,"fhdEndExtent":null,"Shape__Length":12292.465137025487,"habitatType":"stream"},"id":95},
{"type":"Feature","geometry":{"type":"LineString","coordinates":[[-121.898352,42.68831],[-121.897639,42.686841],[-121.895791,42.685743],[-121.896186,42.68481],[-121.896205,42.683703],[-121.895442,42.682696],[-121.893414,42.682127],[-121.89165,42.681128],[-121.890187,42.681006],[-121.890659,42.679164],[-121.891954,42.6777],[-121.892082,42.676684],[-121.891652,42.675482],[-121.890477,42.674336],[-121.888088,42.672763],[-121.885556,42.669659],[-121.88559,42.669128],[-121.882993,42.666986],[-121.882459,42.665689],[-121.881619,42.664843],[-121.881391,42.663035],[-121.882385,42.661739],[-121.883684,42.660897],[-121.884296,42.65898],[-121.884754,42.658417],[-121.884526,42.657401],[-121.884603,42.655934],[-121.883228,42.655538],[-121.881548,42.654581],[-121.880861,42.653791],[-121.881472,42.653225],[-121.880632,42.651929],[-121.881474,42.649956],[-121.882544,42.649282],[-121.882697,42.648491],[-121.881857,42.647812],[-121.882622,42.646122],[-121.882317,42.645277],[-121.881396,42.644434]]},"properties":{"OBJECTID":96,"fhdFtrID":93,"fhdRefID":53684,"fhdRevDt":"20190313","fhdONm":"Peter Robinson","fhdOEnt":"ODFW","fhdSpNm":"Brook trout","fhdRun":"NA","fhdLifeHst":"FluvRes","fhdUseTy":"Unknown","fhdBasis":"UndocObsFish","fhdStNm":"Spring Creek","fhdGenus":"Salvelinus","fhdSp":"fontinalis","fhdSubSp":null,"fhdOrig":"NonNative","fhdProd":"Natural","fhdComment":null,"fhdESH":"NA","fhdBasisD":null,"fhdNMF":"no","fhdBasisDt":null,"fhdBasisNm":null,"fhdBasisEnt":null,"fhdBasisPrj":null,"fhdBasisMethod":null,"fhdAccess":null,"fhdBarrierFtrID":null,"fhdEndExtent":null,"Shape__Length":8350.650683620213,"habitatType":"stream"},"id":96},
{"type":"Feature","geometry":{"type":"LineString","coordinates":[[-122.09433,42.873457],[-122.092471,42.872047],[-122.092217,42.871503],[-122.089687,42.869467],[-122.08944,42.868529],[-122.08844,42.867832],[-122.087603,42.866613],[-122.087827,42.865922],[-122.087282,42.865038],[-122.084908,42.863545],[-122.084528,42.863051],[-122.083274,42.862645],[-122.080878,42.861092],[-122.078364,42.860527],[-122.075841,42.858974],[-122.074849,42.859057],[-122.07417,42.858502],[-122.072409,42.857959],[-122.070394,42.857728],[-122.069827,42.857213],[-122.06888,42.857372],[-122.06788,42.856839],[-122.065529,42.854314],[-122.06541,42.853249],[-122.064672,42.852788],[-122.063866,42.851169],[-122.063321,42.849215],[-122.063545,42.848254],[-122.062926,42.847277],[-122.062971,42.846608],[-122.062262,42.845378],[-122.063127,42.844033],[-122.062866,42.841815],[-122.061561,42.840405],[-122.061337,42.839197],[-122.060181,42.838829],[-122.057548,42.836375],[-122.057124,42.834493],[-122.055147,42.834031],[-122.054096,42.832944],[-122.053231,42.832582],[-122.052358,42.831243],[-122.051038,42.830809],[-122.049681,42.829788],[-122.047623,42.829238],[-122.045946,42.825912],[-122.0452,42.825505],[-122.044298,42.824418],[-122.04227,42.823441],[-122.042151,42.82253],[-122.039408,42.820471],[-122.038297,42.818944],[-122.036196,42.81553],[-122.036055,42.813784],[-122.035265,42.81312],[-122.035132,42.811824],[-122.034312,42.810764],[-122.034528,42.810161],[-122.033814,42.807899],[-122.033158,42.806559],[-122.031653,42.805642],[-122.031579,42.804396],[-122.030566,42.803287],[-122.030648,42.80197],[-122.029681,42.799477],[-122.029927,42.798319],[-122.029533,42.797819],[-122.030003,42.796096],[-122.029654,42.794872],[-122.02835,42.793559],[-122.028306,42.792577],[-122.026451,42.790238],[-122.02581,42.789787],[-122.024411,42.78741],[-122.025089,42.786883],[-122.024606,42.785363],[-122.025098,42.784238],[-122.025278,42.782827],[-122.026583,42.78157],[-122.02753,42.780237],[-122.027285,42.779803],[-122.02736,42.777607],[-122.02675,42.777091],[-122.025149,42.774351],[-122.022915,42.772067],[-122.02112,42.770815],[-122.020712,42.769404],[-122.019974,42.76891],[-122.020124,42.767625],[-122.019782,42.767142],[-122.018785,42.764512],[-122.016748,42.762195],[-122.0153,42.761512],[-122.013879,42.761431],[-122.012021,42.760292],[-122.011342,42.760329],[-122.01002,42.759336],[-122.009753,42.758322],[-122.008844,42.756458],[-122.007406,42.755443],[-122.007274,42.754282],[-122.006339,42.753688],[-122.005887,42.752312],[-122.004593,42.751364],[-122.002999,42.751286],[-122.000127,42.749773],[-121.999352,42.748622],[-121.998641,42.748242],[-121.996121,42.74812],[-121.995281,42.747872],[-121.994028,42.746996],[-121.994236,42.745667],[-121.99293,42.745065],[-121.991197,42.745177],[-121.988136,42.744209],[-121.987404,42.743585],[-121.985998,42.743332],[-121.985054,42.742731],[-121.98441,42.742953],[-121.983076,42.742318],[-121.982698,42.741639]]},"properties":{"OBJECTID":97,"fhdFtrID":94,"fhdRefID":53684,"fhdRevDt":"20190313","fhdONm":"Peter Robinson","fhdOEnt":"ODFW","fhdSpNm":"Brook trout","fhdRun":"NA","fhdLifeHst":"FluvRes","fhdUseTy":"Unknown","fhdBasis":"UndocObsFish","fhdStNm":"Sun Creek","fhdGenus":"Salvelinus","fhdSp":"fontinalis","fhdSubSp":null,"fhdOrig":"NonNative","fhdProd":"Natural","fhdComment":null,"fhdESH":"NA","fhdBasisD":null,"fhdNMF":"no","fhdBasisDt":null,"fhdBasisNm":null,"fhdBasisEnt":null,"fhdBasisPrj":null,"fhdBasisMethod":null,"fhdAccess":null,"fhdBarrierFtrID":null,"fhdEndExtent":null,"Shape__Length":28558.938711630184,"habitatType":"stream"},"id":97},
{"type":"Feature","geometry":{"type":"LineString","coordinates":[[-122.113844,42.816627],[-122.112414,42.816219],[-122.111481,42.815594],[-122.109408,42.814755],[-122.107328,42.815102],[-122.105151,42.815706],[-122.102549,42.816004],[-122.10187,42.8154],[-122.100341,42.814934],[-122.0992,42.813825],[-122.09791,42.813403],[-122.096232,42.813437],[-122.094174,42.813047],[-122.091571,42.811149],[-122.090467,42.810057],[-122.08964,42.809782],[-122.088499,42.808767],[-122.082668,42.807023],[-122.080081,42.80671],[-122.078627,42.805525],[-122.077665,42.805278],[-122.076345,42.803922],[-122.075868,42.80278],[-122.074802,42.802352],[-122.074832,42.801315],[-122.073564,42.799092],[-122.071558,42.796699],[-122.071037,42.796512],[-122.071282,42.795431],[-122.070932,42.794267],[-122.070902,42.792993],[-122.070149,42.792285],[-122.069724,42.791072],[-122.069851,42.790194],[-122.069321,42.789508],[-122.069209,42.786714],[-122.0695,42.785951],[-122.068471,42.785144],[-122.068255,42.783793],[-122.067182,42.782926],[-122.067897,42.782136],[-122.067361,42.780011],[-122.067562,42.778601],[-122.066399,42.77764],[-122.065453,42.777646],[-122.064492,42.77674],[-122.063799,42.776652],[-122.06283,42.775801],[-122.0628,42.775148],[-122.062003,42.773518],[-122.061146,42.77354],[-122.060632,42.771069],[-122.059559,42.770405],[-122.060572,42.768747],[-122.060193,42.7681],[-122.060565,42.767062],[-122.059597,42.766118],[-122.060491,42.765234],[-122.060275,42.764427],[-122.059232,42.764092],[-122.057861,42.763252],[-122.05801,42.761825],[-122.057273,42.760585],[-122.055805,42.759948],[-122.054718,42.758795],[-122.05296,42.758575],[-122.052103,42.757823],[-122.051299,42.756259],[-122.051441,42.755375],[-122.050413,42.755259],[-122.050368,42.754321],[-122.049296,42.753086]]},"properties":{"OBJECTID":98,"fhdFtrID":95,"fhdRefID":53751,"fhdRevDt":"20190426","fhdONm":"Shannon Hubler","fhdOEnt":"ODEQ","fhdSpNm":"Brook trout","fhdRun":"NA","fhdLifeHst":"FluvRes","fhdUseTy":"Unknown","fhdBasis":"DocObsFish","fhdStNm":"Annie Creek","fhdGenus":"Salvelinus","fhdSp":"fontinalis","fhdSubSp":null,"fhdOrig":"NonNative","fhdProd":"Natural","fhdComment":null,"fhdESH":"NA","fhdBasisD":null,"fhdNMF":"no","fhdBasisDt":"20040000","fhdBasisNm":null,"fhdBasisEnt":null,"fhdBasisPrj":null,"fhdBasisMethod":"Electrofisher","fhdAccess":null,"fhdBarrierFtrID":null,"fhdEndExtent":null,"Shape__Length":15456.840000613143,"habitatType":"stream"},"id":98},
{"type":"Feature","geometry":{"type":"LineString","coordinates":[[-121.957247,42.689524],[-121.956397,42.685967],[-121.958198,42.684853],[-121.959507,42.684874],[-121.962342,42.685599],[-121.964641,42.686521],[-121.96546,42.686591],[-121.966085,42.685104],[-121.965326,42.68433],[-121.965392,42.682963],[-121.964089,42.68158],[-121.964416,42.680938],[-121.963947,42.680136],[-121.964311,42.67715],[-121.963506,42.674839],[-121.963052,42.673017],[-121.963267,42.672375],[-121.961711,42.669334],[-121.960736,42.668214],[-121.95904,42.665849],[-121.956919,42.662478],[-121.956003,42.659975],[-121.955609,42.658109],[-121.954418,42.655535],[-121.95351,42.653959],[-121.95177,42.653251],[-121.950513,42.652126],[-121.950342,42.651462],[-121.94872,42.651501],[-121.948044,42.651254],[-121.948899,42.649881],[-121.947657,42.649135],[-121.946378,42.647839],[-121.946957,42.646462],[-121.945849,42.646248],[-121.945909,42.645435],[-121.94521,42.644996],[-121.945016,42.64386],[-121.946169,42.642965],[-121.946213,42.642136],[-121.945455,42.641582],[-121.943239,42.640731],[-121.943893,42.640281],[-121.944057,42.638332],[-121.942116,42.637558],[-121.942161,42.638233],[-121.940889,42.638085],[-121.940859,42.637108],[-121.941923,42.63668],[-121.942971,42.63505],[-121.942539,42.633694],[-121.941484,42.633699],[-121.94138,42.63197],[-121.939499,42.631059],[-121.939625,42.629923],[-121.940138,42.629291],[-121.940034,42.627787],[-121.939424,42.62653],[-121.940071,42.625915],[-121.94047,42.62468],[-121.93937,42.623983],[-121.939615,42.623341],[-121.941652,42.622797],[-121.943235,42.621518],[-121.942402,42.619751],[-121.941503,42.618428],[-121.941919,42.617994],[-121.94076,42.617357],[-121.941243,42.616495],[-121.939333,42.616172],[-121.939987,42.61436],[-121.939593,42.613487],[-121.939912,42.612817],[-121.941101,42.61212],[-121.941532,42.611209],[-121.940068,42.611319],[-121.93963,42.610435],[-121.942231,42.609359],[-121.942275,42.608673],[-121.940737,42.606186],[-121.940744,42.604836],[-121.941317,42.603722],[-121.940269,42.603875],[-121.940202,42.603123],[-121.941487,42.602289],[-121.942572,42.602097]]},"properties":{"OBJECTID":99,"fhdFtrID":96,"fhdRefID":53684,"fhdRevDt":"20190313","fhdONm":"Peter Robinson","fhdOEnt":"ODFW","fhdSpNm":"Brook trout","fhdRun":"NA","fhdLifeHst":"FluvRes","fhdUseTy":"Unknown","fhdBasis":"UndocObsFish","fhdStNm":"Crooked Creek","fhdGenus":"Salvelinus","fhdSp":"fontinalis","fhdSubSp":null,"fhdOrig":"NonNative","fhdProd":"Natural","fhdComment":null,"fhdESH":"NA","fhdBasisD":null,"fhdNMF":"no","fhdBasisDt":null,"fhdBasisNm":null,"fhdBasisEnt":null,"fhdBasisPrj":null,"fhdBasisMethod":null,"fhdAccess":null,"fhdBarrierFtrID":null,"fhdEndExtent":null,"Shape__Length":24540.010660789423,"habitatType":"stream"},"id":99},
{"type":"Feature","geometry":{"type":"LineString","coordinates":[[-121.981512,42.74373],[-121.980969,42.742411],[-121.980965,42.740813],[-121.982698,42.741639],[-121.983368,42.741419],[-121.983841,42.740478],[-121.984452,42.740483],[-121.985199,42.739657],[-121.986859,42.738951],[-121.98737,42.737605],[-121.988513,42.736782],[-121.987343,42.735489],[-121.988539,42.735206],[-121.988163,42.733897],[-121.988322,42.731647],[-121.989549,42.731343],[-121.988923,42.730392],[-121.989772,42.728891],[-121.98837,42.728699],[-121.989348,42.726771],[-121.988383,42.726042],[-121.989855,42.72565],[-121.989877,42.724299],[-121.988723,42.723906],[-121.990415,42.723133],[-121.989506,42.722675],[-121.989765,42.721777],[-121.98897,42.720541],[-121.990161,42.71998],[-121.989706,42.719349],[-121.987249,42.718604],[-121.988,42.717791],[-121.987196,42.71682],[-121.987969,42.715628],[-121.99099,42.714551],[-121.990231,42.713936],[-121.990483,42.712976],[-121.991279,42.712086],[-121.990362,42.710626],[-121.991954,42.709714],[-121.993292,42.707996],[-121.993291,42.706222],[-121.99288,42.705037],[-121.993498,42.70479]]},"properties":{"OBJECTID":100,"fhdFtrID":97,"fhdRefID":53684,"fhdRevDt":"20190313","fhdONm":"Peter Robinson","fhdOEnt":"ODFW","fhdSpNm":"Brook trout","fhdRun":"NA","fhdLifeHst":"FluvRes","fhdUseTy":"Unknown","fhdBasis":"UndocObsFish","fhdStNm":"Wood River","fhdGenus":"Salvelinus","fhdSp":"fontinalis","fhdSubSp":null,"fhdOrig":"NonNative","fhdProd":"Natural","fhdComment":null,"fhdESH":"NA","fhdBasisD":null,"fhdNMF":"no","fhdBasisDt":null,"fhdBasisNm":null,"fhdBasisEnt":null,"fhdBasisPrj":null,"fhdBasisMethod":null,"fhdAccess":null,"fhdBarrierFtrID":null,"fhdEndExtent":null,"Shape__Length":11821.252722752073,"habitatType":"stream"},"id":100},
{"type":"Feature","geometry":{"type":"LineString","coordinates":[[-122.129904,42.449919],[-122.131488,42.448697],[-122.132817,42.448767],[-122.133791,42.44778],[-122.13506,42.447959],[-122.137741,42.447838],[-122.138055,42.447398],[-122.141321,42.445592],[-122.141402,42.44478],[-122.14266,42.444206],[-122.143498,42.443471],[-122.145683,42.443469],[-122.146664,42.442414],[-122.146253,42.441795],[-122.147458,42.441574],[-122.148532,42.441817],[-122.149645,42.440836],[-122.150464,42.441074],[-122.15105,42.440427],[-122.153468,42.439838],[-122.155864,42.439737],[-122.156955,42.440371],[-122.158607,42.440267],[-122.16061,42.439108],[-122.162827,42.439027],[-122.164883,42.438716],[-122.16625,42.438214],[-122.167748,42.438176],[-122.168149,42.438744],[-122.169457,42.439055],[-122.171388,42.439183],[-122.172531,42.439963],[-122.173525,42.439737],[-122.175148,42.440065],[-122.176264,42.44101],[-122.177318,42.441217],[-122.179613,42.442557],[-122.182767,42.443147],[-122.183615,42.443597],[-122.184657,42.4447],[-122.18518,42.444746],[-122.187,42.445703],[-122.187325,42.446554],[-122.189773,42.447388],[-122.191478,42.447481],[-122.192382,42.447272],[-122.19342,42.446493],[-122.194117,42.446416],[-122.194732,42.444972],[-122.196533,42.44383],[-122.199846,42.443687],[-122.201047,42.443818],[-122.204153,42.445092],[-122.205502,42.445328],[-122.208348,42.444871],[-122.211773,42.445552],[-122.214249,42.447],[-122.215295,42.447917],[-122.218067,42.448591],[-122.219795,42.449376],[-122.221596,42.449463],[-122.225844,42.44944],[-122.226845,42.449824],[-122.228535,42.449752],[-122.229744,42.450438],[-122.229714,42.451047],[-122.230843,42.453166],[-122.231636,42.453671],[-122.232572,42.455948],[-122.233351,42.456722],[-122.234878,42.45665],[-122.23608,42.457495]]},"properties":{"OBJECTID":101,"fhdFtrID":98,"fhdRefID":53684,"fhdRevDt":"20190313","fhdONm":"Peter Robinson","fhdOEnt":"ODFW","fhdSpNm":"Brook trout","fhdRun":"NA","fhdLifeHst":"FluvRes","fhdUseTy":"Unknown","fhdBasis":"UndocObsFish","fhdStNm":"Fourmile Creek","fhdGenus":"Salvelinus","fhdSp":"fontinalis","fhdSubSp":null,"fhdOrig":"NonNative","fhdProd":"Natural","fhdComment":null,"fhdESH":"NA","fhdBasisD":null,"fhdNMF":"no","fhdBasisDt":null,"fhdBasisNm":null,"fhdBasisEnt":null,"fhdBasisPrj":null,"fhdBasisMethod":null,"fhdAccess":null,"fhdBarrierFtrID":null,"fhdEndExtent":null,"Shape__Length":16453.480298628092,"habitatType":"stream"},"id":101},
{"type":"Feature","geometry":{"type":"LineString","coordinates":[[-122.187069,42.398348],[-122.185883,42.3986],[-122.184024,42.39865],[-122.181403,42.396662],[-122.179529,42.396756],[-122.178299,42.395894],[-122.17727,42.395586],[-122.174729,42.396656],[-122.174189,42.397095],[-122.173944,42.398122],[-122.173045,42.3995],[-122.173275,42.399997],[-122.172552,42.400768],[-122.17298,42.402021],[-122.173185,42.40432],[-122.174123,42.405353],[-122.174164,42.406149],[-122.17355,42.407235],[-122.173811,42.408412],[-122.173145,42.40958],[-122.173538,42.410339],[-122.173159,42.410975],[-122.172722,42.412959],[-122.172826,42.415107],[-122.173114,42.415913],[-122.173048,42.418486],[-122.172127,42.419073],[-122.172178,42.42043],[-122.172851,42.421459],[-122.172015,42.422679],[-122.172223,42.424057],[-122.17159,42.424638],[-122.171703,42.427359],[-122.172665,42.428556],[-122.171033,42.429827],[-122.170278,42.430821],[-122.170779,42.432188],[-122.168932,42.432608],[-122.168164,42.433775],[-122.168096,42.435272],[-122.168426,42.43689],[-122.167643,42.437753],[-122.16625,42.438214]]},"properties":{"OBJECTID":102,"fhdFtrID":99,"fhdRefID":53684,"fhdRevDt":"20190313","fhdONm":"Peter Robinson","fhdOEnt":"ODFW","fhdSpNm":"Brook trout","fhdRun":"NA","fhdLifeHst":"FluvRes","fhdUseTy":"Unknown","fhdBasis":"UndocObsFish","fhdStNm":"Seldom Creek","fhdGenus":"Salvelinus","fhdSp":"fontinalis","fhdSubSp":null,"fhdOrig":"NonNative","fhdProd":"Natural","fhdComment":null,"fhdESH":"NA","fhdBasisD":null,"fhdNMF":"no","fhdBasisDt":null,"fhdBasisNm":null,"fhdBasisEnt":null,"fhdBasisPrj":null,"fhdBasisMethod":null,"fhdAccess":null,"fhdBarrierFtrID":null,"fhdEndExtent":null,"Shape__Length":9065.824415029605,"habitatType":"stream"},"id":102},
{"type":"Feature","geometry":{"type":"LineString","coordinates":[[-118.619162,44.135036],[-118.61936,44.133188],[-118.618544,44.132452],[-118.617659,44.130578],[-118.617582,44.128711],[-118.616522,44.127889],[-118.615507,44.127525],[-118.614706,44.126605],[-118.616019,44.124889],[-118.61466,44.12421],[-118.61286,44.12456],[-118.611807,44.124363],[-118.611494,44.123679],[-118.612326,44.122492],[-118.612104,44.122059],[-118.609625,44.121621],[-118.609121,44.119728],[-118.609534,44.118214],[-118.60906,44.117253],[-118.606932,44.117063],[-118.606009,44.114987],[-118.603666,44.113867],[-118.60182,44.112484],[-118.601363,44.111289],[-118.599844,44.110954],[-118.599646,44.109615],[-118.601904,44.107941],[-118.600371,44.106891],[-118.599768,44.105324],[-118.597937,44.103058],[-118.595953,44.100934],[-118.595992,44.099457],[-118.593863,44.097807],[-118.593229,44.096731],[-118.592245,44.097136],[-118.591345,44.098184],[-118.591155,44.099456],[-118.590643,44.099684],[-118.588042,44.099135],[-118.587897,44.098881],[-118.585318,44.097705],[-118.583204,44.095988],[-118.582853,44.095196],[-118.581824,44.094116],[-118.579855,44.091299],[-118.580198,44.090232],[-118.580046,44.08756],[-118.579275,44.08644],[-118.577986,44.085936],[-118.575888,44.083633],[-118.576384,44.08241],[-118.575804,44.080933],[-118.572554,44.07834],[-118.571844,44.077634],[-118.570692,44.077492],[-118.568106,44.076411],[-118.567526,44.075933],[-118.567862,44.074537],[-118.567183,44.073984],[-118.565084,44.073868],[-118.564062,44.073459],[-118.56333,44.07265],[-118.560842,44.07145],[-118.561308,44.070418],[-118.561324,44.068846],[-118.55982,44.067773],[-118.558943,44.066858],[-118.557142,44.06663],[-118.555731,44.06669],[-118.554403,44.066087],[-118.554228,44.065418],[-118.552496,44.064145],[-118.551833,44.063047],[-118.550421,44.062319],[-118.549727,44.060419],[-118.549811,44.058505],[-118.549383,44.057471],[-118.548346,44.056355],[-118.547903,44.05479],[-118.547636,44.052885],[-118.546545,44.052355],[-118.547072,44.051555],[-118.547163,44.05028],[-118.546316,44.048239],[-118.547041,44.046379],[-118.546896,44.045638],[-118.545843,44.045157],[-118.545141,44.044063],[-118.544592,44.042459],[-118.539953,44.040248],[-118.539427,44.03976],[-118.539595,44.038331],[-118.539015,44.037573],[-118.538054,44.037069],[-118.536551,44.037219],[-118.535635,44.036853],[-118.533575,44.034306],[-118.530989,44.033652],[-118.52944,44.032187],[-118.528815,44.030777],[-118.527754,44.029788],[-118.527182,44.027743],[-118.527655,44.026039],[-118.526129,44.024151],[-118.526106,44.021608],[-118.524969,44.018516],[-118.526312,44.016302],[-118.528082,44.014279],[-118.528265,44.013525],[-118.528059,44.011024],[-118.526816,44.009627],[-118.526785,44.008899],[-118.527701,44.00727],[-118.528464,44.006364],[-118.529433,43.999827]]},"properties":{"OBJECTID":103,"fhdFtrID":100,"fhdRefID":53684,"fhdRevDt":"20190313","fhdONm":"Peter Robinson","fhdOEnt":"ODFW","fhdSpNm":"Brook trout","fhdRun":"NA","fhdLifeHst":"FluvRes","fhdUseTy":"Unknown","fhdBasis":"UndocObsFish","fhdStNm":"Malheur River","fhdGenus":"Salvelinus","fhdSp":"fontinalis","fhdSubSp":null,"fhdOrig":"NonNative","fhdProd":"Natural","fhdComment":null,"fhdESH":"NA","fhdBasisD":null,"fhdNMF":"no","fhdBasisDt":null,"fhdBasisNm":null,"fhdBasisEnt":null,"fhdBasisPrj":null,"fhdBasisMethod":null,"fhdAccess":null,"fhdBarrierFtrID":null,"fhdEndExtent":null,"Shape__Length":28207.82298588063,"habitatType":"stream"},"id":103},
{"type":"Feature","geometry":{"type":"LineString","coordinates":[[-118.625079,44.144734],[-118.624803,44.146189],[-118.623281,44.148095],[-118.623165,44.149821],[-118.622332,44.151178],[-118.621613,44.151421],[-118.621529,44.152328],[-118.62065,44.152461],[-118.62075,44.153542],[-118.62007,44.154766],[-118.62004,44.155494],[-118.618632,44.156835],[-118.618305,44.158477],[-118.617249,44.159705],[-118.617577,44.16015],[-118.616928,44.161113],[-118.616994,44.161996],[-118.616427,44.163743],[-118.61712,44.165101],[-118.617367,44.167074],[-118.616972,44.168166],[-118.61773,44.168927],[-118.617531,44.172397],[-118.61728,44.173603],[-118.615588,44.175795],[-118.616213,44.176873],[-118.615766,44.177254],[-118.615618,44.178718],[-118.613772,44.179945],[-118.613151,44.181946],[-118.613886,44.183114],[-118.613488,44.184548],[-118.613757,44.185352],[-118.614485,44.185765],[-118.614951,44.186752],[-118.615035,44.188408],[-118.614358,44.190018],[-118.614647,44.191011],[-118.615327,44.191892],[-118.615155,44.192835],[-118.615597,44.193704],[-118.615235,44.194698],[-118.615398,44.195743],[-118.615048,44.196224],[-118.614782,44.197782],[-118.615229,44.199663],[-118.616344,44.201197],[-118.616254,44.202747],[-118.61665,44.204115],[-118.615798,44.205157],[-118.615676,44.206585],[-118.616187,44.208283],[-118.617267,44.209747],[-118.616756,44.211699],[-118.617211,44.212577],[-118.618517,44.214005],[-118.618647,44.214825],[-118.619458,44.215987],[-118.619522,44.217013],[-118.620072,44.217568],[-118.619965,44.218889],[-118.620636,44.220175],[-118.621301,44.22066],[-118.620955,44.22151],[-118.622336,44.222994],[-118.622128,44.223521],[-118.622771,44.224644],[-118.622721,44.225678],[-118.6222,44.227066],[-118.621326,44.228265],[-118.620962,44.229839],[-118.61921,44.231634],[-118.618606,44.231708],[-118.616878,44.233279],[-118.615606,44.234081],[-118.614608,44.235445],[-118.61411,44.237409],[-118.613524,44.238337],[-118.613332,44.239558],[-118.611959,44.240917],[-118.611742,44.24158],[-118.612391,44.242209],[-118.613331,44.245332],[-118.613335,44.247761],[-118.612712,44.248653],[-118.612883,44.249366],[-118.612673,44.251342],[-118.612035,44.252863],[-118.610199,44.255197],[-118.607755,44.256776],[-118.606389,44.257299],[-118.603818,44.258927],[-118.602709,44.260716],[-118.602737,44.261643],[-118.601852,44.263503],[-118.601608,44.264786],[-118.601994,44.265906],[-118.603244,44.268107],[-118.60426,44.269406],[-118.605725,44.270738],[-118.606935,44.271018],[-118.608364,44.27203],[-118.609399,44.274336],[-118.608944,44.275554],[-118.610758,44.277771],[-118.613219,44.279177],[-118.614132,44.279297],[-118.61589,44.2802],[-118.617957,44.280297],[-118.619193,44.281041],[-118.619936,44.280915],[-118.622689,44.281624],[-118.624182,44.281615],[-118.625777,44.283083],[-118.62569,44.283576],[-118.626379,44.284887]]},"properties":{"OBJECTID":104,"fhdFtrID":101,"fhdRefID":53684,"fhdRevDt":"20190313","fhdONm":"Peter Robinson","fhdOEnt":"ODFW","fhdSpNm":"Brook trout","fhdRun":"NA","fhdLifeHst":"FluvRes","fhdUseTy":"Unknown","fhdBasis":"UndocObsFish","fhdStNm":"Big Creek","fhdGenus":"Salvelinus","fhdSp":"fontinalis","fhdSubSp":null,"fhdOrig":"NonNative","fhdProd":"Natural","fhdComment":null,"fhdESH":"NA","fhdBasisD":null,"fhdNMF":"no","fhdBasisDt":null,"fhdBasisNm":null,"fhdBasisEnt":null,"fhdBasisPrj":null,"fhdBasisMethod":null,"fhdAccess":null,"fhdBarrierFtrID":null,"fhdEndExtent":null,"Shape__Length":29183.00954575226,"habitatType":"stream"},"id":104},
{"type":"Feature","geometry":{"type":"LineString","coordinates":[[-118.619162,44.135036],[-118.618917,44.136696],[-118.619192,44.137687],[-118.619734,44.137977],[-118.62123,44.139797],[-118.621229,44.140391],[-118.625036,44.14261],[-118.625624,44.143453],[-118.62509,44.143834],[-118.625079,44.144734],[-118.627102,44.145675],[-118.627511,44.146858],[-118.627235,44.147934],[-118.628856,44.148536],[-118.629308,44.14943],[-118.63061,44.150152],[-118.633055,44.150443],[-118.63318,44.151002],[-118.634369,44.150972],[-118.635648,44.151887],[-118.63586,44.153527],[-118.637128,44.153839],[-118.638202,44.154464],[-118.640129,44.155],[-118.640507,44.155922],[-118.642272,44.156438],[-118.642416,44.157223],[-118.643551,44.157911],[-118.644472,44.159694],[-118.646143,44.160488],[-118.647375,44.160782],[-118.648114,44.161798],[-118.64926,44.162001],[-118.649109,44.162858],[-118.649943,44.163213],[-118.650686,44.164346],[-118.650546,44.165307],[-118.651976,44.165982],[-118.652741,44.167912],[-118.653892,44.168772],[-118.653931,44.169379],[-118.656345,44.170864],[-118.657118,44.172292],[-118.657954,44.172872],[-118.659438,44.173235],[-118.657197,44.17477],[-118.657212,44.176268],[-118.656519,44.177551],[-118.655116,44.177853],[-118.654681,44.178554],[-118.653212,44.178734],[-118.65234,44.179641],[-118.652332,44.180496],[-118.652883,44.181042],[-118.65258,44.181686],[-118.653028,44.182321],[-118.652953,44.183399],[-118.65167,44.186874],[-118.651566,44.189184],[-118.650378,44.18971],[-118.649353,44.189634],[-118.648373,44.190297],[-118.647319,44.191481],[-118.647192,44.192695],[-118.647562,44.193418],[-118.646354,44.195265],[-118.6462,44.199715],[-118.645133,44.200917],[-118.644926,44.202255],[-118.643588,44.203785],[-118.643005,44.205137],[-118.643114,44.20583],[-118.641641,44.206721],[-118.640726,44.208356],[-118.640918,44.210292],[-118.640355,44.211338],[-118.639387,44.212001],[-118.639533,44.213262],[-118.638751,44.215087],[-118.638264,44.215585],[-118.638111,44.217256],[-118.63703,44.219015],[-118.636286,44.219788],[-118.636201,44.220993],[-118.635678,44.221643],[-118.63569,44.22274],[-118.636213,44.223943],[-118.635893,44.225297],[-118.636342,44.225887],[-118.63685,44.228232],[-118.637499,44.2294],[-118.637696,44.230617],[-118.638672,44.232266],[-118.638829,44.233572],[-118.64018,44.234731],[-118.640698,44.235592],[-118.64458,44.238859],[-118.64527,44.239901],[-118.6453,44.240747],[-118.646012,44.241385],[-118.647632,44.243897],[-118.651635,44.246832],[-118.65313,44.248289],[-118.653302,44.249263],[-118.654215,44.250146],[-118.656452,44.251751],[-118.657149,44.251683],[-118.659174,44.252967],[-118.660136,44.254193],[-118.660916,44.254598],[-118.661303,44.255466],[-118.662087,44.25597],[-118.662974,44.25715],[-118.664386,44.257913],[-118.665551,44.257936],[-118.667532,44.258985],[-118.66853,44.259186],[-118.669737,44.260072],[-118.670978,44.260636],[-118.674754,44.261544],[-118.676798,44.262612],[-118.678235,44.262808],[-118.679789,44.263888],[-118.680467,44.264957],[-118.681653,44.265727],[-118.682012,44.26646],[-118.683976,44.267742],[-118.684249,44.268393],[-118.685512,44.269622],[-118.685521,44.270881],[-118.686112,44.271365],[-118.686002,44.272326],[-118.684084,44.275083],[-118.68448,44.275834],[-118.684245,44.276793],[-118.68489,44.279859],[-118.68591,44.280788],[-118.684845,44.281819],[-118.68457,44.283046],[-118.683554,44.283708],[-118.684803,44.284081]]},"properties":{"OBJECTID":105,"fhdFtrID":102,"fhdRefID":53684,"fhdRevDt":"20190313","fhdONm":"Peter Robinson","fhdOEnt":"ODFW","fhdSpNm":"Brook trout","fhdRun":"NA","fhdLifeHst":"FluvRes","fhdUseTy":"Unknown","fhdBasis":"UndocObsFish","fhdStNm":"Lake Creek","fhdGenus":"Salvelinus","fhdSp":"fontinalis","fhdSubSp":null,"fhdOrig":"NonNative","fhdProd":"Natural","fhdComment":null,"fhdESH":"NA","fhdBasisD":null,"fhdNMF":"no","fhdBasisDt":null,"fhdBasisNm":null,"fhdBasisEnt":null,"fhdBasisPrj":null,"fhdBasisMethod":null,"fhdAccess":null,"fhdBarrierFtrID":null,"fhdEndExtent":null,"Shape__Length":35157.97342864196,"habitatType":"stream"},"id":105},
{"type":"Feature","geometry":{"type":"LineString","coordinates":[[-118.673655,44.250481],[-118.674106,44.249403],[-118.673982,44.247728],[-118.674317,44.244593],[-118.676468,44.242046],[-118.676783,44.239747],[-118.678738,44.23593],[-118.678203,44.234664],[-118.67716,44.233717],[-118.674711,44.229586],[-118.674305,44.227647],[-118.67424,44.225002],[-118.673696,44.223629],[-118.672868,44.223124],[-118.671935,44.221233],[-118.671053,44.220368],[-118.670768,44.219393],[-118.669672,44.217779],[-118.667966,44.216266],[-118.667164,44.215222],[-118.664536,44.214588],[-118.663404,44.213738],[-118.661117,44.212982],[-118.659647,44.213189],[-118.657617,44.212344],[-118.656141,44.211016],[-118.655081,44.209735],[-118.65542,44.209163],[-118.654134,44.206836],[-118.65442,44.205877],[-118.655404,44.204486],[-118.65506,44.203123],[-118.655441,44.202876],[-118.65613,44.201265],[-118.655984,44.200544],[-118.656633,44.199522],[-118.656997,44.197372],[-118.658502,44.196185],[-118.657999,44.195729],[-118.65807,44.194839],[-118.660437,44.193991],[-118.660645,44.193359],[-118.662613,44.19162],[-118.663005,44.190923],[-118.662691,44.189902],[-118.663316,44.189406],[-118.66306,44.188567],[-118.664524,44.185877],[-118.664237,44.185298],[-118.664134,44.183237],[-118.664508,44.182216],[-118.663373,44.179881],[-118.663643,44.179021],[-118.662948,44.178266],[-118.663068,44.177395],[-118.662538,44.176471],[-118.660519,44.174513],[-118.659438,44.173235]]},"properties":{"OBJECTID":106,"fhdFtrID":103,"fhdRefID":53684,"fhdRevDt":"20190313","fhdONm":"Peter Robinson","fhdOEnt":"ODFW","fhdSpNm":"Brook trout","fhdRun":"NA","fhdLifeHst":"FluvRes","fhdUseTy":"Unknown","fhdBasis":"UndocObsFish","fhdStNm":"McCoy Creek","fhdGenus":"Salvelinus","fhdSp":"fontinalis","fhdSubSp":null,"fhdOrig":"NonNative","fhdProd":"Natural","fhdComment":null,"fhdESH":"NA","fhdBasisD":null,"fhdNMF":"no","fhdBasisDt":null,"fhdBasisNm":null,"fhdBasisEnt":null,"fhdBasisPrj":null,"fhdBasisMethod":null,"fhdAccess":null,"fhdBarrierFtrID":null,"fhdEndExtent":null,"Shape__Length":17571.34242346206,"habitatType":"stream"},"id":106},
{"type":"Feature","geometry":{"type":"LineString","coordinates":[[-121.992223,43.316244],[-121.99281,43.316569],[-121.993791,43.318193],[-121.993879,43.319591],[-121.994371,43.32071],[-121.993936,43.321353],[-121.991979,43.32275],[-121.992275,43.323711],[-121.991473,43.32422],[-121.990912,43.325229],[-121.991582,43.3266],[-121.990852,43.327402],[-121.990832,43.32836],[-121.989542,43.329322],[-121.990015,43.330429],[-121.98995,43.331418],[-121.98863,43.332341],[-121.988844,43.333155],[-121.987487,43.333942],[-121.987883,43.335636],[-121.986838,43.336924],[-121.986215,43.337014],[-121.98487,43.338792],[-121.984804,43.339927],[-121.983738,43.341721],[-121.982717,43.342409],[-121.982718,43.343386],[-121.982131,43.344273],[-121.98174,43.345811],[-121.979545,43.347468],[-121.978559,43.348847],[-121.978067,43.349957],[-121.978583,43.350286],[-121.977628,43.352062],[-121.977405,43.353109],[-121.976459,43.353534],[-121.977056,43.354418],[-121.977048,43.35597],[-121.978348,43.356963],[-121.977489,43.358352],[-121.977732,43.36043],[-121.978832,43.361021],[-121.978774,43.362605],[-121.97738,43.36323],[-121.976865,43.362414],[-121.975679,43.362491],[-121.975538,43.363196],[-121.974036,43.365021],[-121.973047,43.36459],[-121.971993,43.365727],[-121.97092,43.366211],[-121.966739,43.366926],[-121.965077,43.367311],[-121.964028,43.368562],[-121.9624,43.36955],[-121.961574,43.369524],[-121.959779,43.371403],[-121.959827,43.371796],[-121.958247,43.37282],[-121.957141,43.372746],[-121.956346,43.37405],[-121.954896,43.374368],[-121.954117,43.374134],[-121.953626,43.37599],[-121.95379,43.377015],[-121.954588,43.378103],[-121.956255,43.378684],[-121.95479,43.379417],[-121.954271,43.381612],[-121.954653,43.383075],[-121.953945,43.38382],[-121.953847,43.384869],[-121.952961,43.385903],[-121.953206,43.387898],[-121.953997,43.388195],[-121.952225,43.389405],[-121.951031,43.389907],[-121.948445,43.39062],[-121.94559,43.391106],[-121.943722,43.391692],[-121.943252,43.392069],[-121.940186,43.397101],[-121.938988,43.398371],[-121.936979,43.399916],[-121.935896,43.402678],[-121.935538,43.404015],[-121.935535,43.405399],[-121.936081,43.406117],[-121.936232,43.407837],[-121.936029,43.409302],[-121.936714,43.410921],[-121.938371,43.412176],[-121.939855,43.414375],[-121.941103,43.414513],[-121.941577,43.415367],[-121.939687,43.416588],[-121.940327,43.417495],[-121.938925,43.41819],[-121.938331,43.419499],[-121.937488,43.420053],[-121.937579,43.421285],[-121.938273,43.42195],[-121.937529,43.423248],[-121.937824,43.424529],[-121.937147,43.42506],[-121.937097,43.426351],[-121.937947,43.427403],[-121.938747,43.427691],[-121.937556,43.428442],[-121.937948,43.42926],[-121.936669,43.430096],[-121.935851,43.431219],[-121.935728,43.432191],[-121.934662,43.433093],[-121.932562,43.433311],[-121.933134,43.435067],[-121.932726,43.435636],[-121.932721,43.436727],[-121.933569,43.437504],[-121.932079,43.439161],[-121.932617,43.442047],[-121.932081,43.442881],[-121.932656,43.444272],[-121.934833,43.445309],[-121.934194,43.446141],[-121.934428,43.447461],[-121.935382,43.448043],[-121.935844,43.448931],[-121.935598,43.449519],[-121.936238,43.451286],[-121.937016,43.452648],[-121.937075,43.454091],[-121.9355,43.455568],[-121.933567,43.455961],[-121.933751,43.456636],[-121.932774,43.456863],[-121.931631,43.457701],[-121.931148,43.458542],[-121.92988,43.459064],[-121.930615,43.459779],[-121.929642,43.460412],[-121.929416,43.461583],[-121.926929,43.463004],[-121.926847,43.463931],[-121.92609,43.464872],[-121.923946,43.465768],[-121.923647,43.467335],[-121.923718,43.468326],[-121.923002,43.469708],[-121.923692,43.471064],[-121.921779,43.474609],[-121.92218,43.475296],[-121.920766,43.475854],[-121.920263,43.476578],[-121.919173,43.476957],[-121.918577,43.477804],[-121.916856,43.478381],[-121.914234,43.479505],[-121.913651,43.480152],[-121.912132,43.481143],[-121.910625,43.481361],[-121.910006,43.482061],[-121.908501,43.483044]]},"properties":{"OBJECTID":107,"fhdFtrID":104,"fhdRefID":53684,"fhdRevDt":"20190313","fhdONm":"Peter Robinson","fhdOEnt":"ODFW","fhdSpNm":"Brook trout","fhdRun":"NA","fhdLifeHst":"FluvRes","fhdUseTy":"Unknown","fhdBasis":"UndocObsFish","fhdStNm":"Big Marsh Creek","fhdGenus":"Salvelinus","fhdSp":"fontinalis","fhdSubSp":null,"fhdOrig":"NonNative","fhdProd":"Natural","fhdComment":null,"fhdESH":"NA","fhdBasisD":null,"fhdNMF":"no","fhdBasisDt":null,"fhdBasisNm":null,"fhdBasisEnt":null,"fhdBasisPrj":null,"fhdBasisMethod":null,"fhdAccess":null,"fhdBarrierFtrID":null,"fhdEndExtent":null,"Shape__Length":40282.4734910382,"habitatType":"stream"},"id":107},
{"type":"Feature","geometry":{"type":"LineString","coordinates":[[-121.784872,43.75516],[-121.787072,43.757361],[-121.788854,43.757925],[-121.78983,43.757913],[-121.792341,43.759065],[-121.792584,43.759959],[-121.794072,43.761298],[-121.794069,43.762676],[-121.796691,43.765117],[-121.798217,43.765862],[-121.798764,43.766462],[-121.799413,43.769413],[-121.800295,43.770071],[-121.801941,43.770385],[-121.803599,43.771758],[-121.803188,43.772384],[-121.800439,43.773741],[-121.798758,43.775173],[-121.79728,43.77514],[-121.795259,43.77619],[-121.795206,43.776936],[-121.796487,43.778129],[-121.795376,43.778991],[-121.794988,43.780986],[-121.795587,43.782118],[-121.795671,43.783496],[-121.795222,43.784203],[-121.792931,43.783773],[-121.792059,43.783917],[-121.790349,43.786114],[-121.790126,43.787273],[-121.789388,43.788112],[-121.78961,43.789428],[-121.78792,43.79005],[-121.788144,43.791448],[-121.78701,43.792219],[-121.782672,43.791624],[-121.781768,43.792037],[-121.781967,43.793255],[-121.780436,43.793391],[-121.779563,43.794129],[-121.778196,43.794106],[-121.777131,43.794535],[-121.776574,43.795646],[-121.776632,43.79643],[-121.777778,43.798225],[-121.777169,43.798777],[-121.775258,43.799305],[-121.775603,43.800101],[-121.774936,43.80049],[-121.773513,43.800133],[-121.772678,43.800259],[-121.772928,43.802018],[-121.770775,43.80275],[-121.771244,43.804736],[-121.772352,43.804933],[-121.773518,43.806269],[-121.774708,43.806408],[-121.775057,43.807263],[-121.777025,43.807085],[-121.777607,43.810446],[-121.777058,43.812178],[-121.777502,43.813116],[-121.776792,43.813674],[-121.777631,43.814484],[-121.7773,43.816065],[-121.777741,43.817627],[-121.778452,43.81813],[-121.77859,43.820509],[-121.77717,43.821853],[-121.776343,43.823339],[-121.776067,43.82529],[-121.776598,43.827285],[-121.77573,43.828392],[-121.775851,43.829771],[-121.775394,43.830208],[-121.775632,43.831363],[-121.775515,43.833441],[-121.7758,43.835317],[-121.775122,43.836228],[-121.776061,43.837157],[-121.775787,43.837766],[-121.776375,43.838808],[-121.776119,43.839804],[-121.777672,43.841702],[-121.779198,43.842511],[-121.779586,43.843632],[-121.779029,43.844724],[-121.779468,43.845755],[-121.779641,43.848854],[-121.780083,43.849769],[-121.779378,43.850184],[-121.779863,43.852319],[-121.780816,43.852234],[-121.781316,43.852726],[-121.781226,43.854715],[-121.781422,43.855473],[-121.783125,43.856797],[-121.784304,43.858142],[-121.783695,43.859333],[-121.78186,43.860232],[-121.782046,43.861512],[-121.780111,43.861798],[-121.779687,43.863054],[-121.780271,43.863726],[-121.780219,43.864455],[-121.779223,43.865083],[-121.780493,43.86697],[-121.777029,43.868914],[-121.77728,43.870704],[-121.776562,43.872956],[-121.775871,43.873561],[-121.775121,43.875119],[-121.772976,43.877424],[-121.773258,43.87843],[-121.771148,43.881217],[-121.770301,43.881649],[-121.767994,43.88383],[-121.766409,43.884182],[-121.765882,43.88482],[-121.762359,43.887082],[-121.762108,43.88861],[-121.76102,43.890048],[-121.759404,43.89152],[-121.761216,43.892607],[-121.762148,43.893553],[-121.763902,43.894509],[-121.764206,43.896088],[-121.763937,43.898475],[-121.763335,43.899662],[-121.761674,43.900756],[-121.761903,43.903238],[-121.765211,43.904801],[-121.766037,43.90566],[-121.766082,43.906633],[-121.765599,43.907686],[-121.763721,43.909457],[-121.761163,43.909501],[-121.759266,43.910169],[-121.759568,43.911426],[-121.761441,43.912779],[-121.765235,43.914687],[-121.778188,43.928949]]},"properties":{"OBJECTID":108,"fhdFtrID":105,"fhdRefID":53684,"fhdRevDt":"20190313","fhdONm":"Peter Robinson","fhdOEnt":"ODFW","fhdSpNm":"Brook trout","fhdRun":"NA","fhdLifeHst":"FluvRes","fhdUseTy":"Spawning","fhdBasis":"UndocObsFish","fhdStNm":"Snow Creek","fhdGenus":"Salvelinus","fhdSp":"fontinalis","fhdSubSp":null,"fhdOrig":"NonNative","fhdProd":"Natural","fhdComment":null,"fhdESH":"NA","fhdBasisD":null,"fhdNMF":"no","fhdBasisDt":null,"fhdBasisNm":null,"fhdBasisEnt":null,"fhdBasisPrj":null,"fhdBasisMethod":null,"fhdAccess":null,"fhdBarrierFtrID":null,"fhdEndExtent":null,"Shape__Length":37061.35340115642,"habitatType":"stream"},"id":108},
{"type":"Feature","geometry":{"type":"LineString","coordinates":[[-121.618588,43.772803],[-121.617382,43.77309],[-121.618043,43.773723],[-121.617772,43.774459],[-121.615888,43.775282],[-121.615426,43.776298],[-121.612839,43.777973],[-121.612189,43.778033],[-121.610898,43.779062],[-121.609283,43.77928],[-121.6072,43.780439],[-121.604711,43.78121],[-121.603051,43.782252],[-121.602106,43.783204],[-121.599289,43.783804],[-121.598238,43.784215],[-121.596432,43.78439],[-121.595133,43.785455],[-121.593749,43.78614],[-121.594122,43.786996],[-121.593208,43.787948],[-121.591392,43.787934],[-121.590718,43.787665],[-121.590306,43.788848],[-121.589375,43.789386],[-121.590725,43.790294],[-121.588975,43.790511],[-121.58822,43.791632],[-121.586667,43.792207],[-121.585078,43.793493],[-121.583898,43.793532],[-121.581313,43.79671],[-121.578124,43.798782],[-121.576743,43.798449],[-121.575194,43.798407],[-121.573237,43.797897],[-121.572665,43.79752],[-121.572989,43.79594],[-121.572297,43.794684],[-121.571612,43.794338],[-121.569796,43.79445],[-121.567894,43.795192],[-121.567826,43.794137],[-121.566811,43.794449],[-121.564722,43.795715],[-121.563431,43.796113],[-121.562336,43.795172],[-121.561076,43.795106],[-121.56056,43.794496],[-121.561556,43.793469],[-121.559991,43.79299],[-121.559305,43.793229],[-121.558506,43.794196],[-121.556347,43.79443],[-121.554423,43.795108],[-121.554157,43.794217],[-121.553313,43.79382],[-121.552655,43.794428],[-121.550993,43.794033],[-121.550551,43.795041],[-121.551177,43.795913],[-121.550643,43.797833],[-121.548982,43.798356],[-121.546918,43.798173],[-121.546216,43.796984],[-121.544923,43.795797],[-121.544653,43.794736],[-121.543731,43.794774],[-121.543191,43.794168],[-121.542002,43.79418],[-121.540921,43.794594],[-121.541715,43.795441],[-121.540775,43.795704],[-121.540004,43.796374],[-121.538657,43.796109],[-121.539154,43.794652],[-121.537598,43.794146],[-121.536162,43.795469],[-121.535352,43.794667],[-121.535634,43.793959],[-121.534618,43.793779],[-121.534861,43.792909],[-121.533224,43.79233],[-121.53146,43.793617],[-121.530816,43.79437],[-121.529577,43.794102],[-121.529205,43.793066],[-121.528388,43.793488],[-121.527659,43.794599],[-121.525488,43.795962],[-121.525765,43.794894],[-121.524469,43.793361],[-121.523653,43.792859],[-121.521527,43.792535],[-121.521495,43.791436],[-121.520086,43.791386],[-121.519559,43.791915],[-121.518075,43.790712],[-121.516732,43.790298],[-121.516374,43.789681],[-121.514649,43.789461],[-121.514456,43.78822],[-121.513503,43.788654],[-121.511622,43.788753]]},"properties":{"OBJECTID":109,"fhdFtrID":106,"fhdRefID":53684,"fhdRevDt":"20190313","fhdONm":"Peter Robinson","fhdOEnt":"ODFW","fhdSpNm":"Brook trout","fhdRun":"NA","fhdLifeHst":"FluvRes","fhdUseTy":"Unknown","fhdBasis":"UndocObsFish","fhdStNm":"Fall River","fhdGenus":"Salvelinus","fhdSp":"fontinalis","fhdSubSp":null,"fhdOrig":"NonNative","fhdProd":"Natural","fhdComment":null,"fhdESH":"NA","fhdBasisD":null,"fhdNMF":"no","fhdBasisDt":null,"fhdBasisNm":null,"fhdBasisEnt":null,"fhdBasisPrj":null,"fhdBasisMethod":null,"fhdAccess":null,"fhdBarrierFtrID":null,"fhdEndExtent":null,"Shape__Length":23672.396055592257,"habitatType":"stream"},"id":109},
{"type":"Feature","geometry":{"type":"LineString","coordinates":[[-121.670334,44.09133],[-121.670246,44.09183],[-121.671018,44.092631],[-121.671197,44.09397],[-121.670882,44.094997],[-121.671282,44.095658],[-121.670613,44.096105],[-121.670765,44.097032],[-121.670069,44.098259],[-121.669169,44.099172],[-121.669054,44.099805],[-121.667543,44.100343],[-121.667643,44.102626],[-121.66889,44.102896],[-121.66776,44.104303],[-121.666491,44.106665],[-121.66686,44.10699],[-121.666138,44.108085],[-121.666199,44.108911],[-121.665655,44.109709],[-121.665902,44.111129],[-121.665532,44.111956],[-121.666268,44.113347],[-121.66523,44.114494],[-121.662997,44.115509],[-121.662027,44.116714],[-121.662223,44.118131],[-121.663503,44.119374],[-121.663749,44.121328],[-121.664207,44.121989],[-121.664363,44.123314],[-121.664249,44.125235],[-121.66522,44.127586],[-121.66576,44.130483],[-121.665568,44.131613],[-121.664502,44.133058],[-121.664656,44.134241],[-121.664387,44.135231],[-121.66543,44.137327],[-121.666108,44.138218],[-121.666013,44.141733],[-121.666943,44.143041],[-121.66795,44.145248],[-121.66853,44.145906],[-121.66855,44.147611],[-121.667527,44.148901],[-121.666387,44.149609],[-121.665932,44.151013],[-121.667607,44.152967],[-121.667144,44.154189],[-121.667139,44.155097],[-121.66592,44.157947],[-121.666661,44.159677],[-121.667474,44.160155],[-121.667865,44.161985],[-121.667656,44.163067],[-121.66805,44.163454],[-121.667111,44.164364],[-121.665968,44.166297],[-121.664765,44.167166],[-121.664627,44.16859],[-121.664246,44.169342],[-121.662853,44.169816],[-121.662961,44.171365],[-121.662461,44.171568],[-121.661375,44.173077],[-121.660994,44.175107],[-121.661723,44.175808],[-121.660358,44.177697],[-121.658973,44.178346],[-121.658403,44.179206],[-121.657609,44.179544],[-121.657214,44.181956],[-121.657826,44.182909],[-121.657574,44.183649],[-121.65621,44.185339],[-121.656447,44.18639],[-121.657159,44.187211],[-121.656261,44.18776],[-121.655359,44.190232],[-121.65569,44.192294],[-121.655622,44.193587],[-121.653908,44.19566],[-121.6531,44.197207]]},"properties":{"OBJECTID":110,"fhdFtrID":107,"fhdRefID":53684,"fhdRevDt":"20190313","fhdONm":"Peter Robinson","fhdOEnt":"ODFW","fhdSpNm":"Brook trout","fhdRun":"NA","fhdLifeHst":"FluvRes","fhdUseTy":"Unknown","fhdBasis":"UndocObsFish","fhdStNm":"Clear Creek","fhdGenus":"Salvelinus","fhdSp":"fontinalis","fhdSubSp":null,"fhdOrig":"NonNative","fhdProd":"Natural","fhdComment":null,"fhdESH":"NA","fhdBasisD":null,"fhdNMF":"no","fhdBasisDt":null,"fhdBasisNm":null,"fhdBasisEnt":null,"fhdBasisPrj":null,"fhdBasisMethod":null,"fhdAccess":null,"fhdBarrierFtrID":null,"fhdEndExtent":null,"Shape__Length":21073.92563414441,"habitatType":"stream"},"id":110},
{"type":"Feature","geometry":{"type":"LineString","coordinates":[[-121.746101,44.861734],[-121.744166,44.862678],[-121.741937,44.864007],[-121.73836,44.867092],[-121.736856,44.867976],[-121.732567,44.869657],[-121.730962,44.869603],[-121.729203,44.870048],[-121.72807,44.871217],[-121.72557,44.872375],[-121.723372,44.874022],[-121.722077,44.875508],[-121.721038,44.876118],[-121.719205,44.876557],[-121.71711,44.877379],[-121.716261,44.879125],[-121.714507,44.880564],[-121.713367,44.881748],[-121.71326,44.88253],[-121.711258,44.88375],[-121.709966,44.883762],[-121.705913,44.88494],[-121.704695,44.885062],[-121.703198,44.885711],[-121.701182,44.88585],[-121.698955,44.886896],[-121.696145,44.887413],[-121.694493,44.888204],[-121.692607,44.8882],[-121.691427,44.888826],[-121.688982,44.889455],[-121.68677,44.8887],[-121.68589,44.888987],[-121.683905,44.888847],[-121.681555,44.889729],[-121.680681,44.890278],[-121.676813,44.891079],[-121.673421,44.893173],[-121.673062,44.893916],[-121.67202,44.893517],[-121.670253,44.89328],[-121.666453,44.894937],[-121.666255,44.895826],[-121.66542,44.89578],[-121.664248,44.896613],[-121.662319,44.897337],[-121.661163,44.898062],[-121.659401,44.898662],[-121.656432,44.89996],[-121.654651,44.901397],[-121.654043,44.902479],[-121.651713,44.904054],[-121.648843,44.904911],[-121.647803,44.905511],[-121.643148,44.906869],[-121.640219,44.90804],[-121.638122,44.90833],[-121.6365,44.908356],[-121.634428,44.908133],[-121.632669,44.907527],[-121.631004,44.907759],[-121.628933,44.908526],[-121.626785,44.908843],[-121.622552,44.909787],[-121.621977,44.910381],[-121.619541,44.91054],[-121.61463,44.909319],[-121.612568,44.908106],[-121.610374,44.906135],[-121.609083,44.906065],[-121.605834,44.906836],[-121.604633,44.907793],[-121.60303,44.908098],[-121.599226,44.909763],[-121.598585,44.910323],[-121.596377,44.910411],[-121.593968,44.910983],[-121.591165,44.910874],[-121.589281,44.91117],[-121.587768,44.910682],[-121.586625,44.910913],[-121.585567,44.911714],[-121.584988,44.912685],[-121.583846,44.913322],[-121.583692,44.913816],[-121.581491,44.914903],[-121.580727,44.91566],[-121.578769,44.916248],[-121.576643,44.917656],[-121.575326,44.918771],[-121.574041,44.920341],[-121.573972,44.921543],[-121.573137,44.921905],[-121.571045,44.921921],[-121.569907,44.922415],[-121.569654,44.923562],[-121.571284,44.924231],[-121.571238,44.92523],[-121.570396,44.926206],[-121.570265,44.927468],[-121.569354,44.928785],[-121.569122,44.930206],[-121.567577,44.931584],[-121.566651,44.931468],[-121.563399,44.932566],[-121.562858,44.933543],[-121.561267,44.934546],[-121.558965,44.93464],[-121.5564,44.93589],[-121.554639,44.93606],[-121.553673,44.937262],[-121.552514,44.937635],[-121.551008,44.93871],[-121.548788,44.938747],[-121.546834,44.939343],[-121.544981,44.940701],[-121.544077,44.941074],[-121.543189,44.940865],[-121.542502,44.940146],[-121.540145,44.941194],[-121.538909,44.941402],[-121.537618,44.942268],[-121.536498,44.942581],[-121.533531,44.942772],[-121.532743,44.943694],[-121.529158,44.943127],[-121.527142,44.943703],[-121.526129,44.943543],[-121.523672,44.943943],[-121.521872,44.943937],[-121.520659,44.943618],[-121.51882,44.944144],[-121.516627,44.943671],[-121.515135,44.944159],[-121.513899,44.944142],[-121.513296,44.944525],[-121.510893,44.944672],[-121.507695,44.944317],[-121.506212,44.943927],[-121.50527,44.943073],[-121.503153,44.943311],[-121.50252,44.942969],[-121.498831,44.942733],[-121.495571,44.942872],[-121.493717,44.943081],[-121.490905,44.943083],[-121.48732,44.942876],[-121.481541,44.942143],[-121.480135,44.942116],[-121.477855,44.941711],[-121.475963,44.941865],[-121.474318,44.942266],[-121.468671,44.942822],[-121.46796,44.942668],[-121.460829,44.942999],[-121.458064,44.943894],[-121.456017,44.943433],[-121.454062,44.943889],[-121.453096,44.94379],[-121.451165,44.94418],[-121.449489,44.944191],[-121.445842,44.944861],[-121.443254,44.943253],[-121.439314,44.942573],[-121.438279,44.942288],[-121.43583,44.942172],[-121.434269,44.941421],[-121.430383,44.941555]]},"properties":{"OBJECTID":111,"fhdFtrID":108,"fhdRefID":53684,"fhdRevDt":"20190313","fhdONm":"Peter Robinson","fhdOEnt":"ODFW","fhdSpNm":"Brook trout","fhdRun":"NA","fhdLifeHst":"FluvRes","fhdUseTy":"Unknown","fhdBasis":"UndocObsFish","fhdStNm":"Badger Creek","fhdGenus":"Salvelinus","fhdSp":"fontinalis","fhdSubSp":null,"fhdOrig":"NonNative","fhdProd":"Natural","fhdComment":null,"fhdESH":"NA","fhdBasisD":null,"fhdNMF":"no","fhdBasisDt":null,"fhdBasisNm":null,"fhdBasisEnt":null,"fhdBasisPrj":null,"fhdBasisMethod":null,"fhdAccess":null,"fhdBarrierFtrID":null,"fhdEndExtent":null,"Shape__Length":43843.59495880075,"habitatType":"stream"},"id":111},
{"type":"Feature","geometry":{"type":"LineString","coordinates":[[-121.688262,45.174218],[-121.68733,45.174141],[-121.686518,45.173587],[-121.685824,45.172463],[-121.685089,45.171937],[-121.684821,45.171029],[-121.68479,45.169161],[-121.68581,45.166499],[-121.684692,45.165014],[-121.684468,45.162842],[-121.683114,45.161715],[-121.681841,45.160255],[-121.681848,45.158635],[-121.68123,45.158029],[-121.680965,45.156487],[-121.681782,45.155857],[-121.681528,45.154858],[-121.682434,45.153487],[-121.681603,45.152286],[-121.681645,45.151576],[-121.680647,45.149043],[-121.681659,45.148277],[-121.682288,45.146326],[-121.681631,45.14572],[-121.682255,45.144818],[-121.681061,45.142999],[-121.680093,45.142695],[-121.677261,45.142824],[-121.676059,45.142685],[-121.675437,45.143069],[-121.674199,45.142352],[-121.672882,45.141963],[-121.671756,45.142126],[-121.670168,45.1419],[-121.668621,45.140771],[-121.666491,45.140134],[-121.66438,45.13996],[-121.663236,45.140104],[-121.66129,45.140914],[-121.660505,45.141873],[-121.66026,45.142977],[-121.659128,45.143904],[-121.65767,45.144054],[-121.656969,45.144599],[-121.656884,45.146246],[-121.655377,45.14779],[-121.654218,45.14814],[-121.651378,45.147648],[-121.647774,45.148394],[-121.645918,45.149497],[-121.644693,45.15084],[-121.643181,45.151077],[-121.640111,45.150685],[-121.63802,45.150164],[-121.634295,45.148808],[-121.630858,45.147264],[-121.629385,45.146194],[-121.628981,45.145465],[-121.628851,45.144067],[-121.626199,45.143985],[-121.625293,45.143457],[-121.623475,45.143034],[-121.622475,45.142423],[-121.620736,45.141921],[-121.619968,45.14134],[-121.618536,45.141111],[-121.61551,45.1412],[-121.61342,45.140968],[-121.611332,45.140519],[-121.609743,45.140482],[-121.608934,45.140008],[-121.608027,45.138755],[-121.606709,45.1381],[-121.602643,45.13769],[-121.600506,45.138146],[-121.599799,45.138938],[-121.599003,45.140634],[-121.598066,45.141176],[-121.595696,45.141683],[-121.593942,45.142471],[-121.592653,45.143315],[-121.590009,45.14299],[-121.587719,45.144217],[-121.586502,45.14539],[-121.585958,45.145496],[-121.581742,45.144701],[-121.577934,45.145392],[-121.575403,45.146337],[-121.572497,45.146233],[-121.571089,45.147134],[-121.569732,45.147207],[-121.567279,45.148013],[-121.566487,45.149272],[-121.561586,45.150561],[-121.558946,45.150874],[-121.55643,45.150473],[-121.555111,45.15052],[-121.551532,45.151401],[-121.549712,45.151306],[-121.547895,45.150828],[-121.547638,45.149727],[-121.543078,45.148598],[-121.541661,45.14727],[-121.538918,45.146564],[-121.536355,45.146905],[-121.532824,45.147129],[-121.530914,45.147883],[-121.529892,45.148865],[-121.528798,45.14949],[-121.526658,45.150025],[-121.524643,45.149904],[-121.523693,45.151377],[-121.520913,45.153394],[-121.520584,45.154767]]},"properties":{"OBJECTID":112,"fhdFtrID":109,"fhdRefID":53684,"fhdRevDt":"20190313","fhdONm":"Peter Robinson","fhdOEnt":"ODFW","fhdSpNm":"Brook trout","fhdRun":"NA","fhdLifeHst":"FluvRes","fhdUseTy":"Unknown","fhdBasis":"UndocObsFish","fhdStNm":"Clear Creek","fhdGenus":"Salvelinus","fhdSp":"fontinalis","fhdSubSp":null,"fhdOrig":"NonNative","fhdProd":"Natural","fhdComment":null,"fhdESH":"NA","fhdBasisD":null,"fhdNMF":"no","fhdBasisDt":null,"fhdBasisNm":null,"fhdBasisEnt":null,"fhdBasisPrj":null,"fhdBasisMethod":null,"fhdAccess":null,"fhdBarrierFtrID":null,"fhdEndExtent":null,"Shape__Length":27758.68147206127,"habitatType":"stream"},"id":112},
{"type":"Feature","geometry":{"type":"LineString","coordinates":[[-121.782902,45.350123],[-121.783437,45.350659],[-121.783598,45.352808],[-121.784282,45.353458],[-121.786944,45.35413],[-121.788204,45.355731],[-121.789026,45.356376],[-121.790044,45.358723],[-121.792305,45.359608],[-121.794372,45.360098],[-121.795472,45.360011],[-121.796704,45.360932],[-121.797949,45.361224],[-121.798793,45.361983],[-121.800606,45.362321],[-121.802343,45.363391],[-121.803485,45.363372],[-121.805191,45.364691],[-121.807714,45.364915],[-121.809519,45.366653],[-121.812609,45.367923],[-121.813834,45.369158],[-121.81699,45.371334],[-121.819369,45.372385],[-121.820515,45.373443],[-121.821926,45.373317],[-121.823323,45.374326],[-121.824342,45.375868],[-121.826683,45.376963],[-121.829291,45.377656],[-121.83054,45.378945],[-121.831178,45.379238],[-121.832481,45.378697],[-121.836332,45.38105],[-121.837626,45.38132],[-121.841133,45.382504],[-121.843179,45.383516],[-121.847196,45.384229],[-121.849674,45.386035],[-121.851423,45.38652],[-121.852904,45.386621],[-121.85564,45.38623],[-121.857611,45.385183],[-121.859883,45.384965],[-121.860053,45.383869],[-121.861319,45.383511],[-121.862538,45.382712],[-121.864003,45.382116],[-121.863956,45.381433],[-121.864891,45.380865],[-121.865714,45.37947],[-121.868238,45.378992],[-121.870295,45.377555]]},"properties":{"OBJECTID":113,"fhdFtrID":110,"fhdRefID":53684,"fhdRevDt":"20190313","fhdONm":"Peter Robinson","fhdOEnt":"ODFW","fhdSpNm":"Brook trout","fhdRun":"NA","fhdLifeHst":"FluvRes","fhdUseTy":"Unknown","fhdBasis":"UndocObsFish","fhdStNm":"Lost Creek","fhdGenus":"Salvelinus","fhdSp":"fontinalis","fhdSubSp":null,"fhdOrig":"NonNative","fhdProd":"Natural","fhdComment":null,"fhdESH":"NA","fhdBasisD":null,"fhdNMF":"no","fhdBasisDt":null,"fhdBasisNm":null,"fhdBasisEnt":null,"fhdBasisPrj":null,"fhdBasisMethod":null,"fhdAccess":null,"fhdBarrierFtrID":null,"fhdEndExtent":null,"Shape__Length":14496.696791871282,"habitatType":"stream"},"id":113},
{"type":"Feature","geometry":{"type":"LineString","coordinates":[[-121.833595,45.355324],[-121.834685,45.357075],[-121.836608,45.358951],[-121.837036,45.3613],[-121.837755,45.363071],[-121.838357,45.363505],[-121.839371,45.364986],[-121.839236,45.365306],[-121.840057,45.366988],[-121.84103,45.368281],[-121.843626,45.368722],[-121.844832,45.37095],[-121.846586,45.372537],[-121.847036,45.373634],[-121.84981,45.375355],[-121.849751,45.375904],[-121.851395,45.377246],[-121.853742,45.37826],[-121.856273,45.380177],[-121.857598,45.380449]]},"properties":{"OBJECTID":114,"fhdFtrID":111,"fhdRefID":53684,"fhdRevDt":"20190313","fhdONm":"Peter Robinson","fhdOEnt":"ODFW","fhdSpNm":"Brook trout","fhdRun":"NA","fhdLifeHst":"FluvRes","fhdUseTy":"Unknown","fhdBasis":"UndocObsFish","fhdStNm":"Cast Creek","fhdGenus":"Salvelinus","fhdSp":"fontinalis","fhdSubSp":null,"fhdOrig":"NonNative","fhdProd":"Natural","fhdComment":null,"fhdESH":"NA","fhdBasisD":null,"fhdNMF":"no","fhdBasisDt":null,"fhdBasisNm":null,"fhdBasisEnt":null,"fhdBasisPrj":null,"fhdBasisMethod":null,"fhdAccess":null,"fhdBarrierFtrID":null,"fhdEndExtent":null,"Shape__Length":5570.14268778176,"habitatType":"stream"},"id":114},
{"type":"Feature","geometry":{"type":"LineString","coordinates":[[-121.798646,45.355375],[-121.797766,45.356962],[-121.797529,45.358127],[-121.797849,45.35884],[-121.799355,45.359296],[-121.801509,45.361036],[-121.803739,45.361417],[-121.804618,45.36205],[-121.807305,45.362632],[-121.809376,45.363541],[-121.810918,45.364637],[-121.812162,45.364829],[-121.814201,45.367002],[-121.815544,45.36761],[-121.816142,45.368283],[-121.817655,45.369108],[-121.818595,45.369178],[-121.820979,45.370806],[-121.823524,45.372104],[-121.824997,45.373028],[-121.826565,45.373455],[-121.82924,45.374822],[-121.830866,45.374694],[-121.831861,45.375698],[-121.832481,45.378697]]},"properties":{"OBJECTID":115,"fhdFtrID":112,"fhdRefID":53684,"fhdRevDt":"20190313","fhdONm":"Peter Robinson","fhdOEnt":"ODFW","fhdSpNm":"Brook trout","fhdRun":"NA","fhdLifeHst":"FluvRes","fhdUseTy":"Unknown","fhdBasis":"UndocObsFish","fhdStNm":"Unnamed trib to Lost Creek","fhdGenus":"Salvelinus","fhdSp":"fontinalis","fhdSubSp":null,"fhdOrig":"NonNative","fhdProd":"Natural","fhdComment":null,"fhdESH":"NA","fhdBasisD":null,"fhdNMF":"no","fhdBasisDt":null,"fhdBasisNm":null,"fhdBasisEnt":null,"fhdBasisPrj":null,"fhdBasisMethod":null,"fhdAccess":null,"fhdBarrierFtrID":null,"fhdEndExtent":null,"Shape__Length":6280.812512702302,"habitatType":"stream"},"id":115},
{"type":"Feature","geometry":{"type":"LineString","coordinates":[[-122.247646,45.08975],[-122.251813,45.091778],[-122.254871,45.09286],[-122.258229,45.096884],[-122.25977,45.098125],[-122.260582,45.099728],[-122.261155,45.100085],[-122.262431,45.102044],[-122.262655,45.103027],[-122.263778,45.10424],[-122.265976,45.107166],[-122.266703,45.108516],[-122.267865,45.109285],[-122.268128,45.109949],[-122.27138,45.113379],[-122.272526,45.114181],[-122.274044,45.116003],[-122.274073,45.118681],[-122.27425,45.119751],[-122.275412,45.120553],[-122.275171,45.12215],[-122.272713,45.123411],[-122.270736,45.123931],[-122.269217,45.12504],[-122.268255,45.12629],[-122.266925,45.127303],[-122.266742,45.128395],[-122.265833,45.129218],[-122.265131,45.130748],[-122.263763,45.132485],[-122.263611,45.133803],[-122.260708,45.13766],[-122.258784,45.139857],[-122.256268,45.142375],[-122.25509,45.144257],[-122.251995,45.148058],[-122.250669,45.148792],[-122.250821,45.150031],[-122.249502,45.151134],[-122.248168,45.15383],[-122.247059,45.154498],[-122.245151,45.156938],[-122.24407,45.159037],[-122.243279,45.159464],[-122.242545,45.160495],[-122.2411,45.160746],[-122.241134,45.162038],[-122.240644,45.163898],[-122.240544,45.166832],[-122.240154,45.168036],[-122.240216,45.169629],[-122.238997,45.170076],[-122.239867,45.171904],[-122.23922,45.172665],[-122.23934,45.17371],[-122.237496,45.175408],[-122.236263,45.176269],[-122.235223,45.17831],[-122.233992,45.179116],[-122.234106,45.180327],[-122.235528,45.180733],[-122.235584,45.181395],[-122.235026,45.182949],[-122.233484,45.183775],[-122.232267,45.184141],[-122.231567,45.185311],[-122.231007,45.18695],[-122.230275,45.187926],[-122.229213,45.188292],[-122.229143,45.189228],[-122.226623,45.191434],[-122.226172,45.193187],[-122.226369,45.195514],[-122.225646,45.197043],[-122.22331,45.198332],[-122.223158,45.199566]]},"properties":{"OBJECTID":116,"fhdFtrID":113,"fhdRefID":53684,"fhdRevDt":"20190313","fhdONm":"Peter Robinson","fhdOEnt":"ODFW","fhdSpNm":"Brook trout","fhdRun":"NA","fhdLifeHst":"FluvRes","fhdUseTy":"Unknown","fhdBasis":"UndocObsFish","fhdStNm":"South Fork Clackamas River","fhdGenus":"Salvelinus","fhdSp":"fontinalis","fhdSubSp":null,"fhdOrig":"NonNative","fhdProd":"Natural","fhdComment":null,"fhdESH":"NA","fhdBasisD":null,"fhdNMF":"no","fhdBasisDt":null,"fhdBasisNm":null,"fhdBasisEnt":null,"fhdBasisPrj":null,"fhdBasisMethod":null,"fhdAccess":null,"fhdBarrierFtrID":null,"fhdEndExtent":null,"Shape__Length":21081.77253986113,"habitatType":"stream"},"id":116},
{"type":"Feature","geometry":{"type":"LineString","coordinates":[[-122.004964,44.895369],[-122.006552,44.896925],[-122.006057,44.898348],[-122.004405,44.899729],[-122.005032,44.901053],[-122.005677,44.901585],[-122.006118,44.902634],[-122.005427,44.904221],[-122.005165,44.905596],[-122.005706,44.907356],[-122.006463,44.908078],[-122.007215,44.910808],[-122.008392,44.911728],[-122.008944,44.912997],[-122.011608,44.91487],[-122.011972,44.915891],[-122.015255,44.917769],[-122.014735,44.918561],[-122.012915,44.918761],[-122.012478,44.919302],[-122.012631,44.9202],[-122.014614,44.92059],[-122.017301,44.923179],[-122.017324,44.923895],[-122.016213,44.925227],[-122.019186,44.926984],[-122.018754,44.929321],[-122.019972,44.930134],[-122.020644,44.931211],[-122.01985,44.931689],[-122.021031,44.932974],[-122.02326,44.933547],[-122.026405,44.934654],[-122.026719,44.93625],[-122.028666,44.937374],[-122.028375,44.938357],[-122.028837,44.938973],[-122.030372,44.939013],[-122.031443,44.93949],[-122.032844,44.940798],[-122.033837,44.941113],[-122.033984,44.941744],[-122.03342,44.942779],[-122.035384,44.94316],[-122.035963,44.944979],[-122.03505,44.945797],[-122.034718,44.947258],[-122.035484,44.9475],[-122.036045,44.94836],[-122.035985,44.950799],[-122.037577,44.950849],[-122.039247,44.952294],[-122.039468,44.952818],[-122.038891,44.954515],[-122.039323,44.955977],[-122.040082,44.956645],[-122.040318,44.960077],[-122.043781,44.962698],[-122.043632,44.964232],[-122.045281,44.966721],[-122.045931,44.967033],[-122.047478,44.966766],[-122.048872,44.966954],[-122.050164,44.966172],[-122.052294,44.966681],[-122.053448,44.966317],[-122.054876,44.966441],[-122.05556,44.967023],[-122.056064,44.9689],[-122.056882,44.970706],[-122.0573,44.972227],[-122.059255,44.97335],[-122.060612,44.97504],[-122.060671,44.975865],[-122.059069,44.976671],[-122.057314,44.978101],[-122.057237,44.979153],[-122.058351,44.979523],[-122.061365,44.981819],[-122.062811,44.982616],[-122.063294,44.984352],[-122.065341,44.985553],[-122.065848,44.986947],[-122.065297,44.989478],[-122.062845,44.990191],[-122.061606,44.991149],[-122.061971,44.992909],[-122.063234,44.993755],[-122.063049,44.995126],[-122.062301,44.996865],[-122.063172,44.998516],[-122.063299,44.99988],[-122.062203,45.001002],[-122.062172,45.002568],[-122.060042,45.004956],[-122.05946,45.006655],[-122.060583,45.007258],[-122.061587,45.010588],[-122.061439,45.013248],[-122.061596,45.015503],[-122.062181,45.016555],[-122.064104,45.017077],[-122.066451,45.017497],[-122.066981,45.017892],[-122.065871,45.02139],[-122.067253,45.021797],[-122.069331,45.020864],[-122.070801,45.020912],[-122.07179,45.021506],[-122.071595,45.02285],[-122.070826,45.023991],[-122.068488,45.025822],[-122.066994,45.026541],[-122.06571,45.026854],[-122.064604,45.027523],[-122.062661,45.030432],[-122.061022,45.032193]]},"properties":{"OBJECTID":117,"fhdFtrID":114,"fhdRefID":53684,"fhdRevDt":"20190313","fhdONm":"Peter Robinson","fhdOEnt":"ODFW","fhdSpNm":"Brook trout","fhdRun":"NA","fhdLifeHst":"FluvRes","fhdUseTy":"Unknown","fhdBasis":"UndocObsFish","fhdStNm":"Collawash River","fhdGenus":"Salvelinus","fhdSp":"fontinalis","fhdSubSp":null,"fhdOrig":"NonNative","fhdProd":"Natural","fhdComment":null,"fhdESH":"NA","fhdBasisD":null,"fhdNMF":"no","fhdBasisDt":null,"fhdBasisNm":null,"fhdBasisEnt":null,"fhdBasisPrj":null,"fhdBasisMethod":null,"fhdAccess":null,"fhdBarrierFtrID":null,"fhdEndExtent":null,"Shape__Length":29260.155567101945,"habitatType":"stream"},"id":117},
{"type":"Feature","geometry":{"type":"LineString","coordinates":[[-121.763937,45.114319],[-121.765843,45.114825],[-121.767919,45.116263],[-121.771777,45.117955],[-121.773094,45.118372],[-121.775488,45.119481],[-121.779703,45.120295],[-121.782493,45.120696],[-121.785941,45.120818],[-121.789979,45.120342],[-121.7927,45.119448],[-121.799086,45.11664],[-121.800559,45.116179],[-121.806286,45.113733],[-121.807696,45.113458],[-121.809692,45.112706],[-121.811079,45.112752],[-121.811762,45.113191],[-121.81365,45.113431],[-121.814662,45.112942],[-121.81506,45.111844],[-121.814392,45.110423],[-121.815019,45.109332],[-121.816096,45.10874],[-121.816996,45.107786],[-121.817511,45.106603],[-121.818911,45.106006],[-121.820462,45.105986],[-121.822632,45.106404],[-121.822994,45.104922],[-121.823489,45.104252],[-121.824971,45.103876],[-121.827146,45.104088],[-121.827806,45.103924],[-121.829346,45.10272],[-121.834934,45.101827],[-121.837319,45.102009],[-121.838006,45.101368],[-121.840106,45.1012],[-121.841365,45.100241],[-121.841377,45.098783],[-121.842371,45.096749],[-121.842529,45.09563],[-121.842189,45.094556],[-121.841401,45.0938],[-121.839876,45.093038],[-121.837467,45.093904],[-121.836457,45.093647],[-121.836381,45.093088],[-121.837262,45.092349],[-121.838724,45.091959],[-121.839732,45.09111],[-121.840419,45.088934],[-121.842645,45.089119],[-121.845203,45.087524],[-121.848354,45.086102],[-121.84926,45.0863],[-121.849884,45.087441],[-121.851042,45.088051],[-121.852791,45.087344],[-121.852954,45.086329],[-121.853703,45.084928],[-121.85456,45.08441],[-121.855799,45.084409],[-121.85959,45.083366],[-121.863054,45.083315],[-121.864368,45.083734],[-121.865763,45.083792],[-121.868285,45.083255],[-121.869559,45.084001],[-121.872311,45.083871],[-121.873815,45.084759],[-121.875091,45.085064],[-121.876734,45.084779],[-121.8785,45.083419],[-121.882557,45.081722],[-121.885596,45.080757],[-121.887393,45.079811],[-121.88914,45.080277],[-121.893622,45.080493],[-121.895488,45.080151],[-121.899149,45.078971],[-121.902137,45.078748],[-121.903489,45.079062],[-121.904425,45.078657],[-121.905662,45.078804],[-121.9066,45.078291],[-121.908459,45.078441],[-121.909083,45.078117],[-121.911724,45.077782],[-121.914665,45.07808],[-121.916064,45.07776],[-121.921527,45.077884],[-121.922734,45.077509],[-121.923433,45.076577],[-121.924844,45.076318],[-121.927366,45.076613],[-121.929454,45.076438],[-121.930312,45.076059],[-121.932311,45.074619],[-121.932995,45.073814],[-121.93376,45.073557],[-121.937279,45.071502],[-121.938174,45.071285],[-121.941671,45.071305],[-121.943117,45.070994],[-121.945474,45.070187],[-121.946749,45.0705],[-121.949093,45.071782],[-121.951835,45.072406],[-121.954162,45.072288],[-121.955271,45.073311],[-121.956195,45.073621],[-121.957871,45.073002],[-121.959124,45.072923]]},"properties":{"OBJECTID":118,"fhdFtrID":115,"fhdRefID":53684,"fhdRevDt":"20190313","fhdONm":"Peter Robinson","fhdOEnt":"ODFW","fhdSpNm":"Brook trout","fhdRun":"NA","fhdLifeHst":"FluvRes","fhdUseTy":"Unknown","fhdBasis":"UndocObsFish","fhdStNm":"Oak Grove Fork Clackamas River","fhdGenus":"Salvelinus","fhdSp":"fontinalis","fhdSubSp":null,"fhdOrig":"NonNative","fhdProd":"Natural","fhdComment":null,"fhdESH":"NA","fhdBasisD":null,"fhdNMF":"no","fhdBasisDt":null,"fhdBasisNm":null,"fhdBasisEnt":null,"fhdBasisPrj":null,"fhdBasisMethod":null,"fhdAccess":null,"fhdBarrierFtrID":null,"fhdEndExtent":null,"Shape__Length":28662.400654628556,"habitatType":"stream"},"id":118},
{"type":"Feature","geometry":{"type":"LineString","coordinates":[[-122.030463,43.643761],[-122.031754,43.643763],[-122.032711,43.643172],[-122.033859,43.642894],[-122.034481,43.640914],[-122.033286,43.639558],[-122.034961,43.638307],[-122.03639,43.63822],[-122.035965,43.63723],[-122.036253,43.636049],[-122.038549,43.636154],[-122.038836,43.635737],[-122.040499,43.635864],[-122.041727,43.6356],[-122.042469,43.63484],[-122.043672,43.632964],[-122.045571,43.63108],[-122.046834,43.630717],[-122.049212,43.630786],[-122.050889,43.629558],[-122.051798,43.6298],[-122.052515,43.631188],[-122.053615,43.631363],[-122.05481,43.631018],[-122.055671,43.630322],[-122.057537,43.629383],[-122.058732,43.62834],[-122.059593,43.626605],[-122.061171,43.624695],[-122.061315,43.623931],[-122.062942,43.622229],[-122.066146,43.620873],[-122.067486,43.619691],[-122.06849,43.619137],[-122.06978,43.619066],[-122.070738,43.618336],[-122.074133,43.617328],[-122.076363,43.615441],[-122.077575,43.615001],[-122.079201,43.614861],[-122.080348,43.615068],[-122.081448,43.614825],[-122.082213,43.615241],[-122.082691,43.616249],[-122.086038,43.615555],[-122.086576,43.615632],[-122.089626,43.615701],[-122.090398,43.615041],[-122.0903,43.614023],[-122.093543,43.613454],[-122.096521,43.613959],[-122.097961,43.61475],[-122.099425,43.614649],[-122.100813,43.615353]]},"properties":{"OBJECTID":119,"fhdFtrID":116,"fhdRefID":53578,"fhdRevDt":"20190313","fhdONm":"Ed Hall","fhdOEnt":"USFS","fhdSpNm":"Brook trout","fhdRun":"NA","fhdLifeHst":"FluvRes","fhdUseTy":"Unknown","fhdBasis":"DocObsFish","fhdStNm":"Salt Creek","fhdGenus":"Salvelinus","fhdSp":"fontinalis","fhdSubSp":null,"fhdOrig":"NonNative","fhdProd":"Natural","fhdComment":null,"fhdESH":"NA","fhdBasisD":null,"fhdNMF":"no","fhdBasisDt":null,"fhdBasisNm":null,"fhdBasisEnt":null,"fhdBasisPrj":null,"fhdBasisMethod":"Electrofishing","fhdAccess":null,"fhdBarrierFtrID":null,"fhdEndExtent":null,"Shape__Length":11665.6710543205,"habitatType":"stream"},"id":119},
{"type":"Feature","geometry":{"type":"MultiLineString","coordinates":[[[-122.030463,43.643761],[-122.029664,43.643848]],[[-122.244027,43.677696],[-122.242198,43.675478],[-122.242015,43.674954],[-122.240004,43.673392],[-122.237551,43.671817],[-122.235936,43.669673],[-122.234448,43.668115],[-122.23469,43.667067],[-122.234306,43.665678],[-122.234573,43.664676],[-122.233711,43.663279],[-122.232555,43.660552],[-122.232395,43.659214],[-122.231512,43.658631],[-122.230236,43.658524],[-122.228896,43.657655],[-122.228513,43.657099],[-122.22679,43.656267],[-122.225395,43.655169],[-122.223871,43.655158],[-122.222122,43.653814],[-122.220857,43.653769],[-122.218206,43.653038],[-122.215977,43.651926],[-122.212149,43.648978],[-122.209183,43.64762],[-122.208609,43.64717],[-122.206935,43.646893],[-122.204686,43.645887],[-122.200812,43.644806],[-122.199185,43.645016],[-122.19555,43.646196],[-122.194259,43.645886],[-122.192927,43.644695],[-122.191294,43.644982],[-122.190744,43.644326],[-122.188041,43.643001],[-122.187527,43.641677],[-122.185369,43.640799],[-122.185122,43.640099],[-122.184262,43.639458],[-122.182492,43.638765],[-122.181392,43.638938],[-122.178475,43.638345],[-122.17704,43.636331],[-122.174888,43.635915],[-122.17329,43.635354],[-122.173135,43.634731],[-122.171426,43.633999],[-122.168476,43.633491],[-122.167544,43.633493],[-122.165467,43.632438],[-122.163124,43.63275],[-122.161627,43.632541],[-122.160387,43.63193],[-122.158123,43.631934],[-122.157293,43.631626],[-122.156202,43.63204],[-122.154944,43.631291],[-122.15442,43.630281],[-122.152459,43.62983],[-122.149973,43.628682],[-122.148635,43.627569],[-122.148472,43.626397],[-122.146101,43.62538],[-122.144427,43.625484],[-122.14322,43.624453],[-122.142343,43.624222],[-122.142583,43.623179],[-122.143221,43.622252],[-122.142343,43.62202],[-122.141706,43.621268],[-122.142263,43.620511],[-122.141626,43.619701],[-122.139234,43.618427],[-122.137799,43.618078],[-122.13748,43.617441],[-122.137878,43.616805],[-122.136922,43.615938],[-122.13724,43.61472],[-122.136044,43.613964],[-122.136044,43.613095],[-122.135359,43.612626],[-122.134019,43.613075],[-122.132442,43.612797],[-122.129526,43.612622],[-122.128523,43.611682],[-122.129194,43.610711],[-122.127808,43.610295],[-122.126564,43.610884],[-122.124667,43.609807],[-122.124427,43.609215],[-122.12218,43.609009],[-122.119838,43.609221],[-122.117975,43.609882],[-122.114919,43.609241],[-122.114117,43.60924],[-122.112952,43.610059],[-122.112237,43.610197],[-122.111546,43.611178],[-122.108556,43.611308],[-122.106008,43.612278],[-122.104493,43.612352],[-122.103776,43.613013],[-122.103257,43.614193],[-122.101898,43.615375],[-122.100813,43.615353]]]},"properties":{"OBJECTID":120,"fhdFtrID":116,"fhdRefID":53578,"fhdRevDt":"20190314","fhdONm":"Ed Hall","fhdOEnt":"USFS","fhdSpNm":"Brook trout","fhdRun":"NA","fhdLifeHst":"FluvRes","fhdUseTy":"Unknown","fhdBasis":"DocObsFish","fhdStNm":"Salt Creek","fhdGenus":"Salvelinus","fhdSp":"fontinalis","fhdSubSp":null,"fhdOrig":"NonNative","fhdProd":"Natural","fhdComment":null,"fhdESH":"NA","fhdBasisD":null,"fhdNMF":"no","fhdBasisDt":null,"fhdBasisNm":null,"fhdBasisEnt":null,"fhdBasisPrj":null,"fhdBasisMethod":"Electrofishing","fhdAccess":null,"fhdBarrierFtrID":null,"fhdEndExtent":null,"Shape__Length":23602.94797878907,"habitatType":"stream"},"id":120},
{"type":"Feature","geometry":{"type":"LineString","coordinates":[[-121.987956,44.493638],[-121.989958,44.494889],[-121.990755,44.494674],[-121.991806,44.495085],[-121.992618,44.494608],[-121.993546,44.494744],[-121.995064,44.494447],[-121.996352,44.494864],[-121.99689,44.49544],[-121.999252,44.495987],[-121.999521,44.496767],[-122.000326,44.496892],[-122.001787,44.498417],[-122.001986,44.499163],[-122.004316,44.501986],[-122.003279,44.503813],[-122.003731,44.504483],[-122.003116,44.506052],[-122.00346,44.507046],[-122.001194,44.510194],[-122.000552,44.511848],[-122.000492,44.513675],[-122.000187,44.515398],[-121.999123,44.516963],[-121.998073,44.517814],[-121.997108,44.519313],[-121.996956,44.520811],[-121.996473,44.521096],[-121.995294,44.522853],[-121.99554,44.523319],[-121.99719,44.524658],[-121.997337,44.525837],[-121.99667,44.526425],[-121.996933,44.528389],[-121.995778,44.531501],[-121.995327,44.533159],[-121.996302,44.5338],[-121.997523,44.535183],[-121.997249,44.537224],[-121.996513,44.537982],[-121.996016,44.539321],[-121.995986,44.540227],[-121.997093,44.541856],[-121.997025,44.543387],[-121.996328,44.544507],[-121.995101,44.545567],[-121.994841,44.546225],[-121.99512,44.548843],[-121.99431,44.552575],[-121.994572,44.553458],[-121.995309,44.553995],[-121.995679,44.555241],[-121.996701,44.556574],[-121.997952,44.557018],[-121.997976,44.557879],[-121.998492,44.559108],[-121.999583,44.560452],[-122.000812,44.561335],[-122.000324,44.564195],[-122.000348,44.564941],[-122.001348,44.568029],[-121.999671,44.570791],[-121.998781,44.57179],[-121.996702,44.57324],[-121.994891,44.573861],[-121.992396,44.574147],[-121.990907,44.575026],[-121.989364,44.574407],[-121.988181,44.574286],[-121.986124,44.57483],[-121.984543,44.57583],[-121.983768,44.576686],[-121.983847,44.578365],[-121.983371,44.579512],[-121.983012,44.581905],[-121.984334,44.583348],[-121.983836,44.584402],[-121.983729,44.58568],[-121.983262,44.586246],[-121.981396,44.587004],[-121.980453,44.588425],[-121.980361,44.58955],[-121.978627,44.590747],[-121.978044,44.591752],[-121.976677,44.593107],[-121.975511,44.594639],[-121.973261,44.595408],[-121.971342,44.597345],[-121.969023,44.59801],[-121.965544,44.599328],[-121.965007,44.600052],[-121.963717,44.600727],[-121.963288,44.602928],[-121.963588,44.604827],[-121.96153,44.606259],[-121.9616,44.606808],[-121.960909,44.607697],[-121.960948,44.60919],[-121.957921,44.610666],[-121.957515,44.611725],[-121.954895,44.612417]]},"properties":{"OBJECTID":121,"fhdFtrID":117,"fhdRefID":53684,"fhdRevDt":"20190313","fhdONm":"Peter Robinson","fhdOEnt":"ODFW","fhdSpNm":"Brook trout","fhdRun":"NA","fhdLifeHst":"FluvRes","fhdUseTy":"Unknown","fhdBasis":"UndocObsFish","fhdStNm":"North Santiam River","fhdGenus":"Salvelinus","fhdSp":"fontinalis","fhdSubSp":null,"fhdOrig":"NonNative","fhdProd":"Natural","fhdComment":null,"fhdESH":"NA","fhdBasisD":null,"fhdNMF":"no","fhdBasisDt":null,"fhdBasisNm":null,"fhdBasisEnt":null,"fhdBasisPrj":null,"fhdBasisMethod":null,"fhdAccess":null,"fhdBarrierFtrID":null,"fhdEndExtent":null,"Shape__Length":23969.053754354434,"habitatType":"stream"},"id":121},
{"type":"Feature","geometry":{"type":"LineString","coordinates":[[-121.939077,44.60186],[-121.938455,44.600779],[-121.937456,44.600098],[-121.93698,44.598573],[-121.93695,44.595725],[-121.93612,44.594643],[-121.935222,44.594298],[-121.933056,44.594347],[-121.931267,44.593628],[-121.930215,44.59371],[-121.929009,44.593194],[-121.927189,44.593205],[-121.925568,44.59287],[-121.924893,44.591613],[-121.923565,44.590285],[-121.920578,44.589802],[-121.918904,44.588451],[-121.916463,44.586761],[-121.915688,44.585251],[-121.91651,44.584308],[-121.918016,44.581839],[-121.91787,44.580675],[-121.914132,44.577245],[-121.913695,44.576553],[-121.914279,44.575527],[-121.911086,44.573633],[-121.909812,44.572601],[-121.907694,44.57197],[-121.906443,44.571058],[-121.902259,44.570321],[-121.89866,44.56953],[-121.89651,44.569469],[-121.891943,44.569006],[-121.888719,44.568329],[-121.885572,44.567845],[-121.884475,44.567828],[-121.882256,44.568535],[-121.88055,44.569988]]},"properties":{"OBJECTID":122,"fhdFtrID":118,"fhdRefID":53684,"fhdRevDt":"20190313","fhdONm":"Peter Robinson","fhdOEnt":"ODFW","fhdSpNm":"Brook trout","fhdRun":"NA","fhdLifeHst":"FluvRes","fhdUseTy":"Unknown","fhdBasis":"UndocObsFish","fhdStNm":"Marion Creek","fhdGenus":"Salvelinus","fhdSp":"fontinalis","fhdSubSp":null,"fhdOrig":"NonNative","fhdProd":"Natural","fhdComment":null,"fhdESH":"NA","fhdBasisD":null,"fhdNMF":"no","fhdBasisDt":null,"fhdBasisNm":null,"fhdBasisEnt":null,"fhdBasisPrj":null,"fhdBasisMethod":null,"fhdAccess":null,"fhdBarrierFtrID":null,"fhdEndExtent":null,"Shape__Length":10275.249746811704,"habitatType":"stream"},"id":122},
{"type":"Feature","geometry":{"type":"LineString","coordinates":[[-121.611277,43.566849],[-121.609948,43.568098],[-121.609137,43.568458],[-121.609529,43.569067],[-121.610639,43.569409],[-121.611202,43.570303],[-121.611049,43.572027],[-121.61144,43.573503],[-121.612444,43.574796],[-121.610117,43.575829],[-121.610215,43.576694],[-121.609453,43.577286],[-121.61023,43.577687],[-121.610083,43.578913],[-121.61109,43.580038],[-121.610459,43.580664],[-121.612118,43.581255],[-121.613102,43.582734],[-121.612005,43.583054],[-121.612556,43.584769],[-121.613865,43.585348],[-121.613422,43.587526],[-121.612655,43.587608],[-121.611492,43.587109],[-121.610864,43.587559],[-121.612116,43.588224],[-121.611981,43.589097]]},"properties":{"OBJECTID":123,"fhdFtrID":119,"fhdRefID":53578,"fhdRevDt":"20190312","fhdONm":"Chris Yamasaki","fhdOEnt":"USFS","fhdSpNm":"Brook trout","fhdRun":"NA","fhdLifeHst":"FluvRes","fhdUseTy":"Unknown","fhdBasis":"UndocObsFish","fhdStNm":"Little Deschutes River","fhdGenus":"Salvelinus","fhdSp":"fontinalis","fhdSubSp":null,"fhdOrig":"NonNative","fhdProd":"Natural","fhdComment":null,"fhdESH":"NA","fhdBasisD":null,"fhdNMF":"no","fhdBasisDt":null,"fhdBasisNm":null,"fhdBasisEnt":"USFS Deschutes NF","fhdBasisPrj":null,"fhdBasisMethod":null,"fhdAccess":null,"fhdBarrierFtrID":null,"fhdEndExtent":null,"Shape__Length":6228.089193325879,"habitatType":"stream"},"id":123},
{"type":"Feature","geometry":{"type":"LineString","coordinates":[[-121.698016,43.463663],[-121.6982,43.464052],[-121.696665,43.46573]]},"properties":{"OBJECTID":124,"fhdFtrID":120,"fhdRefID":53578,"fhdRevDt":"20190312","fhdONm":"Chris Yamasaki","fhdOEnt":"USFS","fhdSpNm":"Brook trout","fhdRun":"NA","fhdLifeHst":"FluvRes","fhdUseTy":"Unknown","fhdBasis":"UndocObsFish","fhdStNm":"Little Deschutes River","fhdGenus":"Salvelinus","fhdSp":"fontinalis","fhdSubSp":null,"fhdOrig":"NonNative","fhdProd":"Natural","fhdComment":null,"fhdESH":"NA","fhdBasisD":null,"fhdNMF":"no","fhdBasisDt":null,"fhdBasisNm":null,"fhdBasisEnt":"USFS Deschutes NF","fhdBasisPrj":null,"fhdBasisMethod":null,"fhdAccess":null,"fhdBarrierFtrID":null,"fhdEndExtent":null,"Shape__Length":413.21401657990367,"habitatType":"stream"},"id":124},
{"type":"Feature","geometry":{"type":"MultiLineString","coordinates":[[[-121.784872,43.75516],[-121.784071,43.754471],[-121.783375,43.751182],[-121.782485,43.750272],[-121.782247,43.747537],[-121.781812,43.746771],[-121.782425,43.744549],[-121.782084,43.743911],[-121.779952,43.743478],[-121.779923,43.74278],[-121.780775,43.742497],[-121.780746,43.74143],[-121.778935,43.741428],[-121.7782,43.740889],[-121.778568,43.739885],[-121.779939,43.739674],[-121.780184,43.7392],[-121.779424,43.73812],[-121.779442,43.736608],[-121.780409,43.736087],[-121.780825,43.735155],[-121.781797,43.734994],[-121.783545,43.735742],[-121.783552,43.734167],[-121.784277,43.733891],[-121.785534,43.734471],[-121.786652,43.73379],[-121.787155,43.732255],[-121.787851,43.730966],[-121.787807,43.730111],[-121.786957,43.72957],[-121.786734,43.728771],[-121.787124,43.727893],[-121.786955,43.727036],[-121.785848,43.725925],[-121.786132,43.724785],[-121.785842,43.723747],[-121.786404,43.723064],[-121.785109,43.722681],[-121.783162,43.722561],[-121.782905,43.721775],[-121.783708,43.720748],[-121.784803,43.719976],[-121.785077,43.718728],[-121.783461,43.718819],[-121.782022,43.718191],[-121.782177,43.716644],[-121.780659,43.716844],[-121.778745,43.716409],[-121.777597,43.714875],[-121.778067,43.714367],[-121.779289,43.714092],[-121.779984,43.713514],[-121.77986,43.712892],[-121.778241,43.711902],[-121.777535,43.711219],[-121.775444,43.710909],[-121.77356,43.710168],[-121.7728,43.709453],[-121.771037,43.709497],[-121.769284,43.708407],[-121.766787,43.707326],[-121.765236,43.706103],[-121.764845,43.704559],[-121.764869,43.702795],[-121.763743,43.700829],[-121.761919,43.700197],[-121.760533,43.699277],[-121.760407,43.698177],[-121.760872,43.697273],[-121.759867,43.697262],[-121.758567,43.698337],[-121.758113,43.699872],[-121.757455,43.700477],[-121.755497,43.700339],[-121.755054,43.699577],[-121.75403,43.699269],[-121.7525,43.700036],[-121.751417,43.699024],[-121.749758,43.698088],[-121.750266,43.696837],[-121.748729,43.696393],[-121.748063,43.695269],[-121.747887,43.694259],[-121.74815,43.69274],[-121.746445,43.692393],[-121.745992,43.691726],[-121.747134,43.691248],[-121.746974,43.690706],[-121.745772,43.690134],[-121.745147,43.689362],[-121.74375,43.689144],[-121.744121,43.68805],[-121.742894,43.687546],[-121.742317,43.68663],[-121.743396,43.685692],[-121.744053,43.684655],[-121.743326,43.68308],[-121.744271,43.681907],[-121.742282,43.680264],[-121.741892,43.679445],[-121.741789,43.677593],[-121.740965,43.676995],[-121.739635,43.676908],[-121.737849,43.676478],[-121.736483,43.676792],[-121.735301,43.678566],[-121.733554,43.679168],[-121.731429,43.678609],[-121.729897,43.678403],[-121.727901,43.678862],[-121.72624,43.678681],[-121.725213,43.67908],[-121.724487,43.680193],[-121.721552,43.680151],[-121.720066,43.678788],[-121.718699,43.679241],[-121.719111,43.680619],[-121.718709,43.681258],[-121.717131,43.679917],[-121.716122,43.679667],[-121.715517,43.680119],[-121.715954,43.680858],[-121.717506,43.681753],[-121.717916,43.682271],[-121.716782,43.683303],[-121.715011,43.683359],[-121.712333,43.681218],[-121.710766,43.679661],[-121.711551,43.678224],[-121.711531,43.677432],[-121.710627,43.676679],[-121.709468,43.676841],[-121.708608,43.67829],[-121.707012,43.678817],[-121.705675,43.677681],[-121.702723,43.677264],[-121.702036,43.676658],[-121.701181,43.675055],[-121.700466,43.674821],[-121.699418,43.675165],[-121.697916,43.676553],[-121.698226,43.67711],[-121.6999,43.677417],[-121.699397,43.678775],[-121.697947,43.679655],[-121.696724,43.679479],[-121.695357,43.678882],[-121.693912,43.67779],[-121.692976,43.677703],[-121.69293,43.679381],[-121.692157,43.68003],[-121.692722,43.681157],[-121.69665,43.682057],[-121.696908,43.683051],[-121.69638,43.683999],[-121.694749,43.684876],[-121.693781,43.684901],[-121.692211,43.683537],[-121.691667,43.683513],[-121.689161,43.684236],[-121.688192,43.685355],[-121.685563,43.687765],[-121.683832,43.688177],[-121.682535,43.688941],[-121.680535,43.689179],[-121.679931,43.688501],[-121.679698,43.687409],[-121.678434,43.686886],[-121.676285,43.688018],[-121.673227,43.689216],[-121.672215,43.689065],[-121.670465,43.688221],[-121.66584,43.688999],[-121.665374,43.688265],[-121.665461,43.687469],[-121.663996,43.686317],[-121.662841,43.686115],[-121.661117,43.686639],[-121.660973,43.68869],[-121.659473,43.689352],[-121.659823,43.690716],[-121.660949,43.691873],[-121.660901,43.693011],[-121.660379,43.693532],[-121.657851,43.695114],[-121.65609,43.696489],[-121.6551,43.696927],[-121.65262,43.695872],[-121.651705,43.697324],[-121.652142,43.698932],[-121.65199,43.699538],[-121.651078,43.700328],[-121.649512,43.700805],[-121.647602,43.702489],[-121.644831,43.70468],[-121.643761,43.706355],[-121.64002,43.70853],[-121.639644,43.709395],[-121.63997,43.710353],[-121.640125,43.712561],[-121.638955,43.713343],[-121.638192,43.713334],[-121.635865,43.71206],[-121.633818,43.711765],[-121.631315,43.712212],[-121.629922,43.712745],[-121.629005,43.713783],[-121.629041,43.71485],[-121.629943,43.716293],[-121.631694,43.717043],[-121.633197,43.716773],[-121.634565,43.715416],[-121.635164,43.715855],[-121.634924,43.71669],[-121.631971,43.718748],[-121.6316,43.71972],[-121.62986,43.7192],[-121.630014,43.72039],[-121.631691,43.721203],[-121.633379,43.721678],[-121.634002,43.722545],[-121.633473,43.72343],[-121.631924,43.724744],[-121.632098,43.7262],[-121.631251,43.726663],[-121.630354,43.726431],[-121.629712,43.724852],[-121.627943,43.724259],[-121.626813,43.724899],[-121.626603,43.726224],[-121.627756,43.726076],[-121.631415,43.727812],[-121.632194,43.728371],[-121.632194,43.729352],[-121.631255,43.729805],[-121.626837,43.73022],[-121.626152,43.731197],[-121.625403,43.731391],[-121.623639,43.73029],[-121.623123,43.730292],[-121.622096,43.732157],[-121.622022,43.733701],[-121.621287,43.734592],[-121.61927,43.734991],[-121.617455,43.736171],[-121.616736,43.737306],[-121.613709,43.738268],[-121.611418,43.738574],[-121.609623,43.738448],[-121.607673,43.738897],[-121.606778,43.73958],[-121.606678,43.740362],[-121.607103,43.742595],[-121.608086,43.743422],[-121.608681,43.744424],[-121.610286,43.745065],[-121.609931,43.747073],[-121.607749,43.748024],[-121.605822,43.748446],[-121.603769,43.749154],[-121.602466,43.749152],[-121.597859,43.747403],[-121.595282,43.747052],[-121.593962,43.746684],[-121.59279,43.746827],[-121.592761,43.747943],[-121.59113,43.748747],[-121.589714,43.750521],[-121.588334,43.751594],[-121.587363,43.751829],[-121.586046,43.752776],[-121.586432,43.753875],[-121.588608,43.753974],[-121.590282,43.753401],[-121.590523,43.754637],[-121.591587,43.756073],[-121.591382,43.757799],[-121.590244,43.758861],[-121.588345,43.758797],[-121.588054,43.75805],[-121.588896,43.75744],[-121.589716,43.756342],[-121.589046,43.755641],[-121.586837,43.755713],[-121.585875,43.756583],[-121.584733,43.758955],[-121.583633,43.75891],[-121.582964,43.757943],[-121.58338,43.757038],[-121.584469,43.755832],[-121.583858,43.754775],[-121.582392,43.754307],[-121.580935,43.754964],[-121.58088,43.75671],[-121.57974,43.757686],[-121.580335,43.758608],[-121.580306,43.759814],[-121.580824,43.760657],[-121.579136,43.762406],[-121.578675,43.763345],[-121.579209,43.765792],[-121.577793,43.766099],[-121.575662,43.764825],[-121.572495,43.764232],[-121.571105,43.764318],[-121.56985,43.764752],[-121.568775,43.764748],[-121.566504,43.763639],[-121.563727,43.763456],[-121.56122,43.763542],[-121.559967,43.763072],[-121.559098,43.763203],[-121.558589,43.764272],[-121.557621,43.7641],[-121.557031,43.763135],[-121.555495,43.763147],[-121.554026,43.763486],[-121.552789,43.764195],[-121.552314,43.766417],[-121.550542,43.766842],[-121.548713,43.767654],[-121.545044,43.767115],[-121.543818,43.765362],[-121.542427,43.765881],[-121.540474,43.76587],[-121.538341,43.766187],[-121.537297,43.766777],[-121.537071,43.767992],[-121.538481,43.769665],[-121.538154,43.771312],[-121.539172,43.772154],[-121.538868,43.773451],[-121.537546,43.773889],[-121.536321,43.773859],[-121.534848,43.773181],[-121.533211,43.771616],[-121.533425,43.770079],[-121.532648,43.769756],[-121.531254,43.770366],[-121.529586,43.772205],[-121.529119,43.773704],[-121.530752,43.775828],[-121.529542,43.776173],[-121.527545,43.77521],[-121.525862,43.774706],[-121.523662,43.774616],[-121.522786,43.773799],[-121.521485,43.773903],[-121.518891,43.773238],[-121.517448,43.772045],[-121.516384,43.772092],[-121.516033,43.773333],[-121.517223,43.774318],[-121.516368,43.775575],[-121.51551,43.775848],[-121.51347,43.775614],[-121.512317,43.776186],[-121.513229,43.77699],[-121.515214,43.776703],[-121.516278,43.778076],[-121.517509,43.779103],[-121.518251,43.780204],[-121.518089,43.780769],[-121.516703,43.781702],[-121.517047,43.782456],[-121.518935,43.782271],[-121.519171,43.783239],[-121.516279,43.783129],[-121.514979,43.783746],[-121.515027,43.784297],[-121.516246,43.784987],[-121.516579,43.785617],[-121.51596,43.787371],[-121.514689,43.786896],[-121.513636,43.787048],[-121.5111,43.786831],[-121.510412,43.787221],[-121.510469,43.788514],[-121.509578,43.788601],[-121.508209,43.788247],[-121.506782,43.788621],[-121.506022,43.789561],[-121.505949,43.790782],[-121.506273,43.7913],[-121.508089,43.792195],[-121.508108,43.792921],[-121.50663,43.794022],[-121.506943,43.795034],[-121.50494,43.795316],[-121.504207,43.795011],[-121.502443,43.792909],[-121.501248,43.792464],[-121.500785,43.793106],[-121.500854,43.793962],[-121.501977,43.793995],[-121.502966,43.794413],[-121.502838,43.795582],[-121.501675,43.797074],[-121.499817,43.796793],[-121.499228,43.797832],[-121.50077,43.798945],[-121.50231,43.799294],[-121.503772,43.799286],[-121.504193,43.799692],[-121.504242,43.800944],[-121.503901,43.801439],[-121.501522,43.801953],[-121.499762,43.803096],[-121.499484,43.803813],[-121.501154,43.805182],[-121.501001,43.806331],[-121.499735,43.806989],[-121.498864,43.80886],[-121.497267,43.809221],[-121.495371,43.809377],[-121.49496,43.809677],[-121.496956,43.811167],[-121.496578,43.812584],[-121.49497,43.813877],[-121.494079,43.813798],[-121.492236,43.813126],[-121.491921,43.81386],[-121.493089,43.81487],[-121.496653,43.815871],[-121.498765,43.815715],[-121.499303,43.816973],[-121.498703,43.8176],[-121.49739,43.817903],[-121.493932,43.817735],[-121.492263,43.81738],[-121.490322,43.817544],[-121.489584,43.818506],[-121.490141,43.819909],[-121.490982,43.820735],[-121.490543,43.822071],[-121.489425,43.822331],[-121.487635,43.821996],[-121.486375,43.821453],[-121.484357,43.820179],[-121.483038,43.820288],[-121.482483,43.821581],[-121.483671,43.823709],[-121.48295,43.824536],[-121.481769,43.824575],[-121.480288,43.823682],[-121.479342,43.822404],[-121.477567,43.82238],[-121.476736,43.82277],[-121.475217,43.825563],[-121.474268,43.825713],[-121.473281,43.825195],[-121.472977,43.823994],[-121.47247,43.823352],[-121.471366,43.823914],[-121.471636,43.824854],[-121.472442,43.825751],[-121.474076,43.826655],[-121.47535,43.82801],[-121.473945,43.829476],[-121.473202,43.831659],[-121.472639,43.831953],[-121.470191,43.831826],[-121.46967,43.832557],[-121.470619,43.833619],[-121.472395,43.833435],[-121.473648,43.832633],[-121.474924,43.832506],[-121.474977,43.833398],[-121.473694,43.834704],[-121.470752,43.835984],[-121.468716,43.836128],[-121.465882,43.835662],[-121.465089,43.835921],[-121.464512,43.837413],[-121.463544,43.837989],[-121.462544,43.838003],[-121.460976,43.837392],[-121.460538,43.837935],[-121.461119,43.839537],[-121.462116,43.840297],[-121.463584,43.840799],[-121.46523,43.841744],[-121.466329,43.842718],[-121.466446,43.843295],[-121.466022,43.846027],[-121.465497,43.846605],[-121.463809,43.847014],[-121.462968,43.846967],[-121.460537,43.846007],[-121.459665,43.846018],[-121.457654,43.847004],[-121.45673,43.848544],[-121.457038,43.850169],[-121.457768,43.850877],[-121.459677,43.851501],[-121.460177,43.852683],[-121.459059,43.85328],[-121.456573,43.853512],[-121.454699,43.853401],[-121.453409,43.853996],[-121.453324,43.854536],[-121.454336,43.855219],[-121.457497,43.856514],[-121.457751,43.857098],[-121.457039,43.859488],[-121.455859,43.861097],[-121.452527,43.862605],[-121.452052,43.86335],[-121.452529,43.864162],[-121.455126,43.864535],[-121.457084,43.864557],[-121.45845,43.86404],[-121.460125,43.863833],[-121.461334,43.864061],[-121.462122,43.865233],[-121.462173,43.866845],[-121.460774,43.868663],[-121.460524,43.87001],[-121.462084,43.8718],[-121.463677,43.873195]],[[-121.445787,43.90426],[-121.444328,43.904949],[-121.443244,43.906317],[-121.443603,43.907978],[-121.443436,43.908867],[-121.442443,43.910227],[-121.442262,43.911354],[-121.443539,43.912141],[-121.442842,43.913082],[-121.443123,43.914333],[-121.445259,43.915825],[-121.44747,43.916769],[-121.448237,43.917675],[-121.446879,43.918818],[-121.446242,43.91984],[-121.446722,43.920986],[-121.449142,43.924539],[-121.447275,43.925927],[-121.447533,43.926529],[-121.450579,43.927894],[-121.450901,43.928529],[-121.450384,43.929125],[-121.448426,43.929832],[-121.44595,43.930492],[-121.444121,43.93125],[-121.442267,43.93167],[-121.43998,43.930982],[-121.436454,43.92957],[-121.434775,43.929079],[-121.430536,43.928543],[-121.428599,43.929057],[-121.427537,43.93001],[-121.427257,43.932104],[-121.426726,43.933042],[-121.425656,43.93382],[-121.424318,43.933725],[-121.422336,43.932878],[-121.421848,43.932277],[-121.420124,43.931817],[-121.416683,43.932881],[-121.41388,43.932392],[-121.411524,43.930518],[-121.410651,43.931082],[-121.410576,43.933399],[-121.409878,43.935123],[-121.410745,43.936004],[-121.411642,43.937907],[-121.412772,43.938652],[-121.412925,43.940058]]]},"properties":{"OBJECTID":125,"fhdFtrID":121,"fhdRefID":53718,"fhdRevDt":"20190521","fhdONm":"Kevin Stertz","fhdOEnt":"ODFW","fhdSpNm":"Brook trout","fhdRun":"NA","fhdLifeHst":"FluvRes","fhdUseTy":"Unknown","fhdBasis":"UndocObsFish","fhdStNm":"Deschutes River","fhdGenus":"Salvelinus","fhdSp":"fontinalis","fhdSubSp":null,"fhdOrig":"NonNative","fhdProd":"Natural","fhdComment":null,"fhdESH":"NA","fhdBasisD":null,"fhdNMF":"no","fhdBasisDt":null,"fhdBasisNm":null,"fhdBasisEnt":null,"fhdBasisPrj":null,"fhdBasisMethod":null,"fhdAccess":null,"fhdBarrierFtrID":null,"fhdEndExtent":null,"Shape__Length":121166.8183514825,"habitatType":"stream"},"id":125},
{"type":"Feature","geometry":{"type":"LineString","coordinates":[[-121.463677,43.873195],[-121.464031,43.874415],[-121.463841,43.875036],[-121.462762,43.875902],[-121.46098,43.876819],[-121.461036,43.877715],[-121.463092,43.878157],[-121.463587,43.878906],[-121.463026,43.880141],[-121.46211,43.880039],[-121.460313,43.879164],[-121.458046,43.879111],[-121.456308,43.880136],[-121.456586,43.880775],[-121.45899,43.882018],[-121.46018,43.881967],[-121.463058,43.88124],[-121.464005,43.882234],[-121.46351,43.883965],[-121.46194,43.885659],[-121.461194,43.886004],[-121.460454,43.886958],[-121.458752,43.888452],[-121.456814,43.889043],[-121.454718,43.88861],[-121.453402,43.886728],[-121.451847,43.88695],[-121.451203,43.887959],[-121.451174,43.889147],[-121.451996,43.890882],[-121.450943,43.893321],[-121.451439,43.894841],[-121.452806,43.895494],[-121.453156,43.896214],[-121.452466,43.897434],[-121.45186,43.89775],[-121.449612,43.897278],[-121.448474,43.898411],[-121.445333,43.900668],[-121.443684,43.901323],[-121.442945,43.902068],[-121.444194,43.903185],[-121.445633,43.902969],[-121.445787,43.90426]]},"properties":{"OBJECTID":126,"fhdFtrID":121,"fhdRefID":53718,"fhdRevDt":"20190521","fhdONm":"Kevin Stertz","fhdOEnt":"ODFW","fhdSpNm":"Brook trout","fhdRun":"NA","fhdLifeHst":"FluvRes","fhdUseTy":"Unknown","fhdBasis":"UndocObsFish","fhdStNm":"Deschutes River","fhdGenus":"Salvelinus","fhdSp":"fontinalis","fhdSubSp":null,"fhdOrig":"NonNative","fhdProd":"Natural","fhdComment":null,"fhdESH":"NA","fhdBasisD":null,"fhdNMF":"no","fhdBasisDt":null,"fhdBasisNm":null,"fhdBasisEnt":"USFS Deschutes NF","fhdBasisPrj":null,"fhdBasisMethod":null,"fhdAccess":null,"fhdBarrierFtrID":null,"fhdEndExtent":null,"Shape__Length":9441.450834085184,"habitatType":"stream"},"id":126},
{"type":"Feature","geometry":{"type":"LineString","coordinates":[[-120.167426,44.410321],[-120.168494,44.408795],[-120.16828,44.407923],[-120.168667,44.407205],[-120.169694,44.406742],[-120.170738,44.405498],[-120.1705,44.403859],[-120.171257,44.402172],[-120.170723,44.400022],[-120.171093,44.398495],[-120.171858,44.397636],[-120.17142,44.397298],[-120.172537,44.395274],[-120.172615,44.393966],[-120.171722,44.392867],[-120.171502,44.391987],[-120.170753,44.39156],[-120.170422,44.389804],[-120.171038,44.388581],[-120.170122,44.387506]]},"properties":{"OBJECTID":127,"fhdFtrID":122,"fhdRefID":53578,"fhdRevDt":"20190313","fhdONm":"Chris Yamasaki","fhdOEnt":"USFS","fhdSpNm":"Brook trout","fhdRun":"NA","fhdLifeHst":"FluvRes","fhdUseTy":"Unknown","fhdBasis":"UndocObsFish","fhdStNm":"Allen Creek","fhdGenus":"Salvelinus","fhdSp":"fontinalis","fhdSubSp":null,"fhdOrig":"NonNative","fhdProd":"Natural","fhdComment":null,"fhdESH":"NA","fhdBasisD":null,"fhdNMF":"no","fhdBasisDt":null,"fhdBasisNm":null,"fhdBasisEnt":"USFS Ochoco NF","fhdBasisPrj":null,"fhdBasisMethod":null,"fhdAccess":null,"fhdBarrierFtrID":null,"fhdEndExtent":null,"Shape__Length":4828.276947955351,"habitatType":"stream"},"id":127},
{"type":"Feature","geometry":{"type":"LineString","coordinates":[[-120.167547,44.439177],[-120.1674,44.438372],[-120.166651,44.437114],[-120.167189,44.435879],[-120.167744,44.435556],[-120.16809,44.434114],[-120.167594,44.432996],[-120.167535,44.431655],[-120.166372,44.42997],[-120.165151,44.429197],[-120.164446,44.426211],[-120.163916,44.425854],[-120.163784,44.42485],[-120.162978,44.422522],[-120.163633,44.42076],[-120.163646,44.41997],[-120.163042,44.419333],[-120.162828,44.418051],[-120.162765,44.414176],[-120.163576,44.412988],[-120.164908,44.411687],[-120.167426,44.410321]]},"properties":{"OBJECTID":128,"fhdFtrID":123,"fhdRefID":53578,"fhdRevDt":"20190313","fhdONm":"Chris Yamasaki","fhdOEnt":"USFS","fhdSpNm":"Brook trout","fhdRun":"NA","fhdLifeHst":"FluvRes","fhdUseTy":"Unknown","fhdBasis":"UndocObsFish","fhdStNm":"Unnamed trib to Allen Creek","fhdGenus":"Salvelinus","fhdSp":"fontinalis","fhdSubSp":null,"fhdOrig":"NonNative","fhdProd":"Natural","fhdComment":null,"fhdESH":"NA","fhdBasisD":null,"fhdNMF":"no","fhdBasisDt":null,"fhdBasisNm":null,"fhdBasisEnt":"USFS Ochoco NF","fhdBasisPrj":null,"fhdBasisMethod":null,"fhdAccess":null,"fhdBarrierFtrID":null,"fhdEndExtent":null,"Shape__Length":5867.394430568018,"habitatType":"stream"},"id":128},
{"type":"Feature","geometry":{"type":"LineString","coordinates":[[-120.322615,44.315508],[-120.323518,44.315278],[-120.325967,44.315228],[-120.331833,44.316504],[-120.334656,44.316952],[-120.336011,44.318109],[-120.337975,44.319434],[-120.338799,44.320317],[-120.344164,44.323903],[-120.346057,44.324956],[-120.348189,44.325509],[-120.350639,44.325463],[-120.358394,44.324049]]},"properties":{"OBJECTID":129,"fhdFtrID":124,"fhdRefID":53578,"fhdRevDt":"20190313","fhdONm":"Chris Yamasaki","fhdOEnt":"USFS","fhdSpNm":"Brook trout","fhdRun":"NA","fhdLifeHst":"FluvRes","fhdUseTy":"Unknown","fhdBasis":"UndocObsFish","fhdStNm":"Brush Creek","fhdGenus":"Salvelinus","fhdSp":"fontinalis","fhdSubSp":null,"fhdOrig":"NonNative","fhdProd":"Natural","fhdComment":null,"fhdESH":"NA","fhdBasisD":null,"fhdNMF":"no","fhdBasisDt":null,"fhdBasisNm":null,"fhdBasisEnt":"USFS Ochoco NF","fhdBasisPrj":null,"fhdBasisMethod":null,"fhdAccess":null,"fhdBarrierFtrID":null,"fhdEndExtent":null,"Shape__Length":4619.793767315203,"habitatType":"stream"},"id":129},
{"type":"Feature","geometry":{"type":"LineString","coordinates":[[-120.325159,44.307353],[-120.323871,44.307542],[-120.321605,44.307059],[-120.318291,44.306532],[-120.313319,44.308294],[-120.310977,44.30867],[-120.308735,44.307271],[-120.308226,44.306668],[-120.306569,44.305736],[-120.305313,44.305951],[-120.300262,44.305383],[-120.298468,44.304847],[-120.295888,44.303549],[-120.294571,44.30375],[-120.29229,44.30319],[-120.29073,44.302091],[-120.288472,44.301245],[-120.28765,44.301195]]},"properties":{"OBJECTID":130,"fhdFtrID":125,"fhdRefID":53578,"fhdRevDt":"20190313","fhdONm":"Chris Yamasaki","fhdOEnt":"USFS","fhdSpNm":"Brook trout","fhdRun":"NA","fhdLifeHst":"FluvRes","fhdUseTy":"Unknown","fhdBasis":"UndocObsFish","fhdStNm":"Lookout Creek","fhdGenus":"Salvelinus","fhdSp":"fontinalis","fhdSubSp":null,"fhdOrig":"NonNative","fhdProd":"Natural","fhdComment":null,"fhdESH":"NA","fhdBasisD":null,"fhdNMF":"no","fhdBasisDt":null,"fhdBasisNm":null,"fhdBasisEnt":"USFS Ochoco NF","fhdBasisPrj":null,"fhdBasisMethod":null,"fhdAccess":null,"fhdBarrierFtrID":null,"fhdEndExtent":null,"Shape__Length":5266.44906923963,"habitatType":"stream"},"id":130},
{"type":"Feature","geometry":{"type":"LineString","coordinates":[[-122.000418,43.253004],[-122.000999,43.256831],[-122.000937,43.257529],[-122.00241,43.259153],[-122.002334,43.260037],[-122.002866,43.260619],[-122.002843,43.261535],[-122.003345,43.262496],[-122.002939,43.263275],[-122.001019,43.264088],[-122.000908,43.265515],[-122.003498,43.26799],[-122.005871,43.267794],[-122.011391,43.269471],[-122.012201,43.270223],[-122.014326,43.271574],[-122.016038,43.272102],[-122.017984,43.272256],[-122.020648,43.275375],[-122.021744,43.276259],[-122.023809,43.277121],[-122.024883,43.277978],[-122.026415,43.27844],[-122.026776,43.279054],[-122.02763,43.282403],[-122.028141,43.282914],[-122.031529,43.283979],[-122.032114,43.284462],[-122.033977,43.285023],[-122.034435,43.286236],[-122.035757,43.287883],[-122.037222,43.288844],[-122.038822,43.289376],[-122.040467,43.290178],[-122.042451,43.290283],[-122.044186,43.290799],[-122.045719,43.291634],[-122.046996,43.292007],[-122.049986,43.293923],[-122.050542,43.294598],[-122.052541,43.295778],[-122.055284,43.297134],[-122.05841,43.298414],[-122.060078,43.298946],[-122.061641,43.299824],[-122.064354,43.300016],[-122.065038,43.300439],[-122.066924,43.300938],[-122.068495,43.302052],[-122.071652,43.303661],[-122.074155,43.303995],[-122.075786,43.304434],[-122.076395,43.305219],[-122.077515,43.305691],[-122.078357,43.30641],[-122.078823,43.308084],[-122.080026,43.309412],[-122.081657,43.310015],[-122.082642,43.310844],[-122.085145,43.311568],[-122.085815,43.312139],[-122.086814,43.312106],[-122.089228,43.312808],[-122.091197,43.313685],[-122.091679,43.314448],[-122.093002,43.314882],[-122.097889,43.315692],[-122.09855,43.315528],[-122.101924,43.314313],[-122.103998,43.312924],[-122.105494,43.312528],[-122.108328,43.312626],[-122.109718,43.311808],[-122.11286,43.311499],[-122.116031,43.310932],[-122.117294,43.310948],[-122.117857,43.310476],[-122.121044,43.310095],[-122.123125,43.309161],[-122.124012,43.30915],[-122.125201,43.310659],[-122.126059,43.311284],[-122.127662,43.31125],[-122.128715,43.310691],[-122.129241,43.310982],[-122.13085,43.31044],[-122.13245,43.310803],[-122.134165,43.310101],[-122.135164,43.310694],[-122.136683,43.310338],[-122.137667,43.310569],[-122.138675,43.310191],[-122.139892,43.310603],[-122.14053,43.311657],[-122.142086,43.311477],[-122.142192,43.310895],[-122.143245,43.31072],[-122.145078,43.311346],[-122.145943,43.310551],[-122.147191,43.310567],[-122.147574,43.310178],[-122.149175,43.310277],[-122.148748,43.309075],[-122.149657,43.30879],[-122.149647,43.307855],[-122.150969,43.308059],[-122.152209,43.309472],[-122.152001,43.310151],[-122.153959,43.310791],[-122.155044,43.310606],[-122.155954,43.311922],[-122.159271,43.311704],[-122.162254,43.311775],[-122.164968,43.312083],[-122.166494,43.312],[-122.170736,43.31203],[-122.175847,43.311631],[-122.181953,43.311814],[-122.184245,43.313158],[-122.189681,43.31792],[-122.190553,43.319389],[-122.191056,43.320699],[-122.192599,43.322011],[-122.194084,43.322183],[-122.195344,43.321541],[-122.196689,43.322227],[-122.196073,43.323259],[-122.197419,43.324297],[-122.198727,43.324999],[-122.200532,43.325641],[-122.201562,43.326947],[-122.202713,43.327639],[-122.203758,43.328934],[-122.205315,43.329823],[-122.207315,43.332199],[-122.208917,43.332397],[-122.21006,43.333083],[-122.211534,43.33328],[-122.213843,43.33508],[-122.215731,43.336155],[-122.216439,43.337522],[-122.217011,43.337999],[-122.218575,43.338553],[-122.219884,43.340002],[-122.21963,43.341989],[-122.220119,43.342812],[-122.219872,43.345216],[-122.221038,43.346484],[-122.22262,43.349788],[-122.225689,43.351082],[-122.226043,43.351658],[-122.226285,43.353651],[-122.226203,43.354716],[-122.22667,43.355533],[-122.227362,43.355687],[-122.229919,43.355367],[-122.23207,43.354148],[-122.233687,43.354773],[-122.236199,43.354382],[-122.237982,43.354695],[-122.242337,43.354089],[-122.243135,43.354412],[-122.245437,43.354614],[-122.246429,43.354246],[-122.248145,43.354553],[-122.249178,43.355377],[-122.250243,43.354859],[-122.251939,43.355106],[-122.255117,43.35445],[-122.256967,43.354846],[-122.258381,43.355389],[-122.260143,43.354503],[-122.262764,43.354114],[-122.265984,43.354863],[-122.267625,43.353618],[-122.269354,43.353501],[-122.269948,43.352824],[-122.272028,43.352352],[-122.274628,43.352521],[-122.276124,43.351615],[-122.278322,43.351737],[-122.280131,43.352652],[-122.281508,43.352396],[-122.281819,43.35129],[-122.284426,43.348991],[-122.287077,43.348367],[-122.291157,43.346782],[-122.292876,43.346367],[-122.292924,43.34501],[-122.294515,43.343955],[-122.293784,43.343129],[-122.293791,43.34221],[-122.294413,43.340772],[-122.295797,43.339762],[-122.298651,43.338234],[-122.30031,43.338045],[-122.303318,43.336127],[-122.304484,43.335724],[-122.304906,43.334821],[-122.306587,43.333445],[-122.308363,43.332885],[-122.310411,43.33189],[-122.311688,43.331693],[-122.31347,43.332472],[-122.314966,43.332108],[-122.315633,43.33101],[-122.315813,43.329403],[-122.31666,43.328566],[-122.318349,43.327615],[-122.319518,43.326709],[-122.320149,43.32543],[-122.325285,43.324941],[-122.326473,43.324529],[-122.328652,43.322155],[-122.329479,43.3206],[-122.331595,43.320104],[-122.332722,43.318905],[-122.332886,43.318011],[-122.334592,43.317881],[-122.335931,43.318644],[-122.339761,43.317407],[-122.340299,43.318296],[-122.341511,43.31877],[-122.344314,43.317356],[-122.344395,43.316027],[-122.345165,43.315926],[-122.345585,43.315154],[-122.345267,43.314578],[-122.346423,43.313301],[-122.34501,43.311119],[-122.344938,43.308874],[-122.345658,43.307413],[-122.34689,43.306853],[-122.348848,43.306723],[-122.349865,43.306989],[-122.351854,43.307039],[-122.352713,43.307387],[-122.353471,43.307059],[-122.353795,43.306044],[-122.353493,43.304735],[-122.353883,43.30438],[-122.356817,43.304248],[-122.35841,43.302896],[-122.359302,43.300839],[-122.360776,43.299633],[-122.362987,43.298694],[-122.363843,43.297713],[-122.362931,43.296106],[-122.36396,43.295199],[-122.364813,43.29385],[-122.367122,43.293466],[-122.370245,43.293697],[-122.372151,43.293645],[-122.372924,43.294074],[-122.374548,43.294108],[-122.376236,43.293328],[-122.378807,43.292479],[-122.379354,43.29175],[-122.379366,43.290899],[-122.380035,43.290378],[-122.382451,43.28961],[-122.382976,43.289116],[-122.384903,43.288854],[-122.387409,43.288228],[-122.388756,43.287509],[-122.390053,43.286243],[-122.393039,43.284613],[-122.394128,43.283744],[-122.395368,43.283508],[-122.397467,43.284207],[-122.397844,43.283787],[-122.399874,43.282853],[-122.401296,43.281397],[-122.402641,43.279258],[-122.401887,43.277807],[-122.401907,43.276863],[-122.4032,43.276261],[-122.402211,43.275639],[-122.403455,43.272897],[-122.405328,43.271629],[-122.406406,43.271314],[-122.408375,43.271257],[-122.409508,43.27059],[-122.409844,43.26987],[-122.411632,43.269149],[-122.412452,43.268577],[-122.414874,43.267884],[-122.417923,43.26743],[-122.419102,43.266795],[-122.420007,43.265841],[-122.420262,43.264869],[-122.41976,43.263967]]},"properties":{"OBJECTID":131,"fhdFtrID":126,"fhdRefID":53578,"fhdRevDt":"20190313","fhdONm":"Ed Hall","fhdOEnt":"USFS","fhdSpNm":"Brook trout","fhdRun":"NA","fhdLifeHst":"FluvRes","fhdUseTy":"Unknown","fhdBasis":"UndocObsFish","fhdStNm":"North Umpqua River","fhdGenus":"Salvelinus","fhdSp":"fontinalis","fhdSubSp":null,"fhdOrig":"NonNative","fhdProd":"Natural","fhdComment":null,"fhdESH":"NA","fhdBasisD":null,"fhdNMF":"no","fhdBasisDt":null,"fhdBasisNm":null,"fhdBasisEnt":null,"fhdBasisPrj":null,"fhdBasisMethod":null,"fhdAccess":null,"fhdBarrierFtrID":null,"fhdEndExtent":null,"Shape__Length":71379.45044281754,"habitatType":"stream"},"id":131},
{"type":"Feature","geometry":{"type":"LineString","coordinates":[[-122.166612,43.185162],[-122.166829,43.186106],[-122.165951,43.187335],[-122.167309,43.18822],[-122.166881,43.188889],[-122.164803,43.189262],[-122.163504,43.190694],[-122.162701,43.192786],[-122.162678,43.193768],[-122.161845,43.194311],[-122.160802,43.193899],[-122.15982,43.193087],[-122.15946,43.192373],[-122.15844,43.192285],[-122.156849,43.193371],[-122.156781,43.193816],[-122.157726,43.195007],[-122.15873,43.197028],[-122.160508,43.198554],[-122.162412,43.20069],[-122.162885,43.201837],[-122.164069,43.203566],[-122.164091,43.204549],[-122.163536,43.205328],[-122.161825,43.205503],[-122.160999,43.206722],[-122.159558,43.207484],[-122.158417,43.209015],[-122.157771,43.209345],[-122.15762,43.210821],[-122.15828,43.211546],[-122.157957,43.212704],[-122.158166,43.213879],[-122.159824,43.215268],[-122.160101,43.216256],[-122.160011,43.217486],[-122.161084,43.218348],[-122.160956,43.219698],[-122.161435,43.220466],[-122.162231,43.220708],[-122.162899,43.221641],[-122.162951,43.222333],[-122.164481,43.22375],[-122.164939,43.223799],[-122.166965,43.225786],[-122.167303,43.226401],[-122.167392,43.228218],[-122.166866,43.229349],[-122.167841,43.231363],[-122.16706,43.232576],[-122.16667,43.233839],[-122.168531,43.235936],[-122.168245,43.236518],[-122.166127,43.237807],[-122.165369,43.239064],[-122.167576,43.240014],[-122.168701,43.241013],[-122.169129,43.24215],[-122.17093,43.244027],[-122.171801,43.245306],[-122.171523,43.245904],[-122.171725,43.247963],[-122.172716,43.249654],[-122.172034,43.250953],[-122.17105,43.254433],[-122.170831,43.256743],[-122.169921,43.260229],[-122.169057,43.261244],[-122.169162,43.261908],[-122.167899,43.26513],[-122.166629,43.266661],[-122.165623,43.267232],[-122.165607,43.268313],[-122.165164,43.269136],[-122.162526,43.271074],[-122.162023,43.271924],[-122.162323,43.273368],[-122.161887,43.274147],[-122.161938,43.276595],[-122.161465,43.277567],[-122.160044,43.278719],[-122.159961,43.279515],[-122.15821,43.280656],[-122.157218,43.280694],[-122.157263,43.282165],[-122.156909,43.283752],[-122.155653,43.285233],[-122.155645,43.286545],[-122.156268,43.287325],[-122.156245,43.288609],[-122.157041,43.290031],[-122.160008,43.29097],[-122.160955,43.291591],[-122.162367,43.291882],[-122.163073,43.292492],[-122.164764,43.292333],[-122.166725,43.293288],[-122.17173,43.292883],[-122.172977,43.293135],[-122.173571,43.293772],[-122.174555,43.294096],[-122.17581,43.293833],[-122.177426,43.29414],[-122.180221,43.296007],[-122.180063,43.296918],[-122.181709,43.297406],[-122.182054,43.298307],[-122.183084,43.298493],[-122.183678,43.299174],[-122.183012,43.299668],[-122.182454,43.302106],[-122.182755,43.307425],[-122.182576,43.309702],[-122.181953,43.311814]]},"properties":{"OBJECTID":132,"fhdFtrID":127,"fhdRefID":53578,"fhdRevDt":"20190313","fhdONm":"Ed Hall","fhdOEnt":"USFS","fhdSpNm":"Brook trout","fhdRun":"NA","fhdLifeHst":"FluvRes","fhdUseTy":"Unknown","fhdBasis":"UndocObsFish","fhdStNm":"Lake Creek","fhdGenus":"Salvelinus","fhdSp":"fontinalis","fhdSubSp":null,"fhdOrig":"NonNative","fhdProd":"Natural","fhdComment":null,"fhdESH":"NA","fhdBasisD":null,"fhdNMF":"no","fhdBasisDt":null,"fhdBasisNm":null,"fhdBasisEnt":null,"fhdBasisPrj":null,"fhdBasisMethod":null,"fhdAccess":null,"fhdBarrierFtrID":null,"fhdEndExtent":null,"Shape__Length":25826.651076649836,"habitatType":"stream"},"id":132},
{"type":"Feature","geometry":{"type":"LineString","coordinates":[[-122.30228,42.978962],[-122.303734,42.97801],[-122.304536,42.978068],[-122.311111,42.977674],[-122.311763,42.978376],[-122.31599,42.978247],[-122.317682,42.979255],[-122.320057,42.979513],[-122.320762,42.979878],[-122.32234,42.979553],[-122.322961,42.979833],[-122.323683,42.978928],[-122.324676,42.978909],[-122.326489,42.979538],[-122.32771,42.979184],[-122.329987,42.979795],[-122.332696,42.979124],[-122.334395,42.977706],[-122.335969,42.976927],[-122.337079,42.976764],[-122.337626,42.975839],[-122.340325,42.975559],[-122.342562,42.976249],[-122.342836,42.975769],[-122.346606,42.976006],[-122.348151,42.975665],[-122.349691,42.975001],[-122.351913,42.975505],[-122.35315,42.975376],[-122.353828,42.976196],[-122.35515,42.976222],[-122.356822,42.977273],[-122.358352,42.977377],[-122.359221,42.978224],[-122.362385,42.978349],[-122.363276,42.978157],[-122.364198,42.978523],[-122.364411,42.979117],[-122.365622,42.978775],[-122.366396,42.979223],[-122.366328,42.980415],[-122.368044,42.980385],[-122.368607,42.982186],[-122.36768,42.982794],[-122.369042,42.983596],[-122.369847,42.984108],[-122.369613,42.985059],[-122.370408,42.98585],[-122.371275,42.987288],[-122.371191,42.98884],[-122.36984,42.989554],[-122.369747,42.990204],[-122.370238,42.992012],[-122.369521,42.992461],[-122.36999,42.993282],[-122.36971,42.993988],[-122.370769,42.994508],[-122.370667,42.995236],[-122.371374,42.99623]]},"properties":{"OBJECTID":133,"fhdFtrID":128,"fhdRefID":53578,"fhdRevDt":"20190313","fhdONm":"Ed Hall","fhdOEnt":"USFS","fhdSpNm":"Brook trout","fhdRun":"NA","fhdLifeHst":"FluvRes","fhdUseTy":"Unknown","fhdBasis":"DocObsFish","fhdStNm":"Crater Creek","fhdGenus":"Salvelinus","fhdSp":"fontinalis","fhdSubSp":null,"fhdOrig":"NonNative","fhdProd":"Natural","fhdComment":null,"fhdESH":"NA","fhdBasisD":null,"fhdNMF":"no","fhdBasisDt":null,"fhdBasisNm":null,"fhdBasisEnt":"Siskiyou Resource Group","fhdBasisPrj":null,"fhdBasisMethod":"Snorkel Level 2","fhdAccess":null,"fhdBarrierFtrID":null,"fhdEndExtent":null,"Shape__Length":12716.291065917283,"habitatType":"stream"},"id":133},
{"type":"Feature","geometry":{"type":"LineString","coordinates":[[-122.282289,43.03608],[-122.283334,43.036177],[-122.284928,43.035784],[-122.286942,43.034826],[-122.289882,43.034063],[-122.292365,43.035075],[-122.293384,43.034751],[-122.295415,43.035079],[-122.297714,43.03676],[-122.298727,43.036864],[-122.299854,43.036408],[-122.302201,43.036185],[-122.303508,43.035653],[-122.305999,43.037332],[-122.309725,43.036726],[-122.310902,43.037256],[-122.31249,43.037562],[-122.31385,43.036678],[-122.315748,43.03606],[-122.317255,43.036242],[-122.318571,43.035807],[-122.320356,43.036574],[-122.322012,43.037063],[-122.323135,43.03698],[-122.324832,43.03733],[-122.325837,43.036916],[-122.327066,43.037509],[-122.328634,43.036301],[-122.33018,43.035462],[-122.331573,43.034965],[-122.331604,43.034546],[-122.333733,43.034181],[-122.33428,43.034575],[-122.336044,43.034192],[-122.338064,43.034618],[-122.339008,43.035031],[-122.340207,43.034603],[-122.341171,43.034692],[-122.341936,43.033892],[-122.343979,43.033519],[-122.345311,43.032484],[-122.344379,43.030892],[-122.347301,43.02933],[-122.348294,43.028511],[-122.348363,43.027176],[-122.349051,43.02658],[-122.350587,43.026218],[-122.351822,43.025371],[-122.351334,43.024594],[-122.351974,43.022534],[-122.350797,43.02178],[-122.350131,43.020736],[-122.352716,43.018541],[-122.3547,43.017328],[-122.355169,43.015825],[-122.357113,43.014257],[-122.357029,43.012765],[-122.358789,43.011848],[-122.358869,43.01136],[-122.360667,43.010322],[-122.360816,43.009214],[-122.363231,43.005992],[-122.364406,43.003889],[-122.366001,43.004172],[-122.36724,43.004043],[-122.368065,43.00493],[-122.369577,43.004562],[-122.370019,43.004077],[-122.372161,43.005217]]},"properties":{"OBJECTID":134,"fhdFtrID":129,"fhdRefID":53578,"fhdRevDt":"20190313","fhdONm":"Ed Hall","fhdOEnt":"USFS","fhdSpNm":"Brook trout","fhdRun":"NA","fhdLifeHst":"FluvRes","fhdUseTy":"Unknown","fhdBasis":"DocObsFish","fhdStNm":"National Creek","fhdGenus":"Salvelinus","fhdSp":"fontinalis","fhdSubSp":null,"fhdOrig":"NonNative","fhdProd":"Natural","fhdComment":null,"fhdESH":"NA","fhdBasisD":null,"fhdNMF":"no","fhdBasisDt":null,"fhdBasisNm":null,"fhdBasisEnt":null,"fhdBasisPrj":null,"fhdBasisMethod":"Snorkel Level 2","fhdAccess":null,"fhdBarrierFtrID":null,"fhdEndExtent":null,"Shape__Length":16969.012930261557,"habitatType":"stream"},"id":134},
{"type":"Feature","geometry":{"type":"LineString","coordinates":[[-122.297719,42.830836],[-122.298868,42.83219],[-122.298407,42.834051],[-122.298024,42.837151],[-122.297564,42.837603],[-122.29764,42.839801],[-122.297026,42.841774],[-122.295799,42.842847],[-122.295569,42.844597],[-122.295722,42.84589],[-122.294572,42.84668],[-122.295031,42.847637],[-122.293881,42.850062],[-122.293497,42.851586],[-122.294492,42.853388],[-122.294722,42.854858],[-122.294108,42.856151],[-122.294261,42.857448],[-122.29472,42.858748],[-122.294107,42.859028],[-122.294413,42.860214],[-122.294107,42.861058],[-122.294489,42.862186],[-122.292802,42.863932],[-122.291959,42.863765],[-122.291958,42.864949],[-122.292955,42.864779],[-122.294488,42.865514],[-122.295025,42.866359],[-122.294717,42.867145],[-122.292646,42.868614],[-122.293873,42.869571],[-122.294103,42.870302],[-122.295253,42.870359],[-122.295713,42.871321],[-122.294485,42.872277],[-122.294332,42.873519],[-122.295942,42.874591],[-122.296144,42.875547],[-122.295761,42.876733],[-122.297062,42.879722],[-122.297292,42.880565],[-122.298212,42.881863],[-122.298441,42.882765],[-122.299284,42.883554],[-122.299897,42.885755],[-122.30028,42.886036],[-122.30051,42.887951],[-122.301813,42.889193],[-122.302426,42.890322],[-122.302349,42.890943],[-122.304189,42.890887],[-122.305876,42.891617],[-122.306489,42.892297],[-122.307715,42.892916],[-122.307256,42.893819],[-122.307869,42.894606],[-122.309402,42.895565],[-122.310169,42.896353],[-122.310859,42.897762],[-122.312009,42.898386],[-122.312162,42.899062],[-122.31385,42.899568],[-122.315077,42.900471],[-122.316073,42.900243],[-122.31776,42.900356],[-122.318527,42.900131],[-122.319294,42.901032],[-122.321748,42.902217],[-122.323588,42.902782],[-122.325429,42.902613],[-122.326196,42.903459],[-122.326886,42.905035],[-122.32566,42.905599],[-122.32566,42.906221],[-122.327194,42.906558],[-122.329264,42.906444],[-122.329802,42.906952],[-122.333482,42.905375],[-122.334326,42.906105],[-122.336856,42.905993],[-122.337471,42.906555],[-122.339158,42.906389],[-122.339618,42.906671],[-122.339542,42.907909],[-122.34169,42.908813],[-122.341153,42.910106],[-122.342074,42.910503],[-122.342842,42.912079],[-122.345066,42.912646],[-122.346064,42.91366],[-122.346755,42.913714],[-122.350898,42.916137],[-122.351896,42.916985],[-122.353737,42.91749],[-122.354274,42.917885],[-122.356653,42.917885],[-122.359031,42.918502],[-122.361332,42.917826],[-122.362406,42.918219],[-122.363863,42.917597],[-122.365705,42.918161],[-122.367316,42.918107],[-122.368467,42.918838],[-122.372839,42.918326],[-122.374449,42.918438],[-122.376161,42.91951],[-122.37718,42.919282],[-122.378944,42.919395],[-122.379711,42.919678],[-122.38462,42.919795],[-122.386232,42.919232],[-122.387535,42.919347],[-122.389915,42.918558],[-122.390757,42.919742],[-122.392521,42.919968],[-122.393518,42.919743],[-122.394132,42.92053],[-122.395665,42.921038],[-122.396433,42.919799],[-122.398506,42.918842],[-122.400577,42.918389],[-122.401805,42.91749],[-122.40472,42.917321],[-122.405718,42.916475],[-122.407021,42.91659],[-122.408786,42.915856],[-122.409246,42.915404],[-122.410244,42.916197],[-122.411164,42.916026],[-122.413158,42.914785],[-122.415307,42.914503],[-122.417071,42.913377],[-122.418145,42.914054],[-122.418758,42.913548],[-122.420292,42.913772],[-122.422057,42.913493],[-122.423514,42.912982],[-122.425202,42.913324],[-122.425814,42.913719],[-122.427886,42.912815],[-122.429113,42.911912],[-122.429497,42.910842],[-122.430188,42.910391],[-122.430801,42.909264],[-122.432105,42.909545],[-122.432642,42.909039],[-122.434866,42.909036],[-122.436784,42.908249],[-122.438394,42.906951],[-122.439774,42.906615],[-122.439697,42.90616],[-122.441231,42.905654],[-122.442765,42.906612],[-122.445756,42.906671],[-122.447367,42.906274],[-122.44798,42.907911],[-122.449591,42.907798],[-122.449668,42.909716],[-122.451433,42.910954],[-122.452889,42.91101]]},"properties":{"OBJECTID":135,"fhdFtrID":130,"fhdRefID":53684,"fhdRevDt":"20190313","fhdONm":"Peter Robinson","fhdOEnt":"ODFW","fhdSpNm":"Brook trout","fhdRun":"NA","fhdLifeHst":"FluvRes","fhdUseTy":"Unknown","fhdBasis":"UndocObsFish","fhdStNm":"Union Creek","fhdGenus":"Salvelinus","fhdSp":"fontinalis","fhdSubSp":null,"fhdOrig":"NonNative","fhdProd":"Natural","fhdComment":null,"fhdESH":"NA","fhdBasisD":null,"fhdNMF":"no","fhdBasisDt":null,"fhdBasisNm":null,"fhdBasisEnt":null,"fhdBasisPrj":null,"fhdBasisMethod":null,"fhdAccess":null,"fhdBarrierFtrID":null,"fhdEndExtent":null,"Shape__Length":33692.62853057796,"habitatType":"stream"},"id":135},
{"type":"Feature","geometry":{"type":"LineString","coordinates":[[-122.350578,43.047596],[-122.35074,43.047509],[-122.352134,43.046927],[-122.352614,43.045186],[-122.353286,43.04463],[-122.351999,43.043439],[-122.349952,43.043747],[-122.34937,43.0434],[-122.350279,43.042367],[-122.349239,43.040786],[-122.351378,43.04004],[-122.352164,43.038687],[-122.352959,43.038633],[-122.352987,43.040138],[-122.354449,43.041072],[-122.355714,43.039691],[-122.356959,43.039082],[-122.356421,43.036875],[-122.357862,43.036598],[-122.360706,43.035635],[-122.36106,43.035129],[-122.362269,43.035053],[-122.362772,43.033554],[-122.364301,43.033026],[-122.36479,43.033929],[-122.365591,43.034565],[-122.366519,43.033927],[-122.366995,43.032503],[-122.365721,43.031457],[-122.366217,43.030185],[-122.365546,43.029152],[-122.366664,43.026277],[-122.367092,43.023903],[-122.36614,43.023592],[-122.366923,43.022663],[-122.369059,43.021578],[-122.370743,43.020122],[-122.369395,43.018639],[-122.369322,43.01744],[-122.368687,43.016937],[-122.369487,43.016246],[-122.370004,43.015262],[-122.369627,43.014654],[-122.368254,43.013543],[-122.367934,43.011961],[-122.367033,43.011094],[-122.366974,43.010303],[-122.368543,43.008557],[-122.369657,43.005744],[-122.370374,43.005225],[-122.372161,43.005217],[-122.373922,43.005386],[-122.373998,43.004206],[-122.375255,43.003942],[-122.375465,43.002879],[-122.373676,43.002105],[-122.373377,42.999966],[-122.374039,42.999678],[-122.37477,43.000693],[-122.375385,43.000068],[-122.374659,42.999062],[-122.374662,42.998401],[-122.37588,42.997847],[-122.375482,42.996672],[-122.375966,42.995145],[-122.377477,42.994598],[-122.377403,42.993853],[-122.376651,42.993012],[-122.377328,42.991846],[-122.378337,42.991354],[-122.380374,42.991354],[-122.380917,42.990388],[-122.381856,42.990166],[-122.382602,42.990815],[-122.383953,42.990837],[-122.384479,42.990264],[-122.385716,42.98998],[-122.389567,42.990505],[-122.390758,42.98914],[-122.39265,42.988409],[-122.395034,42.988571],[-122.397038,42.988206]]},"properties":{"OBJECTID":136,"fhdFtrID":131,"fhdRefID":53578,"fhdRevDt":"20190313","fhdONm":"Ed Hall","fhdOEnt":"USFS","fhdSpNm":"Brook trout","fhdRun":"NA","fhdLifeHst":"FluvRes","fhdUseTy":"Unknown","fhdBasis":"DocObsFish","fhdStNm":"Rogue River","fhdGenus":"Salvelinus","fhdSp":"fontinalis","fhdSubSp":null,"fhdOrig":"NonNative","fhdProd":"Natural","fhdComment":null,"fhdESH":"NA","fhdBasisD":null,"fhdNMF":"no","fhdBasisDt":null,"fhdBasisNm":null,"fhdBasisEnt":null,"fhdBasisPrj":null,"fhdBasisMethod":"Snorkel Level 2","fhdAccess":null,"fhdBarrierFtrID":null,"fhdEndExtent":null,"Shape__Length":16917.452036286148,"habitatType":"stream"},"id":136},
{"type":"Feature","geometry":{"type":"LineString","coordinates":[[-122.335685,42.650554],[-122.336178,42.65107],[-122.337367,42.651072],[-122.338352,42.651951],[-122.33805,42.652756],[-122.33794,42.65466],[-122.33813,42.655908],[-122.339315,42.656716],[-122.339311,42.657374],[-122.340393,42.658695],[-122.340287,42.659793],[-122.340875,42.660818],[-122.340475,42.66155],[-122.341354,42.663604],[-122.340854,42.664407],[-122.341144,42.665507],[-122.342333,42.665802],[-122.343624,42.66522],[-122.345407,42.665374],[-122.346493,42.666033],[-122.347681,42.666333],[-122.349662,42.666484],[-122.351143,42.667438],[-122.354703,42.668768],[-122.357378,42.668995],[-122.359358,42.669366],[-122.360542,42.670246],[-122.361926,42.670835],[-122.362907,42.672668],[-122.361803,42.674936],[-122.361998,42.675599],[-122.362989,42.675672],[-122.363381,42.676408],[-122.364173,42.676629],[-122.364959,42.677804],[-122.364057,42.679632],[-122.365231,42.682272],[-122.365225,42.683371],[-122.365718,42.683666],[-122.3677,42.683817],[-122.371257,42.685953],[-122.372049,42.686245],[-122.373232,42.687422],[-122.374519,42.687646],[-122.376195,42.689334],[-122.376727,42.691332],[-122.375479,42.693365],[-122.375869,42.694461],[-122.37477,42.696],[-122.373974,42.696509],[-122.374265,42.697681],[-122.374858,42.698049],[-122.376646,42.698437],[-122.377946,42.699002],[-122.378938,42.700525],[-122.380161,42.70086],[-122.381232,42.700582],[-122.383143,42.700975],[-122.386428,42.703911],[-122.388339,42.705376],[-122.388416,42.706164],[-122.391261,42.707584],[-122.392848,42.708934],[-122.395465,42.709804],[-122.397415,42.711408],[-122.400317,42.711927],[-122.402173,42.713162],[-122.402794,42.713354],[-122.40574,42.71309],[-122.409023,42.713278],[-122.410437,42.713574],[-122.411428,42.713363],[-122.413834,42.713339],[-122.415439,42.712789],[-122.416218,42.711802],[-122.419119,42.711061],[-122.422431,42.710699],[-122.425496,42.710787],[-122.42711,42.71057],[-122.429854,42.709611],[-122.432449,42.708903],[-122.43394,42.707452],[-122.434408,42.705626],[-122.435608,42.703912],[-122.437501,42.703831],[-122.439269,42.7042],[-122.443355,42.704652],[-122.444504,42.704496],[-122.446102,42.704656],[-122.449261,42.703753],[-122.450918,42.702662],[-122.452402,42.702003],[-122.453953,42.701911],[-122.455459,42.702792],[-122.45708,42.703315],[-122.458106,42.703356],[-122.460209,42.703042],[-122.460798,42.702685],[-122.461888,42.700889],[-122.464236,42.700395],[-122.465108,42.701192],[-122.465229,42.704218],[-122.465026,42.705082],[-122.465361,42.705912],[-122.465438,42.708326],[-122.465233,42.709405],[-122.466591,42.7114],[-122.467137,42.711774],[-122.468482,42.71343],[-122.470618,42.713753],[-122.471192,42.715197],[-122.470934,42.716852],[-122.470336,42.718183],[-122.471254,42.719448],[-122.472129,42.719956],[-122.473345,42.719958],[-122.475408,42.719287],[-122.477713,42.718252],[-122.477664,42.717055],[-122.479094,42.716566],[-122.480037,42.715638],[-122.481356,42.714847],[-122.482493,42.713231],[-122.483378,42.712515],[-122.484943,42.712342],[-122.488933,42.714233],[-122.49098,42.71471],[-122.492097,42.715543],[-122.494344,42.715553],[-122.495917,42.714408],[-122.497436,42.713838],[-122.498754,42.713844],[-122.500077,42.713417],[-122.503792,42.713037],[-122.506191,42.712363],[-122.507315,42.712332],[-122.5096,42.712891],[-122.510779,42.712851],[-122.512444,42.712354],[-122.513665,42.712323],[-122.517421,42.712987],[-122.51898,42.713606],[-122.520054,42.713647],[-122.520891,42.71275],[-122.522166,42.712179],[-122.523874,42.712294],[-122.525287,42.712876],[-122.52934,42.712965],[-122.531542,42.712542],[-122.534009,42.71134],[-122.536761,42.71073],[-122.537967,42.71114],[-122.539469,42.711092],[-122.542332,42.710401],[-122.543466,42.710595],[-122.544999,42.711304],[-122.547523,42.711663],[-122.548233,42.712505]]},"properties":{"OBJECTID":137,"fhdFtrID":132,"fhdRefID":53684,"fhdRevDt":"20190313","fhdONm":"Peter Robinson","fhdOEnt":"ODFW","fhdSpNm":"Brook trout","fhdRun":"NA","fhdLifeHst":"FluvRes","fhdUseTy":"Unknown","fhdBasis":"UndocObsFish","fhdStNm":"South Fork Rogue River","fhdGenus":"Salvelinus","fhdSp":"fontinalis","fhdSubSp":null,"fhdOrig":"NonNative","fhdProd":"Natural","fhdComment":null,"fhdESH":"NA","fhdBasisD":null,"fhdNMF":"no","fhdBasisDt":null,"fhdBasisNm":null,"fhdBasisEnt":null,"fhdBasisPrj":null,"fhdBasisMethod":null,"fhdAccess":null,"fhdBarrierFtrID":null,"fhdEndExtent":null,"Shape__Length":36047.87043153491,"habitatType":"stream"},"id":137},
{"type":"Feature","geometry":{"type":"LineString","coordinates":[[-122.224706,42.68582],[-122.226159,42.687005],[-122.227536,42.688415],[-122.227996,42.689764],[-122.227844,42.690668],[-122.228533,42.691965],[-122.229221,42.69219],[-122.229069,42.692982],[-122.231364,42.694389],[-122.231899,42.695063],[-122.231977,42.696081],[-122.232435,42.696755],[-122.234194,42.697546],[-122.235649,42.699348],[-122.235803,42.700362],[-122.236797,42.701093],[-122.238634,42.702898],[-122.240244,42.707015],[-122.240168,42.707802],[-122.240933,42.708366],[-122.242161,42.712089],[-122.242085,42.71271],[-122.243769,42.714171],[-122.244459,42.715751],[-122.245224,42.716202],[-122.246832,42.718513],[-122.248745,42.719809],[-122.249434,42.719697],[-122.252317,42.721102],[-122.253694,42.721102],[-122.254917,42.720655],[-122.258206,42.720375],[-122.259506,42.720487],[-122.260347,42.721051],[-122.263556,42.72109],[-122.266038,42.720808],[-122.267425,42.721033],[-122.270517,42.720661],[-122.272276,42.721168],[-122.273751,42.721353],[-122.275082,42.720915],[-122.277232,42.721141],[-122.279821,42.720927],[-122.281261,42.721067],[-122.283135,42.721624],[-122.284664,42.721791],[-122.286157,42.722647],[-122.288134,42.723055],[-122.291699,42.724104],[-122.298429,42.725573],[-122.300111,42.725853],[-122.302947,42.726694],[-122.304165,42.727265],[-122.305924,42.727658],[-122.309671,42.727604],[-122.310625,42.727277],[-122.314871,42.727041],[-122.315636,42.726645],[-122.318618,42.726361],[-122.320548,42.726363],[-122.322596,42.727263],[-122.325272,42.727152],[-122.326573,42.727547],[-122.328713,42.727321],[-122.329326,42.728108],[-122.331247,42.728381],[-122.332003,42.728727],[-122.332615,42.729685],[-122.333626,42.729543],[-122.3352,42.730813],[-122.335064,42.731717],[-122.336059,42.73256],[-122.336985,42.732615],[-122.337895,42.73335],[-122.341796,42.733913],[-122.342561,42.734475],[-122.345086,42.734535],[-122.348604,42.735658],[-122.349752,42.735714],[-122.350747,42.736224],[-122.351817,42.735996],[-122.35373,42.73611],[-122.357172,42.737008],[-122.35809,42.737571],[-122.359085,42.737685],[-122.361305,42.738868],[-122.363982,42.739545],[-122.365129,42.739542],[-122.366352,42.73881],[-122.369641,42.738639],[-122.371018,42.738413],[-122.37195,42.738927],[-122.373007,42.738919],[-122.374385,42.739314],[-122.376316,42.739482],[-122.377616,42.738976],[-122.378534,42.739485],[-122.380294,42.739427],[-122.383124,42.739713],[-122.38626,42.739599],[-122.388554,42.739881],[-122.389855,42.740221],[-122.391461,42.739717],[-122.394046,42.739883],[-122.396968,42.738985],[-122.398805,42.737689],[-122.399952,42.737406],[-122.401712,42.735547],[-122.402783,42.733571],[-122.404313,42.732278],[-122.40653,42.731772],[-122.409055,42.731717],[-122.410279,42.730756],[-122.411578,42.730587],[-122.413873,42.730643],[-122.41502,42.73132],[-122.417927,42.731434],[-122.419456,42.732167],[-122.422209,42.732113],[-122.422668,42.732507],[-122.424198,42.732731],[-122.424968,42.732429],[-122.425957,42.732618],[-122.425804,42.733464],[-122.427716,42.734086],[-122.428482,42.733973],[-122.430241,42.734369],[-122.431541,42.733974],[-122.432688,42.731886],[-122.4346,42.731887],[-122.437124,42.73307],[-122.440183,42.733747],[-122.44156,42.733299],[-122.443166,42.733185],[-122.444389,42.732844],[-122.446608,42.733634],[-122.447526,42.733634],[-122.449132,42.73307],[-122.451119,42.73149],[-122.452036,42.729464],[-122.452877,42.728783],[-122.454713,42.72867],[-122.456089,42.727938],[-122.457043,42.727871],[-122.459006,42.727173],[-122.460807,42.727004],[-122.462692,42.727752],[-122.465626,42.728333],[-122.467472,42.728119],[-122.469437,42.727367],[-122.471611,42.724499],[-122.471762,42.722523],[-122.473345,42.719958]]},"properties":{"OBJECTID":138,"fhdFtrID":133,"fhdRefID":53578,"fhdRevDt":"20190313","fhdONm":"Ed Hall","fhdOEnt":"USFS","fhdSpNm":"Brook trout","fhdRun":"NA","fhdLifeHst":"FluvRes","fhdUseTy":"Unknown","fhdBasis":"DocObsFish","fhdStNm":"Middle Fork Rogue River","fhdGenus":"Salvelinus","fhdSp":"fontinalis","fhdSubSp":null,"fhdOrig":"NonNative","fhdProd":"Natural","fhdComment":null,"fhdESH":"NA","fhdBasisD":null,"fhdNMF":"no","fhdBasisDt":null,"fhdBasisNm":null,"fhdBasisEnt":"Siskiyou Resource Group","fhdBasisPrj":null,"fhdBasisMethod":"Snorkel Level 2","fhdAccess":null,"fhdBarrierFtrID":null,"fhdEndExtent":null,"Shape__Length":35859.2127030737,"habitatType":"stream"},"id":138},
{"type":"Feature","geometry":{"type":"LineString","coordinates":[[-122.249475,43.078679],[-122.249975,43.078769],[-122.252501,43.081727],[-122.254467,43.081971],[-122.255426,43.082513],[-122.256707,43.082436],[-122.258025,43.082957],[-122.259356,43.083132],[-122.261005,43.08449],[-122.263469,43.085403],[-122.263576,43.085912],[-122.265287,43.086158],[-122.266078,43.086765]]},"properties":{"OBJECTID":139,"fhdFtrID":134,"fhdRefID":53578,"fhdRevDt":"20190313","fhdONm":"Ed Hall","fhdOEnt":"USFS","fhdSpNm":"Brook trout","fhdRun":"NA","fhdLifeHst":"FluvRes","fhdUseTy":"Unknown","fhdBasis":"DocObsFish","fhdStNm":"Mazama Creek","fhdGenus":"Salvelinus","fhdSp":"fontinalis","fhdSubSp":null,"fhdOrig":"NonNative","fhdProd":"Natural","fhdComment":null,"fhdESH":"NA","fhdBasisD":null,"fhdNMF":"no","fhdBasisDt":null,"fhdBasisNm":null,"fhdBasisEnt":null,"fhdBasisPrj":null,"fhdBasisMethod":"Electrofishing","fhdAccess":null,"fhdBarrierFtrID":null,"fhdEndExtent":null,"Shape__Length":2653.999252805774,"habitatType":"stream"},"id":139},
{"type":"Feature","geometry":{"type":"LineString","coordinates":[[-122.266287,43.031006],[-122.270921,43.03168],[-122.271373,43.031545],[-122.272807,43.03231],[-122.27408,43.033343],[-122.276875,43.032988],[-122.279013,43.033233],[-122.280343,43.033939],[-122.279818,43.03441],[-122.28067,43.035242],[-122.28191,43.03589]]},"properties":{"OBJECTID":140,"fhdFtrID":135,"fhdRefID":53578,"fhdRevDt":"20190313","fhdONm":"Ed Hall","fhdOEnt":"USFS","fhdSpNm":"Brook trout","fhdRun":"NA","fhdLifeHst":"FluvRes","fhdUseTy":"Unknown","fhdBasis":"DocObsFish","fhdStNm":"Middle Fork National Creek","fhdGenus":"Salvelinus","fhdSp":"fontinalis","fhdSubSp":null,"fhdOrig":"NonNative","fhdProd":"Natural","fhdComment":null,"fhdESH":"NA","fhdBasisD":null,"fhdNMF":"no","fhdBasisDt":null,"fhdBasisNm":null,"fhdBasisEnt":null,"fhdBasisPrj":null,"fhdBasisMethod":"Electrofishing","fhdAccess":null,"fhdBarrierFtrID":null,"fhdEndExtent":null,"Shape__Length":2309.3099604974723,"habitatType":"stream"},"id":140},
{"type":"Feature","geometry":{"type":"LineString","coordinates":[[-122.266153,43.086929],[-122.267609,43.087224],[-122.268634,43.086771],[-122.270592,43.087297],[-122.271648,43.08688],[-122.272268,43.087401],[-122.274184,43.087417],[-122.27742,43.086791],[-122.280747,43.086764],[-122.282617,43.087369],[-122.284256,43.087176],[-122.28572,43.086132],[-122.287515,43.086191],[-122.288277,43.08685],[-122.290456,43.086402],[-122.290778,43.085539],[-122.294101,43.084584],[-122.296338,43.085092],[-122.297756,43.086379],[-122.29859,43.086509],[-122.300468,43.086207],[-122.303163,43.086251],[-122.303869,43.085376],[-122.306208,43.084984],[-122.309078,43.084275],[-122.310175,43.084425],[-122.310869,43.085733],[-122.311494,43.085782],[-122.312528,43.084978],[-122.314473,43.082574],[-122.31613,43.081904],[-122.316111,43.081154],[-122.316915,43.080488],[-122.316436,43.079741],[-122.318181,43.077947],[-122.319453,43.076948],[-122.319103,43.07531],[-122.31952,43.072888],[-122.318794,43.072283],[-122.319692,43.071111],[-122.321562,43.070398],[-122.322427,43.068937],[-122.322345,43.066564],[-122.321896,43.066069],[-122.322528,43.064844],[-122.322192,43.064133]]},"properties":{"OBJECTID":141,"fhdFtrID":136,"fhdRefID":53684,"fhdRevDt":"20190313","fhdONm":"Peter Robinson","fhdOEnt":"ODFW","fhdSpNm":"Brook trout","fhdRun":"NA","fhdLifeHst":"FluvRes","fhdUseTy":"Unknown","fhdBasis":"UndocObsFish","fhdStNm":"Rogue River","fhdGenus":"Salvelinus","fhdSp":"fontinalis","fhdSubSp":null,"fhdOrig":"NonNative","fhdProd":"Natural","fhdComment":null,"fhdESH":"NA","fhdBasisD":null,"fhdNMF":"no","fhdBasisDt":null,"fhdBasisNm":null,"fhdBasisEnt":null,"fhdBasisPrj":null,"fhdBasisMethod":null,"fhdAccess":null,"fhdBarrierFtrID":null,"fhdEndExtent":null,"Shape__Length":11954.05136844486,"habitatType":"stream"},"id":141},
{"type":"Feature","geometry":{"type":"LineString","coordinates":[[-122.268341,42.52727],[-122.266968,42.529017],[-122.268414,42.530823],[-122.266887,42.533641],[-122.266962,42.535443],[-122.266351,42.536461],[-122.267036,42.538262],[-122.267721,42.538942],[-122.269093,42.539279],[-122.270235,42.540349],[-122.270387,42.541706],[-122.270844,42.5421],[-122.270919,42.544357],[-122.270003,42.545314],[-122.270231,42.54627],[-122.270001,42.547174],[-122.270229,42.548243],[-122.270762,42.548696],[-122.270991,42.549882],[-122.271828,42.550446],[-122.272514,42.551742],[-122.275106,42.552421],[-122.275639,42.55332],[-122.276477,42.55383],[-122.27701,42.556085],[-122.277771,42.557044],[-122.278457,42.558507],[-122.278989,42.56037],[-122.278836,42.561045],[-122.279675,42.561721],[-122.279369,42.562849],[-122.280359,42.564711],[-122.281351,42.5655],[-122.282188,42.567699],[-122.281806,42.568772],[-122.284323,42.570179],[-122.285847,42.57176],[-122.285771,42.572719],[-122.286762,42.574468],[-122.288973,42.576161],[-122.289125,42.577063],[-122.29065,42.578473],[-122.2921,42.578752],[-122.293702,42.579541],[-122.294845,42.580556],[-122.295913,42.580896],[-122.296371,42.581741],[-122.297287,42.582026],[-122.298125,42.583093],[-122.300109,42.583831],[-122.300261,42.584448],[-122.302321,42.586312],[-122.303008,42.588284],[-122.303694,42.588454],[-122.304457,42.589297],[-122.304915,42.591213],[-122.305906,42.592174],[-122.305983,42.592962],[-122.30728,42.594375],[-122.30812,42.594483],[-122.309493,42.596009],[-122.309874,42.598488],[-122.310561,42.599334],[-122.312316,42.600295],[-122.31308,42.601308],[-122.315752,42.603508],[-122.316744,42.604802],[-122.317202,42.606101],[-122.316057,42.607342],[-122.314988,42.608015],[-122.315065,42.609425],[-122.315676,42.610217],[-122.315446,42.612246],[-122.313767,42.616023],[-122.315141,42.618449],[-122.316592,42.619295],[-122.317127,42.623464],[-122.31896,42.624028],[-122.319888,42.625623],[-122.319684,42.626572],[-122.320471,42.627455],[-122.320254,42.630453],[-122.32193,42.631849],[-122.322221,42.632729],[-122.325374,42.635517],[-122.325567,42.636252],[-122.326455,42.63691],[-122.327742,42.637062],[-122.330796,42.639926],[-122.330786,42.64161],[-122.332058,42.644247],[-122.333731,42.646008],[-122.334022,42.646964],[-122.334014,42.648356],[-122.335197,42.649308],[-122.335685,42.650554]]},"properties":{"OBJECTID":142,"fhdFtrID":137,"fhdRefID":53578,"fhdRevDt":"20190313","fhdONm":"Ed Hall","fhdOEnt":"USFS","fhdSpNm":"Brook trout","fhdRun":"NA","fhdLifeHst":"FluvRes","fhdUseTy":"Unknown","fhdBasis":"DocObsFish","fhdStNm":"South Fork Rogue River","fhdGenus":"Salvelinus","fhdSp":"fontinalis","fhdSubSp":null,"fhdOrig":"NonNative","fhdProd":"Natural","fhdComment":null,"fhdESH":"NA","fhdBasisD":null,"fhdNMF":"no","fhdBasisDt":null,"fhdBasisNm":null,"fhdBasisEnt":null,"fhdBasisPrj":null,"fhdBasisMethod":"Electrofishing","fhdAccess":null,"fhdBarrierFtrID":null,"fhdEndExtent":null,"Shape__Length":22781.082170306094,"habitatType":"stream"},"id":142},
{"type":"Feature","geometry":{"type":"LineString","coordinates":[[-122.285908,43.075481],[-122.287306,43.074774],[-122.289607,43.074484],[-122.289884,43.073763],[-122.291024,43.073754],[-122.291712,43.072829],[-122.293497,43.073076],[-122.294702,43.072455],[-122.29697,43.072739],[-122.299126,43.072189],[-122.300514,43.07204],[-122.301616,43.072784],[-122.302995,43.072671],[-122.302725,43.073888],[-122.30419,43.073734],[-122.304322,43.072869],[-122.305024,43.07247],[-122.306627,43.072529],[-122.306685,43.071971],[-122.308644,43.071475],[-122.308919,43.070404],[-122.309815,43.069231],[-122.311307,43.069213],[-122.313049,43.06879],[-122.31402,43.067831],[-122.314653,43.067814],[-122.316187,43.066482],[-122.316749,43.066628],[-122.31843,43.065675],[-122.319229,43.065691],[-122.319731,43.06485],[-122.321989,43.064313]]},"properties":{"OBJECTID":143,"fhdFtrID":138,"fhdRefID":53578,"fhdRevDt":"20190314","fhdONm":"Ed Hall","fhdOEnt":"USFS","fhdSpNm":"Brook trout","fhdRun":"NA","fhdLifeHst":"FluvRes","fhdUseTy":"Unknown","fhdBasis":"DocObsFish","fhdStNm":"Minnehaha Creek","fhdGenus":"Salvelinus","fhdSp":"fontinalis","fhdSubSp":null,"fhdOrig":"NonNative","fhdProd":"Natural","fhdComment":null,"fhdESH":"NA","fhdBasisD":null,"fhdNMF":"no","fhdBasisDt":null,"fhdBasisNm":null,"fhdBasisEnt":null,"fhdBasisPrj":null,"fhdBasisMethod":"Snorkel Level 2","fhdAccess":null,"fhdBarrierFtrID":null,"fhdEndExtent":null,"Shape__Length":6729.063054178794,"habitatType":"stream"},"id":143},
{"type":"Feature","geometry":{"type":"LineString","coordinates":[[-122.32549,43.058621],[-122.32549,43.058622],[-122.323665,43.058621],[-122.322361,43.059046],[-122.32129,43.058519],[-122.319956,43.058424],[-122.319185,43.058921],[-122.317446,43.059161],[-122.316624,43.060243],[-122.31372,43.060595],[-122.312158,43.061714],[-122.312032,43.062813],[-122.310688,43.064013],[-122.309318,43.064516],[-122.308513,43.065229],[-122.307661,43.065434],[-122.307415,43.066187],[-122.306558,43.066567],[-122.305129,43.066391],[-122.304664,43.066874],[-122.302646,43.067213]]},"properties":{"OBJECTID":144,"fhdFtrID":139,"fhdRefID":53578,"fhdRevDt":"20190314","fhdONm":"Ed Hall","fhdOEnt":"USFS","fhdSpNm":"Brook trout","fhdRun":"NA","fhdLifeHst":"FluvRes","fhdUseTy":"Unknown","fhdBasis":"DocObsFish","fhdStNm":"Hamaker Creek","fhdGenus":"Salvelinus","fhdSp":"fontinalis","fhdSubSp":null,"fhdOrig":"NonNative","fhdProd":"Natural","fhdComment":null,"fhdESH":"NA","fhdBasisD":null,"fhdNMF":"no","fhdBasisDt":null,"fhdBasisNm":null,"fhdBasisEnt":null,"fhdBasisPrj":null,"fhdBasisMethod":"Snorkel Level 2","fhdAccess":null,"fhdBarrierFtrID":null,"fhdEndExtent":null,"Shape__Length":3784.1963471816875,"habitatType":"stream"},"id":144},
{"type":"Feature","geometry":{"type":"LineString","coordinates":[[-122.297395,43.053604],[-122.299576,43.052711],[-122.301087,43.051253],[-122.301795,43.049985],[-122.302757,43.049518],[-122.304619,43.047888],[-122.306529,43.046894],[-122.30724,43.046222],[-122.308734,43.046281],[-122.309598,43.045583],[-122.311304,43.045521],[-122.312547,43.045057],[-122.315181,43.044448],[-122.316005,43.043889],[-122.317855,43.043922],[-122.319713,43.044646],[-122.320649,43.044552],[-122.322151,43.043777],[-122.324222,43.043737],[-122.32732,43.042475],[-122.327665,43.042814],[-122.329488,43.042661],[-122.331072,43.04292],[-122.331873,43.042695],[-122.333808,43.043393],[-122.334655,43.043474],[-122.336826,43.0431],[-122.33813,43.043463],[-122.339077,43.044347],[-122.340632,43.044371],[-122.342277,43.045],[-122.344197,43.044737],[-122.345882,43.045046],[-122.346881,43.045573]]},"properties":{"OBJECTID":145,"fhdFtrID":140,"fhdRefID":53578,"fhdRevDt":"20190314","fhdONm":"Ed Hall","fhdOEnt":"USFS","fhdSpNm":"Brook trout","fhdRun":"NA","fhdLifeHst":"FluvRes","fhdUseTy":"Unknown","fhdBasis":"DocObsFish","fhdStNm":"Hurryon Creek","fhdGenus":"Salvelinus","fhdSp":"fontinalis","fhdSubSp":null,"fhdOrig":"NonNative","fhdProd":"Natural","fhdComment":null,"fhdESH":"NA","fhdBasisD":null,"fhdNMF":"no","fhdBasisDt":null,"fhdBasisNm":null,"fhdBasisEnt":null,"fhdBasisPrj":null,"fhdBasisMethod":"Electrofishing","fhdAccess":null,"fhdBarrierFtrID":null,"fhdEndExtent":null,"Shape__Length":7707.046198790426,"habitatType":"stream"},"id":145},
{"type":"Feature","geometry":{"type":"LineString","coordinates":[[-122.326845,43.025361],[-122.330014,43.025667],[-122.331395,43.025991],[-122.333229,43.02709],[-122.334394,43.027478],[-122.335503,43.027068],[-122.336285,43.027452],[-122.337565,43.027298],[-122.337985,43.027824],[-122.339313,43.028279],[-122.34131,43.029883],[-122.342379,43.030118],[-122.343693,43.030858],[-122.344354,43.03065]]},"properties":{"OBJECTID":146,"fhdFtrID":141,"fhdRefID":53578,"fhdRevDt":"20190314","fhdONm":"Ed Hall","fhdOEnt":"USFS","fhdSpNm":"Brook trout","fhdRun":"NA","fhdLifeHst":"FluvRes","fhdUseTy":"Unknown","fhdBasis":"DocObsFish","fhdStNm":"Falls Creek","fhdGenus":"Salvelinus","fhdSp":"fontinalis","fhdSubSp":null,"fhdOrig":"NonNative","fhdProd":"Natural","fhdComment":null,"fhdESH":"NA","fhdBasisD":null,"fhdNMF":"no","fhdBasisDt":null,"fhdBasisNm":null,"fhdBasisEnt":null,"fhdBasisPrj":null,"fhdBasisMethod":"Electrofishing","fhdAccess":null,"fhdBarrierFtrID":null,"fhdEndExtent":null,"Shape__Length":2475.7077854724025,"habitatType":"stream"},"id":146},
{"type":"Feature","geometry":{"type":"LineString","coordinates":[[-122.347306,43.088401],[-122.34717,43.087341],[-122.346027,43.086519],[-122.345053,43.085202],[-122.345126,43.083764],[-122.344581,43.081967],[-122.345225,43.08131],[-122.345114,43.080539],[-122.345906,43.078601],[-122.345639,43.076619],[-122.344942,43.07563],[-122.344642,43.074041],[-122.344201,43.073784],[-122.343487,43.072584],[-122.344078,43.071646],[-122.344029,43.070496],[-122.344788,43.069675],[-122.345883,43.069031],[-122.345799,43.067883],[-122.346537,43.067645],[-122.347285,43.06611],[-122.347029,43.065719],[-122.3477,43.064671],[-122.350008,43.062556],[-122.350622,43.061594],[-122.35171,43.060824],[-122.352477,43.060427],[-122.352293,43.059611],[-122.353675,43.058859],[-122.353893,43.057989],[-122.354558,43.057201],[-122.354285,43.055226],[-122.35459,43.053874],[-122.355606,43.053169],[-122.355205,43.051751],[-122.353894,43.051092],[-122.353532,43.050375],[-122.352041,43.050703],[-122.35086,43.049668],[-122.349938,43.050001],[-122.349636,43.049262],[-122.351102,43.048533],[-122.35074,43.047509]]},"properties":{"OBJECTID":147,"fhdFtrID":142,"fhdRefID":53578,"fhdRevDt":"20190314","fhdONm":"Ed Hall","fhdOEnt":"USFS","fhdSpNm":"Brook trout","fhdRun":"NA","fhdLifeHst":"FluvRes","fhdUseTy":"Unknown","fhdBasis":"DocObsFish","fhdStNm":"Muir Creek","fhdGenus":"Salvelinus","fhdSp":"fontinalis","fhdSubSp":null,"fhdOrig":"NonNative","fhdProd":"Natural","fhdComment":null,"fhdESH":"NA","fhdBasisD":null,"fhdNMF":"no","fhdBasisDt":null,"fhdBasisNm":null,"fhdBasisEnt":null,"fhdBasisPrj":null,"fhdBasisMethod":"Electrofishing","fhdAccess":null,"fhdBarrierFtrID":null,"fhdEndExtent":null,"Shape__Length":9252.670292181263,"habitatType":"stream"},"id":147},
{"type":"Feature","geometry":{"type":"LineString","coordinates":[[-122.399552,43.081788],[-122.399841,43.083223],[-122.398674,43.084242],[-122.397398,43.083775],[-122.396138,43.083842],[-122.395538,43.084782],[-122.392754,43.085047],[-122.391104,43.085734],[-122.38838,43.085177],[-122.385749,43.085258],[-122.383307,43.085791],[-122.37965,43.087541],[-122.377399,43.087369],[-122.375243,43.087644],[-122.374599,43.088344],[-122.373315,43.088013],[-122.371754,43.088506],[-122.370934,43.088153],[-122.367612,43.089049],[-122.36739,43.089688],[-122.366259,43.089491],[-122.365293,43.090003],[-122.364058,43.089641],[-122.363306,43.090309],[-122.361845,43.090206],[-122.3601,43.090531],[-122.358802,43.090389],[-122.355791,43.090599],[-122.354548,43.091193],[-122.352777,43.089993],[-122.351342,43.090572],[-122.34976,43.088812],[-122.348278,43.088759],[-122.347306,43.088401]]},"properties":{"OBJECTID":148,"fhdFtrID":142,"fhdRefID":53578,"fhdRevDt":"20190314","fhdONm":"Ed Hall","fhdOEnt":"USFS","fhdSpNm":"Brook trout","fhdRun":"NA","fhdLifeHst":"FluvRes","fhdUseTy":"Unknown","fhdBasis":"DocObsFish","fhdStNm":"West Fork Muir Creek","fhdGenus":"Salvelinus","fhdSp":"fontinalis","fhdSubSp":null,"fhdOrig":"NonNative","fhdProd":"Natural","fhdComment":null,"fhdESH":"NA","fhdBasisD":null,"fhdNMF":"no","fhdBasisDt":null,"fhdBasisNm":null,"fhdBasisEnt":null,"fhdBasisPrj":null,"fhdBasisMethod":"Electrofishing","fhdAccess":null,"fhdBarrierFtrID":null,"fhdEndExtent":null,"Shape__Length":7805.22177987024,"habitatType":"stream"},"id":148},
{"type":"Feature","geometry":{"type":"LineString","coordinates":[[-122.366451,43.068095],[-122.365913,43.066997],[-122.364742,43.066245],[-122.361495,43.065152],[-122.360064,43.064031],[-122.358258,43.064268],[-122.357155,43.063299],[-122.355848,43.062788],[-122.353834,43.061526],[-122.35233,43.061307],[-122.35171,43.060824]]},"properties":{"OBJECTID":149,"fhdFtrID":143,"fhdRefID":53578,"fhdRevDt":"20190314","fhdONm":"Ed Hall","fhdOEnt":"USFS","fhdSpNm":"Brook trout","fhdRun":"NA","fhdLifeHst":"FluvRes","fhdUseTy":"Unknown","fhdBasis":"DocObsFish","fhdStNm":"Alkali Creek","fhdGenus":"Salvelinus","fhdSp":"fontinalis","fhdSubSp":null,"fhdOrig":"NonNative","fhdProd":"Natural","fhdComment":null,"fhdESH":"NA","fhdBasisD":null,"fhdNMF":"no","fhdBasisDt":null,"fhdBasisNm":null,"fhdBasisEnt":null,"fhdBasisPrj":null,"fhdBasisMethod":"Electrofishing","fhdAccess":null,"fhdBarrierFtrID":null,"fhdEndExtent":null,"Shape__Length":2416.4958769042246,"habitatType":"stream"},"id":149},
{"type":"Feature","geometry":{"type":"LineString","coordinates":[[-122.344201,43.073784],[-122.343368,43.074322],[-122.341224,43.076282],[-122.341585,43.077915],[-122.340856,43.078968],[-122.340043,43.079524],[-122.338464,43.07927],[-122.337702,43.079893],[-122.336885,43.0813],[-122.335229,43.082397],[-122.335292,43.083575],[-122.333637,43.086727],[-122.332437,43.086651],[-122.331389,43.087012],[-122.331272,43.087934],[-122.330337,43.089059],[-122.328948,43.089023],[-122.328285,43.089762],[-122.326395,43.090214],[-122.325754,43.089488],[-122.324168,43.091078],[-122.323001,43.091127],[-122.322291,43.091861],[-122.322095,43.09288],[-122.321388,43.093175],[-122.319806,43.09252],[-122.31662,43.09421],[-122.314617,43.094701],[-122.313128,43.095139],[-122.312742,43.096119],[-122.31144,43.096362],[-122.309582,43.095059],[-122.30854,43.095197],[-122.306973,43.094422],[-122.305583,43.094537],[-122.3032,43.093167],[-122.301884,43.09426],[-122.30182,43.095501],[-122.300113,43.095735],[-122.297933,43.095052],[-122.298036,43.094382],[-122.297277,43.093517],[-122.295231,43.093067],[-122.29334,43.094126],[-122.290818,43.094764],[-122.289332,43.093754],[-122.287815,43.093996],[-122.286373,43.093312],[-122.284807,43.09347],[-122.282873,43.092674],[-122.280829,43.092075],[-122.280148,43.092519],[-122.278169,43.092906],[-122.277897,43.093706],[-122.27588,43.094435],[-122.275074,43.095334],[-122.273106,43.095519]]},"properties":{"OBJECTID":150,"fhdFtrID":144,"fhdRefID":53578,"fhdRevDt":"20190314","fhdONm":"Ed Hall","fhdOEnt":"USFS","fhdSpNm":"Brook trout","fhdRun":"NA","fhdLifeHst":"FluvRes","fhdUseTy":"Unknown","fhdBasis":"DocObsFish","fhdStNm":"East Fork Muir Creek","fhdGenus":"Salvelinus","fhdSp":"fontinalis","fhdSubSp":null,"fhdOrig":"NonNative","fhdProd":"Natural","fhdComment":null,"fhdESH":"NA","fhdBasisD":null,"fhdNMF":"no","fhdBasisDt":null,"fhdBasisNm":null,"fhdBasisEnt":null,"fhdBasisPrj":null,"fhdBasisMethod":"Electrofishing","fhdAccess":null,"fhdBarrierFtrID":null,"fhdEndExtent":null,"Shape__Length":14233.27143444947,"habitatType":"stream"},"id":150},
{"type":"Feature","geometry":{"type":"LineString","coordinates":[[-122.314617,43.094701],[-122.313322,43.095927],[-122.313229,43.096925],[-122.311941,43.097255],[-122.310488,43.098342],[-122.309605,43.098391],[-122.307748,43.099417],[-122.306031,43.100142],[-122.305567,43.10126],[-122.304868,43.101243],[-122.3023,43.102446],[-122.300157,43.102869],[-122.297995,43.102879],[-122.297387,43.10387],[-122.295732,43.104519],[-122.295292,43.105044],[-122.29401,43.108628],[-122.294242,43.109405],[-122.29373,43.110363],[-122.292932,43.111063],[-122.291062,43.111817]]},"properties":{"OBJECTID":151,"fhdFtrID":145,"fhdRefID":53578,"fhdRevDt":"20190314","fhdONm":"Ed Hall","fhdOEnt":"USFS","fhdSpNm":"Brook trout","fhdRun":"NA","fhdLifeHst":"FluvRes","fhdUseTy":"Unknown","fhdBasis":"DocObsFish","fhdStNm":"Sherwood Creek","fhdGenus":"Salvelinus","fhdSp":"fontinalis","fhdSubSp":null,"fhdOrig":"NonNative","fhdProd":"Natural","fhdComment":null,"fhdESH":"NA","fhdBasisD":null,"fhdNMF":"no","fhdBasisDt":null,"fhdBasisNm":null,"fhdBasisEnt":null,"fhdBasisPrj":null,"fhdBasisMethod":"Electrofishing","fhdAccess":null,"fhdBarrierFtrID":null,"fhdEndExtent":null,"Shape__Length":4569.581878075609,"habitatType":"stream"},"id":151},
{"type":"Feature","geometry":{"type":"LineString","coordinates":[[-122.376651,42.993012],[-122.376081,42.993259],[-122.374136,42.99556],[-122.372844,42.99639],[-122.371374,42.99623],[-122.37001,42.996957],[-122.368493,42.996259],[-122.367503,42.997264],[-122.3672,42.998025],[-122.365836,42.998407],[-122.364229,42.998005],[-122.362872,42.998951],[-122.36117,42.999337]]},"properties":{"OBJECTID":152,"fhdFtrID":146,"fhdRefID":53578,"fhdRevDt":"20190314","fhdONm":"Ed Hall","fhdOEnt":"USFS","fhdSpNm":"Brook trout","fhdRun":"NA","fhdLifeHst":"FluvRes","fhdUseTy":"Unknown","fhdBasis":"DocObsFish","fhdStNm":"Wizard Creek","fhdGenus":"Salvelinus","fhdSp":"fontinalis","fhdSubSp":null,"fhdOrig":"NonNative","fhdProd":"Natural","fhdComment":null,"fhdESH":"NA","fhdBasisD":null,"fhdNMF":"no","fhdBasisDt":null,"fhdBasisNm":null,"fhdBasisEnt":null,"fhdBasisPrj":null,"fhdBasisMethod":"Electrofishing","fhdAccess":null,"fhdBarrierFtrID":null,"fhdEndExtent":null,"Shape__Length":2748.2766839909623,"habitatType":"stream"},"id":152},
{"type":"Feature","geometry":{"type":"LineString","coordinates":[[-122.283683,43.006267],[-122.285145,43.006076],[-122.286208,43.005557],[-122.287681,43.00526],[-122.290873,43.005406],[-122.292795,43.005078],[-122.293866,43.004194],[-122.296044,43.003037],[-122.298722,43.002465],[-122.301737,43.003225],[-122.303063,43.004575],[-122.30391,43.004098],[-122.307193,43.003372],[-122.308076,43.003332],[-122.310408,43.003737],[-122.31286,43.003661],[-122.314256,43.003816],[-122.315778,43.003527],[-122.317711,43.002788],[-122.318431,43.00219],[-122.319467,43.002093],[-122.319979,43.001391],[-122.321714,43.00077],[-122.322143,43.001051],[-122.325493,43.001513],[-122.327754,43.000523],[-122.328699,42.999368],[-122.329936,42.998729],[-122.333545,42.998272],[-122.336209,42.995417],[-122.336641,42.994685],[-122.336324,42.993408],[-122.337008,42.992514],[-122.336784,42.991285],[-122.335983,42.990257],[-122.336646,42.989216],[-122.336695,42.988373],[-122.337255,42.987429],[-122.336686,42.98608],[-122.339159,42.984802],[-122.34023,42.983949],[-122.343705,42.982811],[-122.345497,42.982542],[-122.347751,42.983549],[-122.348977,42.983795],[-122.350174,42.983018],[-122.35242,42.982709],[-122.353279,42.983894],[-122.354356,42.984829],[-122.356016,42.984995],[-122.357439,42.985423],[-122.359842,42.985299],[-122.362411,42.986009],[-122.363382,42.985959],[-122.363549,42.984979],[-122.364575,42.983733],[-122.366086,42.983528],[-122.366749,42.983962],[-122.367897,42.984053],[-122.369042,42.983596]]},"properties":{"OBJECTID":153,"fhdFtrID":147,"fhdRefID":53578,"fhdRevDt":"20190314","fhdONm":"Ed Hall","fhdOEnt":"USFS","fhdSpNm":"Brook trout","fhdRun":"NA","fhdLifeHst":"FluvRes","fhdUseTy":"Unknown","fhdBasis":"DocObsFish","fhdStNm":"Bert Creek","fhdGenus":"Salvelinus","fhdSp":"fontinalis","fhdSubSp":null,"fhdOrig":"NonNative","fhdProd":"Natural","fhdComment":null,"fhdESH":"NA","fhdBasisD":null,"fhdNMF":"no","fhdBasisDt":null,"fhdBasisNm":null,"fhdBasisEnt":null,"fhdBasisPrj":null,"fhdBasisMethod":"Snorkel Level 2","fhdAccess":null,"fhdBarrierFtrID":null,"fhdEndExtent":null,"Shape__Length":13584.795541327065,"habitatType":"stream"},"id":153},
{"type":"Feature","geometry":{"type":"LineString","coordinates":[[-122.284619,43.000697],[-122.286122,43.000015],[-122.288925,42.99992],[-122.291021,42.99897],[-122.292514,42.998719],[-122.294651,42.997615],[-122.296792,42.997321],[-122.298027,42.996878],[-122.300275,42.996743],[-122.30232,42.995737],[-122.303699,42.996064],[-122.305449,42.995796],[-122.307131,42.996501],[-122.30847,42.996262],[-122.309463,42.995491],[-122.31197,42.994251],[-122.313739,42.99416],[-122.317569,42.994321],[-122.318625,42.994058],[-122.321559,42.9927],[-122.327438,42.992598],[-122.327616,42.992165],[-122.329497,42.991169],[-122.33131,42.990866],[-122.332257,42.99101],[-122.333359,42.990447],[-122.335983,42.990257]]},"properties":{"OBJECTID":154,"fhdFtrID":148,"fhdRefID":53578,"fhdRevDt":"20190314","fhdONm":"Ed Hall","fhdOEnt":"USFS","fhdSpNm":"Brook trout","fhdRun":"NA","fhdLifeHst":"FluvRes","fhdUseTy":"Unknown","fhdBasis":"DocObsFish","fhdStNm":"Bill Creek","fhdGenus":"Salvelinus","fhdSp":"fontinalis","fhdSubSp":null,"fhdOrig":"NonNative","fhdProd":"Natural","fhdComment":null,"fhdESH":"NA","fhdBasisD":null,"fhdNMF":"no","fhdBasisDt":null,"fhdBasisNm":null,"fhdBasisEnt":null,"fhdBasisPrj":null,"fhdBasisMethod":"Snorkel Level 2","fhdAccess":null,"fhdBarrierFtrID":null,"fhdEndExtent":null,"Shape__Length":6718.341304479232,"habitatType":"stream"},"id":154},
{"type":"Feature","geometry":{"type":"LineString","coordinates":[[-122.282924,42.914471],[-122.283936,42.914842],[-122.285163,42.914395],[-122.28639,42.915406],[-122.288614,42.915524],[-122.288844,42.916367],[-122.290377,42.917214],[-122.291375,42.917211],[-122.292448,42.918623],[-122.293906,42.919186],[-122.29567,42.9193],[-122.296053,42.919582],[-122.298048,42.919189],[-122.300502,42.920599],[-122.302113,42.921217],[-122.303647,42.921105],[-122.305335,42.920543],[-122.306333,42.920599],[-122.30779,42.919977],[-122.310321,42.921105],[-122.312393,42.920766],[-122.316382,42.92133],[-122.317225,42.922402],[-122.318836,42.921953],[-122.320064,42.922064],[-122.321138,42.922628],[-122.322749,42.922908],[-122.323516,42.92257],[-122.325511,42.923136],[-122.325971,42.922459],[-122.328196,42.923134],[-122.331571,42.92336],[-122.332032,42.923696],[-122.333796,42.923698],[-122.334718,42.924203],[-122.335331,42.92381],[-122.337326,42.924713],[-122.338553,42.92477],[-122.339473,42.924428],[-122.342159,42.924543],[-122.34308,42.925161],[-122.344001,42.925274],[-122.344768,42.926062],[-122.346304,42.926795],[-122.347684,42.926794],[-122.351137,42.927413],[-122.351675,42.927979],[-122.353516,42.928372],[-122.354821,42.928145],[-122.355972,42.92916],[-122.357123,42.929045],[-122.358735,42.930342],[-122.360194,42.93085],[-122.363495,42.933218],[-122.36526,42.933836],[-122.365874,42.933047],[-122.368176,42.933497],[-122.369174,42.934114],[-122.370709,42.934339],[-122.371707,42.934849],[-122.373088,42.935072],[-122.374548,42.93603],[-122.376316,42.936252],[-122.378542,42.935633],[-122.380306,42.935747],[-122.381073,42.936876],[-122.383807,42.936779],[-122.384986,42.93733],[-122.38606,42.93671],[-122.387211,42.936878],[-122.388823,42.936598],[-122.391049,42.936768],[-122.394503,42.935359],[-122.396344,42.935922],[-122.397111,42.935643],[-122.398799,42.93598],[-122.402329,42.935643],[-122.402943,42.93525],[-122.404095,42.935252],[-122.404632,42.9348],[-122.406473,42.93435],[-122.408622,42.934293],[-122.409543,42.934069],[-122.410311,42.933393],[-122.412153,42.933109],[-122.414608,42.932321],[-122.415913,42.931251],[-122.417064,42.930631],[-122.418906,42.929276],[-122.419827,42.928205],[-122.421592,42.927754],[-122.424533,42.927876]]},"properties":{"OBJECTID":155,"fhdFtrID":149,"fhdRefID":53578,"fhdRevDt":"20190314","fhdONm":"Ed Hall","fhdOEnt":"USFS","fhdSpNm":"Brook trout","fhdRun":"NA","fhdLifeHst":"FluvRes","fhdUseTy":"Unknown","fhdBasis":"DocObsFish","fhdStNm":"Castle Creek","fhdGenus":"Salvelinus","fhdSp":"fontinalis","fhdSubSp":null,"fhdOrig":"NonNative","fhdProd":"Natural","fhdComment":null,"fhdESH":"NA","fhdBasisD":null,"fhdNMF":"no","fhdBasisDt":null,"fhdBasisNm":null,"fhdBasisEnt":null,"fhdBasisPrj":null,"fhdBasisMethod":"Snorkel Level 2","fhdAccess":null,"fhdBarrierFtrID":null,"fhdEndExtent":null,"Shape__Length":19159.70509137132,"habitatType":"stream"},"id":155},
{"type":"Feature","geometry":{"type":"LineString","coordinates":[[-122.422076,42.933288],[-122.420584,42.933798],[-122.419697,42.934807],[-122.419905,42.935461],[-122.418449,42.936231],[-122.415835,42.937074],[-122.414857,42.937982],[-122.414953,42.938908],[-122.413901,42.939402],[-122.412337,42.941819],[-122.411762,42.942223],[-122.41138,42.944875],[-122.410502,42.94596],[-122.409379,42.94552],[-122.408971,42.945923],[-122.406702,42.946101],[-122.405544,42.945908],[-122.405548,42.947301],[-122.404357,42.948514],[-122.40416,42.951021],[-122.402689,42.952041],[-122.401568,42.951697],[-122.40113,42.952137],[-122.398942,42.951916],[-122.397572,42.951249],[-122.396097,42.951353],[-122.394433,42.952693],[-122.393975,42.952489],[-122.392628,42.953016],[-122.39241,42.953928],[-122.39244,42.955639],[-122.391509,42.955756],[-122.390439,42.957281],[-122.388277,42.957207],[-122.388157,42.95667],[-122.385824,42.956644],[-122.384211,42.955867],[-122.383286,42.955889],[-122.382083,42.954872],[-122.380832,42.954453],[-122.379669,42.954728],[-122.376723,42.953114],[-122.375171,42.952895],[-122.372064,42.953169],[-122.371243,42.953451],[-122.369657,42.953396],[-122.369098,42.952822],[-122.367878,42.952671],[-122.366898,42.953316],[-122.366863,42.954157],[-122.365737,42.954845],[-122.365957,42.955723],[-122.36527,42.95644],[-122.362199,42.956055],[-122.36045,42.956298],[-122.359207,42.956156],[-122.358306,42.956473],[-122.357924,42.957379],[-122.356986,42.957253],[-122.356297,42.957917],[-122.353769,42.95909],[-122.352188,42.95887],[-122.351667,42.958159],[-122.350671,42.958169],[-122.350347,42.957637],[-122.348977,42.957555],[-122.347742,42.956128],[-122.346656,42.956301],[-122.344029,42.955918],[-122.343039,42.956747],[-122.341613,42.955871],[-122.340536,42.955659],[-122.339592,42.955892],[-122.337592,42.955587],[-122.336662,42.955141],[-122.334449,42.954943],[-122.331937,42.955159],[-122.328521,42.954917],[-122.326866,42.954371],[-122.323969,42.95411],[-122.321738,42.953479],[-122.319689,42.95243],[-122.318701,42.952431],[-122.316609,42.951223],[-122.312185,42.951222],[-122.308901,42.950204],[-122.307751,42.94933],[-122.305972,42.948682],[-122.305122,42.948964],[-122.302879,42.9486],[-122.301498,42.949017],[-122.300513,42.948801],[-122.299666,42.948083],[-122.298714,42.948434],[-122.296548,42.948121],[-122.294959,42.947704],[-122.294334,42.946208],[-122.293142,42.945702],[-122.291242,42.945297],[-122.289634,42.944673],[-122.288612,42.944688],[-122.28565,42.942888],[-122.284011,42.940479],[-122.282624,42.940171]]},"properties":{"OBJECTID":156,"fhdFtrID":150,"fhdRefID":53578,"fhdRevDt":"20190314","fhdONm":"Ed Hall","fhdOEnt":"USFS","fhdSpNm":"Brook trout","fhdRun":"NA","fhdLifeHst":"FluvRes","fhdUseTy":"Unknown","fhdBasis":"DocObsFish","fhdStNm":"Bybee Creek","fhdGenus":"Salvelinus","fhdSp":"fontinalis","fhdSubSp":null,"fhdOrig":"NonNative","fhdProd":"Natural","fhdComment":null,"fhdESH":"NA","fhdBasisD":null,"fhdNMF":"no","fhdBasisDt":null,"fhdBasisNm":null,"fhdBasisEnt":null,"fhdBasisPrj":null,"fhdBasisMethod":"Snorkel Level 2","fhdAccess":null,"fhdBarrierFtrID":null,"fhdEndExtent":null,"Shape__Length":23195.963316627156,"habitatType":"stream"},"id":156},
{"type":"Feature","geometry":{"type":"LineString","coordinates":[[-122.361469,42.947333],[-122.363832,42.947268],[-122.365662,42.946399],[-122.366931,42.947241],[-122.366984,42.947944],[-122.36907,42.95019],[-122.371337,42.950216],[-122.371406,42.949558],[-122.372242,42.94932],[-122.373631,42.949902],[-122.374637,42.94959],[-122.375858,42.949992],[-122.37681,42.951013],[-122.377622,42.951325],[-122.380293,42.951622],[-122.381953,42.952866],[-122.383472,42.952898],[-122.384252,42.953576],[-122.386323,42.953883],[-122.387376,42.95519],[-122.388157,42.95667]]},"properties":{"OBJECTID":157,"fhdFtrID":151,"fhdRefID":53578,"fhdRevDt":"20190314","fhdONm":"Ed Hall","fhdOEnt":"USFS","fhdSpNm":"Brook trout","fhdRun":"NA","fhdLifeHst":"FluvRes","fhdUseTy":"Unknown","fhdBasis":"DocObsFish","fhdStNm":"Rock Creek","fhdGenus":"Salvelinus","fhdSp":"fontinalis","fhdSubSp":null,"fhdOrig":"NonNative","fhdProd":"Natural","fhdComment":null,"fhdESH":"NA","fhdBasisD":null,"fhdNMF":"no","fhdBasisDt":null,"fhdBasisNm":null,"fhdBasisEnt":null,"fhdBasisPrj":null,"fhdBasisMethod":"Snorkel Level 2","fhdAccess":null,"fhdBarrierFtrID":null,"fhdEndExtent":null,"Shape__Length":4843.723126845315,"habitatType":"stream"},"id":157},
{"type":"Feature","geometry":{"type":"LineString","coordinates":[[-122.302526,42.954048],[-122.30464,42.954141],[-122.305196,42.95452],[-122.308205,42.955773],[-122.30861,42.956154],[-122.308993,42.958263],[-122.309358,42.95857],[-122.311455,42.958934],[-122.312498,42.959696],[-122.314548,42.960291],[-122.315554,42.96153],[-122.317055,42.962804],[-122.317091,42.963121],[-122.319454,42.963228],[-122.321226,42.963137],[-122.321618,42.96246],[-122.324765,42.963395],[-122.325073,42.964015],[-122.326244,42.96461],[-122.326089,42.965574],[-122.326841,42.965976],[-122.326106,42.966997],[-122.327106,42.967618],[-122.32807,42.967761],[-122.329272,42.967245],[-122.330675,42.967452],[-122.331757,42.967921],[-122.335006,42.968119],[-122.337102,42.967525],[-122.337771,42.965538],[-122.339364,42.964982],[-122.340376,42.965057],[-122.343157,42.964571],[-122.344363,42.965229],[-122.344803,42.96473],[-122.346444,42.964953],[-122.346728,42.964416],[-122.34823,42.964102],[-122.350899,42.964895],[-122.352011,42.964529],[-122.352726,42.964993],[-122.35257,42.965812],[-122.352949,42.96687],[-122.353891,42.966552],[-122.355271,42.967567],[-122.355921,42.967604],[-122.356918,42.96838],[-122.358464,42.967229],[-122.359309,42.968241],[-122.361908,42.969019],[-122.362725,42.969039],[-122.363898,42.970234],[-122.364404,42.971103],[-122.366307,42.971568],[-122.366802,42.972328],[-122.367706,42.972793],[-122.369461,42.973135],[-122.369726,42.973863],[-122.371311,42.974529],[-122.373065,42.974367],[-122.374687,42.975917],[-122.375625,42.975869],[-122.376768,42.976465],[-122.377823,42.979012],[-122.380626,42.979847],[-122.381496,42.980813],[-122.383845,42.982448],[-122.385331,42.982803],[-122.385652,42.983837],[-122.387156,42.984813],[-122.388151,42.984868],[-122.388984,42.985374],[-122.389873,42.986528],[-122.390895,42.98666],[-122.391791,42.98728],[-122.39265,42.988409]]},"properties":{"OBJECTID":158,"fhdFtrID":152,"fhdRefID":53578,"fhdRevDt":"20190314","fhdONm":"Ed Hall","fhdOEnt":"USFS","fhdSpNm":"Brook trout","fhdRun":"NA","fhdLifeHst":"FluvRes","fhdUseTy":"Unknown","fhdBasis":"DocObsFish","fhdStNm":"Copeland Creek","fhdGenus":"Salvelinus","fhdSp":"fontinalis","fhdSubSp":null,"fhdOrig":"NonNative","fhdProd":"Natural","fhdComment":null,"fhdESH":"NA","fhdBasisD":null,"fhdNMF":"no","fhdBasisDt":null,"fhdBasisNm":null,"fhdBasisEnt":null,"fhdBasisPrj":null,"fhdBasisMethod":"Electrofishing","fhdAccess":null,"fhdBarrierFtrID":null,"fhdEndExtent":null,"Shape__Length":16489.6168446913,"habitatType":"stream"},"id":158},
{"type":"Feature","geometry":{"type":"LineString","coordinates":[[-122.272382,42.970821],[-122.27438,42.97037],[-122.277088,42.969335],[-122.280051,42.96866],[-122.282375,42.968566],[-122.283122,42.968907],[-122.28421,42.968659],[-122.286004,42.969947],[-122.288885,42.970221],[-122.290061,42.969703],[-122.291989,42.969639],[-122.292675,42.969852],[-122.294737,42.969459],[-122.295488,42.969982],[-122.296666,42.969053],[-122.2988,42.968756],[-122.300254,42.967499],[-122.302918,42.966525],[-122.304464,42.965696],[-122.304975,42.964697],[-122.306112,42.964057],[-122.308647,42.964894],[-122.309958,42.964175],[-122.311118,42.965192],[-122.312908,42.965098],[-122.314475,42.96569],[-122.315365,42.965721],[-122.31637,42.966416],[-122.317301,42.966337]]},"properties":{"OBJECTID":159,"fhdFtrID":153,"fhdRefID":53578,"fhdRevDt":"20190314","fhdONm":"Ed Hall","fhdOEnt":"USFS","fhdSpNm":"Brook trout","fhdRun":"NA","fhdLifeHst":"FluvRes","fhdUseTy":"Unknown","fhdBasis":"DocObsFish","fhdStNm":"Unnamed trib to Copeland Creek","fhdGenus":"Salvelinus","fhdSp":"fontinalis","fhdSubSp":null,"fhdOrig":"NonNative","fhdProd":"Natural","fhdComment":null,"fhdESH":"NA","fhdBasisD":null,"fhdNMF":"no","fhdBasisDt":null,"fhdBasisNm":null,"fhdBasisEnt":null,"fhdBasisPrj":null,"fhdBasisMethod":"Electrofishing","fhdAccess":null,"fhdBarrierFtrID":null,"fhdEndExtent":null,"Shape__Length":6648.694735594575,"habitatType":"stream"},"id":159},
{"type":"Feature","geometry":{"type":"LineString","coordinates":[[-122.425725,42.94067],[-122.426688,42.940822],[-122.428718,42.942353],[-122.428835,42.943396],[-122.428245,42.944572],[-122.427656,42.944837],[-122.427575,42.946024],[-122.426312,42.947379],[-122.425571,42.947587],[-122.425216,42.948537],[-122.424354,42.949058],[-122.424092,42.950644],[-122.424583,42.951435],[-122.423674,42.952519],[-122.423682,42.953197],[-122.42545,42.954188],[-122.425384,42.955172],[-122.424073,42.955395],[-122.422833,42.955939],[-122.423153,42.956607],[-122.421684,42.958441],[-122.420844,42.958954],[-122.421837,42.960349],[-122.423303,42.961357],[-122.423505,42.962036],[-122.425032,42.962773]]},"properties":{"OBJECTID":160,"fhdFtrID":154,"fhdRefID":53578,"fhdRevDt":"20190314","fhdONm":"Ed Hall","fhdOEnt":"USFS","fhdSpNm":"Brook trout","fhdRun":"NA","fhdLifeHst":"FluvRes","fhdUseTy":"Unknown","fhdBasis":"DocObsFish","fhdStNm":"Browns Creek","fhdGenus":"Salvelinus","fhdSp":"fontinalis","fhdSubSp":null,"fhdOrig":"NonNative","fhdProd":"Natural","fhdComment":null,"fhdESH":"NA","fhdBasisD":null,"fhdNMF":"no","fhdBasisDt":null,"fhdBasisNm":null,"fhdBasisEnt":null,"fhdBasisPrj":null,"fhdBasisMethod":"Snorkel Level 2","fhdAccess":null,"fhdBarrierFtrID":null,"fhdEndExtent":null,"Shape__Length":4841.187903437447,"habitatType":"stream"},"id":160},
{"type":"Feature","geometry":{"type":"LineString","coordinates":[[-122.511701,42.878215],[-122.512505,42.877556],[-122.511933,42.876717],[-122.51041,42.875734],[-122.509083,42.874189],[-122.510942,42.87244],[-122.510153,42.872142],[-122.510798,42.871103],[-122.51042,42.869679],[-122.511377,42.869118],[-122.511193,42.868114],[-122.510671,42.867588],[-122.510675,42.866414],[-122.509959,42.865456],[-122.511065,42.864452],[-122.512522,42.86433],[-122.511643,42.863298],[-122.512697,42.86281],[-122.514359,42.861246],[-122.513442,42.859557],[-122.511502,42.858469],[-122.510399,42.858482],[-122.509794,42.859466]]},"properties":{"OBJECTID":161,"fhdFtrID":155,"fhdRefID":53578,"fhdRevDt":"20190314","fhdONm":"Ed Hall","fhdOEnt":"USFS","fhdSpNm":"Brook trout","fhdRun":"NA","fhdLifeHst":"FluvRes","fhdUseTy":"Unknown","fhdBasis":"DocObsFish","fhdStNm":"Abbott Creek","fhdGenus":"Salvelinus","fhdSp":"fontinalis","fhdSubSp":null,"fhdOrig":"NonNative","fhdProd":"Natural","fhdComment":null,"fhdESH":"NA","fhdBasisD":null,"fhdNMF":"no","fhdBasisDt":null,"fhdBasisNm":null,"fhdBasisEnt":null,"fhdBasisPrj":null,"fhdBasisMethod":null,"fhdAccess":null,"fhdBarrierFtrID":null,"fhdEndExtent":null,"Shape__Length":4549.872529538337,"habitatType":"stream"},"id":161},
{"type":"Feature","geometry":{"type":"LineString","coordinates":[[-122.467472,42.728119],[-122.468632,42.730303],[-122.468251,42.731265],[-122.469552,42.732392],[-122.468253,42.7338],[-122.466953,42.734307],[-122.465958,42.733519],[-122.465194,42.734591],[-122.465501,42.735268],[-122.46512,42.73741],[-122.46313,42.737243],[-122.462596,42.738596],[-122.461985,42.739273],[-122.45992,42.740398],[-122.458161,42.740623],[-122.457014,42.741244],[-122.457015,42.742878],[-122.457321,42.743897],[-122.455791,42.743444],[-122.454797,42.743669],[-122.455181,42.745135],[-122.454339,42.745644],[-122.454263,42.746319],[-122.452198,42.746602],[-122.451281,42.747502],[-122.44975,42.746995],[-122.449215,42.747222],[-122.449215,42.74824],[-122.448145,42.748068],[-122.446538,42.749141],[-122.446691,42.749592],[-122.444779,42.75128],[-122.445086,42.752295],[-122.443861,42.752636],[-122.442714,42.753931],[-122.442025,42.755058],[-122.441184,42.755734],[-122.441873,42.756638],[-122.44149,42.757316],[-122.440189,42.757314],[-122.439501,42.757878],[-122.440266,42.759458],[-122.44172,42.76064],[-122.441567,42.761936],[-122.441108,42.762785],[-122.440342,42.763123],[-122.43843,42.763402],[-122.4382,42.764477],[-122.43644,42.765378],[-122.435598,42.765491],[-122.434144,42.764984],[-122.432767,42.765545],[-122.431236,42.765717],[-122.430701,42.766674],[-122.431466,42.768875],[-122.430929,42.770056],[-122.428557,42.771746],[-122.428404,42.773385],[-122.425877,42.77547],[-122.425571,42.776653],[-122.426642,42.7775],[-122.427101,42.779245],[-122.426336,42.77998],[-122.423809,42.781502],[-122.422508,42.781725],[-122.422201,42.782742],[-122.421512,42.783022],[-122.420593,42.784152],[-122.418909,42.784431],[-122.417837,42.785052],[-122.415923,42.785389],[-122.414391,42.786011],[-122.413549,42.7868],[-122.412094,42.787026],[-122.410257,42.786967],[-122.408113,42.787361],[-122.404745,42.787024],[-122.402525,42.786009],[-122.401837,42.784992],[-122.400613,42.783864],[-122.400538,42.782175],[-122.399773,42.781212],[-122.398395,42.781214],[-122.3974,42.780705],[-122.397478,42.778733],[-122.396407,42.77834],[-122.395949,42.777099],[-122.393653,42.77597],[-122.392889,42.77467],[-122.390976,42.774614],[-122.389982,42.773655],[-122.386691,42.773317],[-122.386079,42.772976],[-122.383477,42.772976],[-122.383629,42.773652],[-122.381791,42.774101],[-122.380568,42.773537],[-122.379572,42.774103],[-122.377583,42.773255],[-122.376187,42.773423],[-122.372975,42.775625],[-122.371902,42.775286],[-122.371136,42.774611],[-122.369912,42.7745],[-122.367004,42.775457],[-122.366162,42.775178],[-122.365014,42.775572],[-122.364479,42.77642],[-122.363331,42.776306],[-122.3618,42.776531],[-122.36073,42.77766],[-122.359581,42.777212],[-122.358357,42.777097],[-122.35629,42.778171],[-122.352923,42.778283],[-122.352617,42.778677],[-122.351239,42.778678],[-122.350322,42.779583],[-122.348485,42.779806],[-122.346265,42.780654],[-122.344275,42.78071],[-122.34328,42.781276],[-122.340907,42.781672],[-122.338228,42.780598],[-122.336773,42.781049],[-122.3344,42.781333],[-122.332793,42.78122],[-122.330802,42.781672],[-122.329272,42.782744],[-122.328583,42.782857],[-122.326899,42.782352],[-122.325597,42.782236],[-122.321541,42.783702],[-122.320316,42.783929],[-122.318785,42.785226],[-122.318096,42.785114],[-122.316412,42.785675],[-122.315952,42.786861],[-122.31534,42.787254],[-122.311742,42.787593],[-122.311129,42.788156],[-122.310441,42.789679],[-122.308909,42.790471],[-122.308909,42.791034],[-122.306765,42.791313],[-122.306229,42.79222],[-122.304468,42.793064],[-122.303472,42.793797],[-122.30194,42.795994],[-122.298265,42.796669],[-122.294972,42.798306],[-122.294665,42.799209],[-122.29344,42.799715],[-122.291679,42.799659],[-122.290453,42.800223],[-122.288922,42.800223],[-122.287926,42.800617],[-122.287314,42.800222],[-122.284327,42.799712],[-122.28203,42.800445],[-122.279732,42.800219],[-122.278125,42.799655],[-122.277128,42.800559],[-122.275903,42.80033],[-122.275368,42.799485],[-122.273071,42.799146],[-122.271539,42.799596],[-122.270415,42.799494],[-122.268706,42.799821],[-122.266409,42.799369],[-122.265031,42.798748],[-122.264112,42.799539],[-122.26258,42.798858],[-122.261585,42.798127],[-122.259749,42.797561],[-122.25814,42.797844]]},"properties":{"OBJECTID":162,"fhdFtrID":156,"fhdRefID":53578,"fhdRevDt":"20190314","fhdONm":"Ed Hall","fhdOEnt":"USFS","fhdSpNm":"Brook trout","fhdRun":"NA","fhdLifeHst":"FluvRes","fhdUseTy":"Unknown","fhdBasis":"DocObsFish","fhdStNm":"Red Blanket Creek","fhdGenus":"Salvelinus","fhdSp":"fontinalis","fhdSubSp":null,"fhdOrig":"NonNative","fhdProd":"Natural","fhdComment":null,"fhdESH":"NA","fhdBasisD":null,"fhdNMF":"no","fhdBasisDt":null,"fhdBasisNm":null,"fhdBasisEnt":null,"fhdBasisPrj":null,"fhdBasisMethod":"Snorkel Level 2","fhdAccess":null,"fhdBarrierFtrID":null,"fhdEndExtent":null,"Shape__Length":36473.61107711107,"habitatType":"stream"},"id":162},
{"type":"Feature","geometry":{"type":"LineString","coordinates":[[-122.319235,42.942422],[-122.319754,42.942856],[-122.320877,42.942912],[-122.321923,42.943763],[-122.324497,42.944707],[-122.326125,42.945884],[-122.326728,42.947117],[-122.328421,42.948017],[-122.330392,42.948095],[-122.33274,42.949672],[-122.338097,42.950532],[-122.338477,42.950834],[-122.340815,42.951107],[-122.343257,42.951199],[-122.345573,42.952105],[-122.34619,42.953031],[-122.347729,42.953714],[-122.348743,42.953427],[-122.349447,42.952638],[-122.351096,42.952667],[-122.352107,42.952114],[-122.353038,42.953234],[-122.353509,42.952216],[-122.355029,42.951757],[-122.356408,42.95099],[-122.357576,42.95079],[-122.357998,42.950202],[-122.359078,42.949955],[-122.361641,42.948094],[-122.361486,42.947348]]},"properties":{"OBJECTID":163,"fhdFtrID":157,"fhdRefID":53578,"fhdRevDt":"20190314","fhdONm":"Ed Hall","fhdOEnt":"USFS","fhdSpNm":"Brook trout","fhdRun":"NA","fhdLifeHst":"FluvRes","fhdUseTy":"Unknown","fhdBasis":"DocObsFish","fhdStNm":"Deer Creek","fhdGenus":"Salvelinus","fhdSp":"fontinalis","fhdSubSp":null,"fhdOrig":"NonNative","fhdProd":"Natural","fhdComment":null,"fhdESH":"NA","fhdBasisD":null,"fhdNMF":"no","fhdBasisDt":null,"fhdBasisNm":null,"fhdBasisEnt":null,"fhdBasisPrj":null,"fhdBasisMethod":"Snorkel Level 2","fhdAccess":null,"fhdBarrierFtrID":null,"fhdEndExtent":null,"Shape__Length":6659.047162798636,"habitatType":"stream"},"id":163},
{"type":"Feature","geometry":{"type":"LineString","coordinates":[[-122.335975,42.701157],[-122.338658,42.700065],[-122.339759,42.698311],[-122.342834,42.698176],[-122.344026,42.697813],[-122.345808,42.698112],[-122.348688,42.69739],[-122.352551,42.697911],[-122.35463,42.698576],[-122.357009,42.698585],[-122.358293,42.699322],[-122.359879,42.699547],[-122.361062,42.700503],[-122.36086,42.701232],[-122.363028,42.703585],[-122.364713,42.703734],[-122.365702,42.704104],[-122.366893,42.70389],[-122.369865,42.704339],[-122.370461,42.704045],[-122.372445,42.703979],[-122.375713,42.704645],[-122.376111,42.70499],[-122.378248,42.70492],[-122.379394,42.705372],[-122.380771,42.704808],[-122.383599,42.70549],[-122.385051,42.70611],[-122.388416,42.706164]]},"properties":{"OBJECTID":164,"fhdFtrID":158,"fhdRefID":53578,"fhdRevDt":"20190314","fhdONm":"Ed Hall","fhdOEnt":"USFS","fhdSpNm":"Brook trout","fhdRun":"NA","fhdLifeHst":"FluvRes","fhdUseTy":"Unknown","fhdBasis":"DocObsFish","fhdStNm":"Imnaha Creek","fhdGenus":"Salvelinus","fhdSp":"fontinalis","fhdSubSp":null,"fhdOrig":"NonNative","fhdProd":"Natural","fhdComment":null,"fhdESH":"NA","fhdBasisD":null,"fhdNMF":"no","fhdBasisDt":null,"fhdBasisNm":null,"fhdBasisEnt":null,"fhdBasisPrj":null,"fhdBasisMethod":"Snorkel Level 2","fhdAccess":null,"fhdBarrierFtrID":null,"fhdEndExtent":null,"Shape__Length":6883.5490151298645,"habitatType":"stream"},"id":164},
{"type":"Feature","geometry":{"type":"LineString","coordinates":[[-122.289966,42.296598],[-122.292516,42.296601],[-122.295143,42.296999],[-122.298465,42.29729],[-122.299624,42.296716],[-122.302174,42.296831],[-122.303411,42.297118],[-122.304956,42.296199],[-122.306116,42.295855],[-122.306811,42.295166],[-122.307274,42.29362],[-122.310597,42.293563],[-122.311678,42.293331],[-122.314306,42.292126],[-122.31531,42.291957],[-122.317087,42.290634],[-122.318014,42.290635],[-122.320563,42.289948],[-122.322418,42.290576],[-122.323732,42.290003],[-122.324813,42.289198],[-122.328598,42.289027],[-122.331148,42.289258],[-122.331921,42.289082],[-122.33532,42.288913],[-122.336324,42.288739],[-122.338178,42.287705],[-122.340495,42.287074],[-122.342504,42.285753],[-122.344898,42.285469],[-122.348452,42.286097],[-122.35193,42.287702],[-122.353631,42.289135],[-122.35479,42.289596],[-122.355796,42.291029],[-122.358036,42.291947],[-122.359196,42.292174],[-122.359428,42.292864],[-122.361439,42.294753],[-122.362212,42.296248],[-122.362755,42.297908],[-122.365075,42.301123],[-122.366468,42.302441],[-122.366855,42.303528],[-122.366702,42.305594],[-122.367322,42.307201],[-122.367015,42.309149],[-122.366629,42.30984],[-122.365934,42.310642],[-122.366013,42.31162],[-122.367095,42.312707],[-122.36756,42.313569],[-122.365784,42.31523],[-122.365707,42.317008],[-122.366559,42.317815],[-122.368337,42.31787],[-122.369574,42.318444],[-122.370348,42.319592],[-122.372746,42.320906],[-122.373441,42.320906],[-122.375606,42.321593],[-122.375839,42.322684],[-122.376381,42.3232],[-122.378779,42.324001],[-122.380094,42.325265],[-122.381101,42.327098],[-122.381179,42.327671],[-122.381953,42.328071]]},"properties":{"OBJECTID":165,"fhdFtrID":159,"fhdRefID":53578,"fhdRevDt":"20190314","fhdONm":"Ed Hall","fhdOEnt":"USFS","fhdSpNm":"Brook trout","fhdRun":"NA","fhdLifeHst":"FluvRes","fhdUseTy":"Unknown","fhdBasis":"DocObsFish","fhdStNm":"Beaver Dam Creek","fhdGenus":"Salvelinus","fhdSp":"fontinalis","fhdSubSp":null,"fhdOrig":"NonNative","fhdProd":"Natural","fhdComment":null,"fhdESH":"NA","fhdBasisD":null,"fhdNMF":"no","fhdBasisDt":null,"fhdBasisNm":null,"fhdBasisEnt":null,"fhdBasisPrj":null,"fhdBasisMethod":"Electrofishing","fhdAccess":null,"fhdBarrierFtrID":null,"fhdEndExtent":null,"Shape__Length":15900.345988407586,"habitatType":"stream"},"id":165},
{"type":"Feature","geometry":{"type":"LineString","coordinates":[[-122.296219,42.318454],[-122.298383,42.317594],[-122.30078,42.316447],[-122.301552,42.316447],[-122.303871,42.316965],[-122.306113,42.317253],[-122.308586,42.317367],[-122.310132,42.317197],[-122.313224,42.31622],[-122.314074,42.315703],[-122.316161,42.313121],[-122.316702,42.310657],[-122.318557,42.309277],[-122.321262,42.308649],[-122.322189,42.30819],[-122.32358,42.308073],[-122.325358,42.306354],[-122.327753,42.306237],[-122.329376,42.305779],[-122.331926,42.304974],[-122.334321,42.303884],[-122.33973,42.302619],[-122.343208,42.303193],[-122.346144,42.303079],[-122.349081,42.303649],[-122.350241,42.304971],[-122.35171,42.305258],[-122.352715,42.305885],[-122.355034,42.306574],[-122.358358,42.307835],[-122.360677,42.308294],[-122.361759,42.30812],[-122.363303,42.307431],[-122.364695,42.307087],[-122.365931,42.307486],[-122.365855,42.308863],[-122.366629,42.30984]]},"properties":{"OBJECTID":166,"fhdFtrID":160,"fhdRefID":53578,"fhdRevDt":"20190314","fhdONm":"Ed Hall","fhdOEnt":"USFS","fhdSpNm":"Brook trout","fhdRun":"NA","fhdLifeHst":"FluvRes","fhdUseTy":"Unknown","fhdBasis":"DocObsFish","fhdStNm":"Daley Creek","fhdGenus":"Salvelinus","fhdSp":"fontinalis","fhdSubSp":null,"fhdOrig":"NonNative","fhdProd":"Natural","fhdComment":null,"fhdESH":"NA","fhdBasisD":null,"fhdNMF":"no","fhdBasisDt":null,"fhdBasisNm":null,"fhdBasisEnt":null,"fhdBasisPrj":null,"fhdBasisMethod":"Electrofishing","fhdAccess":null,"fhdBarrierFtrID":null,"fhdEndExtent":null,"Shape__Length":9607.911385830303,"habitatType":"stream"},"id":166},
{"type":"Feature","geometry":{"type":"LineString","coordinates":[[-122.376229,42.298167],[-122.372956,42.299509],[-122.372416,42.300258],[-122.370794,42.300772],[-122.369791,42.302207],[-122.370102,42.304447],[-122.36879,42.305939],[-122.368095,42.307489],[-122.367015,42.309149]]},"properties":{"OBJECTID":167,"fhdFtrID":161,"fhdRefID":53578,"fhdRevDt":"20190314","fhdONm":"Ed Hall","fhdOEnt":"USFS","fhdSpNm":"Brook trout","fhdRun":"NA","fhdLifeHst":"FluvRes","fhdUseTy":"Unknown","fhdBasis":"DocObsFish","fhdStNm":"Deadwood Creek","fhdGenus":"Salvelinus","fhdSp":"fontinalis","fhdSubSp":null,"fhdOrig":"NonNative","fhdProd":"Natural","fhdComment":null,"fhdESH":"NA","fhdBasisD":null,"fhdNMF":"no","fhdBasisDt":null,"fhdBasisNm":null,"fhdBasisEnt":null,"fhdBasisPrj":null,"fhdBasisMethod":"Electrofishing","fhdAccess":null,"fhdBarrierFtrID":null,"fhdEndExtent":null,"Shape__Length":2145.411960780816,"habitatType":"stream"},"id":167},
{"type":"Feature","geometry":{"type":"LineString","coordinates":[[-122.351408,42.377075],[-122.352195,42.377484],[-122.353444,42.376408],[-122.355332,42.376341],[-122.356154,42.376615],[-122.358104,42.376386],[-122.36,42.377285],[-122.361054,42.376713],[-122.361865,42.377799],[-122.362111,42.379018]]},"properties":{"OBJECTID":168,"fhdFtrID":162,"fhdRefID":53578,"fhdRevDt":"20190314","fhdONm":"Ed Hall","fhdOEnt":"USFS","fhdSpNm":"Brook trout","fhdRun":"NA","fhdLifeHst":"FluvRes","fhdUseTy":"Unknown","fhdBasis":"DocObsFish","fhdStNm":"North Fork Little Butte Creek","fhdGenus":"Salvelinus","fhdSp":"fontinalis","fhdSubSp":null,"fhdOrig":"NonNative","fhdProd":"Natural","fhdComment":null,"fhdESH":"NA","fhdBasisD":null,"fhdNMF":"no","fhdBasisDt":null,"fhdBasisNm":null,"fhdBasisEnt":null,"fhdBasisPrj":null,"fhdBasisMethod":"Snorkel","fhdAccess":null,"fhdBarrierFtrID":null,"fhdEndExtent":null,"Shape__Length":1874.7393587904203,"habitatType":"stream"},"id":168},
{"type":"Feature","geometry":{"type":"LineString","coordinates":[[-122.351569,42.327629],[-122.356363,42.328029],[-122.358914,42.327395],[-122.360305,42.326421],[-122.360148,42.324412],[-122.360839,42.323943],[-122.365636,42.323551],[-122.370043,42.323548],[-122.372208,42.324064],[-122.3736,42.324865],[-122.375378,42.325437],[-122.375843,42.326241],[-122.376694,42.326701],[-122.379941,42.326871],[-122.381179,42.327671]]},"properties":{"OBJECTID":169,"fhdFtrID":163,"fhdRefID":53578,"fhdRevDt":"20190314","fhdONm":"Ed Hall","fhdOEnt":"USFS","fhdSpNm":"Brook trout","fhdRun":"NA","fhdLifeHst":"FluvRes","fhdUseTy":"Unknown","fhdBasis":"DocObsFish","fhdStNm":"Pole Bridge Creek","fhdGenus":"Salvelinus","fhdSp":"fontinalis","fhdSubSp":null,"fhdOrig":"NonNative","fhdProd":"Natural","fhdComment":null,"fhdESH":"NA","fhdBasisD":null,"fhdNMF":"no","fhdBasisDt":null,"fhdBasisNm":null,"fhdBasisEnt":null,"fhdBasisPrj":null,"fhdBasisMethod":"Electrofishing","fhdAccess":null,"fhdBarrierFtrID":null,"fhdEndExtent":null,"Shape__Length":4006.891900731785,"habitatType":"stream"},"id":169},
{"type":"Feature","geometry":{"type":"LineString","coordinates":[[-122.263996,42.327731],[-122.265061,42.328372],[-122.267071,42.328372],[-122.269699,42.328145],[-122.274261,42.327571],[-122.277276,42.32786],[-122.278358,42.328205],[-122.279904,42.328088],[-122.281915,42.327633],[-122.284466,42.327347],[-122.285393,42.32683],[-122.288022,42.327],[-122.291655,42.326829],[-122.293124,42.326257],[-122.294903,42.326083],[-122.295907,42.326256],[-122.297917,42.327232],[-122.299154,42.329698],[-122.300777,42.331306],[-122.30356,42.331765],[-122.305029,42.332341],[-122.305648,42.332912],[-122.307889,42.33366],[-122.315776,42.333545],[-122.319255,42.334061],[-122.320956,42.333715],[-122.321884,42.33423],[-122.322503,42.335264],[-122.323585,42.33618],[-122.324822,42.337615],[-122.325673,42.337904],[-122.328781,42.338237],[-122.330622,42.338932],[-122.333097,42.340424],[-122.333948,42.341172],[-122.334798,42.342433],[-122.334644,42.343752],[-122.335651,42.344955],[-122.33596,42.346047],[-122.338127,42.348342],[-122.339905,42.348569],[-122.341684,42.347939],[-122.343153,42.348398],[-122.345164,42.348626],[-122.346634,42.349715],[-122.349263,42.349541],[-122.350733,42.349085],[-122.35197,42.348282],[-122.35336,42.346155],[-122.354752,42.3461],[-122.355834,42.345408],[-122.35622,42.34478],[-122.357534,42.343747],[-122.359699,42.343804],[-122.361092,42.344893],[-122.360938,42.346098],[-122.362564,42.348102],[-122.363492,42.348333],[-122.364884,42.348219],[-122.367358,42.347413],[-122.369137,42.347468],[-122.370684,42.347755],[-122.371379,42.347066],[-122.371996,42.345462],[-122.371377,42.344598]]},"properties":{"OBJECTID":170,"fhdFtrID":164,"fhdRefID":53578,"fhdRevDt":"20190314","fhdONm":"Ed Hall","fhdOEnt":"USFS","fhdSpNm":"Brook trout","fhdRun":"NA","fhdLifeHst":"FluvRes","fhdUseTy":"Unknown","fhdBasis":"DocObsFish","fhdStNm":"South Fork Little Butte Creek","fhdGenus":"Salvelinus","fhdSp":"fontinalis","fhdSubSp":null,"fhdOrig":"NonNative","fhdProd":"Natural","fhdComment":null,"fhdESH":"NA","fhdBasisD":null,"fhdNMF":"no","fhdBasisDt":null,"fhdBasisNm":null,"fhdBasisEnt":null,"fhdBasisPrj":null,"fhdBasisMethod":"Snorkel","fhdAccess":null,"fhdBarrierFtrID":null,"fhdEndExtent":null,"Shape__Length":15590.235900513402,"habitatType":"stream"},"id":170},
{"type":"Feature","geometry":{"type":"LineString","coordinates":[[-122.329376,42.305779],[-122.328448,42.30526],[-122.327675,42.304174],[-122.326361,42.302969],[-122.324738,42.302221]]},"properties":{"OBJECTID":171,"fhdFtrID":165,"fhdRefID":53578,"fhdRevDt":"20190314","fhdONm":"Ed Hall","fhdOEnt":"USFS","fhdSpNm":"Brook trout","fhdRun":"NA","fhdLifeHst":"FluvRes","fhdUseTy":"Unknown","fhdBasis":"DocObsFish","fhdStNm":"Unnamed trib to Daley Creek","fhdGenus":"Salvelinus","fhdSp":"fontinalis","fhdSubSp":null,"fhdOrig":"NonNative","fhdProd":"Natural","fhdComment":null,"fhdESH":"NA","fhdBasisD":null,"fhdNMF":"no","fhdBasisDt":null,"fhdBasisNm":null,"fhdBasisEnt":null,"fhdBasisPrj":null,"fhdBasisMethod":"Electrofishing","fhdAccess":null,"fhdBarrierFtrID":null,"fhdEndExtent":null,"Shape__Length":775.5223697598713,"habitatType":"stream"},"id":171},
{"type":"Feature","geometry":{"type":"LineString","coordinates":[[-122.299614,42.343408],[-122.301316,42.34318],[-122.305646,42.342895],[-122.306496,42.343409],[-122.306806,42.3441],[-122.309203,42.346051],[-122.310363,42.346396],[-122.314075,42.346395],[-122.316163,42.346795],[-122.318251,42.348919],[-122.319411,42.349377],[-122.323278,42.349089],[-122.326217,42.348687],[-122.32699,42.348057],[-122.32931,42.34771],[-122.330856,42.347197],[-122.332558,42.34731],[-122.334182,42.348283],[-122.335033,42.348225],[-122.33627,42.348858],[-122.338127,42.348342]]},"properties":{"OBJECTID":172,"fhdFtrID":166,"fhdRefID":53578,"fhdRevDt":"20190314","fhdONm":"Ed Hall","fhdOEnt":"USFS","fhdSpNm":"Brook trout","fhdRun":"NA","fhdLifeHst":"FluvRes","fhdUseTy":"Unknown","fhdBasis":"DocObsFish","fhdStNm":"Unnamed trib to South Fork Little Butte Creek","fhdGenus":"Salvelinus","fhdSp":"fontinalis","fhdSubSp":null,"fhdOrig":"NonNative","fhdProd":"Natural","fhdComment":null,"fhdESH":"NA","fhdBasisD":null,"fhdNMF":"no","fhdBasisDt":null,"fhdBasisNm":null,"fhdBasisEnt":null,"fhdBasisPrj":null,"fhdBasisMethod":"Electrofishing","fhdAccess":null,"fhdBarrierFtrID":null,"fhdEndExtent":null,"Shape__Length":5011.697529107408,"habitatType":"stream"},"id":172},
{"type":"Feature","geometry":{"type":"LineString","coordinates":[[-123.45613,42.053817],[-123.456181,42.053216],[-123.457401,42.052185],[-123.456897,42.0508],[-123.458111,42.049223],[-123.461399,42.048841],[-123.462863,42.047664],[-123.462752,42.046278],[-123.461856,42.044854],[-123.462535,42.043829],[-123.462964,42.042399],[-123.464815,42.040527],[-123.464756,42.039429],[-123.466943,42.03679],[-123.468115,42.035943],[-123.468205,42.035029],[-123.467792,42.032725],[-123.466848,42.031449],[-123.465947,42.029589],[-123.465375,42.027603]]},"properties":{"OBJECTID":173,"fhdFtrID":167,"fhdRefID":53578,"fhdRevDt":"20190314","fhdONm":"Ed Hall","fhdOEnt":"USFS","fhdSpNm":"Brook trout","fhdRun":"NA","fhdLifeHst":"FluvRes","fhdUseTy":"Unknown","fhdBasis":"DocObsFish","fhdStNm":"Bolan Creek","fhdGenus":"Salvelinus","fhdSp":"fontinalis","fhdSubSp":null,"fhdOrig":"NonNative","fhdProd":"Natural","fhdComment":null,"fhdESH":"NA","fhdBasisD":null,"fhdNMF":"no","fhdBasisDt":null,"fhdBasisNm":null,"fhdBasisEnt":null,"fhdBasisPrj":null,"fhdBasisMethod":"Snorkel Level 2","fhdAccess":null,"fhdBarrierFtrID":null,"fhdEndExtent":null,"Shape__Length":4802.399068204989,"habitatType":"stream"},"id":173},
{"type":"Feature","geometry":{"type":"LineString","coordinates":[[-123.294188,42.079579],[-123.293044,42.078159],[-123.294036,42.076909],[-123.29457,42.075772],[-123.29747,42.0735],[-123.299225,42.072477],[-123.300217,42.072196],[-123.301132,42.07123],[-123.301514,42.070148],[-123.301362,42.068784],[-123.301896,42.067593],[-123.302278,42.066003],[-123.302751,42.065284]]},"properties":{"OBJECTID":174,"fhdFtrID":168,"fhdRefID":53578,"fhdRevDt":"20190314","fhdONm":"Ed Hall","fhdOEnt":"USFS","fhdSpNm":"Brook trout","fhdRun":"NA","fhdLifeHst":"FluvRes","fhdUseTy":"Unknown","fhdBasis":"DocObsFish","fhdStNm":"Miller Lake Creek","fhdGenus":"Salvelinus","fhdSp":"fontinalis","fhdSubSp":null,"fhdOrig":"NonNative","fhdProd":"Natural","fhdComment":null,"fhdESH":"NA","fhdBasisD":null,"fhdNMF":"no","fhdBasisDt":null,"fhdBasisNm":null,"fhdBasisEnt":null,"fhdBasisPrj":null,"fhdBasisMethod":"Electrofishing","fhdAccess":null,"fhdBarrierFtrID":null,"fhdEndExtent":null,"Shape__Length":2623.7704439540253,"habitatType":"stream"},"id":174},
{"type":"Feature","geometry":{"type":"LineString","coordinates":[[-122.519214,43.083296],[-122.516966,43.083153],[-122.516208,43.083711],[-122.515042,43.083498],[-122.5144,43.082064],[-122.512879,43.082241],[-122.511409,43.082075],[-122.510484,43.081016],[-122.506444,43.078363],[-122.49874,43.078538],[-122.49692,43.078301]]},"properties":{"OBJECTID":175,"fhdFtrID":169,"fhdRefID":53578,"fhdRevDt":"20190314","fhdONm":"Ed Hall","fhdOEnt":"USFS","fhdSpNm":"Brook trout","fhdRun":"NA","fhdLifeHst":"FluvRes","fhdUseTy":"Unknown","fhdBasis":"UndocObsFish","fhdStNm":"Fish Lake Creek","fhdGenus":"Salvelinus","fhdSp":"fontinalis","fhdSubSp":null,"fhdOrig":"NonNative","fhdProd":"Natural","fhdComment":null,"fhdESH":"NA","fhdBasisD":null,"fhdNMF":"no","fhdBasisDt":null,"fhdBasisNm":null,"fhdBasisEnt":null,"fhdBasisPrj":null,"fhdBasisMethod":null,"fhdAccess":null,"fhdBarrierFtrID":null,"fhdEndExtent":null,"Shape__Length":3229.77865421998,"habitatType":"stream"},"id":175},
{"type":"Feature","geometry":{"type":"LineString","coordinates":[[-122.499025,43.427223],[-122.499777,43.42887],[-122.500927,43.430013],[-122.503277,43.431917],[-122.504209,43.431911],[-122.505995,43.433011],[-122.505816,43.434819],[-122.506467,43.435286],[-122.506753,43.436175],[-122.508269,43.436494],[-122.509894,43.438188],[-122.511732,43.438782],[-122.514803,43.440174],[-122.517262,43.440483],[-122.51986,43.440538],[-122.52378,43.439975],[-122.524941,43.439626],[-122.526566,43.438663],[-122.527278,43.437479],[-122.527379,43.436597],[-122.530611,43.435687],[-122.5323,43.435678],[-122.533757,43.436091],[-122.534181,43.436729],[-122.535856,43.437391],[-122.537349,43.437463],[-122.539237,43.43868],[-122.539755,43.438294],[-122.541106,43.43853],[-122.541232,43.439305],[-122.542044,43.439359],[-122.544327,43.440549]]},"properties":{"OBJECTID":176,"fhdFtrID":170,"fhdRefID":53578,"fhdRevDt":"20190314","fhdONm":"Ed Hall","fhdOEnt":"USFS","fhdSpNm":"Brook trout","fhdRun":"NA","fhdLifeHst":"FluvRes","fhdUseTy":"Unknown","fhdBasis":"UndocObsFish","fhdStNm":"Unnamed trib to Big Bend Creek","fhdGenus":"Salvelinus","fhdSp":"fontinalis","fhdSubSp":null,"fhdOrig":"NonNative","fhdProd":"Natural","fhdComment":null,"fhdESH":"NA","fhdBasisD":null,"fhdNMF":"no","fhdBasisDt":null,"fhdBasisNm":null,"fhdBasisEnt":null,"fhdBasisPrj":null,"fhdBasisMethod":null,"fhdAccess":null,"fhdBarrierFtrID":null,"fhdEndExtent":null,"Shape__Length":7341.057002822198,"habitatType":"stream"},"id":176},
{"type":"Feature","geometry":{"type":"LineString","coordinates":[[-122.494648,43.403006],[-122.494334,43.403421],[-122.49523,43.404474],[-122.495178,43.406095],[-122.495638,43.407282],[-122.496593,43.408136],[-122.497947,43.408674],[-122.499781,43.408769],[-122.50163,43.409541],[-122.503942,43.409268],[-122.505865,43.408353],[-122.509163,43.407683],[-122.510219,43.407746],[-122.511653,43.407402],[-122.513361,43.407551],[-122.514707,43.40803],[-122.5161,43.407839],[-122.520046,43.408259],[-122.521533,43.40873],[-122.522851,43.408816],[-122.52441,43.409512],[-122.525617,43.410352],[-122.527033,43.411822],[-122.527147,43.412641],[-122.527887,43.413663],[-122.528193,43.414781],[-122.527528,43.41563],[-122.527617,43.417046],[-122.528426,43.41778],[-122.528928,43.41992],[-122.530037,43.42095],[-122.531473,43.421419],[-122.531922,43.421907],[-122.53195,43.423252],[-122.532796,43.423909],[-122.534451,43.424541],[-122.537094,43.42406],[-122.539388,43.424527],[-122.540311,43.424469],[-122.541432,43.423808],[-122.542955,43.423894],[-122.545818,43.424389],[-122.546596,43.426104],[-122.547638,43.426264],[-122.5488,43.425874],[-122.550669,43.426692],[-122.552172,43.426586],[-122.554072,43.426799],[-122.555531,43.427457],[-122.5565,43.427149],[-122.559001,43.427683],[-122.559482,43.428246],[-122.56199,43.428677],[-122.563873,43.428814],[-122.564295,43.4293],[-122.566405,43.429886],[-122.567057,43.430665]]},"properties":{"OBJECTID":177,"fhdFtrID":171,"fhdRefID":53578,"fhdRevDt":"20190314","fhdONm":"Ed Hall","fhdOEnt":"USFS","fhdSpNm":"Brook trout","fhdRun":"NA","fhdLifeHst":"FluvRes","fhdUseTy":"Unknown","fhdBasis":"UndocObsFish","fhdStNm":"Bulldog Creek","fhdGenus":"Salvelinus","fhdSp":"fontinalis","fhdSubSp":null,"fhdOrig":"NonNative","fhdProd":"Natural","fhdComment":null,"fhdESH":"NA","fhdBasisD":null,"fhdNMF":"no","fhdBasisDt":null,"fhdBasisNm":null,"fhdBasisEnt":null,"fhdBasisPrj":null,"fhdBasisMethod":null,"fhdAccess":null,"fhdBarrierFtrID":null,"fhdEndExtent":null,"Shape__Length":12191.36598129847,"habitatType":"stream"},"id":177},
{"type":"Feature","geometry":{"type":"LineString","coordinates":[[-122.554162,43.390833],[-122.554601,43.389854],[-122.554355,43.38934],[-122.55599,43.387101],[-122.556299,43.385049],[-122.555809,43.384388],[-122.557649,43.382572],[-122.557122,43.380742],[-122.558676,43.379912],[-122.559275,43.37917],[-122.560131,43.378922],[-122.561354,43.379061],[-122.562083,43.378774]]},"properties":{"OBJECTID":178,"fhdFtrID":172,"fhdRefID":53578,"fhdRevDt":"20190314","fhdONm":"Ed Hall","fhdOEnt":"USFS","fhdSpNm":"Brook trout","fhdRun":"NA","fhdLifeHst":"FluvRes","fhdUseTy":"Unknown","fhdBasis":"UndocObsFish","fhdStNm":"Reynolds Creek","fhdGenus":"Salvelinus","fhdSp":"fontinalis","fhdSubSp":null,"fhdOrig":"NonNative","fhdProd":"Natural","fhdComment":null,"fhdESH":"NA","fhdBasisD":null,"fhdNMF":"no","fhdBasisDt":null,"fhdBasisNm":null,"fhdBasisEnt":null,"fhdBasisPrj":null,"fhdBasisMethod":null,"fhdAccess":null,"fhdBarrierFtrID":null,"fhdEndExtent":null,"Shape__Length":2724.7560887103064,"habitatType":"stream"},"id":178},
{"type":"Feature","geometry":{"type":"LineString","coordinates":[[-122.808431,43.241386],[-122.806974,43.241811],[-122.805373,43.241757],[-122.803889,43.242222],[-122.802766,43.241525],[-122.80157,43.241923],[-122.800895,43.24261],[-122.799909,43.242972],[-122.797569,43.242928],[-122.794506,43.242878],[-122.793352,43.242099],[-122.791461,43.241646],[-122.790307,43.242045],[-122.787958,43.241056],[-122.785091,43.2423],[-122.784846,43.243102],[-122.782903,43.244649],[-122.781642,43.245061],[-122.778747,43.246953]]},"properties":{"OBJECTID":179,"fhdFtrID":173,"fhdRefID":53578,"fhdRevDt":"20190314","fhdONm":"Ed Hall","fhdOEnt":"USFS","fhdSpNm":"Brook trout","fhdRun":"NA","fhdLifeHst":"FluvRes","fhdUseTy":"Unknown","fhdBasis":"UndocObsFish","fhdStNm":"Emile Creek","fhdGenus":"Salvelinus","fhdSp":"fontinalis","fhdSubSp":null,"fhdOrig":"NonNative","fhdProd":"Natural","fhdComment":null,"fhdESH":"NA","fhdBasisD":null,"fhdNMF":"no","fhdBasisDt":null,"fhdBasisNm":null,"fhdBasisEnt":null,"fhdBasisPrj":null,"fhdBasisMethod":null,"fhdAccess":null,"fhdBarrierFtrID":null,"fhdEndExtent":null,"Shape__Length":4422.851731269669,"habitatType":"stream"},"id":179},
{"type":"Feature","geometry":{"type":"LineString","coordinates":[[-122.797569,43.242928],[-122.796443,43.243578],[-122.796538,43.244124],[-122.795456,43.245335],[-122.795827,43.245937],[-122.795181,43.246993],[-122.794149,43.248021],[-122.793868,43.249786],[-122.795242,43.251254]]},"properties":{"OBJECTID":180,"fhdFtrID":174,"fhdRefID":53578,"fhdRevDt":"20190314","fhdONm":"Ed Hall","fhdOEnt":"USFS","fhdSpNm":"Brook trout","fhdRun":"NA","fhdLifeHst":"FluvRes","fhdUseTy":"Unknown","fhdBasis":"UndocObsFish","fhdStNm":"Unnamed trib to Emile Creek","fhdGenus":"Salvelinus","fhdSp":"fontinalis","fhdSubSp":null,"fhdOrig":"NonNative","fhdProd":"Natural","fhdComment":null,"fhdESH":"NA","fhdBasisD":null,"fhdNMF":"no","fhdBasisDt":null,"fhdBasisNm":null,"fhdBasisEnt":null,"fhdBasisPrj":null,"fhdBasisMethod":null,"fhdAccess":null,"fhdBarrierFtrID":null,"fhdEndExtent":null,"Shape__Length":1710.0413937479489,"habitatType":"stream"},"id":180},
{"type":"Feature","geometry":{"type":"LineString","coordinates":[[-122.629861,43.246308],[-122.628788,43.245728],[-122.629205,43.244689],[-122.628177,43.243669],[-122.627277,43.244073],[-122.625855,43.243891],[-122.622898,43.243987],[-122.62022,43.243302],[-122.618342,43.242054],[-122.616439,43.242095],[-122.61581,43.242728],[-122.614263,43.242721],[-122.612282,43.241661],[-122.61064,43.241769],[-122.608695,43.241149],[-122.607073,43.24028],[-122.605987,43.239153],[-122.605367,43.238052],[-122.603771,43.237274],[-122.601895,43.236666],[-122.599666,43.236612],[-122.595229,43.235493],[-122.593316,43.233784],[-122.593019,43.232963],[-122.593445,43.231506],[-122.592777,43.230235]]},"properties":{"OBJECTID":181,"fhdFtrID":175,"fhdRefID":53578,"fhdRevDt":"20190314","fhdONm":"Ed Hall","fhdOEnt":"USFS","fhdSpNm":"Brook trout","fhdRun":"NA","fhdLifeHst":"FluvRes","fhdUseTy":"Unknown","fhdBasis":"UndocObsFish","fhdStNm":"Twin Lake Creek","fhdGenus":"Salvelinus","fhdSp":"fontinalis","fhdSubSp":null,"fhdOrig":"NonNative","fhdProd":"Natural","fhdComment":null,"fhdESH":"NA","fhdBasisD":null,"fhdNMF":"no","fhdBasisDt":null,"fhdBasisNm":null,"fhdBasisEnt":null,"fhdBasisPrj":null,"fhdBasisMethod":null,"fhdAccess":null,"fhdBarrierFtrID":null,"fhdEndExtent":null,"Shape__Length":6153.109298727613,"habitatType":"stream"},"id":181},
{"type":"Feature","geometry":{"type":"LineString","coordinates":[[-122.450838,43.148584],[-122.452031,43.150342]]},"properties":{"OBJECTID":182,"fhdFtrID":176,"fhdRefID":53578,"fhdRevDt":"20190314","fhdONm":"Ed Hall","fhdOEnt":"USFS","fhdSpNm":"Brook trout","fhdRun":"NA","fhdLifeHst":"FluvRes","fhdUseTy":"Unknown","fhdBasis":"UndocObsFish","fhdStNm":"Wolf Lake","fhdGenus":"Salvelinus","fhdSp":"fontinalis","fhdSubSp":null,"fhdOrig":"NonNative","fhdProd":"Natural","fhdComment":null,"fhdESH":"NA","fhdBasisD":null,"fhdNMF":"no","fhdBasisDt":null,"fhdBasisNm":null,"fhdBasisEnt":null,"fhdBasisPrj":null,"fhdBasisMethod":null,"fhdAccess":null,"fhdBarrierFtrID":null,"fhdEndExtent":null,"Shape__Length":305.41663663923913,"habitatType":"stream"},"id":182},
{"type":"Feature","geometry":{"type":"LineString","coordinates":[[-122.417647,43.12225],[-122.415766,43.122553],[-122.414954,43.124466],[-122.4153,43.125519],[-122.41537,43.127156],[-122.416086,43.127591],[-122.414946,43.129024],[-122.415011,43.12953],[-122.413807,43.130941],[-122.413431,43.132517],[-122.41274,43.133188],[-122.412438,43.135774],[-122.412034,43.136238],[-122.412583,43.137301],[-122.412338,43.139446],[-122.413232,43.140462],[-122.413303,43.141445],[-122.414498,43.143224],[-122.41432,43.144244]]},"properties":{"OBJECTID":183,"fhdFtrID":177,"fhdRefID":53578,"fhdRevDt":"20190314","fhdONm":"Ed Hall","fhdOEnt":"USFS","fhdSpNm":"Brook trout","fhdRun":"NA","fhdLifeHst":"FluvRes","fhdUseTy":"Unknown","fhdBasis":"UndocObsFish","fhdStNm":"Quartz Canyon","fhdGenus":"Salvelinus","fhdSp":"fontinalis","fhdSubSp":null,"fhdOrig":"NonNative","fhdProd":"Natural","fhdComment":null,"fhdESH":"NA","fhdBasisD":null,"fhdNMF":"no","fhdBasisDt":null,"fhdBasisNm":null,"fhdBasisEnt":null,"fhdBasisPrj":null,"fhdBasisMethod":null,"fhdAccess":null,"fhdBarrierFtrID":null,"fhdEndExtent":null,"Shape__Length":4220.055282782893,"habitatType":"stream"},"id":183},
{"type":"Feature","geometry":{"type":"LineString","coordinates":[[-122.448394,43.155184],[-122.446805,43.154206],[-122.446406,43.153696],[-122.4447,43.153163],[-122.442542,43.152207],[-122.441384,43.152448],[-122.439371,43.15185],[-122.437047,43.152101],[-122.436227,43.151855],[-122.435232,43.152184],[-122.432564,43.152315],[-122.432319,43.15267],[-122.429444,43.152362],[-122.428281,43.151924],[-122.425002,43.152023],[-122.42335,43.152367],[-122.421244,43.151709],[-122.420468,43.15186],[-122.419202,43.151384],[-122.416901,43.15161],[-122.415729,43.152317],[-122.414054,43.152535],[-122.411935,43.152129],[-122.410272,43.153116],[-122.409939,43.153671],[-122.408149,43.154633],[-122.408187,43.155103],[-122.406605,43.156578],[-122.404103,43.157882],[-122.402941,43.158053],[-122.40226,43.158856]]},"properties":{"OBJECTID":184,"fhdFtrID":178,"fhdRefID":53578,"fhdRevDt":"20190314","fhdONm":"Ed Hall","fhdOEnt":"USFS","fhdSpNm":"Brook trout","fhdRun":"NA","fhdLifeHst":"FluvRes","fhdUseTy":"Unknown","fhdBasis":"UndocObsFish","fhdStNm":"Black Rock Creek","fhdGenus":"Salvelinus","fhdSp":"fontinalis","fhdSubSp":null,"fhdOrig":"NonNative","fhdProd":"Natural","fhdComment":null,"fhdESH":"NA","fhdBasisD":null,"fhdNMF":"no","fhdBasisDt":null,"fhdBasisNm":null,"fhdBasisEnt":null,"fhdBasisPrj":null,"fhdBasisMethod":null,"fhdAccess":null,"fhdBarrierFtrID":null,"fhdEndExtent":null,"Shape__Length":6503.271922887153,"habitatType":"stream"},"id":184},
{"type":"Feature","geometry":{"type":"LineString","coordinates":[[-122.165164,43.269136],[-122.164421,43.267748],[-122.163889,43.264526],[-122.163311,43.262522],[-122.16377,43.26138],[-122.165806,43.259432],[-122.166061,43.258922],[-122.165679,43.257742],[-122.165829,43.256929],[-122.165049,43.255304],[-122.163285,43.253915],[-122.160477,43.250715],[-122.160101,43.249541],[-122.15935,43.248861],[-122.158983,43.247823],[-122.155612,43.245259],[-122.154111,43.244556],[-122.153639,43.243886],[-122.151875,43.243068],[-122.150877,43.2422],[-122.148754,43.239158],[-122.146285,43.237851],[-122.145099,43.236923],[-122.144401,43.235957],[-122.144147,43.234892],[-122.142571,43.233771],[-122.141777,43.231559],[-122.141027,43.230752],[-122.140878,43.229111],[-122.14136,43.228073],[-122.140558,43.226311],[-122.140889,43.224807],[-122.140793,43.222853],[-122.139309,43.221222],[-122.138605,43.219235],[-122.136347,43.217796],[-122.133796,43.217026],[-122.132558,43.216427],[-122.131231,43.215263],[-122.131149,43.214461],[-122.130489,43.213737],[-122.129486,43.211573],[-122.129832,43.210514],[-122.129232,43.209322]]},"properties":{"OBJECTID":185,"fhdFtrID":179,"fhdRefID":53578,"fhdRevDt":"20190314","fhdONm":"Ed Hall","fhdOEnt":"USFS","fhdSpNm":"Brook trout","fhdRun":"NA","fhdLifeHst":"FluvRes","fhdUseTy":"Unknown","fhdBasis":"UndocObsFish","fhdStNm":"Thielsen Creek","fhdGenus":"Salvelinus","fhdSp":"fontinalis","fhdSubSp":null,"fhdOrig":"NonNative","fhdProd":"Natural","fhdComment":null,"fhdESH":"NA","fhdBasisD":null,"fhdNMF":"no","fhdBasisDt":null,"fhdBasisNm":null,"fhdBasisEnt":null,"fhdBasisPrj":null,"fhdBasisMethod":null,"fhdAccess":null,"fhdBarrierFtrID":null,"fhdEndExtent":null,"Shape__Length":10949.630920250396,"habitatType":"stream"},"id":185},
{"type":"Feature","geometry":{"type":"LineString","coordinates":[[-122.05841,43.298414],[-122.057177,43.29916],[-122.056719,43.300719],[-122.056208,43.301103],[-122.055922,43.302217],[-122.056335,43.302645],[-122.056155,43.303677],[-122.055365,43.304588],[-122.054433,43.305022],[-122.052637,43.306449],[-122.049127,43.306959],[-122.047255,43.30692],[-122.046135,43.306558],[-122.044752,43.306706],[-122.042505,43.307984],[-122.042279,43.308857],[-122.043368,43.310125],[-122.043804,43.3113],[-122.042556,43.312425],[-122.040669,43.31316],[-122.03633,43.314027]]},"properties":{"OBJECTID":186,"fhdFtrID":180,"fhdRefID":53578,"fhdRevDt":"20190314","fhdONm":"Ed Hall","fhdOEnt":"USFS","fhdSpNm":"Brook trout","fhdRun":"NA","fhdLifeHst":"FluvRes","fhdUseTy":"Unknown","fhdBasis":"UndocObsFish","fhdStNm":"Tolo Creek","fhdGenus":"Salvelinus","fhdSp":"fontinalis","fhdSubSp":null,"fhdOrig":"NonNative","fhdProd":"Natural","fhdComment":null,"fhdESH":"NA","fhdBasisD":null,"fhdNMF":"no","fhdBasisDt":null,"fhdBasisNm":null,"fhdBasisEnt":null,"fhdBasisPrj":null,"fhdBasisMethod":null,"fhdAccess":null,"fhdBarrierFtrID":null,"fhdEndExtent":null,"Shape__Length":4296.3264895870225,"habitatType":"stream"},"id":186},
{"type":"Feature","geometry":{"type":"LineString","coordinates":[[-122.044752,43.306706],[-122.04346,43.306497],[-122.041408,43.305492],[-122.039785,43.305201],[-122.037328,43.30435],[-122.035546,43.304185],[-122.032165,43.302191],[-122.030595,43.302323],[-122.029175,43.301823],[-122.027566,43.302799],[-122.026295,43.302925],[-122.024762,43.303803],[-122.023025,43.304373],[-122.021086,43.304175],[-122.020642,43.304767],[-122.018493,43.305162],[-122.017508,43.304892],[-122.015326,43.305307]]},"properties":{"OBJECTID":187,"fhdFtrID":181,"fhdRefID":53578,"fhdRevDt":"20190314","fhdONm":"Ed Hall","fhdOEnt":"USFS","fhdSpNm":"Brook trout","fhdRun":"NA","fhdLifeHst":"FluvRes","fhdUseTy":"Unknown","fhdBasis":"UndocObsFish","fhdStNm":"Unnamed trib to Tolo Creek","fhdGenus":"Salvelinus","fhdSp":"fontinalis","fhdSubSp":null,"fhdOrig":"NonNative","fhdProd":"Natural","fhdComment":null,"fhdESH":"NA","fhdBasisD":null,"fhdNMF":"no","fhdBasisDt":null,"fhdBasisNm":null,"fhdBasisEnt":null,"fhdBasisPrj":null,"fhdBasisMethod":null,"fhdAccess":null,"fhdBarrierFtrID":null,"fhdEndExtent":null,"Shape__Length":3743.0325775380434,"habitatType":"stream"},"id":187},
{"type":"Feature","geometry":{"type":"LineString","coordinates":[[-122.09855,43.315528],[-122.097265,43.316714],[-122.094266,43.318032],[-122.093094,43.31885],[-122.091441,43.319657],[-122.089975,43.321134],[-122.086728,43.32288],[-122.085804,43.323984],[-122.085278,43.325318],[-122.084076,43.327288],[-122.083204,43.32837],[-122.082437,43.328798],[-122.080347,43.330511],[-122.079009,43.33185],[-122.079017,43.332383],[-122.078138,43.335797],[-122.077582,43.336604],[-122.075567,43.338421],[-122.073682,43.339604]]},"properties":{"OBJECTID":188,"fhdFtrID":182,"fhdRefID":53578,"fhdRevDt":"20190314","fhdONm":"Ed Hall","fhdOEnt":"USFS","fhdSpNm":"Brook trout","fhdRun":"NA","fhdLifeHst":"FluvRes","fhdUseTy":"Unknown","fhdBasis":"UndocObsFish","fhdStNm":"Bradley Creek","fhdGenus":"Salvelinus","fhdSp":"fontinalis","fhdSubSp":null,"fhdOrig":"NonNative","fhdProd":"Natural","fhdComment":null,"fhdESH":"NA","fhdBasisD":null,"fhdNMF":"no","fhdBasisDt":null,"fhdBasisNm":null,"fhdBasisEnt":null,"fhdBasisPrj":null,"fhdBasisMethod":null,"fhdAccess":null,"fhdBarrierFtrID":null,"fhdEndExtent":null,"Shape__Length":4817.282613109145,"habitatType":"stream"},"id":188},
{"type":"Feature","geometry":{"type":"LineString","coordinates":[[-122.082437,43.328798],[-122.080836,43.328678],[-122.077294,43.327975],[-122.07449,43.32724],[-122.072794,43.327415]]},"properties":{"OBJECTID":189,"fhdFtrID":183,"fhdRefID":53578,"fhdRevDt":"20190314","fhdONm":"Ed Hall","fhdOEnt":"USFS","fhdSpNm":"Brook trout","fhdRun":"NA","fhdLifeHst":"FluvRes","fhdUseTy":"Unknown","fhdBasis":"UndocObsFish","fhdStNm":"Warrior Creek","fhdGenus":"Salvelinus","fhdSp":"fontinalis","fhdSubSp":null,"fhdOrig":"NonNative","fhdProd":"Natural","fhdComment":null,"fhdESH":"NA","fhdBasisD":null,"fhdNMF":"no","fhdBasisDt":null,"fhdBasisNm":null,"fhdBasisEnt":null,"fhdBasisPrj":null,"fhdBasisMethod":null,"fhdAccess":null,"fhdBarrierFtrID":null,"fhdEndExtent":null,"Shape__Length":1115.5633522891183,"habitatType":"stream"},"id":189},
{"type":"Feature","geometry":{"type":"LineString","coordinates":[[-122.11855,43.345165],[-122.120703,43.346369],[-122.121369,43.347266],[-122.120524,43.350267],[-122.119547,43.351232],[-122.117918,43.351638],[-122.117583,43.352243],[-122.117646,43.353919]]},"properties":{"OBJECTID":190,"fhdFtrID":184,"fhdRefID":53578,"fhdRevDt":"20190314","fhdONm":"Ed Hall","fhdOEnt":"USFS","fhdSpNm":"Brook trout","fhdRun":"NA","fhdLifeHst":"FluvRes","fhdUseTy":"Unknown","fhdBasis":"UndocObsFish","fhdStNm":"Unnamed trib to North Umpqua River","fhdGenus":"Salvelinus","fhdSp":"fontinalis","fhdSubSp":null,"fhdOrig":"NonNative","fhdProd":"Natural","fhdComment":null,"fhdESH":"NA","fhdBasisD":null,"fhdNMF":"no","fhdBasisDt":null,"fhdBasisNm":null,"fhdBasisEnt":null,"fhdBasisPrj":null,"fhdBasisMethod":null,"fhdAccess":null,"fhdBarrierFtrID":null,"fhdEndExtent":null,"Shape__Length":1678.146150354487,"habitatType":"stream"},"id":190},
{"type":"Feature","geometry":{"type":"LineString","coordinates":[[-122.115307,43.352488],[-122.115623,43.353092],[-122.114579,43.354443],[-122.11485,43.355085],[-122.11455,43.356397],[-122.114837,43.357994],[-122.114475,43.35967]]},"properties":{"OBJECTID":191,"fhdFtrID":185,"fhdRefID":53578,"fhdRevDt":"20190314","fhdONm":"Ed Hall","fhdOEnt":"USFS","fhdSpNm":"Brook trout","fhdRun":"NA","fhdLifeHst":"FluvRes","fhdUseTy":"Unknown","fhdBasis":"UndocObsFish","fhdStNm":"Unnamed trib to North Umpqua River","fhdGenus":"Salvelinus","fhdSp":"fontinalis","fhdSubSp":null,"fhdOrig":"NonNative","fhdProd":"Natural","fhdComment":null,"fhdESH":"NA","fhdBasisD":null,"fhdNMF":"no","fhdBasisDt":null,"fhdBasisNm":null,"fhdBasisEnt":null,"fhdBasisPrj":null,"fhdBasisMethod":null,"fhdAccess":null,"fhdBarrierFtrID":null,"fhdEndExtent":null,"Shape__Length":1165.8728278550902,"habitatType":"stream"},"id":191},
{"type":"Feature","geometry":{"type":"LineString","coordinates":[[-122.109155,43.364665],[-122.106346,43.367118]]},"properties":{"OBJECTID":192,"fhdFtrID":186,"fhdRefID":53578,"fhdRevDt":"20190314","fhdONm":"Ed Hall","fhdOEnt":"USFS","fhdSpNm":"Brook trout","fhdRun":"NA","fhdLifeHst":"FluvRes","fhdUseTy":"Unknown","fhdBasis":"UndocObsFish","fhdStNm":"Calamut Lake","fhdGenus":"Salvelinus","fhdSp":"fontinalis","fhdSubSp":null,"fhdOrig":"NonNative","fhdProd":"Natural","fhdComment":null,"fhdESH":"NA","fhdBasisD":null,"fhdNMF":"no","fhdBasisDt":null,"fhdBasisNm":null,"fhdBasisEnt":null,"fhdBasisPrj":null,"fhdBasisMethod":null,"fhdAccess":null,"fhdBarrierFtrID":null,"fhdEndExtent":null,"Shape__Length":488.70197785142017,"habitatType":"stream"},"id":192},
{"type":"Feature","geometry":{"type":"LineString","coordinates":[[-122.334571,43.167588],[-122.333289,43.168271],[-122.332803,43.169892]]},"properties":{"OBJECTID":193,"fhdFtrID":187,"fhdRefID":53578,"fhdRevDt":"20190314","fhdONm":"Ed Hall","fhdOEnt":"USFS","fhdSpNm":"Brook trout","fhdRun":"NA","fhdLifeHst":"FluvRes","fhdUseTy":"Unknown","fhdBasis":"UndocObsFish","fhdStNm":"Unnamed trib to Rough Creek","fhdGenus":"Salvelinus","fhdSp":"fontinalis","fhdSubSp":null,"fhdOrig":"NonNative","fhdProd":"Natural","fhdComment":null,"fhdESH":"NA","fhdBasisD":null,"fhdNMF":"no","fhdBasisDt":null,"fhdBasisNm":null,"fhdBasisEnt":null,"fhdBasisPrj":null,"fhdBasisMethod":null,"fhdAccess":null,"fhdBarrierFtrID":null,"fhdEndExtent":null,"Shape__Length":449.9859712921635,"habitatType":"stream"},"id":193},
{"type":"Feature","geometry":{"type":"LineString","coordinates":[[-122.250962,43.242721],[-122.251763,43.24339],[-122.25397,43.243457],[-122.254848,43.244226],[-122.256635,43.244535],[-122.259555,43.245359],[-122.260921,43.245431],[-122.262287,43.246052],[-122.263834,43.246437],[-122.265553,43.24641],[-122.267243,43.245895],[-122.270029,43.245605],[-122.273333,43.245563],[-122.274445,43.245289],[-122.276176,43.245279],[-122.27719,43.246078],[-122.278814,43.246236],[-122.280271,43.245858],[-122.281773,43.245236],[-122.282232,43.243935],[-122.286985,43.244255],[-122.289815,43.245441],[-122.291316,43.246753],[-122.292735,43.24733],[-122.294784,43.249026],[-122.29718,43.249609],[-122.298749,43.249537],[-122.300206,43.24906],[-122.302541,43.248797],[-122.304299,43.24788],[-122.30562,43.247507],[-122.307963,43.247408],[-122.309863,43.247826],[-122.311297,43.248913],[-122.312776,43.248951],[-122.314158,43.249632],[-122.31633,43.250215],[-122.319071,43.250682],[-122.322135,43.250983],[-122.323727,43.251291],[-122.325529,43.25202],[-122.327339,43.252196],[-122.331484,43.252256],[-122.334826,43.251042],[-122.336147,43.250696],[-122.337651,43.251042],[-122.339984,43.250448],[-122.340883,43.249826],[-122.342866,43.24943],[-122.343594,43.248717],[-122.345155,43.248255],[-122.347092,43.245861],[-122.350237,43.243906],[-122.352234,43.244048],[-122.354577,43.243834],[-122.356318,43.243108],[-122.360252,43.242767],[-122.361987,43.242766],[-122.364636,43.241875],[-122.365897,43.241293],[-122.368037,43.241325],[-122.370852,43.240808],[-122.374802,43.2413],[-122.376812,43.242281],[-122.378545,43.244077],[-122.380812,43.244824],[-122.382658,43.246242],[-122.383205,43.246939],[-122.385345,43.247319],[-122.386997,43.247072],[-122.38931,43.247408],[-122.391336,43.248491],[-122.393003,43.24904],[-122.395076,43.250249],[-122.398049,43.251068],[-122.39916,43.251562],[-122.400594,43.2526],[-122.402614,43.252733],[-122.404491,43.253535],[-122.404618,43.254199],[-122.405879,43.255198],[-122.408117,43.255638],[-122.409845,43.255381],[-122.410956,43.25627],[-122.41293,43.257149],[-122.417045,43.261497],[-122.418258,43.26256],[-122.418412,43.263851],[-122.41976,43.263967]]},"properties":{"OBJECTID":194,"fhdFtrID":188,"fhdRefID":53578,"fhdRevDt":"20190314","fhdONm":"Ed Hall","fhdOEnt":"USFS","fhdSpNm":"Brook trout","fhdRun":"NA","fhdLifeHst":"FluvRes","fhdUseTy":"Unknown","fhdBasis":"UndocObsFish","fhdStNm":"Clearwater River","fhdGenus":"Salvelinus","fhdSp":"fontinalis","fhdSubSp":null,"fhdOrig":"NonNative","fhdProd":"Natural","fhdComment":null,"fhdESH":"NA","fhdBasisD":null,"fhdNMF":"no","fhdBasisDt":null,"fhdBasisNm":null,"fhdBasisEnt":null,"fhdBasisPrj":null,"fhdBasisMethod":null,"fhdAccess":null,"fhdBarrierFtrID":null,"fhdEndExtent":null,"Shape__Length":22233.107988550946,"habitatType":"stream"},"id":194},
{"type":"Feature","geometry":{"type":"LineString","coordinates":[[-122.250962,43.242721],[-122.247989,43.243102],[-122.246113,43.244052],[-122.244544,43.24452],[-122.243854,43.245607],[-122.242491,43.246408]]},"properties":{"OBJECTID":195,"fhdFtrID":189,"fhdRefID":53578,"fhdRevDt":"20190314","fhdONm":"Ed Hall","fhdOEnt":"USFS","fhdSpNm":"Brook trout","fhdRun":"NA","fhdLifeHst":"FluvRes","fhdUseTy":"Unknown","fhdBasis":"UndocObsFish","fhdStNm":"Lava Creek","fhdGenus":"Salvelinus","fhdSp":"fontinalis","fhdSubSp":null,"fhdOrig":"NonNative","fhdProd":"Natural","fhdComment":null,"fhdESH":"NA","fhdBasisD":null,"fhdNMF":"no","fhdBasisDt":null,"fhdBasisNm":null,"fhdBasisEnt":null,"fhdBasisPrj":null,"fhdBasisMethod":null,"fhdAccess":null,"fhdBarrierFtrID":null,"fhdEndExtent":null,"Shape__Length":1192.6119167519012,"habitatType":"stream"},"id":195},
{"type":"Feature","geometry":{"type":"LineString","coordinates":[[-122.321182,43.256385],[-122.319338,43.256356],[-122.31768,43.256028],[-122.316217,43.255303],[-122.311115,43.257482],[-122.310585,43.258317]]},"properties":{"OBJECTID":196,"fhdFtrID":190,"fhdRefID":53578,"fhdRevDt":"20190314","fhdONm":"Ed Hall","fhdOEnt":"USFS","fhdSpNm":"Brook trout","fhdRun":"NA","fhdLifeHst":"FluvRes","fhdUseTy":"Unknown","fhdBasis":"UndocObsFish","fhdStNm":"Clearwater Forebay Number 1","fhdGenus":"Salvelinus","fhdSp":"fontinalis","fhdSubSp":null,"fhdOrig":"NonNative","fhdProd":"Natural","fhdComment":null,"fhdESH":"NA","fhdBasisD":null,"fhdNMF":"no","fhdBasisDt":null,"fhdBasisNm":null,"fhdBasisEnt":null,"fhdBasisPrj":null,"fhdBasisMethod":null,"fhdAccess":null,"fhdBarrierFtrID":null,"fhdEndExtent":null,"Shape__Length":1397.8604215725222,"habitatType":"stream"},"id":196},
{"type":"Feature","geometry":{"type":"LineString","coordinates":[[-122.403683,43.262266],[-122.406283,43.262451],[-122.407637,43.263576],[-122.40908,43.263636],[-122.409275,43.264111]]},"properties":{"OBJECTID":197,"fhdFtrID":191,"fhdRefID":53578,"fhdRevDt":"20190314","fhdONm":"Ed Hall","fhdOEnt":"USFS","fhdSpNm":"Brook trout","fhdRun":"NA","fhdLifeHst":"FluvRes","fhdUseTy":"Unknown","fhdBasis":"UndocObsFish","fhdStNm":"Clearwater Canal Number 2","fhdGenus":"Salvelinus","fhdSp":"fontinalis","fhdSubSp":null,"fhdOrig":"NonNative","fhdProd":"Natural","fhdComment":null,"fhdESH":"NA","fhdBasisD":null,"fhdNMF":"no","fhdBasisDt":null,"fhdBasisNm":null,"fhdBasisEnt":null,"fhdBasisPrj":null,"fhdBasisMethod":null,"fhdAccess":null,"fhdBarrierFtrID":null,"fhdEndExtent":null,"Shape__Length":767.5208142812708,"habitatType":"stream"},"id":197},
{"type":"Feature","geometry":{"type":"LineString","coordinates":[[-122.280271,43.245858],[-122.280317,43.244626],[-122.279282,43.242743],[-122.27748,43.242671],[-122.277218,43.241184],[-122.27646,43.240596],[-122.274561,43.239844],[-122.268765,43.23943],[-122.267279,43.239023],[-122.266431,43.237798],[-122.264496,43.235783],[-122.263319,43.234213],[-122.261136,43.232335],[-122.259052,43.228678],[-122.25858,43.226954],[-122.257395,43.225927],[-122.257494,43.225263],[-122.256729,43.224357],[-122.25697,43.223556],[-122.256265,43.222606],[-122.255576,43.220904],[-122.254624,43.219849],[-122.253566,43.219278],[-122.253019,43.218564],[-122.253013,43.217208],[-122.251895,43.216725],[-122.250972,43.215556],[-122.251038,43.21403],[-122.252207,43.212569],[-122.252711,43.211121],[-122.25438,43.208069],[-122.254403,43.207663],[-122.255778,43.206308],[-122.256446,43.205211],[-122.257207,43.202318],[-122.257571,43.198438],[-122.258384,43.195518],[-122.259033,43.190424],[-122.258173,43.187663],[-122.257861,43.1846],[-122.258207,43.183541],[-122.257783,43.179972],[-122.257889,43.178628],[-122.258475,43.177969],[-122.260043,43.177383],[-122.262076,43.175858],[-122.263466,43.17375],[-122.264411,43.173125],[-122.266754,43.169382],[-122.266845,43.168186],[-122.267348,43.167066],[-122.267027,43.164991],[-122.267651,43.163449],[-122.267749,43.162549],[-122.269069,43.162061],[-122.2688,43.160222],[-122.269072,43.159017]]},"properties":{"OBJECTID":198,"fhdFtrID":192,"fhdRefID":53578,"fhdRevDt":"20190314","fhdONm":"Ed Hall","fhdOEnt":"USFS","fhdSpNm":"Brook trout","fhdRun":"NA","fhdLifeHst":"FluvRes","fhdUseTy":"Unknown","fhdBasis":"UndocObsFish","fhdStNm":"Bear Creek","fhdGenus":"Salvelinus","fhdSp":"fontinalis","fhdSubSp":null,"fhdOrig":"NonNative","fhdProd":"Natural","fhdComment":null,"fhdESH":"NA","fhdBasisD":null,"fhdNMF":"no","fhdBasisDt":null,"fhdBasisNm":null,"fhdBasisEnt":null,"fhdBasisPrj":null,"fhdBasisMethod":null,"fhdAccess":null,"fhdBarrierFtrID":null,"fhdEndExtent":null,"Shape__Length":15694.001989158822,"habitatType":"stream"},"id":198},
{"type":"Feature","geometry":{"type":"LineString","coordinates":[[-122.208274,44.845548],[-122.205846,44.843582],[-122.204441,44.84287],[-122.203401,44.842841],[-122.2025,44.842286]]},"properties":{"OBJECTID":199,"fhdFtrID":193,"fhdRefID":53578,"fhdRevDt":"20190314","fhdONm":"Ed Hall","fhdOEnt":"USFS","fhdSpNm":"Brook trout","fhdRun":"NA","fhdLifeHst":"FluvRes","fhdUseTy":"Unknown","fhdBasis":"DocObsFish","fhdStNm":"Little North Santiam River","fhdGenus":"Salvelinus","fhdSp":"fontinalis","fhdSubSp":null,"fhdOrig":"NonNative","fhdProd":"Natural","fhdComment":null,"fhdESH":"NA","fhdBasisD":null,"fhdNMF":"no","fhdBasisDt":null,"fhdBasisNm":null,"fhdBasisEnt":null,"fhdBasisPrj":null,"fhdBasisMethod":null,"fhdAccess":null,"fhdBarrierFtrID":null,"fhdEndExtent":null,"Shape__Length":894.8607151863193,"habitatType":"stream"},"id":199},
{"type":"Feature","geometry":{"type":"LineString","coordinates":[[-122.2025,44.842286],[-122.20211,44.840956],[-122.200673,44.839936],[-122.199689,44.83842],[-122.200366,44.836295],[-122.19958,44.835053],[-122.199636,44.833689],[-122.200319,44.832143],[-122.200377,44.831353],[-122.201277,44.830831],[-122.201562,44.829686],[-122.201355,44.828611],[-122.200687,44.8281],[-122.20156,44.826566],[-122.200878,44.825527],[-122.202079,44.823508],[-122.201786,44.822842],[-122.202151,44.821967],[-122.201554,44.821154],[-122.199711,44.819895],[-122.199497,44.818596],[-122.200384,44.816548],[-122.200993,44.816091],[-122.200695,44.815196],[-122.200973,44.81417],[-122.20255,44.813652],[-122.203433,44.812414],[-122.203906,44.811279],[-122.203754,44.810462],[-122.20429,44.808847],[-122.205168,44.808187],[-122.206046,44.808068],[-122.206658,44.806792]]},"properties":{"OBJECTID":200,"fhdFtrID":193,"fhdRefID":53578,"fhdRevDt":"20190314","fhdONm":"Ed Hall","fhdOEnt":"USFS","fhdSpNm":"Brook trout","fhdRun":"NA","fhdLifeHst":"FluvRes","fhdUseTy":"Unknown","fhdBasis":"DocObsFish","fhdStNm":"Opal Creek","fhdGenus":"Salvelinus","fhdSp":"fontinalis","fhdSubSp":null,"fhdOrig":"NonNative","fhdProd":"Natural","fhdComment":null,"fhdESH":"NA","fhdBasisD":null,"fhdNMF":"no","fhdBasisDt":null,"fhdBasisNm":null,"fhdBasisEnt":null,"fhdBasisPrj":null,"fhdBasisMethod":null,"fhdAccess":null,"fhdBarrierFtrID":null,"fhdEndExtent":null,"Shape__Length":6636.274373426228,"habitatType":"stream"},"id":200},
{"type":"Feature","geometry":{"type":"LineString","coordinates":[[-122.006447,44.772263],[-122.00588,44.771344],[-122.005305,44.769089],[-122.007417,44.767795],[-122.007841,44.766862],[-122.007511,44.765934],[-122.007759,44.764738],[-122.009262,44.763411],[-122.010395,44.762122],[-122.010659,44.759549],[-122.009959,44.759038]]},"properties":{"OBJECTID":201,"fhdFtrID":194,"fhdRefID":53578,"fhdRevDt":"20190314","fhdONm":"Ed Hall","fhdOEnt":"USFS","fhdSpNm":"Brook trout","fhdRun":"NA","fhdLifeHst":"FluvRes","fhdUseTy":"Unknown","fhdBasis":"DocObsFish","fhdStNm":"Leone Creek","fhdGenus":"Salvelinus","fhdSp":"fontinalis","fhdSubSp":null,"fhdOrig":"NonNative","fhdProd":"Natural","fhdComment":null,"fhdESH":"NA","fhdBasisD":null,"fhdNMF":"no","fhdBasisDt":null,"fhdBasisNm":null,"fhdBasisEnt":null,"fhdBasisPrj":null,"fhdBasisMethod":null,"fhdAccess":null,"fhdBarrierFtrID":null,"fhdEndExtent":null,"Shape__Length":2371.2192920434213,"habitatType":"stream"},"id":201},
{"type":"Feature","geometry":{"type":"LineString","coordinates":[[-122.008539,44.68681],[-122.008316,44.68636],[-122.008327,44.683484],[-122.007435,44.682507],[-122.00613,44.680558],[-122.004523,44.680124],[-122.004902,44.678209],[-122.004602,44.677726],[-122.003003,44.676896],[-122.002651,44.675854]]},"properties":{"OBJECTID":202,"fhdFtrID":195,"fhdRefID":53578,"fhdRevDt":"20190314","fhdONm":"Ed Hall","fhdOEnt":"USFS","fhdSpNm":"Brook trout","fhdRun":"NA","fhdLifeHst":"FluvRes","fhdUseTy":"Unknown","fhdBasis":"DocObsFish","fhdStNm":"Misery Creek","fhdGenus":"Salvelinus","fhdSp":"fontinalis","fhdSubSp":null,"fhdOrig":"NonNative","fhdProd":"Natural","fhdComment":null,"fhdESH":"NA","fhdBasisD":null,"fhdNMF":"no","fhdBasisDt":null,"fhdBasisNm":null,"fhdBasisEnt":null,"fhdBasisPrj":null,"fhdBasisMethod":null,"fhdAccess":null,"fhdBarrierFtrID":null,"fhdEndExtent":null,"Shape__Length":2067.828492337691,"habitatType":"stream"},"id":202},
{"type":"Feature","geometry":{"type":"LineString","coordinates":[[-121.946878,44.497165],[-121.948013,44.498268],[-121.949968,44.498921],[-121.951512,44.49985],[-121.953337,44.500207],[-121.957186,44.500267],[-121.959333,44.499849],[-121.960212,44.499188],[-121.964022,44.49769],[-121.965763,44.497629],[-121.967158,44.49708],[-121.968415,44.497102],[-121.970071,44.496305],[-121.971098,44.496124],[-121.972065,44.496695],[-121.973299,44.496173],[-121.974189,44.496963],[-121.975162,44.49721],[-121.976335,44.497039],[-121.978475,44.49784],[-121.979956,44.498717],[-121.981566,44.498876],[-121.984019,44.498167],[-121.984724,44.497113],[-121.98473,44.496268],[-121.984201,44.495352],[-121.984583,44.494644],[-121.985419,44.494753],[-121.987956,44.493638]]},"properties":{"OBJECTID":203,"fhdFtrID":196,"fhdRefID":53578,"fhdRevDt":"20190313","fhdONm":"Ed Hall","fhdOEnt":"USFS","fhdSpNm":"Brook trout","fhdRun":"NA","fhdLifeHst":"FluvRes","fhdUseTy":"Unknown","fhdBasis":"DocObsFish","fhdStNm":"North Santiam River","fhdGenus":"Salvelinus","fhdSp":"fontinalis","fhdSubSp":null,"fhdOrig":"NonNative","fhdProd":"Natural","fhdComment":null,"fhdESH":"NA","fhdBasisD":null,"fhdNMF":"no","fhdBasisDt":null,"fhdBasisNm":null,"fhdBasisEnt":null,"fhdBasisPrj":null,"fhdBasisMethod":null,"fhdAccess":null,"fhdBarrierFtrID":null,"fhdEndExtent":null,"Shape__Length":6131.209238417861,"habitatType":"stream"},"id":203},
{"type":"Feature","geometry":{"type":"LineString","coordinates":[[-121.911589,44.491349],[-121.912815,44.491777],[-121.913337,44.49124],[-121.915521,44.491751],[-121.918158,44.492657],[-121.919791,44.492471],[-121.921348,44.492679],[-121.923785,44.494941],[-121.925173,44.49544],[-121.925763,44.496006],[-121.926691,44.495797],[-121.928393,44.496154],[-121.932226,44.495452],[-121.933031,44.495112],[-121.932786,44.494009],[-121.933346,44.492802],[-121.93478,44.492012],[-121.940951,44.490914],[-121.943573,44.491238],[-121.945559,44.492841],[-121.94723,44.494854],[-121.946878,44.497165]]},"properties":{"OBJECTID":204,"fhdFtrID":197,"fhdRefID":53684,"fhdRevDt":"20190313","fhdONm":"Peter Robinson","fhdOEnt":"ODFW","fhdSpNm":"Brook trout","fhdRun":"NA","fhdLifeHst":"FluvRes","fhdUseTy":"Unknown","fhdBasis":"UndocObsFish","fhdStNm":"North Santiam River","fhdGenus":"Salvelinus","fhdSp":"fontinalis","fhdSubSp":null,"fhdOrig":"NonNative","fhdProd":"Natural","fhdComment":null,"fhdESH":"NA","fhdBasisD":null,"fhdNMF":"no","fhdBasisDt":null,"fhdBasisNm":null,"fhdBasisEnt":null,"fhdBasisPrj":null,"fhdBasisMethod":null,"fhdAccess":null,"fhdBarrierFtrID":null,"fhdEndExtent":null,"Shape__Length":5553.059810663519,"habitatType":"stream"},"id":204},
{"type":"Feature","geometry":{"type":"LineString","coordinates":[[-122.009959,44.759038],[-122.008311,44.758565],[-122.007133,44.757977],[-122.006256,44.757906]]},"properties":{"OBJECTID":205,"fhdFtrID":198,"fhdRefID":53578,"fhdRevDt":"20190314","fhdONm":"Ed Hall","fhdOEnt":"USFS","fhdSpNm":"Brook trout","fhdRun":"NA","fhdLifeHst":"FluvRes","fhdUseTy":"Unknown","fhdBasis":"DocObsFish","fhdStNm":"Unnamed trib to Leone Creek","fhdGenus":"Salvelinus","fhdSp":"fontinalis","fhdSubSp":null,"fhdOrig":"NonNative","fhdProd":"Natural","fhdComment":null,"fhdESH":"NA","fhdBasisD":null,"fhdNMF":"no","fhdBasisDt":null,"fhdBasisNm":null,"fhdBasisEnt":null,"fhdBasisPrj":null,"fhdBasisMethod":null,"fhdAccess":null,"fhdBarrierFtrID":null,"fhdEndExtent":null,"Shape__Length":461.36095070619257,"habitatType":"stream"},"id":205},
{"type":"Feature","geometry":{"type":"LineString","coordinates":[[-122.006256,44.757906],[-122.004715,44.758048],[-122.002436,44.757163],[-122.001906,44.756043],[-122.002701,44.754902],[-122.002515,44.754129]]},"properties":{"OBJECTID":206,"fhdFtrID":198,"fhdRefID":53578,"fhdRevDt":"20190314","fhdONm":"Ed Hall","fhdOEnt":"USFS","fhdSpNm":"Brook trout","fhdRun":"NA","fhdLifeHst":"FluvRes","fhdUseTy":"Unknown","fhdBasis":"IndivProfOpinion","fhdStNm":"Unnamed trib to Leone Creek","fhdGenus":"Salvelinus","fhdSp":"fontinalis","fhdSubSp":null,"fhdOrig":"NonNative","fhdProd":"Natural","fhdComment":null,"fhdESH":"NA","fhdBasisD":null,"fhdNMF":"no","fhdBasisDt":null,"fhdBasisNm":null,"fhdBasisEnt":null,"fhdBasisPrj":null,"fhdBasisMethod":null,"fhdAccess":null,"fhdBarrierFtrID":null,"fhdEndExtent":null,"Shape__Length":996.7927663017211,"habitatType":"stream"},"id":206},
{"type":"Feature","geometry":{"type":"LineString","coordinates":[[-122.230732,44.464939],[-122.231405,44.462321],[-122.232852,44.461097],[-122.234047,44.460855],[-122.234299,44.459818],[-122.235916,44.459334],[-122.236083,44.458236],[-122.235232,44.457628],[-122.236082,44.456222],[-122.235828,44.455432],[-122.236678,44.454027],[-122.2365,44.452809],[-122.238545,44.452018],[-122.240245,44.450919],[-122.242029,44.449333],[-122.243047,44.448114],[-122.243475,44.446895],[-122.243297,44.445743],[-122.243978,44.444519],[-122.24462,44.4442]]},"properties":{"OBJECTID":207,"fhdFtrID":199,"fhdRefID":53578,"fhdRevDt":"20190314","fhdONm":"Ed Hall","fhdOEnt":"USFS","fhdSpNm":"Brook trout","fhdRun":"NA","fhdLifeHst":"FluvRes","fhdUseTy":"Unknown","fhdBasis":"UndocObsFish","fhdStNm":"Soda Fork","fhdGenus":"Salvelinus","fhdSp":"fontinalis","fhdSubSp":null,"fhdOrig":"NonNative","fhdProd":"Natural","fhdComment":null,"fhdESH":"NA","fhdBasisD":null,"fhdNMF":"no","fhdBasisDt":null,"fhdBasisNm":null,"fhdBasisEnt":null,"fhdBasisPrj":null,"fhdBasisMethod":null,"fhdAccess":null,"fhdBarrierFtrID":null,"fhdEndExtent":null,"Shape__Length":4110.514115773881,"habitatType":"stream"},"id":207},
{"type":"Feature","geometry":{"type":"LineString","coordinates":[[-122.380251,44.394464],[-122.38129,44.395944],[-122.381459,44.397101],[-122.382819,44.398684],[-122.383922,44.400761],[-122.384687,44.401553]]},"properties":{"OBJECTID":208,"fhdFtrID":200,"fhdRefID":53578,"fhdRevDt":"20190314","fhdONm":"Ed Hall","fhdOEnt":"USFS","fhdSpNm":"Brook trout","fhdRun":"NA","fhdLifeHst":"FluvRes","fhdUseTy":"Unknown","fhdBasis":"DocObsFish","fhdStNm":"Falls Creek","fhdGenus":"Salvelinus","fhdSp":"fontinalis","fhdSubSp":null,"fhdOrig":"NonNative","fhdProd":"Natural","fhdComment":null,"fhdESH":"NA","fhdBasisD":null,"fhdNMF":"no","fhdBasisDt":null,"fhdBasisNm":null,"fhdBasisEnt":null,"fhdBasisPrj":null,"fhdBasisMethod":null,"fhdAccess":null,"fhdBarrierFtrID":null,"fhdEndExtent":null,"Shape__Length":1236.204722828869,"habitatType":"stream"},"id":208},
{"type":"Feature","geometry":{"type":"LineString","coordinates":[[-122.279759,44.33736],[-122.281503,44.33753],[-122.282563,44.338126],[-122.2862,44.339106],[-122.28873,44.339433],[-122.289959,44.340005],[-122.291076,44.340025],[-122.291716,44.340603],[-122.293432,44.340785],[-122.295334,44.340209],[-122.295978,44.340354],[-122.297309,44.339877],[-122.298614,44.339821],[-122.301339,44.340384],[-122.303092,44.340215],[-122.304774,44.339563],[-122.305738,44.339814],[-122.30722,44.339491]]},"properties":{"OBJECTID":209,"fhdFtrID":201,"fhdRefID":53578,"fhdRevDt":"20190314","fhdONm":"Ed Hall","fhdOEnt":"USFS","fhdSpNm":"Brook trout","fhdRun":"NA","fhdLifeHst":"FluvRes","fhdUseTy":"Unknown","fhdBasis":"DocObsFish","fhdStNm":"Two Girls Creek","fhdGenus":"Salvelinus","fhdSp":"fontinalis","fhdSubSp":null,"fhdOrig":"NonNative","fhdProd":"Natural","fhdComment":null,"fhdESH":"NA","fhdBasisD":null,"fhdNMF":"no","fhdBasisDt":null,"fhdBasisNm":null,"fhdBasisEnt":null,"fhdBasisPrj":null,"fhdBasisMethod":"Electrofishing","fhdAccess":null,"fhdBarrierFtrID":null,"fhdEndExtent":null,"Shape__Length":3493.8994437966458,"habitatType":"stream"},"id":209},
{"type":"Feature","geometry":{"type":"LineString","coordinates":[[-122.313424,44.351643],[-122.314285,44.351992],[-122.315676,44.352043],[-122.317645,44.352571],[-122.319261,44.352216],[-122.320186,44.352596],[-122.323162,44.353175],[-122.327415,44.354755],[-122.328516,44.355792],[-122.330391,44.356708],[-122.335486,44.357745],[-122.341071,44.361156],[-122.342757,44.361416],[-122.344208,44.360444],[-122.346061,44.359651],[-122.348231,44.360601],[-122.351208,44.362126],[-122.352822,44.362674],[-122.355286,44.362794],[-122.356301,44.36322]]},"properties":{"OBJECTID":210,"fhdFtrID":202,"fhdRefID":53578,"fhdRevDt":"20190314","fhdONm":"Ed Hall","fhdOEnt":"USFS","fhdSpNm":"Brook trout","fhdRun":"NA","fhdLifeHst":"FluvRes","fhdUseTy":"Unknown","fhdBasis":"DocObsFish","fhdStNm":"Black Creek","fhdGenus":"Salvelinus","fhdSp":"fontinalis","fhdSubSp":null,"fhdOrig":"NonNative","fhdProd":"Natural","fhdComment":null,"fhdESH":"NA","fhdBasisD":null,"fhdNMF":"no","fhdBasisDt":null,"fhdBasisNm":null,"fhdBasisEnt":null,"fhdBasisPrj":null,"fhdBasisMethod":"Electrofishing","fhdAccess":null,"fhdBarrierFtrID":null,"fhdEndExtent":null,"Shape__Length":5709.710881779852,"habitatType":"stream"},"id":210},
{"type":"Feature","geometry":{"type":"LineString","coordinates":[[-122.289685,44.362733],[-122.291262,44.362444],[-122.293886,44.362812],[-122.295524,44.363952],[-122.29638,44.36415],[-122.300182,44.365522],[-122.30465,44.367685],[-122.305965,44.368563],[-122.306432,44.369266],[-122.309492,44.371093],[-122.310854,44.371335],[-122.312805,44.372125],[-122.314504,44.372372],[-122.31748,44.372251],[-122.323088,44.373102],[-122.325384,44.3728],[-122.326914,44.372371],[-122.329974,44.372613],[-122.332943,44.371943],[-122.334565,44.371822],[-122.336676,44.371377],[-122.339913,44.372858],[-122.343059,44.3734],[-122.344841,44.373526],[-122.34615,44.374744],[-122.346543,44.37578],[-122.347822,44.377179],[-122.34884,44.377733],[-122.3491,44.378523],[-122.350065,44.379577]]},"properties":{"OBJECTID":211,"fhdFtrID":203,"fhdRefID":53578,"fhdRevDt":"20190314","fhdONm":"Ed Hall","fhdOEnt":"USFS","fhdSpNm":"Brook trout","fhdRun":"NA","fhdLifeHst":"FluvRes","fhdUseTy":"Unknown","fhdBasis":"DocObsFish","fhdStNm":"Falls Creek","fhdGenus":"Salvelinus","fhdSp":"fontinalis","fhdSubSp":null,"fhdOrig":"NonNative","fhdProd":"Natural","fhdComment":null,"fhdESH":"NA","fhdBasisD":null,"fhdNMF":"no","fhdBasisDt":null,"fhdBasisNm":null,"fhdBasisEnt":null,"fhdBasisPrj":null,"fhdBasisMethod":null,"fhdAccess":null,"fhdBarrierFtrID":null,"fhdEndExtent":null,"Shape__Length":8011.157551896943,"habitatType":"stream"},"id":211},
{"type":"Feature","geometry":{"type":"LineString","coordinates":[[-122.336676,44.371377],[-122.333462,44.368919],[-122.331893,44.367152],[-122.331197,44.365763],[-122.330898,44.363996]]},"properties":{"OBJECTID":212,"fhdFtrID":204,"fhdRefID":53578,"fhdRevDt":"20190314","fhdONm":"Ed Hall","fhdOEnt":"USFS","fhdSpNm":"Brook trout","fhdRun":"NA","fhdLifeHst":"FluvRes","fhdUseTy":"Unknown","fhdBasis":"DocObsFish","fhdStNm":"Unnamed trib to Falls Creek","fhdGenus":"Salvelinus","fhdSp":"fontinalis","fhdSubSp":null,"fhdOrig":"NonNative","fhdProd":"Natural","fhdComment":null,"fhdESH":"NA","fhdBasisD":null,"fhdNMF":"no","fhdBasisDt":null,"fhdBasisNm":null,"fhdBasisEnt":null,"fhdBasisPrj":null,"fhdBasisMethod":null,"fhdAccess":null,"fhdBarrierFtrID":null,"fhdEndExtent":null,"Shape__Length":1358.3521166604994,"habitatType":"stream"},"id":212},
{"type":"Feature","geometry":{"type":"MultiLineString","coordinates":[[[-122.042932,44.248381],[-122.044677,44.247606],[-122.045562,44.245988],[-122.047254,44.244076],[-122.048864,44.243036],[-122.049911,44.24263],[-122.052971,44.242341],[-122.054421,44.242051],[-122.056031,44.241358],[-122.057835,44.240229],[-122.059088,44.238691],[-122.059249,44.236782],[-122.058447,44.234641],[-122.056836,44.233077],[-122.057073,44.232034],[-122.058928,44.230876],[-122.060539,44.227869]],[[-122.026479,44.312159],[-122.027975,44.311859],[-122.028699,44.310063],[-122.0296,44.308965],[-122.0302,44.307503],[-122.031443,44.306501],[-122.030415,44.305177],[-122.030367,44.304119],[-122.031501,44.302778],[-122.031503,44.301704],[-122.031006,44.30074],[-122.03079,44.299279],[-122.031878,44.298186],[-122.031992,44.297613],[-122.03105,44.295861],[-122.032512,44.293662],[-122.033294,44.291607],[-122.034598,44.289683],[-122.034534,44.287715],[-122.036013,44.286514],[-122.038608,44.285822],[-122.040636,44.285816],[-122.041736,44.285311],[-122.043174,44.283643],[-122.044264,44.281587],[-122.045393,44.280276],[-122.04563,44.278844],[-122.048047,44.276296],[-122.048719,44.275148],[-122.049453,44.273571],[-122.049365,44.272913],[-122.05176,44.271604],[-122.052065,44.271058],[-122.052065,44.269415],[-122.048256,44.266732],[-122.046961,44.264866],[-122.046124,44.261474],[-122.045356,44.259835],[-122.041706,44.256926]]]},"properties":{"OBJECTID":213,"fhdFtrID":205,"fhdRefID":53578,"fhdRevDt":"20190314","fhdONm":"Ed Hall","fhdOEnt":"USFS","fhdSpNm":"Brook trout","fhdRun":"NA","fhdLifeHst":"FluvRes","fhdUseTy":"Unknown","fhdBasis":"DocObsFish","fhdStNm":"McKenzie River","fhdGenus":"Salvelinus","fhdSp":"fontinalis","fhdSubSp":null,"fhdOrig":"NonNative","fhdProd":"Natural","fhdComment":null,"fhdESH":"NA","fhdBasisD":null,"fhdNMF":"no","fhdBasisDt":null,"fhdBasisNm":"Stillwater Sciences","fhdBasisEnt":null,"fhdBasisPrj":null,"fhdBasisMethod":null,"fhdAccess":null,"fhdBarrierFtrID":null,"fhdEndExtent":null,"Shape__Length":14842.943815838149,"habitatType":"stream"},"id":213},
{"type":"Feature","geometry":{"type":"LineString","coordinates":[[-122.017827,44.321593],[-122.018388,44.322617],[-122.019475,44.323611],[-122.017334,44.326681],[-122.016394,44.327492],[-122.016262,44.32833],[-122.015585,44.329383],[-122.013507,44.33069],[-122.011074,44.33137],[-122.009954,44.332151],[-122.008367,44.331787],[-122.007457,44.332354],[-122.008007,44.33279],[-122.009622,44.332733],[-122.009788,44.333586],[-122.009349,44.335113],[-122.007628,44.335435],[-122.00703,44.335867],[-122.007394,44.336591],[-122.005985,44.33685],[-122.005666,44.338861],[-122.004512,44.339323],[-122.003734,44.340451],[-122.002308,44.341266],[-122.001597,44.342106],[-122.001443,44.343059],[-122.000385,44.344276],[-122.000743,44.344732],[-122.000079,44.346021],[-121.999049,44.346453],[-121.997369,44.348635],[-121.996945,44.349826],[-121.997896,44.351041],[-121.997871,44.351732],[-121.998528,44.352784],[-121.998221,44.353711],[-121.995945,44.355266],[-121.99552,44.356357],[-121.994712,44.356813],[-121.994255,44.359347],[-121.994491,44.361419],[-121.993562,44.36289],[-121.993514,44.364058],[-121.997236,44.37264],[-121.997575,44.372916],[-121.997575,44.374248],[-121.997971,44.375014],[-121.9997,44.376145]]},"properties":{"OBJECTID":214,"fhdFtrID":206,"fhdRefID":53578,"fhdRevDt":"20190314","fhdONm":"Ed Hall","fhdOEnt":"USFS","fhdSpNm":"Brook trout","fhdRun":"NA","fhdLifeHst":"FluvRes","fhdUseTy":"Unknown","fhdBasis":"DocObsFish","fhdStNm":"McKenzie River","fhdGenus":"Salvelinus","fhdSp":"fontinalis","fhdSubSp":null,"fhdOrig":"NonNative","fhdProd":"Natural","fhdComment":null,"fhdESH":"NA","fhdBasisD":null,"fhdNMF":"no","fhdBasisDt":null,"fhdBasisNm":null,"fhdBasisEnt":null,"fhdBasisPrj":null,"fhdBasisMethod":null,"fhdAccess":null,"fhdBarrierFtrID":null,"fhdEndExtent":null,"Shape__Length":11424.768915039776,"habitatType":"stream"},"id":214},
{"type":"Feature","geometry":{"type":"LineString","coordinates":[[-122.054958,44.341521],[-122.054497,44.340669],[-122.052628,44.340113],[-122.05081,44.339064],[-122.049417,44.338522],[-122.049199,44.336738],[-122.04948,44.336267],[-122.048691,44.335113],[-122.047683,44.334848],[-122.046619,44.333695],[-122.047972,44.333274],[-122.048486,44.332754],[-122.047918,44.328683],[-122.046859,44.324053],[-122.045699,44.318072],[-122.045505,44.311263],[-122.046318,44.308626],[-122.048239,44.307414],[-122.048494,44.305618],[-122.047613,44.304772],[-122.049032,44.3033],[-122.049526,44.301996],[-122.04897,44.301238],[-122.048611,44.299984],[-122.048621,44.298521],[-122.047676,44.297914],[-122.047713,44.297132],[-122.046877,44.295474],[-122.046999,44.293901],[-122.047902,44.292899],[-122.047186,44.291876],[-122.04854,44.291683],[-122.049085,44.29126],[-122.048858,44.289945],[-122.049554,44.288618],[-122.048716,44.286731],[-122.050603,44.285155],[-122.050523,44.283887],[-122.051781,44.282987],[-122.051831,44.28196],[-122.051371,44.279827],[-122.050085,44.278209],[-122.048719,44.275148]]},"properties":{"OBJECTID":215,"fhdFtrID":207,"fhdRefID":53578,"fhdRevDt":"20190314","fhdONm":"Ed Hall","fhdOEnt":"USFS","fhdSpNm":"Brook trout","fhdRun":"NA","fhdLifeHst":"FluvRes","fhdUseTy":"Unknown","fhdBasis":"DocObsFish","fhdStNm":"Smith River","fhdGenus":"Salvelinus","fhdSp":"fontinalis","fhdSubSp":null,"fhdOrig":"NonNative","fhdProd":"Natural","fhdComment":null,"fhdESH":"NA","fhdBasisD":null,"fhdNMF":"no","fhdBasisDt":null,"fhdBasisNm":"Stillwater Sciences","fhdBasisEnt":null,"fhdBasisPrj":null,"fhdBasisMethod":null,"fhdAccess":null,"fhdBarrierFtrID":null,"fhdEndExtent":null,"Shape__Length":12316.441556241623,"habitatType":"stream"},"id":215},
{"type":"Feature","geometry":{"type":"LineString","coordinates":[[-122.054958,44.341521],[-122.055901,44.341614],[-122.057005,44.342482],[-122.058463,44.342954],[-122.05947,44.344231],[-122.060982,44.34454],[-122.061273,44.345677],[-122.063468,44.34633],[-122.066025,44.346226],[-122.067196,44.347192],[-122.068918,44.346999],[-122.071342,44.347289],[-122.072469,44.347646],[-122.074004,44.347662],[-122.075002,44.348805],[-122.077234,44.348496],[-122.07884,44.349412],[-122.079898,44.348968],[-122.081115,44.349605],[-122.081463,44.350183],[-122.083539,44.350191],[-122.085587,44.350919],[-122.086948,44.350285],[-122.088294,44.350761],[-122.0925,44.351213],[-122.092812,44.351543]]},"properties":{"OBJECTID":216,"fhdFtrID":208,"fhdRefID":53578,"fhdRevDt":"20190314","fhdONm":"Ed Hall","fhdOEnt":"USFS","fhdSpNm":"Brook trout","fhdRun":"NA","fhdLifeHst":"FluvRes","fhdUseTy":"Unknown","fhdBasis":"IndivProfOpinion","fhdStNm":"Browder Creek","fhdGenus":"Salvelinus","fhdSp":"fontinalis","fhdSubSp":null,"fhdOrig":"NonNative","fhdProd":"Natural","fhdComment":null,"fhdESH":"NA","fhdBasisD":null,"fhdNMF":"no","fhdBasisDt":null,"fhdBasisNm":null,"fhdBasisEnt":null,"fhdBasisPrj":null,"fhdBasisMethod":null,"fhdAccess":null,"fhdBarrierFtrID":null,"fhdEndExtent":null,"Shape__Length":5620.228782352689,"habitatType":"stream"},"id":216},
{"type":"Feature","geometry":{"type":"LineString","coordinates":[[-122.018273,44.401144],[-122.016255,44.401599],[-122.014398,44.400966],[-122.01359,44.401198],[-122.011076,44.401021],[-122.010207,44.400793],[-122.007539,44.398128],[-122.005935,44.396934],[-122.00488,44.396819],[-122.003586,44.39566],[-122.003298,44.393807],[-122.001122,44.39375],[-122.000954,44.392698],[-122.000123,44.390882],[-121.999038,44.390365],[-122.000121,44.389461],[-122.000581,44.38743],[-122.000396,44.38584],[-121.999782,44.384894],[-121.999578,44.383469],[-122.000134,44.382479],[-122.000255,44.380035],[-122.000777,44.378802],[-122.00064,44.376793],[-121.9997,44.376145]]},"properties":{"OBJECTID":217,"fhdFtrID":209,"fhdRefID":53578,"fhdRevDt":"20190314","fhdONm":"Ed Hall","fhdOEnt":"USFS","fhdSpNm":"Brook trout","fhdRun":"NA","fhdLifeHst":"FluvRes","fhdUseTy":"Unknown","fhdBasis":"DocObsFish","fhdStNm":"Fish Lake Creek","fhdGenus":"Salvelinus","fhdSp":"fontinalis","fhdSubSp":null,"fhdOrig":"NonNative","fhdProd":"Natural","fhdComment":null,"fhdESH":"NA","fhdBasisD":null,"fhdNMF":"no","fhdBasisDt":null,"fhdBasisNm":null,"fhdBasisEnt":null,"fhdBasisPrj":null,"fhdBasisMethod":null,"fhdAccess":null,"fhdBarrierFtrID":null,"fhdEndExtent":null,"Shape__Length":6343.674563745983,"habitatType":"stream"},"id":217},
{"type":"Feature","geometry":{"type":"LineString","coordinates":[[-122.101351,44.392558],[-122.099243,44.393161],[-122.098871,44.393806],[-122.096586,44.394416],[-122.095374,44.395521],[-122.093763,44.396037],[-122.092147,44.396984],[-122.091791,44.397706],[-122.090333,44.398388],[-122.089093,44.399738],[-122.088171,44.399839],[-122.086995,44.400703],[-122.085967,44.401083],[-122.084708,44.400976],[-122.083205,44.402587],[-122.08272,44.402683],[-122.080257,44.401308],[-122.077513,44.402806],[-122.075692,44.403055],[-122.074336,44.402381],[-122.072879,44.402935],[-122.07026,44.403182],[-122.069006,44.404318],[-122.065463,44.403572],[-122.063656,44.404427],[-122.06204,44.404325],[-122.059405,44.405188],[-122.056756,44.404953],[-122.05567,44.405288],[-122.055403,44.406511],[-122.053491,44.407435],[-122.053769,44.408432],[-122.052877,44.408918],[-122.051648,44.410427],[-122.049996,44.41111],[-122.048277,44.412146],[-122.047281,44.411711],[-122.04662,44.412195],[-122.044231,44.412038],[-122.042052,44.412576],[-122.041502,44.411671],[-122.040457,44.411783],[-122.038852,44.411164],[-122.037041,44.410862],[-122.036282,44.410241],[-122.03431,44.410388],[-122.03336,44.410119],[-122.031013,44.408937],[-122.029808,44.408811],[-122.029347,44.408034],[-122.028432,44.407614],[-122.028291,44.406658],[-122.029047,44.406353],[-122.02774,44.405172],[-122.028024,44.404184],[-122.02669,44.404003],[-122.024988,44.40223],[-122.023726,44.402315],[-122.021954,44.401567],[-122.020954,44.402144],[-122.020059,44.401894],[-122.01903,44.40227],[-122.018273,44.401144]]},"properties":{"OBJECTID":218,"fhdFtrID":210,"fhdRefID":53578,"fhdRevDt":"20190314","fhdONm":"Ed Hall","fhdOEnt":"USFS","fhdSpNm":"Brook trout","fhdRun":"NA","fhdLifeHst":"FluvRes","fhdUseTy":"Unknown","fhdBasis":"DocObsFish","fhdStNm":"Hackleman Creek","fhdGenus":"Salvelinus","fhdSp":"fontinalis","fhdSubSp":null,"fhdOrig":"NonNative","fhdProd":"Natural","fhdComment":null,"fhdESH":"NA","fhdBasisD":null,"fhdNMF":"no","fhdBasisDt":null,"fhdBasisNm":null,"fhdBasisEnt":null,"fhdBasisPrj":null,"fhdBasisMethod":null,"fhdAccess":null,"fhdBarrierFtrID":null,"fhdEndExtent":null,"Shape__Length":14348.464745278117,"habitatType":"stream"},"id":218},
{"type":"Feature","geometry":{"type":"LineString","coordinates":[[-121.9997,44.376145],[-122.001744,44.376108],[-122.003183,44.376675],[-122.003832,44.377832],[-122.003383,44.381288],[-122.004041,44.382384],[-122.005091,44.382756],[-122.008534,44.382769],[-122.009632,44.381585],[-122.01056,44.381015]]},"properties":{"OBJECTID":219,"fhdFtrID":211,"fhdRefID":53578,"fhdRevDt":"20190314","fhdONm":"Ed Hall","fhdOEnt":"USFS","fhdSpNm":"Brook trout","fhdRun":"NA","fhdLifeHst":"FluvRes","fhdUseTy":"Unknown","fhdBasis":"DocObsFish","fhdStNm":"Ikenick Creek","fhdGenus":"Salvelinus","fhdSp":"fontinalis","fhdSubSp":null,"fhdOrig":"NonNative","fhdProd":"Natural","fhdComment":null,"fhdESH":"NA","fhdBasisD":null,"fhdNMF":"no","fhdBasisDt":null,"fhdBasisNm":null,"fhdBasisEnt":null,"fhdBasisPrj":null,"fhdBasisMethod":null,"fhdAccess":null,"fhdBarrierFtrID":null,"fhdEndExtent":null,"Shape__Length":2347.6868372957715,"habitatType":"stream"},"id":219},
{"type":"Feature","geometry":{"type":"LineString","coordinates":[[-122.088524,44.378058],[-122.088434,44.378491],[-122.087031,44.379328],[-122.08655,44.381066],[-122.085556,44.381932],[-122.085884,44.386507],[-122.085195,44.387002],[-122.084921,44.389166],[-122.08454,44.390088],[-122.083241,44.391909],[-122.083927,44.392369],[-122.084394,44.394195],[-122.084187,44.394911],[-122.084615,44.39571],[-122.086759,44.396456],[-122.088322,44.397639],[-122.087753,44.399028],[-122.088171,44.399839]]},"properties":{"OBJECTID":220,"fhdFtrID":212,"fhdRefID":53578,"fhdRevDt":"20190314","fhdONm":"Ed Hall","fhdOEnt":"USFS","fhdSpNm":"Brook trout","fhdRun":"NA","fhdLifeHst":"FluvRes","fhdUseTy":"Unknown","fhdBasis":"DocObsFish","fhdStNm":"Unnamed trib to Hackleman Creek","fhdGenus":"Salvelinus","fhdSp":"fontinalis","fhdSubSp":null,"fhdOrig":"NonNative","fhdProd":"Natural","fhdComment":null,"fhdESH":"NA","fhdBasisD":null,"fhdNMF":"no","fhdBasisDt":null,"fhdBasisNm":null,"fhdBasisEnt":null,"fhdBasisPrj":null,"fhdBasisMethod":null,"fhdAccess":null,"fhdBarrierFtrID":null,"fhdEndExtent":null,"Shape__Length":4164.578698196362,"habitatType":"stream"},"id":220},
{"type":"Feature","geometry":{"type":"LineString","coordinates":[[-122.010764,44.43967],[-122.010804,44.440337],[-122.01161,44.442131],[-122.013804,44.443043],[-122.015086,44.444267],[-122.015303,44.445494],[-122.016574,44.446297],[-122.016203,44.447016],[-122.014907,44.447982],[-122.015328,44.448552],[-122.014745,44.450528],[-122.014019,44.451048],[-122.013734,44.451926],[-122.012912,44.452963],[-122.013698,44.453731],[-122.013127,44.455771],[-122.013519,44.458738],[-122.014171,44.459607],[-122.014973,44.459897],[-122.015372,44.460742],[-122.015233,44.461894],[-122.014594,44.463168],[-122.015078,44.463666],[-122.015329,44.464813],[-122.014013,44.466168],[-122.01424,44.467212],[-122.012865,44.468705],[-122.011739,44.46961],[-122.012803,44.471297],[-122.013602,44.473146],[-122.013638,44.474445],[-122.015816,44.474832],[-122.015646,44.475383],[-122.018367,44.475299],[-122.02019,44.476438],[-122.021461,44.476234],[-122.023828,44.477821],[-122.024099,44.479181],[-122.024895,44.479997],[-122.026161,44.479988],[-122.027163,44.480896],[-122.029248,44.481203],[-122.030758,44.481969]]},"properties":{"OBJECTID":221,"fhdFtrID":213,"fhdRefID":53578,"fhdRevDt":"20190314","fhdONm":"Ed Hall","fhdOEnt":"USFS","fhdSpNm":"Brook trout","fhdRun":"NA","fhdLifeHst":"FluvRes","fhdUseTy":"Unknown","fhdBasis":"DocObsFish","fhdStNm":"Park Creek","fhdGenus":"Salvelinus","fhdSp":"fontinalis","fhdSubSp":null,"fhdOrig":"NonNative","fhdProd":"Natural","fhdComment":null,"fhdESH":"NA","fhdBasisD":null,"fhdNMF":"no","fhdBasisDt":null,"fhdBasisNm":null,"fhdBasisEnt":null,"fhdBasisPrj":null,"fhdBasisMethod":"Hook and Line","fhdAccess":null,"fhdBarrierFtrID":null,"fhdEndExtent":null,"Shape__Length":9826.400859170444,"habitatType":"stream"},"id":221},
{"type":"Feature","geometry":{"type":"LineString","coordinates":[[-122.010764,44.43967],[-122.010454,44.437981],[-122.009505,44.435965],[-122.008102,44.432055],[-122.007979,44.431335],[-122.00854,44.430265],[-122.009924,44.429295],[-122.011129,44.428823]]},"properties":{"OBJECTID":222,"fhdFtrID":214,"fhdRefID":53578,"fhdRevDt":"20190314","fhdONm":"Ed Hall","fhdOEnt":"USFS","fhdSpNm":"Brook trout","fhdRun":"NA","fhdLifeHst":"FluvRes","fhdUseTy":"Unknown","fhdBasis":"DocObsFish","fhdStNm":"Lava Lake","fhdGenus":"Salvelinus","fhdSp":"fontinalis","fhdSubSp":null,"fhdOrig":"NonNative","fhdProd":"Natural","fhdComment":null,"fhdESH":"NA","fhdBasisD":null,"fhdNMF":"no","fhdBasisDt":null,"fhdBasisNm":null,"fhdBasisEnt":null,"fhdBasisPrj":null,"fhdBasisMethod":"Hook and Line","fhdAccess":null,"fhdBarrierFtrID":null,"fhdEndExtent":null,"Shape__Length":1906.5677466168456,"habitatType":"stream"},"id":222},
{"type":"Feature","geometry":{"type":"LineString","coordinates":[[-122.066284,43.863021],[-122.066282,43.861908],[-122.067579,43.86236],[-122.068299,43.86142],[-122.067723,43.860344],[-122.066427,43.85982],[-122.067291,43.859301],[-122.066044,43.858849],[-122.065516,43.858048],[-122.063788,43.857147],[-122.063212,43.856593],[-122.063692,43.855688],[-122.063213,43.855342],[-122.062925,43.853845],[-122.061965,43.852284],[-122.060094,43.850166],[-122.06019,43.849541],[-122.059567,43.848703],[-122.058655,43.848254],[-122.058655,43.847628],[-122.057792,43.846379],[-122.058176,43.845855],[-122.057457,43.844152],[-122.056449,43.843703],[-122.056161,43.84311],[-122.05669,43.841305],[-122.057314,43.840819],[-122.057411,43.83929],[-122.058227,43.838558],[-122.058469,43.835296],[-122.058085,43.834496],[-122.05823,43.83276],[-122.058807,43.831576],[-122.058326,43.83123],[-122.058471,43.830259],[-122.057992,43.828904],[-122.058185,43.828032],[-122.057609,43.826506],[-122.057994,43.824627],[-122.057322,43.823901],[-122.057084,43.819902],[-122.056749,43.819381],[-122.056942,43.818167],[-122.056846,43.816118],[-122.057903,43.814866],[-122.057999,43.814102],[-122.061214,43.811878],[-122.062604,43.810592],[-122.063516,43.808822],[-122.064139,43.808579],[-122.06481,43.807365],[-122.06481,43.80587],[-122.065242,43.803821],[-122.064715,43.803195],[-122.065434,43.801666],[-122.067592,43.799892],[-122.067496,43.798401],[-122.067064,43.79774],[-122.067448,43.796906],[-122.065914,43.796209],[-122.064187,43.79656],[-122.063372,43.796278],[-122.061981,43.796316],[-122.059631,43.795135],[-122.058816,43.794197],[-122.05848,43.792425],[-122.058816,43.790514],[-122.059727,43.788811],[-122.060399,43.788047],[-122.061837,43.788185],[-122.062461,43.787839],[-122.062653,43.786346],[-122.061406,43.7853],[-122.059391,43.78513],[-122.058576,43.784849],[-122.05824,43.784121],[-122.05848,43.783182],[-122.057569,43.782139],[-122.057713,43.781339],[-122.058577,43.780613],[-122.058577,43.778564],[-122.0592,43.777867],[-122.058577,43.775818],[-122.058577,43.774463],[-122.056515,43.772483],[-122.055077,43.770292],[-122.053975,43.768937],[-122.052872,43.768419],[-122.052575,43.767386]]},"properties":{"OBJECTID":223,"fhdFtrID":215,"fhdRefID":53578,"fhdRevDt":"20190314","fhdONm":"Ed Hall","fhdOEnt":"USFS","fhdSpNm":"Brook trout","fhdRun":"NA","fhdLifeHst":"FluvRes","fhdUseTy":"Unknown","fhdBasis":"DocObsFish","fhdStNm":"North Fork Middle Fork Willamette River","fhdGenus":"Salvelinus","fhdSp":"fontinalis","fhdSubSp":null,"fhdOrig":"NonNative","fhdProd":"Natural","fhdComment":null,"fhdESH":"NA","fhdBasisD":null,"fhdNMF":"no","fhdBasisDt":null,"fhdBasisNm":null,"fhdBasisEnt":null,"fhdBasisPrj":null,"fhdBasisMethod":null,"fhdAccess":null,"fhdBarrierFtrID":null,"fhdEndExtent":null,"Shape__Length":18830.83814626114,"habitatType":"stream"},"id":223},
{"type":"Feature","geometry":{"type":"LineString","coordinates":[[-122.052575,43.767386],[-122.052706,43.766329],[-122.050383,43.764027],[-122.049479,43.762192],[-122.048129,43.76056],[-122.044944,43.758966],[-122.041816,43.757945],[-122.040124,43.757242],[-122.037014,43.755127],[-122.033925,43.751684],[-122.03215,43.748058],[-122.032223,43.743503],[-122.035963,43.738974],[-122.040247,43.733122],[-122.04296,43.727256],[-122.043435,43.722133],[-122.042963,43.718901],[-122.043946,43.714731],[-122.047677,43.710585],[-122.055088,43.705519],[-122.056825,43.703255],[-122.057269,43.700031],[-122.057296,43.698271],[-122.056551,43.691525],[-122.055842,43.687679],[-122.056434,43.686775],[-122.05838,43.684715],[-122.059837,43.682508],[-122.061583,43.681127]]},"properties":{"OBJECTID":224,"fhdFtrID":216,"fhdRefID":53578,"fhdRevDt":"20190314","fhdONm":"Ed Hall","fhdOEnt":"USFS","fhdSpNm":"Brook trout","fhdRun":"NA","fhdLifeHst":"FluvRes","fhdUseTy":"Unknown","fhdBasis":"DocObsFish","fhdStNm":"Waldo Lake","fhdGenus":"Salvelinus","fhdSp":"fontinalis","fhdSubSp":null,"fhdOrig":"NonNative","fhdProd":"Natural","fhdComment":null,"fhdESH":"NA","fhdBasisD":null,"fhdNMF":"no","fhdBasisDt":null,"fhdBasisNm":null,"fhdBasisEnt":null,"fhdBasisPrj":null,"fhdBasisMethod":null,"fhdAccess":null,"fhdBarrierFtrID":null,"fhdEndExtent":null,"Shape__Length":15275.143753313765,"habitatType":"stream"},"id":224},
{"type":"Feature","geometry":{"type":"LineString","coordinates":[[-122.057792,43.846379],[-122.055824,43.845611],[-122.053904,43.84523],[-122.048961,43.845022],[-122.044354,43.844083],[-122.043089,43.844379]]},"properties":{"OBJECTID":225,"fhdFtrID":217,"fhdRefID":53578,"fhdRevDt":"20190314","fhdONm":"Ed Hall","fhdOEnt":"USFS","fhdSpNm":"Brook trout","fhdRun":"NA","fhdLifeHst":"FluvRes","fhdUseTy":"Unknown","fhdBasis":"DocObsFish","fhdStNm":"Unnamed trib to NF Middle Fork Willamette River","fhdGenus":"Salvelinus","fhdSp":"fontinalis","fhdSubSp":null,"fhdOrig":"NonNative","fhdProd":"Natural","fhdComment":null,"fhdESH":"NA","fhdBasisD":null,"fhdNMF":"no","fhdBasisDt":null,"fhdBasisNm":null,"fhdBasisEnt":null,"fhdBasisPrj":null,"fhdBasisMethod":null,"fhdAccess":null,"fhdBarrierFtrID":null,"fhdEndExtent":null,"Shape__Length":1722.000672757465,"habitatType":"stream"},"id":225},
{"type":"Feature","geometry":{"type":"LineString","coordinates":[[-122.436221,43.726541],[-122.435296,43.727146],[-122.433715,43.727701],[-122.431464,43.729126],[-122.429739,43.729058],[-122.429069,43.728781],[-122.426147,43.729302],[-122.422698,43.730135],[-122.421931,43.729159],[-122.420973,43.728951],[-122.418702,43.730603],[-122.414315,43.732078],[-122.412877,43.732737],[-122.410578,43.733188],[-122.40938,43.732214],[-122.408087,43.732041],[-122.405548,43.732735],[-122.404446,43.732841],[-122.40279,43.732589],[-122.400471,43.73256],[-122.398411,43.731275],[-122.397165,43.732385],[-122.395824,43.732175],[-122.394292,43.73124],[-122.392519,43.731689],[-122.391034,43.731479],[-122.389405,43.731655],[-122.386914,43.731304],[-122.385142,43.732208],[-122.383465,43.731965],[-122.382124,43.73085],[-122.380448,43.730643],[-122.378964,43.729739],[-122.376022,43.72826],[-122.374765,43.728347],[-122.373806,43.728833],[-122.372513,43.728659],[-122.368585,43.728835],[-122.366382,43.728144],[-122.364849,43.728283],[-122.362981,43.728075],[-122.361735,43.727451],[-122.361034,43.726682],[-122.359866,43.726095],[-122.356656,43.725473],[-122.353734,43.725367],[-122.351627,43.725022],[-122.350908,43.724676],[-122.349566,43.723425],[-122.348435,43.723114],[-122.347219,43.723146],[-122.344709,43.722538],[-122.342765,43.722454],[-122.341327,43.722001],[-122.34013,43.721309],[-122.338025,43.720676],[-122.333855,43.721133],[-122.331508,43.719674],[-122.330645,43.718391],[-122.330167,43.717208],[-122.327963,43.716862],[-122.326766,43.715126],[-122.326047,43.715509],[-122.324754,43.714989],[-122.322551,43.714606],[-122.321019,43.713877],[-122.319431,43.713701],[-122.316134,43.712276],[-122.315607,43.711584],[-122.312781,43.712346],[-122.311679,43.712277],[-122.308039,43.711264],[-122.306076,43.710888],[-122.304257,43.709949],[-122.303442,43.710435],[-122.301527,43.710121],[-122.300234,43.708943],[-122.298908,43.708183],[-122.2976,43.708558],[-122.294057,43.708455],[-122.291471,43.706994],[-122.289412,43.706441],[-122.286587,43.705257],[-122.286587,43.703969],[-122.286205,43.70331],[-122.284481,43.702547],[-122.282923,43.700516],[-122.28089,43.699278],[-122.277588,43.696741],[-122.276487,43.696603],[-122.274523,43.696951],[-122.273231,43.696114],[-122.271555,43.695523],[-122.270167,43.695455],[-122.268766,43.694693],[-122.268019,43.693402],[-122.266625,43.692637],[-122.264271,43.691892],[-122.262221,43.691492],[-122.260632,43.690207],[-122.260355,43.688675],[-122.258919,43.688396],[-122.25676,43.687684],[-122.254933,43.685799],[-122.253074,43.685657],[-122.250979,43.685098],[-122.25043,43.684473],[-122.249152,43.684258],[-122.247863,43.683088],[-122.246834,43.682475],[-122.24647,43.681273],[-122.244746,43.679087],[-122.244027,43.677696]]},"properties":{"OBJECTID":226,"fhdFtrID":218,"fhdRefID":53578,"fhdRevDt":"20190314","fhdONm":"Ed Hall","fhdOEnt":"USFS","fhdSpNm":"Brook trout","fhdRun":"NA","fhdLifeHst":"FluvRes","fhdUseTy":"Unknown","fhdBasis":"IndivProfOpinion","fhdStNm":"Salt Creek","fhdGenus":"Salvelinus","fhdSp":"fontinalis","fhdSubSp":null,"fhdOrig":"NonNative","fhdProd":"Natural","fhdComment":null,"fhdESH":"NA","fhdBasisD":null,"fhdNMF":"no","fhdBasisDt":null,"fhdBasisNm":null,"fhdBasisEnt":null,"fhdBasisPrj":null,"fhdBasisMethod":null,"fhdAccess":null,"fhdBarrierFtrID":null,"fhdEndExtent":null,"Shape__Length":26679.005079795275,"habitatType":"stream"},"id":226},
{"type":"Feature","geometry":{"type":"LineString","coordinates":[[-122.086576,43.615632],[-122.086263,43.614796],[-122.085798,43.610551],[-122.086229,43.608813],[-122.086946,43.607913],[-122.087615,43.607739],[-122.089623,43.606175],[-122.08948,43.605165],[-122.091153,43.604575],[-122.091583,43.603602],[-122.092873,43.603256],[-122.092921,43.602698],[-122.092204,43.601761],[-122.092778,43.600406],[-122.093399,43.599816],[-122.093018,43.598404]]},"properties":{"OBJECTID":227,"fhdFtrID":219,"fhdRefID":53578,"fhdRevDt":"20190314","fhdONm":"Ed Hall","fhdOEnt":"USFS","fhdSpNm":"Brook trout","fhdRun":"NA","fhdLifeHst":"FluvRes","fhdUseTy":"Unknown","fhdBasis":"DocObsFish","fhdStNm":"Deer Creek","fhdGenus":"Salvelinus","fhdSp":"fontinalis","fhdSubSp":null,"fhdOrig":"NonNative","fhdProd":"Natural","fhdComment":null,"fhdESH":"NA","fhdBasisD":null,"fhdNMF":"no","fhdBasisDt":null,"fhdBasisNm":null,"fhdBasisEnt":null,"fhdBasisPrj":null,"fhdBasisMethod":"Electrofishing","fhdAccess":null,"fhdBarrierFtrID":null,"fhdEndExtent":null,"Shape__Length":3153.0033686747415,"habitatType":"stream"},"id":227},
{"type":"Feature","geometry":{"type":"LineString","coordinates":[[-122.461063,43.739829],[-122.458934,43.740482],[-122.457035,43.741397],[-122.454827,43.74165],[-122.452668,43.742212],[-122.449174,43.743508],[-122.448225,43.743616],[-122.447295,43.744173],[-122.446411,43.745208],[-122.445079,43.745022],[-122.44261,43.745307],[-122.435483,43.746636],[-122.433858,43.746534],[-122.432852,43.747019],[-122.431271,43.747264],[-122.430073,43.748131],[-122.427467,43.747488],[-122.426113,43.747769],[-122.425042,43.748619],[-122.422909,43.74923],[-122.419916,43.748476],[-122.419073,43.748557],[-122.417477,43.749544],[-122.415075,43.749626],[-122.41206,43.750595],[-122.410924,43.750681],[-122.408912,43.750338],[-122.407182,43.75094],[-122.406031,43.752537],[-122.404545,43.752921],[-122.400998,43.752606],[-122.399559,43.754448],[-122.39836,43.754897],[-122.396922,43.755002],[-122.394238,43.754722],[-122.391936,43.755488],[-122.390546,43.755693],[-122.389683,43.757156],[-122.388867,43.757606],[-122.386239,43.756651],[-122.38393,43.757255],[-122.38345,43.757915],[-122.383689,43.759442],[-122.381675,43.760521],[-122.379518,43.760621],[-122.377504,43.761385],[-122.373926,43.761559],[-122.37177,43.762988],[-122.371291,43.764376],[-122.369737,43.765443],[-122.368585,43.767098],[-122.368054,43.767464],[-122.366164,43.767886],[-122.365062,43.768861],[-122.365158,43.769488],[-122.365974,43.770181],[-122.366119,43.771987],[-122.365257,43.772788],[-122.361997,43.774211],[-122.361471,43.776229],[-122.358894,43.777948],[-122.358308,43.778728],[-122.355883,43.779435],[-122.35361,43.780435],[-122.351596,43.780504],[-122.350349,43.780263],[-122.349246,43.780401],[-122.346704,43.77936],[-122.34517,43.779707],[-122.343252,43.779534],[-122.342341,43.779952],[-122.340855,43.781096],[-122.340711,43.782315],[-122.339417,43.78287],[-122.335774,43.785127],[-122.334815,43.786972],[-122.335281,43.788109],[-122.335225,43.789185],[-122.334672,43.789438],[-122.333238,43.789272],[-122.330806,43.789843],[-122.329349,43.791347],[-122.327815,43.791455],[-122.326616,43.791903],[-122.323642,43.792668],[-122.322252,43.792845],[-122.321053,43.793711],[-122.319595,43.795156],[-122.31784,43.795033],[-122.315058,43.79413],[-122.31338,43.793818],[-122.312564,43.793957],[-122.31121,43.795646],[-122.308536,43.797012],[-122.305466,43.797255],[-122.302963,43.797113],[-122.301773,43.796075],[-122.29928,43.794682],[-122.296978,43.794754],[-122.29482,43.794299],[-122.293093,43.794648],[-122.289941,43.794981],[-122.287962,43.793707],[-122.284365,43.79364],[-122.283023,43.793258],[-122.281472,43.791569],[-122.279904,43.790798],[-122.277638,43.789409],[-122.276407,43.789295],[-122.273385,43.790162],[-122.268014,43.789952],[-122.266576,43.789709],[-122.265808,43.789254],[-122.260358,43.787422],[-122.260086,43.786381],[-122.259529,43.785778],[-122.257324,43.785116],[-122.255617,43.783979],[-122.253968,43.783203],[-122.250279,43.782612],[-122.249273,43.783897],[-122.247643,43.785322],[-122.246398,43.786714],[-122.244576,43.787409],[-122.243761,43.788416],[-122.241747,43.788002],[-122.238391,43.788421],[-122.235465,43.787902],[-122.233066,43.785815],[-122.232203,43.785818],[-122.231292,43.785263],[-122.229997,43.784984],[-122.228031,43.785227],[-122.225682,43.786341],[-122.224435,43.786342],[-122.222805,43.786722],[-122.221942,43.787455],[-122.220456,43.787454],[-122.218394,43.787768],[-122.216859,43.787766],[-122.215037,43.789852],[-122.213599,43.790616],[-122.212113,43.79107],[-122.210243,43.790512],[-122.208564,43.791068],[-122.206311,43.790863],[-122.205207,43.790513],[-122.202426,43.790584],[-122.200219,43.789402],[-122.197822,43.790029],[-122.193698,43.78968],[-122.192068,43.788813],[-122.189909,43.788397],[-122.187848,43.78746],[-122.183916,43.786275],[-122.182717,43.785685],[-122.180799,43.783358],[-122.180655,43.782663],[-122.179696,43.781342],[-122.178018,43.779641],[-122.177635,43.778842],[-122.175956,43.777556],[-122.174375,43.775712],[-122.173224,43.774916],[-122.172362,43.773698],[-122.170875,43.773422],[-122.169389,43.772623],[-122.167807,43.772202],[-122.163396,43.771576],[-122.160663,43.771925],[-122.159177,43.771648],[-122.156301,43.771505],[-122.152418,43.770256],[-122.151363,43.770325],[-122.150309,43.769282],[-122.148104,43.768761],[-122.144269,43.767265],[-122.142926,43.767124],[-122.140962,43.765385],[-122.140052,43.765005],[-122.137033,43.762812],[-122.134829,43.761039],[-122.13435,43.759131],[-122.133728,43.758505],[-122.13138,43.75774],[-122.130565,43.756834],[-122.130566,43.756001],[-122.129512,43.755029],[-122.128122,43.754609],[-122.12578,43.75447],[-122.122329,43.754749],[-122.120316,43.75409],[-122.119068,43.75291],[-122.119163,43.750133],[-122.11859,43.749331],[-122.116146,43.748363],[-122.114324,43.747425],[-122.113126,43.747493],[-122.112073,43.748362],[-122.11068,43.750693],[-122.110584,43.752218],[-122.11025,43.75326],[-122.108669,43.754585],[-122.106654,43.754708]]},"properties":{"OBJECTID":228,"fhdFtrID":220,"fhdRefID":53578,"fhdRevDt":"20190314","fhdONm":"Ed Hall","fhdOEnt":"USFS","fhdSpNm":"Brook trout","fhdRun":"NA","fhdLifeHst":"FluvRes","fhdUseTy":"Unknown","fhdBasis":"DocObsFish","fhdStNm":"Salmon Creek","fhdGenus":"Salvelinus","fhdSp":"fontinalis","fhdSubSp":null,"fhdOrig":"NonNative","fhdProd":"Natural","fhdComment":null,"fhdESH":"NA","fhdBasisD":null,"fhdNMF":"no","fhdBasisDt":null,"fhdBasisNm":null,"fhdBasisEnt":null,"fhdBasisPrj":null,"fhdBasisMethod":null,"fhdAccess":null,"fhdBarrierFtrID":null,"fhdEndExtent":null,"Shape__Length":51273.17715231364,"habitatType":"stream"},"id":228},
{"type":"Feature","geometry":{"type":"LineString","coordinates":[[-122.250279,43.782612],[-122.248696,43.782372],[-122.24721,43.782443],[-122.244812,43.781887],[-122.243326,43.782165],[-122.24016,43.78182],[-122.239057,43.781263],[-122.237235,43.781332],[-122.235461,43.78064],[-122.235173,43.779842],[-122.234405,43.779179],[-122.233254,43.77887],[-122.231048,43.777063],[-122.230184,43.775846],[-122.229081,43.77529],[-122.228217,43.772965],[-122.228312,43.772236],[-122.227449,43.77102],[-122.227783,43.769766],[-122.227544,43.7689],[-122.225961,43.767336],[-122.226295,43.76633],[-122.225672,43.765601],[-122.225288,43.764351],[-122.224473,43.763688],[-122.224329,43.762994],[-122.22313,43.762545],[-122.222459,43.76136],[-122.222794,43.760773],[-122.221691,43.760459],[-122.221595,43.75959],[-122.2203,43.758374],[-122.218718,43.758062],[-122.218478,43.756012],[-122.219292,43.755005],[-122.218812,43.753615],[-122.219099,43.752644],[-122.218571,43.751394],[-122.218475,43.750141],[-122.219254,43.749449],[-122.219206,43.748647],[-122.218056,43.7475],[-122.218055,43.747086],[-122.216474,43.746215],[-122.214462,43.746391],[-122.212449,43.744792],[-122.211731,43.743752],[-122.210628,43.742884],[-122.211059,43.741874],[-122.211921,43.741286],[-122.211346,43.740278],[-122.211585,43.739059],[-122.210244,43.738924],[-122.209381,43.738121],[-122.209381,43.737532],[-122.208375,43.736246],[-122.208327,43.734859],[-122.207847,43.734338],[-122.206602,43.734023],[-122.20526,43.732078],[-122.204014,43.731038],[-122.203775,43.729263],[-122.203295,43.728499],[-122.202098,43.728256],[-122.202194,43.726731],[-122.200565,43.724959],[-122.198266,43.724367],[-122.196589,43.723463],[-122.192135,43.723463],[-122.189692,43.722942],[-122.189069,43.722631],[-122.186818,43.722768],[-122.186579,43.72183],[-122.185381,43.722353],[-122.18404,43.721416],[-122.182507,43.72086],[-122.182364,43.720161],[-122.180735,43.720267],[-122.179634,43.719781],[-122.179634,43.718913],[-122.178341,43.718359],[-122.178437,43.717661],[-122.179538,43.716967],[-122.178772,43.715854],[-122.177623,43.715161],[-122.176856,43.7153],[-122.17542,43.714016],[-122.173553,43.714466],[-122.172307,43.71443],[-122.16977,43.713178],[-122.16862,43.712971],[-122.167854,43.711615],[-122.165747,43.71047],[-122.164694,43.710466],[-122.163784,43.709739],[-122.16273,43.709601],[-122.16048,43.708869],[-122.160001,43.708383],[-122.158948,43.708452],[-122.158086,43.707338],[-122.15641,43.707132],[-122.1555,43.70654],[-122.155022,43.705601],[-122.15392,43.705948],[-122.152867,43.704734],[-122.150569,43.703933],[-122.149133,43.704625],[-122.14827,43.704173],[-122.147697,43.703236],[-122.146261,43.701848],[-122.144872,43.701532],[-122.142287,43.701773],[-122.14085,43.700907],[-122.13994,43.700734],[-122.139222,43.701255],[-122.137881,43.701497],[-122.136732,43.701322],[-122.135822,43.701842],[-122.133812,43.7008],[-122.132375,43.700487],[-122.131801,43.700834],[-122.129214,43.701075],[-122.128161,43.701491],[-122.126725,43.701002],[-122.125214,43.701666],[-122.124352,43.701317],[-122.121862,43.702221],[-122.120761,43.702222],[-122.119229,43.702746],[-122.113722,43.702991],[-122.112764,43.702191],[-122.110034,43.701706],[-122.108407,43.702193],[-122.106874,43.701533],[-122.105006,43.701428],[-122.103665,43.700977],[-122.103186,43.700491],[-122.100648,43.700043],[-122.098637,43.699415],[-122.097199,43.698481],[-122.094949,43.697783]]},"properties":{"OBJECTID":229,"fhdFtrID":221,"fhdRefID":53578,"fhdRevDt":"20190314","fhdONm":"Ed Hall","fhdOEnt":"USFS","fhdSpNm":"Brook trout","fhdRun":"NA","fhdLifeHst":"FluvRes","fhdUseTy":"Unknown","fhdBasis":"DocObsFish","fhdStNm":"Black Creek","fhdGenus":"Salvelinus","fhdSp":"fontinalis","fhdSubSp":null,"fhdOrig":"NonNative","fhdProd":"Natural","fhdComment":null,"fhdESH":"NA","fhdBasisD":null,"fhdNMF":"no","fhdBasisDt":null,"fhdBasisNm":null,"fhdBasisEnt":null,"fhdBasisPrj":null,"fhdBasisMethod":null,"fhdAccess":null,"fhdBarrierFtrID":null,"fhdEndExtent":null,"Shape__Length":28236.32860369057,"habitatType":"stream"},"id":229},
{"type":"Feature","geometry":{"type":"LineString","coordinates":[[-122.323642,43.792668],[-122.325082,43.795311],[-122.326185,43.796388],[-122.327768,43.79715],[-122.32959,43.797534],[-122.331029,43.798227],[-122.333044,43.799859],[-122.334819,43.802742],[-122.336402,43.803958],[-122.336624,43.804598]]},"properties":{"OBJECTID":230,"fhdFtrID":222,"fhdRefID":53578,"fhdRevDt":"20190314","fhdONm":"Ed Hall","fhdOEnt":"USFS","fhdSpNm":"Brook trout","fhdRun":"NA","fhdLifeHst":"FluvRes","fhdUseTy":"Unknown","fhdBasis":"DocObsFish","fhdStNm":"Eagle Butte Creek","fhdGenus":"Salvelinus","fhdSp":"fontinalis","fhdSubSp":null,"fhdOrig":"NonNative","fhdProd":"Natural","fhdComment":null,"fhdESH":"NA","fhdBasisD":null,"fhdNMF":"no","fhdBasisDt":null,"fhdBasisNm":null,"fhdBasisEnt":null,"fhdBasisPrj":null,"fhdBasisMethod":null,"fhdAccess":null,"fhdBarrierFtrID":null,"fhdEndExtent":null,"Shape__Length":2451.142865557815,"habitatType":"stream"},"id":230},
{"type":"Feature","geometry":{"type":"LineString","coordinates":[[-122.31121,43.795646],[-122.311845,43.795902],[-122.312181,43.797048],[-122.312036,43.799307],[-122.312277,43.800384],[-122.311797,43.80139],[-122.311941,43.802399],[-122.311222,43.803403],[-122.311365,43.804795],[-122.311797,43.805383],[-122.311317,43.809031],[-122.309543,43.811776],[-122.308102,43.815008],[-122.306711,43.815671],[-122.304456,43.815666],[-122.302201,43.817021],[-122.303015,43.819421],[-122.300711,43.820672],[-122.298744,43.820984],[-122.297017,43.820842],[-122.295049,43.821713],[-122.293993,43.822895],[-122.293319,43.825358],[-122.292599,43.826159],[-122.289911,43.82779],[-122.287221,43.830708],[-122.285589,43.831612],[-122.28458,43.832965],[-122.284626,43.835712],[-122.284336,43.837587],[-122.283375,43.839044],[-122.281646,43.840226],[-122.278093,43.841753],[-122.275596,43.842448],[-122.273724,43.842724],[-122.272187,43.843421],[-122.269978,43.844983],[-122.268634,43.845433],[-122.267098,43.845329],[-122.265946,43.844808],[-122.262731,43.84463],[-122.260475,43.844733],[-122.259131,43.84435],[-122.257301,43.843503]]},"properties":{"OBJECTID":231,"fhdFtrID":223,"fhdRefID":53578,"fhdRevDt":"20190314","fhdONm":"Ed Hall","fhdOEnt":"USFS","fhdSpNm":"Brook trout","fhdRun":"NA","fhdLifeHst":"FluvRes","fhdUseTy":"Unknown","fhdBasis":"DocObsFish","fhdStNm":"Wall Creek","fhdGenus":"Salvelinus","fhdSp":"fontinalis","fhdSubSp":null,"fhdOrig":"NonNative","fhdProd":"Natural","fhdComment":null,"fhdESH":"NA","fhdBasisD":null,"fhdNMF":"no","fhdBasisDt":null,"fhdBasisNm":null,"fhdBasisEnt":null,"fhdBasisPrj":null,"fhdBasisMethod":null,"fhdAccess":null,"fhdBarrierFtrID":null,"fhdEndExtent":null,"Shape__Length":11782.256847629116,"habitatType":"stream"},"id":231},
{"type":"Feature","geometry":{"type":"LineString","coordinates":[[-122.279904,43.790798],[-122.278775,43.792357],[-122.278275,43.794227],[-122.278417,43.796105],[-122.278034,43.796868],[-122.278513,43.798433],[-122.277456,43.800029],[-122.277456,43.801767],[-122.276832,43.803573],[-122.276687,43.804684],[-122.275728,43.806141],[-122.275343,43.807152],[-122.274047,43.808611],[-122.273471,43.809962],[-122.273182,43.812153],[-122.272605,43.813401],[-122.271548,43.814929],[-122.271548,43.815627],[-122.272745,43.816841],[-122.274471,43.818023],[-122.27447,43.819621],[-122.273124,43.821462],[-122.27178,43.822611],[-122.267651,43.824691],[-122.266162,43.825906]]},"properties":{"OBJECTID":232,"fhdFtrID":224,"fhdRefID":53578,"fhdRevDt":"20190314","fhdONm":"Ed Hall","fhdOEnt":"USFS","fhdSpNm":"Brook trout","fhdRun":"NA","fhdLifeHst":"FluvRes","fhdUseTy":"Unknown","fhdBasis":"DocObsFish","fhdStNm":"Moss Creek","fhdGenus":"Salvelinus","fhdSp":"fontinalis","fhdSubSp":null,"fhdOrig":"NonNative","fhdProd":"Natural","fhdComment":null,"fhdESH":"NA","fhdBasisD":null,"fhdNMF":"no","fhdBasisDt":null,"fhdBasisNm":null,"fhdBasisEnt":null,"fhdBasisPrj":null,"fhdBasisMethod":null,"fhdAccess":null,"fhdBarrierFtrID":null,"fhdEndExtent":null,"Shape__Length":6182.867528336753,"habitatType":"stream"},"id":232},
{"type":"Feature","geometry":{"type":"LineString","coordinates":[[-122.247643,43.785322],[-122.248987,43.787375],[-122.248893,43.788347],[-122.247694,43.789217],[-122.246449,43.790847],[-122.246402,43.792202],[-122.244916,43.794011],[-122.244677,43.794878],[-122.244825,43.800646],[-122.245017,43.801377],[-122.244155,43.802524],[-122.242573,43.803463],[-122.242765,43.804711],[-122.242334,43.805929],[-122.242431,43.807181],[-122.241952,43.808636],[-122.239076,43.810863],[-122.237302,43.813053],[-122.235289,43.815101],[-122.234091,43.817776],[-122.23294,43.819448],[-122.231968,43.820371]]},"properties":{"OBJECTID":233,"fhdFtrID":225,"fhdRefID":53578,"fhdRevDt":"20190314","fhdONm":"Ed Hall","fhdOEnt":"USFS","fhdSpNm":"Brook trout","fhdRun":"NA","fhdLifeHst":"FluvRes","fhdUseTy":"Unknown","fhdBasis":"DocObsFish","fhdStNm":"Mule Creek","fhdGenus":"Salvelinus","fhdSp":"fontinalis","fhdSubSp":null,"fhdOrig":"NonNative","fhdProd":"Natural","fhdComment":null,"fhdESH":"NA","fhdBasisD":null,"fhdNMF":"no","fhdBasisDt":null,"fhdBasisNm":null,"fhdBasisEnt":null,"fhdBasisPrj":null,"fhdBasisMethod":null,"fhdAccess":null,"fhdBarrierFtrID":null,"fhdEndExtent":null,"Shape__Length":6097.684321097449,"habitatType":"stream"},"id":233},
{"type":"Feature","geometry":{"type":"LineString","coordinates":[[-122.387293,43.489325],[-122.386858,43.488836],[-122.384619,43.487851],[-122.382902,43.487527],[-122.379484,43.488017],[-122.37783,43.487662],[-122.374984,43.487817],[-122.373528,43.487548],[-122.371781,43.487818],[-122.369928,43.487646],[-122.367191,43.487045],[-122.364331,43.487119],[-122.36347,43.487907],[-122.362071,43.488061],[-122.362074,43.488926],[-122.360927,43.489248],[-122.358651,43.489082],[-122.357294,43.488286],[-122.356135,43.488478],[-122.355394,43.48905],[-122.351986,43.489107],[-122.349993,43.488921],[-122.347934,43.490656],[-122.346332,43.491079],[-122.343388,43.491089],[-122.341007,43.491723],[-122.33752,43.491068],[-122.336006,43.491001],[-122.335084,43.491275],[-122.334781,43.492183],[-122.33376,43.492762],[-122.332658,43.492863],[-122.332229,43.492109],[-122.331036,43.4923],[-122.329784,43.493333],[-122.329461,43.494538],[-122.32886,43.495218],[-122.327496,43.495971],[-122.326167,43.495986],[-122.32522,43.495584],[-122.324472,43.496165],[-122.323455,43.49633],[-122.321859,43.497437],[-122.319266,43.498142],[-122.317808,43.499106],[-122.318169,43.499972],[-122.317168,43.500723],[-122.315499,43.500911],[-122.314227,43.500804],[-122.313069,43.500347],[-122.311386,43.500436],[-122.310375,43.500151],[-122.308853,43.500132],[-122.307699,43.500864],[-122.304837,43.500927],[-122.303719,43.501272],[-122.302846,43.501969],[-122.301571,43.501997],[-122.300759,43.501596],[-122.299182,43.502144],[-122.297792,43.501717],[-122.29628,43.502473],[-122.29254,43.503166],[-122.291027,43.503859],[-122.289436,43.503804],[-122.288879,43.503395],[-122.286572,43.502931],[-122.283946,43.502874],[-122.281719,43.50137],[-122.279889,43.500674],[-122.278855,43.499861],[-122.277309,43.499514],[-122.275958,43.498645],[-122.27564,43.497775],[-122.27421,43.497135],[-122.270237,43.496844],[-122.268965,43.495859],[-122.267296,43.495047],[-122.264753,43.494297],[-122.263322,43.492788],[-122.263084,43.491166],[-122.262528,43.490469],[-122.261971,43.488849],[-122.261415,43.488387],[-122.259666,43.486011],[-122.259429,43.485371],[-122.257442,43.483868],[-122.256885,43.482302],[-122.255773,43.481606],[-122.254581,43.479576],[-122.251483,43.478705],[-122.25058,43.478186],[-122.24891,43.477896],[-122.245089,43.475755],[-122.244134,43.47506],[-122.242782,43.475064],[-122.2396,43.47408],[-122.238328,43.474022],[-122.236339,43.473094],[-122.235065,43.472285],[-122.232679,43.472287],[-122.231725,43.471938],[-122.231645,43.471303],[-122.23061,43.47049],[-122.230291,43.469565],[-122.22862,43.467771],[-122.224484,43.465919],[-122.22353,43.465917],[-122.221302,43.464934],[-122.220029,43.46285],[-122.218676,43.4614],[-122.21796,43.461287],[-122.217324,43.460419],[-122.21772,43.458449],[-122.217163,43.456942],[-122.217481,43.456188],[-122.216447,43.455726],[-122.215174,43.454047],[-122.21406,43.45335],[-122.212947,43.452195],[-122.211516,43.451266],[-122.210482,43.450053],[-122.209369,43.449415],[-122.208096,43.449415],[-122.206984,43.448196],[-122.203486,43.448023],[-122.202532,43.447274],[-122.201101,43.446633],[-122.19808,43.446171],[-122.196808,43.44374],[-122.195378,43.442694],[-122.192675,43.442522],[-122.19188,43.441423],[-122.189894,43.440612],[-122.189257,43.440612],[-122.18743,43.438352],[-122.186078,43.437483],[-122.18425,43.437195],[-122.184171,43.436501],[-122.182819,43.435397],[-122.181626,43.433836],[-122.179719,43.433196],[-122.179718,43.431805],[-122.177096,43.431863],[-122.175346,43.429432],[-122.174472,43.42926],[-122.17471,43.428329],[-122.172881,43.42584],[-122.171371,43.426131],[-122.169544,43.425262],[-122.168431,43.424448],[-122.167875,43.423408],[-122.166921,43.422595],[-122.167079,43.421957],[-122.165966,43.420743],[-122.165092,43.420394],[-122.164933,43.4197],[-122.16382,43.418832],[-122.161992,43.418656],[-122.161198,43.419582],[-122.15945,43.419002],[-122.158497,43.419234],[-122.157702,43.418715],[-122.156908,43.417669],[-122.151902,43.416452],[-122.151027,43.415987],[-122.148565,43.415698],[-122.146896,43.41587],[-122.145942,43.415638],[-122.141652,43.415408],[-122.138554,43.415812],[-122.136964,43.415868],[-122.134978,43.416272],[-122.13331,43.416966],[-122.131879,43.417023],[-122.12894,43.416501],[-122.12751,43.415805],[-122.126477,43.414645],[-122.126041,43.413003],[-122.1242,43.411476],[-122.123563,43.411232],[-122.121959,43.411387],[-122.120354,43.411154],[-122.118864,43.410566],[-122.117513,43.410497],[-122.116717,43.411126],[-122.114516,43.411433],[-122.112926,43.410948],[-122.112573,43.409851]]},"properties":{"OBJECTID":234,"fhdFtrID":226,"fhdRefID":53578,"fhdRevDt":"20190314","fhdONm":"Ed Hall","fhdOEnt":"USFS","fhdSpNm":"Brook trout","fhdRun":"NA","fhdLifeHst":"FluvRes","fhdUseTy":"Unknown","fhdBasis":"DocObsFish","fhdStNm":"Middle Fork Willamette River","fhdGenus":"Salvelinus","fhdSp":"fontinalis","fhdSubSp":null,"fhdOrig":"NonNative","fhdProd":"Natural","fhdComment":null,"fhdESH":"NA","fhdBasisD":null,"fhdNMF":"no","fhdBasisDt":null,"fhdBasisNm":null,"fhdBasisEnt":null,"fhdBasisPrj":null,"fhdBasisMethod":"Electrofishing","fhdAccess":null,"fhdBarrierFtrID":null,"fhdEndExtent":null,"Shape__Length":42234.017370005306,"habitatType":"stream"},"id":234},
{"type":"Feature","geometry":{"type":"LineString","coordinates":[[-122.299182,43.502144],[-122.298746,43.504096],[-122.297552,43.506583],[-122.296756,43.507339],[-122.296039,43.509077],[-122.295879,43.510233],[-122.294526,43.510638],[-122.293412,43.511392],[-122.293093,43.512201],[-122.290465,43.514057],[-122.289987,43.514865],[-122.288634,43.51614],[-122.287439,43.517879],[-122.286643,43.518284],[-122.286403,43.519385],[-122.284731,43.51996],[-122.284014,43.520658],[-122.28298,43.520715],[-122.281785,43.521351],[-122.280908,43.523088],[-122.279555,43.523376],[-122.27828,43.524534],[-122.277881,43.525869],[-122.276686,43.526739],[-122.276208,43.527605],[-122.273421,43.527664],[-122.272545,43.528473],[-122.272783,43.52969],[-122.271189,43.531427],[-122.268959,43.532818],[-122.266967,43.53357],[-122.265215,43.534437],[-122.264259,43.534552],[-122.262746,43.535303],[-122.260515,43.535708],[-122.259479,43.536403],[-122.257965,43.537852],[-122.255016,43.539184],[-122.253981,43.539123],[-122.253423,43.539646],[-122.251192,43.540514],[-122.250262,43.541557],[-122.249069,43.541963],[-122.248591,43.542482],[-122.24668,43.543005],[-122.244132,43.543353],[-122.243177,43.543761],[-122.242063,43.54492],[-122.240312,43.545732],[-122.240153,43.546483],[-122.238641,43.547585],[-122.23689,43.548514],[-122.236332,43.548398],[-122.235377,43.549265],[-122.233307,43.549962],[-122.232112,43.549905],[-122.230839,43.551238],[-122.229088,43.552338],[-122.228211,43.552454],[-122.226062,43.554195],[-122.225745,43.555526],[-122.225107,43.556278],[-122.225029,43.557263],[-122.223117,43.558133],[-122.221364,43.558251],[-122.218338,43.55941],[-122.217621,43.560161],[-122.21571,43.561265],[-122.214356,43.561382],[-122.21324,43.560973],[-122.21117,43.562076],[-122.210213,43.562249],[-122.209257,43.563003],[-122.207745,43.563524],[-122.206868,43.56341],[-122.205036,43.56428],[-122.20432,43.565202],[-122.202727,43.565844],[-122.201771,43.566535],[-122.200417,43.56671]]},"properties":{"OBJECTID":235,"fhdFtrID":227,"fhdRefID":53578,"fhdRevDt":"20190314","fhdONm":"Ed Hall","fhdOEnt":"USFS","fhdSpNm":"Brook trout","fhdRun":"NA","fhdLifeHst":"FluvRes","fhdUseTy":"Unknown","fhdBasis":"DocObsFish","fhdStNm":"Swift Creek","fhdGenus":"Salvelinus","fhdSp":"fontinalis","fhdSubSp":null,"fhdOrig":"NonNative","fhdProd":"Natural","fhdComment":null,"fhdESH":"NA","fhdBasisD":null,"fhdNMF":"no","fhdBasisDt":null,"fhdBasisNm":null,"fhdBasisEnt":null,"fhdBasisPrj":null,"fhdBasisMethod":null,"fhdAccess":null,"fhdBarrierFtrID":null,"fhdEndExtent":null,"Shape__Length":16975.759804315465,"habitatType":"stream"},"id":235},
{"type":"Feature","geometry":{"type":"LineString","coordinates":[[-122.243177,43.543761],[-122.239116,43.544342],[-122.23617,43.545038],[-122.232506,43.544923],[-122.232188,43.545214],[-122.228525,43.546432],[-122.227729,43.546431],[-122.225101,43.546548],[-122.224224,43.546781],[-122.222393,43.546665],[-122.220641,43.547072],[-122.218331,43.548114],[-122.217774,43.548578],[-122.217854,43.549389],[-122.21674,43.550836],[-122.215705,43.551707],[-122.213793,43.552054],[-122.211484,43.553037]]},"properties":{"OBJECTID":236,"fhdFtrID":228,"fhdRefID":53578,"fhdRevDt":"20190314","fhdONm":"Ed Hall","fhdOEnt":"USFS","fhdSpNm":"Brook trout","fhdRun":"NA","fhdLifeHst":"FluvRes","fhdUseTy":"Unknown","fhdBasis":"DocObsFish","fhdStNm":"Bear Creek","fhdGenus":"Salvelinus","fhdSp":"fontinalis","fhdSubSp":null,"fhdOrig":"NonNative","fhdProd":"Natural","fhdComment":null,"fhdESH":"NA","fhdBasisD":null,"fhdNMF":"no","fhdBasisDt":null,"fhdBasisNm":null,"fhdBasisEnt":null,"fhdBasisPrj":null,"fhdBasisMethod":null,"fhdAccess":null,"fhdBarrierFtrID":null,"fhdEndExtent":null,"Shape__Length":4244.464197467729,"habitatType":"stream"},"id":236},
{"type":"Feature","geometry":{"type":"LineString","coordinates":[[-122.211484,43.553037],[-122.208855,43.553096],[-122.206067,43.552401],[-122.204792,43.551303],[-122.202482,43.550724],[-122.200172,43.549506],[-122.199295,43.547888],[-122.198419,43.547193],[-122.19826,43.546552],[-122.196348,43.54522]]},"properties":{"OBJECTID":237,"fhdFtrID":229,"fhdRefID":53578,"fhdRevDt":"20190314","fhdONm":"Ed Hall","fhdOEnt":"USFS","fhdSpNm":"Brook trout","fhdRun":"NA","fhdLifeHst":"FluvRes","fhdUseTy":"Unknown","fhdBasis":"DocObsFish","fhdStNm":"Unnamed trib to Bear Creek","fhdGenus":"Salvelinus","fhdSp":"fontinalis","fhdSubSp":null,"fhdOrig":"NonNative","fhdProd":"Natural","fhdComment":null,"fhdESH":"NA","fhdBasisD":null,"fhdNMF":"no","fhdBasisDt":null,"fhdBasisNm":null,"fhdBasisEnt":null,"fhdBasisPrj":null,"fhdBasisMethod":null,"fhdAccess":null,"fhdBarrierFtrID":null,"fhdEndExtent":null,"Shape__Length":2274.495275666155,"habitatType":"stream"},"id":237},
{"type":"Feature","geometry":{"type":"LineString","coordinates":[[-122.227729,43.546431],[-122.22725,43.545676],[-122.225577,43.544346],[-122.224143,43.543998],[-122.222708,43.543074],[-122.221196,43.543132],[-122.21992,43.542146],[-122.219522,43.54145],[-122.217769,43.540583],[-122.21753,43.539541],[-122.214662,43.537572],[-122.214343,43.535895],[-122.212908,43.533404],[-122.211713,43.532419],[-122.208449,43.532941],[-122.207573,43.53352],[-122.205742,43.533868],[-122.204229,43.533461],[-122.203114,43.533692],[-122.201521,43.533577],[-122.200895,43.532272]]},"properties":{"OBJECTID":238,"fhdFtrID":230,"fhdRefID":53578,"fhdRevDt":"20190314","fhdONm":"Ed Hall","fhdOEnt":"USFS","fhdSpNm":"Brook trout","fhdRun":"NA","fhdLifeHst":"FluvRes","fhdUseTy":"Unknown","fhdBasis":"DocObsFish","fhdStNm":"Unnamed trib to Bear Creek","fhdGenus":"Salvelinus","fhdSp":"fontinalis","fhdSubSp":null,"fhdOrig":"NonNative","fhdProd":"Natural","fhdComment":null,"fhdESH":"NA","fhdBasisD":null,"fhdNMF":"no","fhdBasisDt":null,"fhdBasisNm":null,"fhdBasisEnt":null,"fhdBasisPrj":null,"fhdBasisMethod":null,"fhdAccess":null,"fhdBarrierFtrID":null,"fhdEndExtent":null,"Shape__Length":4549.836026451118,"habitatType":"stream"},"id":238},
{"type":"Feature","geometry":{"type":"LineString","coordinates":[[-122.230291,43.469565],[-122.229019,43.469853],[-122.228462,43.469332],[-122.227111,43.469278],[-122.22584,43.470899],[-122.22584,43.471421],[-122.224488,43.471943],[-122.223693,43.472577],[-122.223376,43.473795],[-122.223775,43.475302],[-122.223457,43.476519],[-122.221073,43.478777],[-122.219801,43.479534],[-122.217575,43.480342],[-122.215745,43.48046],[-122.214076,43.481849],[-122.21161,43.482895],[-122.210497,43.483706],[-122.20668,43.485328],[-122.201588,43.484806],[-122.200078,43.485732],[-122.198248,43.485791],[-122.192838,43.486775],[-122.191168,43.48666],[-122.189498,43.486833],[-122.184724,43.488284],[-122.181463,43.48886],[-122.180747,43.489269],[-122.178201,43.489845],[-122.17653,43.49112],[-122.17287,43.492337],[-122.166028,43.492971],[-122.164596,43.49355],[-122.162765,43.49378],[-122.16006,43.494535],[-122.159026,43.494419],[-122.156082,43.494532],[-122.153377,43.494184],[-122.150486,43.494117]]},"properties":{"OBJECTID":239,"fhdFtrID":231,"fhdRefID":53578,"fhdRevDt":"20190314","fhdONm":"Ed Hall","fhdOEnt":"USFS","fhdSpNm":"Brook trout","fhdRun":"NA","fhdLifeHst":"FluvRes","fhdUseTy":"Unknown","fhdBasis":"DocObsFish","fhdStNm":"Emigrant Creek","fhdGenus":"Salvelinus","fhdSp":"fontinalis","fhdSubSp":null,"fhdOrig":"NonNative","fhdProd":"Natural","fhdComment":null,"fhdESH":"NA","fhdBasisD":null,"fhdNMF":"no","fhdBasisDt":null,"fhdBasisNm":null,"fhdBasisEnt":null,"fhdBasisPrj":null,"fhdBasisMethod":"Electrofishing","fhdAccess":null,"fhdBarrierFtrID":null,"fhdEndExtent":null,"Shape__Length":10837.155416736112,"habitatType":"stream"},"id":239},
{"type":"Feature","geometry":{"type":"LineString","coordinates":[[-122.22584,43.470899],[-122.224647,43.471247],[-122.222421,43.472289],[-122.220911,43.473508],[-122.219957,43.474839],[-122.218844,43.475475],[-122.217652,43.475881],[-122.214549,43.475824],[-122.212959,43.475592],[-122.209379,43.475365],[-122.206277,43.474146],[-122.20421,43.473799],[-122.201347,43.47386],[-122.199597,43.47328],[-122.198881,43.47328],[-122.197609,43.473919],[-122.196575,43.475307],[-122.195462,43.475943],[-122.193235,43.475887],[-122.192281,43.475421],[-122.188861,43.475712],[-122.188702,43.475887],[-122.184631,43.475885]]},"properties":{"OBJECTID":240,"fhdFtrID":232,"fhdRefID":53578,"fhdRevDt":"20190314","fhdONm":"Ed Hall","fhdOEnt":"USFS","fhdSpNm":"Brook trout","fhdRun":"NA","fhdLifeHst":"FluvRes","fhdUseTy":"Unknown","fhdBasis":"DocObsFish","fhdStNm":"Beaver Creek","fhdGenus":"Salvelinus","fhdSp":"fontinalis","fhdSubSp":null,"fhdOrig":"NonNative","fhdProd":"Natural","fhdComment":null,"fhdESH":"NA","fhdBasisD":null,"fhdNMF":"no","fhdBasisDt":null,"fhdBasisNm":null,"fhdBasisEnt":null,"fhdBasisPrj":null,"fhdBasisMethod":"Electrofishing","fhdAccess":null,"fhdBarrierFtrID":null,"fhdEndExtent":null,"Shape__Length":5289.778602502657,"habitatType":"stream"},"id":240},
{"type":"Feature","geometry":{"type":"LineString","coordinates":[[-122.218844,43.475475],[-122.216459,43.477795],[-122.215028,43.478375],[-122.213358,43.479417],[-122.208348,43.480112],[-122.206757,43.479651],[-122.20445,43.478491],[-122.198803,43.478727],[-122.196338,43.479538],[-122.194905,43.480172],[-122.192122,43.480638]]},"properties":{"OBJECTID":241,"fhdFtrID":233,"fhdRefID":53578,"fhdRevDt":"20190314","fhdONm":"Ed Hall","fhdOEnt":"USFS","fhdSpNm":"Brook trout","fhdRun":"NA","fhdLifeHst":"FluvRes","fhdUseTy":"Unknown","fhdBasis":"DocObsFish","fhdStNm":"Unnamed trib to Beaver Creek","fhdGenus":"Salvelinus","fhdSp":"fontinalis","fhdSubSp":null,"fhdOrig":"NonNative","fhdProd":"Natural","fhdComment":null,"fhdESH":"NA","fhdBasisD":null,"fhdNMF":"no","fhdBasisDt":null,"fhdBasisNm":null,"fhdBasisEnt":null,"fhdBasisPrj":null,"fhdBasisMethod":"Electrofishing","fhdAccess":null,"fhdBarrierFtrID":null,"fhdEndExtent":null,"Shape__Length":3424.435872880957,"habitatType":"stream"},"id":241},
{"type":"Feature","geometry":{"type":"LineString","coordinates":[[-122.453087,43.605635],[-122.453644,43.604764],[-122.456034,43.603434],[-122.45683,43.602623],[-122.457215,43.601569],[-122.455473,43.600478],[-122.456094,43.597681],[-122.456537,43.597004],[-122.458738,43.596253],[-122.459341,43.595073],[-122.458868,43.594451],[-122.455987,43.592434],[-122.455855,43.591657],[-122.456253,43.588601],[-122.455863,43.586747],[-122.458886,43.585895],[-122.459286,43.585536],[-122.459683,43.584088],[-122.460479,43.582408],[-122.461195,43.581479],[-122.463025,43.577828],[-122.464139,43.576788],[-122.464138,43.575222],[-122.463739,43.574643],[-122.464374,43.571806],[-122.463974,43.569719],[-122.464768,43.566941],[-122.465325,43.566011],[-122.46644,43.564913],[-122.4658,43.56329],[-122.464046,43.561728],[-122.463886,43.560336],[-122.463407,43.559411],[-122.463328,43.558366],[-122.462052,43.557539],[-122.461813,43.556049],[-122.460856,43.554951],[-122.460626,43.55332],[-122.460697,43.552027],[-122.460138,43.551012],[-122.459525,43.548457],[-122.458224,43.546321],[-122.455436,43.545452],[-122.454161,43.544352],[-122.452961,43.542853],[-122.452259,43.541458],[-122.451271,43.542057],[-122.450456,43.541902],[-122.44763,43.539603],[-122.447152,43.537228],[-122.446173,43.535143],[-122.446195,43.532824],[-122.447389,43.530971],[-122.448026,43.528596],[-122.449299,43.527148],[-122.449936,43.524194],[-122.45105,43.52315],[-122.451209,43.522106],[-122.45097,43.520484],[-122.450094,43.519562],[-122.450173,43.517766],[-122.449138,43.516662],[-122.446909,43.516372],[-122.445874,43.515967],[-122.444123,43.51481],[-122.441974,43.513651],[-122.440143,43.511855],[-122.438693,43.511303],[-122.437994,43.510696],[-122.437676,43.509425],[-122.435606,43.50815],[-122.434811,43.508497],[-122.433538,43.508495],[-122.432265,43.507395],[-122.42924,43.50647],[-122.427172,43.506181],[-122.423034,43.504616],[-122.421283,43.504846],[-122.419691,43.504324],[-122.417703,43.502878],[-122.417759,43.501329],[-122.417115,43.500646],[-122.4146,43.500444],[-122.412134,43.500616],[-122.408394,43.500385],[-122.406882,43.500499],[-122.405769,43.50021],[-122.404098,43.499282],[-122.403111,43.499201],[-122.40203,43.498587],[-122.400758,43.496618],[-122.399546,43.495188],[-122.399503,43.493604],[-122.398211,43.490756],[-122.396429,43.489963],[-122.393153,43.489928],[-122.392016,43.489544],[-122.389117,43.489812],[-122.387293,43.489325]]},"properties":{"OBJECTID":242,"fhdFtrID":234,"fhdRefID":53578,"fhdRevDt":"20190314","fhdONm":"Ed Hall","fhdOEnt":"USFS","fhdSpNm":"Brook trout","fhdRun":"NA","fhdLifeHst":"FluvRes","fhdUseTy":"Unknown","fhdBasis":"IndivProfOpinion","fhdStNm":"Middle Fork Willamette River","fhdGenus":"Salvelinus","fhdSp":"fontinalis","fhdSubSp":null,"fhdOrig":"NonNative","fhdProd":"Natural","fhdComment":null,"fhdESH":"NA","fhdBasisD":null,"fhdNMF":"no","fhdBasisDt":null,"fhdBasisNm":null,"fhdBasisEnt":null,"fhdBasisPrj":null,"fhdBasisMethod":null,"fhdAccess":null,"fhdBarrierFtrID":null,"fhdEndExtent":null,"Shape__Length":25353.849717095443,"habitatType":"stream"},"id":242},
{"type":"Feature","geometry":{"type":"LineString","coordinates":[[-122.094949,43.697783],[-122.092411,43.697786],[-122.091932,43.698309]]},"properties":{"OBJECTID":243,"fhdFtrID":235,"fhdRefID":53578,"fhdRevDt":"20190314","fhdONm":"Ed Hall","fhdOEnt":"USFS","fhdSpNm":"Brook trout","fhdRun":"NA","fhdLifeHst":"FluvRes","fhdUseTy":"Unknown","fhdBasis":"DocObsFish","fhdStNm":"Nettie Creek","fhdGenus":"Salvelinus","fhdSp":"fontinalis","fhdSubSp":null,"fhdOrig":"NonNative","fhdProd":"Natural","fhdComment":null,"fhdESH":"NA","fhdBasisD":null,"fhdNMF":"no","fhdBasisDt":null,"fhdBasisNm":null,"fhdBasisEnt":null,"fhdBasisPrj":null,"fhdBasisMethod":null,"fhdAccess":null,"fhdBarrierFtrID":null,"fhdEndExtent":null,"Shape__Length":401.82577625623384,"habitatType":"stream"},"id":243},
{"type":"Feature","geometry":{"type":"LineString","coordinates":[[-121.335268,42.944317],[-121.333942,42.9464],[-121.333622,42.947877],[-121.331967,42.950334],[-121.330647,42.954119],[-121.329016,42.955928],[-121.32938,42.95659],[-121.330574,42.957616],[-121.330608,42.958985],[-121.329908,42.959939],[-121.329159,42.960121],[-121.327699,42.959915],[-121.326252,42.960124],[-121.325074,42.961129],[-121.324594,42.962382],[-121.325497,42.964534],[-121.325894,42.964918],[-121.327541,42.965685],[-121.328634,42.965553],[-121.330264,42.96586],[-121.331729,42.967835],[-121.332709,42.968732],[-121.334143,42.969464],[-121.334527,42.970794],[-121.333787,42.971877],[-121.333213,42.973931],[-121.33079,42.974418],[-121.330238,42.974968],[-121.32822,42.975051],[-121.327501,42.975504],[-121.32626,42.974937],[-121.324429,42.975464],[-121.321577,42.976592],[-121.321022,42.976958],[-121.319642,42.979117],[-121.318585,42.980051],[-121.317336,42.98056],[-121.314423,42.980418],[-121.31222,42.981434],[-121.311131,42.981576],[-121.31101,42.982092],[-121.309545,42.98293],[-121.308071,42.982251],[-121.306223,42.982431],[-121.305777,42.982933],[-121.304013,42.98319],[-121.302166,42.982267],[-121.300771,42.981972],[-121.298941,42.982039],[-121.296819,42.983232],[-121.296722,42.985265],[-121.297351,42.985941],[-121.297216,42.987015],[-121.298144,42.98806],[-121.297823,42.989744],[-121.298115,42.990383],[-121.296441,42.992731],[-121.295508,42.993176],[-121.293476,42.99478],[-121.292981,42.995435],[-121.291964,42.995716]]},"properties":{"OBJECTID":244,"fhdFtrID":236,"fhdRefID":53706,"fhdRevDt":"20190315","fhdONm":"Phillip Gaines","fhdOEnt":"USFS","fhdSpNm":"Brook trout","fhdRun":"NA","fhdLifeHst":"FluvRes","fhdUseTy":"Unknown","fhdBasis":"UndocObsFish","fhdStNm":"Buck Creek","fhdGenus":"Salvelinus","fhdSp":"fontinalis","fhdSubSp":null,"fhdOrig":"NonNative","fhdProd":"Natural","fhdComment":null,"fhdESH":"NA","fhdBasisD":null,"fhdNMF":"no","fhdBasisDt":null,"fhdBasisNm":null,"fhdBasisEnt":null,"fhdBasisPrj":null,"fhdBasisMethod":null,"fhdAccess":null,"fhdBarrierFtrID":null,"fhdEndExtent":null,"Shape__Length":13672.60256368753,"habitatType":"stream"},"id":244},
{"type":"Feature","geometry":{"type":"LineString","coordinates":[[-121.314664,42.967022],[-121.317279,42.966665],[-121.318417,42.966857],[-121.320857,42.966555],[-121.322048,42.966735],[-121.324727,42.965099],[-121.325894,42.964918]]},"properties":{"OBJECTID":245,"fhdFtrID":237,"fhdRefID":53706,"fhdRevDt":"20190315","fhdONm":"Phillip Gaines","fhdOEnt":"USFS","fhdSpNm":"Brook trout","fhdRun":"NA","fhdLifeHst":"FluvRes","fhdUseTy":"Unknown","fhdBasis":"UndocObsFish","fhdStNm":"Unnamed trib to Buck Creek","fhdGenus":"Salvelinus","fhdSp":"fontinalis","fhdSubSp":null,"fhdOrig":"NonNative","fhdProd":"Natural","fhdComment":null,"fhdESH":"NA","fhdBasisD":null,"fhdNMF":"no","fhdBasisDt":null,"fhdBasisNm":null,"fhdBasisEnt":null,"fhdBasisPrj":null,"fhdBasisMethod":null,"fhdAccess":null,"fhdBarrierFtrID":null,"fhdEndExtent":null,"Shape__Length":1467.4911992767873,"habitatType":"stream"},"id":245},
{"type":"Feature","geometry":{"type":"LineString","coordinates":[[-121.320845,42.955108],[-121.320887,42.956533],[-121.321778,42.95828],[-121.321652,42.959237],[-121.322255,42.961006],[-121.323466,42.961933],[-121.324594,42.962382]]},"properties":{"OBJECTID":246,"fhdFtrID":238,"fhdRefID":53706,"fhdRevDt":"20190315","fhdONm":"Phillip Gaines","fhdOEnt":"USFS","fhdSpNm":"Brook trout","fhdRun":"NA","fhdLifeHst":"FluvRes","fhdUseTy":"Unknown","fhdBasis":"UndocObsFish","fhdStNm":"Unnamed trib to Buck Creek","fhdGenus":"Salvelinus","fhdSp":"fontinalis","fhdSubSp":null,"fhdOrig":"NonNative","fhdProd":"Natural","fhdComment":null,"fhdESH":"NA","fhdBasisD":null,"fhdNMF":"no","fhdBasisDt":null,"fhdBasisNm":null,"fhdBasisEnt":null,"fhdBasisPrj":null,"fhdBasisMethod":null,"fhdAccess":null,"fhdBarrierFtrID":null,"fhdEndExtent":null,"Shape__Length":1303.60970130795,"habitatType":"stream"},"id":246},
{"type":"Feature","geometry":{"type":"LineString","coordinates":[[-121.334527,42.970794],[-121.336764,42.970687],[-121.338196,42.971054],[-121.340034,42.970698],[-121.341258,42.969695]]},"properties":{"OBJECTID":247,"fhdFtrID":239,"fhdRefID":53706,"fhdRevDt":"20190315","fhdONm":"Phillip Gaines","fhdOEnt":"USFS","fhdSpNm":"Brook trout","fhdRun":"NA","fhdLifeHst":"FluvRes","fhdUseTy":"Unknown","fhdBasis":"UndocObsFish","fhdStNm":"Unnamed trib to Buck Creek","fhdGenus":"Salvelinus","fhdSp":"fontinalis","fhdSubSp":null,"fhdOrig":"NonNative","fhdProd":"Natural","fhdComment":null,"fhdESH":"NA","fhdBasisD":null,"fhdNMF":"no","fhdBasisDt":null,"fhdBasisNm":null,"fhdBasisEnt":null,"fhdBasisPrj":null,"fhdBasisMethod":null,"fhdAccess":null,"fhdBarrierFtrID":null,"fhdEndExtent":null,"Shape__Length":855.1993415098209,"habitatType":"stream"},"id":247},
{"type":"Feature","geometry":{"type":"LineString","coordinates":[[-121.157611,42.986794],[-121.156497,42.984957],[-121.156217,42.983935],[-121.156216,42.979712],[-121.15603,42.979236],[-121.156955,42.977329],[-121.160571,42.974469],[-121.161683,42.97338],[-121.165671,42.972016],[-121.167246,42.971267],[-121.168823,42.970995],[-121.173644,42.969901],[-121.174848,42.969425],[-121.178184,42.968745],[-121.181058,42.968403],[-121.182818,42.966765],[-121.184023,42.966154],[-121.187917,42.965131],[-121.190325,42.963634],[-121.192548,42.961453],[-121.194309,42.96077],[-121.195699,42.959882],[-121.197922,42.958927],[-121.198942,42.95784],[-121.201165,42.956542],[-121.202644,42.954976],[-121.204312,42.954228],[-121.205887,42.953068],[-121.207369,42.952727],[-121.208851,42.951773],[-121.209685,42.951637],[-121.210889,42.950274],[-121.212001,42.949728],[-121.213668,42.949592],[-121.215151,42.949111],[-121.217653,42.949249],[-121.220618,42.948971],[-121.221267,42.948563],[-121.223491,42.948219],[-121.225808,42.947674],[-121.228585,42.946447],[-121.230438,42.946102],[-121.232571,42.946581],[-121.237388,42.94562],[-121.239148,42.944872],[-121.241466,42.945003],[-121.244621,42.946703],[-121.248048,42.946152],[-121.249255,42.946698],[-121.250088,42.946287],[-121.252581,42.945623],[-121.253783,42.944637],[-121.256465,42.943994],[-121.258594,42.94291],[-121.260072,42.942941],[-121.26294,42.941688],[-121.263634,42.940906],[-121.265252,42.939787],[-121.267149,42.939073],[-121.268952,42.939379],[-121.270432,42.940095],[-121.272604,42.939926],[-121.274453,42.94057],[-121.27621,42.939827],[-121.278939,42.93935],[-121.2837,42.939998]]},"properties":{"OBJECTID":248,"fhdFtrID":240,"fhdRefID":53751,"fhdRevDt":"20190426","fhdONm":"Shannon Hubler","fhdOEnt":"ODEQ","fhdSpNm":"Brook trout","fhdRun":"NA","fhdLifeHst":"FluvRes","fhdUseTy":"Unknown","fhdBasis":"DocObsFish","fhdStNm":"West Fork Silver Creek","fhdGenus":"Salvelinus","fhdSp":"fontinalis","fhdSubSp":null,"fhdOrig":"NonNative","fhdProd":"Natural","fhdComment":null,"fhdESH":"NA","fhdBasisD":null,"fhdNMF":"no","fhdBasisDt":"20000000","fhdBasisNm":null,"fhdBasisEnt":null,"fhdBasisPrj":null,"fhdBasisMethod":"Electrofisher","fhdAccess":null,"fhdBarrierFtrID":null,"fhdEndExtent":null,"Shape__Length":18250.677589012863,"habitatType":"stream"},"id":248},
{"type":"Feature","geometry":{"type":"LineString","coordinates":[[-121.157611,42.986794],[-121.15965,42.985634],[-121.161689,42.983591],[-121.161595,42.982094],[-121.162245,42.981142],[-121.164007,42.980256],[-121.165488,42.979235],[-121.166973,42.978552],[-121.170125,42.978481],[-121.17226,42.978956],[-121.173837,42.979571],[-121.175412,42.979502],[-121.178007,42.977661],[-121.18181,42.977046],[-121.186816,42.975955],[-121.18941,42.974591],[-121.190431,42.973774],[-121.19284,42.972412],[-121.193767,42.972206],[-121.195341,42.971322],[-121.196731,42.969484],[-121.199232,42.968393],[-121.200622,42.96805],[-121.202755,42.966756],[-121.204328,42.966141],[-121.20711,42.96546],[-121.208221,42.964847],[-121.210072,42.9628],[-121.211648,42.96205],[-121.213872,42.961981],[-121.214613,42.961435],[-121.215818,42.961161],[-121.218787,42.962319],[-121.222217,42.962588],[-121.223329,42.962246]]},"properties":{"OBJECTID":249,"fhdFtrID":241,"fhdRefID":53706,"fhdRevDt":"20190315","fhdONm":"Phillip Gaines","fhdOEnt":"USFS","fhdSpNm":"Brook trout","fhdRun":"NA","fhdLifeHst":"FluvRes","fhdUseTy":"Unknown","fhdBasis":"UndocObsFish","fhdStNm":"Unnamed trib to West Fork Silver Creek","fhdGenus":"Salvelinus","fhdSp":"fontinalis","fhdSubSp":null,"fhdOrig":"NonNative","fhdProd":"Natural","fhdComment":null,"fhdESH":"NA","fhdBasisD":null,"fhdNMF":"no","fhdBasisDt":null,"fhdBasisNm":null,"fhdBasisEnt":null,"fhdBasisPrj":null,"fhdBasisMethod":null,"fhdAccess":null,"fhdBarrierFtrID":null,"fhdEndExtent":null,"Shape__Length":9247.572187852893,"habitatType":"stream"},"id":249},
{"type":"Feature","geometry":{"type":"LineString","coordinates":[[-121.197337,42.935307],[-121.20067,42.933262],[-121.202244,42.932579],[-121.205485,42.930874],[-121.206874,42.930671],[-121.209005,42.929309],[-121.211039,42.926855],[-121.211593,42.92672],[-121.212612,42.925628],[-121.215758,42.923583],[-121.217333,42.923446],[-121.21789,42.923103],[-121.219927,42.923171],[-121.221965,42.922897],[-121.222797,42.922216],[-121.224649,42.921327],[-121.225389,42.921194],[-121.226594,42.920713],[-121.22854,42.921598],[-121.229846,42.926089],[-121.230681,42.926904],[-121.232071,42.927654],[-121.236057,42.928328],[-121.238559,42.928191],[-121.240876,42.928326],[-121.244674,42.927844],[-121.247917,42.927637],[-121.250138,42.926887],[-121.252276,42.927042],[-121.253245,42.927619],[-121.254494,42.92762],[-121.256019,42.928301],[-121.257728,42.927386],[-121.259163,42.926876],[-121.260459,42.925757],[-121.261845,42.925756],[-121.263926,42.924909],[-121.266281,42.925521],[-121.267851,42.926302],[-121.268685,42.927219],[-121.271043,42.928632]]},"properties":{"OBJECTID":250,"fhdFtrID":242,"fhdRefID":53706,"fhdRevDt":"20190315","fhdONm":"Phillip Gaines","fhdOEnt":"USFS","fhdSpNm":"Brook trout","fhdRun":"NA","fhdLifeHst":"FluvRes","fhdUseTy":"Unknown","fhdBasis":"UndocObsFish","fhdStNm":"Guyer Creek","fhdGenus":"Salvelinus","fhdSp":"fontinalis","fhdSubSp":null,"fhdOrig":"NonNative","fhdProd":"Natural","fhdComment":null,"fhdESH":"NA","fhdBasisD":null,"fhdNMF":"no","fhdBasisDt":null,"fhdBasisNm":null,"fhdBasisEnt":null,"fhdBasisPrj":null,"fhdBasisMethod":null,"fhdAccess":null,"fhdBarrierFtrID":null,"fhdEndExtent":null,"Shape__Length":10517.446565764129,"habitatType":"stream"},"id":250},
{"type":"Feature","geometry":{"type":"LineString","coordinates":[[-121.225389,42.921194],[-121.225943,42.919897],[-121.225849,42.919283],[-121.228163,42.917104],[-121.230013,42.916016],[-121.232049,42.915601],[-121.233623,42.915058],[-121.235473,42.913488],[-121.237227,42.911309],[-121.237412,42.910628],[-121.238522,42.90947],[-121.23954,42.9094],[-121.240372,42.908242],[-121.243632,42.908663]]},"properties":{"OBJECTID":251,"fhdFtrID":243,"fhdRefID":53706,"fhdRevDt":"20190315","fhdONm":"Phillip Gaines","fhdOEnt":"USFS","fhdSpNm":"Brook trout","fhdRun":"NA","fhdLifeHst":"FluvRes","fhdUseTy":"Unknown","fhdBasis":"UndocObsFish","fhdStNm":"Unnamed trib to Guyer Creek","fhdGenus":"Salvelinus","fhdSp":"fontinalis","fhdSubSp":null,"fhdOrig":"NonNative","fhdProd":"Natural","fhdComment":null,"fhdESH":"NA","fhdBasisD":null,"fhdNMF":"no","fhdBasisDt":null,"fhdBasisNm":null,"fhdBasisEnt":null,"fhdBasisPrj":null,"fhdBasisMethod":null,"fhdAccess":null,"fhdBarrierFtrID":null,"fhdEndExtent":null,"Shape__Length":3183.7307612690897,"habitatType":"stream"},"id":251},
{"type":"Feature","geometry":{"type":"LineString","coordinates":[[-121.106749,42.953174],[-121.107817,42.953367],[-121.109114,42.952146],[-121.109762,42.951193],[-121.112821,42.951802],[-121.114213,42.951735],[-121.116067,42.950509]]},"properties":{"OBJECTID":252,"fhdFtrID":244,"fhdRefID":53706,"fhdRevDt":"20190315","fhdONm":"Phillip Gaines","fhdOEnt":"USFS","fhdSpNm":"Brook trout","fhdRun":"NA","fhdLifeHst":"FluvRes","fhdUseTy":"Unknown","fhdBasis":"UndocObsFish","fhdStNm":"Guyer Creek","fhdGenus":"Salvelinus","fhdSp":"fontinalis","fhdSubSp":null,"fhdOrig":"NonNative","fhdProd":"Natural","fhdComment":null,"fhdESH":"NA","fhdBasisD":null,"fhdNMF":"no","fhdBasisDt":null,"fhdBasisNm":null,"fhdBasisEnt":null,"fhdBasisPrj":null,"fhdBasisMethod":null,"fhdAccess":null,"fhdBarrierFtrID":null,"fhdEndExtent":null,"Shape__Length":1415.094178759421,"habitatType":"stream"},"id":252},
{"type":"Feature","geometry":{"type":"LineString","coordinates":[[-121.116067,42.950509],[-121.116901,42.949015],[-121.119866,42.947789],[-121.120609,42.946698],[-121.121257,42.946425],[-121.121628,42.945202],[-121.122463,42.944316],[-121.123481,42.944044],[-121.124872,42.942613],[-121.126726,42.941117]]},"properties":{"OBJECTID":253,"fhdFtrID":245,"fhdRefID":53706,"fhdRevDt":"20190315","fhdONm":"Phillip Gaines","fhdOEnt":"USFS","fhdSpNm":"Brook trout","fhdRun":"NA","fhdLifeHst":"FluvRes","fhdUseTy":"Unknown","fhdBasis":"UndocObsFish","fhdStNm":"Strawberry Creek","fhdGenus":"Salvelinus","fhdSp":"fontinalis","fhdSubSp":null,"fhdOrig":"NonNative","fhdProd":"Natural","fhdComment":null,"fhdESH":"NA","fhdBasisD":null,"fhdNMF":"no","fhdBasisDt":null,"fhdBasisNm":null,"fhdBasisEnt":null,"fhdBasisPrj":null,"fhdBasisMethod":null,"fhdAccess":null,"fhdBarrierFtrID":null,"fhdEndExtent":null,"Shape__Length":2082.19634876651,"habitatType":"stream"},"id":253},
{"type":"Feature","geometry":{"type":"LineString","coordinates":[[-121.095215,43.008075],[-121.095684,43.009765],[-121.096331,43.01051],[-121.096054,43.012477],[-121.095035,43.013901],[-121.092171,43.014781],[-121.090508,43.016005],[-121.089584,43.017358],[-121.088567,43.018174],[-121.088104,43.019935],[-121.088196,43.021225],[-121.088749,43.023053],[-121.089395,43.02373],[-121.08921,43.025154],[-121.087546,43.026986],[-121.087175,43.028276],[-121.08542,43.028954],[-121.084865,43.029629],[-121.086156,43.032073],[-121.08634,43.033291],[-121.084122,43.034988],[-121.084027,43.036004],[-121.084766,43.038375],[-121.086279,43.039253]]},"properties":{"OBJECTID":254,"fhdFtrID":246,"fhdRefID":53706,"fhdRevDt":"20190315","fhdONm":"Phillip Gaines","fhdOEnt":"USFS","fhdSpNm":"Brook trout","fhdRun":"NA","fhdLifeHst":"FluvRes","fhdUseTy":"Unknown","fhdBasis":"UndocObsFish","fhdStNm":"Silver Creek","fhdGenus":"Salvelinus","fhdSp":"fontinalis","fhdSubSp":null,"fhdOrig":"NonNative","fhdProd":"Natural","fhdComment":null,"fhdESH":"NA","fhdBasisD":null,"fhdNMF":"no","fhdBasisDt":null,"fhdBasisNm":null,"fhdBasisEnt":null,"fhdBasisPrj":null,"fhdBasisMethod":null,"fhdAccess":null,"fhdBarrierFtrID":null,"fhdEndExtent":null,"Shape__Length":5688.368905212869,"habitatType":"stream"},"id":254},
{"type":"Feature","geometry":{"type":"LineString","coordinates":[[-121.158741,42.854853],[-121.162074,42.857099],[-121.16448,42.859074],[-121.165499,42.860297],[-121.167812,42.86118],[-121.169666,42.862543],[-121.170406,42.863432],[-121.172722,42.864653],[-121.17411,42.86608],[-121.175037,42.866694],[-121.17587,42.868395],[-121.17754,42.86989],[-121.178003,42.870915],[-121.179299,42.87166],[-121.180504,42.872819],[-121.183651,42.873089],[-121.189394,42.876624],[-121.190505,42.876831],[-121.192171,42.876758],[-121.193467,42.877031],[-121.194393,42.877644],[-121.196802,42.878254],[-121.197728,42.878665],[-121.198745,42.878663],[-121.200691,42.879274],[-121.206892,42.878453],[-121.208835,42.878317],[-121.21115,42.878655],[-121.213558,42.879539],[-121.216338,42.880145],[-121.220596,42.880346],[-121.222538,42.8798],[-121.224667,42.879459],[-121.22587,42.878775],[-121.229667,42.879181],[-121.231703,42.879726],[-121.234113,42.880744],[-121.234947,42.881356],[-121.236145,42.881559]]},"properties":{"OBJECTID":255,"fhdFtrID":247,"fhdRefID":53706,"fhdRevDt":"20190315","fhdONm":"Phillip Gaines","fhdOEnt":"USFS","fhdSpNm":"Brook trout","fhdRun":"NA","fhdLifeHst":"FluvRes","fhdUseTy":"Unknown","fhdBasis":"UndocObsFish","fhdStNm":"Coyote Creek","fhdGenus":"Salvelinus","fhdSp":"fontinalis","fhdSubSp":null,"fhdOrig":"NonNative","fhdProd":"Natural","fhdComment":null,"fhdESH":"NA","fhdBasisD":null,"fhdNMF":"no","fhdBasisDt":null,"fhdBasisNm":null,"fhdBasisEnt":null,"fhdBasisPrj":null,"fhdBasisMethod":null,"fhdAccess":null,"fhdBarrierFtrID":null,"fhdEndExtent":null,"Shape__Length":10952.190761405276,"habitatType":"stream"},"id":255},
{"type":"Feature","geometry":{"type":"LineString","coordinates":[[-121.222566,42.823301],[-121.221867,42.823838],[-121.219443,42.824048],[-121.216712,42.825212],[-121.214688,42.826468],[-121.212681,42.827027],[-121.21127,42.826861],[-121.209068,42.827299],[-121.207926,42.827858],[-121.204613,42.828301],[-121.203871,42.828587],[-121.203306,42.829397],[-121.20141,42.829232],[-121.200745,42.829785],[-121.19848,42.82933],[-121.197819,42.82882],[-121.196538,42.829295],[-121.19403,42.829107],[-121.193474,42.829738],[-121.192129,42.829086],[-121.191235,42.829194],[-121.188477,42.828596],[-121.186934,42.829243]]},"properties":{"OBJECTID":256,"fhdFtrID":248,"fhdRefID":53706,"fhdRevDt":"20190315","fhdONm":"Phillip Gaines","fhdOEnt":"USFS","fhdSpNm":"Brook trout","fhdRun":"NA","fhdLifeHst":"FluvRes","fhdUseTy":"Unknown","fhdBasis":"UndocObsFish","fhdStNm":"Long Creek","fhdGenus":"Salvelinus","fhdSp":"fontinalis","fhdSubSp":null,"fhdOrig":"NonNative","fhdProd":"Natural","fhdComment":null,"fhdESH":"NA","fhdBasisD":null,"fhdNMF":"no","fhdBasisDt":null,"fhdBasisNm":null,"fhdBasisEnt":null,"fhdBasisPrj":null,"fhdBasisMethod":null,"fhdAccess":null,"fhdBarrierFtrID":null,"fhdEndExtent":null,"Shape__Length":6074.139408015893,"habitatType":"stream"},"id":256},
{"type":"Feature","geometry":{"type":"LineString","coordinates":[[-120.8471,42.604236],[-120.845714,42.60417],[-120.844417,42.604645],[-120.841918,42.607106],[-120.83877,42.609564],[-120.838955,42.61018],[-120.838029,42.610864],[-120.837012,42.610998],[-120.835808,42.612025],[-120.836548,42.612503],[-120.834971,42.616331],[-120.835434,42.617286],[-120.835341,42.618243],[-120.834043,42.621046],[-120.834968,42.622892],[-120.834874,42.623849],[-120.83404,42.624941],[-120.833298,42.625147],[-120.832094,42.626651],[-120.832002,42.627878],[-120.83126,42.628355],[-120.830982,42.629111],[-120.830982,42.630953],[-120.82885,42.633001],[-120.827647,42.633001],[-120.825979,42.634095],[-120.824404,42.634776],[-120.822832,42.634913],[-120.82154,42.634007]]},"properties":{"OBJECTID":257,"fhdFtrID":249,"fhdRefID":53706,"fhdRevDt":"20190315","fhdONm":"Phillip Gaines","fhdOEnt":"USFS","fhdSpNm":"Brook trout","fhdRun":"NA","fhdLifeHst":"FluvRes","fhdUseTy":"Unknown","fhdBasis":"UndocObsFish","fhdStNm":"School Creek","fhdGenus":"Salvelinus","fhdSp":"fontinalis","fhdSubSp":null,"fhdOrig":"NonNative","fhdProd":"Natural","fhdComment":null,"fhdESH":"NA","fhdBasisD":null,"fhdNMF":"no","fhdBasisDt":null,"fhdBasisNm":null,"fhdBasisEnt":null,"fhdBasisPrj":null,"fhdBasisMethod":null,"fhdAccess":null,"fhdBarrierFtrID":null,"fhdEndExtent":null,"Shape__Length":6765.402017450658,"habitatType":"stream"},"id":257},
{"type":"Feature","geometry":{"type":"LineString","coordinates":[[-120.951542,42.519539],[-120.949417,42.520428],[-120.946649,42.522207],[-120.945818,42.522273],[-120.944524,42.523096],[-120.942865,42.525899],[-120.942312,42.527334],[-120.941389,42.52802],[-120.940007,42.530481],[-120.937791,42.531918],[-120.936126,42.53219],[-120.935665,42.532532],[-120.932894,42.533491],[-120.931602,42.535062],[-120.930585,42.535746],[-120.930862,42.536363],[-120.92957,42.537456],[-120.92911,42.538344],[-120.92754,42.539576],[-120.927078,42.540464],[-120.925045,42.54149],[-120.92329,42.543268],[-120.92209,42.543472],[-120.921167,42.544292],[-120.920427,42.544432],[-120.918486,42.545387],[-120.917747,42.546004],[-120.914975,42.546485],[-120.913219,42.546142],[-120.909246,42.54915],[-120.90823,42.549559],[-120.906751,42.55127],[-120.905364,42.551199],[-120.904531,42.550725],[-120.903239,42.551201],[-120.903054,42.55168],[-120.90139,42.552433],[-120.899818,42.553457],[-120.899542,42.555168],[-120.898619,42.556398],[-120.898805,42.557491],[-120.897047,42.558792],[-120.895569,42.560908],[-120.893721,42.562346],[-120.891502,42.562004],[-120.890485,42.562071],[-120.888265,42.563439],[-120.888174,42.564806],[-120.886788,42.566037],[-120.88577,42.567815],[-120.885401,42.568974],[-120.884568,42.569729],[-120.88466,42.570343],[-120.883644,42.571436],[-120.883737,42.571983],[-120.885124,42.572868],[-120.886419,42.574306],[-120.887991,42.574646],[-120.888823,42.575471],[-120.890026,42.575741],[-120.890859,42.57704],[-120.890305,42.577791],[-120.888639,42.578885],[-120.887253,42.579432],[-120.886512,42.579297],[-120.885681,42.57984],[-120.885312,42.58189],[-120.884386,42.582851],[-120.882722,42.583941],[-120.88189,42.585308],[-120.880872,42.585991]]},"properties":{"OBJECTID":258,"fhdFtrID":250,"fhdRefID":53706,"fhdRevDt":"20190315","fhdONm":"Phillip Gaines","fhdOEnt":"USFS","fhdSpNm":"Brook trout","fhdRun":"NA","fhdLifeHst":"FluvRes","fhdUseTy":"Unknown","fhdBasis":"UndocObsFish","fhdStNm":"North Fork Sprague River","fhdGenus":"Salvelinus","fhdSp":"fontinalis","fhdSubSp":null,"fhdOrig":"NonNative","fhdProd":"Natural","fhdComment":null,"fhdESH":"NA","fhdBasisD":null,"fhdNMF":"no","fhdBasisDt":null,"fhdBasisNm":null,"fhdBasisEnt":null,"fhdBasisPrj":null,"fhdBasisMethod":null,"fhdAccess":null,"fhdBarrierFtrID":null,"fhdEndExtent":null,"Shape__Length":15497.60726297397,"habitatType":"stream"},"id":258},
{"type":"Feature","geometry":{"type":"LineString","coordinates":[[-120.871344,42.569862],[-120.872548,42.569934],[-120.875137,42.569045],[-120.875692,42.568155],[-120.875691,42.567061],[-120.876986,42.565558],[-120.878651,42.565693],[-120.880498,42.566718],[-120.881702,42.566308],[-120.884476,42.566309],[-120.884938,42.566034],[-120.886788,42.566037]]},"properties":{"OBJECTID":259,"fhdFtrID":251,"fhdRefID":53706,"fhdRevDt":"20190315","fhdONm":"Phillip Gaines","fhdOEnt":"USFS","fhdSpNm":"Brook trout","fhdRun":"NA","fhdLifeHst":"FluvRes","fhdUseTy":"Unknown","fhdBasis":"UndocObsFish","fhdStNm":"Gearhart Creek","fhdGenus":"Salvelinus","fhdSp":"fontinalis","fhdSubSp":null,"fhdOrig":"NonNative","fhdProd":"Natural","fhdComment":null,"fhdESH":"NA","fhdBasisD":null,"fhdNMF":"no","fhdBasisDt":null,"fhdBasisNm":null,"fhdBasisEnt":null,"fhdBasisPrj":null,"fhdBasisMethod":null,"fhdAccess":null,"fhdBarrierFtrID":null,"fhdEndExtent":null,"Shape__Length":2293.081977567298,"habitatType":"stream"},"id":259},
{"type":"Feature","geometry":{"type":"LineString","coordinates":[[-120.853397,42.5539],[-120.853873,42.555375],[-120.855167,42.556601],[-120.856461,42.558242],[-120.85572,42.559543],[-120.855813,42.560634],[-120.857107,42.561181],[-120.857569,42.562347],[-120.858308,42.562824],[-120.859786,42.565216],[-120.859788,42.565967],[-120.863485,42.568495],[-120.864594,42.56952],[-120.865704,42.57],[-120.868479,42.57007],[-120.870051,42.569658],[-120.871344,42.569862]]},"properties":{"OBJECTID":260,"fhdFtrID":251,"fhdRefID":53706,"fhdRevDt":"20190315","fhdONm":"Phillip Gaines","fhdOEnt":"USFS","fhdSpNm":"Brook trout","fhdRun":"NA","fhdLifeHst":"FluvRes","fhdUseTy":"Unknown","fhdBasis":"UndocObsFish","fhdStNm":"Nottin Creek","fhdGenus":"Salvelinus","fhdSp":"fontinalis","fhdSubSp":null,"fhdOrig":"NonNative","fhdProd":"Natural","fhdComment":null,"fhdESH":"NA","fhdBasisD":null,"fhdNMF":"no","fhdBasisDt":null,"fhdBasisNm":null,"fhdBasisEnt":null,"fhdBasisPrj":null,"fhdBasisMethod":null,"fhdAccess":null,"fhdBarrierFtrID":null,"fhdEndExtent":null,"Shape__Length":3743.983417786671,"habitatType":"stream"},"id":260},
{"type":"Feature","geometry":{"type":"LineString","coordinates":[[-120.872732,42.536239],[-120.872455,42.537945],[-120.871347,42.537879],[-120.871161,42.5387],[-120.871992,42.539517],[-120.872177,42.540682],[-120.871069,42.542935],[-120.869959,42.544373],[-120.869959,42.545328],[-120.870976,42.546216],[-120.870052,42.54772],[-120.869589,42.549292],[-120.868572,42.55066],[-120.867926,42.552643],[-120.868018,42.554212],[-120.867277,42.558039],[-120.866631,42.558994],[-120.866723,42.560977],[-120.867092,42.562551],[-120.86811,42.564259],[-120.869773,42.566239],[-120.870329,42.568154],[-120.871344,42.569862]]},"properties":{"OBJECTID":261,"fhdFtrID":252,"fhdRefID":53706,"fhdRevDt":"20190315","fhdONm":"Phillip Gaines","fhdOEnt":"USFS","fhdSpNm":"Brook trout","fhdRun":"NA","fhdLifeHst":"FluvRes","fhdUseTy":"Unknown","fhdBasis":"UndocObsFish","fhdStNm":"Gearhart Creek","fhdGenus":"Salvelinus","fhdSp":"fontinalis","fhdSubSp":null,"fhdOrig":"NonNative","fhdProd":"Natural","fhdComment":null,"fhdESH":"NA","fhdBasisD":null,"fhdNMF":"no","fhdBasisDt":null,"fhdBasisNm":null,"fhdBasisEnt":null,"fhdBasisPrj":null,"fhdBasisMethod":null,"fhdAccess":null,"fhdBarrierFtrID":null,"fhdEndExtent":null,"Shape__Length":5642.905531725141,"habitatType":"stream"},"id":261},
{"type":"Feature","geometry":{"type":"LineString","coordinates":[[-120.858127,42.5307],[-120.862845,42.530634],[-120.864046,42.530701],[-120.865617,42.530086],[-120.86876,42.531523],[-120.870883,42.531999],[-120.871347,42.532341],[-120.872641,42.53535],[-120.872732,42.536239]]},"properties":{"OBJECTID":262,"fhdFtrID":252,"fhdRefID":53706,"fhdRevDt":"20190315","fhdONm":"Phillip Gaines","fhdOEnt":"USFS","fhdSpNm":"Brook trout","fhdRun":"NA","fhdLifeHst":"FluvRes","fhdUseTy":"Unknown","fhdBasis":"UndocObsFish","fhdStNm":"Unnamed trib to Gearhart Creek","fhdGenus":"Salvelinus","fhdSp":"fontinalis","fhdSubSp":null,"fhdOrig":"NonNative","fhdProd":"Natural","fhdComment":null,"fhdESH":"NA","fhdBasisD":null,"fhdNMF":"no","fhdBasisDt":null,"fhdBasisNm":null,"fhdBasisEnt":null,"fhdBasisPrj":null,"fhdBasisMethod":null,"fhdAccess":null,"fhdBarrierFtrID":null,"fhdEndExtent":null,"Shape__Length":2249.570643444649,"habitatType":"stream"},"id":262},
{"type":"Feature","geometry":{"type":"LineString","coordinates":[[-120.810205,42.584549],[-120.812238,42.586249],[-120.814366,42.587069],[-120.816953,42.588712],[-120.819265,42.58967]]},"properties":{"OBJECTID":263,"fhdFtrID":253,"fhdRefID":53706,"fhdRevDt":"20190315","fhdONm":"Phillip Gaines","fhdOEnt":"USFS","fhdSpNm":"Brook trout","fhdRun":"NA","fhdLifeHst":"FluvRes","fhdUseTy":"Unknown","fhdBasis":"UndocObsFish","fhdStNm":"Dead Cow Creek","fhdGenus":"Salvelinus","fhdSp":"fontinalis","fhdSubSp":null,"fhdOrig":"NonNative","fhdProd":"Natural","fhdComment":null,"fhdESH":"NA","fhdBasisD":null,"fhdNMF":"no","fhdBasisDt":null,"fhdBasisNm":null,"fhdBasisEnt":null,"fhdBasisPrj":null,"fhdBasisMethod":null,"fhdAccess":null,"fhdBarrierFtrID":null,"fhdEndExtent":null,"Shape__Length":1294.2827373596833,"habitatType":"stream"},"id":263},
{"type":"Feature","geometry":{"type":"LineString","coordinates":[[-120.805686,42.642766],[-120.80634,42.64427],[-120.806339,42.645022],[-120.807171,42.646182],[-120.807077,42.646936],[-120.807539,42.648233],[-120.806334,42.649533],[-120.803739,42.651307],[-120.802718,42.652602],[-120.80244,42.653358],[-120.801419,42.654518],[-120.799099,42.658071],[-120.797709,42.658958],[-120.796593,42.661688],[-120.795667,42.662715],[-120.794367,42.663464]]},"properties":{"OBJECTID":264,"fhdFtrID":254,"fhdRefID":53706,"fhdRevDt":"20190315","fhdONm":"Phillip Gaines","fhdOEnt":"USFS","fhdSpNm":"Brook trout","fhdRun":"NA","fhdLifeHst":"FluvRes","fhdUseTy":"Unknown","fhdBasis":"UndocObsFish","fhdStNm":"South Fork Sycan River","fhdGenus":"Salvelinus","fhdSp":"fontinalis","fhdSubSp":null,"fhdOrig":"NonNative","fhdProd":"Natural","fhdComment":null,"fhdESH":"NA","fhdBasisD":null,"fhdNMF":"no","fhdBasisDt":null,"fhdBasisNm":null,"fhdBasisEnt":null,"fhdBasisPrj":null,"fhdBasisMethod":null,"fhdAccess":null,"fhdBarrierFtrID":null,"fhdEndExtent":null,"Shape__Length":3747.297838965642,"habitatType":"stream"},"id":264},
{"type":"Feature","geometry":{"type":"LineString","coordinates":[[-120.848179,42.669572],[-120.849198,42.670874],[-120.851607,42.671217],[-120.852809,42.672581],[-120.855033,42.673469],[-120.856886,42.674494],[-120.858275,42.674701],[-120.860869,42.676545],[-120.862721,42.6773],[-120.866426,42.681399],[-120.867352,42.681948],[-120.86865,42.681945],[-120.869021,42.681196],[-120.871338,42.680032],[-120.873284,42.680239],[-120.874765,42.681127],[-120.875691,42.681126],[-120.877359,42.682287],[-120.877914,42.682153],[-120.880232,42.683588],[-120.880233,42.684682],[-120.881715,42.685637],[-120.884308,42.687756],[-120.886718,42.689534],[-120.887646,42.691104],[-120.88913,42.691789],[-120.890704,42.693088],[-120.892835,42.693357],[-120.894783,42.694109],[-120.897749,42.696023],[-120.897657,42.696503],[-120.898306,42.69855],[-120.898398,42.700465]]},"properties":{"OBJECTID":265,"fhdFtrID":255,"fhdRefID":53706,"fhdRevDt":"20190315","fhdONm":"Phillip Gaines","fhdOEnt":"USFS","fhdSpNm":"Brook trout","fhdRun":"NA","fhdLifeHst":"FluvRes","fhdUseTy":"Unknown","fhdBasis":"UndocObsFish","fhdStNm":"Skull Creek","fhdGenus":"Salvelinus","fhdSp":"fontinalis","fhdSubSp":null,"fhdOrig":"NonNative","fhdProd":"Natural","fhdComment":null,"fhdESH":"NA","fhdBasisD":null,"fhdNMF":"no","fhdBasisDt":null,"fhdBasisNm":null,"fhdBasisEnt":null,"fhdBasisPrj":null,"fhdBasisMethod":null,"fhdAccess":null,"fhdBarrierFtrID":null,"fhdEndExtent":null,"Shape__Length":8772.866628569629,"habitatType":"stream"},"id":265},
{"type":"Feature","geometry":{"type":"LineString","coordinates":[[-120.870286,42.691722],[-120.870872,42.691649],[-120.87291,42.689327],[-120.873282,42.688438],[-120.874765,42.688164],[-120.87634,42.688918],[-120.880233,42.691174],[-120.880975,42.692881],[-120.88051,42.694043]]},"properties":{"OBJECTID":266,"fhdFtrID":256,"fhdRefID":53706,"fhdRevDt":"20190315","fhdONm":"Phillip Gaines","fhdOEnt":"USFS","fhdSpNm":"Brook trout","fhdRun":"NA","fhdLifeHst":"FluvRes","fhdUseTy":"Unknown","fhdBasis":"UndocObsFish","fhdStNm":"Rifle Creek","fhdGenus":"Salvelinus","fhdSp":"fontinalis","fhdSubSp":null,"fhdOrig":"NonNative","fhdProd":"Natural","fhdComment":null,"fhdESH":"NA","fhdBasisD":null,"fhdNMF":"no","fhdBasisDt":null,"fhdBasisNm":null,"fhdBasisEnt":null,"fhdBasisPrj":null,"fhdBasisMethod":null,"fhdAccess":null,"fhdBarrierFtrID":null,"fhdEndExtent":null,"Shape__Length":2059.871262624725,"habitatType":"stream"},"id":266},
{"type":"Feature","geometry":{"type":"LineString","coordinates":[[-120.927034,42.693211],[-120.926662,42.69198],[-120.926012,42.69123],[-120.923418,42.691093],[-120.921934,42.690822],[-120.92147,42.690138],[-120.918783,42.689662],[-120.917207,42.68966],[-120.915724,42.688364],[-120.915167,42.687403],[-120.913869,42.687065],[-120.913222,42.687611],[-120.912016,42.687954],[-120.911184,42.688979],[-120.909979,42.689731],[-120.908774,42.689939],[-120.906829,42.6898],[-120.906179,42.689459],[-120.904142,42.689188],[-120.90173,42.688437],[-120.900711,42.687274],[-120.900432,42.685428],[-120.900804,42.68502],[-120.901081,42.683584],[-120.900894,42.682149],[-120.900338,42.681603],[-120.899873,42.680302],[-120.89867,42.678871],[-120.89839,42.678186],[-120.898483,42.676135],[-120.89663,42.674907],[-120.895889,42.673673],[-120.896998,42.671488],[-120.897554,42.670939],[-120.899592,42.670324],[-120.900704,42.669575],[-120.902372,42.669781],[-120.905057,42.669028],[-120.906539,42.667862],[-120.907187,42.666086],[-120.907926,42.665267],[-120.909037,42.663149],[-120.909037,42.661577],[-120.909869,42.66021],[-120.908849,42.659115],[-120.908479,42.658159],[-120.908292,42.656179],[-120.909125,42.654811],[-120.909217,42.653507],[-120.909864,42.651664],[-120.911529,42.649204],[-120.911807,42.648111],[-120.912455,42.647497],[-120.913935,42.64688],[-120.915046,42.645716],[-120.914675,42.642846],[-120.914396,42.642233],[-120.914672,42.640594],[-120.913838,42.639156],[-120.914022,42.637449],[-120.913928,42.635398],[-120.913373,42.634717],[-120.914204,42.63376],[-120.914297,42.633077],[-120.916331,42.63116],[-120.919017,42.630885],[-120.920127,42.630544],[-120.922533,42.628972],[-120.922716,42.627399],[-120.923271,42.626441],[-120.922623,42.625691],[-120.922529,42.624185],[-120.922806,42.623299],[-120.92373,42.622001],[-120.923266,42.620633],[-120.924099,42.619743],[-120.925487,42.619403],[-120.928169,42.61653],[-120.93152,42.614594]]},"properties":{"OBJECTID":267,"fhdFtrID":257,"fhdRefID":53706,"fhdRevDt":"20190315","fhdONm":"Phillip Gaines","fhdOEnt":"USFS","fhdSpNm":"Brook trout","fhdRun":"NA","fhdLifeHst":"FluvRes","fhdUseTy":"Unknown","fhdBasis":"UndocObsFish","fhdStNm":"Paradise Creek","fhdGenus":"Salvelinus","fhdSp":"fontinalis","fhdSubSp":null,"fhdOrig":"NonNative","fhdProd":"Natural","fhdComment":null,"fhdESH":"NA","fhdBasisD":null,"fhdNMF":"no","fhdBasisDt":null,"fhdBasisNm":null,"fhdBasisEnt":null,"fhdBasisPrj":null,"fhdBasisMethod":null,"fhdAccess":null,"fhdBarrierFtrID":null,"fhdEndExtent":null,"Shape__Length":17764.615465504303,"habitatType":"stream"},"id":267},
{"type":"Feature","geometry":{"type":"LineString","coordinates":[[-120.913373,42.634717],[-120.912538,42.634373],[-120.912075,42.633347],[-120.910038,42.633143],[-120.907816,42.631504],[-120.90726,42.631368],[-120.905501,42.629454],[-120.904298,42.629112],[-120.903279,42.628225],[-120.902167,42.627884],[-120.901519,42.628976],[-120.899945,42.629933],[-120.899484,42.630758],[-120.898279,42.63137],[-120.896984,42.631441],[-120.895597,42.631168],[-120.89541,42.631714],[-120.893653,42.631848],[-120.892726,42.631165],[-120.890782,42.631237],[-120.887911,42.629802],[-120.884394,42.627067],[-120.881895,42.626998],[-120.879951,42.628092],[-120.879395,42.62905],[-120.879858,42.629734],[-120.879211,42.631987],[-120.878655,42.63267],[-120.876896,42.633628],[-120.874674,42.633969],[-120.870694,42.6339],[-120.869952,42.633629],[-120.868749,42.634309],[-120.86847,42.635065],[-120.867544,42.635678],[-120.866991,42.637046],[-120.865508,42.638617],[-120.863473,42.637453],[-120.861343,42.636702],[-120.861805,42.635269],[-120.860418,42.63356],[-120.857918,42.633625],[-120.856438,42.63267],[-120.855141,42.632124],[-120.853011,42.633966],[-120.850882,42.634309],[-120.850419,42.634651],[-120.849955,42.636358],[-120.850418,42.637519],[-120.849212,42.638955],[-120.848934,42.639639],[-120.849027,42.64128],[-120.848009,42.642373],[-120.84736,42.643603]]},"properties":{"OBJECTID":268,"fhdFtrID":258,"fhdRefID":53706,"fhdRevDt":"20190315","fhdONm":"Phillip Gaines","fhdOEnt":"USFS","fhdSpNm":"Brook trout","fhdRun":"NA","fhdLifeHst":"FluvRes","fhdUseTy":"Unknown","fhdBasis":"UndocObsFish","fhdStNm":"Watson Creek","fhdGenus":"Salvelinus","fhdSp":"fontinalis","fhdSubSp":null,"fhdOrig":"NonNative","fhdProd":"Natural","fhdComment":null,"fhdESH":"NA","fhdBasisD":null,"fhdNMF":"no","fhdBasisDt":null,"fhdBasisNm":null,"fhdBasisEnt":null,"fhdBasisPrj":null,"fhdBasisMethod":null,"fhdAccess":null,"fhdBarrierFtrID":null,"fhdEndExtent":null,"Shape__Length":12054.612893626369,"habitatType":"stream"},"id":268},
{"type":"Feature","geometry":{"type":"LineString","coordinates":[[-121.564986,45.29748],[-121.564571,45.297502],[-121.559671,45.302382],[-121.558921,45.303857],[-121.557961,45.303922],[-121.555662,45.305567],[-121.555469,45.306649],[-121.553969,45.307756],[-121.551574,45.309129],[-121.550327,45.3096],[-121.548221,45.30996],[-121.545538,45.310772],[-121.543398,45.310952],[-121.539725,45.312349],[-121.537937,45.312731],[-121.535541,45.313655],[-121.532761,45.315478],[-121.531005,45.316063],[-121.526821,45.316378],[-121.524649,45.316152],[-121.522094,45.316443],[-121.520211,45.316018],[-121.51657,45.315903],[-121.515293,45.315405],[-121.511973,45.314682],[-121.509388,45.313532],[-121.505367,45.310806],[-121.505017,45.310059],[-121.503803,45.309724],[-121.501857,45.30864],[-121.500043,45.307086],[-121.499594,45.30578],[-121.498924,45.30546],[-121.498858,45.304064],[-121.499847,45.303321],[-121.500357,45.301721],[-121.49879,45.299468],[-121.49796,45.299061],[-121.49633,45.297622],[-121.494702,45.297285],[-121.493455,45.295955],[-121.492657,45.295777],[-121.491699,45.294986],[-121.490166,45.294674],[-121.48809,45.293728],[-121.485888,45.294203],[-121.483556,45.292443],[-121.481768,45.291677],[-121.481895,45.290733],[-121.481065,45.290259],[-121.478607,45.28965],[-121.477265,45.28866],[-121.477488,45.287691],[-121.476211,45.287152],[-121.474551,45.286859],[-121.474136,45.286228],[-121.473147,45.286589],[-121.471997,45.285709],[-121.469763,45.285238],[-121.469571,45.284358],[-121.468645,45.284066],[-121.467719,45.283032],[-121.465006,45.282424],[-121.464145,45.281949],[-121.461622,45.281479],[-121.461718,45.280575],[-121.46108,45.279788],[-121.459484,45.279447],[-121.457377,45.277487],[-121.455622,45.277468],[-121.453707,45.2767],[-121.453579,45.276203],[-121.451728,45.27544],[-121.45109,45.27472],[-121.449462,45.273725],[-121.447579,45.272894],[-121.445442,45.272217],[-121.444261,45.270932],[-121.44308,45.270124],[-121.441389,45.269466],[-121.440432,45.268071],[-121.439411,45.267643],[-121.436253,45.26719],[-121.435454,45.26681],[-121.433221,45.266379],[-121.431754,45.266809],[-121.430222,45.266198],[-121.428403,45.2662],[-121.427032,45.265929],[-121.425213,45.266134],[-121.422118,45.265704],[-121.421161,45.264939],[-121.420204,45.265367],[-121.418608,45.265228],[-121.418099,45.264847],[-121.416599,45.264664],[-121.415642,45.264957],[-121.412835,45.263811],[-121.412197,45.263244],[-121.410091,45.262886],[-121.40923,45.26223],[-121.406679,45.261916],[-121.405275,45.262026],[-121.403392,45.261347],[-121.40167,45.261395],[-121.399852,45.260357],[-121.398418,45.259793],[-121.397046,45.258914],[-121.395611,45.258979],[-121.393889,45.25783],[-121.3929,45.257717],[-121.39121,45.256973],[-121.389265,45.255689],[-121.386938,45.255103],[-121.385822,45.25429],[-121.382855,45.254087],[-121.37992,45.254535],[-121.378582,45.253972],[-121.377337,45.254152],[-121.375879,45.253429],[-121.374698,45.253611],[-121.372051,45.253091],[-121.370296,45.253228],[-121.368446,45.252869],[-121.366117,45.253096],[-121.364394,45.252532],[-121.363756,45.252599],[-121.362513,45.253504],[-121.361779,45.253502],[-121.360727,45.252848],[-121.359004,45.253165],[-121.357919,45.252627],[-121.355304,45.253751],[-121.353296,45.255333],[-121.35001,45.256191],[-121.349053,45.255583],[-121.347873,45.255647],[-121.346724,45.256598],[-121.344364,45.256707],[-121.343216,45.257159],[-121.342866,45.258626],[-121.340442,45.259774],[-121.340219,45.261058],[-121.33856,45.261443],[-121.338178,45.262185],[-121.335913,45.264213],[-121.335849,45.265612],[-121.335116,45.266605],[-121.334063,45.266491],[-121.33301,45.266876],[-121.331989,45.266334],[-121.33017,45.266087],[-121.329532,45.266469],[-121.328033,45.266605],[-121.325416,45.267147],[-121.324332,45.26701],[-121.321747,45.267395],[-121.321046,45.267686],[-121.319131,45.267734],[-121.317408,45.266899],[-121.313707,45.266471],[-121.312335,45.265793],[-121.308825,45.265413],[-121.308091,45.265051],[-121.305507,45.265368],[-121.30487,45.264305],[-121.304199,45.264079],[-121.302285,45.264667],[-121.300882,45.264485],[-121.299445,45.265228],[-121.29817,45.263494],[-121.296032,45.263719],[-121.29431,45.26309],[-121.293033,45.263427],[-121.292874,45.262277],[-121.291503,45.262094],[-121.290417,45.263131],[-121.288599,45.262591],[-121.287099,45.262501],[-121.285983,45.262052],[-121.285856,45.26106],[-121.284708,45.260696],[-121.284292,45.261351],[-121.283017,45.261868],[-121.28174,45.261664],[-121.279763,45.26063],[-121.277944,45.260472],[-121.276764,45.261103],[-121.274978,45.261008],[-121.271851,45.260313],[-121.269524,45.259229],[-121.268435,45.259291],[-121.267035,45.258957],[-121.265982,45.259067],[-121.263782,45.258844],[-121.262507,45.257353],[-121.259925,45.255977],[-121.25632,45.256134],[-121.254375,45.255843],[-121.252204,45.256269],[-121.250153,45.257349],[-121.248023,45.2581],[-121.244155,45.258373],[-121.242741,45.25868],[-121.241288,45.258631],[-121.23831,45.257694],[-121.236691,45.258155],[-121.235591,45.25902],[-121.23475,45.259133],[-121.232193,45.258931],[-121.23135,45.258657],[-121.231026,45.257464],[-121.229505,45.257152],[-121.229085,45.25612],[-121.226007,45.254497],[-121.225813,45.25363],[-121.224455,45.25404],[-121.223321,45.253924],[-121.221929,45.253038],[-121.220894,45.252941],[-121.218953,45.253703],[-121.218337,45.254386],[-121.216397,45.255823],[-121.215266,45.25631],[-121.213809,45.256557],[-121.211575,45.256261],[-121.209343,45.256631],[-121.209019,45.25722],[-121.207174,45.25747],[-121.202384,45.256702],[-121.201025,45.256996],[-121.200344,45.256697],[-121.199336,45.255523],[-121.196829,45.254841],[-121.196195,45.255139]]},"properties":{"OBJECTID":269,"fhdFtrID":259,"fhdRefID":53684,"fhdRevDt":"20190313","fhdONm":"Peter Robinson","fhdOEnt":"ODFW","fhdSpNm":"Brook trout","fhdRun":"NA","fhdLifeHst":"FluvRes","fhdUseTy":"Unknown","fhdBasis":"UndocObsFish","fhdStNm":"Badger Creek","fhdGenus":"Salvelinus","fhdSp":"fontinalis","fhdSubSp":null,"fhdOrig":"NonNative","fhdProd":"Natural","fhdComment":null,"fhdESH":"NA","fhdBasisD":null,"fhdNMF":"no","fhdBasisDt":null,"fhdBasisNm":null,"fhdBasisEnt":null,"fhdBasisPrj":null,"fhdBasisMethod":null,"fhdAccess":null,"fhdBarrierFtrID":null,"fhdEndExtent":null,"Shape__Length":53055.55110803247,"habitatType":"stream"},"id":269},
{"type":"Feature","geometry":{"type":"LineString","coordinates":[[-120.956237,42.634968],[-120.955312,42.635514],[-120.951517,42.635856],[-120.9505,42.63668],[-120.949294,42.636406],[-120.947075,42.636817],[-120.945778,42.636546],[-120.944852,42.637025],[-120.943094,42.637434],[-120.941521,42.638532],[-120.94004,42.639077],[-120.938651,42.638804],[-120.936338,42.639078],[-120.934022,42.638739],[-120.93328,42.638397],[-120.932262,42.638536],[-120.930874,42.639218],[-120.929765,42.640584],[-120.929395,42.642023],[-120.928471,42.642362],[-120.927545,42.643322],[-120.927824,42.644894],[-120.927454,42.645851],[-120.927825,42.647218],[-120.928106,42.649744],[-120.927459,42.650359],[-120.92672,42.653096],[-120.927369,42.654598],[-120.927835,42.656444],[-120.926448,42.660066],[-120.926079,42.660546],[-120.926265,42.662868],[-120.925713,42.66478],[-120.924786,42.66697],[-120.925251,42.667789],[-120.924603,42.668403],[-120.924789,42.669568],[-120.923957,42.670863],[-120.920994,42.672642],[-120.920345,42.672644],[-120.918493,42.6736],[-120.917938,42.675653],[-120.918218,42.67695],[-120.917848,42.678249],[-120.916922,42.679344],[-120.917016,42.680571],[-120.918036,42.682075],[-120.917852,42.685084],[-120.918319,42.688771],[-120.918783,42.689662]]},"properties":{"OBJECTID":270,"fhdFtrID":260,"fhdRefID":53706,"fhdRevDt":"20190315","fhdONm":"Phillip Gaines","fhdOEnt":"USFS","fhdSpNm":"Brook trout","fhdRun":"NA","fhdLifeHst":"FluvRes","fhdUseTy":"Unknown","fhdBasis":"UndocObsFish","fhdStNm":"Crazy Creek","fhdGenus":"Salvelinus","fhdSp":"fontinalis","fhdSubSp":null,"fhdOrig":"NonNative","fhdProd":"Natural","fhdComment":null,"fhdESH":"NA","fhdBasisD":null,"fhdNMF":"no","fhdBasisDt":null,"fhdBasisNm":null,"fhdBasisEnt":null,"fhdBasisPrj":null,"fhdBasisMethod":null,"fhdAccess":null,"fhdBarrierFtrID":null,"fhdEndExtent":null,"Shape__Length":11815.082586281493,"habitatType":"stream"},"id":270},
{"type":"Feature","geometry":{"type":"LineString","coordinates":[[-120.770774,42.669105],[-120.772038,42.667413],[-120.77417,42.66632],[-120.775007,42.665161],[-120.777416,42.663929],[-120.780104,42.663454],[-120.781958,42.662774],[-120.783441,42.661817],[-120.784185,42.660381],[-120.78474,42.659973]]},"properties":{"OBJECTID":271,"fhdFtrID":261,"fhdRefID":53706,"fhdRevDt":"20190315","fhdONm":"Phillip Gaines","fhdOEnt":"USFS","fhdSpNm":"Brook trout","fhdRun":"NA","fhdLifeHst":"FluvRes","fhdUseTy":"Unknown","fhdBasis":"UndocObsFish","fhdStNm":"Boulder Creek","fhdGenus":"Salvelinus","fhdSp":"fontinalis","fhdSubSp":null,"fhdOrig":"NonNative","fhdProd":"Natural","fhdComment":null,"fhdESH":"NA","fhdBasisD":null,"fhdNMF":"no","fhdBasisDt":null,"fhdBasisNm":null,"fhdBasisEnt":null,"fhdBasisPrj":null,"fhdBasisMethod":null,"fhdAccess":null,"fhdBarrierFtrID":null,"fhdEndExtent":null,"Shape__Length":2203.0450669404754,"habitatType":"stream"},"id":271},
{"type":"Feature","geometry":{"type":"LineString","coordinates":[[-120.817286,42.459447],[-120.81636,42.458826],[-120.815156,42.457178],[-120.813674,42.456424],[-120.810985,42.456422],[-120.808391,42.455873],[-120.807742,42.456352],[-120.80561,42.455253],[-120.804591,42.455251],[-120.80209,42.454082],[-120.801072,42.453121],[-120.800609,42.452095],[-120.798295,42.449966],[-120.797557,42.447426],[-120.796075,42.446532],[-120.795522,42.445158],[-120.794875,42.444744]]},"properties":{"OBJECTID":272,"fhdFtrID":262,"fhdRefID":53706,"fhdRevDt":"20190315","fhdONm":"Phillip Gaines","fhdOEnt":"USFS","fhdSpNm":"Brook trout","fhdRun":"NA","fhdLifeHst":"FluvRes","fhdUseTy":"Unknown","fhdBasis":"UndocObsFish","fhdStNm":"Camp Creek","fhdGenus":"Salvelinus","fhdSp":"fontinalis","fhdSubSp":null,"fhdOrig":"NonNative","fhdProd":"Natural","fhdComment":null,"fhdESH":"NA","fhdBasisD":null,"fhdNMF":"no","fhdBasisDt":null,"fhdBasisNm":null,"fhdBasisEnt":null,"fhdBasisPrj":null,"fhdBasisMethod":null,"fhdAccess":null,"fhdBarrierFtrID":null,"fhdEndExtent":null,"Shape__Length":3922.7547142137355,"habitatType":"stream"},"id":272},
{"type":"Feature","geometry":{"type":"LineString","coordinates":[[-120.772943,42.400785],[-120.775678,42.399576],[-120.778086,42.399925],[-120.779288,42.40061],[-120.780215,42.400749],[-120.782993,42.399583],[-120.783459,42.398624],[-120.784293,42.398073],[-120.786053,42.397666],[-120.787907,42.396706],[-120.78939,42.395542],[-120.791244,42.39465],[-120.791892,42.394032],[-120.79245,42.392867],[-120.793932,42.391424],[-120.797452,42.390947],[-120.800321,42.390196],[-120.802267,42.390057]]},"properties":{"OBJECTID":273,"fhdFtrID":263,"fhdRefID":53706,"fhdRevDt":"20190315","fhdONm":"Phillip Gaines","fhdOEnt":"USFS","fhdSpNm":"Brook trout","fhdRun":"NA","fhdLifeHst":"FluvRes","fhdUseTy":"Unknown","fhdBasis":"UndocObsFish","fhdStNm":"Buckboard Creek","fhdGenus":"Salvelinus","fhdSp":"fontinalis","fhdSubSp":null,"fhdOrig":"NonNative","fhdProd":"Natural","fhdComment":null,"fhdESH":"NA","fhdBasisD":null,"fhdNMF":"no","fhdBasisDt":null,"fhdBasisNm":null,"fhdBasisEnt":null,"fhdBasisPrj":null,"fhdBasisMethod":null,"fhdAccess":null,"fhdBarrierFtrID":null,"fhdEndExtent":null,"Shape__Length":4079.0502545011445,"habitatType":"stream"},"id":273},
{"type":"Feature","geometry":{"type":"LineString","coordinates":[[-120.819673,42.265222],[-120.820346,42.265929],[-120.821176,42.266066],[-120.823208,42.267095],[-120.823022,42.268263],[-120.824222,42.269087],[-120.825239,42.269088],[-120.826533,42.269635],[-120.827547,42.271284],[-120.827546,42.271766],[-120.830779,42.273822],[-120.831239,42.274578],[-120.832809,42.27554],[-120.835121,42.276227]]},"properties":{"OBJECTID":274,"fhdFtrID":264,"fhdRefID":53706,"fhdRevDt":"20190315","fhdONm":"Phillip Gaines","fhdOEnt":"USFS","fhdSpNm":"Brook trout","fhdRun":"NA","fhdLifeHst":"FluvRes","fhdUseTy":"Unknown","fhdBasis":"UndocObsFish","fhdStNm":"Fishhole Creek","fhdGenus":"Salvelinus","fhdSp":"fontinalis","fhdSubSp":null,"fhdOrig":"NonNative","fhdProd":"Natural","fhdComment":null,"fhdESH":"NA","fhdBasisD":null,"fhdNMF":"no","fhdBasisDt":null,"fhdBasisNm":null,"fhdBasisEnt":null,"fhdBasisPrj":null,"fhdBasisMethod":null,"fhdAccess":null,"fhdBarrierFtrID":null,"fhdEndExtent":null,"Shape__Length":2667.5836162841965,"habitatType":"stream"},"id":274},
{"type":"Feature","geometry":{"type":"LineString","coordinates":[[-120.825256,42.460202],[-120.8247,42.460408],[-120.822384,42.460269],[-120.821643,42.459926],[-120.818305,42.459651],[-120.817286,42.459447]]},"properties":{"OBJECTID":275,"fhdFtrID":265,"fhdRefID":53706,"fhdRevDt":"20190315","fhdONm":"Phillip Gaines","fhdOEnt":"USFS","fhdSpNm":"Brook trout","fhdRun":"NA","fhdLifeHst":"FluvRes","fhdUseTy":"Unknown","fhdBasis":"UndocObsFish","fhdStNm":"Unnamed trib to Camp Creek","fhdGenus":"Salvelinus","fhdSp":"fontinalis","fhdSubSp":null,"fhdOrig":"NonNative","fhdProd":"Natural","fhdComment":null,"fhdESH":"NA","fhdBasisD":null,"fhdNMF":"no","fhdBasisDt":null,"fhdBasisNm":null,"fhdBasisEnt":null,"fhdBasisPrj":null,"fhdBasisMethod":null,"fhdAccess":null,"fhdBarrierFtrID":null,"fhdEndExtent":null,"Shape__Length":924.220058540567,"habitatType":"stream"},"id":275},
{"type":"Feature","geometry":{"type":"LineString","coordinates":[[-120.217068,42.082323],[-120.214179,42.083099],[-120.213255,42.083586],[-120.212057,42.085929],[-120.211318,42.086618],[-120.210948,42.087515],[-120.2091,42.088271],[-120.206973,42.089376],[-120.202257,42.090756]]},"properties":{"OBJECTID":276,"fhdFtrID":266,"fhdRefID":53706,"fhdRevDt":"20190315","fhdONm":"Phillip Gaines","fhdOEnt":"USFS","fhdSpNm":"Brook trout","fhdRun":"NA","fhdLifeHst":"FluvRes","fhdUseTy":"Unknown","fhdBasis":"UndocObsFish","fhdStNm":"Willow Creek","fhdGenus":"Salvelinus","fhdSp":"fontinalis","fhdSubSp":null,"fhdOrig":"NonNative","fhdProd":"Natural","fhdComment":null,"fhdESH":"NA","fhdBasisD":null,"fhdNMF":"no","fhdBasisDt":null,"fhdBasisNm":null,"fhdBasisEnt":null,"fhdBasisPrj":null,"fhdBasisMethod":null,"fhdAccess":null,"fhdBarrierFtrID":null,"fhdEndExtent":null,"Shape__Length":2242.5212301670126,"habitatType":"stream"},"id":276},
{"type":"Feature","geometry":{"type":"LineString","coordinates":[[-120.198541,42.078909],[-120.197435,42.080287],[-120.198175,42.081323],[-120.198732,42.082768],[-120.199474,42.083664],[-120.19966,42.084628],[-120.201234,42.086625],[-120.201145,42.088622],[-120.202072,42.089932],[-120.202257,42.090756]]},"properties":{"OBJECTID":277,"fhdFtrID":267,"fhdRefID":53706,"fhdRevDt":"20190315","fhdONm":"Phillip Gaines","fhdOEnt":"USFS","fhdSpNm":"Brook trout","fhdRun":"NA","fhdLifeHst":"FluvRes","fhdUseTy":"Unknown","fhdBasis":"UndocObsFish","fhdStNm":"Unnamed trib to Willow Creek","fhdGenus":"Salvelinus","fhdSp":"fontinalis","fhdSubSp":null,"fhdOrig":"NonNative","fhdProd":"Natural","fhdComment":null,"fhdESH":"NA","fhdBasisD":null,"fhdNMF":"no","fhdBasisDt":null,"fhdBasisNm":null,"fhdBasisEnt":null,"fhdBasisPrj":null,"fhdBasisMethod":null,"fhdAccess":null,"fhdBarrierFtrID":null,"fhdEndExtent":null,"Shape__Length":1974.0980139739297,"habitatType":"stream"},"id":277},
{"type":"Feature","geometry":{"type":"LineString","coordinates":[[-120.203811,42.281802],[-120.200047,42.27848],[-120.198751,42.276629],[-120.197456,42.27581],[-120.195144,42.275118],[-120.194127,42.274161],[-120.193201,42.272378],[-120.192091,42.271419],[-120.191165,42.269843],[-120.190149,42.268814],[-120.188577,42.268262],[-120.18793,42.267715],[-120.18525,42.267307],[-120.18488,42.26696]]},"properties":{"OBJECTID":278,"fhdFtrID":268,"fhdRefID":53706,"fhdRevDt":"20190315","fhdONm":"Phillip Gaines","fhdOEnt":"USFS","fhdSpNm":"Brook trout","fhdRun":"NA","fhdLifeHst":"FluvRes","fhdUseTy":"Unknown","fhdBasis":"UndocObsFish","fhdStNm":"Mud Creek","fhdGenus":"Salvelinus","fhdSp":"fontinalis","fhdSubSp":null,"fhdOrig":"NonNative","fhdProd":"Natural","fhdComment":null,"fhdESH":"NA","fhdBasisD":null,"fhdNMF":"no","fhdBasisDt":null,"fhdBasisNm":null,"fhdBasisEnt":null,"fhdBasisPrj":null,"fhdBasisMethod":null,"fhdAccess":null,"fhdBarrierFtrID":null,"fhdEndExtent":null,"Shape__Length":3297.422816736106,"habitatType":"stream"},"id":278},
{"type":"Feature","geometry":{"type":"LineString","coordinates":[[-120.107414,42.214316],[-120.106079,42.214955],[-120.104869,42.216096],[-120.101518,42.216454],[-120.099644,42.217283],[-120.097416,42.219374],[-120.096501,42.220433],[-120.095483,42.221048],[-120.094435,42.220982],[-120.092958,42.220423],[-120.0916,42.219304],[-120.090839,42.219068],[-120.088618,42.219299],[-120.087311,42.219239],[-120.085525,42.218186],[-120.08548,42.217357],[-120.083399,42.215536],[-120.08362,42.214812],[-120.082142,42.213287]]},"properties":{"OBJECTID":279,"fhdFtrID":269,"fhdRefID":53706,"fhdRevDt":"20190315","fhdONm":"Phillip Gaines","fhdOEnt":"USFS","fhdSpNm":"Brook trout","fhdRun":"NA","fhdLifeHst":"FluvRes","fhdUseTy":"Unknown","fhdBasis":"UndocObsFish","fhdStNm":"Camas Creek","fhdGenus":"Salvelinus","fhdSp":"fontinalis","fhdSubSp":null,"fhdOrig":"NonNative","fhdProd":"Natural","fhdComment":null,"fhdESH":"NA","fhdBasisD":null,"fhdNMF":"no","fhdBasisDt":null,"fhdBasisNm":null,"fhdBasisEnt":null,"fhdBasisPrj":null,"fhdBasisMethod":null,"fhdAccess":null,"fhdBarrierFtrID":null,"fhdEndExtent":null,"Shape__Length":4253.466072078401,"habitatType":"stream"},"id":279},
{"type":"Feature","geometry":{"type":"LineString","coordinates":[[-120.232081,42.212147],[-120.2294,42.21215],[-120.227084,42.214012],[-120.225138,42.214014],[-120.224583,42.214361],[-120.222266,42.215052],[-120.221803,42.215464],[-120.220783,42.21512],[-120.217633,42.217259],[-120.216706,42.217124],[-120.214668,42.218434],[-120.211701,42.218159],[-120.210866,42.217473],[-120.20827,42.217751],[-120.20762,42.217542],[-120.206694,42.218163],[-120.205117,42.217202],[-120.203819,42.217477],[-120.200945,42.217343],[-120.200573,42.2161],[-120.198995,42.21631],[-120.197512,42.216035],[-120.196863,42.216654],[-120.194732,42.216723],[-120.19297,42.217072],[-120.190652,42.216727],[-120.188057,42.216042],[-120.183513,42.215903],[-120.182029,42.215561],[-120.180823,42.21577],[-120.18036,42.215425],[-120.17897,42.215422],[-120.176001,42.214116],[-120.175351,42.213496],[-120.174145,42.213498],[-120.17183,42.214256],[-120.171365,42.213636],[-120.170067,42.213843],[-120.168861,42.213705],[-120.167195,42.214808]]},"properties":{"OBJECTID":280,"fhdFtrID":270,"fhdRefID":53706,"fhdRevDt":"20190315","fhdONm":"Phillip Gaines","fhdOEnt":"USFS","fhdSpNm":"Brook trout","fhdRun":"NA","fhdLifeHst":"FluvRes","fhdUseTy":"Unknown","fhdBasis":"UndocObsFish","fhdStNm":"Camas Creek","fhdGenus":"Salvelinus","fhdSp":"fontinalis","fhdSubSp":null,"fhdOrig":"NonNative","fhdProd":"Natural","fhdComment":null,"fhdESH":"NA","fhdBasisD":null,"fhdNMF":"no","fhdBasisDt":null,"fhdBasisNm":null,"fhdBasisEnt":null,"fhdBasisPrj":null,"fhdBasisMethod":null,"fhdAccess":null,"fhdBarrierFtrID":null,"fhdEndExtent":null,"Shape__Length":9155.763175968214,"habitatType":"stream"},"id":280},
{"type":"Feature","geometry":{"type":"LineString","coordinates":[[-120.19441,42.403709],[-120.194103,42.401939],[-120.194377,42.399608],[-120.19558,42.397616],[-120.200851,42.393153],[-120.202312,42.393332],[-120.205402,42.39218],[-120.208693,42.390149],[-120.211767,42.386075],[-120.213524,42.384733]]},"properties":{"OBJECTID":281,"fhdFtrID":271,"fhdRefID":53706,"fhdRevDt":"20190315","fhdONm":"Phillip Gaines","fhdOEnt":"USFS","fhdSpNm":"Brook trout","fhdRun":"NA","fhdLifeHst":"FluvRes","fhdUseTy":"Unknown","fhdBasis":"UndocObsFish","fhdStNm":"Little Honey Creek","fhdGenus":"Salvelinus","fhdSp":"fontinalis","fhdSubSp":null,"fhdOrig":"NonNative","fhdProd":"Natural","fhdComment":null,"fhdESH":"NA","fhdBasisD":null,"fhdNMF":"no","fhdBasisDt":null,"fhdBasisNm":null,"fhdBasisEnt":null,"fhdBasisPrj":null,"fhdBasisMethod":null,"fhdAccess":null,"fhdBarrierFtrID":null,"fhdEndExtent":null,"Shape__Length":3900.0751212380414,"habitatType":"stream"},"id":281},
{"type":"Feature","geometry":{"type":"LineString","coordinates":[[-120.607109,42.643578],[-120.606425,42.643331],[-120.606611,42.641349],[-120.606888,42.640666],[-120.606425,42.640053],[-120.605314,42.639508],[-120.603278,42.639506],[-120.60189,42.639094],[-120.602167,42.638343],[-120.603742,42.637935],[-120.605037,42.636841],[-120.605686,42.635679],[-120.605501,42.634788],[-120.603559,42.632123],[-120.603097,42.631033],[-120.604393,42.62871],[-120.605506,42.627274],[-120.604672,42.626108],[-120.60495,42.625358],[-120.604765,42.624264],[-120.605878,42.620848],[-120.605508,42.618728],[-120.606156,42.617089],[-120.605787,42.615789],[-120.604953,42.614426],[-120.604769,42.61326],[-120.605047,42.612235],[-120.604677,42.611624],[-120.601624,42.611691],[-120.600328,42.610596],[-120.600421,42.609365],[-120.599868,42.60752],[-120.598664,42.60677],[-120.59737,42.604514],[-120.598113,42.601914],[-120.598852,42.600344],[-120.599038,42.599182],[-120.598761,42.598361],[-120.600796,42.596383],[-120.603017,42.595835],[-120.603758,42.593648],[-120.602463,42.593099],[-120.602371,42.59221],[-120.601355,42.589681],[-120.60154,42.588793],[-120.600522,42.587975],[-120.600522,42.587223],[-120.601171,42.586197],[-120.602098,42.583397],[-120.600247,42.583192]]},"properties":{"OBJECTID":282,"fhdFtrID":272,"fhdRefID":53706,"fhdRevDt":"20190315","fhdONm":"Phillip Gaines","fhdOEnt":"USFS","fhdSpNm":"Brook trout","fhdRun":"NA","fhdLifeHst":"FluvRes","fhdUseTy":"Unknown","fhdBasis":"UndocObsFish","fhdStNm":"Chewaucan River","fhdGenus":"Salvelinus","fhdSp":"fontinalis","fhdSubSp":null,"fhdOrig":"NonNative","fhdProd":"Natural","fhdComment":null,"fhdESH":"NA","fhdBasisD":null,"fhdNMF":"no","fhdBasisDt":null,"fhdBasisNm":null,"fhdBasisEnt":null,"fhdBasisPrj":null,"fhdBasisMethod":null,"fhdAccess":null,"fhdBarrierFtrID":null,"fhdEndExtent":null,"Shape__Length":11550.857191722456,"habitatType":"stream"},"id":282},
{"type":"Feature","geometry":{"type":"LineString","coordinates":[[-120.748549,42.435585],[-120.74762,42.434554],[-120.746321,42.433939],[-120.743633,42.433323],[-120.742148,42.432708],[-120.738717,42.430925],[-120.734731,42.429833],[-120.73297,42.429767],[-120.731023,42.429013],[-120.728243,42.428399]]},"properties":{"OBJECTID":283,"fhdFtrID":273,"fhdRefID":53706,"fhdRevDt":"20190315","fhdONm":"Phillip Gaines","fhdOEnt":"USFS","fhdSpNm":"Brook trout","fhdRun":"NA","fhdLifeHst":"FluvRes","fhdUseTy":"Unknown","fhdBasis":"UndocObsFish","fhdStNm":"Deer Creek","fhdGenus":"Salvelinus","fhdSp":"fontinalis","fhdSubSp":null,"fhdOrig":"NonNative","fhdProd":"Natural","fhdComment":null,"fhdESH":"NA","fhdBasisD":null,"fhdNMF":"no","fhdBasisDt":null,"fhdBasisNm":null,"fhdBasisEnt":null,"fhdBasisPrj":null,"fhdBasisMethod":null,"fhdAccess":null,"fhdBarrierFtrID":null,"fhdEndExtent":null,"Shape__Length":2620.2096888759006,"habitatType":"stream"},"id":283},
{"type":"Feature","geometry":{"type":"LineString","coordinates":[[-120.716356,42.461599],[-120.716995,42.464093],[-120.71904,42.46697],[-120.718766,42.468617]]},"properties":{"OBJECTID":284,"fhdFtrID":274,"fhdRefID":53706,"fhdRevDt":"20190315","fhdONm":"Phillip Gaines","fhdOEnt":"USFS","fhdSpNm":"Brook trout","fhdRun":"NA","fhdLifeHst":"FluvRes","fhdUseTy":"Unknown","fhdBasis":"UndocObsFish","fhdStNm":"Teepee Creek","fhdGenus":"Salvelinus","fhdSp":"fontinalis","fhdSubSp":null,"fhdOrig":"NonNative","fhdProd":"Natural","fhdComment":null,"fhdESH":"NA","fhdBasisD":null,"fhdNMF":"no","fhdBasisDt":null,"fhdBasisNm":null,"fhdBasisEnt":null,"fhdBasisPrj":null,"fhdBasisMethod":null,"fhdAccess":null,"fhdBarrierFtrID":null,"fhdEndExtent":null,"Shape__Length":1135.628378560721,"habitatType":"stream"},"id":284},
{"type":"Feature","geometry":{"type":"LineString","coordinates":[[-120.755806,42.515189],[-120.752732,42.513959],[-120.751165,42.512388],[-120.749278,42.511293],[-120.746593,42.508976],[-120.744744,42.508088],[-120.743081,42.507952],[-120.741974,42.508227],[-120.740679,42.507544],[-120.739201,42.508092],[-120.738,42.507618],[-120.736983,42.507688],[-120.735137,42.507413],[-120.733013,42.5081],[-120.731812,42.508171],[-120.730149,42.507899]]},"properties":{"OBJECTID":285,"fhdFtrID":275,"fhdRefID":53706,"fhdRevDt":"20190315","fhdONm":"Phillip Gaines","fhdOEnt":"USFS","fhdSpNm":"Brook trout","fhdRun":"NA","fhdLifeHst":"FluvRes","fhdUseTy":"Unknown","fhdBasis":"UndocObsFish","fhdStNm":"Dead Horse Creek","fhdGenus":"Salvelinus","fhdSp":"fontinalis","fhdSubSp":null,"fhdOrig":"NonNative","fhdProd":"Natural","fhdComment":null,"fhdESH":"NA","fhdBasisD":null,"fhdNMF":"no","fhdBasisDt":null,"fhdBasisNm":null,"fhdBasisEnt":null,"fhdBasisPrj":null,"fhdBasisMethod":null,"fhdAccess":null,"fhdBarrierFtrID":null,"fhdEndExtent":null,"Shape__Length":3513.5616252986474,"habitatType":"stream"},"id":285},
{"type":"Feature","geometry":{"type":"LineString","coordinates":[[-120.705004,42.539908],[-120.704147,42.539287],[-120.702758,42.537647],[-120.701181,42.534027],[-120.70007,42.533073],[-120.697296,42.53109],[-120.695262,42.530067],[-120.694152,42.529113],[-120.693136,42.528975],[-120.689623,42.52877],[-120.688049,42.527202],[-120.686847,42.526656],[-120.682136,42.526385],[-120.679918,42.52666],[-120.678717,42.52714]]},"properties":{"OBJECTID":286,"fhdFtrID":276,"fhdRefID":53706,"fhdRevDt":"20190315","fhdONm":"Phillip Gaines","fhdOEnt":"USFS","fhdSpNm":"Brook trout","fhdRun":"NA","fhdLifeHst":"FluvRes","fhdUseTy":"Unknown","fhdBasis":"UndocObsFish","fhdStNm":"Beaver Creek","fhdGenus":"Salvelinus","fhdSp":"fontinalis","fhdSubSp":null,"fhdOrig":"NonNative","fhdProd":"Natural","fhdComment":null,"fhdESH":"NA","fhdBasisD":null,"fhdNMF":"no","fhdBasisDt":null,"fhdBasisNm":null,"fhdBasisEnt":null,"fhdBasisPrj":null,"fhdBasisMethod":null,"fhdAccess":null,"fhdBarrierFtrID":null,"fhdEndExtent":null,"Shape__Length":4052.035663252512,"habitatType":"stream"},"id":286},
{"type":"Feature","geometry":{"type":"LineString","coordinates":[[-120.699879,42.52781],[-120.699138,42.526786],[-120.697936,42.526582],[-120.697197,42.52699],[-120.695997,42.526993],[-120.695814,42.527742],[-120.693136,42.528975]]},"properties":{"OBJECTID":287,"fhdFtrID":277,"fhdRefID":53706,"fhdRevDt":"20190315","fhdONm":"Phillip Gaines","fhdOEnt":"USFS","fhdSpNm":"Brook trout","fhdRun":"NA","fhdLifeHst":"FluvRes","fhdUseTy":"Unknown","fhdBasis":"UndocObsFish","fhdStNm":"South Fork Beaver Creek","fhdGenus":"Salvelinus","fhdSp":"fontinalis","fhdSubSp":null,"fhdOrig":"NonNative","fhdProd":"Natural","fhdComment":null,"fhdESH":"NA","fhdBasisD":null,"fhdNMF":"no","fhdBasisDt":null,"fhdBasisNm":null,"fhdBasisEnt":null,"fhdBasisPrj":null,"fhdBasisMethod":null,"fhdAccess":null,"fhdBarrierFtrID":null,"fhdEndExtent":null,"Shape__Length":1049.5219173276255,"habitatType":"stream"},"id":287},
{"type":"Feature","geometry":{"type":"LineString","coordinates":[[-120.711429,42.519336],[-120.708458,42.518305],[-120.707163,42.517483],[-120.705868,42.51598],[-120.705588,42.514889],[-120.704016,42.512773],[-120.703642,42.511063],[-120.702256,42.51004],[-120.700777,42.509903],[-120.699759,42.509081],[-120.697357,42.507785],[-120.696154,42.506897],[-120.695414,42.506008],[-120.693936,42.5056],[-120.693011,42.504848],[-120.691807,42.50232],[-120.690237,42.501505],[-120.689958,42.500545],[-120.689126,42.500001],[-120.68885,42.499244],[-120.687643,42.498562],[-120.687363,42.497872],[-120.685787,42.497259]]},"properties":{"OBJECTID":288,"fhdFtrID":278,"fhdRefID":53706,"fhdRevDt":"20190315","fhdONm":"Phillip Gaines","fhdOEnt":"USFS","fhdSpNm":"Brook trout","fhdRun":"NA","fhdLifeHst":"FluvRes","fhdUseTy":"Unknown","fhdBasis":"UndocObsFish","fhdStNm":"North Fork Augur Creek","fhdGenus":"Salvelinus","fhdSp":"fontinalis","fhdSubSp":null,"fhdOrig":"NonNative","fhdProd":"Natural","fhdComment":null,"fhdESH":"NA","fhdBasisD":null,"fhdNMF":"no","fhdBasisDt":null,"fhdBasisNm":null,"fhdBasisEnt":null,"fhdBasisPrj":null,"fhdBasisMethod":null,"fhdAccess":null,"fhdBarrierFtrID":null,"fhdEndExtent":null,"Shape__Length":4792.307487753286,"habitatType":"stream"},"id":288},
{"type":"Feature","geometry":{"type":"LineString","coordinates":[[-120.788712,42.491062],[-120.787292,42.491128],[-120.784881,42.49065],[-120.783214,42.490027],[-120.780987,42.490097],[-120.779039,42.49037],[-120.777182,42.491257],[-120.776625,42.491259],[-120.773837,42.494276],[-120.77365,42.494894]]},"properties":{"OBJECTID":289,"fhdFtrID":279,"fhdRefID":53706,"fhdRevDt":"20190315","fhdONm":"Phillip Gaines","fhdOEnt":"USFS","fhdSpNm":"Brook trout","fhdRun":"NA","fhdLifeHst":"FluvRes","fhdUseTy":"Unknown","fhdBasis":"UndocObsFish","fhdStNm":"Little Cougar Creek","fhdGenus":"Salvelinus","fhdSp":"fontinalis","fhdSubSp":null,"fhdOrig":"NonNative","fhdProd":"Natural","fhdComment":null,"fhdESH":"NA","fhdBasisD":null,"fhdNMF":"no","fhdBasisDt":null,"fhdBasisNm":null,"fhdBasisEnt":null,"fhdBasisPrj":null,"fhdBasisMethod":null,"fhdAccess":null,"fhdBarrierFtrID":null,"fhdEndExtent":null,"Shape__Length":2109.4870471678264,"habitatType":"stream"},"id":289},
{"type":"Feature","geometry":{"type":"LineString","coordinates":[[-120.797455,42.504566],[-120.799394,42.504023],[-120.800228,42.503409],[-120.801428,42.503409],[-120.802537,42.504227],[-120.80383,42.504162],[-120.804844,42.504708],[-120.80623,42.50505],[-120.807523,42.505052],[-120.808355,42.504645],[-120.809646,42.505192],[-120.811031,42.505192],[-120.813246,42.506972],[-120.81611,42.507315],[-120.818696,42.506905],[-120.821654,42.50588],[-120.825072,42.505266],[-120.827566,42.504583],[-120.828766,42.504039],[-120.830984,42.503698]]},"properties":{"OBJECTID":290,"fhdFtrID":280,"fhdRefID":53706,"fhdRevDt":"20190315","fhdONm":"Phillip Gaines","fhdOEnt":"USFS","fhdSpNm":"Brook trout","fhdRun":"NA","fhdLifeHst":"FluvRes","fhdUseTy":"Unknown","fhdBasis":"UndocObsFish","fhdStNm":"Dairy Creek","fhdGenus":"Salvelinus","fhdSp":"fontinalis","fhdSubSp":null,"fhdOrig":"NonNative","fhdProd":"Natural","fhdComment":null,"fhdESH":"NA","fhdBasisD":null,"fhdNMF":"no","fhdBasisDt":null,"fhdBasisNm":null,"fhdBasisEnt":null,"fhdBasisPrj":null,"fhdBasisMethod":null,"fhdAccess":null,"fhdBarrierFtrID":null,"fhdEndExtent":null,"Shape__Length":4367.356657310701,"habitatType":"stream"},"id":290},
{"type":"Feature","geometry":{"type":"LineString","coordinates":[[-121.776026,45.21627],[-121.776412,45.21526],[-121.777198,45.214782],[-121.778916,45.214778],[-121.780697,45.215301],[-121.781624,45.214774],[-121.784484,45.214611],[-121.786602,45.215272],[-121.78747,45.215798],[-121.789091,45.216115],[-121.78999,45.216644],[-121.791023,45.216762],[-121.791646,45.217305],[-121.791884,45.218339]]},"properties":{"OBJECTID":291,"fhdFtrID":281,"fhdRefID":53580,"fhdRevDt":"20190311","fhdONm":"Jay Stevens","fhdOEnt":"BLM","fhdSpNm":"Brook trout","fhdRun":"NA","fhdLifeHst":"FluvRes","fhdUseTy":"Unknown","fhdBasis":"UndocObsFish","fhdStNm":"Salmon River","fhdGenus":"Salvelinus","fhdSp":"fontinalis","fhdSubSp":null,"fhdOrig":"NonNative","fhdProd":"Natural","fhdComment":null,"fhdESH":"NA","fhdBasisD":null,"fhdNMF":"no","fhdBasisDt":"20021126","fhdBasisNm":null,"fhdBasisEnt":null,"fhdBasisPrj":null,"fhdBasisMethod":null,"fhdAccess":null,"fhdBarrierFtrID":null,"fhdEndExtent":null,"Shape__Length":2434.0752539018,"habitatType":"stream"},"id":291},
{"type":"Feature","geometry":{"type":"LineString","coordinates":[[-121.715364,45.25486],[-121.712329,45.255971],[-121.710992,45.257108],[-121.711062,45.257843],[-121.71017,45.258841],[-121.709884,45.260387],[-121.709202,45.261608],[-121.710105,45.263671]]},"properties":{"OBJECTID":292,"fhdFtrID":282,"fhdRefID":53578,"fhdRevDt":"20190311","fhdONm":"Ed Hall","fhdOEnt":"USFS","fhdSpNm":"Brook trout","fhdRun":"NA","fhdLifeHst":"FluvRes","fhdUseTy":"Unknown","fhdBasis":"UndocObsFish","fhdStNm":"Unnamed trib to Salemon River","fhdGenus":"Salvelinus","fhdSp":"fontinalis","fhdSubSp":null,"fhdOrig":"NonNative","fhdProd":"Natural","fhdComment":null,"fhdESH":"NA","fhdBasisD":null,"fhdNMF":"no","fhdBasisDt":"20021126","fhdBasisNm":null,"fhdBasisEnt":null,"fhdBasisPrj":null,"fhdBasisMethod":null,"fhdAccess":null,"fhdBarrierFtrID":null,"fhdEndExtent":null,"Shape__Length":2010.7267505444192,"habitatType":"stream"},"id":292},
{"type":"Feature","geometry":{"type":"LineString","coordinates":[[-121.722673,45.225615],[-121.722185,45.225349],[-121.718374,45.226028],[-121.718235,45.22644],[-121.716269,45.227031],[-121.715668,45.228019],[-121.714298,45.228377],[-121.713461,45.230024],[-121.712133,45.230692],[-121.710483,45.232284],[-121.70953,45.232812],[-121.709046,45.233635],[-121.709218,45.234475],[-121.708015,45.234995],[-121.708266,45.236182],[-121.706701,45.237459],[-121.704881,45.237569]]},"properties":{"OBJECTID":293,"fhdFtrID":283,"fhdRefID":53578,"fhdRevDt":"20190319","fhdONm":"Ed Hall","fhdOEnt":"USFS","fhdSpNm":"Brook trout","fhdRun":"NA","fhdLifeHst":"FluvRes","fhdUseTy":"Unknown","fhdBasis":"UndocObsFish","fhdStNm":"Ghost Creek","fhdGenus":"Salvelinus","fhdSp":"fontinalis","fhdSubSp":null,"fhdOrig":"NonNative","fhdProd":"Natural","fhdComment":null,"fhdESH":"NA","fhdBasisD":null,"fhdNMF":"no","fhdBasisDt":null,"fhdBasisNm":null,"fhdBasisEnt":null,"fhdBasisPrj":null,"fhdBasisMethod":null,"fhdAccess":null,"fhdBarrierFtrID":null,"fhdEndExtent":null,"Shape__Length":3587.3434556902125,"habitatType":"stream"},"id":293},
{"type":"Feature","geometry":{"type":"LineString","coordinates":[[-121.721876,45.278312],[-121.724272,45.278661],[-121.726439,45.278298],[-121.727859,45.278546],[-121.730701,45.278456],[-121.731713,45.279674],[-121.733542,45.280954]]},"properties":{"OBJECTID":294,"fhdFtrID":284,"fhdRefID":53578,"fhdRevDt":"20190319","fhdONm":"Ed Hall","fhdOEnt":"USFS","fhdSpNm":"Brook trout","fhdRun":"NA","fhdLifeHst":"FluvRes","fhdUseTy":"Unknown","fhdBasis":"UndocObsFish","fhdStNm":"Unnamed trib to Salmon River","fhdGenus":"Salvelinus","fhdSp":"fontinalis","fhdSubSp":null,"fhdOrig":"NonNative","fhdProd":"Natural","fhdComment":null,"fhdESH":"NA","fhdBasisD":null,"fhdNMF":"no","fhdBasisDt":null,"fhdBasisNm":null,"fhdBasisEnt":null,"fhdBasisPrj":null,"fhdBasisMethod":null,"fhdAccess":null,"fhdBarrierFtrID":null,"fhdEndExtent":null,"Shape__Length":1705.2369146914884,"habitatType":"stream"},"id":294},
{"type":"Feature","geometry":{"type":"LineString","coordinates":[[-121.721841,45.279724],[-121.7224,45.2807],[-121.723514,45.281145],[-121.723224,45.282595],[-121.723876,45.283251],[-121.724488,45.284873]]},"properties":{"OBJECTID":295,"fhdFtrID":285,"fhdRefID":53578,"fhdRevDt":"20190319","fhdONm":"Ed Hall","fhdOEnt":"USFS","fhdSpNm":"Brook trout","fhdRun":"NA","fhdLifeHst":"FluvRes","fhdUseTy":"Unknown","fhdBasis":"UndocObsFish","fhdStNm":"Unnamed trib to Salmon River","fhdGenus":"Salvelinus","fhdSp":"fontinalis","fhdSubSp":null,"fhdOrig":"NonNative","fhdProd":"Natural","fhdComment":null,"fhdESH":"NA","fhdBasisD":null,"fhdNMF":"no","fhdBasisDt":null,"fhdBasisNm":null,"fhdBasisEnt":null,"fhdBasisPrj":null,"fhdBasisMethod":null,"fhdAccess":null,"fhdBarrierFtrID":null,"fhdEndExtent":null,"Shape__Length":1037.7093643286407,"habitatType":"stream"},"id":295},
{"type":"Feature","geometry":{"type":"LineString","coordinates":[[-121.815929,45.287243],[-121.818264,45.286908],[-121.819747,45.287643],[-121.821588,45.288098],[-121.822859,45.287876],[-121.825433,45.288388],[-121.828758,45.288574],[-121.831072,45.288226],[-121.83304,45.288419],[-121.834209,45.28918],[-121.835697,45.28895],[-121.836543,45.290027],[-121.837809,45.290959],[-121.839727,45.291999],[-121.841158,45.292463],[-121.844416,45.29257],[-121.846587,45.293055],[-121.848248,45.293209],[-121.851282,45.29491],[-121.852486,45.295933],[-121.85349,45.295927],[-121.854975,45.296924]]},"properties":{"OBJECTID":296,"fhdFtrID":286,"fhdRefID":53578,"fhdRevDt":"20190319","fhdONm":"Ed Hall","fhdOEnt":"USFS","fhdSpNm":"Brook trout","fhdRun":"NA","fhdLifeHst":"FluvRes","fhdUseTy":"Unknown","fhdBasis":"UndocObsFish","fhdStNm":"Wind Creek","fhdGenus":"Salvelinus","fhdSp":"fontinalis","fhdSubSp":null,"fhdOrig":"NonNative","fhdProd":"Natural","fhdComment":null,"fhdESH":"NA","fhdBasisD":null,"fhdNMF":"no","fhdBasisDt":null,"fhdBasisNm":null,"fhdBasisEnt":null,"fhdBasisPrj":null,"fhdBasisMethod":null,"fhdAccess":null,"fhdBarrierFtrID":null,"fhdEndExtent":null,"Shape__Length":5284.565582777185,"habitatType":"stream"},"id":296},
{"type":"Feature","geometry":{"type":"LineString","coordinates":[[-121.82915,45.142006],[-121.830263,45.143165],[-121.833347,45.145078],[-121.837715,45.146612],[-121.839584,45.146933]]},"properties":{"OBJECTID":297,"fhdFtrID":287,"fhdRefID":53578,"fhdRevDt":"20190319","fhdONm":"Ed Hall","fhdOEnt":"USFS","fhdSpNm":"Brook trout","fhdRun":"NA","fhdLifeHst":"FluvRes","fhdUseTy":"Unknown","fhdBasis":"UndocObsFish","fhdStNm":"Dinger Creek","fhdGenus":"Salvelinus","fhdSp":"fontinalis","fhdSubSp":null,"fhdOrig":"NonNative","fhdProd":"Natural","fhdComment":null,"fhdESH":"NA","fhdBasisD":null,"fhdNMF":"no","fhdBasisDt":null,"fhdBasisNm":null,"fhdBasisEnt":null,"fhdBasisPrj":null,"fhdBasisMethod":null,"fhdAccess":null,"fhdBarrierFtrID":null,"fhdEndExtent":null,"Shape__Length":1437.831214943484,"habitatType":"stream"},"id":297},
{"type":"Feature","geometry":{"type":"LineString","coordinates":[[-121.886168,44.826869],[-121.885167,44.8257],[-121.884795,44.824371],[-121.884358,44.824017],[-121.884051,44.822442],[-121.88342,44.821853],[-121.883088,44.820401],[-121.882364,44.819857]]},"properties":{"OBJECTID":298,"fhdFtrID":288,"fhdRefID":53578,"fhdRevDt":"20190319","fhdONm":"Ed Hall","fhdOEnt":"USFS","fhdSpNm":"Brook trout","fhdRun":"NA","fhdLifeHst":"FluvRes","fhdUseTy":"Unknown","fhdBasis":"UndocObsFish","fhdStNm":"Cub Creek","fhdGenus":"Salvelinus","fhdSp":"fontinalis","fhdSubSp":null,"fhdOrig":"NonNative","fhdProd":"Natural","fhdComment":null,"fhdESH":"NA","fhdBasisD":null,"fhdNMF":"no","fhdBasisDt":null,"fhdBasisNm":null,"fhdBasisEnt":null,"fhdBasisPrj":null,"fhdBasisMethod":null,"fhdAccess":null,"fhdBarrierFtrID":null,"fhdEndExtent":null,"Shape__Length":1470.3347103873396,"habitatType":"stream"},"id":298},
{"type":"Feature","geometry":{"type":"LineString","coordinates":[[-121.58729,45.429049],[-121.586597,45.427919],[-121.587735,45.426691],[-121.587959,45.425991],[-121.588774,45.425622],[-121.590468,45.422836],[-121.591567,45.421882],[-121.592804,45.420143],[-121.592541,45.419292],[-121.593229,45.418432],[-121.595313,45.418028],[-121.59679,45.415766],[-121.598649,45.414646]]},"properties":{"OBJECTID":299,"fhdFtrID":289,"fhdRefID":53578,"fhdRevDt":"20190319","fhdONm":"Ed Hall","fhdOEnt":"USFS","fhdSpNm":"Brook trout","fhdRun":"NA","fhdLifeHst":"FluvRes","fhdUseTy":"Unknown","fhdBasis":"UndocObsFish","fhdStNm":"Unnamed trib to Doe Creek","fhdGenus":"Salvelinus","fhdSp":"fontinalis","fhdSubSp":null,"fhdOrig":"NonNative","fhdProd":"Natural","fhdComment":null,"fhdESH":"NA","fhdBasisD":null,"fhdNMF":"no","fhdBasisDt":null,"fhdBasisNm":null,"fhdBasisEnt":null,"fhdBasisPrj":null,"fhdBasisMethod":null,"fhdAccess":null,"fhdBarrierFtrID":null,"fhdEndExtent":null,"Shape__Length":3114.097618413429,"habitatType":"stream"},"id":299},
{"type":"Feature","geometry":{"type":"LineString","coordinates":[[-121.75154,45.620835],[-121.754166,45.622268],[-121.756035,45.623727]]},"properties":{"OBJECTID":300,"fhdFtrID":290,"fhdRefID":53578,"fhdRevDt":"20190319","fhdONm":"Ed Hall","fhdOEnt":"USFS","fhdSpNm":"Brook trout","fhdRun":"NA","fhdLifeHst":"FluvRes","fhdUseTy":"Unknown","fhdBasis":"UndocObsFish","fhdStNm":"Unnamed trib to North Fork Green Point Creek","fhdGenus":"Salvelinus","fhdSp":"fontinalis","fhdSubSp":null,"fhdOrig":"NonNative","fhdProd":"Natural","fhdComment":null,"fhdESH":"NA","fhdBasisD":null,"fhdNMF":"no","fhdBasisDt":null,"fhdBasisNm":null,"fhdBasisEnt":null,"fhdBasisPrj":null,"fhdBasisMethod":null,"fhdAccess":null,"fhdBarrierFtrID":null,"fhdEndExtent":null,"Shape__Length":689.0463378822544,"habitatType":"stream"},"id":300},
{"type":"Feature","geometry":{"type":"LineString","coordinates":[[-121.688262,45.174218],[-121.694118,45.17498],[-121.696014,45.176329],[-121.698999,45.17716],[-121.701369,45.176395],[-121.701948,45.177328],[-121.703186,45.178378],[-121.706245,45.17992],[-121.702704,45.182495],[-121.700405,45.184688],[-121.698624,45.187418]]},"properties":{"OBJECTID":301,"fhdFtrID":291,"fhdRefID":53578,"fhdRevDt":"20190313","fhdONm":"Ed Hall","fhdOEnt":"USFS","fhdSpNm":"Brook trout","fhdRun":"NA","fhdLifeHst":"FluvRes","fhdUseTy":"Unknown","fhdBasis":"UndocObsFish","fhdStNm":"Clear Lake","fhdGenus":"Salvelinus","fhdSp":"fontinalis","fhdSubSp":null,"fhdOrig":"NonNative","fhdProd":"Natural","fhdComment":null,"fhdESH":"NA","fhdBasisD":null,"fhdNMF":"no","fhdBasisDt":null,"fhdBasisNm":null,"fhdBasisEnt":null,"fhdBasisPrj":null,"fhdBasisMethod":null,"fhdAccess":null,"fhdBarrierFtrID":null,"fhdEndExtent":null,"Shape__Length":3903.9477716000506,"habitatType":"stream"},"id":301},
{"type":"Feature","geometry":{"type":"LineString","coordinates":[[-121.475926,45.113689],[-121.480023,45.114933],[-121.483219,45.115054],[-121.487374,45.114709],[-121.489186,45.114904],[-121.491062,45.115773],[-121.492172,45.115813],[-121.493816,45.116374],[-121.498083,45.117425]]},"properties":{"OBJECTID":302,"fhdFtrID":292,"fhdRefID":53578,"fhdRevDt":"20190325","fhdONm":"Ed Hall","fhdOEnt":"USFS","fhdSpNm":"Brook trout","fhdRun":"NA","fhdLifeHst":"FluvRes","fhdUseTy":"Unknown","fhdBasis":"UndocObsFish","fhdStNm":"Unnamed trib to White River","fhdGenus":"Salvelinus","fhdSp":"fontinalis","fhdSubSp":null,"fhdOrig":"NonNative","fhdProd":"Natural","fhdComment":null,"fhdESH":"NA","fhdBasisD":null,"fhdNMF":"no","fhdBasisDt":null,"fhdBasisNm":null,"fhdBasisEnt":null,"fhdBasisPrj":null,"fhdBasisMethod":null,"fhdAccess":null,"fhdBarrierFtrID":null,"fhdEndExtent":null,"Shape__Length":2660.709839638581,"habitatType":"stream"},"id":302},
{"type":"Feature","geometry":{"type":"LineString","coordinates":[[-121.440805,45.116338],[-121.443151,45.11628],[-121.445708,45.116458],[-121.446872,45.116106],[-121.450835,45.116047],[-121.453239,45.116558],[-121.455155,45.116782],[-121.456855,45.115791]]},"properties":{"OBJECTID":303,"fhdFtrID":293,"fhdRefID":53578,"fhdRevDt":"20190325","fhdONm":"Ed Hall","fhdOEnt":"USFS","fhdSpNm":"Brook trout","fhdRun":"NA","fhdLifeHst":"FluvRes","fhdUseTy":"Unknown","fhdBasis":"UndocObsFish","fhdStNm":"Unnamed trib to White River","fhdGenus":"Salvelinus","fhdSp":"fontinalis","fhdSubSp":null,"fhdOrig":"NonNative","fhdProd":"Natural","fhdComment":null,"fhdESH":"NA","fhdBasisD":null,"fhdNMF":"no","fhdBasisDt":null,"fhdBasisNm":null,"fhdBasisEnt":null,"fhdBasisPrj":null,"fhdBasisMethod":null,"fhdAccess":null,"fhdBarrierFtrID":null,"fhdEndExtent":null,"Shape__Length":1911.8621742393739,"habitatType":"stream"},"id":303},
{"type":"Feature","geometry":{"type":"LineString","coordinates":[[-121.653534,45.188405],[-121.653725,45.190137],[-121.653444,45.192249],[-121.653747,45.193734],[-121.654438,45.195303],[-121.65606,45.197064],[-121.655974,45.19899],[-121.655071,45.200964],[-121.653859,45.202831],[-121.653422,45.204779]]},"properties":{"OBJECTID":304,"fhdFtrID":294,"fhdRefID":53578,"fhdRevDt":"20190325","fhdONm":"Ed Hall","fhdOEnt":"USFS","fhdSpNm":"Brook trout","fhdRun":"NA","fhdLifeHst":"FluvRes","fhdUseTy":"Unknown","fhdBasis":"UndocObsFish","fhdStNm":"Unnamed trib to Frog Creek","fhdGenus":"Salvelinus","fhdSp":"fontinalis","fhdSubSp":null,"fhdOrig":"NonNative","fhdProd":"Natural","fhdComment":null,"fhdESH":"NA","fhdBasisD":null,"fhdNMF":"no","fhdBasisDt":null,"fhdBasisNm":null,"fhdBasisEnt":null,"fhdBasisPrj":null,"fhdBasisMethod":null,"fhdAccess":null,"fhdBarrierFtrID":null,"fhdEndExtent":null,"Shape__Length":2713.8857644005325,"habitatType":"stream"},"id":304},
{"type":"Feature","geometry":{"type":"LineString","coordinates":[[-121.605052,45.213587],[-121.603381,45.213742],[-121.60236,45.21467],[-121.602138,45.21703],[-121.60166,45.218019],[-121.601049,45.220487],[-121.60029,45.222157]]},"properties":{"OBJECTID":305,"fhdFtrID":295,"fhdRefID":53578,"fhdRevDt":"20190325","fhdONm":"Ed Hall","fhdOEnt":"USFS","fhdSpNm":"Brook trout","fhdRun":"NA","fhdLifeHst":"FluvRes","fhdUseTy":"Unknown","fhdBasis":"UndocObsFish","fhdStNm":"Unnamed trib to White River","fhdGenus":"Salvelinus","fhdSp":"fontinalis","fhdSubSp":null,"fhdOrig":"NonNative","fhdProd":"Natural","fhdComment":null,"fhdESH":"NA","fhdBasisD":null,"fhdNMF":"no","fhdBasisDt":null,"fhdBasisNm":null,"fhdBasisEnt":null,"fhdBasisPrj":null,"fhdBasisMethod":null,"fhdAccess":null,"fhdBarrierFtrID":null,"fhdEndExtent":null,"Shape__Length":1612.073891635219,"habitatType":"stream"},"id":305},
{"type":"Feature","geometry":{"type":"LineString","coordinates":[[-121.559416,45.258208],[-121.558162,45.258561],[-121.555546,45.258537],[-121.554078,45.258356]]},"properties":{"OBJECTID":306,"fhdFtrID":296,"fhdRefID":53578,"fhdRevDt":"20190325","fhdONm":"Ed Hall","fhdOEnt":"USFS","fhdSpNm":"Brook trout","fhdRun":"NA","fhdLifeHst":"FluvRes","fhdUseTy":"Unknown","fhdBasis":"UndocObsFish","fhdStNm":"Unnamed trib to Boulder Creek","fhdGenus":"Salvelinus","fhdSp":"fontinalis","fhdSubSp":null,"fhdOrig":"NonNative","fhdProd":"Natural","fhdComment":null,"fhdESH":"NA","fhdBasisD":null,"fhdNMF":"no","fhdBasisDt":null,"fhdBasisNm":null,"fhdBasisEnt":null,"fhdBasisPrj":null,"fhdBasisMethod":null,"fhdAccess":null,"fhdBarrierFtrID":null,"fhdEndExtent":null,"Shape__Length":613.9110209990247,"habitatType":"stream"},"id":306},
{"type":"Feature","geometry":{"type":"LineString","coordinates":[[-121.698624,45.187418],[-121.697321,45.188996],[-121.696927,45.19045],[-121.69676,45.193472],[-121.696948,45.194901],[-121.697873,45.196577],[-121.698251,45.198994],[-121.698715,45.199684],[-121.701155,45.201143],[-121.701734,45.201968]]},"properties":{"OBJECTID":307,"fhdFtrID":297,"fhdRefID":53578,"fhdRevDt":"20190319","fhdONm":"Ed Hall","fhdOEnt":"USFS","fhdSpNm":"Brook trout","fhdRun":"NA","fhdLifeHst":"FluvRes","fhdUseTy":"Unknown","fhdBasis":"UndocObsFish","fhdStNm":"Unnamed trib to Clear Lake","fhdGenus":"Salvelinus","fhdSp":"fontinalis","fhdSubSp":null,"fhdOrig":"NonNative","fhdProd":"Natural","fhdComment":null,"fhdESH":"NA","fhdBasisD":null,"fhdNMF":"no","fhdBasisDt":null,"fhdBasisNm":null,"fhdBasisEnt":null,"fhdBasisPrj":null,"fhdBasisMethod":null,"fhdAccess":null,"fhdBarrierFtrID":null,"fhdEndExtent":null,"Shape__Length":2524.6297219314756,"habitatType":"stream"},"id":307},
{"type":"Feature","geometry":{"type":"LineString","coordinates":[[-121.626697,44.102151],[-121.624609,44.101321],[-121.622945,44.10105],[-121.621811,44.101207],[-121.621348,44.102105],[-121.621815,44.102973],[-121.622134,44.104769],[-121.622678,44.105885],[-121.622545,44.107684],[-121.621668,44.109036],[-121.622077,44.110778],[-121.623991,44.112437],[-121.623837,44.114975],[-121.623284,44.115569],[-121.62223,44.115874],[-121.620508,44.118263],[-121.619448,44.119259],[-121.616336,44.12031],[-121.615302,44.121234],[-121.614314,44.12395],[-121.613208,44.125287],[-121.611213,44.126694],[-121.609458,44.129023],[-121.608624,44.131543],[-121.607653,44.132989],[-121.60758,44.133961],[-121.606996,44.134359],[-121.603898,44.13532],[-121.602581,44.136938],[-121.599399,44.139902],[-121.596422,44.141144],[-121.595326,44.142013]]},"properties":{"OBJECTID":308,"fhdFtrID":298,"fhdRefID":53751,"fhdRevDt":"20190426","fhdONm":"Shannon Hubler","fhdOEnt":"ODEQ","fhdSpNm":"Brook trout","fhdRun":"NA","fhdLifeHst":"FluvRes","fhdUseTy":"Unknown","fhdBasis":"DocObsFish","fhdStNm":"Three Creek","fhdGenus":"Salvelinus","fhdSp":"fontinalis","fhdSubSp":null,"fhdOrig":"NonNative","fhdProd":"Natural","fhdComment":null,"fhdESH":"NA","fhdBasisD":null,"fhdNMF":"no","fhdBasisDt":"20010000","fhdBasisNm":null,"fhdBasisEnt":null,"fhdBasisPrj":null,"fhdBasisMethod":"Electrofisher","fhdAccess":null,"fhdBarrierFtrID":null,"fhdEndExtent":null,"Shape__Length":8778.14098007539,"habitatType":"stream"},"id":308},
{"type":"Feature","geometry":{"type":"LineString","coordinates":[[-118.313911,44.84711],[-118.314361,44.849985],[-118.315185,44.851632],[-118.317057,44.852965],[-118.317207,44.853549],[-118.316759,44.856425],[-118.31706,44.859194],[-118.31751,44.859995],[-118.318335,44.863082],[-118.31856,44.865213],[-118.318637,44.867872],[-118.318113,44.86862],[-118.319388,44.871972],[-118.319463,44.873142],[-118.318941,44.876924],[-118.319242,44.879162],[-118.318569,44.880704],[-118.317598,44.885495],[-118.316925,44.886669],[-118.315502,44.888319],[-118.313181,44.890344],[-118.310561,44.892048],[-118.309887,44.892897],[-118.30779,44.894231],[-118.307117,44.896575],[-118.307192,44.898118],[-118.307642,44.898968],[-118.307417,44.899713],[-118.307568,44.902695],[-118.308318,44.903281],[-118.308093,44.904345],[-118.309742,44.905942],[-118.31184,44.906211],[-118.313714,44.907859],[-118.314538,44.907859],[-118.316412,44.909246],[-118.317713,44.909775]]},"properties":{"OBJECTID":309,"fhdFtrID":299,"fhdRefID":53751,"fhdRevDt":"20190426","fhdONm":"Shannon Hubler","fhdOEnt":"ODEQ","fhdSpNm":"Brook trout","fhdRun":"NA","fhdLifeHst":"FluvRes","fhdUseTy":"Unknown","fhdBasis":"DocObsFish","fhdStNm":"Baldy Creek","fhdGenus":"Salvelinus","fhdSp":"fontinalis","fhdSubSp":null,"fhdOrig":"NonNative","fhdProd":"Natural","fhdComment":null,"fhdESH":"NA","fhdBasisD":null,"fhdNMF":"no","fhdBasisDt":"20010000","fhdBasisNm":null,"fhdBasisEnt":null,"fhdBasisPrj":null,"fhdBasisMethod":"Electrofisher","fhdAccess":null,"fhdBarrierFtrID":null,"fhdEndExtent":null,"Shape__Length":11248.347924009198,"habitatType":"stream"},"id":309},
{"type":"Feature","geometry":{"type":"LineString","coordinates":[[-118.353528,44.887534],[-118.354443,44.888211],[-118.355262,44.889695],[-118.356155,44.892079],[-118.358464,44.893667],[-118.359358,44.893612],[-118.360028,44.893032],[-118.363752,44.893244],[-118.367923,44.894302],[-118.368817,44.895623],[-118.37202,44.896894],[-118.373882,44.897372],[-118.375074,44.897956],[-118.376638,44.89769],[-118.377607,44.897903],[-118.380139,44.898007],[-118.381257,44.897638],[-118.382598,44.897901],[-118.386545,44.898006],[-118.387067,44.897316],[-118.389226,44.896151],[-118.390418,44.896258],[-118.39459,44.897526],[-118.396378,44.899223],[-118.396603,44.900755],[-118.396305,44.902136],[-118.395188,44.903509],[-118.39504,44.90478],[-118.394147,44.906425],[-118.393999,44.907907],[-118.395415,44.908966],[-118.396235,44.910396],[-118.397725,44.911242],[-118.399365,44.911825],[-118.400334,44.912776]]},"properties":{"OBJECTID":310,"fhdFtrID":300,"fhdRefID":53751,"fhdRevDt":"20190426","fhdONm":"Shannon Hubler","fhdOEnt":"ODEQ","fhdSpNm":"Brook trout","fhdRun":"NA","fhdLifeHst":"FluvRes","fhdUseTy":"Unknown","fhdBasis":"DocObsFish","fhdStNm":"Onion Creek","fhdGenus":"Salvelinus","fhdSp":"fontinalis","fhdSubSp":null,"fhdOrig":"NonNative","fhdProd":"Natural","fhdComment":null,"fhdESH":"NA","fhdBasisD":null,"fhdNMF":"no","fhdBasisDt":null,"fhdBasisNm":null,"fhdBasisEnt":null,"fhdBasisPrj":null,"fhdBasisMethod":"Electrofisher","fhdAccess":null,"fhdBarrierFtrID":null,"fhdEndExtent":null,"Shape__Length":8715.32788033056,"habitatType":"stream"},"id":310},
{"type":"Feature","geometry":{"type":"LineString","coordinates":[[-121.464543,42.850525],[-121.464007,42.85177],[-121.464485,42.85284],[-121.464172,42.853696],[-121.46459,42.854503],[-121.463323,42.857324],[-121.461831,42.85778],[-121.461071,42.858368],[-121.461519,42.859932],[-121.460437,42.860267],[-121.460236,42.860876],[-121.461609,42.861694],[-121.462169,42.864394],[-121.463341,42.86452],[-121.463394,42.866304],[-121.463752,42.867138],[-121.463604,42.868592],[-121.465932,42.86913],[-121.465418,42.870085],[-121.466127,42.87076],[-121.466776,42.870562],[-121.468127,42.871034],[-121.467247,42.872774],[-121.468844,42.873525],[-121.46818,42.87431],[-121.46905,42.87508],[-121.46964,42.876205],[-121.469559,42.876875],[-121.470492,42.878675],[-121.469919,42.880629],[-121.468918,42.88202],[-121.469092,42.882409],[-121.467684,42.88339],[-121.468175,42.883856],[-121.467718,42.884975],[-121.468673,42.884997],[-121.4686,42.885969],[-121.468038,42.886393],[-121.469157,42.887201],[-121.467688,42.88819],[-121.467903,42.889372],[-121.467212,42.890083],[-121.466273,42.890413],[-121.465474,42.890051],[-121.465258,42.891849],[-121.463456,42.892419],[-121.464379,42.893224],[-121.462854,42.893969],[-121.464368,42.896133],[-121.465874,42.897134],[-121.464768,42.897282],[-121.465434,42.898587],[-121.464635,42.899684],[-121.464635,42.900684],[-121.465894,42.901781],[-121.465816,42.902924],[-121.467652,42.903489],[-121.468844,42.904837],[-121.471645,42.906487],[-121.472945,42.906927],[-121.473685,42.908216],[-121.475073,42.908549],[-121.474822,42.909789],[-121.47631,42.912042],[-121.476239,42.912959],[-121.477303,42.914018],[-121.477953,42.915504],[-121.477798,42.91633],[-121.479287,42.917521],[-121.478337,42.917805],[-121.478379,42.91858],[-121.479237,42.919096],[-121.480364,42.919093],[-121.480108,42.920035],[-121.480274,42.921262],[-121.48173,42.921362],[-121.481233,42.92213],[-121.481374,42.922852],[-121.483839,42.922272],[-121.484229,42.922863],[-121.485581,42.923709],[-121.48721,42.924253],[-121.486019,42.925318],[-121.485551,42.926428],[-121.485687,42.927385],[-121.485089,42.927782],[-121.485489,42.928463],[-121.485325,42.929658],[-121.483395,42.930389],[-121.483606,42.932301],[-121.482938,42.93403],[-121.483455,42.936441],[-121.484441,42.938219],[-121.485645,42.938631],[-121.485919,42.940445],[-121.485528,42.941403],[-121.484487,42.942362],[-121.484762,42.943131],[-121.484321,42.944134],[-121.484658,42.944868],[-121.484345,42.945656],[-121.485001,42.946403],[-121.485187,42.947783],[-121.486465,42.948683],[-121.48679,42.949425],[-121.486174,42.950039],[-121.48622,42.951678],[-121.487423,42.952117],[-121.486841,42.95283],[-121.486757,42.953765],[-121.488126,42.95445],[-121.489011,42.954326],[-121.489018,42.956056],[-121.49069,42.956357],[-121.491568,42.958097],[-121.491075,42.958694],[-121.491279,42.959354],[-121.492873,42.960331],[-121.494188,42.960063],[-121.495033,42.961024],[-121.494573,42.961532],[-121.496417,42.962542],[-121.49734,42.963446],[-121.49711,42.964122],[-121.498186,42.965082],[-121.498725,42.966827],[-121.499726,42.968236],[-121.499726,42.968911],[-121.501338,42.969306],[-121.50126,42.970377],[-121.502027,42.97145],[-121.504635,42.972861],[-121.507169,42.973088],[-121.508244,42.973539],[-121.508242,42.974327],[-121.50901,42.97512],[-121.511313,42.976077],[-121.512311,42.976077],[-121.512463,42.977317],[-121.513538,42.977205],[-121.514844,42.977938],[-121.516533,42.978167],[-121.51707,42.977548],[-121.519066,42.978843],[-121.520065,42.978618],[-121.522522,42.979185],[-121.525133,42.979183],[-121.528435,42.980256],[-121.528665,42.980935],[-121.529663,42.981101],[-121.530738,42.980313],[-121.532427,42.981384],[-121.534117,42.980428],[-121.534655,42.98071],[-121.536575,42.980595],[-121.538297,42.979591],[-121.538826,42.98003],[-121.541305,42.978945],[-121.542804,42.977775],[-121.543946,42.977178],[-121.546087,42.976828],[-121.547388,42.976428],[-121.547321,42.975774],[-121.548816,42.975275],[-121.549915,42.973947],[-121.550625,42.973519],[-121.551104,42.972334],[-121.552322,42.972669],[-121.555424,42.973031],[-121.555618,42.972372],[-121.556545,42.97212],[-121.557838,42.971253],[-121.560185,42.972131],[-121.560902,42.971774],[-121.561911,42.971939],[-121.562748,42.971495],[-121.564183,42.971983],[-121.565521,42.972115],[-121.56742,42.97122],[-121.569602,42.970907],[-121.570858,42.970292],[-121.571336,42.969601],[-121.572203,42.969348],[-121.572711,42.968042],[-121.573623,42.967976],[-121.573637,42.966576],[-121.574765,42.965012],[-121.575453,42.964584],[-121.575184,42.963365],[-121.577463,42.962531],[-121.577821,42.961686],[-121.577544,42.959479],[-121.578464,42.959523],[-121.579532,42.95814],[-121.580316,42.958052],[-121.580936,42.956603],[-121.582744,42.954956],[-121.582662,42.954451],[-121.584051,42.953177],[-121.584021,42.95186],[-121.58556,42.951925],[-121.587113,42.950569],[-121.588929,42.949685]]},"properties":{"OBJECTID":311,"fhdFtrID":301,"fhdRefID":53684,"fhdRevDt":"20190329","fhdONm":"Peter Robinson","fhdOEnt":"ODFW","fhdSpNm":"Brook trout","fhdRun":"NA","fhdLifeHst":"FluvRes","fhdUseTy":"Unknown","fhdBasis":"UndocObsFish","fhdStNm":"Williamson River","fhdGenus":"Salvelinus","fhdSp":"fontinalis","fhdSubSp":null,"fhdOrig":"NonNative","fhdProd":"Natural","fhdComment":null,"fhdESH":"NA","fhdBasisD":null,"fhdNMF":"no","fhdBasisDt":null,"fhdBasisNm":null,"fhdBasisEnt":null,"fhdBasisPrj":null,"fhdBasisMethod":null,"fhdAccess":null,"fhdBarrierFtrID":null,"fhdEndExtent":null,"Shape__Length":51198.85393122189,"habitatType":"stream"},"id":311},
{"type":"Feature","geometry":{"type":"LineString","coordinates":[[-121.962267,42.702522],[-121.964881,42.701518],[-121.96566,42.700556],[-121.96568,42.699341],[-121.96649,42.698335],[-121.966629,42.697323],[-121.96746,42.696903],[-121.967501,42.69625],[-121.969079,42.692256],[-121.970431,42.692584],[-121.971156,42.691195],[-121.970542,42.689546],[-121.970861,42.688738],[-121.971625,42.688655],[-121.971949,42.687533],[-121.972946,42.687127],[-121.971673,42.686024],[-121.971486,42.68508]]},"properties":{"OBJECTID":312,"fhdFtrID":302,"fhdRefID":53684,"fhdRevDt":"20190329","fhdONm":"Peter Robinson","fhdOEnt":"ODFW","fhdSpNm":"Brook trout","fhdRun":"NA","fhdLifeHst":"FluvRes","fhdUseTy":"Unknown","fhdBasis":"UndocObsFish","fhdStNm":"Fort Creek","fhdGenus":"Salvelinus","fhdSp":"fontinalis","fhdSubSp":null,"fhdOrig":"NonNative","fhdProd":"Natural","fhdComment":null,"fhdESH":"NA","fhdBasisD":null,"fhdNMF":"no","fhdBasisDt":null,"fhdBasisNm":null,"fhdBasisEnt":null,"fhdBasisPrj":null,"fhdBasisMethod":null,"fhdAccess":null,"fhdBarrierFtrID":null,"fhdEndExtent":null,"Shape__Length":3631.0601960178324,"habitatType":"stream"},"id":312},
{"type":"Feature","geometry":{"type":"LineString","coordinates":[[-121.948437,43.220384],[-121.94581,43.22],[-121.944984,43.219604],[-121.943536,43.21703],[-121.943018,43.216487],[-121.941847,43.216388],[-121.939919,43.217404],[-121.938913,43.215367],[-121.93778,43.214522],[-121.936737,43.212727],[-121.936542,43.210548],[-121.935649,43.209565],[-121.934516,43.207545],[-121.933398,43.206799],[-121.931267,43.206025],[-121.930446,43.205205],[-121.927351,43.203554],[-121.925731,43.203016],[-121.924358,43.202237],[-121.923645,43.201375],[-121.922805,43.200974],[-121.921778,43.198998],[-121.920247,43.198032],[-121.919047,43.19773],[-121.918822,43.197027],[-121.91685,43.195737],[-121.91643,43.195023],[-121.91448,43.193996],[-121.912132,43.192497],[-121.9119,43.19163],[-121.910558,43.189753],[-121.909741,43.189341],[-121.908488,43.189966],[-121.906942,43.191667],[-121.905509,43.192018],[-121.904339,43.19188],[-121.901406,43.190903],[-121.900057,43.189788],[-121.897949,43.188892],[-121.893561,43.188485],[-121.891514,43.188067],[-121.889826,43.188016],[-121.887479,43.187417],[-121.886032,43.186247],[-121.883378,43.185566],[-121.880159,43.185794],[-121.87857,43.185453],[-121.876597,43.185606],[-121.874817,43.184724],[-121.873247,43.183078],[-121.871349,43.182278],[-121.870344,43.182295],[-121.869548,43.18055],[-121.869561,43.17881],[-121.868884,43.176812],[-121.868269,43.176231],[-121.866528,43.175524],[-121.865808,43.174849],[-121.863775,43.17435],[-121.863339,43.173214],[-121.862747,43.17317],[-121.86052,43.174006],[-121.858481,43.174956],[-121.856838,43.174688],[-121.853959,43.175282],[-121.853525,43.175103]]},"properties":{"OBJECTID":313,"fhdFtrID":303,"fhdRefID":53684,"fhdRevDt":"20190329","fhdONm":"Peter Robinson","fhdOEnt":"ODFW","fhdSpNm":"Brook trout","fhdRun":"NA","fhdLifeHst":"FluvRes","fhdUseTy":"Unknown","fhdBasis":"UndocObsFish","fhdStNm":"Miller Creek","fhdGenus":"Salvelinus","fhdSp":"fontinalis","fhdSubSp":null,"fhdOrig":"NonNative","fhdProd":"Natural","fhdComment":null,"fhdESH":"NA","fhdBasisD":null,"fhdNMF":"no","fhdBasisDt":null,"fhdBasisNm":null,"fhdBasisEnt":null,"fhdBasisPrj":null,"fhdBasisMethod":null,"fhdAccess":null,"fhdBarrierFtrID":null,"fhdEndExtent":null,"Shape__Length":15316.29351859247,"habitatType":"stream"},"id":313},
{"type":"Feature","geometry":{"type":"LineString","coordinates":[[-116.905367,45.068235],[-116.904635,45.067005],[-116.905397,45.065838],[-116.906757,45.064756],[-116.906338,45.063146],[-116.90584,45.062831],[-116.904733,45.061055],[-116.903651,45.060192],[-116.903011,45.058925],[-116.903113,45.057795],[-116.903736,45.057277],[-116.903914,45.055983],[-116.905221,45.055233],[-116.905421,45.0547],[-116.90427,45.053906],[-116.903698,45.052923],[-116.902978,45.052544],[-116.901786,45.050626],[-116.901915,45.04956],[-116.902892,45.047759],[-116.90247,45.046223],[-116.902497,45.044742],[-116.903103,45.044356],[-116.903396,45.042015],[-116.90288,45.038259],[-116.903957,45.036506],[-116.903701,45.035528],[-116.904101,45.035129],[-116.903425,45.033139],[-116.903518,45.031106],[-116.903295,45.029733],[-116.904401,45.028609],[-116.903378,45.026613],[-116.901584,45.025808],[-116.901891,45.024496],[-116.902934,45.023827],[-116.903733,45.022854],[-116.904372,45.022763],[-116.904821,45.02169],[-116.904428,45.02048],[-116.904896,45.020038],[-116.903737,45.0184],[-116.904597,45.017139],[-116.904395,45.015715],[-116.903919,45.01509],[-116.905615,45.012776],[-116.907421,45.012661],[-116.908886,45.01194],[-116.90955,45.010856],[-116.909297,45.010247],[-116.909839,45.009526],[-116.909349,45.008843],[-116.90927,45.007506],[-116.910178,45.005865],[-116.911058,45.005056],[-116.911277,45.004028],[-116.910821,45.002183],[-116.911061,45.001788],[-116.913778,45.000201],[-116.915616,44.998559],[-116.915857,44.997763],[-116.916816,44.997084],[-116.917136,44.996067],[-116.918175,44.995159],[-116.921052,44.994026],[-116.921292,44.992609],[-116.922411,44.992213],[-116.923211,44.990571],[-116.922252,44.98972],[-116.922492,44.988928],[-116.923291,44.988532],[-116.924569,44.988758],[-116.927605,44.988081],[-116.929522,44.986777],[-116.929603,44.985872],[-116.930721,44.984792],[-116.932159,44.984397],[-116.932959,44.981963],[-116.933598,44.981396],[-116.934796,44.981338],[-116.935675,44.980546],[-116.936873,44.980489],[-116.937591,44.979413],[-116.940387,44.97811],[-116.941026,44.97766],[-116.942304,44.977544],[-116.942863,44.976752],[-116.94446,44.976073],[-116.945898,44.97511],[-116.946616,44.974147],[-116.947735,44.973635],[-116.947495,44.972901],[-116.948054,44.972276],[-116.948374,44.970804],[-116.949252,44.969954],[-116.951248,44.970009],[-116.952446,44.968934],[-116.954123,44.968142],[-116.95548,44.96695],[-116.957077,44.9661],[-116.959312,44.965705],[-116.959951,44.962815],[-116.961068,44.961681],[-116.961308,44.95998],[-116.960988,44.958],[-116.961387,44.956469],[-116.961147,44.955335],[-116.961546,44.953976],[-116.961147,44.952841],[-116.962184,44.951879],[-116.962902,44.950123],[-116.963541,44.94916],[-116.962662,44.947684],[-116.963061,44.946383],[-116.962902,44.945758],[-116.962023,44.945024],[-116.961305,44.943263],[-116.961624,44.94253],[-116.962821,44.941792],[-116.962661,44.940262],[-116.962102,44.939127],[-116.962741,44.938619],[-116.963219,44.937372],[-116.964257,44.93726],[-116.964895,44.935671],[-116.963697,44.933407],[-116.961622,44.932214],[-116.961064,44.930913],[-116.961223,44.928928],[-116.960903,44.926835],[-116.960105,44.925416],[-116.959467,44.925133],[-116.958669,44.923773],[-116.958111,44.92213],[-116.957233,44.92145],[-116.957552,44.920599],[-116.954919,44.916687],[-116.953403,44.914931],[-116.952446,44.914705],[-116.951329,44.913967],[-116.949973,44.913629],[-116.949654,44.912778],[-116.948538,44.911305],[-116.948663,44.910212]]},"properties":{"OBJECTID":314,"fhdFtrID":304,"fhdRefID":53684,"fhdRevDt":"20190401","fhdONm":"Peter Robinson","fhdOEnt":"ODFW","fhdSpNm":"Brook trout","fhdRun":"NA","fhdLifeHst":"FluvRes","fhdUseTy":"Unknown","fhdBasis":"UndocObsFish","fhdStNm":"North Pine Creek","fhdGenus":"Salvelinus","fhdSp":"fontinalis","fhdSubSp":null,"fhdOrig":"NonNative","fhdProd":"Natural","fhdComment":null,"fhdESH":"NA","fhdBasisD":null,"fhdNMF":"no","fhdBasisDt":null,"fhdBasisNm":null,"fhdBasisEnt":null,"fhdBasisPrj":null,"fhdBasisMethod":null,"fhdAccess":null,"fhdBarrierFtrID":null,"fhdEndExtent":null,"Shape__Length":31613.201869059605,"habitatType":"stream"},"id":314},
{"type":"Feature","geometry":{"type":"LineString","coordinates":[[-121.357462,42.946272],[-121.357405,42.946987],[-121.357969,42.950012],[-121.359,42.952048],[-121.359203,42.953798],[-121.360061,42.955305],[-121.360615,42.956961],[-121.361673,42.958615],[-121.362803,42.962724],[-121.363586,42.963703],[-121.363532,42.964657],[-121.364513,42.965666],[-121.36636,42.965896],[-121.368161,42.966586],[-121.369567,42.967502],[-121.370069,42.969022],[-121.371349,42.970948],[-121.371932,42.971255],[-121.372606,42.972528],[-121.372727,42.973593],[-121.374044,42.975294],[-121.376385,42.975664],[-121.37971,42.977027],[-121.38119,42.97711],[-121.38181,42.977478],[-121.383708,42.977605],[-121.385718,42.978424],[-121.38864,42.978925],[-121.392528,42.978449],[-121.396026,42.97867],[-121.398126,42.97922],[-121.399859,42.981399],[-121.401406,42.982673],[-121.404551,42.986829],[-121.405492,42.987224],[-121.406546,42.987049],[-121.40849,42.987192],[-121.41086,42.986556],[-121.412602,42.986699],[-121.414262,42.987468],[-121.416774,42.987496],[-121.418733,42.986684],[-121.42108,42.986537],[-121.42306,42.986763],[-121.424623,42.986559],[-121.425563,42.987239],[-121.428853,42.987608],[-121.430692,42.988138],[-121.432182,42.987762],[-121.433917,42.987768],[-121.435217,42.988256],[-121.43752,42.988421],[-121.437894,42.987954],[-121.440129,42.987521],[-121.442395,42.987647],[-121.443195,42.988031],[-121.445131,42.987977],[-121.445864,42.987642],[-121.449295,42.98684],[-121.450917,42.986648],[-121.45156,42.986],[-121.452965,42.98347],[-121.45529,42.98207],[-121.457091,42.980204],[-121.457875,42.978881],[-121.45937,42.978382],[-121.460716,42.97758],[-121.460633,42.976724],[-121.463584,42.973716],[-121.466208,42.972672],[-121.466648,42.971838],[-121.467426,42.971843],[-121.469323,42.969274],[-121.471819,42.968373],[-121.472835,42.967594],[-121.474187,42.966979],[-121.475271,42.967055],[-121.475816,42.966534],[-121.477453,42.966149],[-121.480315,42.966099],[-121.480463,42.964534],[-121.481607,42.964314],[-121.482188,42.962487],[-121.484034,42.961729],[-121.484132,42.961308]]},"properties":{"OBJECTID":315,"fhdFtrID":305,"fhdRefID":53684,"fhdRevDt":"20190401","fhdONm":"Peter Robinson","fhdOEnt":"ODFW","fhdSpNm":"Brook trout","fhdRun":"NA","fhdLifeHst":"FluvRes","fhdUseTy":"Unknown","fhdBasis":"UndocObsFish","fhdStNm":"Jackson Creek","fhdGenus":"Salvelinus","fhdSp":"fontinalis","fhdSubSp":null,"fhdOrig":"NonNative","fhdProd":"Natural","fhdComment":null,"fhdESH":"NA","fhdBasisD":null,"fhdNMF":"no","fhdBasisDt":null,"fhdBasisNm":null,"fhdBasisEnt":null,"fhdBasisPrj":null,"fhdBasisMethod":null,"fhdAccess":null,"fhdBarrierFtrID":null,"fhdEndExtent":null,"Shape__Length":21413.262270830746,"habitatType":"stream"},"id":315},
{"type":"Feature","geometry":{"type":"LineString","coordinates":[[-121.949416,42.834746],[-121.950383,42.835322],[-121.951762,42.837009],[-121.952198,42.837977],[-121.952976,42.838263],[-121.95327,42.838986],[-121.954155,42.839508],[-121.955604,42.839908],[-121.958077,42.841282],[-121.958481,42.841997],[-121.960641,42.843097],[-121.961092,42.843965],[-121.963963,42.844991],[-121.965381,42.84504],[-121.968748,42.845683],[-121.970008,42.845739],[-121.970608,42.846447],[-121.972937,42.846945],[-121.974238,42.84674],[-121.97646,42.847075],[-121.97731,42.847488],[-121.979966,42.847413],[-121.981264,42.848118],[-121.984338,42.848767],[-121.98548,42.848507],[-121.987623,42.848435],[-121.98906,42.848889],[-121.991358,42.848315],[-121.992971,42.848456],[-121.995222,42.850024],[-121.995904,42.850201],[-121.99639,42.851178],[-121.997347,42.851835],[-121.999066,42.852219],[-122.000154,42.853075],[-122.00202,42.853506],[-122.003506,42.854662],[-122.004873,42.854899],[-122.006415,42.855678],[-122.008189,42.855739],[-122.009078,42.856007],[-122.011208,42.857575],[-122.012086,42.85778],[-122.013024,42.858797],[-122.014235,42.859663],[-122.014176,42.860257],[-122.015276,42.861923],[-122.018981,42.864485],[-122.019424,42.865083],[-122.021629,42.866534],[-122.023165,42.866962],[-122.023752,42.867777],[-122.024129,42.869536],[-122.025893,42.871767],[-122.027159,42.872246],[-122.028722,42.873304],[-122.029156,42.874505],[-122.030225,42.875063],[-122.030546,42.87566],[-122.031761,42.876274],[-122.032008,42.876906],[-122.03508,42.878526],[-122.036508,42.879637],[-122.037157,42.8812],[-122.038031,42.882486],[-122.039154,42.883531],[-122.038738,42.885068],[-122.039258,42.886252],[-122.039106,42.887367],[-122.039553,42.888559],[-122.040421,42.888684],[-122.040872,42.889606],[-122.040715,42.891028],[-122.042042,42.893101],[-122.042265,42.894544],[-122.043194,42.895443],[-122.044003,42.896998],[-122.044867,42.897357],[-122.048293,42.900735],[-122.049457,42.901528],[-122.050694,42.903934],[-122.050724,42.904358],[-122.049706,42.905241],[-122.049358,42.906381],[-122.04843,42.907805],[-122.048693,42.909005],[-122.049951,42.910042],[-122.05015,42.910674],[-122.049974,42.912573]]},"properties":{"OBJECTID":316,"fhdFtrID":306,"fhdRefID":53713,"fhdRevDt":"20190401","fhdONm":"Matthew Neilson","fhdOEnt":"USGS","fhdSpNm":"Brook trout","fhdRun":"NA","fhdLifeHst":"FluvRes","fhdUseTy":"Unknown","fhdBasis":"UndocObsFish","fhdStNm":"Sand Creek","fhdGenus":"Salvelinus","fhdSp":"fontinalis","fhdSubSp":null,"fhdOrig":"NonNative","fhdProd":"Natural","fhdComment":null,"fhdESH":"NA","fhdBasisD":null,"fhdNMF":"no","fhdBasisDt":null,"fhdBasisNm":null,"fhdBasisEnt":null,"fhdBasisPrj":null,"fhdBasisMethod":null,"fhdAccess":null,"fhdBarrierFtrID":null,"fhdEndExtent":null,"Shape__Length":19231.810247024438,"habitatType":"stream"},"id":316},
{"type":"Feature","geometry":{"type":"LineString","coordinates":[[-121.985581,42.899563],[-121.984475,42.898801],[-121.982041,42.8985],[-121.978517,42.898452],[-121.977397,42.89798],[-121.975956,42.897766],[-121.974171,42.896587],[-121.9722,42.895808],[-121.97064,42.896247],[-121.969497,42.895973],[-121.967855,42.895985],[-121.966705,42.89565],[-121.966413,42.894421],[-121.965315,42.892988],[-121.96315,42.892325],[-121.961791,42.892127],[-121.958685,42.889543],[-121.954534,42.888122],[-121.953869,42.88816],[-121.949801,42.886453],[-121.947412,42.88596],[-121.945703,42.885971],[-121.94356,42.885208],[-121.941955,42.884044],[-121.939962,42.883682],[-121.938313,42.883737],[-121.935521,42.883567],[-121.934013,42.883935],[-121.930214,42.88389],[-121.929251,42.884264],[-121.928392,42.885746],[-121.927176,42.8858]]},"properties":{"OBJECTID":317,"fhdFtrID":307,"fhdRefID":53713,"fhdRevDt":"20190401","fhdONm":"Matthew Neilson","fhdOEnt":"USGS","fhdSpNm":"Brook trout","fhdRun":"NA","fhdLifeHst":"FluvRes","fhdUseTy":"Unknown","fhdBasis":"UndocObsFish","fhdStNm":"Scott Creek","fhdGenus":"Salvelinus","fhdSp":"fontinalis","fhdSubSp":null,"fhdOrig":"NonNative","fhdProd":"Natural","fhdComment":null,"fhdESH":"NA","fhdBasisD":null,"fhdNMF":"no","fhdBasisDt":null,"fhdBasisNm":null,"fhdBasisEnt":null,"fhdBasisPrj":null,"fhdBasisMethod":null,"fhdAccess":null,"fhdBarrierFtrID":null,"fhdEndExtent":null,"Shape__Length":7721.024239131878,"habitatType":"stream"},"id":317},
{"type":"Feature","geometry":{"type":"LineString","coordinates":[[-121.97804,44.05561],[-121.981653,44.055958],[-121.982535,44.055439],[-121.983096,44.054566],[-121.983256,44.053064],[-121.984698,44.051501],[-121.985982,44.051094],[-121.988151,44.05173],[-121.989435,44.051611],[-121.99104,44.051787],[-121.992486,44.052597],[-121.993289,44.052653],[-121.995136,44.053638],[-121.996741,44.053751],[-121.998027,44.054388],[-122.000034,44.054558],[-122.001257,44.055024],[-122.002781,44.056356],[-122.004385,44.057167],[-122.006552,44.058618],[-122.008237,44.058907],[-122.010403,44.060182],[-122.010563,44.060935],[-122.011365,44.061572],[-122.011764,44.063538],[-122.01345,44.064642],[-122.013208,44.065739],[-122.015213,44.067885],[-122.017541,44.068347],[-122.01746,44.06939],[-122.019065,44.070606],[-122.019786,44.072458],[-122.020428,44.072923],[-122.020106,44.074082],[-122.020828,44.074777],[-122.020025,44.075179],[-122.019381,44.076511],[-122.018337,44.07715],[-122.017934,44.078074],[-122.018575,44.080159],[-122.018654,44.081839],[-122.018412,44.082706],[-122.018812,44.083574]]},"properties":{"OBJECTID":318,"fhdFtrID":311,"fhdRefID":53749,"fhdRevDt":"20190423","fhdONm":"Alan Herlihy","fhdOEnt":"OSU","fhdSpNm":"Brook trout","fhdRun":"NA","fhdLifeHst":"FluvRes","fhdUseTy":"Unknown","fhdBasis":"DocObsFish","fhdStNm":"Horse Creek","fhdGenus":"Salvelinus","fhdSp":"fontinalis","fhdSubSp":null,"fhdOrig":"NonNative","fhdProd":"Natural","fhdComment":null,"fhdESH":"NA","fhdBasisD":null,"fhdNMF":"no","fhdBasisDt":"19930000","fhdBasisNm":null,"fhdBasisEnt":"OSU and EPA","fhdBasisPrj":null,"fhdBasisMethod":null,"fhdAccess":null,"fhdBarrierFtrID":null,"fhdEndExtent":null,"Shape__Length":9027.148686467455,"habitatType":"stream"},"id":318},
{"type":"Feature","geometry":{"type":"LineString","coordinates":[[-118.778856,44.236884],[-118.777991,44.237153],[-118.773432,44.237354],[-118.770146,44.237828],[-118.768184,44.23794],[-118.765361,44.237263],[-118.763871,44.236584],[-118.76293,44.236531],[-118.761361,44.235569],[-118.760028,44.235455],[-118.757989,44.234779],[-118.755792,44.235115],[-118.75391,44.234662],[-118.751712,44.235394],[-118.74995,44.235511],[-118.748696,44.236129],[-118.747129,44.237373],[-118.74556,44.237599],[-118.745483,44.239063],[-118.743446,44.241377],[-118.742977,44.242617],[-118.741017,44.244646],[-118.738744,44.245887],[-118.737724,44.246623],[-118.73545,44.247693],[-118.73443,44.247695],[-118.733516,44.24833]]},"properties":{"OBJECTID":319,"fhdFtrID":312,"fhdRefID":53751,"fhdRevDt":"20190426","fhdONm":"Shannon Hubler","fhdOEnt":"ODEQ","fhdSpNm":"Brook trout","fhdRun":"NA","fhdLifeHst":"FluvRes","fhdUseTy":"Unknown","fhdBasis":"DocObsFish","fhdStNm":"Canyon Creek","fhdGenus":"Salvelinus","fhdSp":"fontinalis","fhdSubSp":null,"fhdOrig":"NonNative","fhdProd":"Natural","fhdComment":null,"fhdESH":"NA","fhdBasisD":null,"fhdNMF":"no","fhdBasisDt":"20030000","fhdBasisNm":null,"fhdBasisEnt":null,"fhdBasisPrj":null,"fhdBasisMethod":"Electrofisher","fhdAccess":null,"fhdBarrierFtrID":null,"fhdEndExtent":null,"Shape__Length":6355.435335984683,"habitatType":"stream"},"id":319},
{"type":"Feature","geometry":{"type":"LineString","coordinates":[[-117.418188,45.228002],[-117.418829,45.230664],[-117.419951,45.23197],[-117.420352,45.233049],[-117.419789,45.234801],[-117.419146,45.235312],[-117.420638,45.23676],[-117.422515,45.237748],[-117.424842,45.237807],[-117.425804,45.238204],[-117.425242,45.238827],[-117.426606,45.239565],[-117.42805,45.240869],[-117.430858,45.241605],[-117.432302,45.242343],[-117.430215,45.243417],[-117.429653,45.244382],[-117.429412,45.245742],[-117.430615,45.24631],[-117.429491,45.248011],[-117.429892,45.248689],[-117.434707,45.249089],[-117.435348,45.250162],[-117.437114,45.251524],[-117.439521,45.251753],[-117.442971,45.253054],[-117.444175,45.253112],[-117.446102,45.252659],[-117.449954,45.252999],[-117.450997,45.253625],[-117.45204,45.255552],[-117.453565,45.255946],[-117.453806,45.256855],[-117.454689,45.257535],[-117.454929,45.258952],[-117.456294,45.259347],[-117.457418,45.260027],[-117.458461,45.260198],[-117.46103,45.261727],[-117.462154,45.262235],[-117.462876,45.263029],[-117.462635,45.264731],[-117.463037,45.265072],[-117.462555,45.266374],[-117.46376,45.267562],[-117.462636,45.268526],[-117.462717,45.269322],[-117.464242,45.27],[-117.465205,45.271247],[-117.468336,45.271815],[-117.470023,45.272947],[-117.471387,45.272662],[-117.472752,45.273682],[-117.474037,45.274195],[-117.474841,45.274929],[-117.476366,45.27527],[-117.478293,45.275383],[-117.481745,45.275836],[-117.484395,45.275213],[-117.486322,45.275209],[-117.487205,45.275552],[-117.488971,45.275608],[-117.489694,45.276514],[-117.491782,45.276797],[-117.493548,45.276799],[-117.494833,45.276001],[-117.496277,45.275833],[-117.497241,45.276287],[-117.502621,45.276966],[-117.503745,45.276511],[-117.505334,45.277156],[-117.507278,45.277359],[-117.509926,45.276281],[-117.511692,45.276619],[-117.512575,45.276278],[-117.516027,45.276109],[-117.51715,45.275429],[-117.518756,45.275485],[-117.522286,45.274123]]},"properties":{"OBJECTID":320,"fhdFtrID":313,"fhdRefID":53751,"fhdRevDt":"20190426","fhdONm":"Shannon Hubler","fhdOEnt":"ODEQ","fhdSpNm":"Brook trout","fhdRun":"NA","fhdLifeHst":"FluvRes","fhdUseTy":"Unknown","fhdBasis":"DocObsFish","fhdStNm":"North Minam River","fhdGenus":"Salvelinus","fhdSp":"fontinalis","fhdSubSp":null,"fhdOrig":"NonNative","fhdProd":"Natural","fhdComment":null,"fhdESH":"NA","fhdBasisD":null,"fhdNMF":"no","fhdBasisDt":"20020000","fhdBasisNm":null,"fhdBasisEnt":null,"fhdBasisPrj":null,"fhdBasisMethod":"Electrofisher","fhdAccess":null,"fhdBarrierFtrID":null,"fhdEndExtent":null,"Shape__Length":18430.47311196098,"habitatType":"stream"},"id":320},
{"type":"Feature","geometry":{"type":"LineString","coordinates":[[-117.351657,45.151499],[-117.350461,45.152178],[-117.348946,45.152403],[-117.348468,45.152797],[-117.347033,45.152796],[-117.345677,45.154092],[-117.343445,45.154599],[-117.34177,45.155612],[-117.340891,45.157811],[-117.339456,45.158202],[-117.33802,45.159444],[-117.33786,45.160286],[-117.336663,45.16164],[-117.336582,45.162824],[-117.336979,45.164236],[-117.337775,45.164855],[-117.337615,45.165701],[-117.339129,45.166944],[-117.340085,45.167283],[-117.341917,45.168411],[-117.344547,45.168863],[-117.346141,45.17005],[-117.351164,45.169882],[-117.352439,45.169658],[-117.353317,45.169151],[-117.356347,45.168421],[-117.360812,45.167912],[-117.362333,45.167118]]},"properties":{"OBJECTID":321,"fhdFtrID":314,"fhdRefID":53684,"fhdRevDt":"20190426","fhdONm":"Peter Robinson","fhdOEnt":"ODFW","fhdSpNm":"Brook trout","fhdRun":"NA","fhdLifeHst":"FluvRes","fhdUseTy":"Unknown","fhdBasis":"UndocObsFish","fhdStNm":"Minam River","fhdGenus":"Salvelinus","fhdSp":"fontinalis","fhdSubSp":null,"fhdOrig":"NonNative","fhdProd":"Natural","fhdComment":null,"fhdESH":"NA","fhdBasisD":null,"fhdNMF":"no","fhdBasisDt":null,"fhdBasisNm":null,"fhdBasisEnt":null,"fhdBasisPrj":null,"fhdBasisMethod":null,"fhdAccess":null,"fhdBarrierFtrID":null,"fhdEndExtent":null,"Shape__Length":6490.083036603235,"habitatType":"stream"},"id":321},
{"type":"Feature","geometry":{"type":"LineString","coordinates":[[-118.204626,45.140232],[-118.205394,45.141187],[-118.205093,45.142248],[-118.20562,45.145231],[-118.208555,45.146883],[-118.209911,45.148962],[-118.212394,45.149651],[-118.2139,45.150346],[-118.216986,45.152955],[-118.217136,45.153435],[-118.216083,45.154603],[-118.215331,45.154976],[-118.21488,45.156151],[-118.216913,45.157695],[-118.217439,45.158437],[-118.216085,45.159289],[-118.215784,45.160088],[-118.213602,45.160355],[-118.213753,45.160997],[-118.215559,45.16307],[-118.216613,45.163766],[-118.21699,45.164828],[-118.21812,45.165892],[-118.218421,45.167383],[-118.218121,45.168345],[-118.217218,45.169196],[-118.217068,45.169886],[-118.21767,45.170951],[-118.21767,45.171698],[-118.218423,45.17223],[-118.219628,45.173721],[-118.221028,45.173953],[-118.222924,45.173577],[-118.224971,45.174438],[-118.226032,45.175349],[-118.225955,45.176957],[-118.226637,45.178835],[-118.228305,45.180334],[-118.229139,45.18141],[-118.233234,45.18259],[-118.234826,45.183337],[-118.236495,45.183288],[-118.239377,45.184733],[-118.241425,45.185219],[-118.243321,45.185054],[-118.245294,45.185218],[-118.247872,45.186612],[-118.248858,45.188329],[-118.251741,45.189454],[-118.253409,45.18967],[-118.254547,45.190153],[-118.256141,45.190365]]},"properties":{"OBJECTID":322,"fhdFtrID":315,"fhdRefID":53751,"fhdRevDt":"20190426","fhdONm":"Shannon Hubler","fhdOEnt":"ODEQ","fhdSpNm":"Brook trout","fhdRun":"NA","fhdLifeHst":"FluvRes","fhdUseTy":"Unknown","fhdBasis":"DocObsFish","fhdStNm":"Beaver Creek","fhdGenus":"Salvelinus","fhdSp":"fontinalis","fhdSubSp":null,"fhdOrig":"NonNative","fhdProd":"Natural","fhdComment":null,"fhdESH":"NA","fhdBasisD":null,"fhdNMF":"no","fhdBasisDt":"20000000","fhdBasisNm":null,"fhdBasisEnt":null,"fhdBasisPrj":null,"fhdBasisMethod":"Electrofisher","fhdAccess":null,"fhdBarrierFtrID":null,"fhdEndExtent":null,"Shape__Length":12395.377909624614,"habitatType":"stream"},"id":322},
{"type":"Feature","geometry":{"type":"LineString","coordinates":[[-118.395187,45.26441],[-118.396634,45.264062],[-118.398216,45.264736],[-118.399374,45.263564],[-118.40078,45.263242],[-118.40352,45.264355],[-118.406421,45.26352],[-118.408238,45.264296],[-118.408882,45.263784],[-118.410465,45.263637],[-118.410391,45.262963],[-118.412532,45.263404],[-118.414567,45.26456],[-118.417507,45.265508],[-118.417334,45.266216],[-118.418432,45.267576],[-118.418834,45.268697],[-118.42104,45.269444],[-118.421922,45.268712],[-118.42275,45.269247],[-118.423955,45.26888],[-118.42454,45.269599],[-118.426004,45.269817],[-118.428426,45.269702],[-118.430283,45.27039],[-118.431896,45.271301],[-118.433511,45.271245],[-118.434239,45.270277],[-118.434321,45.26902],[-118.435371,45.268395],[-118.437308,45.269253],[-118.437468,45.270106],[-118.441101,45.271077],[-118.44312,45.270224]]},"properties":{"OBJECTID":323,"fhdFtrID":316,"fhdRefID":53751,"fhdRevDt":"20190426","fhdONm":"Shannon Hubler","fhdOEnt":"ODEQ","fhdSpNm":"Brook trout","fhdRun":"NA","fhdLifeHst":"FluvRes","fhdUseTy":"Unknown","fhdBasis":"DocObsFish","fhdStNm":"McCoy Creek","fhdGenus":"Salvelinus","fhdSp":"fontinalis","fhdSubSp":null,"fhdOrig":"NonNative","fhdProd":"Natural","fhdComment":null,"fhdESH":"NA","fhdBasisD":null,"fhdNMF":"no","fhdBasisDt":"19940000","fhdBasisNm":null,"fhdBasisEnt":null,"fhdBasisPrj":null,"fhdBasisMethod":"Electrofisher","fhdAccess":null,"fhdBarrierFtrID":null,"fhdEndExtent":null,"Shape__Length":8140.312914993362,"habitatType":"stream"},"id":323},
{"type":"Feature","geometry":{"type":"LineString","coordinates":[[-118.600148,45.034699],[-118.600718,45.034263],[-118.601397,45.0328],[-118.601626,45.029039],[-118.601378,45.027431],[-118.601901,45.026334],[-118.601756,45.024725],[-118.601145,45.02337],[-118.600593,45.020956],[-118.600959,45.02019],[-118.602672,45.018294],[-118.603037,45.017456],[-118.603919,45.016656],[-118.603464,45.015155],[-118.604243,45.014208],[-118.60472,45.012054],[-118.604621,45.011322],[-118.607148,45.011255],[-118.608538,45.011663],[-118.611166,45.011923],[-118.613127,45.011491],[-118.61525,45.010075],[-118.617525,45.008985]]},"properties":{"OBJECTID":324,"fhdFtrID":317,"fhdRefID":53751,"fhdRevDt":"20190426","fhdONm":"Shannon Hubler","fhdOEnt":"ODEQ","fhdSpNm":"Brook trout","fhdRun":"NA","fhdLifeHst":"FluvRes","fhdUseTy":"Unknown","fhdBasis":"DocObsFish","fhdStNm":"Big Creek","fhdGenus":"Salvelinus","fhdSp":"fontinalis","fhdSubSp":null,"fhdOrig":"NonNative","fhdProd":"Natural","fhdComment":null,"fhdESH":"NA","fhdBasisD":null,"fhdNMF":"no","fhdBasisDt":"20030000","fhdBasisNm":null,"fhdBasisEnt":null,"fhdBasisPrj":null,"fhdBasisMethod":"Electrofisher","fhdAccess":null,"fhdBarrierFtrID":null,"fhdEndExtent":null,"Shape__Length":5547.594602743261,"habitatType":"stream"},"id":324},
{"type":"Feature","geometry":{"type":"LineString","coordinates":[[-118.847266,44.878982],[-118.852746,44.881148],[-118.854706,44.881544],[-118.855022,44.8822],[-118.858758,44.884854],[-118.860355,44.884954],[-118.861297,44.886343],[-118.862796,44.886881],[-118.863885,44.88761],[-118.864426,44.889875],[-118.863996,44.892807],[-118.865976,44.894953],[-118.867845,44.8963],[-118.869651,44.896694],[-118.874249,44.898135],[-118.875896,44.898054],[-118.876469,44.898567],[-118.875716,44.900321],[-118.875008,44.901422],[-118.873533,44.903004],[-118.873668,44.905752],[-118.875384,44.90724],[-118.875354,44.909109],[-118.875811,44.913057],[-118.875948,44.915949],[-118.876577,44.917946],[-118.878175,44.918892],[-118.879463,44.919038],[-118.881524,44.919621],[-118.883789,44.919543],[-118.884614,44.92002],[-118.886782,44.921802],[-118.888999,44.92286],[-118.890548,44.924283],[-118.89122,44.925267],[-118.892257,44.927527],[-118.895662,44.929717],[-118.899994,44.931828],[-118.900976,44.932667],[-118.90201,44.934054],[-118.902276,44.936611],[-118.902847,44.937924],[-118.905118,44.939602],[-118.909193,44.941424],[-118.91585,44.945103],[-118.91905,44.947182]]},"properties":{"OBJECTID":325,"fhdFtrID":318,"fhdRefID":53751,"fhdRevDt":"20190426","fhdONm":"Shannon Hubler","fhdOEnt":"ODEQ","fhdSpNm":"Brook trout","fhdRun":"NA","fhdLifeHst":"FluvRes","fhdUseTy":"Unknown","fhdBasis":"DocObsFish","fhdStNm":"East Fork Meadow Brook","fhdGenus":"Salvelinus","fhdSp":"fontinalis","fhdSubSp":null,"fhdOrig":"NonNative","fhdProd":"Natural","fhdComment":null,"fhdESH":"NA","fhdBasisD":null,"fhdNMF":"no","fhdBasisDt":"20000000","fhdBasisNm":null,"fhdBasisEnt":null,"fhdBasisPrj":null,"fhdBasisMethod":"Electrofisher","fhdAccess":null,"fhdBarrierFtrID":null,"fhdEndExtent":null,"Shape__Length":15229.194509794166,"habitatType":"stream"},"id":325},
{"type":"Feature","geometry":{"type":"LineString","coordinates":[[-118.672691,44.791239],[-118.672839,44.792407],[-118.673501,44.793541],[-118.67729,44.796141],[-118.679496,44.79695],[-118.682618,44.799294],[-118.683436,44.80025],[-118.683688,44.801088],[-118.683112,44.803423],[-118.683416,44.804414],[-118.68408,44.805183],[-118.683148,44.806677],[-118.682989,44.807624],[-118.68329,44.809308],[-118.683025,44.81095],[-118.683015,44.812886],[-118.682392,44.814236],[-118.685307,44.817384],[-118.685253,44.817934],[-118.686789,44.818996],[-118.687715,44.81896],[-118.688586,44.819514]]},"properties":{"OBJECTID":326,"fhdFtrID":319,"fhdRefID":53751,"fhdRevDt":"20190426","fhdONm":"Shannon Hubler","fhdOEnt":"ODEQ","fhdSpNm":"Brook trout","fhdRun":"NA","fhdLifeHst":"FluvRes","fhdUseTy":"Unknown","fhdBasis":"DocObsFish","fhdStNm":"South Fork Desolation Creek","fhdGenus":"Salvelinus","fhdSp":"fontinalis","fhdSubSp":null,"fhdOrig":"NonNative","fhdProd":"Natural","fhdComment":null,"fhdESH":"NA","fhdBasisD":null,"fhdNMF":"no","fhdBasisDt":"20030000","fhdBasisNm":null,"fhdBasisEnt":null,"fhdBasisPrj":null,"fhdBasisMethod":"Electrofisher","fhdAccess":null,"fhdBarrierFtrID":null,"fhdEndExtent":null,"Shape__Length":5370.1555401422675,"habitatType":"stream"},"id":326},
{"type":"Feature","geometry":{"type":"LineString","coordinates":[[-118.125071,44.855806],[-118.124591,44.85672],[-118.122829,44.857858],[-118.121548,44.858316],[-118.119866,44.859287],[-118.118426,44.862024],[-118.117225,44.863278],[-118.116906,44.864303],[-118.115054,44.865343],[-118.114183,44.867156],[-118.114585,44.868354],[-118.113545,44.869894],[-118.113625,44.870519],[-118.112745,44.872341],[-118.112105,44.873198],[-118.112426,44.874338],[-118.111866,44.875424],[-118.111787,44.87696],[-118.111227,44.878329],[-118.110106,44.879186],[-118.109946,44.880155],[-118.109225,44.88027],[-118.107783,44.881639],[-118.107864,44.882606],[-118.106823,44.883692],[-118.10538,44.884772],[-118.10522,44.885287],[-118.103617,44.886257],[-118.102255,44.886882],[-118.102015,44.887397],[-118.100572,44.887965],[-118.100332,44.888881],[-118.09913,44.889333],[-118.096164,44.891446],[-118.093278,44.891901],[-118.092156,44.892645],[-118.08951,44.893445],[-118.088067,44.893558],[-118.087105,44.894129],[-118.086143,44.895498],[-118.084379,44.89578],[-118.080852,44.900112],[-118.080051,44.902109],[-118.079169,44.903364],[-118.079009,44.904104],[-118.076764,44.905759],[-118.076123,44.907182],[-118.074438,44.908265]]},"properties":{"OBJECTID":327,"fhdFtrID":320,"fhdRefID":53751,"fhdRevDt":"20190426","fhdONm":"Shannon Hubler","fhdOEnt":"ODEQ","fhdSpNm":"Brook trout","fhdRun":"NA","fhdLifeHst":"FluvRes","fhdUseTy":"Unknown","fhdBasis":"DocObsFish","fhdStNm":"Rock Creek","fhdGenus":"Salvelinus","fhdSp":"fontinalis","fhdSubSp":null,"fhdOrig":"NonNative","fhdProd":"Natural","fhdComment":null,"fhdESH":"NA","fhdBasisD":null,"fhdNMF":"no","fhdBasisDt":"20000000","fhdBasisNm":null,"fhdBasisEnt":null,"fhdBasisPrj":null,"fhdBasisMethod":"Electrofisher","fhdAccess":null,"fhdBarrierFtrID":null,"fhdEndExtent":null,"Shape__Length":11139.79150897111,"habitatType":"stream"},"id":327},
{"type":"Feature","geometry":{"type":"LineString","coordinates":[[-118.103617,44.886257],[-118.106825,44.886995],[-118.109551,44.886766],[-118.111075,44.88762],[-118.112278,44.888018],[-118.11268,44.888644],[-118.114525,44.889387],[-118.116129,44.890411],[-118.117974,44.890924],[-118.118695,44.890408],[-118.120298,44.889839],[-118.122864,44.889723],[-118.124627,44.88881],[-118.126711,44.888412],[-118.128795,44.887554],[-118.130237,44.886527],[-118.130877,44.885558],[-118.133844,44.885785],[-118.136167,44.88447],[-118.138329,44.88276],[-118.14009,44.880137],[-118.140891,44.879508],[-118.142974,44.879163],[-118.143697,44.879565],[-118.146903,44.879105],[-118.147702,44.878022],[-118.146018,44.877224],[-118.145721,44.875517],[-118.14409,44.874606],[-118.144266,44.874]]},"properties":{"OBJECTID":328,"fhdFtrID":321,"fhdRefID":53751,"fhdRevDt":"20190426","fhdONm":"Shannon Hubler","fhdOEnt":"ODEQ","fhdSpNm":"Brook trout","fhdRun":"NA","fhdLifeHst":"FluvRes","fhdUseTy":"Unknown","fhdBasis":"DocObsFish","fhdStNm":"Killamacue Creek","fhdGenus":"Salvelinus","fhdSp":"fontinalis","fhdSubSp":null,"fhdOrig":"NonNative","fhdProd":"Natural","fhdComment":null,"fhdESH":"NA","fhdBasisD":null,"fhdNMF":"no","fhdBasisDt":"20000000","fhdBasisNm":null,"fhdBasisEnt":null,"fhdBasisPrj":null,"fhdBasisMethod":"Electrofisher","fhdAccess":null,"fhdBarrierFtrID":null,"fhdEndExtent":null,"Shape__Length":7203.185889488055,"habitatType":"stream"},"id":328},
{"type":"Feature","geometry":{"type":"LineString","coordinates":[[-121.703124,45.099448],[-121.70448,45.099607],[-121.70709,45.097878],[-121.707918,45.096633],[-121.710157,45.095875],[-121.712256,45.094311],[-121.714804,45.093526],[-121.715447,45.092862],[-121.718909,45.093322],[-121.719537,45.093953],[-121.720785,45.094353],[-121.723387,45.09466],[-121.725503,45.095795],[-121.72724,45.097973],[-121.72779,45.098302],[-121.729773,45.098586],[-121.731416,45.099694],[-121.733092,45.102486],[-121.733603,45.102782],[-121.734092,45.104044],[-121.735929,45.10485],[-121.736967,45.104674],[-121.737571,45.103434],[-121.739895,45.103493],[-121.742119,45.104277],[-121.7428,45.103278],[-121.743752,45.102553],[-121.744464,45.101258],[-121.742983,45.100529],[-121.742541,45.099597],[-121.743795,45.098158],[-121.744011,45.097225],[-121.745126,45.096693],[-121.746575,45.097444],[-121.747483,45.098431],[-121.747414,45.09898],[-121.749057,45.099846],[-121.75161,45.099772],[-121.752995,45.100607],[-121.752367,45.101484],[-121.752784,45.102313],[-121.754132,45.102758],[-121.753473,45.103411],[-121.753998,45.104706],[-121.753331,45.105748],[-121.754437,45.107126],[-121.756304,45.107166],[-121.75869,45.10844],[-121.759099,45.109982],[-121.760725,45.110789],[-121.762421,45.111948],[-121.763937,45.114319]]},"properties":{"OBJECTID":329,"fhdFtrID":322,"fhdRefID":53751,"fhdRevDt":"20190426","fhdONm":"Shannon Hubler","fhdOEnt":"ODEQ","fhdSpNm":"Brook trout","fhdRun":"NA","fhdLifeHst":"FluvRes","fhdUseTy":"Unknown","fhdBasis":"DocObsFish","fhdStNm":"Oak Grove Fork Clackamas River","fhdGenus":"Salvelinus","fhdSp":"fontinalis","fhdSubSp":null,"fhdOrig":"NonNative","fhdProd":"Natural","fhdComment":null,"fhdESH":"NA","fhdBasisD":null,"fhdNMF":"no","fhdBasisDt":"20030000","fhdBasisNm":null,"fhdBasisEnt":null,"fhdBasisPrj":null,"fhdBasisMethod":"Electrofisher","fhdAccess":null,"fhdBarrierFtrID":null,"fhdEndExtent":null,"Shape__Length":12133.461166016303,"habitatType":"stream"},"id":329},
{"type":"Feature","geometry":{"type":"LineString","coordinates":[[-121.617581,45.344478],[-121.615323,45.345065],[-121.6128,45.348698],[-121.613076,45.350021],[-121.611357,45.351451],[-121.610752,45.351476],[-121.610224,45.352486],[-121.609518,45.352901],[-121.609161,45.353838],[-121.607817,45.355365],[-121.607626,45.355994],[-121.606464,45.356459],[-121.60654,45.3571],[-121.605378,45.358518],[-121.604248,45.359391],[-121.604327,45.360036],[-121.603446,45.360723],[-121.602662,45.36216],[-121.602903,45.363382],[-121.602146,45.363987],[-121.601855,45.365283],[-121.598822,45.368288],[-121.598187,45.369659],[-121.599084,45.370386],[-121.598655,45.371192],[-121.599875,45.372389],[-121.599736,45.373556],[-121.598219,45.37436],[-121.597703,45.375113],[-121.597578,45.376654],[-121.59703,45.377292],[-121.596838,45.380103],[-121.596396,45.380938],[-121.596754,45.382298],[-121.595911,45.382748],[-121.596409,45.383864],[-121.595014,45.384884],[-121.595261,45.3861],[-121.59499,45.386918],[-121.594184,45.387511],[-121.593633,45.388575],[-121.593973,45.389384],[-121.593229,45.390863],[-121.592128,45.39146],[-121.592768,45.392228],[-121.591983,45.393329],[-121.592561,45.393757],[-121.593138,45.395068],[-121.591256,45.396733],[-121.58988,45.397438],[-121.59018,45.398084],[-121.58946,45.398826],[-121.589739,45.399253],[-121.589221,45.401277],[-121.5883,45.401895]]},"properties":{"OBJECTID":330,"fhdFtrID":323,"fhdRefID":53751,"fhdRevDt":"20190426","fhdONm":"Shannon Hubler","fhdOEnt":"ODEQ","fhdSpNm":"Brook trout","fhdRun":"NA","fhdLifeHst":"FluvRes","fhdUseTy":"Unknown","fhdBasis":"DocObsFish","fhdStNm":"Cold Spring Creek","fhdGenus":"Salvelinus","fhdSp":"fontinalis","fhdSubSp":null,"fhdOrig":"NonNative","fhdProd":"Natural","fhdComment":null,"fhdESH":"NA","fhdBasisD":null,"fhdNMF":"no","fhdBasisDt":"20000000","fhdBasisNm":null,"fhdBasisEnt":null,"fhdBasisPrj":null,"fhdBasisMethod":"Electrofisher","fhdAccess":null,"fhdBarrierFtrID":null,"fhdEndExtent":null,"Shape__Length":12068.630525187227,"habitatType":"stream"},"id":330},
{"type":"Feature","geometry":{"type":"LineString","coordinates":[[-121.968177,45.416943],[-121.968227,45.417841],[-121.966062,45.418291],[-121.964828,45.418051],[-121.962982,45.418803],[-121.96106,45.417991],[-121.958791,45.417781],[-121.957686,45.416889],[-121.95608,45.416439],[-121.954818,45.415547],[-121.954111,45.413976],[-121.953281,45.413484],[-121.952822,45.412284],[-121.953144,45.411533],[-121.952198,45.410912],[-121.95225,45.409779],[-121.950048,45.40973],[-121.949133,45.409221],[-121.94797,45.409502],[-121.947502,45.410056],[-121.944401,45.410196],[-121.942329,45.410877],[-121.940173,45.410475],[-121.939402,45.410728],[-121.938342,45.409981],[-121.93663,45.409677],[-121.935412,45.410088],[-121.933192,45.409307],[-121.930944,45.40917],[-121.930419,45.409792],[-121.928838,45.410391]]},"properties":{"OBJECTID":331,"fhdFtrID":324,"fhdRefID":53751,"fhdRevDt":"20190426","fhdONm":"Shannon Hubler","fhdOEnt":"ODEQ","fhdSpNm":"Brook trout","fhdRun":"NA","fhdLifeHst":"FluvRes","fhdUseTy":"Unknown","fhdBasis":"DocObsFish","fhdStNm":"Little Sandy River","fhdGenus":"Salvelinus","fhdSp":"fontinalis","fhdSubSp":null,"fhdOrig":"NonNative","fhdProd":"Natural","fhdComment":null,"fhdESH":"NA","fhdBasisD":null,"fhdNMF":"no","fhdBasisDt":"20040000","fhdBasisNm":null,"fhdBasisEnt":null,"fhdBasisPrj":null,"fhdBasisMethod":"Electrofisher","fhdAccess":null,"fhdBarrierFtrID":null,"fhdEndExtent":null,"Shape__Length":6122.587645450436,"habitatType":"stream"},"id":331},
{"type":"Feature","geometry":{"type":"LineString","coordinates":[[-122.125399,44.873805],[-122.12729,44.875809],[-122.129611,44.877896],[-122.130459,44.878911],[-122.131816,44.87957],[-122.135675,44.880033],[-122.136955,44.881351],[-122.137108,44.882338],[-122.138542,44.88426],[-122.138395,44.885357],[-122.139443,44.8869],[-122.142337,44.888289],[-122.143308,44.889393],[-122.144395,44.891341],[-122.145258,44.893564],[-122.147573,44.894936],[-122.147889,44.895842],[-122.149162,44.896852],[-122.150521,44.897045],[-122.151022,44.897648],[-122.152335,44.897534],[-122.155461,44.897617],[-122.156581,44.897837],[-122.157121,44.898545],[-122.158518,44.899258],[-122.160448,44.899451]]},"properties":{"OBJECTID":332,"fhdFtrID":325,"fhdRefID":53751,"fhdRevDt":"20190426","fhdONm":"Shannon Hubler","fhdOEnt":"ODEQ","fhdSpNm":"Brook trout","fhdRun":"NA","fhdLifeHst":"FluvRes","fhdUseTy":"Unknown","fhdBasis":"DocObsFish","fhdStNm":"Hot Springs Fork","fhdGenus":"Salvelinus","fhdSp":"fontinalis","fhdSubSp":null,"fhdOrig":"NonNative","fhdProd":"Natural","fhdComment":null,"fhdESH":"NA","fhdBasisD":null,"fhdNMF":"no","fhdBasisDt":"20030000","fhdBasisNm":null,"fhdBasisEnt":null,"fhdBasisPrj":null,"fhdBasisMethod":"Electrofisher","fhdAccess":null,"fhdBarrierFtrID":null,"fhdEndExtent":null,"Shape__Length":6347.228430123062,"habitatType":"stream"},"id":332},
{"type":"Feature","geometry":{"type":"LineString","coordinates":[[-121.335044,42.707182],[-121.335957,42.705925],[-121.336687,42.705567],[-121.337688,42.704203],[-121.339308,42.703407],[-121.340135,42.702645],[-121.342339,42.701488],[-121.345233,42.699639],[-121.347098,42.698828],[-121.348952,42.698432],[-121.351475,42.698576],[-121.354,42.699612],[-121.355564,42.700013],[-121.357936,42.700326],[-121.361457,42.699232],[-121.362447,42.699202],[-121.363598,42.698615],[-121.365393,42.699046],[-121.367136,42.699161],[-121.368121,42.698841],[-121.370973,42.699494],[-121.372715,42.699195],[-121.373772,42.699399],[-121.375527,42.698586],[-121.376406,42.698581],[-121.377878,42.69735],[-121.379086,42.696935],[-121.381889,42.697109],[-121.382563,42.69747],[-121.384206,42.699583],[-121.384421,42.700693],[-121.385324,42.701652],[-121.386693,42.702517],[-121.387839,42.703542],[-121.387872,42.705587],[-121.387624,42.706196],[-121.385774,42.706908],[-121.385689,42.707807],[-121.385,42.708509],[-121.385054,42.710194],[-121.384001,42.711719],[-121.383826,42.712815],[-121.384781,42.714747],[-121.386172,42.715549],[-121.387958,42.716072],[-121.38926,42.716017],[-121.389923,42.715414],[-121.391062,42.715008],[-121.392037,42.715398],[-121.396153,42.715394],[-121.39835,42.71455],[-121.399644,42.714989],[-121.400463,42.714913],[-121.402011,42.715638],[-121.402748,42.71543],[-121.403849,42.715759],[-121.405806,42.718175],[-121.406535,42.71823],[-121.407971,42.718944],[-121.408328,42.719756],[-121.409712,42.721101],[-121.409964,42.722764],[-121.411118,42.724208],[-121.412554,42.725043],[-121.413455,42.726566],[-121.415125,42.726211],[-121.41669,42.726161],[-121.417194,42.726528],[-121.41888,42.726515],[-121.420178,42.726866],[-121.421614,42.728507],[-121.423116,42.729005],[-121.423798,42.73005],[-121.425533,42.730533],[-121.424111,42.732143],[-121.4249,42.732866],[-121.425371,42.734502],[-121.427396,42.735097],[-121.427014,42.735722],[-121.42746,42.736458],[-121.427012,42.737244],[-121.427294,42.738184],[-121.427959,42.738428],[-121.429135,42.737832],[-121.429253,42.738968],[-121.429745,42.739812],[-121.430501,42.739877],[-121.430755,42.740934],[-121.432433,42.741749],[-121.433341,42.742554],[-121.43204,42.743256],[-121.433022,42.74454],[-121.433044,42.745125],[-121.434546,42.745632],[-121.43593,42.747434],[-121.436333,42.748448],[-121.436077,42.74939],[-121.437315,42.750191],[-121.436488,42.751008],[-121.438218,42.752202],[-121.437546,42.754129],[-121.437462,42.755533],[-121.436505,42.757168],[-121.436571,42.758402],[-121.437019,42.75857],[-121.437279,42.759925],[-121.435572,42.761198],[-121.435438,42.764123],[-121.437579,42.765485],[-121.437042,42.766405],[-121.437902,42.767245],[-121.439034,42.767882],[-121.438696,42.770156],[-121.438786,42.771922],[-121.438238,42.772338],[-121.438161,42.773444],[-121.438924,42.77422],[-121.439858,42.77453],[-121.439851,42.775287],[-121.440574,42.775702],[-121.440446,42.776402],[-121.441715,42.776978],[-121.442972,42.778039],[-121.442758,42.779288],[-121.443573,42.779461],[-121.443688,42.780228],[-121.445142,42.781347],[-121.444836,42.781685],[-121.444913,42.783154],[-121.445482,42.784014],[-121.444932,42.785711],[-121.444423,42.786524],[-121.441767,42.788109],[-121.441163,42.788776],[-121.441963,42.789534],[-121.441762,42.790225],[-121.443106,42.790784],[-121.443627,42.791925],[-121.442157,42.792527],[-121.443075,42.792998],[-121.442618,42.793659],[-121.442804,42.794526],[-121.441641,42.795572],[-121.441358,42.797099],[-121.440637,42.797081],[-121.440417,42.798041],[-121.440618,42.800268],[-121.439365,42.800494],[-121.440043,42.801746],[-121.441043,42.80185],[-121.44294,42.802758],[-121.443571,42.803442],[-121.441879,42.803635],[-121.442407,42.804498],[-121.441347,42.805339],[-121.442438,42.805714],[-121.441077,42.806344],[-121.441861,42.806787],[-121.440892,42.807395],[-121.441064,42.808334],[-121.440292,42.808855],[-121.440756,42.80986],[-121.439609,42.81025],[-121.440246,42.811204],[-121.439249,42.81192],[-121.439636,42.813087],[-121.440481,42.813035],[-121.441097,42.813836],[-121.442007,42.814128],[-121.444402,42.815673],[-121.446343,42.815339],[-121.447451,42.815552],[-121.448008,42.816758],[-121.447669,42.817095],[-121.447659,42.818473],[-121.451401,42.819938],[-121.451051,42.821744],[-121.452222,42.821497],[-121.453117,42.822303],[-121.453296,42.823022],[-121.454541,42.823242],[-121.453744,42.824707],[-121.455086,42.824921],[-121.454952,42.825728],[-121.45572,42.826436],[-121.456459,42.827671],[-121.457488,42.828467],[-121.456586,42.829553],[-121.457526,42.829954],[-121.456624,42.830893],[-121.457959,42.831408],[-121.457109,42.831908],[-121.45734,42.83266],[-121.458324,42.832802],[-121.458787,42.833439],[-121.459935,42.833071],[-121.460197,42.834174],[-121.458817,42.83412],[-121.460578,42.835821],[-121.46182,42.835954],[-121.461175,42.836677],[-121.46204,42.83739],[-121.463509,42.837505],[-121.463495,42.838081],[-121.464688,42.8388],[-121.463823,42.839657],[-121.462302,42.839767],[-121.463123,42.840754],[-121.462146,42.841468],[-121.463056,42.841913],[-121.462922,42.843208],[-121.464079,42.843927],[-121.46277,42.845008],[-121.464288,42.845458],[-121.464445,42.846561],[-121.463946,42.846885],[-121.46499,42.847719],[-121.464565,42.848021],[-121.46514,42.849179],[-121.464543,42.850525]]},"properties":{"OBJECTID":333,"fhdFtrID":326,"fhdRefID":53751,"fhdRevDt":"20190426","fhdONm":"Shannon Hubler","fhdOEnt":"ODEQ","fhdSpNm":"Brook trout","fhdRun":"NA","fhdLifeHst":"FluvRes","fhdUseTy":"Unknown","fhdBasis":"DocObsFish","fhdStNm":"Williamson River","fhdGenus":"Salvelinus","fhdSp":"fontinalis","fhdSubSp":null,"fhdOrig":"NonNative","fhdProd":"Natural","fhdComment":null,"fhdESH":"NA","fhdBasisD":null,"fhdNMF":"no","fhdBasisDt":"20040000","fhdBasisNm":null,"fhdBasisEnt":null,"fhdBasisPrj":null,"fhdBasisMethod":"Electrofisher","fhdAccess":null,"fhdBarrierFtrID":null,"fhdEndExtent":null,"Shape__Length":50627.251389980986,"habitatType":"stream"},"id":333},
{"type":"Feature","geometry":{"type":"LineString","coordinates":[[-121.916801,43.324725],[-121.915727,43.326065],[-121.91524,43.327191],[-121.914519,43.327664],[-121.913213,43.327864],[-121.911285,43.328609],[-121.910909,43.32934],[-121.909708,43.329478],[-121.908531,43.330332],[-121.907108,43.330829],[-121.904825,43.330681],[-121.898749,43.33174],[-121.89521,43.333231],[-121.891741,43.33356],[-121.889517,43.334433],[-121.888593,43.335129],[-121.888189,43.336897],[-121.888535,43.338031],[-121.887777,43.33855],[-121.885311,43.338878],[-121.883923,43.339541],[-121.88213,43.33942],[-121.880903,43.340479],[-121.880678,43.341423],[-121.87831,43.341852],[-121.877566,43.342383],[-121.87436,43.342516],[-121.873317,43.342956],[-121.871462,43.343277],[-121.871189,43.343901],[-121.869121,43.345532],[-121.869229,43.345949],[-121.867576,43.34646],[-121.867555,43.346956],[-121.866432,43.348097],[-121.864951,43.348298],[-121.863917,43.349666],[-121.86311,43.349658],[-121.862136,43.350871],[-121.860253,43.351748],[-121.858952,43.352011],[-121.857785,43.35183],[-121.855161,43.352923],[-121.853959,43.352149],[-121.851545,43.352464],[-121.849994,43.352404],[-121.8481,43.353717],[-121.847295,43.3537],[-121.846867,43.354461],[-121.845978,43.354371],[-121.845215,43.354895],[-121.843244,43.355506],[-121.842373,43.356401],[-121.84135,43.356449],[-121.840147,43.357655],[-121.839309,43.358137],[-121.837368,43.358558],[-121.836623,43.3583],[-121.834019,43.360247],[-121.83253,43.360011],[-121.83017,43.359937],[-121.82897,43.360959],[-121.828999,43.361594],[-121.828101,43.363398],[-121.827008,43.36365],[-121.826063,43.36444]]},"properties":{"OBJECTID":334,"fhdFtrID":327,"fhdRefID":53751,"fhdRevDt":"20190426","fhdONm":"Shannon Hubler","fhdOEnt":"ODEQ","fhdSpNm":"Brook trout","fhdRun":"NA","fhdLifeHst":"FluvRes","fhdUseTy":"Unknown","fhdBasis":"DocObsFish","fhdStNm":"Hemlock Creek","fhdGenus":"Salvelinus","fhdSp":"fontinalis","fhdSubSp":null,"fhdOrig":"NonNative","fhdProd":"Natural","fhdComment":null,"fhdESH":"NA","fhdBasisD":null,"fhdNMF":"no","fhdBasisDt":"19970000","fhdBasisNm":null,"fhdBasisEnt":null,"fhdBasisPrj":null,"fhdBasisMethod":"Electrofisher","fhdAccess":null,"fhdBarrierFtrID":null,"fhdEndExtent":null,"Shape__Length":16199.19277291939,"habitatType":"stream"},"id":334},
{"type":"Feature","geometry":{"type":"LineString","coordinates":[[-121.776861,44.453878],[-121.7736,44.455062],[-121.772358,44.454966],[-121.771683,44.455397],[-121.770653,44.4553],[-121.769222,44.455692],[-121.766765,44.45573],[-121.765269,44.456431],[-121.762572,44.456594],[-121.760932,44.456943],[-121.759812,44.456567],[-121.7563,44.456701],[-121.755463,44.457291],[-121.753342,44.457701],[-121.752097,44.457211],[-121.751384,44.458555],[-121.749321,44.458064],[-121.749125,44.457439],[-121.746783,44.456829],[-121.745661,44.457002],[-121.744924,44.456655],[-121.742762,44.457238],[-121.7414,44.45667],[-121.740172,44.457668],[-121.738797,44.457031],[-121.736544,44.45663],[-121.735554,44.455653],[-121.734021,44.454717],[-121.733597,44.453772],[-121.732402,44.45378],[-121.731862,44.452806],[-121.730618,44.452656],[-121.729249,44.452087],[-121.726332,44.451696],[-121.725453,44.452176],[-121.721763,44.452737],[-121.719971,44.452119],[-121.71768,44.452071],[-121.717091,44.451867],[-121.716036,44.452538],[-121.714586,44.452998],[-121.713562,44.452943],[-121.711908,44.453376],[-121.711059,44.45409],[-121.708744,44.455046],[-121.706177,44.456501],[-121.704902,44.457787],[-121.702787,44.458292],[-121.70295,44.458691],[-121.700811,44.460047],[-121.699236,44.459947],[-121.698537,44.460468],[-121.696873,44.460756],[-121.695854,44.461534],[-121.694708,44.461961],[-121.693302,44.461541],[-121.692444,44.461673],[-121.691866,44.462816],[-121.690303,44.463204],[-121.68668,44.463668],[-121.684996,44.464819],[-121.683568,44.464983],[-121.681868,44.465785],[-121.680905,44.466963],[-121.679932,44.467402],[-121.679483,44.468144],[-121.678216,44.468288],[-121.67727,44.469855],[-121.675342,44.471002],[-121.673587,44.47096],[-121.672246,44.471169],[-121.670552,44.471924],[-121.669084,44.472289],[-121.666291,44.474564],[-121.663653,44.475355],[-121.662464,44.474925],[-121.661644,44.475784],[-121.659665,44.476027],[-121.657188,44.477041],[-121.656874,44.477537],[-121.65373,44.477499],[-121.652232,44.476733],[-121.649944,44.47643],[-121.65015,44.476971],[-121.648995,44.477684],[-121.645697,44.478072],[-121.644875,44.477841],[-121.643625,44.479214],[-121.643368,44.480586],[-121.642885,44.480977]]},"properties":{"OBJECTID":335,"fhdFtrID":328,"fhdRefID":53751,"fhdRevDt":"20190426","fhdONm":"Shannon Hubler","fhdOEnt":"ODEQ","fhdSpNm":"Brook trout","fhdRun":"NA","fhdLifeHst":"FluvRes","fhdUseTy":"Unknown","fhdBasis":"DocObsFish","fhdStNm":"First Creek","fhdGenus":"Salvelinus","fhdSp":"fontinalis","fhdSubSp":null,"fhdOrig":"NonNative","fhdProd":"Natural","fhdComment":null,"fhdESH":"NA","fhdBasisD":null,"fhdNMF":"no","fhdBasisDt":"19970000","fhdBasisNm":null,"fhdBasisEnt":null,"fhdBasisPrj":null,"fhdBasisMethod":"Electrofisher","fhdAccess":null,"fhdBarrierFtrID":null,"fhdEndExtent":null,"Shape__Length":22395.173278556416,"habitatType":"stream"},"id":335},
{"type":"Feature","geometry":{"type":"LineString","coordinates":[[-121.818382,44.434009],[-121.816018,44.433849],[-121.813738,44.433419],[-121.813023,44.433949],[-121.811262,44.434394],[-121.810774,44.434028],[-121.809247,44.433918],[-121.805032,44.433009],[-121.801258,44.433199],[-121.799413,44.433427],[-121.79856,44.434267],[-121.799071,44.435353],[-121.797311,44.436388],[-121.794212,44.437291],[-121.79368,44.437062],[-121.791176,44.43723],[-121.78939,44.438058],[-121.789318,44.438756],[-121.788575,44.439055],[-121.787588,44.440908],[-121.788001,44.441813],[-121.786733,44.442574],[-121.783953,44.442674],[-121.779507,44.443452],[-121.777886,44.443586],[-121.778015,44.445131],[-121.777584,44.445969],[-121.777698,44.446969],[-121.777317,44.450203],[-121.778071,44.451547],[-121.776861,44.453878]]},"properties":{"OBJECTID":336,"fhdFtrID":329,"fhdRefID":53684,"fhdRevDt":"20190426","fhdONm":"Peter Robinson","fhdOEnt":"ODFW","fhdSpNm":"Brook trout","fhdRun":"NA","fhdLifeHst":"FluvRes","fhdUseTy":"Unknown","fhdBasis":"UndocObsFish","fhdStNm":"Unnamed trib to First Creek","fhdGenus":"Salvelinus","fhdSp":"fontinalis","fhdSubSp":null,"fhdOrig":"NonNative","fhdProd":"Natural","fhdComment":null,"fhdESH":"NA","fhdBasisD":null,"fhdNMF":"no","fhdBasisDt":null,"fhdBasisNm":null,"fhdBasisEnt":null,"fhdBasisPrj":null,"fhdBasisMethod":null,"fhdAccess":null,"fhdBarrierFtrID":null,"fhdEndExtent":null,"Shape__Length":8141.607956705587,"habitatType":"stream"},"id":336},
{"type":"Feature","geometry":{"type":"LineString","coordinates":[[-121.885514,43.84234],[-121.888216,43.843392],[-121.88914,43.844563],[-121.890041,43.84494],[-121.890471,43.846601],[-121.892687,43.848523],[-121.893246,43.849248],[-121.893123,43.850499],[-121.893424,43.851042],[-121.89477,43.851586],[-121.895289,43.853149],[-121.895119,43.854237],[-121.895924,43.855154],[-121.895158,43.856209],[-121.89573,43.856899],[-121.897744,43.857674],[-121.898392,43.858968],[-121.898357,43.860859],[-121.898739,43.861736],[-121.900277,43.862669],[-121.901506,43.862955],[-121.90179,43.863453],[-121.900993,43.864341],[-121.902507,43.865923],[-121.902634,43.866491],[-121.903758,43.866925],[-121.903339,43.867416],[-121.90341,43.868939],[-121.903997,43.870178],[-121.902934,43.871167],[-121.899644,43.87073],[-121.898849,43.871956],[-121.89762,43.871791],[-121.895658,43.87224],[-121.89441,43.873083],[-121.895367,43.874524],[-121.896107,43.874892],[-121.897379,43.876101],[-121.897008,43.878007],[-121.897853,43.878744],[-121.89965,43.879387],[-121.900142,43.879981],[-121.900476,43.881531],[-121.90159,43.883025],[-121.903675,43.884022],[-121.903556,43.886083],[-121.900956,43.887381],[-121.899425,43.888906],[-121.900567,43.889277],[-121.902212,43.890536]]},"properties":{"OBJECTID":337,"fhdFtrID":330,"fhdRefID":53751,"fhdRevDt":"20190426","fhdONm":"Shannon Hubler","fhdOEnt":"ODEQ","fhdSpNm":"Brook trout","fhdRun":"NA","fhdLifeHst":"FluvRes","fhdUseTy":"Unknown","fhdBasis":"DocObsFish","fhdStNm":"Unnamed trib to Cultus Lake","fhdGenus":"Salvelinus","fhdSp":"fontinalis","fhdSubSp":null,"fhdOrig":"NonNative","fhdProd":"Natural","fhdComment":null,"fhdESH":"NA","fhdBasisD":null,"fhdNMF":"no","fhdBasisDt":"19970000","fhdBasisNm":null,"fhdBasisEnt":null,"fhdBasisPrj":null,"fhdBasisMethod":"Electrofisher","fhdAccess":null,"fhdBarrierFtrID":null,"fhdEndExtent":null,"Shape__Length":11122.862157242365,"habitatType":"stream"},"id":337},
{"type":"Feature","geometry":{"type":"LineString","coordinates":[[-121.514967,44.287273],[-121.516112,44.287081],[-121.517341,44.287541],[-121.517542,44.28806],[-121.519661,44.289002],[-121.520577,44.28899],[-121.522357,44.289685],[-121.523269,44.289808],[-121.523829,44.291274],[-121.525538,44.291073],[-121.527577,44.291521],[-121.529814,44.291309],[-121.53086,44.290665],[-121.531428,44.290978],[-121.532685,44.290724],[-121.532964,44.29014],[-121.533999,44.289833],[-121.534808,44.290058],[-121.536159,44.289577],[-121.537306,44.289519],[-121.53974,44.28828],[-121.541875,44.288521],[-121.544759,44.287846],[-121.546001,44.287372],[-121.546661,44.286315],[-121.549011,44.285191],[-121.549834,44.285307],[-121.55111,44.284485],[-121.55124,44.2837],[-121.55279,44.282805],[-121.552641,44.281451],[-121.553412,44.280173],[-121.554002,44.278081],[-121.553629,44.277542],[-121.555313,44.276476],[-121.554098,44.275313],[-121.554532,44.274148],[-121.555372,44.273048],[-121.554399,44.270827],[-121.554694,44.270443],[-121.554223,44.268844],[-121.554629,44.26784],[-121.553807,44.265731],[-121.553715,44.264655],[-121.554101,44.263576],[-121.553342,44.262346],[-121.552655,44.262126],[-121.551924,44.260761],[-121.552066,44.259875],[-121.550924,44.259151],[-121.551887,44.25776],[-121.55174,44.256917],[-121.549953,44.25598],[-121.550344,44.25427],[-121.550856,44.253752],[-121.550477,44.252966],[-121.550748,44.252242],[-121.550167,44.2515],[-121.550243,44.249766]]},"properties":{"OBJECTID":338,"fhdFtrID":331,"fhdRefID":53751,"fhdRevDt":"20190426","fhdONm":"Shannon Hubler","fhdOEnt":"ODEQ","fhdSpNm":"Brook trout","fhdRun":"NA","fhdLifeHst":"FluvRes","fhdUseTy":"Unknown","fhdBasis":"DocObsFish","fhdStNm":"Whychus Creek","fhdGenus":"Salvelinus","fhdSp":"fontinalis","fhdSubSp":null,"fhdOrig":"NonNative","fhdProd":"Natural","fhdComment":null,"fhdESH":"NA","fhdBasisD":null,"fhdNMF":"no","fhdBasisDt":"19980000","fhdBasisNm":null,"fhdBasisEnt":null,"fhdBasisPrj":null,"fhdBasisMethod":"Electrofisher","fhdAccess":null,"fhdBarrierFtrID":null,"fhdEndExtent":null,"Shape__Length":12200.16784601983,"habitatType":"stream"},"id":338},
{"type":"Feature","geometry":{"type":"LineString","coordinates":[[-121.6666,44.076297],[-121.666411,44.075971],[-121.664123,44.074962],[-121.663099,44.074941],[-121.66139,44.074336],[-121.659968,44.074256],[-121.658546,44.073609],[-121.657284,44.072559],[-121.656064,44.072365],[-121.652114,44.070896],[-121.65035,44.070506],[-121.64965,44.069975],[-121.642731,44.0673],[-121.640354,44.065849],[-121.638567,44.06536],[-121.634789,44.063685],[-121.633661,44.063708],[-121.63196,44.0633],[-121.630781,44.062439],[-121.629786,44.062275],[-121.627742,44.061026],[-121.625506,44.061071],[-121.621481,44.05969],[-121.619266,44.058808],[-121.615447,44.056078],[-121.615332,44.054042],[-121.614221,44.052687],[-121.614033,44.051928],[-121.612577,44.05065],[-121.610754,44.049602],[-121.606655,44.048219],[-121.606217,44.047746],[-121.604316,44.046813],[-121.602839,44.047011],[-121.599976,44.046652],[-121.598283,44.047009]]},"properties":{"OBJECTID":339,"fhdFtrID":332,"fhdRefID":53751,"fhdRevDt":"20190426","fhdONm":"Shannon Hubler","fhdOEnt":"ODEQ","fhdSpNm":"Brook trout","fhdRun":"NA","fhdLifeHst":"FluvRes","fhdUseTy":"Unknown","fhdBasis":"DocObsFish","fhdStNm":"North Fork Tumalo Creek","fhdGenus":"Salvelinus","fhdSp":"fontinalis","fhdSubSp":null,"fhdOrig":"NonNative","fhdProd":"Natural","fhdComment":null,"fhdESH":"NA","fhdBasisD":null,"fhdNMF":"no","fhdBasisDt":"19980000","fhdBasisNm":null,"fhdBasisEnt":null,"fhdBasisPrj":null,"fhdBasisMethod":"Electrofisher","fhdAccess":null,"fhdBarrierFtrID":null,"fhdEndExtent":null,"Shape__Length":9533.291086381347,"habitatType":"stream"},"id":339},
{"type":"Feature","geometry":{"type":"LineString","coordinates":[[-121.745574,44.015439],[-121.743391,44.018272],[-121.744351,44.020907],[-121.744074,44.021615],[-121.742661,44.022356],[-121.742289,44.023441],[-121.738859,44.025123],[-121.737511,44.025144],[-121.737212,44.025735],[-121.734967,44.026259],[-121.733316,44.025881],[-121.731124,44.02628],[-121.729149,44.025835],[-121.728235,44.026004],[-121.726817,44.025764],[-121.725799,44.026121],[-121.723207,44.029442],[-121.722099,44.031077],[-121.720282,44.033154],[-121.71842,44.034876],[-121.716738,44.036059],[-121.715416,44.037764],[-121.713471,44.038804],[-121.71074,44.039286],[-121.707089,44.040758],[-121.704586,44.041071],[-121.70132,44.040872],[-121.698724,44.040231],[-121.696791,44.040254],[-121.694486,44.041112],[-121.694034,44.042464]]},"properties":{"OBJECTID":340,"fhdFtrID":333,"fhdRefID":53751,"fhdRevDt":"20190426","fhdONm":"Shannon Hubler","fhdOEnt":"ODEQ","fhdSpNm":"Brook trout","fhdRun":"NA","fhdLifeHst":"FluvRes","fhdUseTy":"Unknown","fhdBasis":"DocObsFish","fhdStNm":"Soda Creek","fhdGenus":"Salvelinus","fhdSp":"fontinalis","fhdSubSp":null,"fhdOrig":"NonNative","fhdProd":"Natural","fhdComment":null,"fhdESH":"NA","fhdBasisD":null,"fhdNMF":"no","fhdBasisDt":"19980000","fhdBasisNm":null,"fhdBasisEnt":null,"fhdBasisPrj":null,"fhdBasisMethod":"Electrofisher","fhdAccess":null,"fhdBarrierFtrID":null,"fhdEndExtent":null,"Shape__Length":8475.977393617866,"habitatType":"stream"},"id":340},
{"type":"Feature","geometry":{"type":"LineString","coordinates":[[-121.480065,44.043505],[-121.477913,44.042755],[-121.474454,44.043529],[-121.472244,44.042853],[-121.470943,44.042662],[-121.469549,44.043334],[-121.467667,44.042675],[-121.466429,44.043262],[-121.463663,44.043071],[-121.460395,44.043502],[-121.459207,44.044187],[-121.457524,44.044652],[-121.455727,44.044132],[-121.454459,44.044584],[-121.453469,44.044108],[-121.450125,44.043366],[-121.448918,44.043718],[-121.447059,44.04273],[-121.446149,44.04269],[-121.443889,44.043173],[-121.443072,44.043606],[-121.442708,44.044344],[-121.441753,44.044578],[-121.439146,44.044135],[-121.434157,44.04304],[-121.432309,44.043305],[-121.431114,44.044049],[-121.430402,44.045003],[-121.430336,44.045932],[-121.429725,44.046878],[-121.428064,44.048772],[-121.42685,44.049863],[-121.422939,44.051889],[-121.419723,44.051674],[-121.417345,44.05192],[-121.415751,44.050817],[-121.413996,44.05064],[-121.411736,44.051122],[-121.409789,44.052653],[-121.408104,44.053457],[-121.407133,44.053326],[-121.40515,44.054181],[-121.4038,44.055951],[-121.402345,44.05644],[-121.401189,44.056389],[-121.399969,44.057356],[-121.399929,44.057913],[-121.398549,44.058793],[-121.396601,44.059659],[-121.396244,44.060808],[-121.394952,44.061061],[-121.394492,44.061723],[-121.392008,44.062829],[-121.390585,44.064178],[-121.390063,44.065182],[-121.38841,44.066129],[-121.3876,44.066106],[-121.384777,44.06851],[-121.384899,44.069255],[-121.384243,44.069896],[-121.383457,44.069897],[-121.382913,44.070862],[-121.383632,44.071428],[-121.38286,44.072512],[-121.382887,44.073187],[-121.382095,44.073896],[-121.380312,44.07436],[-121.37954,44.075438],[-121.378036,44.079288],[-121.37677,44.080827],[-121.377062,44.081579],[-121.376255,44.08284]]},"properties":{"OBJECTID":341,"fhdFtrID":334,"fhdRefID":53751,"fhdRevDt":"20190426","fhdONm":"Shannon Hubler","fhdOEnt":"ODEQ","fhdSpNm":"Brook trout","fhdRun":"NA","fhdLifeHst":"FluvRes","fhdUseTy":"Unknown","fhdBasis":"DocObsFish","fhdStNm":"Tumalo Creek","fhdGenus":"Salvelinus","fhdSp":"fontinalis","fhdSubSp":null,"fhdOrig":"NonNative","fhdProd":"Natural","fhdComment":null,"fhdESH":"NA","fhdBasisD":null,"fhdNMF":"no","fhdBasisDt":"19980000","fhdBasisNm":null,"fhdBasisEnt":null,"fhdBasisPrj":null,"fhdBasisMethod":"Electrofisher","fhdAccess":null,"fhdBarrierFtrID":null,"fhdEndExtent":null,"Shape__Length":16279.488747274125,"habitatType":"stream"},"id":341},
{"type":"Feature","geometry":{"type":"LineString","coordinates":[[-117.412387,45.289143],[-117.412943,45.288025],[-117.414689,45.286345],[-117.414689,45.28539],[-117.415165,45.282589],[-117.41453,45.28175],[-117.415323,45.280685],[-117.415482,45.278834],[-117.415799,45.2785]]},"properties":{"OBJECTID":342,"fhdFtrID":335,"fhdRefID":53752,"fhdRevDt":"20190627","fhdONm":"Alan Herlihy","fhdOEnt":"OSU","fhdSpNm":"Brook trout","fhdRun":"NA","fhdLifeHst":"FluvRes","fhdUseTy":"Unknown","fhdBasis":"DocObsFish","fhdStNm":"Bowman Creek","fhdGenus":"Salvelinus","fhdSp":"fontinalis","fhdSubSp":null,"fhdOrig":"NonNative","fhdProd":"Natural","fhdComment":null,"fhdESH":"NA","fhdBasisD":null,"fhdNMF":"no","fhdBasisDt":"19970000","fhdBasisNm":null,"fhdBasisEnt":null,"fhdBasisPrj":"OSU-EPA Oregion Pilot","fhdBasisMethod":"Electrofisher","fhdAccess":null,"fhdBarrierFtrID":null,"fhdEndExtent":null,"Shape__Length":1875.7845434724745,"habitatType":"stream"},"id":342},
{"type":"Feature","geometry":{"type":"LineString","coordinates":[[-118.345216,44.870388],[-118.349124,44.870774],[-118.351193,44.870718],[-118.353339,44.871485],[-118.354259,44.871537],[-118.357785,44.870775],[-118.360621,44.871543],[-118.36361,44.871705],[-118.365143,44.871651],[-118.367825,44.872307],[-118.370584,44.872743],[-118.372347,44.874054],[-118.37388,44.874598]]},"properties":{"OBJECTID":343,"fhdFtrID":336,"fhdRefID":53752,"fhdRevDt":"20190627","fhdONm":"Alan Herlihy","fhdOEnt":"OSU","fhdSpNm":"Brook trout","fhdRun":"NA","fhdLifeHst":"FluvRes","fhdUseTy":"Unknown","fhdBasis":"DocObsFish","fhdStNm":"Crane Creek","fhdGenus":"Salvelinus","fhdSp":"fontinalis","fhdSubSp":null,"fhdOrig":"NonNative","fhdProd":"Natural","fhdComment":null,"fhdESH":"NA","fhdBasisD":null,"fhdNMF":"no","fhdBasisDt":"19970000","fhdBasisNm":null,"fhdBasisEnt":null,"fhdBasisPrj":"OSU-EPA Oregion Pilot","fhdBasisMethod":"Electrofisher","fhdAccess":null,"fhdBarrierFtrID":null,"fhdEndExtent":null,"Shape__Length":3465.8920957086766,"habitatType":"stream"},"id":343},
{"type":"Feature","geometry":{"type":"LineString","coordinates":[[-118.017678,45.000627],[-118.016242,45.000601],[-118.009962,44.99765],[-118.007357,44.997421],[-118.006636,44.99628]]},"properties":{"OBJECTID":344,"fhdFtrID":337,"fhdRefID":53752,"fhdRevDt":"20190627","fhdONm":"Alan Herlihy","fhdOEnt":"OSU","fhdSpNm":"Brook trout","fhdRun":"NA","fhdLifeHst":"FluvRes","fhdUseTy":"Unknown","fhdBasis":"DocObsFish","fhdStNm":"North Powder River","fhdGenus":"Salvelinus","fhdSp":"fontinalis","fhdSubSp":null,"fhdOrig":"NonNative","fhdProd":"Natural","fhdComment":null,"fhdESH":"NA","fhdBasisD":null,"fhdNMF":"no","fhdBasisDt":"19970000","fhdBasisNm":null,"fhdBasisEnt":null,"fhdBasisPrj":"OSU-EPA Oregion Pilot","fhdBasisMethod":"Electrofisher","fhdAccess":null,"fhdBarrierFtrID":null,"fhdEndExtent":null,"Shape__Length":1530.5257838282046,"habitatType":"stream"},"id":344},
{"type":"Feature","geometry":{"type":"LineString","coordinates":[[-117.955575,44.701789],[-117.952745,44.69999],[-117.950835,44.699065],[-117.948237,44.69901],[-117.946939,44.698359],[-117.942508,44.694979],[-117.940522,44.694109],[-117.938456,44.693556]]},"properties":{"OBJECTID":345,"fhdFtrID":338,"fhdRefID":53752,"fhdRevDt":"20190627","fhdONm":"Alan Herlihy","fhdOEnt":"OSU","fhdSpNm":"Brook trout","fhdRun":"NA","fhdLifeHst":"FluvRes","fhdUseTy":"Unknown","fhdBasis":"DocObsFish","fhdStNm":"Blue Canyon","fhdGenus":"Salvelinus","fhdSp":"fontinalis","fhdSubSp":null,"fhdOrig":"NonNative","fhdProd":"Natural","fhdComment":null,"fhdESH":"NA","fhdBasisD":null,"fhdNMF":"no","fhdBasisDt":"19970000","fhdBasisNm":null,"fhdBasisEnt":null,"fhdBasisPrj":"OSU-EPA Oregion Pilot","fhdBasisMethod":"Electrofisher","fhdAccess":null,"fhdBarrierFtrID":null,"fhdEndExtent":null,"Shape__Length":2419.1110837220476,"habitatType":"stream"},"id":345},
{"type":"Feature","geometry":{"type":"LineString","coordinates":[[-117.342138,45.440834],[-117.341497,45.441421],[-117.338361,45.440967],[-117.334721,45.439051],[-117.332755,45.437464],[-117.331175,45.435281],[-117.33001,45.435469],[-117.328457,45.435019],[-117.326106,45.434954],[-117.324914,45.434592],[-117.324409,45.433712],[-117.322558,45.4327],[-117.318566,45.432086],[-117.315956,45.431287],[-117.314784,45.430768],[-117.314106,45.429546]]},"properties":{"OBJECTID":346,"fhdFtrID":339,"fhdRefID":53752,"fhdRevDt":"20190627","fhdONm":"Alan Herlihy","fhdOEnt":"OSU","fhdSpNm":"Brook trout","fhdRun":"NA","fhdLifeHst":"FluvRes","fhdUseTy":"Unknown","fhdBasis":"DocObsFish","fhdStNm":"Wallowa River","fhdGenus":"Salvelinus","fhdSp":"fontinalis","fhdSubSp":null,"fhdOrig":"NonNative","fhdProd":"Natural","fhdComment":null,"fhdESH":"NA","fhdBasisD":null,"fhdNMF":"no","fhdBasisDt":"19970000","fhdBasisNm":null,"fhdBasisEnt":null,"fhdBasisPrj":null,"fhdBasisMethod":"Electrofish","fhdAccess":null,"fhdBarrierFtrID":null,"fhdEndExtent":null,"Shape__Length":4024.438123554087,"habitatType":"stream"},"id":346},
{"type":"Feature","geometry":{"type":"MultiLineString","coordinates":[[[-122.341055,43.053167],[-122.339853,43.052594],[-122.338136,43.053053],[-122.33732,43.052407],[-122.335881,43.052516],[-122.335164,43.053223],[-122.334112,43.052905],[-122.333154,43.054297],[-122.332284,43.054162],[-122.331001,43.055231],[-122.330052,43.055217],[-122.329372,43.055954],[-122.32768,43.05605],[-122.325764,43.056532],[-122.326223,43.057169],[-122.325557,43.057748],[-122.32549,43.058621]],[[-122.322192,43.064133],[-122.322043,43.063295],[-122.322873,43.062995],[-122.322627,43.061322],[-122.324181,43.060339],[-122.324811,43.060262],[-122.32549,43.058622]]]},"properties":{"OBJECTID":347,"fhdFtrID":340,"fhdRefID":53578,"fhdRevDt":"20190313","fhdONm":"Ed Hall","fhdOEnt":"USFS","fhdSpNm":"Brook trout","fhdRun":"NA","fhdLifeHst":"FluvRes","fhdUseTy":"Unknown","fhdBasis":"DocObsFish","fhdStNm":"Rogue River","fhdGenus":"Salvelinus","fhdSp":"fontinalis","fhdSubSp":null,"fhdOrig":"NonNative","fhdProd":"Natural","fhdComment":null,"fhdESH":"NA","fhdBasisD":null,"fhdNMF":"no","fhdBasisDt":null,"fhdBasisNm":null,"fhdBasisEnt":null,"fhdBasisPrj":null,"fhdBasisMethod":"Snorkel Level 2","fhdAccess":null,"fhdBarrierFtrID":null,"fhdEndExtent":null,"Shape__Length":4264.183109961083,"habitatType":"stream"},"id":347},
{"type":"Feature","geometry":{"type":"LineString","coordinates":[[-122.397038,42.988206],[-122.399663,42.987048],[-122.399706,42.98546],[-122.400583,42.9841],[-122.40002,42.982765],[-122.400175,42.981198],[-122.399929,42.979947],[-122.400741,42.979474],[-122.401432,42.980145],[-122.402909,42.979911],[-122.404833,42.978503],[-122.404148,42.977454],[-122.403445,42.977505],[-122.402385,42.978225],[-122.401603,42.978167],[-122.401795,42.976775],[-122.39953,42.975992],[-122.399784,42.975225],[-122.400644,42.975023],[-122.40261,42.975702],[-122.40291,42.974615],[-122.401047,42.974531],[-122.400479,42.97407],[-122.401002,42.973412],[-122.402402,42.973096],[-122.406004,42.973708],[-122.406162,42.972651],[-122.404664,42.971825],[-122.404274,42.971248],[-122.406139,42.97059],[-122.406848,42.969984],[-122.408235,42.969551],[-122.408458,42.968719],[-122.407989,42.967557],[-122.410213,42.966932],[-122.409958,42.965855],[-122.410596,42.96374],[-122.410568,42.962726],[-122.409948,42.961731],[-122.408441,42.960212],[-122.40576,42.958662],[-122.405731,42.958054],[-122.407598,42.95721],[-122.40929,42.957074],[-122.411261,42.956505],[-122.411732,42.955518],[-122.411711,42.954618],[-122.412484,42.953848],[-122.413713,42.953335],[-122.41414,42.95273],[-122.413775,42.952143],[-122.411215,42.952225],[-122.411159,42.951279],[-122.413156,42.950105],[-122.412945,42.948085],[-122.413305,42.947858],[-122.415474,42.947707],[-122.416227,42.948841],[-122.417443,42.949155],[-122.418198,42.947898],[-122.418175,42.946221],[-122.418629,42.945386],[-122.419364,42.945263],[-122.419762,42.942892],[-122.420747,42.942321],[-122.42202,42.942641],[-122.421655,42.943377],[-122.422286,42.944248],[-122.424318,42.943519],[-122.42533,42.943402],[-122.425823,42.942865],[-122.424819,42.942266],[-122.424826,42.941641],[-122.425725,42.94067],[-122.425381,42.939902],[-122.422504,42.939043],[-122.422896,42.93771],[-122.422637,42.937092],[-122.422705,42.935046],[-122.422076,42.933288],[-122.423169,42.932087],[-122.42397,42.929108],[-122.424533,42.927876],[-122.426272,42.925784],[-122.427577,42.925389],[-122.428344,42.924767],[-122.428421,42.923642],[-122.429725,42.922568],[-122.429726,42.921555],[-122.430493,42.920032],[-122.431809,42.919783],[-122.433004,42.918816],[-122.435577,42.917872],[-122.43732,42.917608],[-122.437854,42.917194],[-122.43794,42.915787],[-122.439281,42.913995],[-122.439558,42.913051],[-122.43942,42.912062],[-122.439757,42.910945],[-122.441321,42.910491],[-122.442333,42.910467],[-122.44401,42.911155],[-122.444723,42.911777],[-122.445874,42.911812],[-122.447009,42.912676],[-122.447292,42.914392],[-122.448059,42.915012],[-122.44967,42.915443],[-122.451894,42.915463],[-122.451524,42.914135],[-122.452277,42.913772],[-122.452889,42.91101],[-122.454347,42.911008],[-122.455114,42.910444],[-122.457875,42.910278],[-122.458796,42.910782],[-122.461915,42.911021],[-122.462985,42.909678],[-122.462906,42.908375],[-122.461625,42.907171],[-122.461239,42.906482],[-122.461564,42.905535],[-122.462952,42.904234],[-122.463797,42.903022],[-122.465435,42.902217],[-122.465424,42.900156],[-122.46682,42.899033],[-122.467412,42.898147],[-122.466042,42.89683],[-122.466518,42.896094],[-122.468262,42.895078],[-122.468461,42.894145],[-122.466581,42.89247],[-122.465217,42.891836],[-122.464493,42.890589],[-122.465015,42.889587],[-122.466462,42.888469],[-122.469318,42.88827],[-122.470348,42.888857],[-122.470908,42.88862],[-122.472148,42.887157],[-122.47326,42.886857],[-122.474804,42.885342],[-122.476014,42.885052],[-122.477162,42.885308],[-122.477971,42.883919],[-122.480846,42.883225],[-122.480807,42.882804],[-122.482145,42.882423],[-122.482528,42.881801],[-122.482518,42.88072],[-122.483487,42.879724],[-122.484461,42.87933],[-122.485371,42.879965],[-122.485899,42.879058],[-122.485389,42.8785],[-122.486715,42.876687],[-122.487343,42.87515],[-122.488371,42.874918],[-122.48864,42.874238],[-122.493072,42.871978],[-122.495046,42.870704],[-122.495781,42.869996],[-122.496682,42.868546],[-122.496493,42.868243],[-122.497363,42.866911],[-122.498593,42.866309],[-122.499583,42.865491],[-122.501192,42.865547],[-122.502465,42.864367],[-122.504551,42.863324],[-122.505626,42.862563],[-122.506119,42.863097],[-122.507151,42.862886],[-122.507666,42.861301],[-122.509068,42.860363],[-122.509918,42.860107],[-122.509794,42.859466],[-122.508396,42.859359],[-122.507135,42.858785],[-122.504783,42.858667],[-122.504222,42.857743],[-122.50588,42.856848],[-122.506068,42.85639],[-122.504786,42.855381],[-122.503696,42.854934],[-122.501036,42.854577],[-122.500083,42.853961],[-122.50006,42.852262],[-122.498597,42.851523],[-122.499322,42.850183],[-122.500087,42.849713],[-122.499045,42.847615],[-122.498716,42.845509],[-122.497827,42.84417],[-122.498563,42.843077],[-122.496139,42.839484],[-122.496085,42.837795],[-122.496662,42.836453],[-122.496328,42.83554],[-122.497233,42.833618],[-122.497282,42.832158],[-122.496765,42.830548],[-122.496943,42.829528],[-122.497676,42.829065],[-122.499452,42.828679],[-122.499646,42.82822],[-122.499506,42.82615],[-122.499041,42.824732],[-122.498083,42.823929],[-122.496612,42.823395],[-122.495007,42.822465],[-122.494675,42.821334],[-122.493348,42.819295],[-122.491541,42.817833],[-122.49103,42.817009],[-122.491132,42.816276],[-122.492567,42.814944],[-122.492814,42.812614],[-122.49243,42.811937],[-122.490973,42.810584],[-122.490562,42.809803],[-122.490359,42.808442],[-122.490741,42.807823],[-122.488519,42.80675],[-122.487981,42.805681],[-122.48775,42.803424],[-122.489281,42.803197],[-122.48997,42.802466],[-122.489356,42.801733],[-122.489199,42.798122],[-122.489581,42.79711],[-122.491494,42.795642],[-122.491722,42.794459],[-122.493327,42.791809],[-122.493173,42.791187],[-122.492331,42.790679],[-122.492559,42.789496],[-122.494319,42.788027],[-122.495464,42.785209],[-122.495969,42.783223],[-122.495382,42.781093],[-122.495687,42.779685],[-122.496604,42.778442],[-122.497598,42.777541],[-122.499393,42.776832],[-122.499816,42.775961],[-122.499661,42.774101],[-122.500041,42.772351],[-122.499045,42.771734],[-122.498738,42.770715],[-122.499731,42.769702],[-122.49973,42.768234],[-122.500418,42.767445],[-122.500565,42.763276],[-122.50237,42.762541],[-122.50237,42.761924],[-122.501377,42.761019],[-122.500768,42.75914],[-122.500866,42.758594],[-122.499181,42.757074],[-122.497496,42.755945],[-122.496959,42.75493],[-122.497264,42.753297],[-122.496552,42.750937],[-122.496187,42.74879],[-122.496676,42.746692],[-122.495206,42.74539],[-122.495091,42.74423],[-122.496665,42.741741],[-122.496674,42.740951],[-122.495765,42.739731],[-122.496939,42.738076],[-122.499353,42.737878],[-122.501144,42.736438],[-122.502698,42.736665],[-122.504305,42.735591],[-122.5053,42.735596],[-122.508283,42.734974],[-122.510425,42.733907],[-122.511037,42.732045],[-122.512338,42.731254],[-122.514403,42.73092],[-122.515245,42.730298],[-122.516163,42.729059],[-122.51624,42.727479],[-122.519299,42.725956],[-122.5206,42.724886],[-122.523277,42.723816],[-122.525724,42.722183],[-122.527254,42.720492],[-122.529931,42.718463],[-122.531154,42.718067],[-122.532989,42.71694],[-122.535668,42.716235],[-122.537782,42.716327],[-122.539286,42.716036],[-122.541932,42.714939],[-122.545463,42.713088],[-122.547122,42.712409],[-122.548233,42.712505],[-122.549302,42.712758],[-122.551149,42.712792],[-122.552723,42.712488],[-122.553552,42.711711],[-122.554523,42.70994],[-122.556218,42.709489],[-122.558492,42.709579],[-122.563815,42.711652]]},"properties":{"OBJECTID":348,"fhdFtrID":341,"fhdRefID":53578,"fhdRevDt":"20190313","fhdONm":"Ed Hall","fhdOEnt":"USFS","fhdSpNm":"Brook trout","fhdRun":"NA","fhdLifeHst":"FluvRes","fhdUseTy":"Unknown","fhdBasis":"IndivProfOpinion","fhdStNm":"Rogue River","fhdGenus":"Salvelinus","fhdSp":"fontinalis","fhdSubSp":null,"fhdOrig":"NonNative","fhdProd":"Natural","fhdComment":null,"fhdESH":"NA","fhdBasisD":null,"fhdNMF":"no","fhdBasisDt":null,"fhdBasisNm":null,"fhdBasisEnt":null,"fhdBasisPrj":null,"fhdBasisMethod":"Snorkel Level 2","fhdAccess":null,"fhdBarrierFtrID":null,"fhdEndExtent":null,"Shape__Length":67648.37926369248,"habitatType":"stream"},"id":348},
{"type":"Feature","geometry":{"type":"LineString","coordinates":[[-122.350578,43.047596],[-122.349733,43.048153],[-122.348785,43.047727],[-122.346553,43.047849],[-122.346373,43.048385],[-122.347112,43.049081],[-122.346711,43.050192],[-122.346831,43.051208],[-122.345899,43.051671],[-122.345078,43.050727],[-122.343849,43.049829],[-122.343248,43.050394],[-122.344044,43.050975],[-122.343972,43.051837],[-122.342181,43.052341],[-122.341055,43.053167]]},"properties":{"OBJECTID":349,"fhdFtrID":342,"fhdRefID":53578,"fhdRevDt":"20190313","fhdONm":"Ed Hall","fhdOEnt":"USFS","fhdSpNm":"Brook trout","fhdRun":"NA","fhdLifeHst":"FluvRes","fhdUseTy":"Unknown","fhdBasis":"DocObsFish","fhdStNm":"Rogue River","fhdGenus":"Salvelinus","fhdSp":"fontinalis","fhdSubSp":null,"fhdOrig":"NonNative","fhdProd":"Natural","fhdComment":null,"fhdESH":"NA","fhdBasisD":null,"fhdNMF":"no","fhdBasisDt":null,"fhdBasisNm":null,"fhdBasisEnt":null,"fhdBasisPrj":null,"fhdBasisMethod":"Snorkel Level 2","fhdAccess":null,"fhdBarrierFtrID":null,"fhdEndExtent":null,"Shape__Length":2668.8031852200156,"habitatType":"stream"},"id":349},
{"type":"Feature","geometry":{"type":"LineString","coordinates":[[-118.605276,45.082448],[-118.604205,45.080289],[-118.603336,45.078933],[-118.602778,45.077325],[-118.603016,45.07206],[-118.603238,45.069429],[-118.603094,45.067784],[-118.601702,45.067524],[-118.597637,45.06583],[-118.594907,45.065125],[-118.593364,45.064242],[-118.591906,45.063754]]},"properties":{"OBJECTID":350,"fhdFtrID":343,"fhdRefID":53546,"fhdRevDt":"20230106","fhdONm":"Brent Smith","fhdOEnt":"ODFW","fhdSpNm":"Brook trout","fhdRun":"NA","fhdLifeHst":"Anadromous","fhdUseTy":"Unknown","fhdBasis":"DocObsFish","fhdStNm":null,"fhdGenus":"Salvelinus","fhdSp":"fontinalis","fhdSubSp":null,"fhdOrig":"NonNative","fhdProd":"Natural","fhdComment":"Several hundred brook trout observed during steelhead redd spawning ground surveys.","fhdESH":"NA","fhdBasisD":null,"fhdNMF":"no","fhdBasisDt":null,"fhdBasisNm":null,"fhdBasisEnt":null,"fhdBasisPrj":null,"fhdBasisMethod":"Spawning Ground Survey","fhdAccess":null,"fhdBarrierFtrID":null,"fhdEndExtent":null,"Shape__Length":3784.4797396935314,"habitatType":"stream"},"id":350},
{"type":"Feature","geometry":{"type":"LineString","coordinates":[[-118.205021,42.064128],[-118.206096,42.062525],[-118.206788,42.06202],[-118.208173,42.060373],[-118.208939,42.060027],[-118.211576,42.059477],[-118.21268,42.057868],[-118.213564,42.057605],[-118.216518,42.057664]]},"properties":{"OBJECTID":351,"fhdFtrID":344,"fhdRefID":53863,"fhdRevDt":"20240104","fhdONm":"Dave Banks","fhdOEnt":"ODFW","fhdSpNm":"Brook trout","fhdRun":"NA","fhdLifeHst":"Unknown","fhdUseTy":"ResidentMultipleUses","fhdBasis":"DocObsFish","fhdStNm":"North Fork McDermitt Creek","fhdGenus":"Salvelinus","fhdSp":"fontinalis","fhdSubSp":null,"fhdOrig":"Unknown","fhdProd":"Hatchery","fhdComment":"Illegally introduced","fhdESH":"NA","fhdBasisD":null,"fhdNMF":"no","fhdBasisDt":null,"fhdBasisNm":null,"fhdBasisEnt":null,"fhdBasisPrj":null,"fhdBasisMethod":null,"fhdAccess":null,"fhdBarrierFtrID":null,"fhdEndExtent":null,"Shape__Length":1815.3075507918,"habitatType":"stream"},"id":351},
{"type":"Feature","geometry":{"type":"LineString","coordinates":[[-118.158712,42.041804],[-118.159787,42.043298],[-118.159956,42.044961],[-118.159639,42.045735],[-118.160646,42.049035],[-118.162399,42.049891],[-118.164512,42.052434],[-118.164924,42.054223],[-118.165248,42.05463],[-118.165365,42.05609],[-118.1663,42.058961],[-118.167213,42.060531],[-118.167227,42.062332],[-118.168132,42.064693],[-118.169465,42.066203],[-118.171307,42.066027],[-118.175514,42.067318],[-118.177857,42.067351],[-118.179205,42.067115],[-118.181585,42.065869],[-118.183214,42.064371],[-118.18398,42.063959],[-118.185262,42.06246],[-118.187796,42.061126],[-118.190109,42.059435],[-118.19321,42.056328],[-118.195184,42.054824],[-118.196849,42.052935],[-118.198683,42.050487],[-118.200457,42.048856],[-118.201452,42.048428],[-118.202983,42.047121],[-118.204412,42.046621],[-118.206732,42.046703],[-118.207299,42.046412],[-118.209884,42.046099],[-118.211998,42.044616],[-118.213603,42.043738],[-118.213831,42.043057],[-118.215112,42.042162]]},"properties":{"OBJECTID":352,"fhdFtrID":345,"fhdRefID":53863,"fhdRevDt":"20240104","fhdONm":"Dave Banks","fhdOEnt":"ODFW","fhdSpNm":"Brook trout","fhdRun":"NA","fhdLifeHst":"Unknown","fhdUseTy":"ResidentMultipleUses","fhdBasis":"DocObsFish","fhdStNm":"McDermitt Creek","fhdGenus":"Salvelinus","fhdSp":"fontinalis","fhdSubSp":null,"fhdOrig":"Unknown","fhdProd":"Hatchery","fhdComment":"Illegally introduced","fhdESH":"NA","fhdBasisD":null,"fhdNMF":"no","fhdBasisDt":null,"fhdBasisNm":null,"fhdBasisEnt":null,"fhdBasisPrj":null,"fhdBasisMethod":null,"fhdAccess":null,"fhdBarrierFtrID":null,"fhdEndExtent":null,"Shape__Length":11211.409039549,"habitatType":"stream"},"id":352},
{"type":"Feature","geometry":{"type":"Polygon","coordinates":[[[-121.779776,43.97676],[-121.782034,43.976955],[-121.784552,43.974263],[-121.785307,43.970067],[-121.78459,43.967781],[-121.781768,43.967229],[-121.780791,43.965688],[-121.78356,43.962548],[-121.786551,43.960347],[-121.789237,43.959575],[-121.784781,43.956259],[-121.781974,43.960316],[-121.779097,43.962726],[-121.781234,43.967853],[-121.771827,43.971255],[-121.778693,43.974561],[-121.779776,43.97676]]]},"properties":{"OBJECTID":1,"fhdFtrID":1,"fhdRefID":53669,"fhdRevDt":"20180118","fhdONm":"Brett Hodgson","fhdOEnt":"ODFW","fhdSpNm":"Brook trout","fhdRun":"NA","fhdLifeHst":"FluvAdfluvRes","fhdUseTy":"ResidentMultipleUses","fhdBasis":"UndocObsFish","fhdStNm":"Hosmer Lake","fhdGenus":"Salvelinus","fhdSp":"fontinalis","fhdSubSp":null,"fhdOrig":"NonNative","fhdProd":"Mixed","fhdComment":null,"fhdESH":"NA","fhdBasisD":null,"fhdNMF":"no","fhdBasisDt":"20150000","fhdBasisNm":null,"fhdBasisEnt":"ODFW","fhdBasisPrj":null,"fhdBasisMethod":null,"fhdAccess":null,"fhdBarrierFtrID":null,"fhdEndExtent":null,"Shape__Area":1950074.58045534,"Shape__Length":12732.24121538946,"habitatType":"lake"},"id":353},
{"type":"Feature","geometry":{"type":"Polygon","coordinates":[[[-120.530306,42.2722],[-120.527351,42.268359],[-120.523101,42.267466],[-120.519547,42.263413],[-120.518121,42.259023],[-120.519876,42.25645],[-120.519923,42.25374],[-120.516268,42.249861],[-120.513492,42.247968],[-120.510812,42.24288],[-120.508359,42.242949],[-120.50743,42.247381],[-120.504733,42.2526],[-120.509349,42.255312],[-120.511423,42.260666],[-120.515253,42.263585],[-120.515437,42.26571],[-120.521069,42.268903],[-120.52578,42.270347],[-120.526934,42.269593],[-120.530306,42.2722]]]},"properties":{"OBJECTID":2,"fhdFtrID":2,"fhdRefID":53669,"fhdRevDt":"20180122","fhdONm":"Justin Miles","fhdOEnt":"ODFW","fhdSpNm":"Brook trout","fhdRun":"NA","fhdLifeHst":"FluvAdfluvRes","fhdUseTy":"ResidentMultipleUses","fhdBasis":"DocObsFish","fhdStNm":"Cottonwood Reservoir","fhdGenus":"Salvelinus","fhdSp":"fontinalis","fhdSubSp":null,"fhdOrig":"NonNative","fhdProd":"Natural","fhdComment":null,"fhdESH":"NA","fhdBasisD":null,"fhdNMF":"no","fhdBasisDt":null,"fhdBasisNm":null,"fhdBasisEnt":null,"fhdBasisPrj":null,"fhdBasisMethod":null,"fhdAccess":null,"fhdBarrierFtrID":null,"fhdEndExtent":null,"Shape__Area":3398412.154765935,"Shape__Length":15626.081867777077,"habitatType":"lake"},"id":354},
{"type":"Feature","geometry":{"type":"Polygon","coordinates":[[[-122.201304,42.569629],[-122.202322,42.570079],[-122.202656,42.569568],[-122.201386,42.569003],[-122.201304,42.569629]]]},"properties":{"OBJECTID":3,"fhdFtrID":3,"fhdRefID":53684,"fhdRevDt":"20190201","fhdONm":"Peter Robinson","fhdOEnt":"ODFW","fhdSpNm":"Brook trout","fhdRun":"NA","fhdLifeHst":"FluvAdfluvRes","fhdUseTy":"ResidentMultipleUses","fhdBasis":"UndocObsFish","fhdStNm":"Lake Elizabeth","fhdGenus":"Salvelinus","fhdSp":"fontinalis","fhdSubSp":null,"fhdOrig":"NonNative","fhdProd":"Natural","fhdComment":null,"fhdESH":"NA","fhdBasisD":null,"fhdNMF":"no","fhdBasisDt":null,"fhdBasisNm":null,"fhdBasisEnt":null,"fhdBasisPrj":null,"fhdBasisMethod":null,"fhdAccess":null,"fhdBarrierFtrID":null,"fhdEndExtent":null,"Shape__Area":25468.94326754,"Shape__Length":708.6868448597409,"habitatType":"lake"},"id":355},
{"type":"Feature","geometry":{"type":"Polygon","coordinates":[[[-122.081493,42.328874],[-122.081087,42.329324],[-122.081397,42.329445],[-122.081871,42.329104],[-122.081493,42.328874]]]},"properties":{"OBJECTID":4,"fhdFtrID":4,"fhdRefID":53684,"fhdRevDt":"20190201","fhdONm":"Peter Robinson","fhdOEnt":"ODFW","fhdSpNm":"Brook trout","fhdRun":"NA","fhdLifeHst":"FluvAdfluvRes","fhdUseTy":"ResidentMultipleUses","fhdBasis":"UndocObsFish","fhdStNm":"Paragon Lake","fhdGenus":"Salvelinus","fhdSp":"fontinalis","fhdSubSp":null,"fhdOrig":"NonNative","fhdProd":"Natural","fhdComment":null,"fhdESH":"NA","fhdBasisD":null,"fhdNMF":"no","fhdBasisDt":null,"fhdBasisNm":null,"fhdBasisEnt":null,"fhdBasisPrj":null,"fhdBasisMethod":null,"fhdAccess":null,"fhdBarrierFtrID":null,"fhdEndExtent":null,"Shape__Area":5354.438840325,"Shape__Length":267.58841173993284,"habitatType":"lake"},"id":356},
{"type":"Feature","geometry":{"type":"Polygon","coordinates":[[[-122.195645,42.568454],[-122.196402,42.569261],[-122.198504,42.568531],[-122.197063,42.567829],[-122.195645,42.568454]]]},"properties":{"OBJECTID":5,"fhdFtrID":5,"fhdRefID":53684,"fhdRevDt":"20190201","fhdONm":"Peter Robinson","fhdOEnt":"ODFW","fhdSpNm":"Brook trout","fhdRun":"NA","fhdLifeHst":"FluvAdfluvRes","fhdUseTy":"ResidentMultipleUses","fhdBasis":"UndocObsFish","fhdStNm":"Heavenly Twin Lakes","fhdGenus":"Salvelinus","fhdSp":"fontinalis","fhdSubSp":null,"fhdOrig":"NonNative","fhdProd":"Natural","fhdComment":null,"fhdESH":"NA","fhdBasisD":null,"fhdNMF":"no","fhdBasisDt":null,"fhdBasisNm":null,"fhdBasisEnt":null,"fhdBasisPrj":null,"fhdBasisMethod":null,"fhdAccess":null,"fhdBarrierFtrID":null,"fhdEndExtent":null,"Shape__Area":48942.68690555,"Shape__Length":1006.5595892097566,"habitatType":"lake"},"id":357},
{"type":"Feature","geometry":{"type":"Polygon","coordinates":[[[-122.196845,42.604022],[-122.196057,42.60339],[-122.195701,42.603928],[-122.196288,42.604401],[-122.196845,42.604022]]]},"properties":{"OBJECTID":6,"fhdFtrID":6,"fhdRefID":53684,"fhdRevDt":"20190201","fhdONm":"Peter Robinson","fhdOEnt":"ODFW","fhdSpNm":"Brook trout","fhdRun":"NA","fhdLifeHst":"FluvAdfluvRes","fhdUseTy":"ResidentMultipleUses","fhdBasis":"UndocObsFish","fhdStNm":"Donna Lake","fhdGenus":"Salvelinus","fhdSp":"fontinalis","fhdSubSp":null,"fhdOrig":"NonNative","fhdProd":"Natural","fhdComment":null,"fhdESH":"NA","fhdBasisD":null,"fhdNMF":"no","fhdBasisDt":null,"fhdBasisNm":null,"fhdBasisEnt":null,"fhdBasisPrj":null,"fhdBasisMethod":null,"fhdAccess":null,"fhdBarrierFtrID":null,"fhdEndExtent":null,"Shape__Area":16427.91004425,"Shape__Length":483.1025981446712,"habitatType":"lake"},"id":358},
{"type":"Feature","geometry":{"type":"Polygon","coordinates":[[[-122.193211,42.600904],[-122.193382,42.60153],[-122.194073,42.601425],[-122.193211,42.600904]]]},"properties":{"OBJECTID":7,"fhdFtrID":7,"fhdRefID":53684,"fhdRevDt":"20190201","fhdONm":"Peter Robinson","fhdOEnt":"ODFW","fhdSpNm":"Brook trout","fhdRun":"NA","fhdLifeHst":"FluvAdfluvRes","fhdUseTy":"ResidentMultipleUses","fhdBasis":"UndocObsFish","fhdStNm":"Tanager Lake","fhdGenus":"Salvelinus","fhdSp":"fontinalis","fhdSubSp":null,"fhdOrig":"NonNative","fhdProd":"Natural","fhdComment":null,"fhdESH":"NA","fhdBasisD":null,"fhdNMF":"no","fhdBasisDt":null,"fhdBasisNm":null,"fhdBasisEnt":null,"fhdBasisPrj":null,"fhdBasisMethod":null,"fhdAccess":null,"fhdBarrierFtrID":null,"fhdEndExtent":null,"Shape__Area":8139.21905394,"Shape__Length":343.0783855185811,"habitatType":"lake"},"id":359},
{"type":"Feature","geometry":{"type":"Polygon","coordinates":[[[-122.207178,42.595692],[-122.206704,42.595803],[-122.206838,42.596604],[-122.2077,42.596379],[-122.207178,42.595692]]]},"properties":{"OBJECTID":8,"fhdFtrID":8,"fhdRefID":53684,"fhdRevDt":"20190201","fhdONm":"Peter Robinson","fhdOEnt":"ODFW","fhdSpNm":"Brook trout","fhdRun":"NA","fhdLifeHst":"FluvAdfluvRes","fhdUseTy":"ResidentMultipleUses","fhdBasis":"UndocObsFish","fhdStNm":"Fisher Lake","fhdGenus":"Salvelinus","fhdSp":"fontinalis","fhdSubSp":null,"fhdOrig":"NonNative","fhdProd":"Natural","fhdComment":null,"fhdESH":"NA","fhdBasisD":null,"fhdNMF":"no","fhdBasisDt":null,"fhdBasisNm":null,"fhdBasisEnt":null,"fhdBasisPrj":null,"fhdBasisMethod":null,"fhdAccess":null,"fhdBarrierFtrID":null,"fhdEndExtent":null,"Shape__Area":15012.444101605,"Shape__Length":501.57522993327126,"habitatType":"lake"},"id":360},
{"type":"Feature","geometry":{"type":"Polygon","coordinates":[[[-122.235335,42.472801],[-122.236159,42.474255],[-122.238658,42.474424],[-122.237033,42.472333],[-122.235335,42.472801]]]},"properties":{"OBJECTID":9,"fhdFtrID":9,"fhdRefID":53684,"fhdRevDt":"20190201","fhdONm":"Peter Robinson","fhdOEnt":"ODFW","fhdSpNm":"Brook trout","fhdRun":"NA","fhdLifeHst":"FluvAdfluvRes","fhdUseTy":"ResidentMultipleUses","fhdBasis":"UndocObsFish","fhdStNm":"Budger Lake","fhdGenus":"Salvelinus","fhdSp":"fontinalis","fhdSubSp":null,"fhdOrig":"NonNative","fhdProd":"Natural","fhdComment":null,"fhdESH":"NA","fhdBasisD":null,"fhdNMF":"no","fhdBasisDt":null,"fhdBasisNm":null,"fhdBasisEnt":null,"fhdBasisPrj":null,"fhdBasisMethod":null,"fhdAccess":null,"fhdBarrierFtrID":null,"fhdEndExtent":null,"Shape__Area":77853.26265737,"Shape__Length":1225.390431881584,"habitatType":"lake"},"id":361},
{"type":"Feature","geometry":{"type":"Polygon","coordinates":[[[-122.065453,42.33196],[-122.063337,42.332669],[-122.064144,42.333525],[-122.066667,42.333157],[-122.065453,42.33196]]]},"properties":{"OBJECTID":10,"fhdFtrID":10,"fhdRefID":53684,"fhdRevDt":"20190201","fhdONm":"Peter Robinson","fhdOEnt":"ODFW","fhdSpNm":"Brook trout","fhdRun":"NA","fhdLifeHst":"FluvAdfluvRes","fhdUseTy":"ResidentMultipleUses","fhdBasis":"UndocObsFish","fhdStNm":"South Pass Lake","fhdGenus":"Salvelinus","fhdSp":"fontinalis","fhdSubSp":null,"fhdOrig":"NonNative","fhdProd":"Natural","fhdComment":null,"fhdESH":"NA","fhdBasisD":null,"fhdNMF":"no","fhdBasisDt":null,"fhdBasisNm":null,"fhdBasisEnt":null,"fhdBasisPrj":null,"fhdBasisMethod":null,"fhdAccess":null,"fhdBarrierFtrID":null,"fhdEndExtent":null,"Shape__Area":69017.706703365,"Shape__Length":1131.113261666634,"habitatType":"lake"},"id":362},
{"type":"Feature","geometry":{"type":"Polygon","coordinates":[[[-122.096923,42.335573],[-122.095606,42.337056],[-122.098945,42.339663],[-122.100874,42.336681],[-122.096923,42.335573]]]},"properties":{"OBJECTID":11,"fhdFtrID":11,"fhdRefID":53684,"fhdRevDt":"20190201","fhdONm":"Peter Robinson","fhdOEnt":"ODFW","fhdSpNm":"Brook trout","fhdRun":"NA","fhdLifeHst":"FluvAdfluvRes","fhdUseTy":"ResidentMultipleUses","fhdBasis":"UndocObsFish","fhdStNm":"Lake Harriette","fhdGenus":"Salvelinus","fhdSp":"fontinalis","fhdSubSp":null,"fhdOrig":"NonNative","fhdProd":"Natural","fhdComment":null,"fhdESH":"NA","fhdBasisD":null,"fhdNMF":"no","fhdBasisDt":null,"fhdBasisNm":null,"fhdBasisEnt":null,"fhdBasisPrj":null,"fhdBasisMethod":null,"fhdAccess":null,"fhdBarrierFtrID":null,"fhdEndExtent":null,"Shape__Area":266140.542287,"Shape__Length":2039.880306304912,"habitatType":"lake"},"id":363},
{"type":"Feature","geometry":{"type":"Polygon","coordinates":[[[-122.487698,42.162152],[-122.487785,42.160234],[-122.485381,42.159565],[-122.487698,42.162152]]]},"properties":{"OBJECTID":12,"fhdFtrID":12,"fhdRefID":53684,"fhdRevDt":"20190201","fhdONm":"Peter Robinson","fhdOEnt":"ODFW","fhdSpNm":"Brook trout","fhdRun":"NA","fhdLifeHst":"FluvAdfluvRes","fhdUseTy":"ResidentMultipleUses","fhdBasis":"UndocObsFish","fhdStNm":"Little Hyatt Reservoir","fhdGenus":"Salvelinus","fhdSp":"fontinalis","fhdSubSp":null,"fhdOrig":"NonNative","fhdProd":"Natural","fhdComment":null,"fhdESH":"NA","fhdBasisD":null,"fhdNMF":"no","fhdBasisDt":null,"fhdBasisNm":null,"fhdBasisEnt":null,"fhdBasisPrj":null,"fhdBasisMethod":null,"fhdAccess":null,"fhdBarrierFtrID":null,"fhdEndExtent":null,"Shape__Area":78215.45008609,"Shape__Length":1499.7522664735586,"habitatType":"lake"},"id":364},
{"type":"Feature","geometry":{"type":"Polygon","coordinates":[[[-120.812464,42.265617],[-120.815421,42.26661],[-120.819809,42.265135],[-120.818793,42.26318],[-120.812464,42.265617]]]},"properties":{"OBJECTID":13,"fhdFtrID":13,"fhdRefID":53684,"fhdRevDt":"20190201","fhdONm":"Peter Robinson","fhdOEnt":"ODFW","fhdSpNm":"Brook trout","fhdRun":"NA","fhdLifeHst":"FluvAdfluvRes","fhdUseTy":"ResidentMultipleUses","fhdBasis":"UndocObsFish","fhdStNm":"Lofton Reservoir","fhdGenus":"Salvelinus","fhdSp":"fontinalis","fhdSubSp":null,"fhdOrig":"NonNative","fhdProd":"Natural","fhdComment":null,"fhdESH":"NA","fhdBasisD":null,"fhdNMF":"no","fhdBasisDt":null,"fhdBasisNm":null,"fhdBasisEnt":null,"fhdBasisPrj":null,"fhdBasisMethod":null,"fhdAccess":null,"fhdBarrierFtrID":null,"fhdEndExtent":null,"Shape__Area":307026.004238015,"Shape__Length":3162.485303316792,"habitatType":"lake"},"id":365},
{"type":"Feature","geometry":{"type":"Polygon","coordinates":[[[-122.19825,42.605065],[-122.197492,42.605674],[-122.198815,42.606393],[-122.199245,42.605668],[-122.19825,42.605065]]]},"properties":{"OBJECTID":14,"fhdFtrID":14,"fhdRefID":53684,"fhdRevDt":"20190201","fhdONm":"Peter Robinson","fhdOEnt":"ODFW","fhdSpNm":"Brook trout","fhdRun":"NA","fhdLifeHst":"FluvAdfluvRes","fhdUseTy":"ResidentMultipleUses","fhdBasis":"UndocObsFish","fhdStNm":"Deep Lake","fhdGenus":"Salvelinus","fhdSp":"fontinalis","fhdSubSp":null,"fhdOrig":"NonNative","fhdProd":"Natural","fhdComment":null,"fhdESH":"NA","fhdBasisD":null,"fhdNMF":"no","fhdBasisDt":null,"fhdBasisNm":null,"fhdBasisEnt":null,"fhdBasisPrj":null,"fhdBasisMethod":null,"fhdAccess":null,"fhdBarrierFtrID":null,"fhdEndExtent":null,"Shape__Area":32256.102785525,"Shape__Length":661.0406215192174,"habitatType":"lake"},"id":366},
{"type":"Feature","geometry":{"type":"Polygon","coordinates":[[[-122.193641,42.593729],[-122.192817,42.595096],[-122.1946,42.595645],[-122.194942,42.594426],[-122.193641,42.593729]]]},"properties":{"OBJECTID":15,"fhdFtrID":15,"fhdRefID":53684,"fhdRevDt":"20190201","fhdONm":"Peter Robinson","fhdOEnt":"ODFW","fhdSpNm":"Brook trout","fhdRun":"NA","fhdLifeHst":"FluvAdfluvRes","fhdUseTy":"ResidentMultipleUses","fhdBasis":"UndocObsFish","fhdStNm":"Lake Sonya","fhdGenus":"Salvelinus","fhdSp":"fontinalis","fhdSubSp":null,"fhdOrig":"NonNative","fhdProd":"Natural","fhdComment":null,"fhdESH":"NA","fhdBasisD":null,"fhdNMF":"no","fhdBasisDt":null,"fhdBasisNm":null,"fhdBasisEnt":null,"fhdBasisPrj":null,"fhdBasisMethod":null,"fhdAccess":null,"fhdBarrierFtrID":null,"fhdEndExtent":null,"Shape__Area":65573.44007576,"Shape__Length":935.2743729540219,"habitatType":"lake"},"id":367},
{"type":"Feature","geometry":{"type":"Polygon","coordinates":[[[-121.994931,42.286911],[-121.995494,42.288772],[-121.994454,42.291325],[-121.995968,42.296858],[-121.994821,42.304516],[-121.995889,42.308002],[-121.997591,42.309313],[-122.000768,42.316213],[-122.003317,42.317836],[-122.007,42.318524],[-122.010057,42.316917],[-122.015532,42.315328],[-122.018952,42.311464],[-122.021645,42.309901],[-122.021299,42.307474],[-122.023653,42.304302],[-122.022856,42.301601],[-122.023944,42.30047],[-122.023491,42.295154],[-122.020895,42.29274],[-122.018791,42.288506],[-122.019377,42.285399],[-122.020701,42.284626],[-122.019882,42.281974],[-122.022583,42.278324],[-122.021433,42.273663],[-122.021619,42.270391],[-122.019021,42.265554],[-122.011436,42.268092],[-122.011815,42.265469],[-122.010168,42.263481],[-122.013459,42.261089],[-122.014776,42.259118],[-122.017015,42.258976],[-122.018437,42.254684],[-122.024039,42.254082],[-122.027358,42.252771],[-122.030764,42.248593],[-122.028795,42.242845],[-122.0287,42.239469],[-122.024307,42.236371],[-122.017145,42.239931],[-122.015585,42.241468],[-122.0166,42.248978],[-122.013052,42.250674],[-122.007922,42.254707],[-122.006346,42.256683],[-122.006142,42.261393],[-122.004521,42.264291],[-122.002059,42.264987],[-121.998899,42.268831],[-121.997234,42.275217],[-121.994806,42.279231],[-121.994931,42.286911]]]},"properties":{"OBJECTID":16,"fhdFtrID":16,"fhdRefID":53684,"fhdRevDt":"20190201","fhdONm":"Peter Robinson","fhdOEnt":"ODFW","fhdSpNm":"Brook trout","fhdRun":"NA","fhdLifeHst":"FluvAdfluvRes","fhdUseTy":"ResidentMultipleUses","fhdBasis":"UndocObsFish","fhdStNm":"Aspen Lake","fhdGenus":"Salvelinus","fhdSp":"fontinalis","fhdSubSp":null,"fhdOrig":"NonNative","fhdProd":"Natural","fhdComment":null,"fhdESH":"NA","fhdBasisD":null,"fhdNMF":"no","fhdBasisDt":null,"fhdBasisNm":null,"fhdBasisEnt":null,"fhdBasisPrj":null,"fhdBasisMethod":null,"fhdAccess":null,"fhdBarrierFtrID":null,"fhdEndExtent":null,"Shape__Area":26370090.833379824,"Shape__Length":34473.55681987326,"habitatType":"lake"},"id":368},
{"type":"Feature","geometry":{"type":"Polygon","coordinates":[[[-122.210408,42.625452],[-122.210334,42.625496],[-122.210342,42.625556],[-122.210431,42.625529],[-122.210408,42.625452]]]},"properties":{"OBJECTID":17,"fhdFtrID":17,"fhdRefID":53684,"fhdRevDt":"20190201","fhdONm":"Peter Robinson","fhdOEnt":"ODFW","fhdSpNm":"Brook trout","fhdRun":"NA","fhdLifeHst":"FluvAdfluvRes","fhdUseTy":"ResidentMultipleUses","fhdBasis":"UndocObsFish","fhdStNm":"Snow Lakes","fhdGenus":"Salvelinus","fhdSp":"fontinalis","fhdSubSp":null,"fhdOrig":"NonNative","fhdProd":"Natural","fhdComment":null,"fhdESH":"NA","fhdBasisD":null,"fhdNMF":"no","fhdBasisDt":null,"fhdBasisNm":null,"fhdBasisEnt":null,"fhdBasisPrj":null,"fhdBasisMethod":null,"fhdAccess":null,"fhdBarrierFtrID":null,"fhdEndExtent":null,"Shape__Area":146.65079752,"Shape__Length":45.626192728497784,"habitatType":"lake"},"id":369},
{"type":"Feature","geometry":{"type":"Polygon","coordinates":[[[-122.090044,42.32363],[-122.089186,42.323822],[-122.089075,42.32436],[-122.089889,42.324574],[-122.090044,42.32363]]]},"properties":{"OBJECTID":18,"fhdFtrID":18,"fhdRefID":53684,"fhdRevDt":"20190201","fhdONm":"Peter Robinson","fhdOEnt":"ODFW","fhdSpNm":"Brook trout","fhdRun":"NA","fhdLifeHst":"FluvAdfluvRes","fhdUseTy":"ResidentMultipleUses","fhdBasis":"UndocObsFish","fhdStNm":"Mystic Lake","fhdGenus":"Salvelinus","fhdSp":"fontinalis","fhdSubSp":null,"fhdOrig":"NonNative","fhdProd":"Natural","fhdComment":null,"fhdESH":"NA","fhdBasisD":null,"fhdNMF":"no","fhdBasisDt":null,"fhdBasisNm":null,"fhdBasisEnt":null,"fhdBasisPrj":null,"fhdBasisMethod":null,"fhdAccess":null,"fhdBarrierFtrID":null,"fhdEndExtent":null,"Shape__Area":16442.213431,"Shape__Length":507.83324466235376,"habitatType":"lake"},"id":370},
{"type":"Feature","geometry":{"type":"Polygon","coordinates":[[[-122.199864,42.572593],[-122.201899,42.573642],[-122.203058,42.572346],[-122.20028,42.570743],[-122.199864,42.572593]]]},"properties":{"OBJECTID":19,"fhdFtrID":19,"fhdRefID":53684,"fhdRevDt":"20190201","fhdONm":"Peter Robinson","fhdOEnt":"ODFW","fhdSpNm":"Brook trout","fhdRun":"NA","fhdLifeHst":"FluvAdfluvRes","fhdUseTy":"ResidentMultipleUses","fhdBasis":"UndocObsFish","fhdStNm":"Isherwood Lake","fhdGenus":"Salvelinus","fhdSp":"fontinalis","fhdSubSp":null,"fhdOrig":"NonNative","fhdProd":"Natural","fhdComment":null,"fhdESH":"NA","fhdBasisD":null,"fhdNMF":"no","fhdBasisDt":null,"fhdBasisNm":null,"fhdBasisEnt":null,"fhdBasisPrj":null,"fhdBasisMethod":null,"fhdAccess":null,"fhdBarrierFtrID":null,"fhdEndExtent":null,"Shape__Area":136567.89252578,"Shape__Length":2133.5563623476446,"habitatType":"lake"},"id":371},
{"type":"Feature","geometry":{"type":"Polygon","coordinates":[[[-122.095075,42.340032],[-122.095342,42.341283],[-122.096481,42.340756],[-122.095075,42.340032]]]},"properties":{"OBJECTID":20,"fhdFtrID":20,"fhdRefID":53684,"fhdRevDt":"20190201","fhdONm":"Peter Robinson","fhdOEnt":"ODFW","fhdSpNm":"Brook trout","fhdRun":"NA","fhdLifeHst":"FluvAdfluvRes","fhdUseTy":"ResidentMultipleUses","fhdBasis":"UndocObsFish","fhdStNm":"Echo Lake","fhdGenus":"Salvelinus","fhdSp":"fontinalis","fhdSubSp":null,"fhdOrig":"NonNative","fhdProd":"Natural","fhdComment":null,"fhdESH":"NA","fhdBasisD":null,"fhdNMF":"no","fhdBasisDt":null,"fhdBasisNm":null,"fhdBasisEnt":null,"fhdBasisPrj":null,"fhdBasisMethod":null,"fhdAccess":null,"fhdBarrierFtrID":null,"fhdEndExtent":null,"Shape__Area":26340.22493412,"Shape__Length":618.1076757520711,"habitatType":"lake"},"id":372},
{"type":"Feature","geometry":{"type":"Polygon","coordinates":[[[-122.132307,42.529273],[-122.133428,42.528719],[-122.131758,42.528301],[-122.132307,42.529273]]]},"properties":{"OBJECTID":21,"fhdFtrID":21,"fhdRefID":53684,"fhdRevDt":"20190201","fhdONm":"Peter Robinson","fhdOEnt":"ODFW","fhdSpNm":"Brook trout","fhdRun":"NA","fhdLifeHst":"FluvAdfluvRes","fhdUseTy":"ResidentMultipleUses","fhdBasis":"UndocObsFish","fhdStNm":"Lake Francis","fhdGenus":"Salvelinus","fhdSp":"fontinalis","fhdSubSp":null,"fhdOrig":"NonNative","fhdProd":"Natural","fhdComment":null,"fhdESH":"NA","fhdBasisD":null,"fhdNMF":"no","fhdBasisDt":null,"fhdBasisNm":null,"fhdBasisEnt":null,"fhdBasisPrj":null,"fhdBasisMethod":null,"fhdAccess":null,"fhdBarrierFtrID":null,"fhdEndExtent":null,"Shape__Area":24683.29140227,"Shape__Length":651.9747757309358,"habitatType":"lake"},"id":373},
{"type":"Feature","geometry":{"type":"Polygon","coordinates":[[[-120.775768,42.556788],[-120.777845,42.560885],[-120.78136,42.560445],[-120.775768,42.556788]]]},"properties":{"OBJECTID":22,"fhdFtrID":22,"fhdRefID":53684,"fhdRevDt":"20190201","fhdONm":"Peter Robinson","fhdOEnt":"ODFW","fhdSpNm":"Brook trout","fhdRun":"NA","fhdLifeHst":"FluvAdfluvRes","fhdUseTy":"ResidentMultipleUses","fhdBasis":"UndocObsFish","fhdStNm":"Dead Horse Lake","fhdGenus":"Salvelinus","fhdSp":"fontinalis","fhdSubSp":null,"fhdOrig":"NonNative","fhdProd":"Natural","fhdComment":null,"fhdESH":"NA","fhdBasisD":null,"fhdNMF":"no","fhdBasisDt":null,"fhdBasisNm":null,"fhdBasisEnt":null,"fhdBasisPrj":null,"fhdBasisMethod":null,"fhdAccess":null,"fhdBarrierFtrID":null,"fhdEndExtent":null,"Shape__Area":231538.902888565,"Shape__Length":2356.0796174235165,"habitatType":"lake"},"id":374},
{"type":"Feature","geometry":{"type":"Polygon","coordinates":[[[-122.204341,42.595292],[-122.203962,42.595523],[-122.204512,42.59616],[-122.204854,42.595979],[-122.204341,42.595292]]]},"properties":{"OBJECTID":23,"fhdFtrID":23,"fhdRefID":53684,"fhdRevDt":"20190201","fhdONm":"Peter Robinson","fhdOEnt":"ODFW","fhdSpNm":"Brook trout","fhdRun":"NA","fhdLifeHst":"FluvAdfluvRes","fhdUseTy":"ResidentMultipleUses","fhdBasis":"UndocObsFish","fhdStNm":"O'Donahue Lake","fhdGenus":"Salvelinus","fhdSp":"fontinalis","fhdSubSp":null,"fhdOrig":"NonNative","fhdProd":"Natural","fhdComment":null,"fhdESH":"NA","fhdBasisD":null,"fhdNMF":"no","fhdBasisDt":null,"fhdBasisNm":null,"fhdBasisEnt":null,"fhdBasisPrj":null,"fhdBasisMethod":null,"fhdAccess":null,"fhdBarrierFtrID":null,"fhdEndExtent":null,"Shape__Area":8468.457389865,"Shape__Length":382.74590399003404,"habitatType":"lake"},"id":375},
{"type":"Feature","geometry":{"type":"Polygon","coordinates":[[[-122.270605,42.468563],[-122.270115,42.47032],[-122.273012,42.473357],[-122.274666,42.472287],[-122.272562,42.469052],[-122.270605,42.468563]]]},"properties":{"OBJECTID":24,"fhdFtrID":24,"fhdRefID":53684,"fhdRevDt":"20190201","fhdONm":"Peter Robinson","fhdOEnt":"ODFW","fhdSpNm":"Brook trout","fhdRun":"NA","fhdLifeHst":"FluvAdfluvRes","fhdUseTy":"ResidentMultipleUses","fhdBasis":"UndocObsFish","fhdStNm":"Squaw Lake","fhdGenus":"Salvelinus","fhdSp":"fontinalis","fhdSubSp":null,"fhdOrig":"NonNative","fhdProd":"Natural","fhdComment":null,"fhdESH":"NA","fhdBasisD":null,"fhdNMF":"no","fhdBasisDt":null,"fhdBasisNm":null,"fhdBasisEnt":null,"fhdBasisPrj":null,"fhdBasisMethod":null,"fhdAccess":null,"fhdBarrierFtrID":null,"fhdEndExtent":null,"Shape__Area":213275.871904735,"Shape__Length":1960.3724120821655,"habitatType":"lake"},"id":376},
{"type":"Feature","geometry":{"type":"Polygon","coordinates":[[[-122.210038,42.614296],[-122.207876,42.614632],[-122.207787,42.614956],[-122.209273,42.614785],[-122.210038,42.614296]]]},"properties":{"OBJECTID":25,"fhdFtrID":25,"fhdRefID":53684,"fhdRevDt":"20190201","fhdONm":"Peter Robinson","fhdOEnt":"ODFW","fhdSpNm":"Brook trout","fhdRun":"NA","fhdLifeHst":"FluvAdfluvRes","fhdUseTy":"ResidentMultipleUses","fhdBasis":"UndocObsFish","fhdStNm":"Wind Lake","fhdGenus":"Salvelinus","fhdSp":"fontinalis","fhdSubSp":null,"fhdOrig":"NonNative","fhdProd":"Natural","fhdComment":null,"fhdESH":"NA","fhdBasisD":null,"fhdNMF":"no","fhdBasisDt":null,"fhdBasisNm":null,"fhdBasisEnt":null,"fhdBasisPrj":null,"fhdBasisMethod":null,"fhdAccess":null,"fhdBarrierFtrID":null,"fhdEndExtent":null,"Shape__Area":14849.344795765,"Shape__Length":625.4129851515654,"habitatType":"lake"},"id":377},
{"type":"Feature","geometry":{"type":"Polygon","coordinates":[[[-122.446183,42.202573],[-122.451842,42.198689],[-122.456795,42.199817],[-122.458753,42.196891],[-122.458129,42.194967],[-122.454854,42.192403],[-122.455095,42.188303],[-122.456272,42.186391],[-122.465093,42.180069],[-122.468314,42.176963],[-122.468587,42.172378],[-122.46226,42.171143],[-122.456602,42.173078],[-122.456472,42.178381],[-122.453576,42.181331],[-122.449532,42.181668],[-122.440758,42.185651],[-122.438882,42.187832],[-122.440217,42.189358],[-122.445033,42.188629],[-122.442846,42.194585],[-122.445905,42.195779],[-122.444527,42.200274],[-122.446183,42.202573]]]},"properties":{"OBJECTID":26,"fhdFtrID":26,"fhdRefID":53684,"fhdRevDt":"20190201","fhdONm":"Peter Robinson","fhdOEnt":"ODFW","fhdSpNm":"Brook trout","fhdRun":"NA","fhdLifeHst":"FluvAdfluvRes","fhdUseTy":"ResidentMultipleUses","fhdBasis":"UndocObsFish","fhdStNm":"Hyatt Reservoir","fhdGenus":"Salvelinus","fhdSp":"fontinalis","fhdSubSp":null,"fhdOrig":"NonNative","fhdProd":"Natural","fhdComment":null,"fhdESH":"NA","fhdBasisD":null,"fhdNMF":"no","fhdBasisDt":null,"fhdBasisNm":null,"fhdBasisEnt":null,"fhdBasisPrj":null,"fhdBasisMethod":null,"fhdAccess":null,"fhdBarrierFtrID":null,"fhdEndExtent":null,"Shape__Area":5970134.58451086,"Shape__Length":16727.218299607943,"habitatType":"lake"},"id":378},
{"type":"Feature","geometry":{"type":"Polygon","coordinates":[[[-122.115199,42.325382],[-122.11612,42.324941],[-122.115413,42.324618],[-122.115199,42.325382]]]},"properties":{"OBJECTID":27,"fhdFtrID":27,"fhdRefID":53684,"fhdRevDt":"20190201","fhdONm":"Peter Robinson","fhdOEnt":"ODFW","fhdSpNm":"Brook trout","fhdRun":"NA","fhdLifeHst":"FluvAdfluvRes","fhdUseTy":"ResidentMultipleUses","fhdBasis":"UndocObsFish","fhdStNm":"Clover Lake","fhdGenus":"Salvelinus","fhdSp":"fontinalis","fhdSubSp":null,"fhdOrig":"NonNative","fhdProd":"Natural","fhdComment":null,"fhdESH":"NA","fhdBasisD":null,"fhdNMF":"no","fhdBasisDt":null,"fhdBasisNm":null,"fhdBasisEnt":null,"fhdBasisPrj":null,"fhdBasisMethod":null,"fhdAccess":null,"fhdBarrierFtrID":null,"fhdEndExtent":null,"Shape__Area":12846.050502,"Shape__Length":416.3272335675745,"habitatType":"lake"},"id":379},
{"type":"Feature","geometry":{"type":"Polygon","coordinates":[[[-122.20662,42.355555],[-122.208245,42.359808],[-122.206697,42.363985],[-122.208993,42.368855],[-122.203294,42.375894],[-122.204439,42.377172],[-122.208146,42.377972],[-122.211214,42.377588],[-122.213312,42.378935],[-122.214746,42.38171],[-122.215105,42.385252],[-122.218149,42.388199],[-122.223711,42.387625],[-122.226991,42.384513],[-122.224985,42.380852],[-122.222795,42.378847],[-122.221368,42.368597],[-122.223085,42.361323],[-122.223039,42.356181],[-122.221574,42.349038],[-122.214448,42.347963],[-122.211922,42.348756],[-122.207002,42.353108],[-122.20662,42.355555]]]},"properties":{"OBJECTID":28,"fhdFtrID":28,"fhdRefID":53684,"fhdRevDt":"20190201","fhdONm":"Peter Robinson","fhdOEnt":"ODFW","fhdSpNm":"Brook trout","fhdRun":"NA","fhdLifeHst":"FluvAdfluvRes","fhdUseTy":"ResidentMultipleUses","fhdBasis":"UndocObsFish","fhdStNm":"Lake of the Woods","fhdGenus":"Salvelinus","fhdSp":"fontinalis","fhdSubSp":null,"fhdOrig":"NonNative","fhdProd":"Natural","fhdComment":null,"fhdESH":"NA","fhdBasisD":null,"fhdNMF":"no","fhdBasisDt":null,"fhdBasisNm":null,"fhdBasisEnt":null,"fhdBasisPrj":null,"fhdBasisMethod":null,"fhdAccess":null,"fhdBarrierFtrID":null,"fhdEndExtent":null,"Shape__Area":9110674.089643095,"Shape__Length":17792.341731765933,"habitatType":"lake"},"id":380},
{"type":"Feature","geometry":{"type":"Polygon","coordinates":[[[-122.223711,42.515507],[-122.223154,42.516078],[-122.224142,42.516517],[-122.224163,42.515666],[-122.223711,42.515507]]]},"properties":{"OBJECTID":29,"fhdFtrID":29,"fhdRefID":53684,"fhdRevDt":"20190201","fhdONm":"Peter Robinson","fhdOEnt":"ODFW","fhdSpNm":"Brook trout","fhdRun":"NA","fhdLifeHst":"FluvAdfluvRes","fhdUseTy":"ResidentMultipleUses","fhdBasis":"UndocObsFish","fhdStNm":"Bert Lake","fhdGenus":"Salvelinus","fhdSp":"fontinalis","fhdSubSp":null,"fhdOrig":"NonNative","fhdProd":"Natural","fhdComment":null,"fhdESH":"NA","fhdBasisD":null,"fhdNMF":"no","fhdBasisDt":null,"fhdBasisNm":null,"fhdBasisEnt":null,"fhdBasisPrj":null,"fhdBasisMethod":null,"fhdAccess":null,"fhdBarrierFtrID":null,"fhdEndExtent":null,"Shape__Area":14679.38240346,"Shape__Length":452.7480488535875,"habitatType":"lake"},"id":381},
{"type":"Feature","geometry":{"type":"Polygon","coordinates":[[[-122.204713,42.598257],[-122.201407,42.599739],[-122.202068,42.60137],[-122.204542,42.599722],[-122.204713,42.598257]]]},"properties":{"OBJECTID":30,"fhdFtrID":30,"fhdRefID":53684,"fhdRevDt":"20190201","fhdONm":"Peter Robinson","fhdOEnt":"ODFW","fhdSpNm":"Brook trout","fhdRun":"NA","fhdLifeHst":"FluvAdfluvRes","fhdUseTy":"ResidentMultipleUses","fhdBasis":"UndocObsFish","fhdStNm":"Margurette Lake","fhdGenus":"Salvelinus","fhdSp":"fontinalis","fhdSubSp":null,"fhdOrig":"NonNative","fhdProd":"Natural","fhdComment":null,"fhdESH":"NA","fhdBasisD":null,"fhdNMF":"no","fhdBasisDt":null,"fhdBasisNm":null,"fhdBasisEnt":null,"fhdBasisPrj":null,"fhdBasisMethod":null,"fhdAccess":null,"fhdBarrierFtrID":null,"fhdEndExtent":null,"Shape__Area":110861.899211025,"Shape__Length":1572.004865720489,"habitatType":"lake"},"id":382},
{"type":"Feature","geometry":{"type":"Polygon","coordinates":[[[-122.190588,42.586351],[-122.19003,42.587921],[-122.191487,42.588129],[-122.190588,42.586351]]]},"properties":{"OBJECTID":31,"fhdFtrID":31,"fhdRefID":53684,"fhdRevDt":"20190201","fhdONm":"Peter Robinson","fhdOEnt":"ODFW","fhdSpNm":"Brook trout","fhdRun":"NA","fhdLifeHst":"FluvAdfluvRes","fhdUseTy":"ResidentMultipleUses","fhdBasis":"UndocObsFish","fhdStNm":"Wizzard Lake","fhdGenus":"Salvelinus","fhdSp":"fontinalis","fhdSubSp":null,"fhdOrig":"NonNative","fhdProd":"Natural","fhdComment":null,"fhdESH":"NA","fhdBasisD":null,"fhdNMF":"no","fhdBasisDt":null,"fhdBasisNm":null,"fhdBasisEnt":null,"fhdBasisPrj":null,"fhdBasisMethod":null,"fhdAccess":null,"fhdBarrierFtrID":null,"fhdEndExtent":null,"Shape__Area":41601.18017522,"Shape__Length":1030.8288138881035,"habitatType":"lake"},"id":383},
{"type":"Feature","geometry":{"type":"Polygon","coordinates":[[[-122.224018,42.497876],[-122.226235,42.497442],[-122.224111,42.492255],[-122.222369,42.494369],[-122.224402,42.495527],[-122.224018,42.497876]]]},"properties":{"OBJECTID":32,"fhdFtrID":32,"fhdRefID":53684,"fhdRevDt":"20190201","fhdONm":"Peter Robinson","fhdOEnt":"ODFW","fhdSpNm":"Brook trout","fhdRun":"NA","fhdLifeHst":"FluvAdfluvRes","fhdUseTy":"ResidentMultipleUses","fhdBasis":"UndocObsFish","fhdStNm":"Long Lake","fhdGenus":"Salvelinus","fhdSp":"fontinalis","fhdSubSp":null,"fhdOrig":"NonNative","fhdProd":"Natural","fhdComment":null,"fhdESH":"NA","fhdBasisD":null,"fhdNMF":"no","fhdBasisDt":null,"fhdBasisNm":null,"fhdBasisEnt":null,"fhdBasisPrj":null,"fhdBasisMethod":null,"fhdAccess":null,"fhdBarrierFtrID":null,"fhdEndExtent":null,"Shape__Area":281842.00295278,"Shape__Length":3935.5699425538473,"habitatType":"lake"},"id":384},
{"type":"Feature","geometry":{"type":"Polygon","coordinates":[[[-122.176011,42.624711],[-122.174228,42.628237],[-122.176339,42.62956],[-122.177663,42.62665],[-122.176011,42.624711]]]},"properties":{"OBJECTID":33,"fhdFtrID":33,"fhdRefID":53684,"fhdRevDt":"20190201","fhdONm":"Peter Robinson","fhdOEnt":"ODFW","fhdSpNm":"Brook trout","fhdRun":"NA","fhdLifeHst":"FluvAdfluvRes","fhdUseTy":"ResidentMultipleUses","fhdBasis":"UndocObsFish","fhdStNm":"Puck Lakes","fhdGenus":"Salvelinus","fhdSp":"fontinalis","fhdSubSp":null,"fhdOrig":"NonNative","fhdProd":"Natural","fhdComment":null,"fhdESH":"NA","fhdBasisD":null,"fhdNMF":"no","fhdBasisDt":null,"fhdBasisNm":null,"fhdBasisEnt":null,"fhdBasisPrj":null,"fhdBasisMethod":null,"fhdAccess":null,"fhdBarrierFtrID":null,"fhdEndExtent":null,"Shape__Area":177924.48452647,"Shape__Length":2285.2624245082966,"habitatType":"lake"},"id":385},
{"type":"Feature","geometry":{"type":"Polygon","coordinates":[[[-122.236402,42.469061],[-122.23583,42.46994],[-122.236942,42.470407],[-122.237053,42.469715],[-122.236402,42.469061]]]},"properties":{"OBJECTID":34,"fhdFtrID":34,"fhdRefID":53684,"fhdRevDt":"20190201","fhdONm":"Peter Robinson","fhdOEnt":"ODFW","fhdSpNm":"Brook trout","fhdRun":"NA","fhdLifeHst":"FluvAdfluvRes","fhdUseTy":"ResidentMultipleUses","fhdBasis":"UndocObsFish","fhdStNm":"Woodpecker Lake","fhdGenus":"Salvelinus","fhdSp":"fontinalis","fhdSubSp":null,"fhdOrig":"NonNative","fhdProd":"Natural","fhdComment":null,"fhdESH":"NA","fhdBasisD":null,"fhdNMF":"no","fhdBasisDt":null,"fhdBasisNm":null,"fhdBasisEnt":null,"fhdBasisPrj":null,"fhdBasisMethod":null,"fhdAccess":null,"fhdBarrierFtrID":null,"fhdEndExtent":null,"Shape__Area":18895.74504063,"Shape__Length":580.5079895392853,"habitatType":"lake"},"id":386},
{"type":"Feature","geometry":{"type":"Polygon","coordinates":[[[-122.47774,42.12941],[-122.477262,42.132665],[-122.478006,42.132911],[-122.479631,42.129415],[-122.47774,42.12941]]]},"properties":{"OBJECTID":35,"fhdFtrID":35,"fhdRefID":53684,"fhdRevDt":"20190201","fhdONm":"Peter Robinson","fhdOEnt":"ODFW","fhdSpNm":"Brook trout","fhdRun":"NA","fhdLifeHst":"FluvAdfluvRes","fhdUseTy":"ResidentMultipleUses","fhdBasis":"UndocObsFish","fhdStNm":"Keene Creek Reservoir","fhdGenus":"Salvelinus","fhdSp":"fontinalis","fhdSubSp":null,"fhdOrig":"NonNative","fhdProd":"Natural","fhdComment":null,"fhdESH":"NA","fhdBasisD":null,"fhdNMF":"no","fhdBasisDt":null,"fhdBasisNm":null,"fhdBasisEnt":null,"fhdBasisPrj":null,"fhdBasisMethod":null,"fhdAccess":null,"fhdBarrierFtrID":null,"fhdEndExtent":null,"Shape__Area":90175.667809465,"Shape__Length":2178.4661319150314,"habitatType":"lake"},"id":387},
{"type":"Feature","geometry":{"type":"Polygon","coordinates":[[[-122.272298,42.477592],[-122.269818,42.473195],[-122.263692,42.469662],[-122.260952,42.466965],[-122.256573,42.464847],[-122.25314,42.459701],[-122.253354,42.458891],[-122.248645,42.455443],[-122.244793,42.454877],[-122.24255,42.460266],[-122.243656,42.461516],[-122.242115,42.464154],[-122.247013,42.469553],[-122.24989,42.471526],[-122.251149,42.474781],[-122.253941,42.47375],[-122.25623,42.474382],[-122.25855,42.473163],[-122.262082,42.475338],[-122.26579,42.474777],[-122.268918,42.477643],[-122.272298,42.477592]]]},"properties":{"OBJECTID":36,"fhdFtrID":36,"fhdRefID":53684,"fhdRevDt":"20190201","fhdONm":"Peter Robinson","fhdOEnt":"ODFW","fhdSpNm":"Brook trout","fhdRun":"NA","fhdLifeHst":"FluvAdfluvRes","fhdUseTy":"ResidentMultipleUses","fhdBasis":"UndocObsFish","fhdStNm":"Fourmile Lake","fhdGenus":"Salvelinus","fhdSp":"fontinalis","fhdSubSp":null,"fhdOrig":"NonNative","fhdProd":"Natural","fhdComment":null,"fhdESH":"NA","fhdBasisD":null,"fhdNMF":"no","fhdBasisDt":null,"fhdBasisNm":null,"fhdBasisEnt":null,"fhdBasisPrj":null,"fhdBasisMethod":null,"fhdAccess":null,"fhdBarrierFtrID":null,"fhdEndExtent":null,"Shape__Area":4655995.78571052,"Shape__Length":14130.32058838847,"habitatType":"lake"},"id":388},
{"type":"Feature","geometry":{"type":"Polygon","coordinates":[[[-122.112624,42.345246],[-122.11437,42.345196],[-122.114651,42.344087],[-122.113333,42.343632],[-122.112624,42.345246]]]},"properties":{"OBJECTID":37,"fhdFtrID":37,"fhdRefID":53684,"fhdRevDt":"20190201","fhdONm":"Peter Robinson","fhdOEnt":"ODFW","fhdSpNm":"Brook trout","fhdRun":"NA","fhdLifeHst":"FluvAdfluvRes","fhdUseTy":"ResidentMultipleUses","fhdBasis":"UndocObsFish","fhdStNm":"Lake Como","fhdGenus":"Salvelinus","fhdSp":"fontinalis","fhdSubSp":null,"fhdOrig":"NonNative","fhdProd":"Natural","fhdComment":null,"fhdESH":"NA","fhdBasisD":null,"fhdNMF":"no","fhdBasisDt":null,"fhdBasisNm":null,"fhdBasisEnt":null,"fhdBasisPrj":null,"fhdBasisMethod":null,"fhdAccess":null,"fhdBarrierFtrID":null,"fhdEndExtent":null,"Shape__Area":51872.91845841,"Shape__Length":844.7642417855216,"habitatType":"lake"},"id":389},
{"type":"Feature","geometry":{"type":"Polygon","coordinates":[[[-122.319864,42.393815],[-122.323974,42.391317],[-122.327175,42.393124],[-122.337917,42.388431],[-122.34302,42.385889],[-122.341114,42.384028],[-122.338599,42.384932],[-122.332505,42.382501],[-122.326868,42.385327],[-122.327402,42.387303],[-122.321763,42.387927],[-122.317649,42.387587],[-122.315287,42.389789],[-122.314068,42.393631],[-122.319864,42.393815]]]},"properties":{"OBJECTID":38,"fhdFtrID":38,"fhdRefID":53709,"fhdRevDt":"20190205","fhdONm":"Guy Chilton","fhdOEnt":"ODFW","fhdSpNm":"Brook trout","fhdRun":"NA","fhdLifeHst":"FluvAdfluvRes","fhdUseTy":"ResidentMultipleUses","fhdBasis":"DocObsFish","fhdStNm":"Fish Lake","fhdGenus":"Salvelinus","fhdSp":"fontinalis","fhdSubSp":null,"fhdOrig":"NonNative","fhdProd":"Hatchery","fhdComment":null,"fhdESH":"NA","fhdBasisD":null,"fhdNMF":"no","fhdBasisDt":"20180000","fhdBasisNm":null,"fhdBasisEnt":null,"fhdBasisPrj":null,"fhdBasisMethod":null,"fhdAccess":null,"fhdBarrierFtrID":null,"fhdEndExtent":null,"Shape__Area":2844955.2240172,"Shape__Length":13499.431371564948,"habitatType":"lake"},"id":390},
{"type":"Feature","geometry":{"type":"Polygon","coordinates":[[[-121.794737,43.905549],[-121.796065,43.909452],[-121.798117,43.908195],[-121.798507,43.905625],[-121.794737,43.905549]]]},"properties":{"OBJECTID":39,"fhdFtrID":39,"fhdRefID":53709,"fhdRevDt":"20190212","fhdONm":"Guy Chilton","fhdOEnt":"ODFW","fhdSpNm":"Brook trout","fhdRun":"NA","fhdLifeHst":"FluvAdfluvRes","fhdUseTy":"ResidentMultipleUses","fhdBasis":"DocObsFish","fhdStNm":"Lucky Lake","fhdGenus":"Salvelinus","fhdSp":"fontinalis","fhdSubSp":null,"fhdOrig":"NonNative","fhdProd":"Hatchery","fhdComment":null,"fhdESH":"NA","fhdBasisD":null,"fhdNMF":"no","fhdBasisDt":"20180000","fhdBasisNm":null,"fhdBasisEnt":null,"fhdBasisPrj":null,"fhdBasisMethod":null,"fhdAccess":null,"fhdBarrierFtrID":null,"fhdEndExtent":null,"Shape__Area":231150.382163795,"Shape__Length":2128.415449470804,"habitatType":"lake"},"id":391},
{"type":"Feature","geometry":{"type":"Polygon","coordinates":[[[-121.891204,43.817004],[-121.891784,43.820729],[-121.895346,43.822852],[-121.896262,43.81934],[-121.895225,43.816971],[-121.891204,43.817004]]]},"properties":{"OBJECTID":40,"fhdFtrID":40,"fhdRefID":53709,"fhdRevDt":"20190212","fhdONm":"Guy Chilton","fhdOEnt":"ODFW","fhdSpNm":"Brook trout","fhdRun":"NA","fhdLifeHst":"FluvAdfluvRes","fhdUseTy":"ResidentMultipleUses","fhdBasis":"DocObsFish","fhdStNm":"Deer Lake","fhdGenus":"Salvelinus","fhdSp":"fontinalis","fhdSubSp":null,"fhdOrig":"NonNative","fhdProd":"Hatchery","fhdComment":null,"fhdESH":"NA","fhdBasisD":null,"fhdNMF":"no","fhdBasisDt":"20180000","fhdBasisNm":null,"fhdBasisEnt":null,"fhdBasisPrj":null,"fhdBasisMethod":null,"fhdAccess":null,"fhdBarrierFtrID":null,"fhdEndExtent":null,"Shape__Area":403359.689751705,"Shape__Length":2673.8465015779248,"habitatType":"lake"},"id":392},
{"type":"Feature","geometry":{"type":"Polygon","coordinates":[[[-121.81983,43.953152],[-121.820891,43.954774],[-121.82675,43.958319],[-121.827254,43.955353],[-121.825445,43.953525],[-121.821273,43.952338],[-121.81983,43.953152]]]},"properties":{"OBJECTID":41,"fhdFtrID":41,"fhdRefID":53709,"fhdRevDt":"20190212","fhdONm":"Guy Chilton","fhdOEnt":"ODFW","fhdSpNm":"Brook trout","fhdRun":"NA","fhdLifeHst":"FluvAdfluvRes","fhdUseTy":"ResidentMultipleUses","fhdBasis":"DocObsFish","fhdStNm":"Blow Lake","fhdGenus":"Salvelinus","fhdSp":"fontinalis","fhdSubSp":null,"fhdOrig":"NonNative","fhdProd":"Hatchery","fhdComment":null,"fhdESH":"NA","fhdBasisD":null,"fhdNMF":"no","fhdBasisDt":"20180000","fhdBasisNm":null,"fhdBasisEnt":null,"fhdBasisPrj":null,"fhdBasisMethod":null,"fhdAccess":null,"fhdBarrierFtrID":null,"fhdEndExtent":null,"Shape__Area":397911.531744655,"Shape__Length":3003.8163653901565,"habitatType":"lake"},"id":393},
{"type":"Feature","geometry":{"type":"Polygon","coordinates":[[[-121.969374,43.745077],[-121.973014,43.747271],[-121.978965,43.743282],[-121.978965,43.741787],[-121.973792,43.739661],[-121.973242,43.742654],[-121.971633,43.742792],[-121.96987,43.739463],[-121.967047,43.740077],[-121.9662,43.74196],[-121.969374,43.745077]]]},"properties":{"OBJECTID":42,"fhdFtrID":42,"fhdRefID":53709,"fhdRevDt":"20190212","fhdONm":"Guy Chilton","fhdOEnt":"ODFW","fhdSpNm":"Brook trout","fhdRun":"NA","fhdLifeHst":"FluvAdfluvRes","fhdUseTy":"ResidentMultipleUses","fhdBasis":"DocObsFish","fhdStNm":"Charlton Lake","fhdGenus":"Salvelinus","fhdSp":"fontinalis","fhdSubSp":null,"fhdOrig":"NonNative","fhdProd":"Hatchery","fhdComment":null,"fhdESH":"NA","fhdBasisD":null,"fhdNMF":"no","fhdBasisDt":"20180000","fhdBasisNm":null,"fhdBasisEnt":null,"fhdBasisPrj":null,"fhdBasisMethod":null,"fhdAccess":null,"fhdBarrierFtrID":null,"fhdEndExtent":null,"Shape__Area":1015315.39475324,"Shape__Length":6086.80168694117,"habitatType":"lake"},"id":394},
{"type":"Feature","geometry":{"type":"Polygon","coordinates":[[[-121.838973,43.952511],[-121.84104,43.95318],[-121.84767,43.951366],[-121.848403,43.950338],[-121.843856,43.948293],[-121.836577,43.950704],[-121.838973,43.952511]]]},"properties":{"OBJECTID":43,"fhdFtrID":43,"fhdRefID":53709,"fhdRevDt":"20190212","fhdONm":"Guy Chilton","fhdOEnt":"ODFW","fhdSpNm":"Brook trout","fhdRun":"NA","fhdLifeHst":"FluvAdfluvRes","fhdUseTy":"ResidentMultipleUses","fhdBasis":"DocObsFish","fhdStNm":"Doris Lake","fhdGenus":"Salvelinus","fhdSp":"fontinalis","fhdSubSp":null,"fhdOrig":"NonNative","fhdProd":"Hatchery","fhdComment":null,"fhdESH":"NA","fhdBasisD":null,"fhdNMF":"no","fhdBasisDt":"20180000","fhdBasisNm":null,"fhdBasisEnt":null,"fhdBasisPrj":null,"fhdBasisMethod":null,"fhdAccess":null,"fhdBarrierFtrID":null,"fhdEndExtent":null,"Shape__Area":568871.337435035,"Shape__Length":3680.108201497183,"habitatType":"lake"},"id":395},
{"type":"Feature","geometry":{"type":"Polygon","coordinates":[[[-122.078611,43.746319],[-122.078938,43.746843],[-122.080492,43.745947],[-122.079295,43.745442],[-122.078611,43.746319]]]},"properties":{"OBJECTID":44,"fhdFtrID":44,"fhdRefID":53709,"fhdRevDt":"20190212","fhdONm":"Guy Chilton","fhdOEnt":"ODFW","fhdSpNm":"Brook trout","fhdRun":"NA","fhdLifeHst":"FluvAdfluvRes","fhdUseTy":"ResidentMultipleUses","fhdBasis":"DocObsFish","fhdStNm":"Zircon Lake","fhdGenus":"Salvelinus","fhdSp":"fontinalis","fhdSubSp":null,"fhdOrig":"NonNative","fhdProd":"Hatchery","fhdComment":null,"fhdESH":"NA","fhdBasisD":null,"fhdNMF":"no","fhdBasisDt":"20180000","fhdBasisNm":null,"fhdBasisEnt":null,"fhdBasisPrj":null,"fhdBasisMethod":null,"fhdAccess":null,"fhdBarrierFtrID":null,"fhdEndExtent":null,"Shape__Area":28912.94228163,"Shape__Length":818.9184710903196,"habitatType":"lake"},"id":396},
{"type":"Feature","geometry":{"type":"Polygon","coordinates":[[[-121.973931,44.510015],[-121.975488,44.511046],[-121.977175,44.510288],[-121.975779,44.509548],[-121.973931,44.510015]]]},"properties":{"OBJECTID":45,"fhdFtrID":45,"fhdRefID":53709,"fhdRevDt":"20190212","fhdONm":"Guy Chilton","fhdOEnt":"ODFW","fhdSpNm":"Brook trout","fhdRun":"NA","fhdLifeHst":"FluvAdfluvRes","fhdUseTy":"ResidentMultipleUses","fhdBasis":"DocObsFish","fhdStNm":"Fay Lake","fhdGenus":"Salvelinus","fhdSp":"fontinalis","fhdSubSp":null,"fhdOrig":"NonNative","fhdProd":"Hatchery","fhdComment":null,"fhdESH":"NA","fhdBasisD":null,"fhdNMF":"no","fhdBasisDt":"20180000","fhdBasisNm":null,"fhdBasisEnt":null,"fhdBasisPrj":null,"fhdBasisMethod":null,"fhdAccess":null,"fhdBarrierFtrID":null,"fhdEndExtent":null,"Shape__Area":61896.81333242,"Shape__Length":1012.0292771334501,"habitatType":"lake"},"id":397},
{"type":"Feature","geometry":{"type":"Polygon","coordinates":[[[-122.149122,43.582101],[-122.148209,43.580096],[-122.146682,43.581237],[-122.149122,43.582101]]]},"properties":{"OBJECTID":46,"fhdFtrID":46,"fhdRefID":53709,"fhdRevDt":"20190212","fhdONm":"Guy Chilton","fhdOEnt":"ODFW","fhdSpNm":"Brook trout","fhdRun":"NA","fhdLifeHst":"FluvAdfluvRes","fhdUseTy":"ResidentMultipleUses","fhdBasis":"DocObsFish","fhdStNm":"Vivian Lake","fhdGenus":"Salvelinus","fhdSp":"fontinalis","fhdSubSp":null,"fhdOrig":"NonNative","fhdProd":"Hatchery","fhdComment":null,"fhdESH":"NA","fhdBasisD":null,"fhdNMF":"no","fhdBasisDt":"20180000","fhdBasisNm":null,"fhdBasisEnt":null,"fhdBasisPrj":null,"fhdBasisMethod":null,"fhdAccess":null,"fhdBarrierFtrID":null,"fhdEndExtent":null,"Shape__Area":129251.342334015,"Shape__Length":2092.0308952748087,"habitatType":"lake"},"id":398},
{"type":"Feature","geometry":{"type":"Polygon","coordinates":[[[-121.834766,44.218817],[-121.83478,44.219339],[-121.835293,44.219371],[-121.835376,44.218976],[-121.834766,44.218817]]]},"properties":{"OBJECTID":47,"fhdFtrID":47,"fhdRefID":53709,"fhdRevDt":"20190212","fhdONm":"Guy Chilton","fhdOEnt":"ODFW","fhdSpNm":"Brook trout","fhdRun":"NA","fhdLifeHst":"FluvAdfluvRes","fhdUseTy":"ResidentMultipleUses","fhdBasis":"DocObsFish","fhdStNm":"Marty Lake","fhdGenus":"Salvelinus","fhdSp":"fontinalis","fhdSubSp":null,"fhdOrig":"NonNative","fhdProd":"Hatchery","fhdComment":null,"fhdESH":"NA","fhdBasisD":null,"fhdNMF":"no","fhdBasisDt":"20180000","fhdBasisNm":null,"fhdBasisEnt":null,"fhdBasisPrj":null,"fhdBasisMethod":null,"fhdAccess":null,"fhdBarrierFtrID":null,"fhdEndExtent":null,"Shape__Area":5858.7961595,"Shape__Length":299.2798530873748,"habitatType":"lake"},"id":399},
{"type":"Feature","geometry":{"type":"Polygon","coordinates":[[[-122.040783,43.804396],[-122.040087,43.805138],[-122.040865,43.807062],[-122.042493,43.806275],[-122.040783,43.804396]]]},"properties":{"OBJECTID":48,"fhdFtrID":48,"fhdRefID":53709,"fhdRevDt":"20190212","fhdONm":"Guy Chilton","fhdOEnt":"ODFW","fhdSpNm":"Brook trout","fhdRun":"NA","fhdLifeHst":"FluvAdfluvRes","fhdUseTy":"ResidentMultipleUses","fhdBasis":"DocObsFish","fhdStNm":"Eastern Brook Lake","fhdGenus":"Salvelinus","fhdSp":"fontinalis","fhdSubSp":null,"fhdOrig":"NonNative","fhdProd":"Hatchery","fhdComment":null,"fhdESH":"NA","fhdBasisD":null,"fhdNMF":"no","fhdBasisDt":"20180000","fhdBasisNm":null,"fhdBasisEnt":null,"fhdBasisPrj":null,"fhdBasisMethod":null,"fhdAccess":null,"fhdBarrierFtrID":null,"fhdEndExtent":null,"Shape__Area":83574.70201457,"Shape__Length":1377.783172025528,"habitatType":"lake"},"id":400},
{"type":"Feature","geometry":{"type":"Polygon","coordinates":[[[-122.031878,43.697581],[-122.030921,43.698392],[-122.032631,43.699352],[-122.033196,43.698915],[-122.031878,43.697581]]]},"properties":{"OBJECTID":49,"fhdFtrID":49,"fhdRefID":53709,"fhdRevDt":"20190212","fhdONm":"Guy Chilton","fhdOEnt":"ODFW","fhdSpNm":"Brook trout","fhdRun":"NA","fhdLifeHst":"FluvAdfluvRes","fhdUseTy":"ResidentMultipleUses","fhdBasis":"DocObsFish","fhdStNm":"Shadow Lake","fhdGenus":"Salvelinus","fhdSp":"fontinalis","fhdSubSp":null,"fhdOrig":"NonNative","fhdProd":"Hatchery","fhdComment":null,"fhdESH":"NA","fhdBasisD":null,"fhdNMF":"no","fhdBasisDt":"20180000","fhdBasisNm":null,"fhdBasisEnt":null,"fhdBasisPrj":null,"fhdBasisMethod":null,"fhdAccess":null,"fhdBarrierFtrID":null,"fhdEndExtent":null,"Shape__Area":45922.74186205,"Shape__Length":833.9259979000375,"habitatType":"lake"},"id":401},
{"type":"Feature","geometry":{"type":"Polygon","coordinates":[[[-121.951635,44.210814],[-121.951956,44.211745],[-121.953911,44.210889],[-121.952519,44.210363],[-121.951635,44.210814]]]},"properties":{"OBJECTID":50,"fhdFtrID":50,"fhdRefID":53709,"fhdRevDt":"20190212","fhdONm":"Guy Chilton","fhdOEnt":"ODFW","fhdSpNm":"Brook trout","fhdRun":"NA","fhdLifeHst":"FluvAdfluvRes","fhdUseTy":"ResidentMultipleUses","fhdBasis":"DocObsFish","fhdStNm":"Prince Lake","fhdGenus":"Salvelinus","fhdSp":"fontinalis","fhdSubSp":null,"fhdOrig":"NonNative","fhdProd":"Hatchery","fhdComment":null,"fhdESH":"NA","fhdBasisD":null,"fhdNMF":"no","fhdBasisDt":"20180000","fhdBasisNm":null,"fhdBasisEnt":null,"fhdBasisPrj":null,"fhdBasisMethod":null,"fhdAccess":null,"fhdBarrierFtrID":null,"fhdEndExtent":null,"Shape__Area":43269.052324515,"Shape__Length":992.2380621184441,"habitatType":"lake"},"id":402},
{"type":"Feature","geometry":{"type":"Polygon","coordinates":[[[-121.920914,44.542899],[-121.920431,44.54369],[-121.921205,44.545429],[-121.922249,44.545073],[-121.922226,44.543597],[-121.920914,44.542899]]]},"properties":{"OBJECTID":51,"fhdFtrID":51,"fhdRefID":53709,"fhdRevDt":"20190212","fhdONm":"Guy Chilton","fhdOEnt":"ODFW","fhdSpNm":"Brook trout","fhdRun":"NA","fhdLifeHst":"FluvAdfluvRes","fhdUseTy":"ResidentMultipleUses","fhdBasis":"DocObsFish","fhdStNm":"Turpentine Lake","fhdGenus":"Salvelinus","fhdSp":"fontinalis","fhdSubSp":null,"fhdOrig":"NonNative","fhdProd":"Hatchery","fhdComment":null,"fhdESH":"NA","fhdBasisD":null,"fhdNMF":"no","fhdBasisDt":"20180000","fhdBasisNm":null,"fhdBasisEnt":null,"fhdBasisPrj":null,"fhdBasisMethod":null,"fhdAccess":null,"fhdBarrierFtrID":null,"fhdEndExtent":null,"Shape__Area":63762.434807435,"Shape__Length":996.6427369257258,"habitatType":"lake"},"id":403},
{"type":"Feature","geometry":{"type":"Polygon","coordinates":[[[-121.90172,44.54965],[-121.900199,44.550675],[-121.90191,44.551389],[-121.90172,44.54965]]]},"properties":{"OBJECTID":52,"fhdFtrID":52,"fhdRefID":53709,"fhdRevDt":"20190212","fhdONm":"Guy Chilton","fhdOEnt":"ODFW","fhdSpNm":"Brook trout","fhdRun":"NA","fhdLifeHst":"FluvAdfluvRes","fhdUseTy":"ResidentMultipleUses","fhdBasis":"DocObsFish","fhdStNm":"Temple Lake","fhdGenus":"Salvelinus","fhdSp":"fontinalis","fhdSubSp":null,"fhdOrig":"NonNative","fhdProd":"Hatchery","fhdComment":null,"fhdESH":"NA","fhdBasisD":null,"fhdNMF":"no","fhdBasisDt":"20180000","fhdBasisNm":null,"fhdBasisEnt":null,"fhdBasisPrj":null,"fhdBasisMethod":null,"fhdAccess":null,"fhdBarrierFtrID":null,"fhdEndExtent":null,"Shape__Area":62683.07442724,"Shape__Length":1118.975722424396,"habitatType":"lake"},"id":404},
{"type":"Feature","geometry":{"type":"Polygon","coordinates":[[[-121.916949,44.558555],[-121.916312,44.559603],[-121.917041,44.560393],[-121.917809,44.55918],[-121.916949,44.558555]]]},"properties":{"OBJECTID":53,"fhdFtrID":53,"fhdRefID":53709,"fhdRevDt":"20190212","fhdONm":"Guy Chilton","fhdOEnt":"ODFW","fhdSpNm":"Brook trout","fhdRun":"NA","fhdLifeHst":"FluvAdfluvRes","fhdUseTy":"ResidentMultipleUses","fhdBasis":"DocObsFish","fhdStNm":"Pinet Lake","fhdGenus":"Salvelinus","fhdSp":"fontinalis","fhdSubSp":null,"fhdOrig":"NonNative","fhdProd":"Hatchery","fhdComment":null,"fhdESH":"NA","fhdBasisD":null,"fhdNMF":"no","fhdBasisDt":"20180000","fhdBasisNm":null,"fhdBasisEnt":null,"fhdBasisPrj":null,"fhdBasisMethod":null,"fhdAccess":null,"fhdBarrierFtrID":null,"fhdEndExtent":null,"Shape__Area":30679.81570947,"Shape__Length":715.0695288021584,"habitatType":"lake"},"id":405},
{"type":"Feature","geometry":{"type":"Polygon","coordinates":[[[-121.955318,44.507774],[-121.957894,44.507307],[-121.955478,44.506331],[-121.955318,44.507774]]]},"properties":{"OBJECTID":54,"fhdFtrID":54,"fhdRefID":53709,"fhdRevDt":"20190212","fhdONm":"Guy Chilton","fhdOEnt":"ODFW","fhdSpNm":"Brook trout","fhdRun":"NA","fhdLifeHst":"FluvAdfluvRes","fhdUseTy":"ResidentMultipleUses","fhdBasis":"DocObsFish","fhdStNm":"Fir Lake","fhdGenus":"Salvelinus","fhdSp":"fontinalis","fhdSubSp":null,"fhdOrig":"NonNative","fhdProd":"Hatchery","fhdComment":null,"fhdESH":"NA","fhdBasisD":null,"fhdNMF":"no","fhdBasisDt":"20180000","fhdBasisNm":null,"fhdBasisEnt":null,"fhdBasisPrj":null,"fhdBasisMethod":null,"fhdAccess":null,"fhdBarrierFtrID":null,"fhdEndExtent":null,"Shape__Area":61186.9210351,"Shape__Length":971.7462200240059,"habitatType":"lake"},"id":406},
{"type":"Feature","geometry":{"type":"Polygon","coordinates":[[[-122.013777,43.797791],[-122.017832,43.799186],[-122.021053,43.796791],[-122.01869,43.794601],[-122.012766,43.79428],[-122.011424,43.796537],[-122.013777,43.797791]]]},"properties":{"OBJECTID":55,"fhdFtrID":55,"fhdRefID":53709,"fhdRevDt":"20190212","fhdONm":"Guy Chilton","fhdOEnt":"ODFW","fhdSpNm":"Brook trout","fhdRun":"NA","fhdLifeHst":"FluvAdfluvRes","fhdUseTy":"ResidentMultipleUses","fhdBasis":"DocObsFish","fhdStNm":"Torrey Lake","fhdGenus":"Salvelinus","fhdSp":"fontinalis","fhdSubSp":null,"fhdOrig":"NonNative","fhdProd":"Hatchery","fhdComment":null,"fhdESH":"NA","fhdBasisD":null,"fhdNMF":"no","fhdBasisDt":"20180000","fhdBasisNm":null,"fhdBasisEnt":null,"fhdBasisPrj":null,"fhdBasisMethod":null,"fhdAccess":null,"fhdBarrierFtrID":null,"fhdEndExtent":null,"Shape__Area":507893.16486607,"Shape__Length":3407.0966360561706,"habitatType":"lake"},"id":407},
{"type":"Feature","geometry":{"type":"Polygon","coordinates":[[[-122.019518,43.798669],[-122.024662,43.801153],[-122.024376,43.799593],[-122.022292,43.798558],[-122.019518,43.798669]]]},"properties":{"OBJECTID":56,"fhdFtrID":56,"fhdRefID":53709,"fhdRevDt":"20190212","fhdONm":"Guy Chilton","fhdOEnt":"ODFW","fhdSpNm":"Brook trout","fhdRun":"NA","fhdLifeHst":"FluvAdfluvRes","fhdUseTy":"ResidentMultipleUses","fhdBasis":"DocObsFish","fhdStNm":"Whig Lake","fhdGenus":"Salvelinus","fhdSp":"fontinalis","fhdSubSp":null,"fhdOrig":"NonNative","fhdProd":"Hatchery","fhdComment":null,"fhdESH":"NA","fhdBasisD":null,"fhdNMF":"no","fhdBasisDt":"20180000","fhdBasisNm":null,"fhdBasisEnt":null,"fhdBasisPrj":null,"fhdBasisMethod":null,"fhdAccess":null,"fhdBarrierFtrID":null,"fhdEndExtent":null,"Shape__Area":100030.567386965,"Shape__Length":1675.614122049747,"habitatType":"lake"},"id":408},
{"type":"Feature","geometry":{"type":"Polygon","coordinates":[[[-121.948026,44.291972],[-121.950489,44.291616],[-121.950021,44.289785],[-121.947738,44.291294],[-121.948026,44.291972]]]},"properties":{"OBJECTID":57,"fhdFtrID":57,"fhdRefID":53709,"fhdRevDt":"20190212","fhdONm":"Guy Chilton","fhdOEnt":"ODFW","fhdSpNm":"Brook trout","fhdRun":"NA","fhdLifeHst":"FluvAdfluvRes","fhdUseTy":"ResidentMultipleUses","fhdBasis":"DocObsFish","fhdStNm":"Robinson Lake","fhdGenus":"Salvelinus","fhdSp":"fontinalis","fhdSubSp":null,"fhdOrig":"NonNative","fhdProd":"Hatchery","fhdComment":null,"fhdESH":"NA","fhdBasisD":null,"fhdNMF":"no","fhdBasisDt":"20180000","fhdBasisNm":null,"fhdBasisEnt":null,"fhdBasisPrj":null,"fhdBasisMethod":null,"fhdAccess":null,"fhdBarrierFtrID":null,"fhdEndExtent":null,"Shape__Area":77829.833504205,"Shape__Length":1144.782702412069,"habitatType":"lake"},"id":409},
{"type":"Feature","geometry":{"type":"Polygon","coordinates":[[[-121.909914,44.223063],[-121.912858,44.221642],[-121.911813,44.219903],[-121.908716,44.221485],[-121.909914,44.223063]]]},"properties":{"OBJECTID":58,"fhdFtrID":58,"fhdRefID":53709,"fhdRevDt":"20190212","fhdONm":"Guy Chilton","fhdOEnt":"ODFW","fhdSpNm":"Brook trout","fhdRun":"NA","fhdLifeHst":"FluvAdfluvRes","fhdUseTy":"ResidentMultipleUses","fhdBasis":"DocObsFish","fhdStNm":"Benson Lake","fhdGenus":"Salvelinus","fhdSp":"fontinalis","fhdSubSp":null,"fhdOrig":"NonNative","fhdProd":"Hatchery","fhdComment":null,"fhdESH":"NA","fhdBasisD":null,"fhdNMF":"no","fhdBasisDt":"20180000","fhdBasisNm":null,"fhdBasisEnt":null,"fhdBasisPrj":null,"fhdBasisMethod":null,"fhdAccess":null,"fhdBarrierFtrID":null,"fhdEndExtent":null,"Shape__Area":148198.153995185,"Shape__Length":1722.5803937588112,"habitatType":"lake"},"id":410},
{"type":"Feature","geometry":{"type":"Polygon","coordinates":[[[-121.873101,44.754328],[-121.872971,44.755173],[-121.87401,44.754854],[-121.873101,44.754328]]]},"properties":{"OBJECTID":59,"fhdFtrID":59,"fhdRefID":53709,"fhdRevDt":"20190212","fhdONm":"Guy Chilton","fhdOEnt":"ODFW","fhdSpNm":"Brook trout","fhdRun":"NA","fhdLifeHst":"FluvAdfluvRes","fhdUseTy":"ResidentMultipleUses","fhdBasis":"DocObsFish","fhdStNm":"Sheep Lake","fhdGenus":"Salvelinus","fhdSp":"fontinalis","fhdSubSp":null,"fhdOrig":"NonNative","fhdProd":"Hatchery","fhdComment":null,"fhdESH":"NA","fhdBasisD":null,"fhdNMF":"no","fhdBasisDt":"20180000","fhdBasisNm":null,"fhdBasisEnt":null,"fhdBasisPrj":null,"fhdBasisMethod":null,"fhdAccess":null,"fhdBarrierFtrID":null,"fhdEndExtent":null,"Shape__Area":16965.388443185,"Shape__Length":509.12650462650686,"habitatType":"lake"},"id":411},
{"type":"Feature","geometry":{"type":"Polygon","coordinates":[[[-121.874582,44.757125],[-121.876426,44.756827],[-121.875821,44.75611],[-121.874142,44.75599],[-121.874582,44.757125]]]},"properties":{"OBJECTID":60,"fhdFtrID":60,"fhdRefID":53709,"fhdRevDt":"20190212","fhdONm":"Guy Chilton","fhdOEnt":"ODFW","fhdSpNm":"Brook trout","fhdRun":"NA","fhdLifeHst":"FluvAdfluvRes","fhdUseTy":"ResidentMultipleUses","fhdBasis":"DocObsFish","fhdStNm":"Claggett Lake","fhdGenus":"Salvelinus","fhdSp":"fontinalis","fhdSubSp":null,"fhdOrig":"NonNative","fhdProd":"Hatchery","fhdComment":null,"fhdESH":"NA","fhdBasisD":null,"fhdNMF":"no","fhdBasisDt":"20180000","fhdBasisNm":null,"fhdBasisEnt":null,"fhdBasisPrj":null,"fhdBasisMethod":null,"fhdAccess":null,"fhdBarrierFtrID":null,"fhdEndExtent":null,"Shape__Area":50741.811641445,"Shape__Length":966.8827098079756,"habitatType":"lake"},"id":412},
{"type":"Feature","geometry":{"type":"Polygon","coordinates":[[[-122.155551,43.470451],[-122.156801,43.470389],[-122.155868,43.469895],[-122.155551,43.470451]]]},"properties":{"OBJECTID":61,"fhdFtrID":61,"fhdRefID":53709,"fhdRevDt":"20190212","fhdONm":"Guy Chilton","fhdOEnt":"ODFW","fhdSpNm":"Brook trout","fhdRun":"NA","fhdLifeHst":"FluvAdfluvRes","fhdUseTy":"ResidentMultipleUses","fhdBasis":"DocObsFish","fhdStNm":"Ruth Lake","fhdGenus":"Salvelinus","fhdSp":"fontinalis","fhdSubSp":null,"fhdOrig":"NonNative","fhdProd":"Hatchery","fhdComment":null,"fhdESH":"NA","fhdBasisD":null,"fhdNMF":"no","fhdBasisDt":"20180000","fhdBasisNm":null,"fhdBasisEnt":null,"fhdBasisPrj":null,"fhdBasisMethod":null,"fhdAccess":null,"fhdBarrierFtrID":null,"fhdEndExtent":null,"Shape__Area":10847.541526655,"Shape__Length":490.6445887454347,"habitatType":"lake"},"id":413},
{"type":"Feature","geometry":{"type":"Polygon","coordinates":[[[-121.866283,44.382181],[-121.869559,44.379621],[-121.870119,44.377259],[-121.873952,44.373776],[-121.879414,44.375622],[-121.881534,44.375039],[-121.879915,44.370405],[-121.873949,44.368023],[-121.869174,44.369624],[-121.867272,44.371892],[-121.867618,44.374794],[-121.864876,44.377693],[-121.866283,44.382181]]]},"properties":{"OBJECTID":62,"fhdFtrID":62,"fhdRefID":53709,"fhdRevDt":"20190212","fhdONm":"Guy Chilton","fhdOEnt":"ODFW","fhdSpNm":"Brook trout","fhdRun":"NA","fhdLifeHst":"FluvAdfluvRes","fhdUseTy":"ResidentMultipleUses","fhdBasis":"DocObsFish","fhdStNm":"Big Lake","fhdGenus":"Salvelinus","fhdSp":"fontinalis","fhdSubSp":null,"fhdOrig":"NonNative","fhdProd":"Hatchery","fhdComment":null,"fhdESH":"NA","fhdBasisD":null,"fhdNMF":"no","fhdBasisDt":"20180000","fhdBasisNm":null,"fhdBasisEnt":null,"fhdBasisPrj":null,"fhdBasisMethod":null,"fhdAccess":null,"fhdBarrierFtrID":null,"fhdEndExtent":null,"Shape__Area":1831485.33319267,"Shape__Length":10074.998930353016,"habitatType":"lake"},"id":414},
{"type":"Feature","geometry":{"type":"Polygon","coordinates":[[[-122.073691,43.649811],[-122.074698,43.648819],[-122.073462,43.647738],[-122.072452,43.6489],[-122.073691,43.649811]]]},"properties":{"OBJECTID":63,"fhdFtrID":63,"fhdRefID":53709,"fhdRevDt":"20190212","fhdONm":"Guy Chilton","fhdOEnt":"ODFW","fhdSpNm":"Brook trout","fhdRun":"NA","fhdLifeHst":"FluvAdfluvRes","fhdUseTy":"ResidentMultipleUses","fhdBasis":"DocObsFish","fhdStNm":"Lorin Lake","fhdGenus":"Salvelinus","fhdSp":"fontinalis","fhdSubSp":null,"fhdOrig":"NonNative","fhdProd":"Hatchery","fhdComment":null,"fhdESH":"NA","fhdBasisD":null,"fhdNMF":"no","fhdBasisDt":"20180000","fhdBasisNm":null,"fhdBasisEnt":null,"fhdBasisPrj":null,"fhdBasisMethod":null,"fhdAccess":null,"fhdBarrierFtrID":null,"fhdEndExtent":null,"Shape__Area":61431.959558955,"Shape__Length":922.2113331527902,"habitatType":"lake"},"id":415},
{"type":"Feature","geometry":{"type":"Polygon","coordinates":[[[-122.095865,44.816934],[-122.094493,44.817384],[-122.095627,44.818602],[-122.097061,44.817334],[-122.095865,44.816934]]]},"properties":{"OBJECTID":64,"fhdFtrID":64,"fhdRefID":53709,"fhdRevDt":"20190212","fhdONm":"Guy Chilton","fhdOEnt":"ODFW","fhdSpNm":"Brook trout","fhdRun":"NA","fhdLifeHst":"FluvAdfluvRes","fhdUseTy":"ResidentMultipleUses","fhdBasis":"DocObsFish","fhdStNm":"Dunlap Lake","fhdGenus":"Salvelinus","fhdSp":"fontinalis","fhdSubSp":null,"fhdOrig":"NonNative","fhdProd":"Hatchery","fhdComment":null,"fhdESH":"NA","fhdBasisD":null,"fhdNMF":"no","fhdBasisDt":"20180000","fhdBasisNm":null,"fhdBasisEnt":null,"fhdBasisPrj":null,"fhdBasisMethod":null,"fhdAccess":null,"fhdBarrierFtrID":null,"fhdEndExtent":null,"Shape__Area":63454.38524735,"Shape__Length":943.8698066528303,"habitatType":"lake"},"id":416},
{"type":"Feature","geometry":{"type":"Polygon","coordinates":[[[-121.917704,44.229773],[-121.918399,44.229455],[-121.917451,44.229248],[-121.917704,44.229773]]]},"properties":{"OBJECTID":65,"fhdFtrID":65,"fhdRefID":53709,"fhdRevDt":"20190212","fhdONm":"Guy Chilton","fhdOEnt":"ODFW","fhdSpNm":"Brook trout","fhdRun":"NA","fhdLifeHst":"FluvAdfluvRes","fhdUseTy":"ResidentMultipleUses","fhdBasis":"DocObsFish","fhdStNm":"Tenas Lakes","fhdGenus":"Salvelinus","fhdSp":"fontinalis","fhdSubSp":null,"fhdOrig":"NonNative","fhdProd":"Hatchery","fhdComment":null,"fhdESH":"NA","fhdBasisD":null,"fhdNMF":"no","fhdBasisDt":"20180000","fhdBasisNm":null,"fhdBasisEnt":null,"fhdBasisPrj":null,"fhdBasisMethod":null,"fhdAccess":null,"fhdBarrierFtrID":null,"fhdEndExtent":null,"Shape__Area":7388.17949321,"Shape__Length":355.83272539473603,"habitatType":"lake"},"id":417},
{"type":"Feature","geometry":{"type":"Polygon","coordinates":[[[-121.946208,44.509745],[-121.946131,44.510645],[-121.94742,44.510486],[-121.947358,44.509739],[-121.946208,44.509745]]]},"properties":{"OBJECTID":66,"fhdFtrID":66,"fhdRefID":53709,"fhdRevDt":"20190212","fhdONm":"Guy Chilton","fhdOEnt":"ODFW","fhdSpNm":"Brook trout","fhdRun":"NA","fhdLifeHst":"FluvAdfluvRes","fhdUseTy":"ResidentMultipleUses","fhdBasis":"DocObsFish","fhdStNm":"Widgeon Lake","fhdGenus":"Salvelinus","fhdSp":"fontinalis","fhdSubSp":null,"fhdOrig":"NonNative","fhdProd":"Hatchery","fhdComment":null,"fhdESH":"NA","fhdBasisD":null,"fhdNMF":"no","fhdBasisDt":"20180000","fhdBasisNm":null,"fhdBasisEnt":null,"fhdBasisPrj":null,"fhdBasisMethod":null,"fhdAccess":null,"fhdBarrierFtrID":null,"fhdEndExtent":null,"Shape__Area":25919.55366218,"Shape__Length":603.3402255220328,"habitatType":"lake"},"id":418},
{"type":"Feature","geometry":{"type":"Polygon","coordinates":[[[-122.005982,43.763374],[-122.005678,43.763704],[-122.006144,43.764096],[-122.006525,43.763595],[-122.005982,43.763374]]]},"properties":{"OBJECTID":67,"fhdFtrID":67,"fhdRefID":53709,"fhdRevDt":"20190212","fhdONm":"Guy Chilton","fhdOEnt":"ODFW","fhdSpNm":"Brook trout","fhdRun":"NA","fhdLifeHst":"FluvAdfluvRes","fhdUseTy":"ResidentMultipleUses","fhdBasis":"DocObsFish","fhdStNm":"Webb Lake","fhdGenus":"Salvelinus","fhdSp":"fontinalis","fhdSubSp":null,"fhdOrig":"NonNative","fhdProd":"Hatchery","fhdComment":null,"fhdESH":"NA","fhdBasisD":null,"fhdNMF":"no","fhdBasisDt":"20180000","fhdBasisNm":null,"fhdBasisEnt":null,"fhdBasisPrj":null,"fhdBasisMethod":null,"fhdAccess":null,"fhdBarrierFtrID":null,"fhdEndExtent":null,"Shape__Area":7941.57433971,"Shape__Length":370.5174420718704,"habitatType":"lake"},"id":419},
{"type":"Feature","geometry":{"type":"Polygon","coordinates":[[[-121.944783,44.276385],[-121.943527,44.277264],[-121.945098,44.277693],[-121.944783,44.276385]]]},"properties":{"OBJECTID":68,"fhdFtrID":68,"fhdRefID":53709,"fhdRevDt":"20190212","fhdONm":"Guy Chilton","fhdOEnt":"ODFW","fhdSpNm":"Brook trout","fhdRun":"NA","fhdLifeHst":"FluvAdfluvRes","fhdUseTy":"ResidentMultipleUses","fhdBasis":"DocObsFish","fhdStNm":"Kuitan Lake","fhdGenus":"Salvelinus","fhdSp":"fontinalis","fhdSubSp":null,"fhdOrig":"NonNative","fhdProd":"Hatchery","fhdComment":null,"fhdESH":"NA","fhdBasisD":null,"fhdNMF":"no","fhdBasisDt":"20180000","fhdBasisNm":null,"fhdBasisEnt":null,"fhdBasisPrj":null,"fhdBasisMethod":null,"fhdAccess":null,"fhdBarrierFtrID":null,"fhdEndExtent":null,"Shape__Area":39201.03942452,"Shape__Length":769.5640213047101,"habitatType":"lake"},"id":420},
{"type":"Feature","geometry":{"type":"Polygon","coordinates":[[[-118.229972,44.960973],[-118.232478,44.960572],[-118.232025,44.958038],[-118.229572,44.95928],[-118.229972,44.960973]]]},"properties":{"OBJECTID":69,"fhdFtrID":69,"fhdRefID":53684,"fhdRevDt":"20190214","fhdONm":"Peter Robinson","fhdOEnt":"ODFW","fhdSpNm":"Brook trout","fhdRun":"NA","fhdLifeHst":"FluvAdfluvRes","fhdUseTy":"ResidentMultipleUses","fhdBasis":"UndocObsFish","fhdStNm":"Anthony Lake","fhdGenus":"Salvelinus","fhdSp":"fontinalis","fhdSubSp":null,"fhdOrig":"NonNative","fhdProd":"Natural","fhdComment":null,"fhdESH":"NA","fhdBasisD":null,"fhdNMF":"no","fhdBasisDt":null,"fhdBasisNm":null,"fhdBasisEnt":null,"fhdBasisPrj":null,"fhdBasisMethod":null,"fhdAccess":null,"fhdBarrierFtrID":null,"fhdEndExtent":null,"Shape__Area":149159.132026505,"Shape__Length":1675.89148836141,"habitatType":"lake"},"id":421},
{"type":"Feature","geometry":{"type":"Polygon","coordinates":[[[-117.673409,45.042296],[-117.672765,45.044046],[-117.677252,45.046954],[-117.678337,45.043383],[-117.673409,45.042296]]]},"properties":{"OBJECTID":70,"fhdFtrID":70,"fhdRefID":53684,"fhdRevDt":"20190214","fhdONm":"Peter Robinson","fhdOEnt":"ODFW","fhdSpNm":"Brook trout","fhdRun":"NA","fhdLifeHst":"FluvAdfluvRes","fhdUseTy":"ResidentMultipleUses","fhdBasis":"UndocObsFish","fhdStNm":"Fisk Reservoir","fhdGenus":"Salvelinus","fhdSp":"fontinalis","fhdSubSp":null,"fhdOrig":"NonNative","fhdProd":"Natural","fhdComment":null,"fhdESH":"NA","fhdBasisD":null,"fhdNMF":"no","fhdBasisDt":null,"fhdBasisNm":null,"fhdBasisEnt":null,"fhdBasisPrj":null,"fhdBasisMethod":null,"fhdAccess":null,"fhdBarrierFtrID":null,"fhdEndExtent":null,"Shape__Area":326669.06800427,"Shape__Length":2320.0441753114887,"habitatType":"lake"},"id":422},
{"type":"Feature","geometry":{"type":"Polygon","coordinates":[[[-117.449708,45.117979],[-117.456815,45.11749],[-117.454241,45.115416],[-117.45135,45.115877],[-117.449708,45.117979]]]},"properties":{"OBJECTID":71,"fhdFtrID":71,"fhdRefID":53684,"fhdRevDt":"20190214","fhdONm":"Peter Robinson","fhdOEnt":"ODFW","fhdSpNm":"Brook trout","fhdRun":"NA","fhdLifeHst":"FluvAdfluvRes","fhdUseTy":"ResidentMultipleUses","fhdBasis":"UndocObsFish","fhdStNm":"Echo Lake","fhdGenus":"Salvelinus","fhdSp":"fontinalis","fhdSubSp":null,"fhdOrig":"NonNative","fhdProd":"Natural","fhdComment":null,"fhdESH":"NA","fhdBasisD":null,"fhdNMF":"no","fhdBasisDt":null,"fhdBasisNm":null,"fhdBasisEnt":null,"fhdBasisPrj":null,"fhdBasisMethod":null,"fhdAccess":null,"fhdBarrierFtrID":null,"fhdEndExtent":null,"Shape__Area":224442.264237785,"Shape__Length":2636.2573975208475,"habitatType":"lake"},"id":423},
{"type":"Feature","geometry":{"type":"Polygon","coordinates":[[[-118.682944,44.283114],[-118.683142,44.284296],[-118.684828,44.284113],[-118.684508,44.283037],[-118.682944,44.283114]]]},"properties":{"OBJECTID":72,"fhdFtrID":72,"fhdRefID":53684,"fhdRevDt":"20190214","fhdONm":"Peter Robinson","fhdOEnt":"ODFW","fhdSpNm":"Brook trout","fhdRun":"NA","fhdLifeHst":"FluvAdfluvRes","fhdUseTy":"ResidentMultipleUses","fhdBasis":"UndocObsFish","fhdStNm":"High Lake","fhdGenus":"Salvelinus","fhdSp":"fontinalis","fhdSubSp":null,"fhdOrig":"NonNative","fhdProd":"Natural","fhdComment":null,"fhdESH":"NA","fhdBasisD":null,"fhdNMF":"no","fhdBasisDt":null,"fhdBasisNm":null,"fhdBasisEnt":null,"fhdBasisPrj":null,"fhdBasisMethod":null,"fhdAccess":null,"fhdBarrierFtrID":null,"fhdEndExtent":null,"Shape__Area":46589.14973276,"Shape__Length":861.9773573491816,"habitatType":"lake"},"id":424},
{"type":"Feature","geometry":{"type":"Polygon","coordinates":[[[-117.254102,45.03843],[-117.25623,45.038125],[-117.255157,45.035945],[-117.252261,45.03772],[-117.254102,45.03843]]]},"properties":{"OBJECTID":73,"fhdFtrID":73,"fhdRefID":53684,"fhdRevDt":"20190214","fhdONm":"Peter Robinson","fhdOEnt":"ODFW","fhdSpNm":"Brook trout","fhdRun":"NA","fhdLifeHst":"FluvAdfluvRes","fhdUseTy":"ResidentMultipleUses","fhdBasis":"UndocObsFish","fhdStNm":"Pine Lakes","fhdGenus":"Salvelinus","fhdSp":"fontinalis","fhdSubSp":null,"fhdOrig":"NonNative","fhdProd":"Natural","fhdComment":null,"fhdESH":"NA","fhdBasisD":null,"fhdNMF":"no","fhdBasisDt":null,"fhdBasisNm":null,"fhdBasisEnt":null,"fhdBasisPrj":null,"fhdBasisMethod":null,"fhdAccess":null,"fhdBarrierFtrID":null,"fhdEndExtent":null,"Shape__Area":129360.113179225,"Shape__Length":1560.6078686474516,"habitatType":"lake"},"id":425},
{"type":"Feature","geometry":{"type":"Polygon","coordinates":[[[-118.225639,44.904211],[-118.226714,44.904569],[-118.227601,44.903803],[-118.226968,44.903117],[-118.225639,44.904211]]]},"properties":{"OBJECTID":74,"fhdFtrID":74,"fhdRefID":53684,"fhdRevDt":"20190214","fhdONm":"Peter Robinson","fhdOEnt":"ODFW","fhdSpNm":"Brook trout","fhdRun":"NA","fhdLifeHst":"FluvAdfluvRes","fhdUseTy":"ResidentMultipleUses","fhdBasis":"UndocObsFish","fhdStNm":"Lost Lake","fhdGenus":"Salvelinus","fhdSp":"fontinalis","fhdSubSp":null,"fhdOrig":"NonNative","fhdProd":"Natural","fhdComment":null,"fhdESH":"NA","fhdBasisD":null,"fhdNMF":"no","fhdBasisDt":null,"fhdBasisNm":null,"fhdBasisEnt":null,"fhdBasisPrj":null,"fhdBasisMethod":null,"fhdAccess":null,"fhdBarrierFtrID":null,"fhdEndExtent":null,"Shape__Area":50619.047964875,"Shape__Length":979.5277019742223,"habitatType":"lake"},"id":426},
{"type":"Feature","geometry":{"type":"Polygon","coordinates":[[[-118.169971,44.893404],[-118.171434,44.892395],[-118.17002,44.892031],[-118.169971,44.893404]]]},"properties":{"OBJECTID":75,"fhdFtrID":75,"fhdRefID":53684,"fhdRevDt":"20190214","fhdONm":"Peter Robinson","fhdOEnt":"ODFW","fhdSpNm":"Brook trout","fhdRun":"NA","fhdLifeHst":"FluvAdfluvRes","fhdUseTy":"ResidentMultipleUses","fhdBasis":"UndocObsFish","fhdStNm":"Red Mountain Lake","fhdGenus":"Salvelinus","fhdSp":"fontinalis","fhdSubSp":null,"fhdOrig":"NonNative","fhdProd":"Natural","fhdComment":null,"fhdESH":"NA","fhdBasisD":null,"fhdNMF":"no","fhdBasisDt":null,"fhdBasisNm":null,"fhdBasisEnt":null,"fhdBasisPrj":null,"fhdBasisMethod":null,"fhdAccess":null,"fhdBarrierFtrID":null,"fhdEndExtent":null,"Shape__Area":40246.26663805,"Shape__Length":784.4280320599639,"habitatType":"lake"},"id":427},
{"type":"Feature","geometry":{"type":"Polygon","coordinates":[[[-117.368324,45.117601],[-117.367882,45.118452],[-117.368967,45.118665],[-117.368928,45.117688],[-117.368324,45.117601]]]},"properties":{"OBJECTID":76,"fhdFtrID":76,"fhdRefID":53684,"fhdRevDt":"20190214","fhdONm":"Peter Robinson","fhdOEnt":"ODFW","fhdSpNm":"Brook trout","fhdRun":"NA","fhdLifeHst":"FluvAdfluvRes","fhdUseTy":"ResidentMultipleUses","fhdBasis":"UndocObsFish","fhdStNm":"Cached Lake","fhdGenus":"Salvelinus","fhdSp":"fontinalis","fhdSubSp":null,"fhdOrig":"NonNative","fhdProd":"Natural","fhdComment":null,"fhdESH":"NA","fhdBasisD":null,"fhdNMF":"no","fhdBasisDt":null,"fhdBasisNm":null,"fhdBasisEnt":null,"fhdBasisPrj":null,"fhdBasisMethod":null,"fhdAccess":null,"fhdBarrierFtrID":null,"fhdEndExtent":null,"Shape__Area":17673.61749337,"Shape__Length":513.3861393053152,"habitatType":"lake"},"id":428},
{"type":"Feature","geometry":{"type":"Polygon","coordinates":[[[-117.362883,45.082572],[-117.365299,45.082352],[-117.364708,45.079032],[-117.361075,45.079221],[-117.362883,45.082572]]]},"properties":{"OBJECTID":77,"fhdFtrID":77,"fhdRefID":53684,"fhdRevDt":"20190214","fhdONm":"Peter Robinson","fhdOEnt":"ODFW","fhdSpNm":"Brook trout","fhdRun":"NA","fhdLifeHst":"FluvAdfluvRes","fhdUseTy":"ResidentMultipleUses","fhdBasis":"UndocObsFish","fhdStNm":"Lookingglass Lake","fhdGenus":"Salvelinus","fhdSp":"fontinalis","fhdSubSp":null,"fhdOrig":"NonNative","fhdProd":"Natural","fhdComment":null,"fhdESH":"NA","fhdBasisD":null,"fhdNMF":"no","fhdBasisDt":null,"fhdBasisNm":null,"fhdBasisEnt":null,"fhdBasisPrj":null,"fhdBasisMethod":null,"fhdAccess":null,"fhdBarrierFtrID":null,"fhdEndExtent":null,"Shape__Area":223756.43798049,"Shape__Length":2315.721973688658,"habitatType":"lake"},"id":429},
{"type":"Feature","geometry":{"type":"Polygon","coordinates":[[[-118.212159,44.893441],[-118.212059,44.894644],[-118.213551,44.894424],[-118.212159,44.893441]]]},"properties":{"OBJECTID":78,"fhdFtrID":78,"fhdRefID":53684,"fhdRevDt":"20190214","fhdONm":"Peter Robinson","fhdOEnt":"ODFW","fhdSpNm":"Brook trout","fhdRun":"NA","fhdLifeHst":"FluvAdfluvRes","fhdUseTy":"ResidentMultipleUses","fhdBasis":"UndocObsFish","fhdStNm":"Meadow Lake","fhdGenus":"Salvelinus","fhdSp":"fontinalis","fhdSubSp":null,"fhdOrig":"NonNative","fhdProd":"Natural","fhdComment":null,"fhdESH":"NA","fhdBasisD":null,"fhdNMF":"no","fhdBasisDt":null,"fhdBasisNm":null,"fhdBasisEnt":null,"fhdBasisPrj":null,"fhdBasisMethod":null,"fhdAccess":null,"fhdBarrierFtrID":null,"fhdEndExtent":null,"Shape__Area":32400.140251055,"Shape__Length":689.8497637935465,"habitatType":"lake"},"id":430},
{"type":"Feature","geometry":{"type":"Polygon","coordinates":[[[-118.219279,44.930748],[-118.220376,44.93142],[-118.221223,44.930619],[-118.220389,44.929737],[-118.219279,44.930748]]]},"properties":{"OBJECTID":79,"fhdFtrID":79,"fhdRefID":53684,"fhdRevDt":"20190214","fhdONm":"Peter Robinson","fhdOEnt":"ODFW","fhdSpNm":"Brook trout","fhdRun":"NA","fhdLifeHst":"FluvAdfluvRes","fhdUseTy":"ResidentMultipleUses","fhdBasis":"UndocObsFish","fhdStNm":"Dutch Flat Lake","fhdGenus":"Salvelinus","fhdSp":"fontinalis","fhdSubSp":null,"fhdOrig":"NonNative","fhdProd":"Natural","fhdComment":null,"fhdESH":"NA","fhdBasisD":null,"fhdNMF":"no","fhdBasisDt":null,"fhdBasisNm":null,"fhdBasisEnt":null,"fhdBasisPrj":null,"fhdBasisMethod":null,"fhdAccess":null,"fhdBarrierFtrID":null,"fhdEndExtent":null,"Shape__Area":34295.538223465,"Shape__Length":876.4048039704065,"habitatType":"lake"},"id":431},
{"type":"Feature","geometry":{"type":"Polygon","coordinates":[[[-118.145477,44.872981],[-118.144497,44.873171],[-118.144619,44.874047],[-118.145623,44.873659],[-118.145477,44.872981]]]},"properties":{"OBJECTID":80,"fhdFtrID":80,"fhdRefID":53684,"fhdRevDt":"20190214","fhdONm":"Peter Robinson","fhdOEnt":"ODFW","fhdSpNm":"Brook trout","fhdRun":"NA","fhdLifeHst":"FluvAdfluvRes","fhdUseTy":"ResidentMultipleUses","fhdBasis":"UndocObsFish","fhdStNm":"Killamacue Lake","fhdGenus":"Salvelinus","fhdSp":"fontinalis","fhdSubSp":null,"fhdOrig":"NonNative","fhdProd":"Natural","fhdComment":null,"fhdESH":"NA","fhdBasisD":null,"fhdNMF":"no","fhdBasisDt":null,"fhdBasisNm":null,"fhdBasisEnt":null,"fhdBasisPrj":null,"fhdBasisMethod":null,"fhdAccess":null,"fhdBarrierFtrID":null,"fhdEndExtent":null,"Shape__Area":25719.15452201,"Shape__Length":773.0944053233261,"habitatType":"lake"},"id":432},
{"type":"Feature","geometry":{"type":"Polygon","coordinates":[[[-117.437972,45.121398],[-117.440515,45.121579],[-117.438786,45.119906],[-117.437972,45.121398]]]},"properties":{"OBJECTID":81,"fhdFtrID":81,"fhdRefID":53684,"fhdRevDt":"20190214","fhdONm":"Peter Robinson","fhdOEnt":"ODFW","fhdSpNm":"Brook trout","fhdRun":"NA","fhdLifeHst":"FluvAdfluvRes","fhdUseTy":"ResidentMultipleUses","fhdBasis":"UndocObsFish","fhdStNm":"Traverse Lake","fhdGenus":"Salvelinus","fhdSp":"fontinalis","fhdSubSp":null,"fhdOrig":"NonNative","fhdProd":"Natural","fhdComment":null,"fhdESH":"NA","fhdBasisD":null,"fhdNMF":"no","fhdBasisDt":null,"fhdBasisNm":null,"fhdBasisEnt":null,"fhdBasisPrj":null,"fhdBasisMethod":null,"fhdAccess":null,"fhdBarrierFtrID":null,"fhdEndExtent":null,"Shape__Area":101667.51241817,"Shape__Length":1579.9155256637223,"habitatType":"lake"},"id":433},
{"type":"Feature","geometry":{"type":"Polygon","coordinates":[[[-118.18414,44.956246],[-118.185745,44.956126],[-118.186828,44.953797],[-118.185227,44.953539],[-118.18414,44.956246]]]},"properties":{"OBJECTID":82,"fhdFtrID":82,"fhdRefID":53684,"fhdRevDt":"20190214","fhdONm":"Peter Robinson","fhdOEnt":"ODFW","fhdSpNm":"Brook trout","fhdRun":"NA","fhdLifeHst":"FluvAdfluvRes","fhdUseTy":"ResidentMultipleUses","fhdBasis":"UndocObsFish","fhdStNm":"Van Patten Lake","fhdGenus":"Salvelinus","fhdSp":"fontinalis","fhdSubSp":null,"fhdOrig":"NonNative","fhdProd":"Natural","fhdComment":null,"fhdESH":"NA","fhdBasisD":null,"fhdNMF":"no","fhdBasisDt":null,"fhdBasisNm":null,"fhdBasisEnt":null,"fhdBasisPrj":null,"fhdBasisMethod":null,"fhdAccess":null,"fhdBarrierFtrID":null,"fhdEndExtent":null,"Shape__Area":133563.02482884,"Shape__Length":1998.632457811423,"habitatType":"lake"},"id":434},
{"type":"Feature","geometry":{"type":"Polygon","coordinates":[[[-117.341794,45.125245],[-117.339492,45.127232],[-117.338517,45.1303],[-117.34151,45.130672],[-117.342546,45.125805],[-117.341794,45.125245]]]},"properties":{"OBJECTID":83,"fhdFtrID":83,"fhdRefID":53684,"fhdRevDt":"20190214","fhdONm":"Peter Robinson","fhdOEnt":"ODFW","fhdSpNm":"Brook trout","fhdRun":"NA","fhdLifeHst":"FluvAdfluvRes","fhdUseTy":"ResidentMultipleUses","fhdBasis":"UndocObsFish","fhdStNm":"Eagle Lake","fhdGenus":"Salvelinus","fhdSp":"fontinalis","fhdSubSp":null,"fhdOrig":"NonNative","fhdProd":"Natural","fhdComment":null,"fhdESH":"NA","fhdBasisD":null,"fhdNMF":"no","fhdBasisDt":null,"fhdBasisNm":null,"fhdBasisEnt":null,"fhdBasisPrj":null,"fhdBasisMethod":null,"fhdAccess":null,"fhdBarrierFtrID":null,"fhdEndExtent":null,"Shape__Area":281514.960654315,"Shape__Length":2515.269778490494,"habitatType":"lake"},"id":435},
{"type":"Feature","geometry":{"type":"Polygon","coordinates":[[[-117.34721,45.092933],[-117.346963,45.093323],[-117.347156,45.093657],[-117.347559,45.093482],[-117.347543,45.093158],[-117.34721,45.092933]]]},"properties":{"OBJECTID":84,"fhdFtrID":84,"fhdRefID":53684,"fhdRevDt":"20190214","fhdONm":"Peter Robinson","fhdOEnt":"ODFW","fhdSpNm":"Brook trout","fhdRun":"NA","fhdLifeHst":"FluvAdfluvRes","fhdUseTy":"ResidentMultipleUses","fhdBasis":"UndocObsFish","fhdStNm":"Culver Lake","fhdGenus":"Salvelinus","fhdSp":"fontinalis","fhdSubSp":null,"fhdOrig":"NonNative","fhdProd":"Natural","fhdComment":null,"fhdESH":"NA","fhdBasisD":null,"fhdNMF":"no","fhdBasisDt":null,"fhdBasisNm":null,"fhdBasisEnt":null,"fhdBasisPrj":null,"fhdBasisMethod":null,"fhdAccess":null,"fhdBarrierFtrID":null,"fhdEndExtent":null,"Shape__Area":6199.249330975,"Shape__Length":301.4871987454879,"habitatType":"lake"},"id":436},
{"type":"Feature","geometry":{"type":"Polygon","coordinates":[[[-117.326448,45.142643],[-117.330605,45.142604],[-117.330007,45.141183],[-117.326448,45.142643]]]},"properties":{"OBJECTID":85,"fhdFtrID":85,"fhdRefID":53684,"fhdRevDt":"20190214","fhdONm":"Peter Robinson","fhdOEnt":"ODFW","fhdSpNm":"Brook trout","fhdRun":"NA","fhdLifeHst":"FluvAdfluvRes","fhdUseTy":"ResidentMultipleUses","fhdBasis":"UndocObsFish","fhdStNm":"Hidden Lake","fhdGenus":"Salvelinus","fhdSp":"fontinalis","fhdSubSp":null,"fhdOrig":"NonNative","fhdProd":"Natural","fhdComment":null,"fhdESH":"NA","fhdBasisD":null,"fhdNMF":"no","fhdBasisDt":null,"fhdBasisNm":null,"fhdBasisEnt":null,"fhdBasisPrj":null,"fhdBasisMethod":null,"fhdAccess":null,"fhdBarrierFtrID":null,"fhdEndExtent":null,"Shape__Area":104663.24769188,"Shape__Length":1369.620749958674,"habitatType":"lake"},"id":437},
{"type":"Feature","geometry":{"type":"Polygon","coordinates":[[[-117.274251,45.05845],[-117.276806,45.058347],[-117.276698,45.05714],[-117.274716,45.05687],[-117.274251,45.05845]]]},"properties":{"OBJECTID":86,"fhdFtrID":86,"fhdRefID":53684,"fhdRevDt":"20190214","fhdONm":"Peter Robinson","fhdOEnt":"ODFW","fhdSpNm":"Brook trout","fhdRun":"NA","fhdLifeHst":"FluvAdfluvRes","fhdUseTy":"ResidentMultipleUses","fhdBasis":"UndocObsFish","fhdStNm":"Crater Lake","fhdGenus":"Salvelinus","fhdSp":"fontinalis","fhdSubSp":null,"fhdOrig":"NonNative","fhdProd":"Natural","fhdComment":null,"fhdESH":"NA","fhdBasisD":null,"fhdNMF":"no","fhdBasisDt":null,"fhdBasisNm":null,"fhdBasisEnt":null,"fhdBasisPrj":null,"fhdBasisMethod":null,"fhdAccess":null,"fhdBarrierFtrID":null,"fhdEndExtent":null,"Shape__Area":103421.886827815,"Shape__Length":1282.4916093033464,"habitatType":"lake"},"id":438},
{"type":"Feature","geometry":{"type":"Polygon","coordinates":[[[-117.294149,45.184383],[-117.297742,45.184293],[-117.300711,45.181315],[-117.298742,45.180919],[-117.294149,45.184383]]]},"properties":{"OBJECTID":87,"fhdFtrID":87,"fhdRefID":53684,"fhdRevDt":"20190214","fhdONm":"Peter Robinson","fhdOEnt":"ODFW","fhdSpNm":"Brook trout","fhdRun":"NA","fhdLifeHst":"FluvAdfluvRes","fhdUseTy":"ResidentMultipleUses","fhdBasis":"UndocObsFish","fhdStNm":"Moccasin Lake","fhdGenus":"Salvelinus","fhdSp":"fontinalis","fhdSubSp":null,"fhdOrig":"NonNative","fhdProd":"Natural","fhdComment":null,"fhdESH":"NA","fhdBasisD":null,"fhdNMF":"no","fhdBasisDt":null,"fhdBasisNm":null,"fhdBasisEnt":null,"fhdBasisPrj":null,"fhdBasisMethod":null,"fhdAccess":null,"fhdBarrierFtrID":null,"fhdEndExtent":null,"Shape__Area":166627.941329255,"Shape__Length":2360.4377719781737,"habitatType":"lake"},"id":439},
{"type":"Feature","geometry":{"type":"Polygon","coordinates":[[[-117.288106,45.196294],[-117.294619,45.194464],[-117.290407,45.192872],[-117.288106,45.196294]]]},"properties":{"OBJECTID":88,"fhdFtrID":88,"fhdRefID":53684,"fhdRevDt":"20190214","fhdONm":"Peter Robinson","fhdOEnt":"ODFW","fhdSpNm":"Brook trout","fhdRun":"NA","fhdLifeHst":"FluvAdfluvRes","fhdUseTy":"ResidentMultipleUses","fhdBasis":"UndocObsFish","fhdStNm":"Douglas Lake","fhdGenus":"Salvelinus","fhdSp":"fontinalis","fhdSubSp":null,"fhdOrig":"NonNative","fhdProd":"Natural","fhdComment":null,"fhdESH":"NA","fhdBasisD":null,"fhdNMF":"no","fhdBasisDt":null,"fhdBasisNm":null,"fhdBasisEnt":null,"fhdBasisPrj":null,"fhdBasisMethod":null,"fhdAccess":null,"fhdBarrierFtrID":null,"fhdEndExtent":null,"Shape__Area":213433.137868615,"Shape__Length":2804.129386845623,"habitatType":"lake"},"id":440},
{"type":"Feature","geometry":{"type":"Polygon","coordinates":[[[-118.134801,45.297724],[-118.133258,45.300926],[-118.136748,45.303223],[-118.139393,45.300919],[-118.137652,45.298686],[-118.134801,45.297724]]]},"properties":{"OBJECTID":89,"fhdFtrID":89,"fhdRefID":53684,"fhdRevDt":"20190214","fhdONm":"Peter Robinson","fhdOEnt":"ODFW","fhdSpNm":"Brook trout","fhdRun":"NA","fhdLifeHst":"FluvAdfluvRes","fhdUseTy":"ResidentMultipleUses","fhdBasis":"UndocObsFish","fhdStNm":"Morgan Lake","fhdGenus":"Salvelinus","fhdSp":"fontinalis","fhdSubSp":null,"fhdOrig":"NonNative","fhdProd":"Natural","fhdComment":null,"fhdESH":"NA","fhdBasisD":null,"fhdNMF":"no","fhdBasisDt":null,"fhdBasisNm":null,"fhdBasisEnt":null,"fhdBasisPrj":null,"fhdBasisMethod":null,"fhdAccess":null,"fhdBarrierFtrID":null,"fhdEndExtent":null,"Shape__Area":487954.421509275,"Shape__Length":3013.4001471121937,"habitatType":"lake"},"id":441},
{"type":"Feature","geometry":{"type":"Polygon","coordinates":[[[-117.279974,45.163927],[-117.283308,45.162735],[-117.288098,45.163335],[-117.288264,45.160535],[-117.28534,45.160151],[-117.279882,45.161911],[-117.279974,45.163927]]]},"properties":{"OBJECTID":90,"fhdFtrID":90,"fhdRefID":53684,"fhdRevDt":"20190214","fhdONm":"Peter Robinson","fhdOEnt":"ODFW","fhdSpNm":"Brook trout","fhdRun":"NA","fhdLifeHst":"FluvAdfluvRes","fhdUseTy":"ResidentMultipleUses","fhdBasis":"UndocObsFish","fhdStNm":"Glacier Lake","fhdGenus":"Salvelinus","fhdSp":"fontinalis","fhdSubSp":null,"fhdOrig":"NonNative","fhdProd":"Natural","fhdComment":null,"fhdESH":"NA","fhdBasisD":null,"fhdNMF":"no","fhdBasisDt":null,"fhdBasisNm":null,"fhdBasisEnt":null,"fhdBasisPrj":null,"fhdBasisMethod":null,"fhdAccess":null,"fhdBarrierFtrID":null,"fhdEndExtent":null,"Shape__Area":431168.53955023,"Shape__Length":3748.315131071795,"habitatType":"lake"},"id":442},
{"type":"Feature","geometry":{"type":"Polygon","coordinates":[[[-117.450998,45.204347],[-117.452662,45.20439],[-117.452785,45.203098],[-117.450333,45.202851],[-117.450998,45.204347]]]},"properties":{"OBJECTID":91,"fhdFtrID":91,"fhdRefID":53684,"fhdRevDt":"20190214","fhdONm":"Peter Robinson","fhdOEnt":"ODFW","fhdSpNm":"Brook trout","fhdRun":"NA","fhdLifeHst":"FluvAdfluvRes","fhdUseTy":"ResidentMultipleUses","fhdBasis":"UndocObsFish","fhdStNm":"Cheval Lake","fhdGenus":"Salvelinus","fhdSp":"fontinalis","fhdSubSp":null,"fhdOrig":"NonNative","fhdProd":"Natural","fhdComment":null,"fhdESH":"NA","fhdBasisD":null,"fhdNMF":"no","fhdBasisDt":null,"fhdBasisNm":null,"fhdBasisEnt":null,"fhdBasisPrj":null,"fhdBasisMethod":null,"fhdAccess":null,"fhdBarrierFtrID":null,"fhdEndExtent":null,"Shape__Area":69744.833163435,"Shape__Length":1058.4743834450408,"habitatType":"lake"},"id":443},
{"type":"Feature","geometry":{"type":"Polygon","coordinates":[[[-117.352405,45.185181],[-117.354274,45.18332],[-117.354736,45.178179],[-117.351585,45.178234],[-117.351159,45.180598],[-117.349246,45.181869],[-117.350679,45.184862],[-117.352405,45.185181]]]},"properties":{"OBJECTID":92,"fhdFtrID":92,"fhdRefID":53684,"fhdRevDt":"20190214","fhdONm":"Peter Robinson","fhdOEnt":"ODFW","fhdSpNm":"Brook trout","fhdRun":"NA","fhdLifeHst":"FluvAdfluvRes","fhdUseTy":"ResidentMultipleUses","fhdBasis":"UndocObsFish","fhdStNm":"Minam Lake","fhdGenus":"Salvelinus","fhdSp":"fontinalis","fhdSubSp":null,"fhdOrig":"NonNative","fhdProd":"Natural","fhdComment":null,"fhdESH":"NA","fhdBasisD":null,"fhdNMF":"no","fhdBasisDt":null,"fhdBasisNm":null,"fhdBasisEnt":null,"fhdBasisPrj":null,"fhdBasisMethod":null,"fhdAccess":null,"fhdBarrierFtrID":null,"fhdEndExtent":null,"Shape__Area":478042.7880608,"Shape__Length":3857.3069410456487,"habitatType":"lake"},"id":444},
{"type":"Feature","geometry":{"type":"Polygon","coordinates":[[[-117.491358,45.25826],[-117.493035,45.256385],[-117.489895,45.256228],[-117.491358,45.25826]]]},"properties":{"OBJECTID":93,"fhdFtrID":93,"fhdRefID":53684,"fhdRevDt":"20190214","fhdONm":"Peter Robinson","fhdOEnt":"ODFW","fhdSpNm":"Brook trout","fhdRun":"NA","fhdLifeHst":"FluvAdfluvRes","fhdUseTy":"ResidentMultipleUses","fhdBasis":"UndocObsFish","fhdStNm":"Green Lake","fhdGenus":"Salvelinus","fhdSp":"fontinalis","fhdSubSp":null,"fhdOrig":"NonNative","fhdProd":"Natural","fhdComment":null,"fhdESH":"NA","fhdBasisD":null,"fhdNMF":"no","fhdBasisDt":null,"fhdBasisNm":null,"fhdBasisEnt":null,"fhdBasisPrj":null,"fhdBasisMethod":null,"fhdAccess":null,"fhdBarrierFtrID":null,"fhdEndExtent":null,"Shape__Area":118851.32389463,"Shape__Length":1339.0838133457482,"habitatType":"lake"},"id":445},
{"type":"Feature","geometry":{"type":"Polygon","coordinates":[[[-117.428009,45.29252],[-117.430574,45.290314],[-117.427584,45.289227],[-117.426562,45.291166],[-117.428009,45.29252]]]},"properties":{"OBJECTID":94,"fhdFtrID":94,"fhdRefID":53684,"fhdRevDt":"20190214","fhdONm":"Peter Robinson","fhdOEnt":"ODFW","fhdSpNm":"Brook trout","fhdRun":"NA","fhdLifeHst":"FluvAdfluvRes","fhdUseTy":"ResidentMultipleUses","fhdBasis":"UndocObsFish","fhdStNm":"Chimney Lake","fhdGenus":"Salvelinus","fhdSp":"fontinalis","fhdSubSp":null,"fhdOrig":"NonNative","fhdProd":"Natural","fhdComment":null,"fhdESH":"NA","fhdBasisD":null,"fhdNMF":"no","fhdBasisDt":null,"fhdBasisNm":null,"fhdBasisEnt":null,"fhdBasisPrj":null,"fhdBasisMethod":null,"fhdAccess":null,"fhdBarrierFtrID":null,"fhdEndExtent":null,"Shape__Area":173289.29959936,"Shape__Length":1993.3540663046692,"habitatType":"lake"},"id":446},
{"type":"Feature","geometry":{"type":"Polygon","coordinates":[[[-117.43724,45.237112],[-117.441138,45.235427],[-117.442285,45.232169],[-117.439051,45.231407],[-117.437612,45.233523],[-117.43724,45.237112]]]},"properties":{"OBJECTID":95,"fhdFtrID":95,"fhdRefID":53684,"fhdRevDt":"20190214","fhdONm":"Peter Robinson","fhdOEnt":"ODFW","fhdSpNm":"Brook trout","fhdRun":"NA","fhdLifeHst":"FluvAdfluvRes","fhdUseTy":"ResidentMultipleUses","fhdBasis":"UndocObsFish","fhdStNm":"Long Lake","fhdGenus":"Salvelinus","fhdSp":"fontinalis","fhdSubSp":null,"fhdOrig":"NonNative","fhdProd":"Natural","fhdComment":null,"fhdESH":"NA","fhdBasisD":null,"fhdNMF":"no","fhdBasisDt":null,"fhdBasisNm":null,"fhdBasisEnt":null,"fhdBasisPrj":null,"fhdBasisMethod":null,"fhdAccess":null,"fhdBarrierFtrID":null,"fhdEndExtent":null,"Shape__Area":336234.316706415,"Shape__Length":3270.157504557427,"habitatType":"lake"},"id":447},
{"type":"Feature","geometry":{"type":"Polygon","coordinates":[[[-117.307381,45.179001],[-117.31325,45.17804],[-117.310938,45.176773],[-117.307381,45.179001]]]},"properties":{"OBJECTID":96,"fhdFtrID":96,"fhdRefID":53684,"fhdRevDt":"20190214","fhdONm":"Peter Robinson","fhdOEnt":"ODFW","fhdSpNm":"Brook trout","fhdRun":"NA","fhdLifeHst":"FluvAdfluvRes","fhdUseTy":"ResidentMultipleUses","fhdBasis":"UndocObsFish","fhdStNm":"Mirror Lake","fhdGenus":"Salvelinus","fhdSp":"fontinalis","fhdSubSp":null,"fhdOrig":"NonNative","fhdProd":"Natural","fhdComment":null,"fhdESH":"NA","fhdBasisD":null,"fhdNMF":"no","fhdBasisDt":null,"fhdBasisNm":null,"fhdBasisEnt":null,"fhdBasisPrj":null,"fhdBasisMethod":null,"fhdAccess":null,"fhdBarrierFtrID":null,"fhdEndExtent":null,"Shape__Area":228417.626952515,"Shape__Length":2506.618788179894,"habitatType":"lake"},"id":448},
{"type":"Feature","geometry":{"type":"Polygon","coordinates":[[[-117.353561,45.256581],[-117.356124,45.256555],[-117.355402,45.25504],[-117.353718,45.255351],[-117.353561,45.256581]]]},"properties":{"OBJECTID":97,"fhdFtrID":97,"fhdRefID":53684,"fhdRevDt":"20190214","fhdONm":"Peter Robinson","fhdOEnt":"ODFW","fhdSpNm":"Brook trout","fhdRun":"NA","fhdLifeHst":"FluvAdfluvRes","fhdUseTy":"ResidentMultipleUses","fhdBasis":"UndocObsFish","fhdStNm":"Echo Lake","fhdGenus":"Salvelinus","fhdSp":"fontinalis","fhdSubSp":null,"fhdOrig":"NonNative","fhdProd":"Natural","fhdComment":null,"fhdESH":"NA","fhdBasisD":null,"fhdNMF":"no","fhdBasisDt":null,"fhdBasisNm":null,"fhdBasisEnt":null,"fhdBasisPrj":null,"fhdBasisMethod":null,"fhdAccess":null,"fhdBarrierFtrID":null,"fhdEndExtent":null,"Shape__Area":67375.97263015,"Shape__Length":1044.336064243183,"habitatType":"lake"},"id":449},
{"type":"Feature","geometry":{"type":"Polygon","coordinates":[[[-117.19529,45.207307],[-117.19408,45.208344],[-117.195191,45.208819],[-117.19529,45.207307]]]},"properties":{"OBJECTID":98,"fhdFtrID":98,"fhdRefID":53684,"fhdRevDt":"20190214","fhdONm":"Peter Robinson","fhdOEnt":"ODFW","fhdSpNm":"Brook trout","fhdRun":"NA","fhdLifeHst":"FluvAdfluvRes","fhdUseTy":"ResidentMultipleUses","fhdBasis":"UndocObsFish","fhdStNm":"Rogers Lake","fhdGenus":"Salvelinus","fhdSp":"fontinalis","fhdSubSp":null,"fhdOrig":"NonNative","fhdProd":"Natural","fhdComment":null,"fhdESH":"NA","fhdBasisD":null,"fhdNMF":"no","fhdBasisDt":null,"fhdBasisNm":null,"fhdBasisEnt":null,"fhdBasisPrj":null,"fhdBasisMethod":null,"fhdAccess":null,"fhdBarrierFtrID":null,"fhdEndExtent":null,"Shape__Area":38479.1063754,"Shape__Length":1013.3251974348098,"habitatType":"lake"},"id":450},
{"type":"Feature","geometry":{"type":"Polygon","coordinates":[[[-117.359565,45.167092],[-117.35974,45.169203],[-117.362204,45.168794],[-117.36242,45.167191],[-117.359565,45.167092]]]},"properties":{"OBJECTID":99,"fhdFtrID":99,"fhdRefID":53684,"fhdRevDt":"20190214","fhdONm":"Peter Robinson","fhdOEnt":"ODFW","fhdSpNm":"Brook trout","fhdRun":"NA","fhdLifeHst":"FluvAdfluvRes","fhdUseTy":"ResidentMultipleUses","fhdBasis":"UndocObsFish","fhdStNm":"Blue Lake","fhdGenus":"Salvelinus","fhdSp":"fontinalis","fhdSubSp":null,"fhdOrig":"NonNative","fhdProd":"Natural","fhdComment":null,"fhdESH":"NA","fhdBasisD":null,"fhdNMF":"no","fhdBasisDt":null,"fhdBasisNm":null,"fhdBasisEnt":null,"fhdBasisPrj":null,"fhdBasisMethod":null,"fhdAccess":null,"fhdBarrierFtrID":null,"fhdEndExtent":null,"Shape__Area":151363.08801277,"Shape__Length":1488.8275639090978,"habitatType":"lake"},"id":451},
{"type":"Feature","geometry":{"type":"Polygon","coordinates":[[[-117.424593,45.22084],[-117.427313,45.219966],[-117.423779,45.218944],[-117.424593,45.22084]]]},"properties":{"OBJECTID":100,"fhdFtrID":100,"fhdRefID":53684,"fhdRevDt":"20190214","fhdONm":"Peter Robinson","fhdOEnt":"ODFW","fhdSpNm":"Brook trout","fhdRun":"NA","fhdLifeHst":"FluvAdfluvRes","fhdUseTy":"ResidentMultipleUses","fhdBasis":"UndocObsFish","fhdStNm":"Swamp Lake","fhdGenus":"Salvelinus","fhdSp":"fontinalis","fhdSubSp":null,"fhdOrig":"NonNative","fhdProd":"Natural","fhdComment":null,"fhdESH":"NA","fhdBasisD":null,"fhdNMF":"no","fhdBasisDt":null,"fhdBasisNm":null,"fhdBasisEnt":null,"fhdBasisPrj":null,"fhdBasisMethod":null,"fhdAccess":null,"fhdBarrierFtrID":null,"fhdEndExtent":null,"Shape__Area":113159.49760236,"Shape__Length":2310.0966982780683,"habitatType":"lake"},"id":452},
{"type":"Feature","geometry":{"type":"Polygon","coordinates":[[[-117.255934,45.155036],[-117.255447,45.152814],[-117.253971,45.153169],[-117.254451,45.1549],[-117.255934,45.155036]]]},"properties":{"OBJECTID":101,"fhdFtrID":101,"fhdRefID":53684,"fhdRevDt":"20190214","fhdONm":"Peter Robinson","fhdOEnt":"ODFW","fhdSpNm":"Brook trout","fhdRun":"NA","fhdLifeHst":"FluvAdfluvRes","fhdUseTy":"ResidentMultipleUses","fhdBasis":"UndocObsFish","fhdStNm":"Frazier Lake","fhdGenus":"Salvelinus","fhdSp":"fontinalis","fhdSubSp":null,"fhdOrig":"NonNative","fhdProd":"Natural","fhdComment":null,"fhdESH":"NA","fhdBasisD":null,"fhdNMF":"no","fhdBasisDt":null,"fhdBasisNm":null,"fhdBasisEnt":null,"fhdBasisPrj":null,"fhdBasisMethod":null,"fhdAccess":null,"fhdBarrierFtrID":null,"fhdEndExtent":null,"Shape__Area":81075.394358845,"Shape__Length":1150.3241074459795,"habitatType":"lake"},"id":453},
{"type":"Feature","geometry":{"type":"Polygon","coordinates":[[[-117.417915,45.230848],[-117.418526,45.232992],[-117.422089,45.233335],[-117.420307,45.227567],[-117.418125,45.228002],[-117.417915,45.230848]]]},"properties":{"OBJECTID":102,"fhdFtrID":102,"fhdRefID":53684,"fhdRevDt":"20190214","fhdONm":"Peter Robinson","fhdOEnt":"ODFW","fhdSpNm":"Brook trout","fhdRun":"NA","fhdLifeHst":"FluvAdfluvRes","fhdUseTy":"ResidentMultipleUses","fhdBasis":"UndocObsFish","fhdStNm":"Steamboat Lake","fhdGenus":"Salvelinus","fhdSp":"fontinalis","fhdSubSp":null,"fhdOrig":"NonNative","fhdProd":"Natural","fhdComment":null,"fhdESH":"NA","fhdBasisD":null,"fhdNMF":"no","fhdBasisDt":null,"fhdBasisNm":null,"fhdBasisEnt":null,"fhdBasisPrj":null,"fhdBasisMethod":null,"fhdAccess":null,"fhdBarrierFtrID":null,"fhdEndExtent":null,"Shape__Area":364103.74290061,"Shape__Length":3302.65464866787,"habitatType":"lake"},"id":454},
{"type":"Feature","geometry":{"type":"Polygon","coordinates":[[[-117.279542,45.196955],[-117.282814,45.195803],[-117.280612,45.194567],[-117.279542,45.196955]]]},"properties":{"OBJECTID":103,"fhdFtrID":103,"fhdRefID":53684,"fhdRevDt":"20190214","fhdONm":"Peter Robinson","fhdOEnt":"ODFW","fhdSpNm":"Brook trout","fhdRun":"NA","fhdLifeHst":"FluvAdfluvRes","fhdUseTy":"ResidentMultipleUses","fhdBasis":"UndocObsFish","fhdStNm":"Lee Lake","fhdGenus":"Salvelinus","fhdSp":"fontinalis","fhdSubSp":null,"fhdOrig":"NonNative","fhdProd":"Natural","fhdComment":null,"fhdESH":"NA","fhdBasisD":null,"fhdNMF":"no","fhdBasisDt":null,"fhdBasisNm":null,"fhdBasisEnt":null,"fhdBasisPrj":null,"fhdBasisMethod":null,"fhdAccess":null,"fhdBarrierFtrID":null,"fhdEndExtent":null,"Shape__Area":94838.640087515,"Shape__Length":1322.8921013788186,"habitatType":"lake"},"id":455},
{"type":"Feature","geometry":{"type":"Polygon","coordinates":[[[-117.41253,45.254235],[-117.415651,45.253103],[-117.412571,45.252124],[-117.41253,45.254235]]]},"properties":{"OBJECTID":104,"fhdFtrID":104,"fhdRefID":53684,"fhdRevDt":"20190214","fhdONm":"Peter Robinson","fhdOEnt":"ODFW","fhdSpNm":"Brook trout","fhdRun":"NA","fhdLifeHst":"FluvAdfluvRes","fhdUseTy":"ResidentMultipleUses","fhdBasis":"UndocObsFish","fhdStNm":"Maxwell Lake","fhdGenus":"Salvelinus","fhdSp":"fontinalis","fhdSubSp":null,"fhdOrig":"NonNative","fhdProd":"Natural","fhdComment":null,"fhdESH":"NA","fhdBasisD":null,"fhdNMF":"no","fhdBasisDt":null,"fhdBasisNm":null,"fhdBasisEnt":null,"fhdBasisPrj":null,"fhdBasisMethod":null,"fhdAccess":null,"fhdBarrierFtrID":null,"fhdEndExtent":null,"Shape__Area":139387.081539435,"Shape__Length":2025.2693346706885,"habitatType":"lake"},"id":456},
{"type":"Feature","geometry":{"type":"Polygon","coordinates":[[[-117.439692,45.268729],[-117.441122,45.269885],[-117.442187,45.268386],[-117.439692,45.2675],[-117.439692,45.268729]]]},"properties":{"OBJECTID":105,"fhdFtrID":105,"fhdRefID":53684,"fhdRevDt":"20190214","fhdONm":"Peter Robinson","fhdOEnt":"ODFW","fhdSpNm":"Brook trout","fhdRun":"NA","fhdLifeHst":"FluvAdfluvRes","fhdUseTy":"ResidentMultipleUses","fhdBasis":"UndocObsFish","fhdStNm":"John Henry Lake","fhdGenus":"Salvelinus","fhdSp":"fontinalis","fhdSubSp":null,"fhdOrig":"NonNative","fhdProd":"Natural","fhdComment":null,"fhdESH":"NA","fhdBasisD":null,"fhdNMF":"no","fhdBasisDt":null,"fhdBasisNm":null,"fhdBasisEnt":null,"fhdBasisPrj":null,"fhdBasisMethod":null,"fhdAccess":null,"fhdBarrierFtrID":null,"fhdEndExtent":null,"Shape__Area":84004.145837535,"Shape__Length":1508.67491833653,"habitatType":"lake"},"id":457},
{"type":"Feature","geometry":{"type":"Polygon","coordinates":[[[-117.272118,45.231606],[-117.275542,45.231444],[-117.277574,45.228977],[-117.274236,45.226996],[-117.269878,45.229442],[-117.272118,45.231606]]]},"properties":{"OBJECTID":106,"fhdFtrID":106,"fhdRefID":53684,"fhdRevDt":"20190214","fhdONm":"Peter Robinson","fhdOEnt":"ODFW","fhdSpNm":"Brook trout","fhdRun":"NA","fhdLifeHst":"FluvAdfluvRes","fhdUseTy":"ResidentMultipleUses","fhdBasis":"UndocObsFish","fhdStNm":"Ice Lake","fhdGenus":"Salvelinus","fhdSp":"fontinalis","fhdSubSp":null,"fhdOrig":"NonNative","fhdProd":"Natural","fhdComment":null,"fhdESH":"NA","fhdBasisD":null,"fhdNMF":"no","fhdBasisDt":null,"fhdBasisNm":null,"fhdBasisEnt":null,"fhdBasisPrj":null,"fhdBasisMethod":null,"fhdAccess":null,"fhdBarrierFtrID":null,"fhdEndExtent":null,"Shape__Area":524497.72487723,"Shape__Length":4703.300039358251,"habitatType":"lake"},"id":458},
{"type":"Feature","geometry":{"type":"Polygon","coordinates":[[[-117.480422,45.144152],[-117.481919,45.144177],[-117.482065,45.142731],[-117.479377,45.143017],[-117.480422,45.144152]]]},"properties":{"OBJECTID":107,"fhdFtrID":107,"fhdRefID":53684,"fhdRevDt":"20190214","fhdONm":"Peter Robinson","fhdOEnt":"ODFW","fhdSpNm":"Brook trout","fhdRun":"NA","fhdLifeHst":"FluvAdfluvRes","fhdUseTy":"ResidentMultipleUses","fhdBasis":"UndocObsFish","fhdStNm":"Diamond Lake","fhdGenus":"Salvelinus","fhdSp":"fontinalis","fhdSubSp":null,"fhdOrig":"NonNative","fhdProd":"Natural","fhdComment":null,"fhdESH":"NA","fhdBasisD":null,"fhdNMF":"no","fhdBasisDt":null,"fhdBasisNm":null,"fhdBasisEnt":null,"fhdBasisPrj":null,"fhdBasisMethod":null,"fhdAccess":null,"fhdBarrierFtrID":null,"fhdEndExtent":null,"Shape__Area":87099.74963503,"Shape__Length":1191.6398141955647,"habitatType":"lake"},"id":459},
{"type":"Feature","geometry":{"type":"Polygon","coordinates":[[[-117.294356,45.197457],[-117.29616,45.197038],[-117.295695,45.196045],[-117.292974,45.196592],[-117.294356,45.197457]]]},"properties":{"OBJECTID":108,"fhdFtrID":108,"fhdRefID":53684,"fhdRevDt":"20190214","fhdONm":"Peter Robinson","fhdOEnt":"ODFW","fhdSpNm":"Brook trout","fhdRun":"NA","fhdLifeHst":"FluvAdfluvRes","fhdUseTy":"ResidentMultipleUses","fhdBasis":"UndocObsFish","fhdStNm":"Crescent Lake","fhdGenus":"Salvelinus","fhdSp":"fontinalis","fhdSubSp":null,"fhdOrig":"NonNative","fhdProd":"Natural","fhdComment":null,"fhdESH":"NA","fhdBasisD":null,"fhdNMF":"no","fhdBasisDt":null,"fhdBasisNm":null,"fhdBasisEnt":null,"fhdBasisPrj":null,"fhdBasisMethod":null,"fhdAccess":null,"fhdBarrierFtrID":null,"fhdEndExtent":null,"Shape__Area":63867.386641315,"Shape__Length":1249.3245429511524,"habitatType":"lake"},"id":460},
{"type":"Feature","geometry":{"type":"Polygon","coordinates":[[[-117.267602,45.199967],[-117.269256,45.20099],[-117.273516,45.198594],[-117.269459,45.199279],[-117.267602,45.199967]]]},"properties":{"OBJECTID":109,"fhdFtrID":109,"fhdRefID":53684,"fhdRevDt":"20190214","fhdONm":"Peter Robinson","fhdOEnt":"ODFW","fhdSpNm":"Brook trout","fhdRun":"NA","fhdLifeHst":"FluvAdfluvRes","fhdUseTy":"ResidentMultipleUses","fhdBasis":"UndocObsFish","fhdStNm":"Horseshoe Lake","fhdGenus":"Salvelinus","fhdSp":"fontinalis","fhdSubSp":null,"fhdOrig":"NonNative","fhdProd":"Natural","fhdComment":null,"fhdESH":"NA","fhdBasisD":null,"fhdNMF":"no","fhdBasisDt":null,"fhdBasisNm":null,"fhdBasisEnt":null,"fhdBasisPrj":null,"fhdBasisMethod":null,"fhdAccess":null,"fhdBarrierFtrID":null,"fhdEndExtent":null,"Shape__Area":187726.900056245,"Shape__Length":3191.2127428129515,"habitatType":"lake"},"id":461},
{"type":"Feature","geometry":{"type":"Polygon","coordinates":[[[-117.403512,45.240311],[-117.404678,45.239015],[-117.401945,45.238912],[-117.403512,45.240311]]]},"properties":{"OBJECTID":110,"fhdFtrID":110,"fhdRefID":53684,"fhdRevDt":"20190214","fhdONm":"Peter Robinson","fhdOEnt":"ODFW","fhdSpNm":"Brook trout","fhdRun":"NA","fhdLifeHst":"FluvAdfluvRes","fhdUseTy":"ResidentMultipleUses","fhdBasis":"UndocObsFish","fhdStNm":"Catched Two Lake","fhdGenus":"Salvelinus","fhdSp":"fontinalis","fhdSubSp":null,"fhdOrig":"NonNative","fhdProd":"Natural","fhdComment":null,"fhdESH":"NA","fhdBasisD":null,"fhdNMF":"no","fhdBasisDt":null,"fhdBasisNm":null,"fhdBasisEnt":null,"fhdBasisPrj":null,"fhdBasisMethod":null,"fhdAccess":null,"fhdBarrierFtrID":null,"fhdEndExtent":null,"Shape__Area":61165.582518155,"Shape__Length":1013.3172369344874,"habitatType":"lake"},"id":462},
{"type":"Feature","geometry":{"type":"Polygon","coordinates":[[[-117.273177,45.175628],[-117.2759,45.175716],[-117.275197,45.174435],[-117.273177,45.175628]]]},"properties":{"OBJECTID":111,"fhdFtrID":111,"fhdRefID":53684,"fhdRevDt":"20190214","fhdONm":"Peter Robinson","fhdOEnt":"ODFW","fhdSpNm":"Brook trout","fhdRun":"NA","fhdLifeHst":"FluvAdfluvRes","fhdUseTy":"ResidentMultipleUses","fhdBasis":"UndocObsFish","fhdStNm":"Pocket Lake","fhdGenus":"Salvelinus","fhdSp":"fontinalis","fhdSubSp":null,"fhdOrig":"NonNative","fhdProd":"Natural","fhdComment":null,"fhdESH":"NA","fhdBasisD":null,"fhdNMF":"no","fhdBasisDt":null,"fhdBasisNm":null,"fhdBasisEnt":null,"fhdBasisPrj":null,"fhdBasisMethod":null,"fhdAccess":null,"fhdBarrierFtrID":null,"fhdEndExtent":null,"Shape__Area":89001.92083906,"Shape__Length":1353.3119100195527,"habitatType":"lake"},"id":463},
{"type":"Feature","geometry":{"type":"Polygon","coordinates":[[[-117.348858,45.24934],[-117.350304,45.251437],[-117.351374,45.250709],[-117.350529,45.249546],[-117.348858,45.24934]]]},"properties":{"OBJECTID":112,"fhdFtrID":112,"fhdRefID":53684,"fhdRevDt":"20190214","fhdONm":"Peter Robinson","fhdOEnt":"ODFW","fhdSpNm":"Brook trout","fhdRun":"NA","fhdLifeHst":"FluvAdfluvRes","fhdUseTy":"ResidentMultipleUses","fhdBasis":"UndocObsFish","fhdStNm":"Billy Jones Lake","fhdGenus":"Salvelinus","fhdSp":"fontinalis","fhdSubSp":null,"fhdOrig":"NonNative","fhdProd":"Natural","fhdComment":null,"fhdESH":"NA","fhdBasisD":null,"fhdNMF":"no","fhdBasisDt":null,"fhdBasisNm":null,"fhdBasisEnt":null,"fhdBasisPrj":null,"fhdBasisMethod":null,"fhdAccess":null,"fhdBarrierFtrID":null,"fhdEndExtent":null,"Shape__Area":61441.67264632,"Shape__Length":1076.8083404023366,"habitatType":"lake"},"id":464},
{"type":"Feature","geometry":{"type":"Polygon","coordinates":[[[-117.201786,45.206899],[-117.201624,45.211207],[-117.203525,45.211316],[-117.207119,45.207718],[-117.205619,45.2066],[-117.201786,45.206899]]]},"properties":{"OBJECTID":113,"fhdFtrID":113,"fhdRefID":53684,"fhdRevDt":"20190214","fhdONm":"Peter Robinson","fhdOEnt":"ODFW","fhdSpNm":"Brook trout","fhdRun":"NA","fhdLifeHst":"FluvAdfluvRes","fhdUseTy":"ResidentMultipleUses","fhdBasis":"UndocObsFish","fhdStNm":"Aneroid Lake","fhdGenus":"Salvelinus","fhdSp":"fontinalis","fhdSubSp":null,"fhdOrig":"NonNative","fhdProd":"Natural","fhdComment":null,"fhdESH":"NA","fhdBasisD":null,"fhdNMF":"no","fhdBasisDt":null,"fhdBasisNm":null,"fhdBasisEnt":null,"fhdBasisPrj":null,"fhdBasisMethod":null,"fhdAccess":null,"fhdBarrierFtrID":null,"fhdEndExtent":null,"Shape__Area":347796.39686621,"Shape__Length":2404.6180473588906,"habitatType":"lake"},"id":465},
{"type":"Feature","geometry":{"type":"Polygon","coordinates":[[[-118.243604,44.977063],[-118.242119,44.97807],[-118.243421,44.979077],[-118.245086,44.978105],[-118.243604,44.977063]]]},"properties":{"OBJECTID":114,"fhdFtrID":114,"fhdRefID":53684,"fhdRevDt":"20190214","fhdONm":"Peter Robinson","fhdOEnt":"ODFW","fhdSpNm":"Brook trout","fhdRun":"NA","fhdLifeHst":"FluvAdfluvRes","fhdUseTy":"ResidentMultipleUses","fhdBasis":"UndocObsFish","fhdStNm":"Grande Ronde Lake","fhdGenus":"Salvelinus","fhdSp":"fontinalis","fhdSubSp":null,"fhdOrig":"NonNative","fhdProd":"Natural","fhdComment":null,"fhdESH":"NA","fhdBasisD":null,"fhdNMF":"no","fhdBasisDt":null,"fhdBasisNm":null,"fhdBasisEnt":null,"fhdBasisPrj":null,"fhdBasisMethod":null,"fhdAccess":null,"fhdBarrierFtrID":null,"fhdEndExtent":null,"Shape__Area":77968.82956366,"Shape__Length":1066.020482603425,"habitatType":"lake"},"id":466},
{"type":"Feature","geometry":{"type":"Polygon","coordinates":[[[-117.43247,45.309628],[-117.433478,45.308967],[-117.432786,45.307435],[-117.431161,45.30871],[-117.43247,45.309628]]]},"properties":{"OBJECTID":115,"fhdFtrID":115,"fhdRefID":53684,"fhdRevDt":"20190214","fhdONm":"Peter Robinson","fhdOEnt":"ODFW","fhdSpNm":"Brook trout","fhdRun":"NA","fhdLifeHst":"FluvAdfluvRes","fhdUseTy":"ResidentMultipleUses","fhdBasis":"UndocObsFish","fhdStNm":"Wood Lake","fhdGenus":"Salvelinus","fhdSp":"fontinalis","fhdSubSp":null,"fhdOrig":"NonNative","fhdProd":"Natural","fhdComment":null,"fhdESH":"NA","fhdBasisD":null,"fhdNMF":"no","fhdBasisDt":null,"fhdBasisNm":null,"fhdBasisEnt":null,"fhdBasisPrj":null,"fhdBasisMethod":null,"fhdAccess":null,"fhdBarrierFtrID":null,"fhdEndExtent":null,"Shape__Area":64154.295789985,"Shape__Length":1051.403657257091,"habitatType":"lake"},"id":467},
{"type":"Feature","geometry":{"type":"Polygon","coordinates":[[[-117.354406,45.290932],[-117.356112,45.293533],[-117.359019,45.294689],[-117.36063,45.293694],[-117.358739,45.291103],[-117.355105,45.288945],[-117.354406,45.290932]]]},"properties":{"OBJECTID":116,"fhdFtrID":116,"fhdRefID":53684,"fhdRevDt":"20190214","fhdONm":"Peter Robinson","fhdOEnt":"ODFW","fhdSpNm":"Brook trout","fhdRun":"NA","fhdLifeHst":"FluvAdfluvRes","fhdUseTy":"ResidentMultipleUses","fhdBasis":"UndocObsFish","fhdStNm":"Francis Lake","fhdGenus":"Salvelinus","fhdSp":"fontinalis","fhdSubSp":null,"fhdOrig":"NonNative","fhdProd":"Natural","fhdComment":null,"fhdESH":"NA","fhdBasisD":null,"fhdNMF":"no","fhdBasisDt":null,"fhdBasisNm":null,"fhdBasisEnt":null,"fhdBasisPrj":null,"fhdBasisMethod":null,"fhdAccess":null,"fhdBarrierFtrID":null,"fhdEndExtent":null,"Shape__Area":314836.923471325,"Shape__Length":2846.5133408136253,"habitatType":"lake"},"id":468},
{"type":"Feature","geometry":{"type":"Polygon","coordinates":[[[-117.275602,45.213216],[-117.277862,45.213215],[-117.27773,45.21151],[-117.275602,45.213216]]]},"properties":{"OBJECTID":117,"fhdFtrID":117,"fhdRefID":53684,"fhdRevDt":"20190214","fhdONm":"Peter Robinson","fhdOEnt":"ODFW","fhdSpNm":"Brook trout","fhdRun":"NA","fhdLifeHst":"FluvAdfluvRes","fhdUseTy":"ResidentMultipleUses","fhdBasis":"UndocObsFish","fhdStNm":"Razz Lake","fhdGenus":"Salvelinus","fhdSp":"fontinalis","fhdSubSp":null,"fhdOrig":"NonNative","fhdProd":"Natural","fhdComment":null,"fhdESH":"NA","fhdBasisD":null,"fhdNMF":"no","fhdBasisDt":null,"fhdBasisNm":null,"fhdBasisEnt":null,"fhdBasisPrj":null,"fhdBasisMethod":null,"fhdAccess":null,"fhdBarrierFtrID":null,"fhdEndExtent":null,"Shape__Area":67886.941585235,"Shape__Length":1202.2138117242087,"habitatType":"lake"},"id":469},
{"type":"Feature","geometry":{"type":"Polygon","coordinates":[[[-121.767772,44.749971],[-121.766793,44.752076],[-121.767547,44.754632],[-121.769927,44.753838],[-121.770929,44.751859],[-121.767772,44.749971]]]},"properties":{"OBJECTID":118,"fhdFtrID":118,"fhdRefID":53684,"fhdRevDt":"20190214","fhdONm":"Peter Robinson","fhdOEnt":"ODFW","fhdSpNm":"Brook trout","fhdRun":"NA","fhdLifeHst":"FluvAdfluvRes","fhdUseTy":"ResidentMultipleUses","fhdBasis":"UndocObsFish","fhdStNm":"Harvey Lake","fhdGenus":"Salvelinus","fhdSp":"fontinalis","fhdSubSp":null,"fhdOrig":"NonNative","fhdProd":"Natural","fhdComment":null,"fhdESH":"NA","fhdBasisD":null,"fhdNMF":"no","fhdBasisDt":null,"fhdBasisNm":null,"fhdBasisEnt":null,"fhdBasisPrj":null,"fhdBasisMethod":null,"fhdAccess":null,"fhdBarrierFtrID":null,"fhdEndExtent":null,"Shape__Area":229327.439760955,"Shape__Length":1918.0318796675415,"habitatType":"lake"},"id":470},
{"type":"Feature","geometry":{"type":"Polygon","coordinates":[[[-121.961417,43.612765],[-121.962867,43.61204],[-121.960814,43.611571],[-121.961417,43.612765]]]},"properties":{"OBJECTID":119,"fhdFtrID":119,"fhdRefID":53684,"fhdRevDt":"20190214","fhdONm":"Peter Robinson","fhdOEnt":"ODFW","fhdSpNm":"Brook trout","fhdRun":"NA","fhdLifeHst":"FluvAdfluvRes","fhdUseTy":"ResidentMultipleUses","fhdBasis":"UndocObsFish","fhdStNm":"Maiden Lake","fhdGenus":"Salvelinus","fhdSp":"fontinalis","fhdSubSp":null,"fhdOrig":"NonNative","fhdProd":"Natural","fhdComment":null,"fhdESH":"NA","fhdBasisD":null,"fhdNMF":"no","fhdBasisDt":null,"fhdBasisNm":null,"fhdBasisEnt":null,"fhdBasisPrj":null,"fhdBasisMethod":null,"fhdAccess":null,"fhdBarrierFtrID":null,"fhdEndExtent":null,"Shape__Area":34502.152668935,"Shape__Length":804.2198481825235,"habitatType":"lake"},"id":471},
{"type":"Feature","geometry":{"type":"Polygon","coordinates":[[[-121.879553,43.804898],[-121.883025,43.806282],[-121.884444,43.804729],[-121.879508,43.800404],[-121.875434,43.8014],[-121.870017,43.799779],[-121.864393,43.800759],[-121.862723,43.802921],[-121.868812,43.804692],[-121.873717,43.805191],[-121.879553,43.804898]]]},"properties":{"OBJECTID":120,"fhdFtrID":120,"fhdRefID":53684,"fhdRevDt":"20190214","fhdONm":"Peter Robinson","fhdOEnt":"ODFW","fhdSpNm":"Brook trout","fhdRun":"NA","fhdLifeHst":"FluvAdfluvRes","fhdUseTy":"ResidentMultipleUses","fhdBasis":"UndocObsFish","fhdStNm":"Little Cultus Lake","fhdGenus":"Salvelinus","fhdSp":"fontinalis","fhdSubSp":null,"fhdOrig":"NonNative","fhdProd":"Natural","fhdComment":null,"fhdESH":"NA","fhdBasisD":null,"fhdNMF":"no","fhdBasisDt":null,"fhdBasisNm":null,"fhdBasisEnt":null,"fhdBasisPrj":null,"fhdBasisMethod":null,"fhdAccess":null,"fhdBarrierFtrID":null,"fhdEndExtent":null,"Shape__Area":1345142.732984125,"Shape__Length":6237.626608257708,"habitatType":"lake"},"id":472},
{"type":"Feature","geometry":{"type":"Polygon","coordinates":[[[-121.704711,45.65521],[-121.705039,45.656725],[-121.706359,45.656385],[-121.704711,45.65521]]]},"properties":{"OBJECTID":121,"fhdFtrID":121,"fhdRefID":53684,"fhdRevDt":"20190214","fhdONm":"Peter Robinson","fhdOEnt":"ODFW","fhdSpNm":"Brook trout","fhdRun":"NA","fhdLifeHst":"FluvAdfluvRes","fhdUseTy":"ResidentMultipleUses","fhdBasis":"UndocObsFish","fhdStNm":"Warren Lake","fhdGenus":"Salvelinus","fhdSp":"fontinalis","fhdSubSp":null,"fhdOrig":"NonNative","fhdProd":"Natural","fhdComment":null,"fhdESH":"NA","fhdBasisD":null,"fhdNMF":"no","fhdBasisDt":null,"fhdBasisNm":null,"fhdBasisEnt":null,"fhdBasisPrj":null,"fhdBasisMethod":null,"fhdAccess":null,"fhdBarrierFtrID":null,"fhdEndExtent":null,"Shape__Area":39904.50572339,"Shape__Length":837.3116423352338,"habitatType":"lake"},"id":473},
{"type":"Feature","geometry":{"type":"Polygon","coordinates":[[[-121.960601,43.771766],[-121.960974,43.774092],[-121.963286,43.772709],[-121.960601,43.771766]]]},"properties":{"OBJECTID":122,"fhdFtrID":122,"fhdRefID":53684,"fhdRevDt":"20190214","fhdONm":"Peter Robinson","fhdOEnt":"ODFW","fhdSpNm":"Brook trout","fhdRun":"NA","fhdLifeHst":"FluvAdfluvRes","fhdUseTy":"ResidentMultipleUses","fhdBasis":"UndocObsFish","fhdStNm":"Lily Lake","fhdGenus":"Salvelinus","fhdSp":"fontinalis","fhdSubSp":null,"fhdOrig":"NonNative","fhdProd":"Natural","fhdComment":null,"fhdESH":"NA","fhdBasisD":null,"fhdNMF":"no","fhdBasisDt":null,"fhdBasisNm":null,"fhdBasisEnt":null,"fhdBasisPrj":null,"fhdBasisMethod":null,"fhdAccess":null,"fhdBarrierFtrID":null,"fhdEndExtent":null,"Shape__Area":123289.361011865,"Shape__Length":1289.8723122977678,"habitatType":"lake"},"id":474},
{"type":"Feature","geometry":{"type":"Polygon","coordinates":[[[-121.761183,45.627161],[-121.762656,45.62768],[-121.763931,45.626451],[-121.761771,45.62618],[-121.761183,45.627161]]]},"properties":{"OBJECTID":123,"fhdFtrID":123,"fhdRefID":53684,"fhdRevDt":"20190214","fhdONm":"Peter Robinson","fhdOEnt":"ODFW","fhdSpNm":"Brook trout","fhdRun":"NA","fhdLifeHst":"FluvAdfluvRes","fhdUseTy":"ResidentMultipleUses","fhdBasis":"UndocObsFish","fhdStNm":"Rainy Lake","fhdGenus":"Salvelinus","fhdSp":"fontinalis","fhdSubSp":null,"fhdOrig":"NonNative","fhdProd":"Natural","fhdComment":null,"fhdESH":"NA","fhdBasisD":null,"fhdNMF":"no","fhdBasisDt":null,"fhdBasisNm":null,"fhdBasisEnt":null,"fhdBasisPrj":null,"fhdBasisMethod":null,"fhdAccess":null,"fhdBarrierFtrID":null,"fhdEndExtent":null,"Shape__Area":67765.3877155,"Shape__Length":1108.903987012998,"habitatType":"lake"},"id":475},
{"type":"Feature","geometry":{"type":"Polygon","coordinates":[[[-121.802268,44.400558],[-121.802581,44.398428],[-121.799468,44.399358],[-121.802268,44.400558]]]},"properties":{"OBJECTID":124,"fhdFtrID":124,"fhdRefID":53684,"fhdRevDt":"20190214","fhdONm":"Peter Robinson","fhdOEnt":"ODFW","fhdSpNm":"Brook trout","fhdRun":"NA","fhdLifeHst":"FluvAdfluvRes","fhdUseTy":"ResidentMultipleUses","fhdBasis":"UndocObsFish","fhdStNm":"Link Lake","fhdGenus":"Salvelinus","fhdSp":"fontinalis","fhdSubSp":null,"fhdOrig":"NonNative","fhdProd":"Natural","fhdComment":null,"fhdESH":"NA","fhdBasisD":null,"fhdNMF":"no","fhdBasisDt":null,"fhdBasisNm":null,"fhdBasisEnt":null,"fhdBasisPrj":null,"fhdBasisMethod":null,"fhdAccess":null,"fhdBarrierFtrID":null,"fhdEndExtent":null,"Shape__Area":121047.616532655,"Shape__Length":1890.1422013374383,"habitatType":"lake"},"id":476},
{"type":"Feature","geometry":{"type":"Polygon","coordinates":[[[-121.95896,43.814699],[-121.960997,43.8147],[-121.962996,43.811647],[-121.962798,43.80917],[-121.958541,43.809995],[-121.961096,43.812206],[-121.95896,43.814699]]]},"properties":{"OBJECTID":125,"fhdFtrID":125,"fhdRefID":53684,"fhdRevDt":"20190214","fhdONm":"Peter Robinson","fhdOEnt":"ODFW","fhdSpNm":"Brook trout","fhdRun":"NA","fhdLifeHst":"FluvAdfluvRes","fhdUseTy":"ResidentMultipleUses","fhdBasis":"UndocObsFish","fhdStNm":"Irish Lake","fhdGenus":"Salvelinus","fhdSp":"fontinalis","fhdSubSp":null,"fhdOrig":"NonNative","fhdProd":"Natural","fhdComment":null,"fhdESH":"NA","fhdBasisD":null,"fhdNMF":"no","fhdBasisDt":null,"fhdBasisNm":null,"fhdBasisEnt":null,"fhdBasisPrj":null,"fhdBasisMethod":null,"fhdAccess":null,"fhdBarrierFtrID":null,"fhdEndExtent":null,"Shape__Area":245292.127494925,"Shape__Length":3771.2404618084006,"habitatType":"lake"},"id":477},
{"type":"Feature","geometry":{"type":"Polygon","coordinates":[[[-121.937117,43.815227],[-121.938445,43.814825],[-121.939841,43.814766],[-121.939917,43.81419],[-121.938231,43.814544],[-121.937117,43.815227]]]},"properties":{"OBJECTID":126,"fhdFtrID":126,"fhdRefID":53684,"fhdRevDt":"20190214","fhdONm":"Peter Robinson","fhdOEnt":"ODFW","fhdSpNm":"Brook trout","fhdRun":"NA","fhdLifeHst":"FluvAdfluvRes","fhdUseTy":"ResidentMultipleUses","fhdBasis":"UndocObsFish","fhdStNm":"Kershaw Lake","fhdGenus":"Salvelinus","fhdSp":"fontinalis","fhdSubSp":null,"fhdOrig":"NonNative","fhdProd":"Natural","fhdComment":null,"fhdESH":"NA","fhdBasisD":null,"fhdNMF":"no","fhdBasisDt":null,"fhdBasisNm":null,"fhdBasisEnt":null,"fhdBasisPrj":null,"fhdBasisMethod":null,"fhdAccess":null,"fhdBarrierFtrID":null,"fhdEndExtent":null,"Shape__Area":24253.76753197,"Shape__Length":1042.7416258383917,"habitatType":"lake"},"id":478},
{"type":"Feature","geometry":{"type":"Polygon","coordinates":[[[-121.725973,44.790831],[-121.722353,44.793252],[-121.726361,44.7956],[-121.728735,44.795193],[-121.729402,44.79054],[-121.725973,44.790831]]]},"properties":{"OBJECTID":127,"fhdFtrID":127,"fhdRefID":53684,"fhdRevDt":"20190214","fhdONm":"Peter Robinson","fhdOEnt":"ODFW","fhdSpNm":"Brook trout","fhdRun":"NA","fhdLifeHst":"FluvAdfluvRes","fhdUseTy":"ResidentMultipleUses","fhdBasis":"UndocObsFish","fhdStNm":"Boulder Lake","fhdGenus":"Salvelinus","fhdSp":"fontinalis","fhdSubSp":null,"fhdOrig":"NonNative","fhdProd":"Natural","fhdComment":null,"fhdESH":"NA","fhdBasisD":null,"fhdNMF":"no","fhdBasisDt":null,"fhdBasisNm":null,"fhdBasisEnt":null,"fhdBasisPrj":null,"fhdBasisMethod":null,"fhdAccess":null,"fhdBarrierFtrID":null,"fhdEndExtent":null,"Shape__Area":463566.070548555,"Shape__Length":2817.7713177740306,"habitatType":"lake"},"id":479},
{"type":"Feature","geometry":{"type":"Polygon","coordinates":[[[-121.947096,43.839575],[-121.948966,43.83943],[-121.949561,43.838238],[-121.949256,43.836615],[-121.947096,43.839575]]]},"properties":{"OBJECTID":128,"fhdFtrID":128,"fhdRefID":53684,"fhdRevDt":"20190214","fhdONm":"Peter Robinson","fhdOEnt":"ODFW","fhdSpNm":"Brook trout","fhdRun":"NA","fhdLifeHst":"FluvAdfluvRes","fhdUseTy":"ResidentMultipleUses","fhdBasis":"UndocObsFish","fhdStNm":"Brahma Lake","fhdGenus":"Salvelinus","fhdSp":"fontinalis","fhdSubSp":null,"fhdOrig":"NonNative","fhdProd":"Natural","fhdComment":null,"fhdESH":"NA","fhdBasisD":null,"fhdNMF":"no","fhdBasisDt":null,"fhdBasisNm":null,"fhdBasisEnt":null,"fhdBasisPrj":null,"fhdBasisMethod":null,"fhdAccess":null,"fhdBarrierFtrID":null,"fhdEndExtent":null,"Shape__Area":84715.745167335,"Shape__Length":1643.77152605013,"habitatType":"lake"},"id":480},
{"type":"Feature","geometry":{"type":"Polygon","coordinates":[[[-121.792167,45.580225],[-121.790275,45.582426],[-121.791083,45.583994],[-121.795272,45.584005],[-121.799064,45.580923],[-121.794562,45.579599],[-121.792167,45.580225]]]},"properties":{"OBJECTID":129,"fhdFtrID":129,"fhdRefID":53684,"fhdRevDt":"20190214","fhdONm":"Peter Robinson","fhdOEnt":"ODFW","fhdSpNm":"Brook trout","fhdRun":"NA","fhdLifeHst":"FluvAdfluvRes","fhdUseTy":"ResidentMultipleUses","fhdBasis":"UndocObsFish","fhdStNm":"Wahtum Lake","fhdGenus":"Salvelinus","fhdSp":"fontinalis","fhdSubSp":null,"fhdOrig":"NonNative","fhdProd":"Natural","fhdComment":null,"fhdESH":"NA","fhdBasisD":null,"fhdNMF":"no","fhdBasisDt":null,"fhdBasisNm":null,"fhdBasisEnt":null,"fhdBasisPrj":null,"fhdBasisMethod":null,"fhdAccess":null,"fhdBarrierFtrID":null,"fhdEndExtent":null,"Shape__Area":538531.199217855,"Shape__Length":3139.3743660595756,"habitatType":"lake"},"id":481},
{"type":"Feature","geometry":{"type":"Polygon","coordinates":[[[-121.965598,43.725433],[-121.967452,43.724684],[-121.967276,43.723278],[-121.965491,43.72355],[-121.965598,43.725433]]]},"properties":{"OBJECTID":130,"fhdFtrID":130,"fhdRefID":53684,"fhdRevDt":"20190214","fhdONm":"Peter Robinson","fhdOEnt":"ODFW","fhdSpNm":"Brook trout","fhdRun":"NA","fhdLifeHst":"FluvAdfluvRes","fhdUseTy":"ResidentMultipleUses","fhdBasis":"UndocObsFish","fhdStNm":"Hidden Lake","fhdGenus":"Salvelinus","fhdSp":"fontinalis","fhdSubSp":null,"fhdOrig":"NonNative","fhdProd":"Natural","fhdComment":null,"fhdESH":"NA","fhdBasisD":null,"fhdNMF":"no","fhdBasisDt":null,"fhdBasisNm":null,"fhdBasisEnt":null,"fhdBasisPrj":null,"fhdBasisMethod":null,"fhdAccess":null,"fhdBarrierFtrID":null,"fhdEndExtent":null,"Shape__Area":73394.109137445,"Shape__Length":1048.760246887442,"habitatType":"lake"},"id":482},
{"type":"Feature","geometry":{"type":"Polygon","coordinates":[[[-121.734359,45.649089],[-121.733566,45.649809],[-121.734054,45.650568],[-121.73487,45.650385],[-121.734359,45.649089]]]},"properties":{"OBJECTID":131,"fhdFtrID":131,"fhdRefID":53684,"fhdRevDt":"20190214","fhdONm":"Peter Robinson","fhdOEnt":"ODFW","fhdSpNm":"Brook trout","fhdRun":"NA","fhdLifeHst":"FluvAdfluvRes","fhdUseTy":"ResidentMultipleUses","fhdBasis":"UndocObsFish","fhdStNm":"Bear Lake","fhdGenus":"Salvelinus","fhdSp":"fontinalis","fhdSubSp":null,"fhdOrig":"NonNative","fhdProd":"Natural","fhdComment":null,"fhdESH":"NA","fhdBasisD":null,"fhdNMF":"no","fhdBasisDt":null,"fhdBasisNm":null,"fhdBasisEnt":null,"fhdBasisPrj":null,"fhdBasisMethod":null,"fhdAccess":null,"fhdBarrierFtrID":null,"fhdEndExtent":null,"Shape__Area":27927.025970915,"Shape__Length":634.8604454118421,"habitatType":"lake"},"id":483},
{"type":"Feature","geometry":{"type":"Polygon","coordinates":[[[-121.916396,43.727083],[-121.915953,43.724701],[-121.913733,43.725266],[-121.916396,43.727083]]]},"properties":{"OBJECTID":132,"fhdFtrID":132,"fhdRefID":53684,"fhdRevDt":"20190214","fhdONm":"Peter Robinson","fhdOEnt":"ODFW","fhdSpNm":"Brook trout","fhdRun":"NA","fhdLifeHst":"FluvAdfluvRes","fhdUseTy":"ResidentMultipleUses","fhdBasis":"UndocObsFish","fhdStNm":"Johnny Lake","fhdGenus":"Salvelinus","fhdSp":"fontinalis","fhdSubSp":null,"fhdOrig":"NonNative","fhdProd":"Natural","fhdComment":null,"fhdESH":"NA","fhdBasisD":null,"fhdNMF":"no","fhdBasisDt":null,"fhdBasisNm":null,"fhdBasisEnt":null,"fhdBasisPrj":null,"fhdBasisMethod":null,"fhdAccess":null,"fhdBarrierFtrID":null,"fhdEndExtent":null,"Shape__Area":127472.525184995,"Shape__Length":1522.6707784898,"habitatType":"lake"},"id":484},
{"type":"Feature","geometry":{"type":"Polygon","coordinates":[[[-121.775752,44.775605],[-121.776031,44.776372],[-121.776763,44.776553],[-121.777462,44.777185],[-121.777823,44.777156],[-121.77608,44.775675],[-121.775752,44.775605]]]},"properties":{"OBJECTID":133,"fhdFtrID":133,"fhdRefID":53684,"fhdRevDt":"20190214","fhdONm":"Peter Robinson","fhdOEnt":"ODFW","fhdSpNm":"Brook trout","fhdRun":"NA","fhdLifeHst":"FluvAdfluvRes","fhdUseTy":"ResidentMultipleUses","fhdBasis":"UndocObsFish","fhdStNm":"Spoon Lake","fhdGenus":"Salvelinus","fhdSp":"fontinalis","fhdSubSp":null,"fhdOrig":"NonNative","fhdProd":"Natural","fhdComment":null,"fhdESH":"NA","fhdBasisD":null,"fhdNMF":"no","fhdBasisDt":null,"fhdBasisNm":null,"fhdBasisEnt":null,"fhdBasisPrj":null,"fhdBasisMethod":null,"fhdAccess":null,"fhdBarrierFtrID":null,"fhdEndExtent":null,"Shape__Area":15886.17355317,"Shape__Length":801.5415325017897,"habitatType":"lake"},"id":485},
{"type":"Feature","geometry":{"type":"Polygon","coordinates":[[[-121.817054,44.435608],[-121.818442,44.437639],[-121.822302,44.437661],[-121.823333,44.435583],[-121.820838,44.433045],[-121.81848,44.433435],[-121.817054,44.435608]]]},"properties":{"OBJECTID":134,"fhdFtrID":134,"fhdRefID":53684,"fhdRevDt":"20190214","fhdONm":"Peter Robinson","fhdOEnt":"ODFW","fhdSpNm":"Brook trout","fhdRun":"NA","fhdLifeHst":"FluvAdfluvRes","fhdUseTy":"ResidentMultipleUses","fhdBasis":"UndocObsFish","fhdStNm":"Square Lake","fhdGenus":"Salvelinus","fhdSp":"fontinalis","fhdSubSp":null,"fhdOrig":"NonNative","fhdProd":"Natural","fhdComment":null,"fhdESH":"NA","fhdBasisD":null,"fhdNMF":"no","fhdBasisDt":null,"fhdBasisNm":null,"fhdBasisEnt":null,"fhdBasisPrj":null,"fhdBasisMethod":null,"fhdAccess":null,"fhdBarrierFtrID":null,"fhdEndExtent":null,"Shape__Area":400899.99639734,"Shape__Length":2651.7524700972353,"habitatType":"lake"},"id":486},
{"type":"Feature","geometry":{"type":"Polygon","coordinates":[[[-122.110472,43.466193],[-122.115508,43.464314],[-122.117118,43.465245],[-122.123236,43.465103],[-122.124037,43.457392],[-122.128448,43.457147],[-122.129347,43.462439],[-122.133307,43.462046],[-122.133902,43.458359],[-122.131652,43.457441],[-122.133788,43.452298],[-122.135108,43.450642],[-122.133177,43.447458],[-122.126311,43.446433],[-122.123564,43.449186],[-122.117843,43.451573],[-122.113646,43.451441],[-122.111281,43.458167],[-122.109572,43.459288],[-122.110587,43.461646],[-122.108486,43.464786],[-122.110472,43.466193]]]},"properties":{"OBJECTID":135,"fhdFtrID":135,"fhdRefID":53684,"fhdRevDt":"20190214","fhdONm":"Peter Robinson","fhdOEnt":"ODFW","fhdSpNm":"Brook trout","fhdRun":"NA","fhdLifeHst":"FluvAdfluvRes","fhdUseTy":"ResidentMultipleUses","fhdBasis":"UndocObsFish","fhdStNm":"Summit Lake","fhdGenus":"Salvelinus","fhdSp":"fontinalis","fhdSubSp":null,"fhdOrig":"NonNative","fhdProd":"Natural","fhdComment":null,"fhdESH":"NA","fhdBasisD":null,"fhdNMF":"no","fhdBasisDt":null,"fhdBasisNm":null,"fhdBasisEnt":null,"fhdBasisPrj":null,"fhdBasisMethod":null,"fhdAccess":null,"fhdBarrierFtrID":null,"fhdEndExtent":null,"Shape__Area":5315652.83150999,"Shape__Length":18875.32100304885,"habitatType":"lake"},"id":487},
{"type":"Feature","geometry":{"type":"Polygon","coordinates":[[[-118.777122,44.23758],[-118.773399,44.236378],[-118.773674,44.238111],[-118.777122,44.23758]]]},"properties":{"OBJECTID":136,"fhdFtrID":136,"fhdRefID":53684,"fhdRevDt":"20190214","fhdONm":"Peter Robinson","fhdOEnt":"ODFW","fhdSpNm":"Brook trout","fhdRun":"NA","fhdLifeHst":"FluvAdfluvRes","fhdUseTy":"ResidentMultipleUses","fhdBasis":"UndocObsFish","fhdStNm":"Canyon Meadows Lake","fhdGenus":"Salvelinus","fhdSp":"fontinalis","fhdSubSp":null,"fhdOrig":"NonNative","fhdProd":"Natural","fhdComment":null,"fhdESH":"NA","fhdBasisD":null,"fhdNMF":"no","fhdBasisDt":null,"fhdBasisNm":null,"fhdBasisEnt":null,"fhdBasisPrj":null,"fhdBasisMethod":null,"fhdAccess":null,"fhdBarrierFtrID":null,"fhdEndExtent":null,"Shape__Area":251223.519560105,"Shape__Length":4550.327627256713,"habitatType":"lake"},"id":488},
{"type":"Feature","geometry":{"type":"Polygon","coordinates":[[[-121.759787,43.915132],[-121.761878,43.911571],[-121.761245,43.91007],[-121.757452,43.907075],[-121.755866,43.906806],[-121.752364,43.909225],[-121.753203,43.912224],[-121.759787,43.915132]]]},"properties":{"OBJECTID":137,"fhdFtrID":137,"fhdRefID":53684,"fhdRevDt":"20190214","fhdONm":"Peter Robinson","fhdOEnt":"ODFW","fhdSpNm":"Brook trout","fhdRun":"NA","fhdLifeHst":"FluvAdfluvRes","fhdUseTy":"ResidentMultipleUses","fhdBasis":"UndocObsFish","fhdStNm":"Little Lava Lake","fhdGenus":"Salvelinus","fhdSp":"fontinalis","fhdSubSp":null,"fhdOrig":"NonNative","fhdProd":"Natural","fhdComment":null,"fhdESH":"NA","fhdBasisD":null,"fhdNMF":"no","fhdBasisDt":null,"fhdBasisNm":null,"fhdBasisEnt":null,"fhdBasisPrj":null,"fhdBasisMethod":null,"fhdAccess":null,"fhdBarrierFtrID":null,"fhdEndExtent":null,"Shape__Area":873816.294338925,"Shape__Length":4581.674841260787,"habitatType":"lake"},"id":489},
{"type":"Feature","geometry":{"type":"Polygon","coordinates":[[[-121.947944,43.828563],[-121.948325,43.828395],[-121.948447,43.82782],[-121.947836,43.828039],[-121.947944,43.828563]]]},"properties":{"OBJECTID":138,"fhdFtrID":138,"fhdRefID":53684,"fhdRevDt":"20190214","fhdONm":"Peter Robinson","fhdOEnt":"ODFW","fhdSpNm":"Brook trout","fhdRun":"NA","fhdLifeHst":"FluvAdfluvRes","fhdUseTy":"ResidentMultipleUses","fhdBasis":"UndocObsFish","fhdStNm":"Timmy Lake","fhdGenus":"Salvelinus","fhdSp":"fontinalis","fhdSubSp":null,"fhdOrig":"NonNative","fhdProd":"Natural","fhdComment":null,"fhdESH":"NA","fhdBasisD":null,"fhdNMF":"no","fhdBasisDt":null,"fhdBasisNm":null,"fhdBasisEnt":null,"fhdBasisPrj":null,"fhdBasisMethod":null,"fhdAccess":null,"fhdBarrierFtrID":null,"fhdEndExtent":null,"Shape__Area":9131.94414958,"Shape__Length":390.69726937034727,"habitatType":"lake"},"id":490},
{"type":"Feature","geometry":{"type":"Polygon","coordinates":[[[-122.084761,43.464603],[-122.086783,43.464187],[-122.087813,43.462241],[-122.085676,43.462152],[-122.084761,43.464603]]]},"properties":{"OBJECTID":139,"fhdFtrID":139,"fhdRefID":53684,"fhdRevDt":"20190214","fhdONm":"Peter Robinson","fhdOEnt":"ODFW","fhdSpNm":"Brook trout","fhdRun":"NA","fhdLifeHst":"FluvAdfluvRes","fhdUseTy":"ResidentMultipleUses","fhdBasis":"UndocObsFish","fhdStNm":"Meek Lake","fhdGenus":"Salvelinus","fhdSp":"fontinalis","fhdSubSp":null,"fhdOrig":"NonNative","fhdProd":"Natural","fhdComment":null,"fhdESH":"NA","fhdBasisD":null,"fhdNMF":"no","fhdBasisDt":null,"fhdBasisNm":null,"fhdBasisEnt":null,"fhdBasisPrj":null,"fhdBasisMethod":null,"fhdAccess":null,"fhdBarrierFtrID":null,"fhdEndExtent":null,"Shape__Area":92880.79242569,"Shape__Length":1358.3725428243513,"habitatType":"lake"},"id":491},
{"type":"Feature","geometry":{"type":"Polygon","coordinates":[[[-121.679711,45.235867],[-121.678214,45.238626],[-121.681375,45.238073],[-121.679711,45.235867]]]},"properties":{"OBJECTID":140,"fhdFtrID":140,"fhdRefID":53684,"fhdRevDt":"20190214","fhdONm":"Peter Robinson","fhdOEnt":"ODFW","fhdSpNm":"Brook trout","fhdRun":"NA","fhdLifeHst":"FluvAdfluvRes","fhdUseTy":"ResidentMultipleUses","fhdBasis":"UndocObsFish","fhdStNm":"Twin Lakes","fhdGenus":"Salvelinus","fhdSp":"fontinalis","fhdSubSp":null,"fhdOrig":"NonNative","fhdProd":"Natural","fhdComment":null,"fhdESH":"NA","fhdBasisD":null,"fhdNMF":"no","fhdBasisDt":null,"fhdBasisNm":null,"fhdBasisEnt":null,"fhdBasisPrj":null,"fhdBasisMethod":null,"fhdAccess":null,"fhdBarrierFtrID":null,"fhdEndExtent":null,"Shape__Area":148251.267045685,"Shape__Length":1528.0267006432837,"habitatType":"lake"},"id":492},
{"type":"Feature","geometry":{"type":"Polygon","coordinates":[[[-121.79785,43.81216],[-121.797736,43.809079],[-121.799903,43.808004],[-121.800933,43.805259],[-121.804778,43.803769],[-121.806647,43.799458],[-121.810431,43.79703],[-121.819266,43.793305],[-121.823485,43.790476],[-121.828017,43.789217],[-121.831478,43.785173],[-121.827864,43.782616],[-121.830871,43.775588],[-121.833441,43.773939],[-121.835417,43.770997],[-121.833327,43.769346],[-121.825446,43.766501],[-121.82498,43.761283],[-121.827918,43.759468],[-121.826002,43.755829],[-121.824156,43.758223],[-121.818091,43.762734],[-121.814772,43.767273],[-121.808265,43.76825],[-121.802412,43.765812],[-121.799811,43.763849],[-121.79595,43.762574],[-121.794554,43.760174],[-121.791411,43.766632],[-121.792601,43.767905],[-121.790298,43.769826],[-121.78723,43.770513],[-121.786536,43.772108],[-121.788702,43.773491],[-121.787466,43.775396],[-121.791465,43.779724],[-121.789954,43.781302],[-121.79077,43.783183],[-121.788184,43.784542],[-121.785887,43.783644],[-121.779708,43.786793],[-121.78179,43.791065],[-121.778891,43.792979],[-121.774947,43.792603],[-121.773261,43.795556],[-121.774703,43.796589],[-121.774131,43.799347],[-121.772017,43.801107],[-121.769294,43.801348],[-121.767478,43.79951],[-121.764144,43.799365],[-121.762122,43.79775],[-121.756667,43.798771],[-121.75614,43.801781],[-121.764182,43.805209],[-121.764586,43.807978],[-121.766761,43.812323],[-121.770491,43.812363],[-121.771361,43.810635],[-121.774558,43.808329],[-121.777671,43.809136],[-121.780128,43.802878],[-121.784857,43.803397],[-121.784957,43.806378],[-121.792792,43.808532],[-121.797247,43.809146],[-121.79785,43.81216]]]},"properties":{"OBJECTID":141,"fhdFtrID":141,"fhdRefID":53684,"fhdRevDt":"20190214","fhdONm":"Peter Robinson","fhdOEnt":"ODFW","fhdSpNm":"Brook trout","fhdRun":"NA","fhdLifeHst":"FluvAdfluvRes","fhdUseTy":"ResidentMultipleUses","fhdBasis":"UndocObsFish","fhdStNm":"Crane Prairie Reservoir","fhdGenus":"Salvelinus","fhdSp":"fontinalis","fhdSubSp":null,"fhdOrig":"NonNative","fhdProd":"Natural","fhdComment":null,"fhdESH":"NA","fhdBasisD":null,"fhdNMF":"no","fhdBasisDt":null,"fhdBasisNm":null,"fhdBasisEnt":null,"fhdBasisPrj":null,"fhdBasisMethod":null,"fhdAccess":null,"fhdBarrierFtrID":null,"fhdEndExtent":null,"Shape__Area":32200264.319435526,"Shape__Length":51128.12768886754,"habitatType":"lake"},"id":493},
{"type":"Feature","geometry":{"type":"Polygon","coordinates":[[[-118.600138,44.788104],[-118.603839,44.785549],[-118.606242,44.781658],[-118.608849,44.781613],[-118.609783,44.779304],[-118.608615,44.776395],[-118.603246,44.779162],[-118.601401,44.777513],[-118.599806,44.781645],[-118.600138,44.788104]]]},"properties":{"OBJECTID":142,"fhdFtrID":142,"fhdRefID":53684,"fhdRevDt":"20190214","fhdONm":"Peter Robinson","fhdOEnt":"ODFW","fhdSpNm":"Brook trout","fhdRun":"NA","fhdLifeHst":"FluvAdfluvRes","fhdUseTy":"ResidentMultipleUses","fhdBasis":"UndocObsFish","fhdStNm":"Olive Lake","fhdGenus":"Salvelinus","fhdSp":"fontinalis","fhdSubSp":null,"fhdOrig":"NonNative","fhdProd":"Natural","fhdComment":null,"fhdESH":"NA","fhdBasisD":null,"fhdNMF":"no","fhdBasisDt":null,"fhdBasisNm":null,"fhdBasisEnt":null,"fhdBasisPrj":null,"fhdBasisMethod":null,"fhdAccess":null,"fhdBarrierFtrID":null,"fhdEndExtent":null,"Shape__Area":1200535.35331533,"Shape__Length":6636.829500343059,"habitatType":"lake"},"id":494},
{"type":"Feature","geometry":{"type":"Polygon","coordinates":[[[-121.746455,44.797745],[-121.750398,44.796],[-121.749555,44.793368],[-121.745815,44.795514],[-121.746455,44.797745]]]},"properties":{"OBJECTID":143,"fhdFtrID":143,"fhdRefID":53684,"fhdRevDt":"20190214","fhdONm":"Peter Robinson","fhdOEnt":"ODFW","fhdSpNm":"Brook trout","fhdRun":"NA","fhdLifeHst":"FluvAdfluvRes","fhdUseTy":"ResidentMultipleUses","fhdBasis":"UndocObsFish","fhdStNm":"Island Lake","fhdGenus":"Salvelinus","fhdSp":"fontinalis","fhdSubSp":null,"fhdOrig":"NonNative","fhdProd":"Natural","fhdComment":null,"fhdESH":"NA","fhdBasisD":null,"fhdNMF":"no","fhdBasisDt":null,"fhdBasisNm":null,"fhdBasisEnt":null,"fhdBasisPrj":null,"fhdBasisMethod":null,"fhdAccess":null,"fhdBarrierFtrID":null,"fhdEndExtent":null,"Shape__Area":264426.616842165,"Shape__Length":2184.095391749362,"habitatType":"lake"},"id":495},
{"type":"Feature","geometry":{"type":"Polygon","coordinates":[[[-121.901351,43.863625],[-121.902724,43.86371],[-121.902892,43.862793],[-121.900671,43.862709],[-121.901351,43.863625]]]},"properties":{"OBJECTID":144,"fhdFtrID":144,"fhdRefID":53684,"fhdRevDt":"20190214","fhdONm":"Peter Robinson","fhdOEnt":"ODFW","fhdSpNm":"Brook trout","fhdRun":"NA","fhdLifeHst":"FluvAdfluvRes","fhdUseTy":"ResidentMultipleUses","fhdBasis":"UndocObsFish","fhdStNm":"Muskrat Lake","fhdGenus":"Salvelinus","fhdSp":"fontinalis","fhdSubSp":null,"fhdOrig":"NonNative","fhdProd":"Natural","fhdComment":null,"fhdESH":"NA","fhdBasisD":null,"fhdNMF":"no","fhdBasisDt":null,"fhdBasisNm":null,"fhdBasisEnt":null,"fhdBasisPrj":null,"fhdBasisMethod":null,"fhdAccess":null,"fhdBarrierFtrID":null,"fhdEndExtent":null,"Shape__Area":47866.919647245,"Shape__Length":916.9192838245813,"habitatType":"lake"},"id":496},
{"type":"Feature","geometry":{"type":"Polygon","coordinates":[[[-121.831351,44.450979],[-121.831458,44.452862],[-121.833266,44.452376],[-121.831351,44.450979]]]},"properties":{"OBJECTID":145,"fhdFtrID":145,"fhdRefID":53684,"fhdRevDt":"20190214","fhdONm":"Peter Robinson","fhdOEnt":"ODFW","fhdSpNm":"Brook trout","fhdRun":"NA","fhdLifeHst":"FluvAdfluvRes","fhdUseTy":"ResidentMultipleUses","fhdBasis":"UndocObsFish","fhdStNm":"Booth Lake","fhdGenus":"Salvelinus","fhdSp":"fontinalis","fhdSubSp":null,"fhdOrig":"NonNative","fhdProd":"Natural","fhdComment":null,"fhdESH":"NA","fhdBasisD":null,"fhdNMF":"no","fhdBasisDt":null,"fhdBasisNm":null,"fhdBasisEnt":null,"fhdBasisPrj":null,"fhdBasisMethod":null,"fhdAccess":null,"fhdBarrierFtrID":null,"fhdEndExtent":null,"Shape__Area":68143.97926665,"Shape__Length":954.3072527574856,"habitatType":"lake"},"id":497},
{"type":"Feature","geometry":{"type":"Polygon","coordinates":[[[-119.663544,44.976634],[-119.665632,44.973432],[-119.66237,44.973],[-119.661316,44.975232],[-119.663544,44.976634]]]},"properties":{"OBJECTID":146,"fhdFtrID":146,"fhdRefID":53684,"fhdRevDt":"20190214","fhdONm":"Peter Robinson","fhdOEnt":"ODFW","fhdSpNm":"Brook trout","fhdRun":"NA","fhdLifeHst":"FluvAdfluvRes","fhdUseTy":"ResidentMultipleUses","fhdBasis":"UndocObsFish","fhdStNm":"Bull Prairie Lake","fhdGenus":"Salvelinus","fhdSp":"fontinalis","fhdSubSp":null,"fhdOrig":"NonNative","fhdProd":"Natural","fhdComment":null,"fhdESH":"NA","fhdBasisD":null,"fhdNMF":"no","fhdBasisDt":null,"fhdBasisNm":null,"fhdBasisEnt":null,"fhdBasisPrj":null,"fhdBasisMethod":null,"fhdAccess":null,"fhdBarrierFtrID":null,"fhdEndExtent":null,"Shape__Area":223048.38404908,"Shape__Length":2400.3630991804416,"habitatType":"lake"},"id":498},
{"type":"Feature","geometry":{"type":"Polygon","coordinates":[[[-118.552951,44.305249],[-118.553701,44.306014],[-118.554023,44.305516],[-118.552951,44.305249]]]},"properties":{"OBJECTID":147,"fhdFtrID":147,"fhdRefID":53684,"fhdRevDt":"20190214","fhdONm":"Peter Robinson","fhdOEnt":"ODFW","fhdSpNm":"Brook trout","fhdRun":"NA","fhdLifeHst":"FluvAdfluvRes","fhdUseTy":"ResidentMultipleUses","fhdBasis":"UndocObsFish","fhdStNm":"Trout Farm Pond","fhdGenus":"Salvelinus","fhdSp":"fontinalis","fhdSubSp":null,"fhdOrig":"NonNative","fhdProd":"Natural","fhdComment":null,"fhdESH":"NA","fhdBasisD":null,"fhdNMF":"no","fhdBasisDt":null,"fhdBasisNm":null,"fhdBasisEnt":null,"fhdBasisPrj":null,"fhdBasisMethod":null,"fhdAccess":null,"fhdBarrierFtrID":null,"fhdEndExtent":null,"Shape__Area":9497.375170615,"Shape__Length":398.73701574434887,"habitatType":"lake"},"id":499},
{"type":"Feature","geometry":{"type":"Polygon","coordinates":[[[-121.901282,43.890797],[-121.901137,43.888275],[-121.898263,43.888431],[-121.901282,43.890797]]]},"properties":{"OBJECTID":148,"fhdFtrID":148,"fhdRefID":53684,"fhdRevDt":"20190214","fhdONm":"Peter Robinson","fhdOEnt":"ODFW","fhdSpNm":"Brook trout","fhdRun":"NA","fhdLifeHst":"FluvAdfluvRes","fhdUseTy":"ResidentMultipleUses","fhdBasis":"UndocObsFish","fhdStNm":"Snowshoe Lake","fhdGenus":"Salvelinus","fhdSp":"fontinalis","fhdSubSp":null,"fhdOrig":"NonNative","fhdProd":"Natural","fhdComment":null,"fhdESH":"NA","fhdBasisD":null,"fhdNMF":"no","fhdBasisDt":null,"fhdBasisNm":null,"fhdBasisEnt":null,"fhdBasisPrj":null,"fhdBasisMethod":null,"fhdAccess":null,"fhdBarrierFtrID":null,"fhdEndExtent":null,"Shape__Area":119524.311227825,"Shape__Length":1573.4788562063202,"habitatType":"lake"},"id":500},
{"type":"Feature","geometry":{"type":"Polygon","coordinates":[[[-121.812955,44.7949],[-121.813351,44.797724],[-121.816246,44.796558],[-121.812955,44.7949]]]},"properties":{"OBJECTID":149,"fhdFtrID":149,"fhdRefID":53684,"fhdRevDt":"20190214","fhdONm":"Peter Robinson","fhdOEnt":"ODFW","fhdSpNm":"Brook trout","fhdRun":"NA","fhdLifeHst":"FluvAdfluvRes","fhdUseTy":"ResidentMultipleUses","fhdBasis":"UndocObsFish","fhdStNm":"Upper Lake","fhdGenus":"Salvelinus","fhdSp":"fontinalis","fhdSubSp":null,"fhdOrig":"NonNative","fhdProd":"Natural","fhdComment":null,"fhdESH":"NA","fhdBasisD":null,"fhdNMF":"no","fhdBasisDt":null,"fhdBasisNm":null,"fhdBasisEnt":null,"fhdBasisPrj":null,"fhdBasisMethod":null,"fhdAccess":null,"fhdBarrierFtrID":null,"fhdEndExtent":null,"Shape__Area":123302.808345055,"Shape__Length":1442.0163839504783,"habitatType":"lake"},"id":501},
{"type":"Feature","geometry":{"type":"Polygon","coordinates":[[[-118.908543,44.550537],[-118.912345,44.550149],[-118.914327,44.547784],[-118.913754,44.545768],[-118.910415,44.547008],[-118.908543,44.550537]]]},"properties":{"OBJECTID":150,"fhdFtrID":150,"fhdRefID":53684,"fhdRevDt":"20190214","fhdONm":"Peter Robinson","fhdOEnt":"ODFW","fhdSpNm":"Brook trout","fhdRun":"NA","fhdLifeHst":"FluvAdfluvRes","fhdUseTy":"ResidentMultipleUses","fhdBasis":"UndocObsFish","fhdStNm":"Magone Lake","fhdGenus":"Salvelinus","fhdSp":"fontinalis","fhdSubSp":null,"fhdOrig":"NonNative","fhdProd":"Natural","fhdComment":null,"fhdESH":"NA","fhdBasisD":null,"fhdNMF":"no","fhdBasisDt":null,"fhdBasisNm":null,"fhdBasisEnt":null,"fhdBasisPrj":null,"fhdBasisMethod":null,"fhdAccess":null,"fhdBarrierFtrID":null,"fhdEndExtent":null,"Shape__Area":322894.969221535,"Shape__Length":3223.1517746693903,"habitatType":"lake"},"id":502},
{"type":"Feature","geometry":{"type":"Polygon","coordinates":[[[-121.733481,44.090834],[-121.736213,44.090486],[-121.734435,44.087783],[-121.73374,44.084642],[-121.730635,44.083762],[-121.726126,44.084711],[-121.731101,44.090267],[-121.733481,44.090834]]]},"properties":{"OBJECTID":151,"fhdFtrID":151,"fhdRefID":53684,"fhdRevDt":"20190214","fhdONm":"Peter Robinson","fhdOEnt":"ODFW","fhdSpNm":"Brook trout","fhdRun":"NA","fhdLifeHst":"FluvAdfluvRes","fhdUseTy":"ResidentMultipleUses","fhdBasis":"UndocObsFish","fhdStNm":"Green Lakes","fhdGenus":"Salvelinus","fhdSp":"fontinalis","fhdSubSp":null,"fhdOrig":"NonNative","fhdProd":"Natural","fhdComment":null,"fhdESH":"NA","fhdBasisD":null,"fhdNMF":"no","fhdBasisDt":null,"fhdBasisNm":null,"fhdBasisEnt":null,"fhdBasisPrj":null,"fhdBasisMethod":null,"fhdAccess":null,"fhdBarrierFtrID":null,"fhdEndExtent":null,"Shape__Area":677582.430029145,"Shape__Length":4123.025269516947,"habitatType":"lake"},"id":503},
{"type":"Feature","geometry":{"type":"Polygon","coordinates":[[[-121.881491,43.863711],[-121.881255,43.859261],[-121.878737,43.859254],[-121.878523,43.86279],[-121.881491,43.863711]]]},"properties":{"OBJECTID":152,"fhdFtrID":152,"fhdRefID":53684,"fhdRevDt":"20190214","fhdONm":"Peter Robinson","fhdOEnt":"ODFW","fhdSpNm":"Brook trout","fhdRun":"NA","fhdLifeHst":"FluvAdfluvRes","fhdUseTy":"ResidentMultipleUses","fhdBasis":"UndocObsFish","fhdStNm":"Teddy Lakes","fhdGenus":"Salvelinus","fhdSp":"fontinalis","fhdSubSp":null,"fhdOrig":"NonNative","fhdProd":"Natural","fhdComment":null,"fhdESH":"NA","fhdBasisD":null,"fhdNMF":"no","fhdBasisDt":null,"fhdBasisNm":null,"fhdBasisEnt":null,"fhdBasisPrj":null,"fhdBasisMethod":null,"fhdAccess":null,"fhdBarrierFtrID":null,"fhdEndExtent":null,"Shape__Area":248756.9506674,"Shape__Length":2451.955107188533,"habitatType":"lake"},"id":504},
{"type":"Feature","geometry":{"type":"Polygon","coordinates":[[[-122.048506,43.422446],[-122.048385,43.423247],[-122.049987,43.424233],[-122.050551,43.4224],[-122.048506,43.422446]]]},"properties":{"OBJECTID":153,"fhdFtrID":153,"fhdRefID":53684,"fhdRevDt":"20190214","fhdONm":"Peter Robinson","fhdOEnt":"ODFW","fhdSpNm":"Brook trout","fhdRun":"NA","fhdLifeHst":"FluvAdfluvRes","fhdUseTy":"ResidentMultipleUses","fhdBasis":"UndocObsFish","fhdStNm":"Darlene Lake","fhdGenus":"Salvelinus","fhdSp":"fontinalis","fhdSubSp":null,"fhdOrig":"NonNative","fhdProd":"Natural","fhdComment":null,"fhdESH":"NA","fhdBasisD":null,"fhdNMF":"no","fhdBasisDt":null,"fhdBasisNm":null,"fhdBasisEnt":null,"fhdBasisPrj":null,"fhdBasisMethod":null,"fhdAccess":null,"fhdBarrierFtrID":null,"fhdEndExtent":null,"Shape__Area":79628.01401043,"Shape__Length":1264.9442956322061,"habitatType":"lake"},"id":505},
{"type":"Feature","geometry":{"type":"Polygon","coordinates":[[[-121.636948,45.224938],[-121.636211,45.225516],[-121.63653,45.226135],[-121.6377,45.225679],[-121.636948,45.224938]]]},"properties":{"OBJECTID":154,"fhdFtrID":154,"fhdRefID":53684,"fhdRevDt":"20190214","fhdONm":"Peter Robinson","fhdOEnt":"ODFW","fhdSpNm":"Brook trout","fhdRun":"NA","fhdLifeHst":"FluvAdfluvRes","fhdUseTy":"ResidentMultipleUses","fhdBasis":"UndocObsFish","fhdStNm":"Catalpa Lake","fhdGenus":"Salvelinus","fhdSp":"fontinalis","fhdSubSp":null,"fhdOrig":"NonNative","fhdProd":"Natural","fhdComment":null,"fhdESH":"NA","fhdBasisD":null,"fhdNMF":"no","fhdBasisDt":null,"fhdBasisNm":null,"fhdBasisEnt":null,"fhdBasisPrj":null,"fhdBasisMethod":null,"fhdAccess":null,"fhdBarrierFtrID":null,"fhdEndExtent":null,"Shape__Area":26229.541637925,"Shape__Length":582.7854304692811,"habitatType":"lake"},"id":506},
{"type":"Feature","geometry":{"type":"Polygon","coordinates":[[[-121.797347,43.983691],[-121.798422,43.984521],[-121.803244,43.983564],[-121.805434,43.982056],[-121.805533,43.980076],[-121.808432,43.977793],[-121.806693,43.974551],[-121.809722,43.971585],[-121.807166,43.963968],[-121.799643,43.964411],[-121.799002,43.965224],[-121.801978,43.968974],[-121.802627,43.971051],[-121.801291,43.973972],[-121.799422,43.974682],[-121.796103,43.973936],[-121.794074,43.977092],[-121.796081,43.978545],[-121.797347,43.983691]]]},"properties":{"OBJECTID":155,"fhdFtrID":155,"fhdRefID":53684,"fhdRevDt":"20190214","fhdONm":"Peter Robinson","fhdOEnt":"ODFW","fhdSpNm":"Brook trout","fhdRun":"NA","fhdLifeHst":"FluvAdfluvRes","fhdUseTy":"ResidentMultipleUses","fhdBasis":"UndocObsFish","fhdStNm":"Elk Lake","fhdGenus":"Salvelinus","fhdSp":"fontinalis","fhdSubSp":null,"fhdOrig":"NonNative","fhdProd":"Natural","fhdComment":null,"fhdESH":"NA","fhdBasisD":null,"fhdNMF":"no","fhdBasisDt":null,"fhdBasisNm":null,"fhdBasisEnt":null,"fhdBasisPrj":null,"fhdBasisMethod":null,"fhdAccess":null,"fhdBarrierFtrID":null,"fhdEndExtent":null,"Shape__Area":3024060.43630632,"Shape__Length":11382.802458973547,"habitatType":"lake"},"id":507},
{"type":"Feature","geometry":{"type":"Polygon","coordinates":[[[-122.000571,43.608568],[-121.999991,43.609895],[-122.001517,43.610287],[-122.001372,43.608935],[-122.000571,43.608568]]]},"properties":{"OBJECTID":156,"fhdFtrID":156,"fhdRefID":53684,"fhdRevDt":"20190214","fhdONm":"Peter Robinson","fhdOEnt":"ODFW","fhdSpNm":"Brook trout","fhdRun":"NA","fhdLifeHst":"FluvAdfluvRes","fhdUseTy":"ResidentMultipleUses","fhdBasis":"UndocObsFish","fhdStNm":"North Rosary Lake","fhdGenus":"Salvelinus","fhdSp":"fontinalis","fhdSubSp":null,"fhdOrig":"NonNative","fhdProd":"Natural","fhdComment":null,"fhdESH":"NA","fhdBasisD":null,"fhdNMF":"no","fhdBasisDt":null,"fhdBasisNm":null,"fhdBasisEnt":null,"fhdBasisPrj":null,"fhdBasisMethod":null,"fhdAccess":null,"fhdBarrierFtrID":null,"fhdEndExtent":null,"Shape__Area":43943.58943705,"Shape__Length":830.0965606148686,"habitatType":"lake"},"id":508},
{"type":"Feature","geometry":{"type":"Polygon","coordinates":[[[-121.794196,44.394045],[-121.795905,44.393919],[-121.795744,44.392512],[-121.794623,44.392303],[-121.794196,44.394045]]]},"properties":{"OBJECTID":157,"fhdFtrID":157,"fhdRefID":53684,"fhdRevDt":"20190214","fhdONm":"Peter Robinson","fhdOEnt":"ODFW","fhdSpNm":"Brook trout","fhdRun":"NA","fhdLifeHst":"FluvAdfluvRes","fhdUseTy":"ResidentMultipleUses","fhdBasis":"UndocObsFish","fhdStNm":"Hand Lake","fhdGenus":"Salvelinus","fhdSp":"fontinalis","fhdSubSp":null,"fhdOrig":"NonNative","fhdProd":"Natural","fhdComment":null,"fhdESH":"NA","fhdBasisD":null,"fhdNMF":"no","fhdBasisDt":null,"fhdBasisNm":null,"fhdBasisEnt":null,"fhdBasisPrj":null,"fhdBasisMethod":null,"fhdAccess":null,"fhdBarrierFtrID":null,"fhdEndExtent":null,"Shape__Area":76625.603888235,"Shape__Length":1511.6946207805813,"habitatType":"lake"},"id":509},
{"type":"Feature","geometry":{"type":"Polygon","coordinates":[[[-121.893653,43.889841],[-121.893767,43.89067],[-121.895324,43.89092],[-121.893653,43.889841]]]},"properties":{"OBJECTID":158,"fhdFtrID":158,"fhdRefID":53684,"fhdRevDt":"20190214","fhdONm":"Peter Robinson","fhdOEnt":"ODFW","fhdSpNm":"Brook trout","fhdRun":"NA","fhdLifeHst":"FluvAdfluvRes","fhdUseTy":"ResidentMultipleUses","fhdBasis":"UndocObsFish","fhdStNm":"Big Finger Lake","fhdGenus":"Salvelinus","fhdSp":"fontinalis","fhdSubSp":null,"fhdOrig":"NonNative","fhdProd":"Natural","fhdComment":null,"fhdESH":"NA","fhdBasisD":null,"fhdNMF":"no","fhdBasisDt":null,"fhdBasisNm":null,"fhdBasisEnt":null,"fhdBasisPrj":null,"fhdBasisMethod":null,"fhdAccess":null,"fhdBarrierFtrID":null,"fhdEndExtent":null,"Shape__Area":22996.68176855,"Shape__Length":773.2085849292246,"habitatType":"lake"},"id":510},
{"type":"Feature","geometry":{"type":"Polygon","coordinates":[[[-121.800407,44.800065],[-121.801724,44.800673],[-121.803325,44.799274],[-121.799551,44.798336],[-121.800407,44.800065]]]},"properties":{"OBJECTID":159,"fhdFtrID":159,"fhdRefID":53684,"fhdRevDt":"20190214","fhdONm":"Peter Robinson","fhdOEnt":"ODFW","fhdSpNm":"Brook trout","fhdRun":"NA","fhdLifeHst":"FluvAdfluvRes","fhdUseTy":"ResidentMultipleUses","fhdBasis":"UndocObsFish","fhdStNm":"Timber Lake","fhdGenus":"Salvelinus","fhdSp":"fontinalis","fhdSubSp":null,"fhdOrig":"NonNative","fhdProd":"Natural","fhdComment":null,"fhdESH":"NA","fhdBasisD":null,"fhdNMF":"no","fhdBasisDt":null,"fhdBasisNm":null,"fhdBasisEnt":null,"fhdBasisPrj":null,"fhdBasisMethod":null,"fhdAccess":null,"fhdBarrierFtrID":null,"fhdEndExtent":null,"Shape__Area":148520.50535345,"Shape__Length":1715.2430320413985,"habitatType":"lake"},"id":511},
{"type":"Feature","geometry":{"type":"Polygon","coordinates":[[[-121.799393,44.79425],[-121.80006,44.793743],[-121.797903,44.792404],[-121.797997,44.794189],[-121.799393,44.79425]]]},"properties":{"OBJECTID":160,"fhdFtrID":160,"fhdRefID":53684,"fhdRevDt":"20190214","fhdONm":"Peter Robinson","fhdOEnt":"ODFW","fhdSpNm":"Brook trout","fhdRun":"NA","fhdLifeHst":"FluvAdfluvRes","fhdUseTy":"ResidentMultipleUses","fhdBasis":"UndocObsFish","fhdStNm":"View Lake","fhdGenus":"Salvelinus","fhdSp":"fontinalis","fhdSubSp":null,"fhdOrig":"NonNative","fhdProd":"Natural","fhdComment":null,"fhdESH":"NA","fhdBasisD":null,"fhdNMF":"no","fhdBasisDt":null,"fhdBasisNm":null,"fhdBasisEnt":null,"fhdBasisPrj":null,"fhdBasisMethod":null,"fhdAccess":null,"fhdBarrierFtrID":null,"fhdEndExtent":null,"Shape__Area":62303.713728285,"Shape__Length":1154.5416940855848,"habitatType":"lake"},"id":512},
{"type":"Feature","geometry":{"type":"Polygon","coordinates":[[[-121.816771,45.489687],[-121.819312,45.493471],[-121.819861,45.49679],[-121.825401,45.494119],[-121.830916,45.490228],[-121.830466,45.488012],[-121.82463,45.48739],[-121.820136,45.48493],[-121.816802,45.481913],[-121.81404,45.482591],[-121.814582,45.485941],[-121.816771,45.489687]]]},"properties":{"OBJECTID":161,"fhdFtrID":161,"fhdRefID":53684,"fhdRevDt":"20190214","fhdONm":"Peter Robinson","fhdOEnt":"ODFW","fhdSpNm":"Brook trout","fhdRun":"NA","fhdLifeHst":"FluvAdfluvRes","fhdUseTy":"ResidentMultipleUses","fhdBasis":"UndocObsFish","fhdStNm":"Lost Lake","fhdGenus":"Salvelinus","fhdSp":"fontinalis","fhdSubSp":null,"fhdOrig":"NonNative","fhdProd":"Natural","fhdComment":null,"fhdESH":"NA","fhdBasisD":null,"fhdNMF":"no","fhdBasisDt":null,"fhdBasisNm":null,"fhdBasisEnt":null,"fhdBasisPrj":null,"fhdBasisMethod":null,"fhdAccess":null,"fhdBarrierFtrID":null,"fhdEndExtent":null,"Shape__Area":2079850.57104524,"Shape__Length":6895.524537770851,"habitatType":"lake"},"id":513},
{"type":"Feature","geometry":{"type":"Polygon","coordinates":[[[-122.006461,43.525107],[-122.010116,43.525075],[-122.010901,43.520436],[-122.006461,43.525107]]]},"properties":{"OBJECTID":162,"fhdFtrID":162,"fhdRefID":53684,"fhdRevDt":"20190214","fhdONm":"Peter Robinson","fhdOEnt":"ODFW","fhdSpNm":"Brook trout","fhdRun":"NA","fhdLifeHst":"FluvAdfluvRes","fhdUseTy":"ResidentMultipleUses","fhdBasis":"UndocObsFish","fhdStNm":"Fawn Lake","fhdGenus":"Salvelinus","fhdSp":"fontinalis","fhdSubSp":null,"fhdOrig":"NonNative","fhdProd":"Natural","fhdComment":null,"fhdESH":"NA","fhdBasisD":null,"fhdNMF":"no","fhdBasisDt":null,"fhdBasisNm":null,"fhdBasisEnt":null,"fhdBasisPrj":null,"fhdBasisMethod":null,"fhdAccess":null,"fhdBarrierFtrID":null,"fhdEndExtent":null,"Shape__Area":308108.68710025,"Shape__Length":2989.1101187448735,"habitatType":"lake"},"id":514},
{"type":"Feature","geometry":{"type":"Polygon","coordinates":[[[-121.786947,44.779884],[-121.785976,44.778293],[-121.784521,44.778853],[-121.786947,44.779884]]]},"properties":{"OBJECTID":163,"fhdFtrID":163,"fhdRefID":53684,"fhdRevDt":"20190214","fhdONm":"Peter Robinson","fhdOEnt":"ODFW","fhdSpNm":"Brook trout","fhdRun":"NA","fhdLifeHst":"FluvAdfluvRes","fhdUseTy":"ResidentMultipleUses","fhdBasis":"UndocObsFish","fhdStNm":"Horseshoe Lake","fhdGenus":"Salvelinus","fhdSp":"fontinalis","fhdSubSp":null,"fhdOrig":"NonNative","fhdProd":"Natural","fhdComment":null,"fhdESH":"NA","fhdBasisD":null,"fhdNMF":"no","fhdBasisDt":null,"fhdBasisNm":null,"fhdBasisEnt":null,"fhdBasisPrj":null,"fhdBasisMethod":null,"fhdAccess":null,"fhdBarrierFtrID":null,"fhdEndExtent":null,"Shape__Area":124919.821177925,"Shape__Length":2769.0059223211906,"habitatType":"lake"},"id":515},
{"type":"Feature","geometry":{"type":"Polygon","coordinates":[[[-121.684329,44.025832],[-121.683753,44.028264],[-121.686103,44.027616],[-121.684329,44.025832]]]},"properties":{"OBJECTID":164,"fhdFtrID":164,"fhdRefID":53684,"fhdRevDt":"20190214","fhdONm":"Peter Robinson","fhdOEnt":"ODFW","fhdSpNm":"Brook trout","fhdRun":"NA","fhdLifeHst":"FluvAdfluvRes","fhdUseTy":"ResidentMultipleUses","fhdBasis":"UndocObsFish","fhdStNm":"Todd Lake","fhdGenus":"Salvelinus","fhdSp":"fontinalis","fhdSubSp":null,"fhdOrig":"NonNative","fhdProd":"Natural","fhdComment":null,"fhdESH":"NA","fhdBasisD":null,"fhdNMF":"no","fhdBasisDt":null,"fhdBasisNm":null,"fhdBasisEnt":null,"fhdBasisPrj":null,"fhdBasisMethod":null,"fhdAccess":null,"fhdBarrierFtrID":null,"fhdEndExtent":null,"Shape__Area":227780.51788942,"Shape__Length":2683.223562518744,"habitatType":"lake"},"id":516},
{"type":"Feature","geometry":{"type":"Polygon","coordinates":[[[-121.962691,43.863776],[-121.963797,43.864515],[-121.965086,43.863285],[-121.963256,43.862521],[-121.962691,43.863776]]]},"properties":{"OBJECTID":165,"fhdFtrID":165,"fhdRefID":53684,"fhdRevDt":"20190214","fhdONm":"Peter Robinson","fhdOEnt":"ODFW","fhdSpNm":"Brook trout","fhdRun":"NA","fhdLifeHst":"FluvAdfluvRes","fhdUseTy":"ResidentMultipleUses","fhdBasis":"UndocObsFish","fhdStNm":"Dennis Lake","fhdGenus":"Salvelinus","fhdSp":"fontinalis","fhdSubSp":null,"fhdOrig":"NonNative","fhdProd":"Natural","fhdComment":null,"fhdESH":"NA","fhdBasisD":null,"fhdNMF":"no","fhdBasisDt":null,"fhdBasisNm":null,"fhdBasisEnt":null,"fhdBasisPrj":null,"fhdBasisMethod":null,"fhdAccess":null,"fhdBarrierFtrID":null,"fhdEndExtent":null,"Shape__Area":67736.2257033,"Shape__Length":1263.7685202844398,"habitatType":"lake"},"id":517},
{"type":"Feature","geometry":{"type":"Polygon","coordinates":[[[-121.943686,43.80162],[-121.944617,43.801611],[-121.944495,43.800889],[-121.943297,43.80095],[-121.943686,43.80162]]]},"properties":{"OBJECTID":166,"fhdFtrID":166,"fhdRefID":53684,"fhdRevDt":"20190214","fhdONm":"Peter Robinson","fhdOEnt":"ODFW","fhdSpNm":"Brook trout","fhdRun":"NA","fhdLifeHst":"FluvAdfluvRes","fhdUseTy":"ResidentMultipleUses","fhdBasis":"UndocObsFish","fhdStNm":"Blowdown Lake","fhdGenus":"Salvelinus","fhdSp":"fontinalis","fhdSubSp":null,"fhdOrig":"NonNative","fhdProd":"Natural","fhdComment":null,"fhdESH":"NA","fhdBasisD":null,"fhdNMF":"no","fhdBasisDt":null,"fhdBasisNm":null,"fhdBasisEnt":null,"fhdBasisPrj":null,"fhdBasisMethod":null,"fhdAccess":null,"fhdBarrierFtrID":null,"fhdEndExtent":null,"Shape__Area":21458.499724735,"Shape__Length":562.2138920386949,"habitatType":"lake"},"id":518},
{"type":"Feature","geometry":{"type":"Polygon","coordinates":[[[-121.805434,44.405255],[-121.806853,44.40581],[-121.807341,44.403906],[-121.805526,44.404211],[-121.805434,44.405255]]]},"properties":{"OBJECTID":167,"fhdFtrID":167,"fhdRefID":53684,"fhdRevDt":"20190214","fhdONm":"Peter Robinson","fhdOEnt":"ODFW","fhdSpNm":"Brook trout","fhdRun":"NA","fhdLifeHst":"FluvAdfluvRes","fhdUseTy":"ResidentMultipleUses","fhdBasis":"UndocObsFish","fhdStNm":"Island Lake","fhdGenus":"Salvelinus","fhdSp":"fontinalis","fhdSubSp":null,"fhdOrig":"NonNative","fhdProd":"Natural","fhdComment":null,"fhdESH":"NA","fhdBasisD":null,"fhdNMF":"no","fhdBasisDt":null,"fhdBasisNm":null,"fhdBasisEnt":null,"fhdBasisPrj":null,"fhdBasisMethod":null,"fhdAccess":null,"fhdBarrierFtrID":null,"fhdEndExtent":null,"Shape__Area":70309.512445535,"Shape__Length":1489.5752062964764,"habitatType":"lake"},"id":519},
{"type":"Feature","geometry":{"type":"Polygon","coordinates":[[[-121.215453,43.736684],[-121.222144,43.735806],[-121.227347,43.734267],[-121.227835,43.732321],[-121.223403,43.731396],[-121.222441,43.73004],[-121.224067,43.726635],[-121.220527,43.722465],[-121.220503,43.720844],[-121.213942,43.718185],[-121.210921,43.718317],[-121.208731,43.72021],[-121.198401,43.720075],[-121.196677,43.7222],[-121.195891,43.727796],[-121.196868,43.731845],[-121.200507,43.736224],[-121.206404,43.735299],[-121.212165,43.736569],[-121.215453,43.736684]]]},"properties":{"OBJECTID":168,"fhdFtrID":168,"fhdRefID":53684,"fhdRevDt":"20190214","fhdONm":"Peter Robinson","fhdOEnt":"ODFW","fhdSpNm":"Brook trout","fhdRun":"NA","fhdLifeHst":"FluvAdfluvRes","fhdUseTy":"ResidentMultipleUses","fhdBasis":"UndocObsFish","fhdStNm":"East Lake","fhdGenus":"Salvelinus","fhdSp":"fontinalis","fhdSubSp":null,"fhdOrig":"NonNative","fhdProd":"Natural","fhdComment":null,"fhdESH":"NA","fhdBasisD":null,"fhdNMF":"no","fhdBasisDt":null,"fhdBasisNm":null,"fhdBasisEnt":null,"fhdBasisPrj":null,"fhdBasisMethod":null,"fhdAccess":null,"fhdBarrierFtrID":null,"fhdEndExtent":null,"Shape__Area":7510139.41078069,"Shape__Length":11490.13012934029,"habitatType":"lake"},"id":520},
{"type":"Feature","geometry":{"type":"Polygon","coordinates":[[[-122.080557,43.475402],[-122.081137,43.475784],[-122.082243,43.475649],[-122.082038,43.475207],[-122.080557,43.475402]]]},"properties":{"OBJECTID":169,"fhdFtrID":169,"fhdRefID":53684,"fhdRevDt":"20190214","fhdONm":"Peter Robinson","fhdOEnt":"ODFW","fhdSpNm":"Brook trout","fhdRun":"NA","fhdLifeHst":"FluvAdfluvRes","fhdUseTy":"ResidentMultipleUses","fhdBasis":"UndocObsFish","fhdStNm":"Farrell Lake","fhdGenus":"Salvelinus","fhdSp":"fontinalis","fhdSubSp":null,"fhdOrig":"NonNative","fhdProd":"Natural","fhdComment":null,"fhdESH":"NA","fhdBasisD":null,"fhdNMF":"no","fhdBasisDt":null,"fhdBasisNm":null,"fhdBasisEnt":null,"fhdBasisPrj":null,"fhdBasisMethod":null,"fhdAccess":null,"fhdBarrierFtrID":null,"fhdEndExtent":null,"Shape__Area":24398.514668545,"Shape__Length":874.6732607746403,"habitatType":"lake"},"id":521},
{"type":"Feature","geometry":{"type":"Polygon","coordinates":[[[-121.76497,44.80061],[-121.769118,44.800512],[-121.76796,44.798152],[-121.763824,44.799128],[-121.76497,44.80061]]]},"properties":{"OBJECTID":170,"fhdFtrID":170,"fhdRefID":53684,"fhdRevDt":"20190214","fhdONm":"Peter Robinson","fhdOEnt":"ODFW","fhdSpNm":"Brook trout","fhdRun":"NA","fhdLifeHst":"FluvAdfluvRes","fhdUseTy":"ResidentMultipleUses","fhdBasis":"UndocObsFish","fhdStNm":"Long Lake","fhdGenus":"Salvelinus","fhdSp":"fontinalis","fhdSubSp":null,"fhdOrig":"NonNative","fhdProd":"Natural","fhdComment":null,"fhdESH":"NA","fhdBasisD":null,"fhdNMF":"no","fhdBasisDt":null,"fhdBasisNm":null,"fhdBasisEnt":null,"fhdBasisPrj":null,"fhdBasisMethod":null,"fhdAccess":null,"fhdBarrierFtrID":null,"fhdEndExtent":null,"Shape__Area":240943.535346855,"Shape__Length":2301.485289338496,"habitatType":"lake"},"id":522},
{"type":"Feature","geometry":{"type":"Polygon","coordinates":[[[-121.947287,43.83151],[-121.948371,43.831502],[-121.947653,43.830883],[-121.947287,43.83151]]]},"properties":{"OBJECTID":171,"fhdFtrID":171,"fhdRefID":53684,"fhdRevDt":"20190214","fhdONm":"Peter Robinson","fhdOEnt":"ODFW","fhdSpNm":"Brook trout","fhdRun":"NA","fhdLifeHst":"FluvAdfluvRes","fhdUseTy":"ResidentMultipleUses","fhdBasis":"UndocObsFish","fhdStNm":"Red Slide Lake","fhdGenus":"Salvelinus","fhdSp":"fontinalis","fhdSubSp":null,"fhdOrig":"NonNative","fhdProd":"Natural","fhdComment":null,"fhdESH":"NA","fhdBasisD":null,"fhdNMF":"no","fhdBasisDt":null,"fhdBasisNm":null,"fhdBasisEnt":null,"fhdBasisPrj":null,"fhdBasisMethod":null,"fhdAccess":null,"fhdBarrierFtrID":null,"fhdEndExtent":null,"Shape__Area":13939.409367735,"Shape__Length":495.26885660077164,"habitatType":"lake"},"id":523},
{"type":"Feature","geometry":{"type":"Polygon","coordinates":[[[-121.761718,45.614217],[-121.760863,45.614668],[-121.761252,45.616007],[-121.762786,45.614881],[-121.761718,45.614217]]]},"properties":{"OBJECTID":172,"fhdFtrID":172,"fhdRefID":53684,"fhdRevDt":"20190214","fhdONm":"Peter Robinson","fhdOEnt":"ODFW","fhdSpNm":"Brook trout","fhdRun":"NA","fhdLifeHst":"FluvAdfluvRes","fhdUseTy":"ResidentMultipleUses","fhdBasis":"UndocObsFish","fhdStNm":"Black Lake","fhdGenus":"Salvelinus","fhdSp":"fontinalis","fhdSubSp":null,"fhdOrig":"NonNative","fhdProd":"Natural","fhdComment":null,"fhdESH":"NA","fhdBasisD":null,"fhdNMF":"no","fhdBasisDt":null,"fhdBasisNm":null,"fhdBasisEnt":null,"fhdBasisPrj":null,"fhdBasisMethod":null,"fhdAccess":null,"fhdBarrierFtrID":null,"fhdEndExtent":null,"Shape__Area":54276.210859185,"Shape__Length":860.7615005427687,"habitatType":"lake"},"id":524},
{"type":"Feature","geometry":{"type":"Polygon","coordinates":[[[-121.811969,44.508225],[-121.809813,44.510395],[-121.812247,44.511308],[-121.813277,44.50887],[-121.811969,44.508225]]]},"properties":{"OBJECTID":173,"fhdFtrID":173,"fhdRefID":53684,"fhdRevDt":"20190214","fhdONm":"Peter Robinson","fhdOEnt":"ODFW","fhdSpNm":"Brook trout","fhdRun":"NA","fhdLifeHst":"FluvAdfluvRes","fhdUseTy":"ResidentMultipleUses","fhdBasis":"UndocObsFish","fhdStNm":"Wasco Lake","fhdGenus":"Salvelinus","fhdSp":"fontinalis","fhdSubSp":null,"fhdOrig":"NonNative","fhdProd":"Natural","fhdComment":null,"fhdESH":"NA","fhdBasisD":null,"fhdNMF":"no","fhdBasisDt":null,"fhdBasisNm":null,"fhdBasisEnt":null,"fhdBasisPrj":null,"fhdBasisMethod":null,"fhdAccess":null,"fhdBarrierFtrID":null,"fhdEndExtent":null,"Shape__Area":137391.150507945,"Shape__Length":1444.4762085618156,"habitatType":"lake"},"id":525},
{"type":"Feature","geometry":{"type":"Polygon","coordinates":[[[-121.773494,44.799069],[-121.773063,44.79979],[-121.773095,44.800207],[-121.773358,44.800212],[-121.773401,44.799564],[-121.773716,44.79919],[-121.773494,44.799069]]]},"properties":{"OBJECTID":174,"fhdFtrID":174,"fhdRefID":53684,"fhdRevDt":"20190214","fhdONm":"Peter Robinson","fhdOEnt":"ODFW","fhdSpNm":"Brook trout","fhdRun":"NA","fhdLifeHst":"FluvAdfluvRes","fhdUseTy":"ResidentMultipleUses","fhdBasis":"UndocObsFish","fhdStNm":"Nep-Te-Pa Lake","fhdGenus":"Salvelinus","fhdSp":"fontinalis","fhdSubSp":null,"fhdOrig":"NonNative","fhdProd":"Natural","fhdComment":null,"fhdESH":"NA","fhdBasisD":null,"fhdNMF":"no","fhdBasisDt":null,"fhdBasisNm":null,"fhdBasisEnt":null,"fhdBasisPrj":null,"fhdBasisMethod":null,"fhdAccess":null,"fhdBarrierFtrID":null,"fhdEndExtent":null,"Shape__Area":6541.770795965,"Shape__Length":452.12787530782435,"habitatType":"lake"},"id":526},
{"type":"Feature","geometry":{"type":"Polygon","coordinates":[[[-121.758948,45.643198],[-121.75991,45.642363],[-121.757919,45.641439],[-121.757514,45.642862],[-121.758948,45.643198]]]},"properties":{"OBJECTID":175,"fhdFtrID":175,"fhdRefID":53684,"fhdRevDt":"20190214","fhdONm":"Peter Robinson","fhdOEnt":"ODFW","fhdSpNm":"Brook trout","fhdRun":"NA","fhdLifeHst":"FluvAdfluvRes","fhdUseTy":"ResidentMultipleUses","fhdBasis":"UndocObsFish","fhdStNm":"North Lake","fhdGenus":"Salvelinus","fhdSp":"fontinalis","fhdSubSp":null,"fhdOrig":"NonNative","fhdProd":"Natural","fhdComment":null,"fhdESH":"NA","fhdBasisD":null,"fhdNMF":"no","fhdBasisDt":null,"fhdBasisNm":null,"fhdBasisEnt":null,"fhdBasisPrj":null,"fhdBasisMethod":null,"fhdAccess":null,"fhdBarrierFtrID":null,"fhdEndExtent":null,"Shape__Area":66661.010974615,"Shape__Length":1201.7391703293395,"habitatType":"lake"},"id":527},
{"type":"Feature","geometry":{"type":"Polygon","coordinates":[[[-122.000296,43.41286],[-121.996871,43.415928],[-122.000617,43.415618],[-122.000296,43.41286]]]},"properties":{"OBJECTID":176,"fhdFtrID":176,"fhdRefID":53684,"fhdRevDt":"20190214","fhdONm":"Peter Robinson","fhdOEnt":"ODFW","fhdSpNm":"Brook trout","fhdRun":"NA","fhdLifeHst":"FluvAdfluvRes","fhdUseTy":"ResidentMultipleUses","fhdBasis":"UndocObsFish","fhdStNm":"Oldenburg Lake","fhdGenus":"Salvelinus","fhdSp":"fontinalis","fhdSubSp":null,"fhdOrig":"NonNative","fhdProd":"Natural","fhdComment":null,"fhdESH":"NA","fhdBasisD":null,"fhdNMF":"no","fhdBasisDt":null,"fhdBasisNm":null,"fhdBasisEnt":null,"fhdBasisPrj":null,"fhdBasisMethod":null,"fhdAccess":null,"fhdBarrierFtrID":null,"fhdEndExtent":null,"Shape__Area":180291.200982055,"Shape__Length":1821.3372869415946,"habitatType":"lake"},"id":528},
{"type":"Feature","geometry":{"type":"Polygon","coordinates":[[[-121.910277,43.78491],[-121.90988,43.78641],[-121.908377,43.787512],[-121.909171,43.789203],[-121.910888,43.788202],[-121.911177,43.785188],[-121.910277,43.78491]]]},"properties":{"OBJECTID":177,"fhdFtrID":177,"fhdRefID":53684,"fhdRevDt":"20190214","fhdONm":"Peter Robinson","fhdOEnt":"ODFW","fhdSpNm":"Brook trout","fhdRun":"NA","fhdLifeHst":"FluvAdfluvRes","fhdUseTy":"ResidentMultipleUses","fhdBasis":"UndocObsFish","fhdStNm":"Lemish Lake","fhdGenus":"Salvelinus","fhdSp":"fontinalis","fhdSubSp":null,"fhdOrig":"NonNative","fhdProd":"Natural","fhdComment":null,"fhdESH":"NA","fhdBasisD":null,"fhdNMF":"no","fhdBasisDt":null,"fhdBasisNm":null,"fhdBasisEnt":null,"fhdBasisPrj":null,"fhdBasisMethod":null,"fhdAccess":null,"fhdBarrierFtrID":null,"fhdEndExtent":null,"Shape__Area":125836.92018665,"Shape__Length":1660.5668756935195,"habitatType":"lake"},"id":529},
{"type":"Feature","geometry":{"type":"Polygon","coordinates":[[[-118.685668,44.293243],[-118.686767,44.293582],[-118.686714,44.292817],[-118.685668,44.293243]]]},"properties":{"OBJECTID":178,"fhdFtrID":178,"fhdRefID":53684,"fhdRevDt":"20190214","fhdONm":"Peter Robinson","fhdOEnt":"ODFW","fhdSpNm":"Brook trout","fhdRun":"NA","fhdLifeHst":"FluvAdfluvRes","fhdUseTy":"ResidentMultipleUses","fhdBasis":"UndocObsFish","fhdStNm":"Little Strawberry Lake","fhdGenus":"Salvelinus","fhdSp":"fontinalis","fhdSubSp":null,"fhdOrig":"NonNative","fhdProd":"Natural","fhdComment":null,"fhdESH":"NA","fhdBasisD":null,"fhdNMF":"no","fhdBasisDt":null,"fhdBasisNm":null,"fhdBasisEnt":null,"fhdBasisPrj":null,"fhdBasisMethod":null,"fhdAccess":null,"fhdBarrierFtrID":null,"fhdEndExtent":null,"Shape__Area":19500.809763725,"Shape__Length":550.9187924844255,"habitatType":"lake"},"id":530},
{"type":"Feature","geometry":{"type":"Polygon","coordinates":[[[-121.795036,45.569254],[-121.794509,45.569376],[-121.794829,45.570497],[-121.795745,45.569567],[-121.795036,45.569254]]]},"properties":{"OBJECTID":179,"fhdFtrID":179,"fhdRefID":53684,"fhdRevDt":"20190214","fhdONm":"Peter Robinson","fhdOEnt":"ODFW","fhdSpNm":"Brook trout","fhdRun":"NA","fhdLifeHst":"FluvAdfluvRes","fhdUseTy":"ResidentMultipleUses","fhdBasis":"UndocObsFish","fhdStNm":"Scout Lake","fhdGenus":"Salvelinus","fhdSp":"fontinalis","fhdSubSp":null,"fhdOrig":"NonNative","fhdProd":"Natural","fhdComment":null,"fhdESH":"NA","fhdBasisD":null,"fhdNMF":"no","fhdBasisDt":null,"fhdBasisNm":null,"fhdBasisEnt":null,"fhdBasisPrj":null,"fhdBasisMethod":null,"fhdAccess":null,"fhdBarrierFtrID":null,"fhdEndExtent":null,"Shape__Area":20235.09914168,"Shape__Length":563.9353004897791,"habitatType":"lake"},"id":531},
{"type":"Feature","geometry":{"type":"Polygon","coordinates":[[[-118.664817,44.286643],[-118.663581,44.286846],[-118.664328,44.287555],[-118.664817,44.286643]]]},"properties":{"OBJECTID":180,"fhdFtrID":180,"fhdRefID":53684,"fhdRevDt":"20190214","fhdONm":"Peter Robinson","fhdOEnt":"ODFW","fhdSpNm":"Brook trout","fhdRun":"NA","fhdLifeHst":"FluvAdfluvRes","fhdUseTy":"ResidentMultipleUses","fhdBasis":"UndocObsFish","fhdStNm":"Little Slide Lake","fhdGenus":"Salvelinus","fhdSp":"fontinalis","fhdSubSp":null,"fhdOrig":"NonNative","fhdProd":"Natural","fhdComment":null,"fhdESH":"NA","fhdBasisD":null,"fhdNMF":"no","fhdBasisDt":null,"fhdBasisNm":null,"fhdBasisEnt":null,"fhdBasisPrj":null,"fhdBasisMethod":null,"fhdAccess":null,"fhdBarrierFtrID":null,"fhdEndExtent":null,"Shape__Area":17326.307035915,"Shape__Length":525.9866312253857,"habitatType":"lake"},"id":532},
{"type":"Feature","geometry":{"type":"Polygon","coordinates":[[[-121.783873,44.442019],[-121.786613,44.44393],[-121.788123,44.441768],[-121.783873,44.442019]]]},"properties":{"OBJECTID":181,"fhdFtrID":181,"fhdRefID":53684,"fhdRevDt":"20190214","fhdONm":"Peter Robinson","fhdOEnt":"ODFW","fhdSpNm":"Brook trout","fhdRun":"NA","fhdLifeHst":"FluvAdfluvRes","fhdUseTy":"ResidentMultipleUses","fhdBasis":"UndocObsFish","fhdStNm":"Round Lake","fhdGenus":"Salvelinus","fhdSp":"fontinalis","fhdSubSp":null,"fhdOrig":"NonNative","fhdProd":"Natural","fhdComment":null,"fhdESH":"NA","fhdBasisD":null,"fhdNMF":"no","fhdBasisDt":null,"fhdBasisNm":null,"fhdBasisEnt":null,"fhdBasisPrj":null,"fhdBasisMethod":null,"fhdAccess":null,"fhdBarrierFtrID":null,"fhdEndExtent":null,"Shape__Area":185029.13410277,"Shape__Length":1751.782350738394,"habitatType":"lake"},"id":533},
{"type":"Feature","geometry":{"type":"Polygon","coordinates":[[[-121.808333,44.433671],[-121.808128,44.43267],[-121.802702,44.431956],[-121.802535,44.433268],[-121.804992,44.433096],[-121.808333,44.433671]]]},"properties":{"OBJECTID":182,"fhdFtrID":182,"fhdRefID":53684,"fhdRevDt":"20190214","fhdONm":"Peter Robinson","fhdOEnt":"ODFW","fhdSpNm":"Brook trout","fhdRun":"NA","fhdLifeHst":"FluvAdfluvRes","fhdUseTy":"ResidentMultipleUses","fhdBasis":"UndocObsFish","fhdStNm":"Long Lake","fhdGenus":"Salvelinus","fhdSp":"fontinalis","fhdSubSp":null,"fhdOrig":"NonNative","fhdProd":"Natural","fhdComment":null,"fhdESH":"NA","fhdBasisD":null,"fhdNMF":"no","fhdBasisDt":null,"fhdBasisNm":null,"fhdBasisEnt":null,"fhdBasisPrj":null,"fhdBasisMethod":null,"fhdAccess":null,"fhdBarrierFtrID":null,"fhdEndExtent":null,"Shape__Area":138866.318350905,"Shape__Length":2165.5400817393406,"habitatType":"lake"},"id":534},
{"type":"Feature","geometry":{"type":"Polygon","coordinates":[[[-121.780127,44.392887],[-121.780776,44.394613],[-121.782057,44.394429],[-121.781653,44.393344],[-121.780127,44.392887]]]},"properties":{"OBJECTID":183,"fhdFtrID":183,"fhdRefID":53684,"fhdRevDt":"20190214","fhdONm":"Peter Robinson","fhdOEnt":"ODFW","fhdSpNm":"Brook trout","fhdRun":"NA","fhdLifeHst":"FluvAdfluvRes","fhdUseTy":"ResidentMultipleUses","fhdBasis":"UndocObsFish","fhdStNm":"Cache Lake","fhdGenus":"Salvelinus","fhdSp":"fontinalis","fhdSubSp":null,"fhdOrig":"NonNative","fhdProd":"Natural","fhdComment":null,"fhdESH":"NA","fhdBasisD":null,"fhdNMF":"no","fhdBasisDt":null,"fhdBasisNm":null,"fhdBasisEnt":null,"fhdBasisPrj":null,"fhdBasisMethod":null,"fhdAccess":null,"fhdBarrierFtrID":null,"fhdEndExtent":null,"Shape__Area":51649.831762845,"Shape__Length":994.346484913217,"habitatType":"lake"},"id":535},
{"type":"Feature","geometry":{"type":"Polygon","coordinates":[[[-121.827758,44.039145],[-121.827117,44.04084],[-121.829062,44.040905],[-121.827758,44.039145]]]},"properties":{"OBJECTID":184,"fhdFtrID":184,"fhdRefID":53684,"fhdRevDt":"20190214","fhdONm":"Peter Robinson","fhdOEnt":"ODFW","fhdSpNm":"Brook trout","fhdRun":"NA","fhdLifeHst":"FluvAdfluvRes","fhdUseTy":"ResidentMultipleUses","fhdBasis":"UndocObsFish","fhdStNm":"Sisters Mirror Lake","fhdGenus":"Salvelinus","fhdSp":"fontinalis","fhdSubSp":null,"fhdOrig":"NonNative","fhdProd":"Natural","fhdComment":null,"fhdESH":"NA","fhdBasisD":null,"fhdNMF":"no","fhdBasisDt":null,"fhdBasisNm":null,"fhdBasisEnt":null,"fhdBasisPrj":null,"fhdBasisMethod":null,"fhdAccess":null,"fhdBarrierFtrID":null,"fhdEndExtent":null,"Shape__Area":50983.142136,"Shape__Length":932.7844403152556,"habitatType":"lake"},"id":536},
{"type":"Feature","geometry":{"type":"Polygon","coordinates":[[[-121.781067,44.797432],[-121.784202,44.794612],[-121.789227,44.794985],[-121.791105,44.791472],[-121.786043,44.788871],[-121.784894,44.792439],[-121.783217,44.794118],[-121.780634,44.794383],[-121.781067,44.797432]]]},"properties":{"OBJECTID":185,"fhdFtrID":185,"fhdRefID":53684,"fhdRevDt":"20190214","fhdONm":"Peter Robinson","fhdOEnt":"ODFW","fhdSpNm":"Brook trout","fhdRun":"NA","fhdLifeHst":"FluvAdfluvRes","fhdUseTy":"ResidentMultipleUses","fhdBasis":"UndocObsFish","fhdStNm":"Monon Lake","fhdGenus":"Salvelinus","fhdSp":"fontinalis","fhdSubSp":null,"fhdOrig":"NonNative","fhdProd":"Natural","fhdComment":null,"fhdESH":"NA","fhdBasisD":null,"fhdNMF":"no","fhdBasisDt":null,"fhdBasisNm":null,"fhdBasisEnt":null,"fhdBasisPrj":null,"fhdBasisMethod":null,"fhdAccess":null,"fhdBarrierFtrID":null,"fhdEndExtent":null,"Shape__Area":758129.12552747,"Shape__Length":6142.422313720564,"habitatType":"lake"},"id":537},
{"type":"Feature","geometry":{"type":"Polygon","coordinates":[[[-121.641738,44.100439],[-121.643241,44.102131],[-121.645041,44.100424],[-121.641738,44.100439]]]},"properties":{"OBJECTID":186,"fhdFtrID":186,"fhdRefID":53684,"fhdRevDt":"20190214","fhdONm":"Peter Robinson","fhdOEnt":"ODFW","fhdSpNm":"Brook trout","fhdRun":"NA","fhdLifeHst":"FluvAdfluvRes","fhdUseTy":"ResidentMultipleUses","fhdBasis":"UndocObsFish","fhdStNm":"Little Three Creek Lake","fhdGenus":"Salvelinus","fhdSp":"fontinalis","fhdSubSp":null,"fhdOrig":"NonNative","fhdProd":"Natural","fhdComment":null,"fhdESH":"NA","fhdBasisD":null,"fhdNMF":"no","fhdBasisDt":null,"fhdBasisNm":null,"fhdBasisEnt":null,"fhdBasisPrj":null,"fhdBasisMethod":null,"fhdAccess":null,"fhdBarrierFtrID":null,"fhdEndExtent":null,"Shape__Area":93007.12922988,"Shape__Length":2056.044248672211,"habitatType":"lake"},"id":538},
{"type":"Feature","geometry":{"type":"Polygon","coordinates":[[[-121.907492,43.806249],[-121.907965,43.805407],[-121.905692,43.804899],[-121.90547,43.806004],[-121.907492,43.806249]]]},"properties":{"OBJECTID":187,"fhdFtrID":187,"fhdRefID":53684,"fhdRevDt":"20190214","fhdONm":"Peter Robinson","fhdOEnt":"ODFW","fhdSpNm":"Brook trout","fhdRun":"NA","fhdLifeHst":"FluvAdfluvRes","fhdUseTy":"ResidentMultipleUses","fhdBasis":"UndocObsFish","fhdStNm":"Raft Lake","fhdGenus":"Salvelinus","fhdSp":"fontinalis","fhdSubSp":null,"fhdOrig":"NonNative","fhdProd":"Natural","fhdComment":null,"fhdESH":"NA","fhdBasisD":null,"fhdNMF":"no","fhdBasisDt":null,"fhdBasisNm":null,"fhdBasisEnt":null,"fhdBasisPrj":null,"fhdBasisMethod":null,"fhdAccess":null,"fhdBarrierFtrID":null,"fhdEndExtent":null,"Shape__Area":58305.523671855,"Shape__Length":1112.2897463333843,"habitatType":"lake"},"id":539},
{"type":"Feature","geometry":{"type":"Polygon","coordinates":[[[-118.683151,44.309841],[-118.686744,44.308266],[-118.688278,44.30511],[-118.684936,44.305164],[-118.682174,44.308208],[-118.683151,44.309841]]]},"properties":{"OBJECTID":188,"fhdFtrID":188,"fhdRefID":53684,"fhdRevDt":"20190214","fhdONm":"Peter Robinson","fhdOEnt":"ODFW","fhdSpNm":"Brook trout","fhdRun":"NA","fhdLifeHst":"FluvAdfluvRes","fhdUseTy":"ResidentMultipleUses","fhdBasis":"UndocObsFish","fhdStNm":"Strawberry Lake","fhdGenus":"Salvelinus","fhdSp":"fontinalis","fhdSubSp":null,"fhdOrig":"NonNative","fhdProd":"Natural","fhdComment":null,"fhdESH":"NA","fhdBasisD":null,"fhdNMF":"no","fhdBasisDt":null,"fhdBasisNm":null,"fhdBasisEnt":null,"fhdBasisPrj":null,"fhdBasisMethod":null,"fhdAccess":null,"fhdBarrierFtrID":null,"fhdEndExtent":null,"Shape__Area":271294.76300264,"Shape__Length":2679.787106331618,"habitatType":"lake"},"id":540},
{"type":"Feature","geometry":{"type":"Polygon","coordinates":[[[-122.074485,43.428305],[-122.076384,43.428267],[-122.075507,43.426585],[-122.074072,43.4275],[-122.074485,43.428305]]]},"properties":{"OBJECTID":189,"fhdFtrID":189,"fhdRefID":53684,"fhdRevDt":"20190214","fhdONm":"Peter Robinson","fhdOEnt":"ODFW","fhdSpNm":"Brook trout","fhdRun":"NA","fhdLifeHst":"FluvAdfluvRes","fhdUseTy":"ResidentMultipleUses","fhdBasis":"UndocObsFish","fhdStNm":"Windy Lakes","fhdGenus":"Salvelinus","fhdSp":"fontinalis","fhdSubSp":null,"fhdOrig":"NonNative","fhdProd":"Natural","fhdComment":null,"fhdESH":"NA","fhdBasisD":null,"fhdNMF":"no","fhdBasisDt":null,"fhdBasisNm":null,"fhdBasisEnt":null,"fhdBasisPrj":null,"fhdBasisMethod":null,"fhdAccess":null,"fhdBarrierFtrID":null,"fhdEndExtent":null,"Shape__Area":99834.310003865,"Shape__Length":1947.2239713619415,"habitatType":"lake"},"id":541},
{"type":"Feature","geometry":{"type":"Polygon","coordinates":[[[-121.931754,43.807064],[-121.932227,43.807303],[-121.933684,43.806344],[-121.931334,43.806421],[-121.931754,43.807064]]]},"properties":{"OBJECTID":190,"fhdFtrID":190,"fhdRefID":53684,"fhdRevDt":"20190214","fhdONm":"Peter Robinson","fhdOEnt":"ODFW","fhdSpNm":"Brook trout","fhdRun":"NA","fhdLifeHst":"FluvAdfluvRes","fhdUseTy":"ResidentMultipleUses","fhdBasis":"UndocObsFish","fhdStNm":"East Hanks Lake","fhdGenus":"Salvelinus","fhdSp":"fontinalis","fhdSubSp":null,"fhdOrig":"NonNative","fhdProd":"Natural","fhdComment":null,"fhdESH":"NA","fhdBasisD":null,"fhdNMF":"no","fhdBasisDt":null,"fhdBasisNm":null,"fhdBasisEnt":null,"fhdBasisPrj":null,"fhdBasisMethod":null,"fhdAccess":null,"fhdBarrierFtrID":null,"fhdEndExtent":null,"Shape__Area":36111.30336827,"Shape__Length":1023.2552182740292,"habitatType":"lake"},"id":542},
{"type":"Feature","geometry":{"type":"Polygon","coordinates":[[[-118.662886,44.288265],[-118.661589,44.289904],[-118.662848,44.290435],[-118.66445,44.288724],[-118.662886,44.288265]]]},"properties":{"OBJECTID":191,"fhdFtrID":191,"fhdRefID":53684,"fhdRevDt":"20190214","fhdONm":"Peter Robinson","fhdOEnt":"ODFW","fhdSpNm":"Brook trout","fhdRun":"NA","fhdLifeHst":"FluvAdfluvRes","fhdUseTy":"ResidentMultipleUses","fhdBasis":"UndocObsFish","fhdStNm":"Slide Lake","fhdGenus":"Salvelinus","fhdSp":"fontinalis","fhdSubSp":null,"fhdOrig":"NonNative","fhdProd":"Natural","fhdComment":null,"fhdESH":"NA","fhdBasisD":null,"fhdNMF":"no","fhdBasisDt":null,"fhdBasisNm":null,"fhdBasisEnt":null,"fhdBasisPrj":null,"fhdBasisMethod":null,"fhdAccess":null,"fhdBarrierFtrID":null,"fhdEndExtent":null,"Shape__Area":78468.14418363,"Shape__Length":1142.7639068466997,"habitatType":"lake"},"id":543},
{"type":"Feature","geometry":{"type":"Polygon","coordinates":[[[-118.264532,44.934045],[-118.26393,44.936419],[-118.266061,44.936346],[-118.266501,44.934775],[-118.264532,44.934045]]]},"properties":{"OBJECTID":192,"fhdFtrID":192,"fhdRefID":53684,"fhdRevDt":"20190214","fhdONm":"Peter Robinson","fhdOEnt":"ODFW","fhdSpNm":"Brook trout","fhdRun":"NA","fhdLifeHst":"FluvAdfluvRes","fhdUseTy":"ResidentMultipleUses","fhdBasis":"UndocObsFish","fhdStNm":"Crawfish Lake","fhdGenus":"Salvelinus","fhdSp":"fontinalis","fhdSubSp":null,"fhdOrig":"NonNative","fhdProd":"Natural","fhdComment":null,"fhdESH":"NA","fhdBasisD":null,"fhdNMF":"no","fhdBasisDt":null,"fhdBasisNm":null,"fhdBasisEnt":null,"fhdBasisPrj":null,"fhdBasisMethod":null,"fhdAccess":null,"fhdBarrierFtrID":null,"fhdEndExtent":null,"Shape__Area":125898.01483047,"Shape__Length":1437.6941036335322,"habitatType":"lake"},"id":544},
{"type":"Feature","geometry":{"type":"Polygon","coordinates":[[[-121.789059,44.813585],[-121.793959,44.811458],[-121.793188,44.808167],[-121.78667,44.801415],[-121.784367,44.802689],[-121.782262,44.800356],[-121.77945,44.800242],[-121.776261,44.803749],[-121.78326,44.806402],[-121.783477,44.808027],[-121.787972,44.810478],[-121.789059,44.813585]]]},"properties":{"OBJECTID":193,"fhdFtrID":193,"fhdRefID":53684,"fhdRevDt":"20190214","fhdONm":"Peter Robinson","fhdOEnt":"ODFW","fhdSpNm":"Brook trout","fhdRun":"NA","fhdLifeHst":"FluvAdfluvRes","fhdUseTy":"ResidentMultipleUses","fhdBasis":"UndocObsFish","fhdStNm":"Olallie Lake","fhdGenus":"Salvelinus","fhdSp":"fontinalis","fhdSubSp":null,"fhdOrig":"NonNative","fhdProd":"Natural","fhdComment":null,"fhdESH":"NA","fhdBasisD":null,"fhdNMF":"no","fhdBasisDt":null,"fhdBasisNm":null,"fhdBasisEnt":null,"fhdBasisPrj":null,"fhdBasisMethod":null,"fhdAccess":null,"fhdBarrierFtrID":null,"fhdEndExtent":null,"Shape__Area":1567928.75026165,"Shape__Length":9737.37894694397,"habitatType":"lake"},"id":545},
{"type":"Feature","geometry":{"type":"Polygon","coordinates":[[[-121.559813,45.302899],[-121.565473,45.298938],[-121.563519,45.297156],[-121.561005,45.298406],[-121.55847,45.302141],[-121.559813,45.302899]]]},"properties":{"OBJECTID":194,"fhdFtrID":194,"fhdRefID":53684,"fhdRevDt":"20190214","fhdONm":"Peter Robinson","fhdOEnt":"ODFW","fhdSpNm":"Brook trout","fhdRun":"NA","fhdLifeHst":"FluvAdfluvRes","fhdUseTy":"ResidentMultipleUses","fhdBasis":"UndocObsFish","fhdStNm":"Badger Lake","fhdGenus":"Salvelinus","fhdSp":"fontinalis","fhdSubSp":null,"fhdOrig":"NonNative","fhdProd":"Natural","fhdComment":null,"fhdESH":"NA","fhdBasisD":null,"fhdNMF":"no","fhdBasisDt":null,"fhdBasisNm":null,"fhdBasisEnt":null,"fhdBasisPrj":null,"fhdBasisMethod":null,"fhdAccess":null,"fhdBarrierFtrID":null,"fhdEndExtent":null,"Shape__Area":372093.99386642,"Shape__Length":2752.31923010515,"habitatType":"lake"},"id":546},
{"type":"Feature","geometry":{"type":"Polygon","coordinates":[[[-121.780089,44.797953],[-121.779704,44.798325],[-121.780521,44.798513],[-121.780922,44.79816],[-121.780089,44.797953]]]},"properties":{"OBJECTID":195,"fhdFtrID":195,"fhdRefID":53684,"fhdRevDt":"20190214","fhdONm":"Peter Robinson","fhdOEnt":"ODFW","fhdSpNm":"Brook trout","fhdRun":"NA","fhdLifeHst":"FluvAdfluvRes","fhdUseTy":"ResidentMultipleUses","fhdBasis":"UndocObsFish","fhdStNm":"Mangriff Lake","fhdGenus":"Salvelinus","fhdSp":"fontinalis","fhdSubSp":null,"fhdOrig":"NonNative","fhdProd":"Natural","fhdComment":null,"fhdESH":"NA","fhdBasisD":null,"fhdNMF":"no","fhdBasisDt":null,"fhdBasisNm":null,"fhdBasisEnt":null,"fhdBasisPrj":null,"fhdBasisMethod":null,"fhdAccess":null,"fhdBarrierFtrID":null,"fhdEndExtent":null,"Shape__Area":9183.249925305,"Shape__Length":369.43561718464565,"habitatType":"lake"},"id":547},
{"type":"Feature","geometry":{"type":"Polygon","coordinates":[[[-121.975142,43.663347],[-121.981574,43.662856],[-121.983137,43.660988],[-121.982535,43.658551],[-121.975913,43.662229],[-121.973495,43.660001],[-121.969581,43.661064],[-121.975142,43.663347]]]},"properties":{"OBJECTID":196,"fhdFtrID":196,"fhdRefID":53684,"fhdRevDt":"20190214","fhdONm":"Peter Robinson","fhdOEnt":"ODFW","fhdSpNm":"Brook trout","fhdRun":"NA","fhdLifeHst":"FluvAdfluvRes","fhdUseTy":"ResidentMultipleUses","fhdBasis":"UndocObsFish","fhdStNm":"Bobby Lake","fhdGenus":"Salvelinus","fhdSp":"fontinalis","fhdSubSp":null,"fhdOrig":"NonNative","fhdProd":"Natural","fhdComment":null,"fhdESH":"NA","fhdBasisD":null,"fhdNMF":"no","fhdBasisDt":null,"fhdBasisNm":null,"fhdBasisEnt":null,"fhdBasisPrj":null,"fhdBasisMethod":null,"fhdAccess":null,"fhdBarrierFtrID":null,"fhdEndExtent":null,"Shape__Area":615416.434037025,"Shape__Length":5404.595785469566,"habitatType":"lake"},"id":548},
{"type":"Feature","geometry":{"type":"Polygon","coordinates":[[[-118.314225,44.843713],[-118.312683,44.845112],[-118.313917,44.847056],[-118.316227,44.845634],[-118.314225,44.843713]]]},"properties":{"OBJECTID":197,"fhdFtrID":197,"fhdRefID":53684,"fhdRevDt":"20190214","fhdONm":"Peter Robinson","fhdOEnt":"ODFW","fhdSpNm":"Brook trout","fhdRun":"NA","fhdLifeHst":"FluvAdfluvRes","fhdUseTy":"ResidentMultipleUses","fhdBasis":"UndocObsFish","fhdStNm":"Baldy Lake","fhdGenus":"Salvelinus","fhdSp":"fontinalis","fhdSubSp":null,"fhdOrig":"NonNative","fhdProd":"Natural","fhdComment":null,"fhdESH":"NA","fhdBasisD":null,"fhdNMF":"no","fhdBasisDt":null,"fhdBasisNm":null,"fhdBasisEnt":null,"fhdBasisPrj":null,"fhdBasisMethod":null,"fhdAccess":null,"fhdBarrierFtrID":null,"fhdEndExtent":null,"Shape__Area":150858.48253761,"Shape__Length":1430.4126887440566,"habitatType":"lake"},"id":549},
{"type":"Feature","geometry":{"type":"Polygon","coordinates":[[[-122.085601,43.476856],[-122.088477,43.477158],[-122.087851,43.475712],[-122.085601,43.476856]]]},"properties":{"OBJECTID":198,"fhdFtrID":198,"fhdRefID":53684,"fhdRevDt":"20190214","fhdONm":"Peter Robinson","fhdOEnt":"ODFW","fhdSpNm":"Brook trout","fhdRun":"NA","fhdLifeHst":"FluvAdfluvRes","fhdUseTy":"ResidentMultipleUses","fhdBasis":"UndocObsFish","fhdStNm":"Snell Lake","fhdGenus":"Salvelinus","fhdSp":"fontinalis","fhdSubSp":null,"fhdOrig":"NonNative","fhdProd":"Natural","fhdComment":null,"fhdESH":"NA","fhdBasisD":null,"fhdNMF":"no","fhdBasisDt":null,"fhdBasisNm":null,"fhdBasisEnt":null,"fhdBasisPrj":null,"fhdBasisMethod":null,"fhdAccess":null,"fhdBarrierFtrID":null,"fhdEndExtent":null,"Shape__Area":76989.33070629,"Shape__Length":1588.4399049284696,"habitatType":"lake"},"id":550},
{"type":"Feature","geometry":{"type":"Polygon","coordinates":[[[-121.902197,43.883855],[-121.904204,43.885297],[-121.908347,43.882401],[-121.90383,43.881404],[-121.902197,43.883855]]]},"properties":{"OBJECTID":199,"fhdFtrID":199,"fhdRefID":53684,"fhdRevDt":"20190214","fhdONm":"Peter Robinson","fhdOEnt":"ODFW","fhdSpNm":"Brook trout","fhdRun":"NA","fhdLifeHst":"FluvAdfluvRes","fhdUseTy":"ResidentMultipleUses","fhdBasis":"UndocObsFish","fhdStNm":"Winopee Lake","fhdGenus":"Salvelinus","fhdSp":"fontinalis","fhdSubSp":null,"fhdOrig":"NonNative","fhdProd":"Natural","fhdComment":null,"fhdESH":"NA","fhdBasisD":null,"fhdNMF":"no","fhdBasisDt":null,"fhdBasisNm":null,"fhdBasisEnt":null,"fhdBasisPrj":null,"fhdBasisMethod":null,"fhdAccess":null,"fhdBarrierFtrID":null,"fhdEndExtent":null,"Shape__Area":520257.034499015,"Shape__Length":9407.261677625907,"habitatType":"lake"},"id":551},
{"type":"Feature","geometry":{"type":"Polygon","coordinates":[[[-121.567445,45.307994],[-121.56747,45.309105],[-121.568962,45.308435],[-121.567445,45.307994]]]},"properties":{"OBJECTID":200,"fhdFtrID":200,"fhdRefID":53684,"fhdRevDt":"20190214","fhdONm":"Peter Robinson","fhdOEnt":"ODFW","fhdSpNm":"Brook trout","fhdRun":"NA","fhdLifeHst":"FluvAdfluvRes","fhdUseTy":"ResidentMultipleUses","fhdBasis":"UndocObsFish","fhdStNm":"Jean Lake","fhdGenus":"Salvelinus","fhdSp":"fontinalis","fhdSubSp":null,"fhdOrig":"NonNative","fhdProd":"Natural","fhdComment":null,"fhdESH":"NA","fhdBasisD":null,"fhdNMF":"no","fhdBasisDt":null,"fhdBasisNm":null,"fhdBasisEnt":null,"fhdBasisPrj":null,"fhdBasisMethod":null,"fhdAccess":null,"fhdBarrierFtrID":null,"fhdEndExtent":null,"Shape__Area":43036.12841048,"Shape__Length":848.2280687195791,"habitatType":"lake"},"id":552},
{"type":"Feature","geometry":{"type":"Polygon","coordinates":[[[-122.053481,43.421704],[-122.053092,43.42397],[-122.054976,43.424247],[-122.053481,43.421704]]]},"properties":{"OBJECTID":201,"fhdFtrID":201,"fhdRefID":53684,"fhdRevDt":"20190214","fhdONm":"Peter Robinson","fhdOEnt":"ODFW","fhdSpNm":"Brook trout","fhdRun":"NA","fhdLifeHst":"FluvAdfluvRes","fhdUseTy":"ResidentMultipleUses","fhdBasis":"UndocObsFish","fhdStNm":"Suzanne Lake","fhdGenus":"Salvelinus","fhdSp":"fontinalis","fhdSubSp":null,"fhdOrig":"NonNative","fhdProd":"Natural","fhdComment":null,"fhdESH":"NA","fhdBasisD":null,"fhdNMF":"no","fhdBasisDt":null,"fhdBasisNm":null,"fhdBasisEnt":null,"fhdBasisPrj":null,"fhdBasisMethod":null,"fhdAccess":null,"fhdBarrierFtrID":null,"fhdEndExtent":null,"Shape__Area":67875.83252362,"Shape__Length":1140.5407927803228,"habitatType":"lake"},"id":553},
{"type":"Feature","geometry":{"type":"Polygon","coordinates":[[[-121.624821,44.102577],[-121.626306,44.102607],[-121.630456,44.099863],[-121.630702,44.097632],[-121.627822,44.095978],[-121.624023,44.096004],[-121.624973,44.098708],[-121.623535,44.100923],[-121.624821,44.102577]]]},"properties":{"OBJECTID":202,"fhdFtrID":202,"fhdRefID":53684,"fhdRevDt":"20190214","fhdONm":"Peter Robinson","fhdOEnt":"ODFW","fhdSpNm":"Brook trout","fhdRun":"NA","fhdLifeHst":"FluvAdfluvRes","fhdUseTy":"ResidentMultipleUses","fhdBasis":"UndocObsFish","fhdStNm":"Three Creek Lake","fhdGenus":"Salvelinus","fhdSp":"fontinalis","fhdSubSp":null,"fhdOrig":"NonNative","fhdProd":"Natural","fhdComment":null,"fhdESH":"NA","fhdBasisD":null,"fhdNMF":"no","fhdBasisDt":null,"fhdBasisNm":null,"fhdBasisEnt":null,"fhdBasisPrj":null,"fhdBasisMethod":null,"fhdAccess":null,"fhdBarrierFtrID":null,"fhdEndExtent":null,"Shape__Area":580986.4089599,"Shape__Length":3251.771347507709,"habitatType":"lake"},"id":554},
{"type":"Feature","geometry":{"type":"Polygon","coordinates":[[[-121.785475,45.255671],[-121.785366,45.25645],[-121.786384,45.256472],[-121.786066,45.255616],[-121.785475,45.255671]]]},"properties":{"OBJECTID":203,"fhdFtrID":203,"fhdRefID":53684,"fhdRevDt":"20190214","fhdONm":"Peter Robinson","fhdOEnt":"ODFW","fhdSpNm":"Brook trout","fhdRun":"NA","fhdLifeHst":"FluvAdfluvRes","fhdUseTy":"ResidentMultipleUses","fhdBasis":"UndocObsFish","fhdStNm":"Veda Lake","fhdGenus":"Salvelinus","fhdSp":"fontinalis","fhdSubSp":null,"fhdOrig":"NonNative","fhdProd":"Natural","fhdComment":null,"fhdESH":"NA","fhdBasisD":null,"fhdNMF":"no","fhdBasisDt":null,"fhdBasisNm":null,"fhdBasisEnt":null,"fhdBasisPrj":null,"fhdBasisMethod":null,"fhdAccess":null,"fhdBarrierFtrID":null,"fhdEndExtent":null,"Shape__Area":19059.644848645,"Shape__Length":500.8921135337063,"habitatType":"lake"},"id":555},
{"type":"Feature","geometry":{"type":"Polygon","coordinates":[[[-121.80179,45.350084],[-121.801797,45.351713],[-121.803634,45.350441],[-121.80179,45.350084]]]},"properties":{"OBJECTID":204,"fhdFtrID":204,"fhdRefID":53684,"fhdRevDt":"20190214","fhdONm":"Peter Robinson","fhdOEnt":"ODFW","fhdSpNm":"Brook trout","fhdRun":"NA","fhdLifeHst":"FluvAdfluvRes","fhdUseTy":"ResidentMultipleUses","fhdBasis":"UndocObsFish","fhdStNm":"Burnt Lake","fhdGenus":"Salvelinus","fhdSp":"fontinalis","fhdSubSp":null,"fhdOrig":"NonNative","fhdProd":"Natural","fhdComment":null,"fhdESH":"NA","fhdBasisD":null,"fhdNMF":"no","fhdBasisDt":null,"fhdBasisNm":null,"fhdBasisEnt":null,"fhdBasisPrj":null,"fhdBasisMethod":null,"fhdAccess":null,"fhdBarrierFtrID":null,"fhdEndExtent":null,"Shape__Area":49046.01694078,"Shape__Length":843.4309018305553,"habitatType":"lake"},"id":556},
{"type":"Feature","geometry":{"type":"Polygon","coordinates":[[[-121.837731,45.35039],[-121.837295,45.349699],[-121.835887,45.349589],[-121.836712,45.350637],[-121.837731,45.35039]]]},"properties":{"OBJECTID":205,"fhdFtrID":205,"fhdRefID":53684,"fhdRevDt":"20190214","fhdONm":"Peter Robinson","fhdOEnt":"ODFW","fhdSpNm":"Brook trout","fhdRun":"NA","fhdLifeHst":"FluvAdfluvRes","fhdUseTy":"ResidentMultipleUses","fhdBasis":"UndocObsFish","fhdStNm":"Cast Lake","fhdGenus":"Salvelinus","fhdSp":"fontinalis","fhdSubSp":null,"fhdOrig":"NonNative","fhdProd":"Natural","fhdComment":null,"fhdESH":"NA","fhdBasisD":null,"fhdNMF":"no","fhdBasisDt":null,"fhdBasisNm":null,"fhdBasisEnt":null,"fhdBasisPrj":null,"fhdBasisMethod":null,"fhdAccess":null,"fhdBarrierFtrID":null,"fhdEndExtent":null,"Shape__Area":40796.86901729,"Shape__Length":1016.2303578711146,"habitatType":"lake"},"id":557},
{"type":"Feature","geometry":{"type":"Polygon","coordinates":[[[-121.792435,45.296285],[-121.791891,45.297662],[-121.79385,45.297465],[-121.792435,45.296285]]]},"properties":{"OBJECTID":206,"fhdFtrID":206,"fhdRefID":53684,"fhdRevDt":"20190214","fhdONm":"Peter Robinson","fhdOEnt":"ODFW","fhdSpNm":"Brook trout","fhdRun":"NA","fhdLifeHst":"FluvAdfluvRes","fhdUseTy":"ResidentMultipleUses","fhdBasis":"UndocObsFish","fhdStNm":"Mirror Lake","fhdGenus":"Salvelinus","fhdSp":"fontinalis","fhdSubSp":null,"fhdOrig":"NonNative","fhdProd":"Natural","fhdComment":null,"fhdESH":"NA","fhdBasisD":null,"fhdNMF":"no","fhdBasisDt":null,"fhdBasisNm":null,"fhdBasisEnt":null,"fhdBasisPrj":null,"fhdBasisMethod":null,"fhdAccess":null,"fhdBarrierFtrID":null,"fhdEndExtent":null,"Shape__Area":45685.940780255,"Shape__Length":784.4752365436468,"habitatType":"lake"},"id":558},
{"type":"Feature","geometry":{"type":"Polygon","coordinates":[[[-121.9921,45.226431],[-121.991286,45.227513],[-121.99301,45.227622],[-121.9921,45.226431]]]},"properties":{"OBJECTID":207,"fhdFtrID":207,"fhdRefID":53684,"fhdRevDt":"20190214","fhdONm":"Peter Robinson","fhdOEnt":"ODFW","fhdSpNm":"Brook trout","fhdRun":"NA","fhdLifeHst":"FluvAdfluvRes","fhdUseTy":"ResidentMultipleUses","fhdBasis":"UndocObsFish","fhdStNm":"Plaza Lake","fhdGenus":"Salvelinus","fhdSp":"fontinalis","fhdSubSp":null,"fhdOrig":"NonNative","fhdProd":"Natural","fhdComment":null,"fhdESH":"NA","fhdBasisD":null,"fhdNMF":"no","fhdBasisDt":null,"fhdBasisNm":null,"fhdBasisEnt":null,"fhdBasisPrj":null,"fhdBasisMethod":null,"fhdAccess":null,"fhdBarrierFtrID":null,"fhdEndExtent":null,"Shape__Area":42385.077861435,"Shape__Length":743.8919094955488,"habitatType":"lake"},"id":559},
{"type":"Feature","geometry":{"type":"Polygon","coordinates":[[[-121.790372,45.284494],[-121.791896,45.284439],[-121.792207,45.283803],[-121.790917,45.28405],[-121.790372,45.284494]]]},"properties":{"OBJECTID":208,"fhdFtrID":208,"fhdRefID":53684,"fhdRevDt":"20190214","fhdONm":"Peter Robinson","fhdOEnt":"ODFW","fhdSpNm":"Brook trout","fhdRun":"NA","fhdLifeHst":"FluvAdfluvRes","fhdUseTy":"ResidentMultipleUses","fhdBasis":"UndocObsFish","fhdStNm":"Wind Lake","fhdGenus":"Salvelinus","fhdSp":"fontinalis","fhdSubSp":null,"fhdOrig":"NonNative","fhdProd":"Natural","fhdComment":null,"fhdESH":"NA","fhdBasisD":null,"fhdNMF":"no","fhdBasisDt":null,"fhdBasisNm":null,"fhdBasisEnt":null,"fhdBasisPrj":null,"fhdBasisMethod":null,"fhdAccess":null,"fhdBarrierFtrID":null,"fhdEndExtent":null,"Shape__Area":16089.849453155,"Shape__Length":603.5044482725365,"habitatType":"lake"},"id":560},
{"type":"Feature","geometry":{"type":"Polygon","coordinates":[[[-121.885778,44.002691],[-121.886339,44.003962],[-121.887702,44.003844],[-121.885778,44.002691]]]},"properties":{"OBJECTID":209,"fhdFtrID":209,"fhdRefID":53684,"fhdRevDt":"20190214","fhdONm":"Peter Robinson","fhdOEnt":"ODFW","fhdSpNm":"Brook trout","fhdRun":"NA","fhdLifeHst":"FluvAdfluvRes","fhdUseTy":"ResidentMultipleUses","fhdBasis":"UndocObsFish","fhdStNm":"Middle Horse Lake","fhdGenus":"Salvelinus","fhdSp":"fontinalis","fhdSubSp":null,"fhdOrig":"NonNative","fhdProd":"Natural","fhdComment":null,"fhdESH":"NA","fhdBasisD":null,"fhdNMF":"no","fhdBasisDt":null,"fhdBasisNm":null,"fhdBasisEnt":null,"fhdBasisPrj":null,"fhdBasisMethod":null,"fhdAccess":null,"fhdBarrierFtrID":null,"fhdEndExtent":null,"Shape__Area":29110.179141315,"Shape__Length":720.1215508568708,"habitatType":"lake"},"id":561},
{"type":"Feature","geometry":{"type":"Polygon","coordinates":[[[-121.961011,45.106875],[-121.96218,45.105125],[-121.959902,45.105037],[-121.961011,45.106875]]]},"properties":{"OBJECTID":210,"fhdFtrID":210,"fhdRefID":53684,"fhdRevDt":"20190214","fhdONm":"Peter Robinson","fhdOEnt":"ODFW","fhdSpNm":"Brook trout","fhdRun":"NA","fhdLifeHst":"FluvAdfluvRes","fhdUseTy":"ResidentMultipleUses","fhdBasis":"UndocObsFish","fhdStNm":"Cottonwood Meadows Lake","fhdGenus":"Salvelinus","fhdSp":"fontinalis","fhdSubSp":null,"fhdOrig":"NonNative","fhdProd":"Natural","fhdComment":null,"fhdESH":"NA","fhdBasisD":null,"fhdNMF":"no","fhdBasisDt":null,"fhdBasisNm":null,"fhdBasisEnt":null,"fhdBasisPrj":null,"fhdBasisMethod":null,"fhdAccess":null,"fhdBarrierFtrID":null,"fhdEndExtent":null,"Shape__Area":71434.962324515,"Shape__Length":1145.0877891993873,"habitatType":"lake"},"id":562},
{"type":"Feature","geometry":{"type":"Polygon","coordinates":[[[-121.774382,44.768508],[-121.777114,44.771308],[-121.779395,44.770848],[-121.782139,44.768006],[-121.774382,44.768508]]]},"properties":{"OBJECTID":211,"fhdFtrID":211,"fhdRefID":53684,"fhdRevDt":"20190214","fhdONm":"Peter Robinson","fhdOEnt":"ODFW","fhdSpNm":"Brook trout","fhdRun":"NA","fhdLifeHst":"FluvAdfluvRes","fhdUseTy":"ResidentMultipleUses","fhdBasis":"UndocObsFish","fhdStNm":"Breitenbush Lake","fhdGenus":"Salvelinus","fhdSp":"fontinalis","fhdSubSp":null,"fhdOrig":"NonNative","fhdProd":"Natural","fhdComment":null,"fhdESH":"NA","fhdBasisD":null,"fhdNMF":"no","fhdBasisDt":null,"fhdBasisNm":null,"fhdBasisEnt":null,"fhdBasisPrj":null,"fhdBasisMethod":null,"fhdAccess":null,"fhdBarrierFtrID":null,"fhdEndExtent":null,"Shape__Area":391275.3911902,"Shape__Length":3826.8555588302806,"habitatType":"lake"},"id":563},
{"type":"Feature","geometry":{"type":"Polygon","coordinates":[[[-122.118842,44.859997],[-122.119443,44.859519],[-122.118378,44.859212],[-122.118842,44.859997]]]},"properties":{"OBJECTID":212,"fhdFtrID":212,"fhdRefID":53684,"fhdRevDt":"20190214","fhdONm":"Peter Robinson","fhdOEnt":"ODFW","fhdSpNm":"Brook trout","fhdRun":"NA","fhdLifeHst":"FluvAdfluvRes","fhdUseTy":"ResidentMultipleUses","fhdBasis":"UndocObsFish","fhdStNm":"Twin Lakes","fhdGenus":"Salvelinus","fhdSp":"fontinalis","fhdSubSp":null,"fhdOrig":"NonNative","fhdProd":"Natural","fhdComment":null,"fhdESH":"NA","fhdBasisD":null,"fhdNMF":"no","fhdBasisDt":null,"fhdBasisNm":null,"fhdBasisEnt":null,"fhdBasisPrj":null,"fhdBasisMethod":null,"fhdAccess":null,"fhdBarrierFtrID":null,"fhdEndExtent":null,"Shape__Area":14605.957573615,"Shape__Length":573.1215022263372,"habitatType":"lake"},"id":564},
{"type":"Feature","geometry":{"type":"Polygon","coordinates":[[[-122.074634,43.781149],[-122.07684,43.787155],[-122.080905,43.786305],[-122.081992,43.782685],[-122.081767,43.778704],[-122.079596,43.778443],[-122.074634,43.781149]]]},"properties":{"OBJECTID":213,"fhdFtrID":213,"fhdRefID":53684,"fhdRevDt":"20190214","fhdONm":"Peter Robinson","fhdOEnt":"ODFW","fhdSpNm":"Brook trout","fhdRun":"NA","fhdLifeHst":"FluvAdfluvRes","fhdUseTy":"ResidentMultipleUses","fhdBasis":"UndocObsFish","fhdStNm":"Lower Eddeeleo Lake","fhdGenus":"Salvelinus","fhdSp":"fontinalis","fhdSubSp":null,"fhdOrig":"NonNative","fhdProd":"Natural","fhdComment":null,"fhdESH":"NA","fhdBasisD":null,"fhdNMF":"no","fhdBasisDt":null,"fhdBasisNm":null,"fhdBasisEnt":null,"fhdBasisPrj":null,"fhdBasisMethod":null,"fhdAccess":null,"fhdBarrierFtrID":null,"fhdEndExtent":null,"Shape__Area":822211.030225435,"Shape__Length":3802.3087303631432,"habitatType":"lake"},"id":565},
{"type":"Feature","geometry":{"type":"Polygon","coordinates":[[[-121.850264,44.655757],[-121.851455,44.655192],[-121.846809,44.651034],[-121.842097,44.65166],[-121.843282,44.65402],[-121.850264,44.655757]]]},"properties":{"OBJECTID":214,"fhdFtrID":214,"fhdRefID":53684,"fhdRevDt":"20190214","fhdONm":"Peter Robinson","fhdOEnt":"ODFW","fhdSpNm":"Brook trout","fhdRun":"NA","fhdLifeHst":"FluvAdfluvRes","fhdUseTy":"ResidentMultipleUses","fhdBasis":"UndocObsFish","fhdStNm":"Pamelia Lake","fhdGenus":"Salvelinus","fhdSp":"fontinalis","fhdSubSp":null,"fhdOrig":"NonNative","fhdProd":"Natural","fhdComment":null,"fhdESH":"NA","fhdBasisD":null,"fhdNMF":"no","fhdBasisDt":null,"fhdBasisNm":null,"fhdBasisEnt":null,"fhdBasisPrj":null,"fhdBasisMethod":null,"fhdAccess":null,"fhdBarrierFtrID":null,"fhdEndExtent":null,"Shape__Area":422644.52565917,"Shape__Length":3318.2842350820347,"habitatType":"lake"},"id":566},
{"type":"Feature","geometry":{"type":"Polygon","coordinates":[[[-122.113346,43.413531],[-122.116547,43.413376],[-122.114984,43.410473],[-122.111204,43.41048],[-122.111072,43.412748],[-122.113346,43.413531]]]},"properties":{"OBJECTID":215,"fhdFtrID":215,"fhdRefID":53684,"fhdRevDt":"20190214","fhdONm":"Peter Robinson","fhdOEnt":"ODFW","fhdSpNm":"Brook trout","fhdRun":"NA","fhdLifeHst":"FluvAdfluvRes","fhdUseTy":"ResidentMultipleUses","fhdBasis":"UndocObsFish","fhdStNm":"Timpanogas Lake","fhdGenus":"Salvelinus","fhdSp":"fontinalis","fhdSubSp":null,"fhdOrig":"NonNative","fhdProd":"Natural","fhdComment":null,"fhdESH":"NA","fhdBasisD":null,"fhdNMF":"no","fhdBasisDt":null,"fhdBasisNm":null,"fhdBasisEnt":null,"fhdBasisPrj":null,"fhdBasisMethod":null,"fhdAccess":null,"fhdBarrierFtrID":null,"fhdEndExtent":null,"Shape__Area":294108.09932624,"Shape__Length":2086.742840828171,"habitatType":"lake"},"id":567},
{"type":"Feature","geometry":{"type":"Polygon","coordinates":[[[-121.961364,45.144237],[-121.961991,45.145265],[-121.962848,45.144206],[-121.961364,45.144237]]]},"properties":{"OBJECTID":216,"fhdFtrID":217,"fhdRefID":53684,"fhdRevDt":"20190214","fhdONm":"Peter Robinson","fhdOEnt":"ODFW","fhdSpNm":"Brook trout","fhdRun":"NA","fhdLifeHst":"FluvAdfluvRes","fhdUseTy":"ResidentMultipleUses","fhdBasis":"UndocObsFish","fhdStNm":"Frazier Lake","fhdGenus":"Salvelinus","fhdSp":"fontinalis","fhdSubSp":null,"fhdOrig":"NonNative","fhdProd":"Natural","fhdComment":null,"fhdESH":"NA","fhdBasisD":null,"fhdNMF":"no","fhdBasisDt":null,"fhdBasisNm":null,"fhdBasisEnt":null,"fhdBasisPrj":null,"fhdBasisMethod":null,"fhdAccess":null,"fhdBarrierFtrID":null,"fhdEndExtent":null,"Shape__Area":22457.514443785,"Shape__Length":585.6882114144214,"habitatType":"lake"},"id":568},
{"type":"Feature","geometry":{"type":"Polygon","coordinates":[[[-122.121255,45.078282],[-122.121457,45.079314],[-122.121921,45.078732],[-122.121255,45.078282]]]},"properties":{"OBJECTID":217,"fhdFtrID":218,"fhdRefID":53684,"fhdRevDt":"20190214","fhdONm":"Peter Robinson","fhdOEnt":"ODFW","fhdSpNm":"Brook trout","fhdRun":"NA","fhdLifeHst":"FluvAdfluvRes","fhdUseTy":"ResidentMultipleUses","fhdBasis":"UndocObsFish","fhdStNm":"High Lake","fhdGenus":"Salvelinus","fhdSp":"fontinalis","fhdSubSp":null,"fhdOrig":"NonNative","fhdProd":"Natural","fhdComment":null,"fhdESH":"NA","fhdBasisD":null,"fhdNMF":"no","fhdBasisDt":null,"fhdBasisNm":null,"fhdBasisEnt":null,"fhdBasisPrj":null,"fhdBasisMethod":null,"fhdAccess":null,"fhdBarrierFtrID":null,"fhdEndExtent":null,"Shape__Area":9969.19226235,"Shape__Length":429.8811106996821,"habitatType":"lake"},"id":569},
{"type":"Feature","geometry":{"type":"Polygon","coordinates":[[[-121.822606,44.627826],[-121.824519,44.627793],[-121.824373,44.626778],[-121.821998,44.626525],[-121.822606,44.627826]]]},"properties":{"OBJECTID":218,"fhdFtrID":219,"fhdRefID":53684,"fhdRevDt":"20190214","fhdONm":"Peter Robinson","fhdOEnt":"ODFW","fhdSpNm":"Brook trout","fhdRun":"NA","fhdLifeHst":"FluvAdfluvRes","fhdUseTy":"ResidentMultipleUses","fhdBasis":"UndocObsFish","fhdStNm":"Hanks Lake","fhdGenus":"Salvelinus","fhdSp":"fontinalis","fhdSubSp":null,"fhdOrig":"NonNative","fhdProd":"Natural","fhdComment":null,"fhdESH":"NA","fhdBasisD":null,"fhdNMF":"no","fhdBasisDt":null,"fhdBasisNm":null,"fhdBasisEnt":null,"fhdBasisPrj":null,"fhdBasisMethod":null,"fhdAccess":null,"fhdBarrierFtrID":null,"fhdEndExtent":null,"Shape__Area":53234.808424955,"Shape__Length":1000.6898720980048,"habitatType":"lake"},"id":570},
{"type":"Feature","geometry":{"type":"Polygon","coordinates":[[[-121.984576,45.142628],[-121.986065,45.142569],[-121.985278,45.141797],[-121.984576,45.142628]]]},"properties":{"OBJECTID":219,"fhdFtrID":220,"fhdRefID":53684,"fhdRevDt":"20190214","fhdONm":"Peter Robinson","fhdOEnt":"ODFW","fhdSpNm":"Brook trout","fhdRun":"NA","fhdLifeHst":"FluvAdfluvRes","fhdUseTy":"ResidentMultipleUses","fhdBasis":"UndocObsFish","fhdStNm":"Rock Lakes","fhdGenus":"Salvelinus","fhdSp":"fontinalis","fhdSubSp":null,"fhdOrig":"NonNative","fhdProd":"Natural","fhdComment":null,"fhdESH":"NA","fhdBasisD":null,"fhdNMF":"no","fhdBasisDt":null,"fhdBasisNm":null,"fhdBasisEnt":null,"fhdBasisPrj":null,"fhdBasisMethod":null,"fhdAccess":null,"fhdBarrierFtrID":null,"fhdEndExtent":null,"Shape__Area":20910.436365405,"Shape__Length":562.568815285878,"habitatType":"lake"},"id":571},
{"type":"Feature","geometry":{"type":"Polygon","coordinates":[[[-121.889354,44.352428],[-121.889939,44.354037],[-121.891073,44.353787],[-121.891237,44.352402],[-121.889354,44.352428]]]},"properties":{"OBJECTID":220,"fhdFtrID":221,"fhdRefID":53684,"fhdRevDt":"20190214","fhdONm":"Peter Robinson","fhdOEnt":"ODFW","fhdSpNm":"Brook trout","fhdRun":"NA","fhdLifeHst":"FluvAdfluvRes","fhdUseTy":"ResidentMultipleUses","fhdBasis":"UndocObsFish","fhdStNm":"Patjens Lakes","fhdGenus":"Salvelinus","fhdSp":"fontinalis","fhdSubSp":null,"fhdOrig":"NonNative","fhdProd":"Natural","fhdComment":null,"fhdESH":"NA","fhdBasisD":null,"fhdNMF":"no","fhdBasisDt":null,"fhdBasisNm":null,"fhdBasisEnt":null,"fhdBasisPrj":null,"fhdBasisMethod":null,"fhdAccess":null,"fhdBarrierFtrID":null,"fhdEndExtent":null,"Shape__Area":62075.43571399,"Shape__Length":945.204322918797,"habitatType":"lake"},"id":572},
{"type":"Feature","geometry":{"type":"Polygon","coordinates":[[[-121.761913,44.85317],[-121.762506,44.854378],[-121.764473,44.854834],[-121.763672,44.853358],[-121.761913,44.85317]]]},"properties":{"OBJECTID":221,"fhdFtrID":222,"fhdRefID":53684,"fhdRevDt":"20190214","fhdONm":"Peter Robinson","fhdOEnt":"ODFW","fhdSpNm":"Brook trout","fhdRun":"NA","fhdLifeHst":"FluvAdfluvRes","fhdUseTy":"ResidentMultipleUses","fhdBasis":"UndocObsFish","fhdStNm":"Jude Lake","fhdGenus":"Salvelinus","fhdSp":"fontinalis","fhdSubSp":null,"fhdOrig":"NonNative","fhdProd":"Natural","fhdComment":null,"fhdESH":"NA","fhdBasisD":null,"fhdNMF":"no","fhdBasisDt":null,"fhdBasisNm":null,"fhdBasisEnt":null,"fhdBasisPrj":null,"fhdBasisMethod":null,"fhdAccess":null,"fhdBarrierFtrID":null,"fhdEndExtent":null,"Shape__Area":47365.46331365,"Shape__Length":1073.463491151269,"habitatType":"lake"},"id":573},
{"type":"Feature","geometry":{"type":"Polygon","coordinates":[[[-122.013248,45.186673],[-122.014643,45.184732],[-122.012111,45.18471],[-122.013248,45.186673]]]},"properties":{"OBJECTID":222,"fhdFtrID":223,"fhdRefID":53684,"fhdRevDt":"20190214","fhdONm":"Peter Robinson","fhdOEnt":"ODFW","fhdSpNm":"Brook trout","fhdRun":"NA","fhdLifeHst":"FluvAdfluvRes","fhdUseTy":"ResidentMultipleUses","fhdBasis":"UndocObsFish","fhdStNm":"Shining Lake","fhdGenus":"Salvelinus","fhdSp":"fontinalis","fhdSubSp":null,"fhdOrig":"NonNative","fhdProd":"Natural","fhdComment":null,"fhdESH":"NA","fhdBasisD":null,"fhdNMF":"no","fhdBasisDt":null,"fhdBasisNm":null,"fhdBasisEnt":null,"fhdBasisPrj":null,"fhdBasisMethod":null,"fhdAccess":null,"fhdBarrierFtrID":null,"fhdEndExtent":null,"Shape__Area":108028.86346474,"Shape__Length":1301.7352557625607,"habitatType":"lake"},"id":574},
{"type":"Feature","geometry":{"type":"Polygon","coordinates":[[[-121.872343,44.521693],[-121.874222,44.521478],[-121.873523,44.520375],[-121.871835,44.520519],[-121.872343,44.521693]]]},"properties":{"OBJECTID":223,"fhdFtrID":224,"fhdRefID":53684,"fhdRevDt":"20190214","fhdONm":"Peter Robinson","fhdOEnt":"ODFW","fhdSpNm":"Brook trout","fhdRun":"NA","fhdLifeHst":"FluvAdfluvRes","fhdUseTy":"ResidentMultipleUses","fhdBasis":"UndocObsFish","fhdStNm":"Blue Lake","fhdGenus":"Salvelinus","fhdSp":"fontinalis","fhdSubSp":null,"fhdOrig":"NonNative","fhdProd":"Natural","fhdComment":null,"fhdESH":"NA","fhdBasisD":null,"fhdNMF":"no","fhdBasisDt":null,"fhdBasisNm":null,"fhdBasisEnt":null,"fhdBasisPrj":null,"fhdBasisMethod":null,"fhdAccess":null,"fhdBarrierFtrID":null,"fhdEndExtent":null,"Shape__Area":78735.06899987,"Shape__Length":1290.4929334730487,"habitatType":"lake"},"id":575},
{"type":"Feature","geometry":{"type":"Polygon","coordinates":[[[-122.042332,43.827297],[-122.043006,43.828662],[-122.046495,43.828268],[-122.045554,43.827216],[-122.042332,43.827297]]]},"properties":{"OBJECTID":224,"fhdFtrID":225,"fhdRefID":53684,"fhdRevDt":"20190214","fhdONm":"Peter Robinson","fhdOEnt":"ODFW","fhdSpNm":"Brook trout","fhdRun":"NA","fhdLifeHst":"FluvAdfluvRes","fhdUseTy":"ResidentMultipleUses","fhdBasis":"UndocObsFish","fhdStNm":"Upper Erma Bell Lake","fhdGenus":"Salvelinus","fhdSp":"fontinalis","fhdSubSp":null,"fhdOrig":"NonNative","fhdProd":"Natural","fhdComment":null,"fhdESH":"NA","fhdBasisD":null,"fhdNMF":"no","fhdBasisDt":null,"fhdBasisNm":null,"fhdBasisEnt":null,"fhdBasisPrj":null,"fhdBasisMethod":null,"fhdAccess":null,"fhdBarrierFtrID":null,"fhdEndExtent":null,"Shape__Area":105761.74638162,"Shape__Length":1261.2167633380739,"habitatType":"lake"},"id":576},
{"type":"Feature","geometry":{"type":"Polygon","coordinates":[[[-121.821815,44.633022],[-121.822814,44.632144],[-121.820777,44.631256],[-121.820109,44.632024],[-121.821815,44.633022]]]},"properties":{"OBJECTID":225,"fhdFtrID":226,"fhdRefID":53684,"fhdRevDt":"20190214","fhdONm":"Peter Robinson","fhdOEnt":"ODFW","fhdSpNm":"Brook trout","fhdRun":"NA","fhdLifeHst":"FluvAdfluvRes","fhdUseTy":"ResidentMultipleUses","fhdBasis":"UndocObsFish","fhdStNm":"Hunts Lake","fhdGenus":"Salvelinus","fhdSp":"fontinalis","fhdSubSp":null,"fhdOrig":"NonNative","fhdProd":"Natural","fhdComment":null,"fhdESH":"NA","fhdBasisD":null,"fhdNMF":"no","fhdBasisDt":null,"fhdBasisNm":null,"fhdBasisEnt":null,"fhdBasisPrj":null,"fhdBasisMethod":null,"fhdAccess":null,"fhdBarrierFtrID":null,"fhdEndExtent":null,"Shape__Area":55792.539294715,"Shape__Length":925.5194501323747,"habitatType":"lake"},"id":577},
{"type":"Feature","geometry":{"type":"Polygon","coordinates":[[[-121.80736,44.82093],[-121.809665,44.821297],[-121.810806,44.820145],[-121.80729,44.82015],[-121.80736,44.82093]]]},"properties":{"OBJECTID":226,"fhdFtrID":227,"fhdRefID":53684,"fhdRevDt":"20190214","fhdONm":"Peter Robinson","fhdOEnt":"ODFW","fhdSpNm":"Brook trout","fhdRun":"NA","fhdLifeHst":"FluvAdfluvRes","fhdUseTy":"ResidentMultipleUses","fhdBasis":"UndocObsFish","fhdStNm":"Gifford Lakes","fhdGenus":"Salvelinus","fhdSp":"fontinalis","fhdSubSp":null,"fhdOrig":"NonNative","fhdProd":"Natural","fhdComment":null,"fhdESH":"NA","fhdBasisD":null,"fhdNMF":"no","fhdBasisDt":null,"fhdBasisNm":null,"fhdBasisEnt":null,"fhdBasisPrj":null,"fhdBasisMethod":null,"fhdAccess":null,"fhdBarrierFtrID":null,"fhdEndExtent":null,"Shape__Area":66740.78910648,"Shape__Length":1295.651847911304,"habitatType":"lake"},"id":578},
{"type":"Feature","geometry":{"type":"Polygon","coordinates":[[[-122.218938,44.794453],[-122.22111,44.793716],[-122.219578,44.792267],[-122.218061,44.793149],[-122.218938,44.794453]]]},"properties":{"OBJECTID":227,"fhdFtrID":228,"fhdRefID":53684,"fhdRevDt":"20190214","fhdONm":"Peter Robinson","fhdOEnt":"ODFW","fhdSpNm":"Brook trout","fhdRun":"NA","fhdLifeHst":"FluvAdfluvRes","fhdUseTy":"ResidentMultipleUses","fhdBasis":"UndocObsFish","fhdStNm":"Opal Lake","fhdGenus":"Salvelinus","fhdSp":"fontinalis","fhdSubSp":null,"fhdOrig":"NonNative","fhdProd":"Natural","fhdComment":null,"fhdESH":"NA","fhdBasisD":null,"fhdNMF":"no","fhdBasisDt":null,"fhdBasisNm":null,"fhdBasisEnt":null,"fhdBasisPrj":null,"fhdBasisMethod":null,"fhdAccess":null,"fhdBarrierFtrID":null,"fhdEndExtent":null,"Shape__Area":106301.06664463,"Shape__Length":1406.338095468838,"habitatType":"lake"},"id":579},
{"type":"Feature","geometry":{"type":"Polygon","coordinates":[[[-122.094294,44.54994],[-122.094762,44.54905],[-122.093772,44.549095],[-122.094294,44.54994]]]},"properties":{"OBJECTID":228,"fhdFtrID":229,"fhdRefID":53684,"fhdRevDt":"20190214","fhdONm":"Peter Robinson","fhdOEnt":"ODFW","fhdSpNm":"Brook trout","fhdRun":"NA","fhdLifeHst":"FluvAdfluvRes","fhdUseTy":"ResidentMultipleUses","fhdBasis":"UndocObsFish","fhdStNm":"Riggs Lake","fhdGenus":"Salvelinus","fhdSp":"fontinalis","fhdSubSp":null,"fhdOrig":"NonNative","fhdProd":"Natural","fhdComment":null,"fhdESH":"NA","fhdBasisD":null,"fhdNMF":"no","fhdBasisDt":null,"fhdBasisNm":null,"fhdBasisEnt":null,"fhdBasisPrj":null,"fhdBasisMethod":null,"fhdAccess":null,"fhdBarrierFtrID":null,"fhdEndExtent":null,"Shape__Area":23230.91507247,"Shape__Length":640.0593390156038,"habitatType":"lake"},"id":580},
{"type":"Feature","geometry":{"type":"Polygon","coordinates":[[[-122.087627,43.643341],[-122.087986,43.644199],[-122.089102,43.644199],[-122.089079,43.643262],[-122.087627,43.643341]]]},"properties":{"OBJECTID":229,"fhdFtrID":230,"fhdRefID":53684,"fhdRevDt":"20190214","fhdONm":"Peter Robinson","fhdOEnt":"ODFW","fhdSpNm":"Brook trout","fhdRun":"NA","fhdLifeHst":"FluvAdfluvRes","fhdUseTy":"ResidentMultipleUses","fhdBasis":"UndocObsFish","fhdStNm":"Birthday Lake","fhdGenus":"Salvelinus","fhdSp":"fontinalis","fhdSubSp":null,"fhdOrig":"NonNative","fhdProd":"Natural","fhdComment":null,"fhdESH":"NA","fhdBasisD":null,"fhdNMF":"no","fhdBasisDt":null,"fhdBasisNm":null,"fhdBasisEnt":null,"fhdBasisPrj":null,"fhdBasisMethod":null,"fhdAccess":null,"fhdBarrierFtrID":null,"fhdEndExtent":null,"Shape__Area":20965.845821495,"Shape__Length":676.4481414343794,"habitatType":"lake"},"id":581},
{"type":"Feature","geometry":{"type":"Polygon","coordinates":[[[-122.227696,44.748235],[-122.228264,44.746369],[-122.222744,44.747222],[-122.22333,44.748182],[-122.227696,44.748235]]]},"properties":{"OBJECTID":230,"fhdFtrID":231,"fhdRefID":53684,"fhdRevDt":"20190214","fhdONm":"Peter Robinson","fhdOEnt":"ODFW","fhdSpNm":"Brook trout","fhdRun":"NA","fhdLifeHst":"FluvAdfluvRes","fhdUseTy":"ResidentMultipleUses","fhdBasis":"UndocObsFish","fhdStNm":"Tumble Lake","fhdGenus":"Salvelinus","fhdSp":"fontinalis","fhdSubSp":null,"fhdOrig":"NonNative","fhdProd":"Natural","fhdComment":null,"fhdESH":"NA","fhdBasisD":null,"fhdNMF":"no","fhdBasisDt":null,"fhdBasisNm":null,"fhdBasisEnt":null,"fhdBasisPrj":null,"fhdBasisMethod":null,"fhdAccess":null,"fhdBarrierFtrID":null,"fhdEndExtent":null,"Shape__Area":177379.02972359,"Shape__Length":2009.3459938306619,"habitatType":"lake"},"id":582},
{"type":"Feature","geometry":{"type":"Polygon","coordinates":[[[-122.112487,43.792039],[-122.111678,43.787126],[-122.108425,43.787739],[-122.108234,43.790547],[-122.11005,43.792137],[-122.112487,43.792039]]]},"properties":{"OBJECTID":231,"fhdFtrID":232,"fhdRefID":53684,"fhdRevDt":"20190214","fhdONm":"Peter Robinson","fhdOEnt":"ODFW","fhdSpNm":"Brook trout","fhdRun":"NA","fhdLifeHst":"FluvAdfluvRes","fhdUseTy":"ResidentMultipleUses","fhdBasis":"UndocObsFish","fhdStNm":"Gander Lake","fhdGenus":"Salvelinus","fhdSp":"fontinalis","fhdSubSp":null,"fhdOrig":"NonNative","fhdProd":"Natural","fhdComment":null,"fhdESH":"NA","fhdBasisD":null,"fhdNMF":"no","fhdBasisDt":null,"fhdBasisNm":null,"fhdBasisEnt":null,"fhdBasisPrj":null,"fhdBasisMethod":null,"fhdAccess":null,"fhdBarrierFtrID":null,"fhdEndExtent":null,"Shape__Area":343061.98786029,"Shape__Length":2757.7760705100927,"habitatType":"lake"},"id":583},
{"type":"Feature","geometry":{"type":"Polygon","coordinates":[[[-122.16429,44.997144],[-122.163315,44.99761],[-122.163902,44.998219],[-122.165032,44.997221],[-122.16429,44.997144]]]},"properties":{"OBJECTID":232,"fhdFtrID":233,"fhdRefID":53684,"fhdRevDt":"20190219","fhdONm":"Peter Robinson","fhdOEnt":"ODFW","fhdSpNm":"Brook trout","fhdRun":"NA","fhdLifeHst":"FluvAdfluvRes","fhdUseTy":"ResidentMultipleUses","fhdBasis":"UndocObsFish","fhdStNm":"Skookum Lake","fhdGenus":"Salvelinus","fhdSp":"fontinalis","fhdSubSp":null,"fhdOrig":"NonNative","fhdProd":"Natural","fhdComment":null,"fhdESH":"NA","fhdBasisD":null,"fhdNMF":"no","fhdBasisDt":null,"fhdBasisNm":null,"fhdBasisEnt":null,"fhdBasisPrj":null,"fhdBasisMethod":null,"fhdAccess":null,"fhdBarrierFtrID":null,"fhdEndExtent":null,"Shape__Area":18059.54420734,"Shape__Length":570.2385677543231,"habitatType":"lake"},"id":584},
{"type":"Feature","geometry":{"type":"Polygon","coordinates":[[[-121.884263,43.989896],[-121.885099,43.989877],[-121.885667,43.989522],[-121.885199,43.989194],[-121.884263,43.989896]]]},"properties":{"OBJECTID":233,"fhdFtrID":234,"fhdRefID":53684,"fhdRevDt":"20190214","fhdONm":"Peter Robinson","fhdOEnt":"ODFW","fhdSpNm":"Brook trout","fhdRun":"NA","fhdLifeHst":"FluvAdfluvRes","fhdUseTy":"ResidentMultipleUses","fhdBasis":"UndocObsFish","fhdStNm":"East Fisher Lake","fhdGenus":"Salvelinus","fhdSp":"fontinalis","fhdSubSp":null,"fhdOrig":"NonNative","fhdProd":"Natural","fhdComment":null,"fhdESH":"NA","fhdBasisD":null,"fhdNMF":"no","fhdBasisDt":null,"fhdBasisNm":null,"fhdBasisEnt":null,"fhdBasisPrj":null,"fhdBasisMethod":null,"fhdAccess":null,"fhdBarrierFtrID":null,"fhdEndExtent":null,"Shape__Area":13911.138995025,"Shape__Length":570.5683349241111,"habitatType":"lake"},"id":585},
{"type":"Feature","geometry":{"type":"Polygon","coordinates":[[[-121.844535,44.849038],[-121.844312,44.849894],[-121.845894,44.850382],[-121.845646,44.849356],[-121.844535,44.849038]]]},"properties":{"OBJECTID":234,"fhdFtrID":235,"fhdRefID":53684,"fhdRevDt":"20190214","fhdONm":"Peter Robinson","fhdOEnt":"ODFW","fhdSpNm":"Brook trout","fhdRun":"NA","fhdLifeHst":"FluvAdfluvRes","fhdUseTy":"ResidentMultipleUses","fhdBasis":"UndocObsFish","fhdStNm":"Bump Lake","fhdGenus":"Salvelinus","fhdSp":"fontinalis","fhdSubSp":null,"fhdOrig":"NonNative","fhdProd":"Natural","fhdComment":null,"fhdESH":"NA","fhdBasisD":null,"fhdNMF":"no","fhdBasisDt":null,"fhdBasisNm":null,"fhdBasisEnt":null,"fhdBasisPrj":null,"fhdBasisMethod":null,"fhdAccess":null,"fhdBarrierFtrID":null,"fhdEndExtent":null,"Shape__Area":31679.500326725,"Shape__Length":667.3408684125716,"habitatType":"lake"},"id":586},
{"type":"Feature","geometry":{"type":"Polygon","coordinates":[[[-121.799256,44.715765],[-121.800757,44.714536],[-121.798433,44.714097],[-121.799256,44.715765]]]},"properties":{"OBJECTID":235,"fhdFtrID":236,"fhdRefID":53684,"fhdRevDt":"20190214","fhdONm":"Peter Robinson","fhdOEnt":"ODFW","fhdSpNm":"Brook trout","fhdRun":"NA","fhdLifeHst":"FluvAdfluvRes","fhdUseTy":"ResidentMultipleUses","fhdBasis":"UndocObsFish","fhdStNm":"Russell Lake","fhdGenus":"Salvelinus","fhdSp":"fontinalis","fhdSubSp":null,"fhdOrig":"NonNative","fhdProd":"Natural","fhdComment":null,"fhdESH":"NA","fhdBasisD":null,"fhdNMF":"no","fhdBasisDt":null,"fhdBasisNm":null,"fhdBasisEnt":null,"fhdBasisPrj":null,"fhdBasisMethod":null,"fhdAccess":null,"fhdBarrierFtrID":null,"fhdEndExtent":null,"Shape__Area":70438.105894235,"Shape__Length":1225.7170397681546,"habitatType":"lake"},"id":587},
{"type":"Feature","geometry":{"type":"Polygon","coordinates":[[[-121.965041,44.506587],[-121.964834,44.507361],[-121.965563,44.507591],[-121.965885,44.5069],[-121.965041,44.506587]]]},"properties":{"OBJECTID":236,"fhdFtrID":237,"fhdRefID":53684,"fhdRevDt":"20190214","fhdONm":"Peter Robinson","fhdOEnt":"ODFW","fhdSpNm":"Brook trout","fhdRun":"NA","fhdLifeHst":"FluvAdfluvRes","fhdUseTy":"ResidentMultipleUses","fhdBasis":"UndocObsFish","fhdStNm":"Pika Lake","fhdGenus":"Salvelinus","fhdSp":"fontinalis","fhdSubSp":null,"fhdOrig":"NonNative","fhdProd":"Natural","fhdComment":null,"fhdESH":"NA","fhdBasisD":null,"fhdNMF":"no","fhdBasisDt":null,"fhdBasisNm":null,"fhdBasisEnt":null,"fhdBasisPrj":null,"fhdBasisMethod":null,"fhdAccess":null,"fhdBarrierFtrID":null,"fhdEndExtent":null,"Shape__Area":16764.421567895,"Shape__Length":470.45421367707195,"habitatType":"lake"},"id":588},
{"type":"Feature","geometry":{"type":"Polygon","coordinates":[[[-121.836066,44.248847],[-121.836603,44.249528],[-121.836935,44.249243],[-121.836066,44.248847]]]},"properties":{"OBJECTID":237,"fhdFtrID":238,"fhdRefID":53684,"fhdRevDt":"20190214","fhdONm":"Peter Robinson","fhdOEnt":"ODFW","fhdSpNm":"Brook trout","fhdRun":"NA","fhdLifeHst":"FluvAdfluvRes","fhdUseTy":"ResidentMultipleUses","fhdBasis":"UndocObsFish","fhdStNm":"Craig Lake","fhdGenus":"Salvelinus","fhdSp":"fontinalis","fhdSubSp":null,"fhdOrig":"NonNative","fhdProd":"Natural","fhdComment":null,"fhdESH":"NA","fhdBasisD":null,"fhdNMF":"no","fhdBasisDt":null,"fhdBasisNm":null,"fhdBasisEnt":null,"fhdBasisPrj":null,"fhdBasisMethod":null,"fhdAccess":null,"fhdBarrierFtrID":null,"fhdEndExtent":null,"Shape__Area":7598.38032194,"Shape__Length":332.8393809192568,"habitatType":"lake"},"id":589},
{"type":"Feature","geometry":{"type":"Polygon","coordinates":[[[-122.238853,43.832525],[-122.237227,43.833207],[-122.237867,43.835715],[-122.240833,43.836248],[-122.240657,43.833446],[-122.238853,43.832525]]]},"properties":{"OBJECTID":238,"fhdFtrID":239,"fhdRefID":53684,"fhdRevDt":"20190214","fhdONm":"Peter Robinson","fhdOEnt":"ODFW","fhdSpNm":"Brook trout","fhdRun":"NA","fhdLifeHst":"FluvAdfluvRes","fhdUseTy":"ResidentMultipleUses","fhdBasis":"UndocObsFish","fhdStNm":"Blair Lake","fhdGenus":"Salvelinus","fhdSp":"fontinalis","fhdSubSp":null,"fhdOrig":"NonNative","fhdProd":"Natural","fhdComment":null,"fhdESH":"NA","fhdBasisD":null,"fhdNMF":"no","fhdBasisDt":null,"fhdBasisNm":null,"fhdBasisEnt":null,"fhdBasisPrj":null,"fhdBasisMethod":null,"fhdAccess":null,"fhdBarrierFtrID":null,"fhdEndExtent":null,"Shape__Area":189796.63653563,"Shape__Length":1725.2324964286647,"habitatType":"lake"},"id":590},
{"type":"Feature","geometry":{"type":"Polygon","coordinates":[[[-121.882821,43.95773],[-121.883324,43.956808],[-121.884994,43.95614],[-121.88314,43.955347],[-121.881884,43.956524],[-121.882821,43.95773]]]},"properties":{"OBJECTID":239,"fhdFtrID":240,"fhdRefID":53684,"fhdRevDt":"20190214","fhdONm":"Peter Robinson","fhdOEnt":"ODFW","fhdSpNm":"Brook trout","fhdRun":"NA","fhdLifeHst":"FluvAdfluvRes","fhdUseTy":"ResidentMultipleUses","fhdBasis":"UndocObsFish","fhdStNm":"Dumbbell Lake","fhdGenus":"Salvelinus","fhdSp":"fontinalis","fhdSubSp":null,"fhdOrig":"NonNative","fhdProd":"Natural","fhdComment":null,"fhdESH":"NA","fhdBasisD":null,"fhdNMF":"no","fhdBasisDt":null,"fhdBasisNm":null,"fhdBasisEnt":null,"fhdBasisPrj":null,"fhdBasisMethod":null,"fhdAccess":null,"fhdBarrierFtrID":null,"fhdEndExtent":null,"Shape__Area":60777.46149116,"Shape__Length":1559.1632287181485,"habitatType":"lake"},"id":591},
{"type":"Feature","geometry":{"type":"Polygon","coordinates":[[[-122.137839,44.748899],[-122.142875,44.748802],[-122.148569,44.744667],[-122.150719,44.741863],[-122.155771,44.740164],[-122.158104,44.740505],[-122.161963,44.735935],[-122.165998,44.733675],[-122.170079,44.730559],[-122.175053,44.729078],[-122.180196,44.72628],[-122.185276,44.725281],[-122.188478,44.719893],[-122.192942,44.713812],[-122.19298,44.712265],[-122.198005,44.70687],[-122.199135,44.703468],[-122.206052,44.70069],[-122.211653,44.69929],[-122.214937,44.697319],[-122.221416,44.697817],[-122.225371,44.699139],[-122.232391,44.703032],[-122.234189,44.709326],[-122.24108,44.714449],[-122.242253,44.717949],[-122.247631,44.723045],[-122.24927,44.723263],[-122.250921,44.719361],[-122.246984,44.715335],[-122.243008,44.709558],[-122.241733,44.704598],[-122.242009,44.702814],[-122.246754,44.700096],[-122.248529,44.697856],[-122.25207,44.69623],[-122.254706,44.692231],[-122.253114,44.69161],[-122.249434,44.695062],[-122.243151,44.697776],[-122.241291,44.69983],[-122.239075,44.699809],[-122.236325,44.696791],[-122.227161,44.69466],[-122.22429,44.693289],[-122.220413,44.692643],[-122.21398,44.689708],[-122.208549,44.689611],[-122.205725,44.688469],[-122.196263,44.682149],[-122.19534,44.680332],[-122.197562,44.675854],[-122.193017,44.678028],[-122.191186,44.679817],[-122.192948,44.683592],[-122.201534,44.69083],[-122.200257,44.693766],[-122.189663,44.697273],[-122.18507,44.700829],[-122.185124,44.702733],[-122.177952,44.706332],[-122.171188,44.707906],[-122.171271,44.71082],[-122.169008,44.712104],[-122.161836,44.711499],[-122.159865,44.713397],[-122.157587,44.713577],[-122.152936,44.718185],[-122.15028,44.719178],[-122.14789,44.724758],[-122.141817,44.724541],[-122.135454,44.722343],[-122.132233,44.71788],[-122.129672,44.715876],[-122.125583,44.716117],[-122.12037,44.712827],[-122.119314,44.71089],[-122.116682,44.711133],[-122.120603,44.714501],[-122.122714,44.71721],[-122.126199,44.7183],[-122.13159,44.721858],[-122.13292,44.723511],[-122.140113,44.727866],[-122.148234,44.728791],[-122.152451,44.731333],[-122.152781,44.732398],[-122.158446,44.733431],[-122.154024,44.73956],[-122.151175,44.738642],[-122.149649,44.74149],[-122.142861,44.746991],[-122.142722,44.748089],[-122.137839,44.748899]],[[-122.166742,44.723067],[-122.161631,44.721727],[-122.160547,44.719916],[-122.169438,44.716724],[-122.174125,44.716319],[-122.177419,44.715205],[-122.177064,44.719327],[-122.173115,44.721757],[-122.166742,44.723067]]]},"properties":{"OBJECTID":240,"fhdFtrID":241,"fhdRefID":53684,"fhdRevDt":"20190214","fhdONm":"Peter Robinson","fhdOEnt":"ODFW","fhdSpNm":"Brook trout","fhdRun":"NA","fhdLifeHst":"FluvAdfluvRes","fhdUseTy":"ResidentMultipleUses","fhdBasis":"UndocObsFish","fhdStNm":"Detroit Lake","fhdGenus":"Salvelinus","fhdSp":"fontinalis","fhdSubSp":null,"fhdOrig":"NonNative","fhdProd":"Natural","fhdComment":null,"fhdESH":"NA","fhdBasisD":null,"fhdNMF":"no","fhdBasisDt":null,"fhdBasisNm":null,"fhdBasisEnt":null,"fhdBasisPrj":null,"fhdBasisMethod":null,"fhdAccess":null,"fhdBarrierFtrID":null,"fhdEndExtent":null,"Shape__Area":28791339.550704896,"Shape__Length":86688.2339460645,"habitatType":"lake"},"id":592},
{"type":"Feature","geometry":{"type":"Polygon","coordinates":[[[-121.893047,44.007745],[-121.893748,44.009679],[-121.896446,44.008103],[-121.893047,44.007745]]]},"properties":{"OBJECTID":241,"fhdFtrID":242,"fhdRefID":53684,"fhdRevDt":"20190214","fhdONm":"Peter Robinson","fhdOEnt":"ODFW","fhdSpNm":"Brook trout","fhdRun":"NA","fhdLifeHst":"FluvAdfluvRes","fhdUseTy":"ResidentMultipleUses","fhdBasis":"UndocObsFish","fhdStNm":"Lower Horse Lake","fhdGenus":"Salvelinus","fhdSp":"fontinalis","fhdSubSp":null,"fhdOrig":"NonNative","fhdProd":"Natural","fhdComment":null,"fhdESH":"NA","fhdBasisD":null,"fhdNMF":"no","fhdBasisDt":null,"fhdBasisNm":null,"fhdBasisEnt":null,"fhdBasisPrj":null,"fhdBasisMethod":null,"fhdAccess":null,"fhdBarrierFtrID":null,"fhdEndExtent":null,"Shape__Area":114599.858695685,"Shape__Length":1443.328227473009,"habitatType":"lake"},"id":593},
{"type":"Feature","geometry":{"type":"Polygon","coordinates":[[[-121.862989,44.56214],[-121.866009,44.565377],[-121.871049,44.562554],[-121.873457,44.5605],[-121.866506,44.55483],[-121.858919,44.550388],[-121.854729,44.55034],[-121.853349,44.551531],[-121.853351,44.554429],[-121.851158,44.558369],[-121.855151,44.560859],[-121.859702,44.559958],[-121.862989,44.56214]]]},"properties":{"OBJECTID":242,"fhdFtrID":243,"fhdRefID":53684,"fhdRevDt":"20190214","fhdONm":"Peter Robinson","fhdOEnt":"ODFW","fhdSpNm":"Brook trout","fhdRun":"NA","fhdLifeHst":"FluvAdfluvRes","fhdUseTy":"ResidentMultipleUses","fhdBasis":"UndocObsFish","fhdStNm":"Marion Lake","fhdGenus":"Salvelinus","fhdSp":"fontinalis","fhdSubSp":null,"fhdOrig":"NonNative","fhdProd":"Natural","fhdComment":null,"fhdESH":"NA","fhdBasisD":null,"fhdNMF":"no","fhdBasisDt":null,"fhdBasisNm":null,"fhdBasisEnt":null,"fhdBasisPrj":null,"fhdBasisMethod":null,"fhdAccess":null,"fhdBarrierFtrID":null,"fhdEndExtent":null,"Shape__Area":2810782.96461793,"Shape__Length":9912.995046321068,"habitatType":"lake"},"id":594},
{"type":"Feature","geometry":{"type":"Polygon","coordinates":[[[-122.075926,44.531839],[-122.075358,44.532503],[-122.076931,44.533457],[-122.077598,44.531844],[-122.075926,44.531839]]]},"properties":{"OBJECTID":243,"fhdFtrID":244,"fhdRefID":53684,"fhdRevDt":"20190214","fhdONm":"Peter Robinson","fhdOEnt":"ODFW","fhdSpNm":"Brook trout","fhdRun":"NA","fhdLifeHst":"FluvAdfluvRes","fhdUseTy":"ResidentMultipleUses","fhdBasis":"UndocObsFish","fhdStNm":"Parish Lake","fhdGenus":"Salvelinus","fhdSp":"fontinalis","fhdSubSp":null,"fhdOrig":"NonNative","fhdProd":"Natural","fhdComment":null,"fhdESH":"NA","fhdBasisD":null,"fhdNMF":"no","fhdBasisDt":null,"fhdBasisNm":null,"fhdBasisEnt":null,"fhdBasisPrj":null,"fhdBasisMethod":null,"fhdAccess":null,"fhdBarrierFtrID":null,"fhdEndExtent":null,"Shape__Area":56811.112769135,"Shape__Length":899.9315559838768,"habitatType":"lake"},"id":595},
{"type":"Feature","geometry":{"type":"Polygon","coordinates":[[[-122.084601,43.690678],[-122.083873,43.692049],[-122.085935,43.691913],[-122.086153,43.690645],[-122.084601,43.690678]]]},"properties":{"OBJECTID":244,"fhdFtrID":245,"fhdRefID":53684,"fhdRevDt":"20190214","fhdONm":"Peter Robinson","fhdOEnt":"ODFW","fhdSpNm":"Brook trout","fhdRun":"NA","fhdLifeHst":"FluvAdfluvRes","fhdUseTy":"ResidentMultipleUses","fhdBasis":"UndocObsFish","fhdStNm":"Bongo Lake","fhdGenus":"Salvelinus","fhdSp":"fontinalis","fhdSubSp":null,"fhdOrig":"NonNative","fhdProd":"Natural","fhdComment":null,"fhdESH":"NA","fhdBasisD":null,"fhdNMF":"no","fhdBasisDt":null,"fhdBasisNm":null,"fhdBasisEnt":null,"fhdBasisPrj":null,"fhdBasisMethod":null,"fhdAccess":null,"fhdBarrierFtrID":null,"fhdEndExtent":null,"Shape__Area":55060.32260191,"Shape__Length":912.9566817661295,"habitatType":"lake"},"id":596},
{"type":"Feature","geometry":{"type":"Polygon","coordinates":[[[-121.915037,43.947606],[-121.917358,43.946071],[-121.91415,43.944339],[-121.911968,43.945749],[-121.915037,43.947606]]]},"properties":{"OBJECTID":245,"fhdFtrID":246,"fhdRefID":53684,"fhdRevDt":"20190214","fhdONm":"Peter Robinson","fhdOEnt":"ODFW","fhdSpNm":"Brook trout","fhdRun":"NA","fhdLifeHst":"FluvAdfluvRes","fhdUseTy":"ResidentMultipleUses","fhdBasis":"UndocObsFish","fhdStNm":"Corner Lake","fhdGenus":"Salvelinus","fhdSp":"fontinalis","fhdSubSp":null,"fhdOrig":"NonNative","fhdProd":"Natural","fhdComment":null,"fhdESH":"NA","fhdBasisD":null,"fhdNMF":"no","fhdBasisDt":null,"fhdBasisNm":null,"fhdBasisEnt":null,"fhdBasisPrj":null,"fhdBasisMethod":null,"fhdAccess":null,"fhdBarrierFtrID":null,"fhdEndExtent":null,"Shape__Area":218907.643599525,"Shape__Length":2007.5407869193073,"habitatType":"lake"},"id":597},
{"type":"Feature","geometry":{"type":"Polygon","coordinates":[[[-121.867195,44.537154],[-121.868469,44.537126],[-121.867501,44.536292],[-121.867195,44.537154]]]},"properties":{"OBJECTID":246,"fhdFtrID":247,"fhdRefID":53684,"fhdRevDt":"20190214","fhdONm":"Peter Robinson","fhdOEnt":"ODFW","fhdSpNm":"Brook trout","fhdRun":"NA","fhdLifeHst":"FluvAdfluvRes","fhdUseTy":"ResidentMultipleUses","fhdBasis":"UndocObsFish","fhdStNm":"Melis Lake","fhdGenus":"Salvelinus","fhdSp":"fontinalis","fhdSubSp":null,"fhdOrig":"NonNative","fhdProd":"Natural","fhdComment":null,"fhdESH":"NA","fhdBasisD":null,"fhdNMF":"no","fhdBasisDt":null,"fhdBasisNm":null,"fhdBasisEnt":null,"fhdBasisPrj":null,"fhdBasisMethod":null,"fhdAccess":null,"fhdBarrierFtrID":null,"fhdEndExtent":null,"Shape__Area":29306.46544875,"Shape__Length":733.5226180434662,"habitatType":"lake"},"id":598},
{"type":"Feature","geometry":{"type":"Polygon","coordinates":[[[-122.017969,43.790066],[-122.016635,43.788767],[-122.016161,43.789654],[-122.017969,43.790066]]]},"properties":{"OBJECTID":247,"fhdFtrID":248,"fhdRefID":53684,"fhdRevDt":"20190214","fhdONm":"Peter Robinson","fhdOEnt":"ODFW","fhdSpNm":"Brook trout","fhdRun":"NA","fhdLifeHst":"FluvAdfluvRes","fhdUseTy":"ResidentMultipleUses","fhdBasis":"UndocObsFish","fhdStNm":"Cervus Lake","fhdGenus":"Salvelinus","fhdSp":"fontinalis","fhdSubSp":null,"fhdOrig":"NonNative","fhdProd":"Natural","fhdComment":null,"fhdESH":"NA","fhdBasisD":null,"fhdNMF":"no","fhdBasisDt":null,"fhdBasisNm":null,"fhdBasisEnt":null,"fhdBasisPrj":null,"fhdBasisMethod":null,"fhdAccess":null,"fhdBarrierFtrID":null,"fhdEndExtent":null,"Shape__Area":69595.275743945,"Shape__Length":1831.7426385004546,"habitatType":"lake"},"id":599},
{"type":"Feature","geometry":{"type":"Polygon","coordinates":[[[-122.085427,44.381956],[-122.085458,44.384017],[-122.087495,44.382962],[-122.085427,44.381956]]]},"properties":{"OBJECTID":248,"fhdFtrID":249,"fhdRefID":53684,"fhdRevDt":"20190214","fhdONm":"Peter Robinson","fhdOEnt":"ODFW","fhdSpNm":"Brook trout","fhdRun":"NA","fhdLifeHst":"FluvAdfluvRes","fhdUseTy":"ResidentMultipleUses","fhdBasis":"UndocObsFish","fhdStNm":"Heart Lake","fhdGenus":"Salvelinus","fhdSp":"fontinalis","fhdSubSp":null,"fhdOrig":"NonNative","fhdProd":"Natural","fhdComment":null,"fhdESH":"NA","fhdBasisD":null,"fhdNMF":"no","fhdBasisDt":null,"fhdBasisNm":null,"fhdBasisEnt":null,"fhdBasisPrj":null,"fhdBasisMethod":null,"fhdAccess":null,"fhdBarrierFtrID":null,"fhdEndExtent":null,"Shape__Area":70619.30145965,"Shape__Length":1012.8006585476684,"habitatType":"lake"},"id":600},
{"type":"Feature","geometry":{"type":"Polygon","coordinates":[[[-121.961658,44.081464],[-121.960181,44.082378],[-121.961331,44.083037],[-121.962299,44.081965],[-121.961658,44.081464]]]},"properties":{"OBJECTID":249,"fhdFtrID":250,"fhdRefID":53684,"fhdRevDt":"20190214","fhdONm":"Peter Robinson","fhdOEnt":"ODFW","fhdSpNm":"Brook trout","fhdRun":"NA","fhdLifeHst":"FluvAdfluvRes","fhdUseTy":"ResidentMultipleUses","fhdBasis":"UndocObsFish","fhdStNm":"Separation Lake","fhdGenus":"Salvelinus","fhdSp":"fontinalis","fhdSubSp":null,"fhdOrig":"NonNative","fhdProd":"Natural","fhdComment":null,"fhdESH":"NA","fhdBasisD":null,"fhdNMF":"no","fhdBasisDt":null,"fhdBasisNm":null,"fhdBasisEnt":null,"fhdBasisPrj":null,"fhdBasisMethod":null,"fhdAccess":null,"fhdBarrierFtrID":null,"fhdEndExtent":null,"Shape__Area":38529.11478756,"Shape__Length":764.3943066651351,"habitatType":"lake"},"id":601},
{"type":"Feature","geometry":{"type":"Polygon","coordinates":[[[-121.917371,44.486862],[-121.917562,44.487411],[-121.919502,44.486374],[-121.918275,44.486231],[-121.917371,44.486862]]]},"properties":{"OBJECTID":250,"fhdFtrID":251,"fhdRefID":53684,"fhdRevDt":"20190214","fhdONm":"Peter Robinson","fhdOEnt":"ODFW","fhdSpNm":"Brook trout","fhdRun":"NA","fhdLifeHst":"FluvAdfluvRes","fhdUseTy":"ResidentMultipleUses","fhdBasis":"UndocObsFish","fhdStNm":"Alforja Lake","fhdGenus":"Salvelinus","fhdSp":"fontinalis","fhdSubSp":null,"fhdOrig":"NonNative","fhdProd":"Natural","fhdComment":null,"fhdESH":"NA","fhdBasisD":null,"fhdNMF":"no","fhdBasisDt":null,"fhdBasisNm":null,"fhdBasisEnt":null,"fhdBasisPrj":null,"fhdBasisMethod":null,"fhdAccess":null,"fhdBarrierFtrID":null,"fhdEndExtent":null,"Shape__Area":28965.009522125,"Shape__Length":768.6795870204505,"habitatType":"lake"},"id":602},
{"type":"Feature","geometry":{"type":"Polygon","coordinates":[[[-121.993332,45.125238],[-121.997848,45.124614],[-121.996429,45.123539],[-121.993332,45.125238]]]},"properties":{"OBJECTID":251,"fhdFtrID":252,"fhdRefID":53684,"fhdRevDt":"20190214","fhdONm":"Peter Robinson","fhdOEnt":"ODFW","fhdSpNm":"Brook trout","fhdRun":"NA","fhdLifeHst":"FluvAdfluvRes","fhdUseTy":"ResidentMultipleUses","fhdBasis":"UndocObsFish","fhdStNm":"Cripple Creek Lake","fhdGenus":"Salvelinus","fhdSp":"fontinalis","fhdSubSp":null,"fhdOrig":"NonNative","fhdProd":"Natural","fhdComment":null,"fhdESH":"NA","fhdBasisD":null,"fhdNMF":"no","fhdBasisDt":null,"fhdBasisNm":null,"fhdBasisEnt":null,"fhdBasisPrj":null,"fhdBasisMethod":null,"fhdAccess":null,"fhdBarrierFtrID":null,"fhdEndExtent":null,"Shape__Area":94073.976117625,"Shape__Length":1355.7038409896259,"habitatType":"lake"},"id":603},
{"type":"Feature","geometry":{"type":"Polygon","coordinates":[[[-121.85477,44.522134],[-121.85405,44.522793],[-121.855362,44.52311],[-121.855952,44.522732],[-121.85477,44.522134]]]},"properties":{"OBJECTID":252,"fhdFtrID":253,"fhdRefID":53684,"fhdRevDt":"20190214","fhdONm":"Peter Robinson","fhdOEnt":"ODFW","fhdSpNm":"Brook trout","fhdRun":"NA","fhdLifeHst":"FluvAdfluvRes","fhdUseTy":"ResidentMultipleUses","fhdBasis":"UndocObsFish","fhdStNm":"Chiquito Lake","fhdGenus":"Salvelinus","fhdSp":"fontinalis","fhdSubSp":null,"fhdOrig":"NonNative","fhdProd":"Natural","fhdComment":null,"fhdESH":"NA","fhdBasisD":null,"fhdNMF":"no","fhdBasisDt":null,"fhdBasisNm":null,"fhdBasisEnt":null,"fhdBasisPrj":null,"fhdBasisMethod":null,"fhdAccess":null,"fhdBarrierFtrID":null,"fhdEndExtent":null,"Shape__Area":24568.646552045,"Shape__Length":593.721948852165,"habitatType":"lake"},"id":604},
{"type":"Feature","geometry":{"type":"Polygon","coordinates":[[[-122.093875,44.555932],[-122.093093,44.55675],[-122.093999,44.556739],[-122.093875,44.555932]]]},"properties":{"OBJECTID":253,"fhdFtrID":254,"fhdRefID":53684,"fhdRevDt":"20190214","fhdONm":"Peter Robinson","fhdOEnt":"ODFW","fhdSpNm":"Brook trout","fhdRun":"NA","fhdLifeHst":"FluvAdfluvRes","fhdUseTy":"ResidentMultipleUses","fhdBasis":"UndocObsFish","fhdStNm":"Don Lake","fhdGenus":"Salvelinus","fhdSp":"fontinalis","fhdSubSp":null,"fhdOrig":"NonNative","fhdProd":"Natural","fhdComment":null,"fhdESH":"NA","fhdBasisD":null,"fhdNMF":"no","fhdBasisDt":null,"fhdBasisNm":null,"fhdBasisEnt":null,"fhdBasisPrj":null,"fhdBasisMethod":null,"fhdAccess":null,"fhdBarrierFtrID":null,"fhdEndExtent":null,"Shape__Area":13091.72589478,"Shape__Length":593.1492358598363,"habitatType":"lake"},"id":605},
{"type":"Feature","geometry":{"type":"Polygon","coordinates":[[[-122.151762,43.58909],[-122.150894,43.589993],[-122.152181,43.590129],[-122.151762,43.58909]]]},"properties":{"OBJECTID":254,"fhdFtrID":255,"fhdRefID":53684,"fhdRevDt":"20190214","fhdONm":"Peter Robinson","fhdOEnt":"ODFW","fhdSpNm":"Brook trout","fhdRun":"NA","fhdLifeHst":"FluvAdfluvRes","fhdUseTy":"ResidentMultipleUses","fhdBasis":"UndocObsFish","fhdStNm":"Lopez Lake","fhdGenus":"Salvelinus","fhdSp":"fontinalis","fhdSubSp":null,"fhdOrig":"NonNative","fhdProd":"Natural","fhdComment":null,"fhdESH":"NA","fhdBasisD":null,"fhdNMF":"no","fhdBasisDt":null,"fhdBasisNm":null,"fhdBasisEnt":null,"fhdBasisPrj":null,"fhdBasisMethod":null,"fhdAccess":null,"fhdBarrierFtrID":null,"fhdEndExtent":null,"Shape__Area":25636.44848532,"Shape__Length":652.2648839568542,"habitatType":"lake"},"id":606},
{"type":"Feature","geometry":{"type":"Polygon","coordinates":[[[-122.066267,44.893748],[-122.067178,44.894895],[-122.066475,44.89664],[-122.06768,44.895806],[-122.067371,44.894264],[-122.066267,44.893748]]]},"properties":{"OBJECTID":255,"fhdFtrID":256,"fhdRefID":53684,"fhdRevDt":"20190214","fhdONm":"Peter Robinson","fhdOEnt":"ODFW","fhdSpNm":"Brook trout","fhdRun":"NA","fhdLifeHst":"FluvAdfluvRes","fhdUseTy":"ResidentMultipleUses","fhdBasis":"UndocObsFish","fhdStNm":"Lake Lenore","fhdGenus":"Salvelinus","fhdSp":"fontinalis","fhdSubSp":null,"fhdOrig":"NonNative","fhdProd":"Natural","fhdComment":null,"fhdESH":"NA","fhdBasisD":null,"fhdNMF":"no","fhdBasisDt":null,"fhdBasisNm":null,"fhdBasisEnt":null,"fhdBasisPrj":null,"fhdBasisMethod":null,"fhdAccess":null,"fhdBarrierFtrID":null,"fhdEndExtent":null,"Shape__Area":39976.349273905,"Shape__Length":1189.0790766969421,"habitatType":"lake"},"id":607},
{"type":"Feature","geometry":{"type":"Polygon","coordinates":[[[-122.074996,44.883838],[-122.076262,44.884523],[-122.076617,44.884079],[-122.075721,44.883722],[-122.074996,44.883838]]]},"properties":{"OBJECTID":256,"fhdFtrID":259,"fhdRefID":53684,"fhdRevDt":"20190214","fhdONm":"Peter Robinson","fhdOEnt":"ODFW","fhdSpNm":"Brook trout","fhdRun":"NA","fhdLifeHst":"FluvAdfluvRes","fhdUseTy":"ResidentMultipleUses","fhdBasis":"UndocObsFish","fhdStNm":"West Lake","fhdGenus":"Salvelinus","fhdSp":"fontinalis","fhdSubSp":null,"fhdOrig":"NonNative","fhdProd":"Natural","fhdComment":null,"fhdESH":"NA","fhdBasisD":null,"fhdNMF":"no","fhdBasisDt":null,"fhdBasisNm":null,"fhdBasisEnt":null,"fhdBasisPrj":null,"fhdBasisMethod":null,"fhdAccess":null,"fhdBarrierFtrID":null,"fhdEndExtent":null,"Shape__Area":13026.317823745,"Shape__Length":505.3615774966023,"habitatType":"lake"},"id":608},
{"type":"Feature","geometry":{"type":"Polygon","coordinates":[[[-121.855949,44.043394],[-121.858496,44.042004],[-121.855597,44.041489],[-121.855949,44.043394]]]},"properties":{"OBJECTID":257,"fhdFtrID":260,"fhdRefID":53684,"fhdRevDt":"20190214","fhdONm":"Peter Robinson","fhdOEnt":"ODFW","fhdSpNm":"Brook trout","fhdRun":"NA","fhdLifeHst":"FluvAdfluvRes","fhdUseTy":"ResidentMultipleUses","fhdBasis":"UndocObsFish","fhdStNm":"Top Lake","fhdGenus":"Salvelinus","fhdSp":"fontinalis","fhdSubSp":null,"fhdOrig":"NonNative","fhdProd":"Natural","fhdComment":null,"fhdESH":"NA","fhdBasisD":null,"fhdNMF":"no","fhdBasisDt":null,"fhdBasisNm":null,"fhdBasisEnt":null,"fhdBasisPrj":null,"fhdBasisMethod":null,"fhdAccess":null,"fhdBarrierFtrID":null,"fhdEndExtent":null,"Shape__Area":101992.41829228,"Shape__Length":1466.077845214007,"habitatType":"lake"},"id":609},
{"type":"Feature","geometry":{"type":"Polygon","coordinates":[[[-122.032487,43.778431],[-122.032264,43.77915],[-122.033091,43.779499],[-122.033703,43.779315],[-122.032487,43.778431]]]},"properties":{"OBJECTID":258,"fhdFtrID":261,"fhdRefID":53684,"fhdRevDt":"20190214","fhdONm":"Peter Robinson","fhdOEnt":"ODFW","fhdSpNm":"Brook trout","fhdRun":"NA","fhdLifeHst":"FluvAdfluvRes","fhdUseTy":"ResidentMultipleUses","fhdBasis":"UndocObsFish","fhdStNm":"Brittany Lake","fhdGenus":"Salvelinus","fhdSp":"fontinalis","fhdSubSp":null,"fhdOrig":"NonNative","fhdProd":"Natural","fhdComment":null,"fhdESH":"NA","fhdBasisD":null,"fhdNMF":"no","fhdBasisDt":null,"fhdBasisNm":null,"fhdBasisEnt":null,"fhdBasisPrj":null,"fhdBasisMethod":null,"fhdAccess":null,"fhdBarrierFtrID":null,"fhdEndExtent":null,"Shape__Area":19795.495448185,"Shape__Length":562.1274618824326,"habitatType":"lake"},"id":610},
{"type":"Feature","geometry":{"type":"Polygon","coordinates":[[[-122.002019,44.339778],[-122.004578,44.341286],[-122.005289,44.33851],[-122.002019,44.339778]]]},"properties":{"OBJECTID":259,"fhdFtrID":262,"fhdRefID":53684,"fhdRevDt":"20190214","fhdONm":"Peter Robinson","fhdOEnt":"ODFW","fhdSpNm":"Brook trout","fhdRun":"NA","fhdLifeHst":"FluvAdfluvRes","fhdUseTy":"ResidentMultipleUses","fhdBasis":"UndocObsFish","fhdStNm":"Carmen Reservoir","fhdGenus":"Salvelinus","fhdSp":"fontinalis","fhdSubSp":null,"fhdOrig":"NonNative","fhdProd":"Natural","fhdComment":null,"fhdESH":"NA","fhdBasisD":null,"fhdNMF":"no","fhdBasisDt":null,"fhdBasisNm":null,"fhdBasisEnt":null,"fhdBasisPrj":null,"fhdBasisMethod":null,"fhdAccess":null,"fhdBarrierFtrID":null,"fhdEndExtent":null,"Shape__Area":222748.937728,"Shape__Length":2469.8403445013505,"habitatType":"lake"},"id":611},
{"type":"Feature","geometry":{"type":"Polygon","coordinates":[[[-121.932435,43.94055],[-121.93173,43.938896],[-121.930437,43.939415],[-121.931052,43.940555],[-121.932435,43.94055]]]},"properties":{"OBJECTID":260,"fhdFtrID":263,"fhdRefID":53684,"fhdRevDt":"20190214","fhdONm":"Peter Robinson","fhdOEnt":"ODFW","fhdSpNm":"Brook trout","fhdRun":"NA","fhdLifeHst":"FluvAdfluvRes","fhdUseTy":"ResidentMultipleUses","fhdBasis":"UndocObsFish","fhdStNm":"Plumb Lake","fhdGenus":"Salvelinus","fhdSp":"fontinalis","fhdSubSp":null,"fhdOrig":"NonNative","fhdProd":"Natural","fhdComment":null,"fhdESH":"NA","fhdBasisD":null,"fhdNMF":"no","fhdBasisDt":null,"fhdBasisNm":null,"fhdBasisEnt":null,"fhdBasisPrj":null,"fhdBasisMethod":null,"fhdAccess":null,"fhdBarrierFtrID":null,"fhdEndExtent":null,"Shape__Area":71135.309448045,"Shape__Length":1106.6537859394361,"habitatType":"lake"},"id":612},
{"type":"Feature","geometry":{"type":"Polygon","coordinates":[[[-121.84518,44.814627],[-121.843716,44.815006],[-121.843516,44.816345],[-121.845975,44.816284],[-121.84518,44.814627]]]},"properties":{"OBJECTID":261,"fhdFtrID":264,"fhdRefID":53684,"fhdRevDt":"20190214","fhdONm":"Peter Robinson","fhdOEnt":"ODFW","fhdSpNm":"Brook trout","fhdRun":"NA","fhdLifeHst":"FluvAdfluvRes","fhdUseTy":"ResidentMultipleUses","fhdBasis":"UndocObsFish","fhdStNm":"Averill Lake","fhdGenus":"Salvelinus","fhdSp":"fontinalis","fhdSubSp":null,"fhdOrig":"NonNative","fhdProd":"Natural","fhdComment":null,"fhdESH":"NA","fhdBasisD":null,"fhdNMF":"no","fhdBasisDt":null,"fhdBasisNm":null,"fhdBasisEnt":null,"fhdBasisPrj":null,"fhdBasisMethod":null,"fhdAccess":null,"fhdBarrierFtrID":null,"fhdEndExtent":null,"Shape__Area":96949.082919355,"Shape__Length":1359.386756865494,"habitatType":"lake"},"id":613},
{"type":"Feature","geometry":{"type":"Polygon","coordinates":[[[-122.100335,43.601924],[-122.100877,43.602964],[-122.102367,43.601886],[-122.100335,43.601924]]]},"properties":{"OBJECTID":262,"fhdFtrID":265,"fhdRefID":53684,"fhdRevDt":"20190214","fhdONm":"Peter Robinson","fhdOEnt":"ODFW","fhdSpNm":"Brook trout","fhdRun":"NA","fhdLifeHst":"FluvAdfluvRes","fhdUseTy":"ResidentMultipleUses","fhdBasis":"UndocObsFish","fhdStNm":"Abernethy Lake","fhdGenus":"Salvelinus","fhdSp":"fontinalis","fhdSubSp":null,"fhdOrig":"NonNative","fhdProd":"Natural","fhdComment":null,"fhdESH":"NA","fhdBasisD":null,"fhdNMF":"no","fhdBasisDt":null,"fhdBasisNm":null,"fhdBasisEnt":null,"fhdBasisPrj":null,"fhdBasisMethod":null,"fhdAccess":null,"fhdBarrierFtrID":null,"fhdEndExtent":null,"Shape__Area":33956.58891986,"Shape__Length":816.3179030626912,"habitatType":"lake"},"id":614},
{"type":"Feature","geometry":{"type":"Polygon","coordinates":[[[-122.074645,43.756254],[-122.0768,43.755029],[-122.075485,43.754118],[-122.073274,43.754928],[-122.074645,43.756254]]]},"properties":{"OBJECTID":263,"fhdFtrID":266,"fhdRefID":53684,"fhdRevDt":"20190214","fhdONm":"Peter Robinson","fhdOEnt":"ODFW","fhdSpNm":"Brook trout","fhdRun":"NA","fhdLifeHst":"FluvAdfluvRes","fhdUseTy":"ResidentMultipleUses","fhdBasis":"UndocObsFish","fhdStNm":"Lake Chetlo","fhdGenus":"Salvelinus","fhdSp":"fontinalis","fhdSubSp":null,"fhdOrig":"NonNative","fhdProd":"Natural","fhdComment":null,"fhdESH":"NA","fhdBasisD":null,"fhdNMF":"no","fhdBasisDt":null,"fhdBasisNm":null,"fhdBasisEnt":null,"fhdBasisPrj":null,"fhdBasisMethod":null,"fhdAccess":null,"fhdBarrierFtrID":null,"fhdEndExtent":null,"Shape__Area":148150.29167642,"Shape__Length":1980.4851480180994,"habitatType":"lake"},"id":615},
{"type":"Feature","geometry":{"type":"Polygon","coordinates":[[[-121.892559,44.493537],[-121.897719,44.492502],[-121.896946,44.49141],[-121.891724,44.492264],[-121.892559,44.493537]]]},"properties":{"OBJECTID":264,"fhdFtrID":267,"fhdRefID":53684,"fhdRevDt":"20190214","fhdONm":"Peter Robinson","fhdOEnt":"ODFW","fhdSpNm":"Brook trout","fhdRun":"NA","fhdLifeHst":"FluvAdfluvRes","fhdUseTy":"ResidentMultipleUses","fhdBasis":"UndocObsFish","fhdStNm":"Duffy Lake","fhdGenus":"Salvelinus","fhdSp":"fontinalis","fhdSubSp":null,"fhdOrig":"NonNative","fhdProd":"Natural","fhdComment":null,"fhdESH":"NA","fhdBasisD":null,"fhdNMF":"no","fhdBasisDt":null,"fhdBasisNm":null,"fhdBasisEnt":null,"fhdBasisPrj":null,"fhdBasisMethod":null,"fhdAccess":null,"fhdBarrierFtrID":null,"fhdEndExtent":null,"Shape__Area":207238.783897975,"Shape__Length":2599.375753145335,"habitatType":"lake"},"id":616},
{"type":"Feature","geometry":{"type":"Polygon","coordinates":[[[-121.903153,44.435362],[-121.908303,44.434133],[-121.911323,44.431866],[-121.911284,44.429201],[-121.904193,44.432167],[-121.90072,44.433106],[-121.903153,44.435362]]]},"properties":{"OBJECTID":265,"fhdFtrID":268,"fhdRefID":53684,"fhdRevDt":"20190214","fhdONm":"Peter Robinson","fhdOEnt":"ODFW","fhdSpNm":"Brook trout","fhdRun":"NA","fhdLifeHst":"FluvAdfluvRes","fhdUseTy":"ResidentMultipleUses","fhdBasis":"UndocObsFish","fhdStNm":"Lost Lake","fhdGenus":"Salvelinus","fhdSp":"fontinalis","fhdSubSp":null,"fhdOrig":"NonNative","fhdProd":"Natural","fhdComment":null,"fhdESH":"NA","fhdBasisD":null,"fhdNMF":"no","fhdBasisDt":null,"fhdBasisNm":null,"fhdBasisEnt":null,"fhdBasisPrj":null,"fhdBasisMethod":null,"fhdAccess":null,"fhdBarrierFtrID":null,"fhdEndExtent":null,"Shape__Area":629921.65332294,"Shape__Length":4991.219418809482,"habitatType":"lake"},"id":617},
{"type":"Feature","geometry":{"type":"Polygon","coordinates":[[[-122.05243,43.766714],[-122.05253,43.764356],[-122.050582,43.761008],[-122.053659,43.75655],[-122.053067,43.75469],[-122.05017,43.754855],[-122.049164,43.752496],[-122.045228,43.750825],[-122.045692,43.748209],[-122.051851,43.745982],[-122.054721,43.74669],[-122.063174,43.74703],[-122.066723,43.750418],[-122.068356,43.743669],[-122.070057,43.738893],[-122.068499,43.7368],[-122.0689,43.73503],[-122.067,43.730188],[-122.063602,43.726757],[-122.064074,43.723564],[-122.061134,43.721028],[-122.0584,43.714838],[-122.052766,43.714746],[-122.052897,43.711956],[-122.057964,43.711764],[-122.059952,43.710898],[-122.065776,43.705958],[-122.070262,43.703969],[-122.070184,43.700213],[-122.069175,43.698818],[-122.065157,43.698641],[-122.06581,43.696558],[-122.062856,43.690204],[-122.062913,43.68735],[-122.061304,43.685482],[-122.061977,43.682165],[-122.060842,43.680949],[-122.055869,43.681584],[-122.053001,43.68093],[-122.049865,43.683136],[-122.045061,43.688733],[-122.043037,43.689625],[-122.047144,43.692775],[-122.044924,43.698915],[-122.044295,43.702556],[-122.046971,43.703659],[-122.044503,43.706637],[-122.040974,43.705374],[-122.037512,43.707659],[-122.032546,43.713901],[-122.030474,43.714586],[-122.02947,43.719124],[-122.026809,43.721677],[-122.027629,43.723962],[-122.025281,43.726346],[-122.022502,43.72697],[-122.02144,43.730401],[-122.018635,43.733348],[-122.012206,43.743007],[-122.010585,43.744137],[-122.011903,43.746336],[-122.008811,43.750055],[-122.006447,43.750268],[-122.006568,43.752736],[-122.003823,43.755729],[-122.006746,43.761463],[-122.010919,43.760022],[-122.014726,43.760469],[-122.026444,43.760255],[-122.03248,43.761162],[-122.033791,43.762289],[-122.03861,43.762339],[-122.041345,43.764532],[-122.044717,43.764209],[-122.046839,43.762048],[-122.05243,43.766714]]]},"properties":{"OBJECTID":266,"fhdFtrID":269,"fhdRefID":53684,"fhdRevDt":"20190214","fhdONm":"Peter Robinson","fhdOEnt":"ODFW","fhdSpNm":"Brook trout","fhdRun":"NA","fhdLifeHst":"FluvAdfluvRes","fhdUseTy":"ResidentMultipleUses","fhdBasis":"UndocObsFish","fhdStNm":"Waldo Lake","fhdGenus":"Salvelinus","fhdSp":"fontinalis","fhdSubSp":null,"fhdOrig":"NonNative","fhdProd":"Natural","fhdComment":null,"fhdESH":"NA","fhdBasisD":null,"fhdNMF":"no","fhdBasisDt":null,"fhdBasisNm":null,"fhdBasisEnt":null,"fhdBasisPrj":null,"fhdBasisMethod":null,"fhdAccess":null,"fhdBarrierFtrID":null,"fhdEndExtent":null,"Shape__Area":47013628.76285741,"Shape__Length":55183.21296210697,"habitatType":"lake"},"id":618},
{"type":"Feature","geometry":{"type":"Polygon","coordinates":[[[-121.878076,44.494436],[-121.877278,44.495187],[-121.878051,44.495709],[-121.878589,44.494606],[-121.878076,44.494436]]]},"properties":{"OBJECTID":267,"fhdFtrID":270,"fhdRefID":53684,"fhdRevDt":"20190214","fhdONm":"Peter Robinson","fhdOEnt":"ODFW","fhdSpNm":"Brook trout","fhdRun":"NA","fhdLifeHst":"FluvAdfluvRes","fhdUseTy":"ResidentMultipleUses","fhdBasis":"UndocObsFish","fhdStNm":"North Dixie Lake","fhdGenus":"Salvelinus","fhdSp":"fontinalis","fhdSubSp":null,"fhdOrig":"NonNative","fhdProd":"Natural","fhdComment":null,"fhdESH":"NA","fhdBasisD":null,"fhdNMF":"no","fhdBasisDt":null,"fhdBasisNm":null,"fhdBasisEnt":null,"fhdBasisPrj":null,"fhdBasisMethod":null,"fhdAccess":null,"fhdBarrierFtrID":null,"fhdEndExtent":null,"Shape__Area":19854.903385325,"Shape__Length":582.0842419763057,"habitatType":"lake"},"id":619},
{"type":"Feature","geometry":{"type":"Polygon","coordinates":[[[-121.978867,45.153226],[-121.981327,45.152942],[-121.980928,45.151786],[-121.97929,45.151862],[-121.978867,45.153226]]]},"properties":{"OBJECTID":268,"fhdFtrID":271,"fhdRefID":53684,"fhdRevDt":"20190214","fhdONm":"Peter Robinson","fhdOEnt":"ODFW","fhdSpNm":"Brook trout","fhdRun":"NA","fhdLifeHst":"FluvAdfluvRes","fhdUseTy":"ResidentMultipleUses","fhdBasis":"UndocObsFish","fhdStNm":"Lower Rock Lake","fhdGenus":"Salvelinus","fhdSp":"fontinalis","fhdSubSp":null,"fhdOrig":"NonNative","fhdProd":"Natural","fhdComment":null,"fhdESH":"NA","fhdBasisD":null,"fhdNMF":"no","fhdBasisDt":null,"fhdBasisNm":null,"fhdBasisEnt":null,"fhdBasisPrj":null,"fhdBasisMethod":null,"fhdAccess":null,"fhdBarrierFtrID":null,"fhdEndExtent":null,"Shape__Area":60626.291606775,"Shape__Length":939.0746787412581,"habitatType":"lake"},"id":620},
{"type":"Feature","geometry":{"type":"Polygon","coordinates":[[[-121.816933,44.709259],[-121.818633,44.708529],[-121.816032,44.707783],[-121.81524,44.708776],[-121.816933,44.709259]]]},"properties":{"OBJECTID":269,"fhdFtrID":272,"fhdRefID":53684,"fhdRevDt":"20190214","fhdONm":"Peter Robinson","fhdOEnt":"ODFW","fhdSpNm":"Brook trout","fhdRun":"NA","fhdLifeHst":"FluvAdfluvRes","fhdUseTy":"ResidentMultipleUses","fhdBasis":"UndocObsFish","fhdStNm":"Bays Lake","fhdGenus":"Salvelinus","fhdSp":"fontinalis","fhdSubSp":null,"fhdOrig":"NonNative","fhdProd":"Natural","fhdComment":null,"fhdESH":"NA","fhdBasisD":null,"fhdNMF":"no","fhdBasisDt":null,"fhdBasisNm":null,"fhdBasisEnt":null,"fhdBasisPrj":null,"fhdBasisMethod":null,"fhdAccess":null,"fhdBarrierFtrID":null,"fhdEndExtent":null,"Shape__Area":84694.052216865,"Shape__Length":2365.5691677352747,"habitatType":"lake"},"id":621},
{"type":"Feature","geometry":{"type":"Polygon","coordinates":[[[-121.918754,43.951549],[-121.921043,43.952489],[-121.920355,43.95052],[-121.918754,43.951549]]]},"properties":{"OBJECTID":270,"fhdFtrID":273,"fhdRefID":53684,"fhdRevDt":"20190214","fhdONm":"Peter Robinson","fhdOEnt":"ODFW","fhdSpNm":"Brook trout","fhdRun":"NA","fhdLifeHst":"FluvAdfluvRes","fhdUseTy":"ResidentMultipleUses","fhdBasis":"UndocObsFish","fhdStNm":"Penn Lake","fhdGenus":"Salvelinus","fhdSp":"fontinalis","fhdSubSp":null,"fhdOrig":"NonNative","fhdProd":"Natural","fhdComment":null,"fhdESH":"NA","fhdBasisD":null,"fhdNMF":"no","fhdBasisDt":null,"fhdBasisNm":null,"fhdBasisEnt":null,"fhdBasisPrj":null,"fhdBasisMethod":null,"fhdAccess":null,"fhdBarrierFtrID":null,"fhdEndExtent":null,"Shape__Area":103822.583529575,"Shape__Length":1706.3945858967065,"habitatType":"lake"},"id":622},
{"type":"Feature","geometry":{"type":"Polygon","coordinates":[[[-121.874472,44.458715],[-121.875578,44.458681],[-121.875049,44.458117],[-121.874472,44.458715]]]},"properties":{"OBJECTID":271,"fhdFtrID":274,"fhdRefID":53684,"fhdRevDt":"20190214","fhdONm":"Peter Robinson","fhdOEnt":"ODFW","fhdSpNm":"Brook trout","fhdRun":"NA","fhdLifeHst":"FluvAdfluvRes","fhdUseTy":"ResidentMultipleUses","fhdBasis":"UndocObsFish","fhdStNm":"Lower Berley Lake","fhdGenus":"Salvelinus","fhdSp":"fontinalis","fhdSubSp":null,"fhdOrig":"NonNative","fhdProd":"Natural","fhdComment":null,"fhdESH":"NA","fhdBasisD":null,"fhdNMF":"no","fhdBasisDt":null,"fhdBasisNm":null,"fhdBasisEnt":null,"fhdBasisPrj":null,"fhdBasisMethod":null,"fhdAccess":null,"fhdBarrierFtrID":null,"fhdEndExtent":null,"Shape__Area":15480.487163855,"Shape__Length":560.0639510597226,"habitatType":"lake"},"id":623},
{"type":"Feature","geometry":{"type":"Polygon","coordinates":[[[-121.871213,44.573073],[-121.873845,44.57164],[-121.871678,44.570302],[-121.869138,44.571033],[-121.871213,44.573073]]]},"properties":{"OBJECTID":272,"fhdFtrID":275,"fhdRefID":53684,"fhdRevDt":"20190214","fhdONm":"Peter Robinson","fhdOEnt":"ODFW","fhdSpNm":"Brook trout","fhdRun":"NA","fhdLifeHst":"FluvAdfluvRes","fhdUseTy":"ResidentMultipleUses","fhdBasis":"UndocObsFish","fhdStNm":"Lake Ann","fhdGenus":"Salvelinus","fhdSp":"fontinalis","fhdSubSp":null,"fhdOrig":"NonNative","fhdProd":"Natural","fhdComment":null,"fhdESH":"NA","fhdBasisD":null,"fhdNMF":"no","fhdBasisDt":null,"fhdBasisNm":null,"fhdBasisEnt":null,"fhdBasisPrj":null,"fhdBasisMethod":null,"fhdAccess":null,"fhdBarrierFtrID":null,"fhdEndExtent":null,"Shape__Area":165169.00876537,"Shape__Length":1533.245356751372,"habitatType":"lake"},"id":624},
{"type":"Feature","geometry":{"type":"Polygon","coordinates":[[[-121.982291,45.144123],[-121.981273,45.144742],[-121.981572,45.146275],[-121.983649,45.144699],[-121.982291,45.144123]]]},"properties":{"OBJECTID":273,"fhdFtrID":276,"fhdRefID":53684,"fhdRevDt":"20190214","fhdONm":"Peter Robinson","fhdOEnt":"ODFW","fhdSpNm":"Brook trout","fhdRun":"NA","fhdLifeHst":"FluvAdfluvRes","fhdUseTy":"ResidentMultipleUses","fhdBasis":"UndocObsFish","fhdStNm":"Rock Lakes","fhdGenus":"Salvelinus","fhdSp":"fontinalis","fhdSubSp":null,"fhdOrig":"NonNative","fhdProd":"Natural","fhdComment":null,"fhdESH":"NA","fhdBasisD":null,"fhdNMF":"no","fhdBasisDt":null,"fhdBasisNm":null,"fhdBasisEnt":null,"fhdBasisPrj":null,"fhdBasisMethod":null,"fhdAccess":null,"fhdBarrierFtrID":null,"fhdEndExtent":null,"Shape__Area":83783.228092265,"Shape__Length":1508.3891372514786,"habitatType":"lake"},"id":625},
{"type":"Feature","geometry":{"type":"Polygon","coordinates":[[[-121.864769,44.518355],[-121.866687,44.518667],[-121.869122,44.515038],[-121.864,44.515704],[-121.864769,44.518355]]]},"properties":{"OBJECTID":274,"fhdFtrID":277,"fhdRefID":53684,"fhdRevDt":"20190214","fhdONm":"Peter Robinson","fhdOEnt":"ODFW","fhdSpNm":"Brook trout","fhdRun":"NA","fhdLifeHst":"FluvAdfluvRes","fhdUseTy":"ResidentMultipleUses","fhdBasis":"UndocObsFish","fhdStNm":"Jorn Lake","fhdGenus":"Salvelinus","fhdSp":"fontinalis","fhdSubSp":null,"fhdOrig":"NonNative","fhdProd":"Natural","fhdComment":null,"fhdESH":"NA","fhdBasisD":null,"fhdNMF":"no","fhdBasisDt":null,"fhdBasisNm":null,"fhdBasisEnt":null,"fhdBasisPrj":null,"fhdBasisMethod":null,"fhdAccess":null,"fhdBarrierFtrID":null,"fhdEndExtent":null,"Shape__Area":248769.1435646,"Shape__Length":2707.7871349753104,"habitatType":"lake"},"id":626},
{"type":"Feature","geometry":{"type":"Polygon","coordinates":[[[-122.299165,45.25194],[-122.299756,45.251732],[-122.302568,45.247532],[-122.304087,45.246187],[-122.303109,45.245087],[-122.301485,45.248048],[-122.299438,45.25074],[-122.299165,45.25194]]]},"properties":{"OBJECTID":275,"fhdFtrID":278,"fhdRefID":53684,"fhdRevDt":"20190214","fhdONm":"Peter Robinson","fhdOEnt":"ODFW","fhdSpNm":"Brook trout","fhdRun":"NA","fhdLifeHst":"FluvAdfluvRes","fhdUseTy":"ResidentMultipleUses","fhdBasis":"UndocObsFish","fhdStNm":"North Fork Reservoir","fhdGenus":"Salvelinus","fhdSp":"fontinalis","fhdSubSp":null,"fhdOrig":"NonNative","fhdProd":"Natural","fhdComment":null,"fhdESH":"NA","fhdBasisD":null,"fhdNMF":"no","fhdBasisDt":null,"fhdBasisNm":null,"fhdBasisEnt":null,"fhdBasisPrj":null,"fhdBasisMethod":null,"fhdAccess":null,"fhdBarrierFtrID":null,"fhdEndExtent":null,"Shape__Area":357384.12484802,"Shape__Length":8565.826147917684,"habitatType":"lake"},"id":627},
{"type":"Feature","geometry":{"type":"Polygon","coordinates":[[[-122.158827,43.736044],[-122.1595,43.738534],[-122.161536,43.737676],[-122.158827,43.736044]]]},"properties":{"OBJECTID":276,"fhdFtrID":279,"fhdRefID":53684,"fhdRevDt":"20190214","fhdONm":"Peter Robinson","fhdOEnt":"ODFW","fhdSpNm":"Brook trout","fhdRun":"NA","fhdLifeHst":"FluvAdfluvRes","fhdUseTy":"ResidentMultipleUses","fhdBasis":"UndocObsFish","fhdStNm":"Spirit Lake","fhdGenus":"Salvelinus","fhdSp":"fontinalis","fhdSubSp":null,"fhdOrig":"NonNative","fhdProd":"Natural","fhdComment":null,"fhdESH":"NA","fhdBasisD":null,"fhdNMF":"no","fhdBasisDt":null,"fhdBasisNm":null,"fhdBasisEnt":null,"fhdBasisPrj":null,"fhdBasisMethod":null,"fhdAccess":null,"fhdBarrierFtrID":null,"fhdEndExtent":null,"Shape__Area":84499.962469905,"Shape__Length":1216.512905673143,"habitatType":"lake"},"id":628},
{"type":"Feature","geometry":{"type":"Polygon","coordinates":[[[-121.870824,45.110297],[-121.870957,45.111433],[-121.873576,45.112007],[-121.872311,45.109687],[-121.870824,45.110297]]]},"properties":{"OBJECTID":277,"fhdFtrID":280,"fhdRefID":53684,"fhdRevDt":"20190214","fhdONm":"Peter Robinson","fhdOEnt":"ODFW","fhdSpNm":"Brook trout","fhdRun":"NA","fhdLifeHst":"FluvAdfluvRes","fhdUseTy":"ResidentMultipleUses","fhdBasis":"UndocObsFish","fhdStNm":"Buck Lake","fhdGenus":"Salvelinus","fhdSp":"fontinalis","fhdSubSp":null,"fhdOrig":"NonNative","fhdProd":"Natural","fhdComment":null,"fhdESH":"NA","fhdBasisD":null,"fhdNMF":"no","fhdBasisDt":null,"fhdBasisNm":null,"fhdBasisEnt":null,"fhdBasisPrj":null,"fhdBasisMethod":null,"fhdAccess":null,"fhdBarrierFtrID":null,"fhdEndExtent":null,"Shape__Area":79855.079408505,"Shape__Length":1160.0932922558334,"habitatType":"lake"},"id":629},
{"type":"Feature","geometry":{"type":"Polygon","coordinates":[[[-122.10323,43.390059],[-122.102124,43.391401],[-122.103372,43.393833],[-122.104901,43.391485],[-122.10323,43.390059]]]},"properties":{"OBJECTID":278,"fhdFtrID":281,"fhdRefID":53684,"fhdRevDt":"20190214","fhdONm":"Peter Robinson","fhdOEnt":"ODFW","fhdSpNm":"Brook trout","fhdRun":"NA","fhdLifeHst":"FluvAdfluvRes","fhdUseTy":"ResidentMultipleUses","fhdBasis":"UndocObsFish","fhdStNm":"Indigo Lake","fhdGenus":"Salvelinus","fhdSp":"fontinalis","fhdSubSp":null,"fhdOrig":"NonNative","fhdProd":"Natural","fhdComment":null,"fhdESH":"NA","fhdBasisD":null,"fhdNMF":"no","fhdBasisDt":null,"fhdBasisNm":null,"fhdBasisEnt":null,"fhdBasisPrj":null,"fhdBasisMethod":null,"fhdAccess":null,"fhdBarrierFtrID":null,"fhdEndExtent":null,"Shape__Area":147487.558371305,"Shape__Length":1836.2716598950967,"habitatType":"lake"},"id":630},
{"type":"Feature","geometry":{"type":"Polygon","coordinates":[[[-122.072977,43.688054],[-122.074271,43.688649],[-122.074843,43.687772],[-122.072977,43.688054]]]},"properties":{"OBJECTID":279,"fhdFtrID":282,"fhdRefID":53684,"fhdRevDt":"20190214","fhdONm":"Peter Robinson","fhdOEnt":"ODFW","fhdSpNm":"Brook trout","fhdRun":"NA","fhdLifeHst":"FluvAdfluvRes","fhdUseTy":"ResidentMultipleUses","fhdBasis":"UndocObsFish","fhdStNm":"Bingo Lake","fhdGenus":"Salvelinus","fhdSp":"fontinalis","fhdSubSp":null,"fhdOrig":"NonNative","fhdProd":"Natural","fhdComment":null,"fhdESH":"NA","fhdBasisD":null,"fhdNMF":"no","fhdBasisDt":null,"fhdBasisNm":null,"fhdBasisEnt":null,"fhdBasisPrj":null,"fhdBasisMethod":null,"fhdAccess":null,"fhdBarrierFtrID":null,"fhdEndExtent":null,"Shape__Area":35711.66834579,"Shape__Length":1006.8623068766082,"habitatType":"lake"},"id":631},
{"type":"Feature","geometry":{"type":"Polygon","coordinates":[[[-122.07323,43.773061],[-122.07617,43.774184],[-122.077373,43.771897],[-122.076795,43.769894],[-122.072754,43.770059],[-122.07323,43.773061]]]},"properties":{"OBJECTID":280,"fhdFtrID":283,"fhdRefID":53684,"fhdRevDt":"20190214","fhdONm":"Peter Robinson","fhdOEnt":"ODFW","fhdSpNm":"Brook trout","fhdRun":"NA","fhdLifeHst":"FluvAdfluvRes","fhdUseTy":"ResidentMultipleUses","fhdBasis":"UndocObsFish","fhdStNm":"Upper Eddeeleo Lake","fhdGenus":"Salvelinus","fhdSp":"fontinalis","fhdSubSp":null,"fhdOrig":"NonNative","fhdProd":"Natural","fhdComment":null,"fhdESH":"NA","fhdBasisD":null,"fhdNMF":"no","fhdBasisDt":null,"fhdBasisNm":null,"fhdBasisEnt":null,"fhdBasisPrj":null,"fhdBasisMethod":null,"fhdAccess":null,"fhdBarrierFtrID":null,"fhdEndExtent":null,"Shape__Area":345642.548630405,"Shape__Length":2574.6258558906084,"habitatType":"lake"},"id":632},
{"type":"Feature","geometry":{"type":"Polygon","coordinates":[[[-122.148753,44.870928],[-122.148376,44.869748],[-122.147396,44.869528],[-122.147766,44.870779],[-122.148753,44.870928]]]},"properties":{"OBJECTID":281,"fhdFtrID":284,"fhdRefID":53684,"fhdRevDt":"20190214","fhdONm":"Peter Robinson","fhdOEnt":"ODFW","fhdSpNm":"Brook trout","fhdRun":"NA","fhdLifeHst":"FluvAdfluvRes","fhdUseTy":"ResidentMultipleUses","fhdBasis":"UndocObsFish","fhdStNm":"Silver King Lake","fhdGenus":"Salvelinus","fhdSp":"fontinalis","fhdSubSp":null,"fhdOrig":"NonNative","fhdProd":"Natural","fhdComment":null,"fhdESH":"NA","fhdBasisD":null,"fhdNMF":"no","fhdBasisDt":null,"fhdBasisNm":null,"fhdBasisEnt":null,"fhdBasisPrj":null,"fhdBasisMethod":null,"fhdAccess":null,"fhdBarrierFtrID":null,"fhdEndExtent":null,"Shape__Area":29447.229514805,"Shape__Length":729.6071299076629,"habitatType":"lake"},"id":633},
{"type":"Feature","geometry":{"type":"Polygon","coordinates":[[[-122.002393,44.75415],[-122.002223,44.755335],[-122.004125,44.754892],[-122.003372,44.753832],[-122.002393,44.75415]]]},"properties":{"OBJECTID":282,"fhdFtrID":285,"fhdRefID":53684,"fhdRevDt":"20190214","fhdONm":"Peter Robinson","fhdOEnt":"ODFW","fhdSpNm":"Brook trout","fhdRun":"NA","fhdLifeHst":"FluvAdfluvRes","fhdUseTy":"ResidentMultipleUses","fhdBasis":"UndocObsFish","fhdStNm":"Leone Lake","fhdGenus":"Salvelinus","fhdSp":"fontinalis","fhdSubSp":null,"fhdOrig":"NonNative","fhdProd":"Natural","fhdComment":null,"fhdESH":"NA","fhdBasisD":null,"fhdNMF":"no","fhdBasisDt":null,"fhdBasisNm":null,"fhdBasisEnt":null,"fhdBasisPrj":null,"fhdBasisMethod":null,"fhdAccess":null,"fhdBarrierFtrID":null,"fhdEndExtent":null,"Shape__Area":38425.795517005,"Shape__Length":826.183494038191,"habitatType":"lake"},"id":634},
{"type":"Feature","geometry":{"type":"Polygon","coordinates":[[[-121.908366,43.934217],[-121.910809,43.934133],[-121.909881,43.931774],[-121.907648,43.932572],[-121.908366,43.934217]]]},"properties":{"OBJECTID":283,"fhdFtrID":286,"fhdRefID":53684,"fhdRevDt":"20190214","fhdONm":"Peter Robinson","fhdOEnt":"ODFW","fhdSpNm":"Brook trout","fhdRun":"NA","fhdLifeHst":"FluvAdfluvRes","fhdUseTy":"ResidentMultipleUses","fhdBasis":"UndocObsFish","fhdStNm":"Porky Lake","fhdGenus":"Salvelinus","fhdSp":"fontinalis","fhdSubSp":null,"fhdOrig":"NonNative","fhdProd":"Natural","fhdComment":null,"fhdESH":"NA","fhdBasisD":null,"fhdNMF":"no","fhdBasisDt":null,"fhdBasisNm":null,"fhdBasisEnt":null,"fhdBasisPrj":null,"fhdBasisMethod":null,"fhdAccess":null,"fhdBarrierFtrID":null,"fhdEndExtent":null,"Shape__Area":249921.057505545,"Shape__Length":3888.1457992209166,"habitatType":"lake"},"id":635},
{"type":"Feature","geometry":{"type":"Polygon","coordinates":[[[-121.981136,43.873748],[-121.982044,43.872315],[-121.980102,43.870182],[-121.976952,43.870235],[-121.976768,43.872232],[-121.981136,43.873748]]]},"properties":{"OBJECTID":284,"fhdFtrID":287,"fhdRefID":53684,"fhdRevDt":"20190214","fhdONm":"Peter Robinson","fhdOEnt":"ODFW","fhdSpNm":"Brook trout","fhdRun":"NA","fhdLifeHst":"FluvAdfluvRes","fhdUseTy":"ResidentMultipleUses","fhdBasis":"UndocObsFish","fhdStNm":"McFarland Lake","fhdGenus":"Salvelinus","fhdSp":"fontinalis","fhdSubSp":null,"fhdOrig":"NonNative","fhdProd":"Natural","fhdComment":null,"fhdESH":"NA","fhdBasisD":null,"fhdNMF":"no","fhdBasisDt":null,"fhdBasisNm":null,"fhdBasisEnt":null,"fhdBasisPrj":null,"fhdBasisMethod":null,"fhdAccess":null,"fhdBarrierFtrID":null,"fhdEndExtent":null,"Shape__Area":299816.493618015,"Shape__Length":2467.832517435257,"habitatType":"lake"},"id":636},
{"type":"Feature","geometry":{"type":"Polygon","coordinates":[[[-122.03803,43.783808],[-122.042993,43.78277],[-122.041918,43.779249],[-122.039802,43.782554],[-122.03803,43.783808]]]},"properties":{"OBJECTID":285,"fhdFtrID":288,"fhdRefID":53684,"fhdRevDt":"20190214","fhdONm":"Peter Robinson","fhdOEnt":"ODFW","fhdSpNm":"Brook trout","fhdRun":"NA","fhdLifeHst":"FluvAdfluvRes","fhdUseTy":"ResidentMultipleUses","fhdBasis":"UndocObsFish","fhdStNm":"Lake Kiwa","fhdGenus":"Salvelinus","fhdSp":"fontinalis","fhdSubSp":null,"fhdOrig":"NonNative","fhdProd":"Natural","fhdComment":null,"fhdESH":"NA","fhdBasisD":null,"fhdNMF":"no","fhdBasisDt":null,"fhdBasisNm":null,"fhdBasisEnt":null,"fhdBasisPrj":null,"fhdBasisMethod":null,"fhdAccess":null,"fhdBarrierFtrID":null,"fhdEndExtent":null,"Shape__Area":177449.017579885,"Shape__Length":2671.2693002185615,"habitatType":"lake"},"id":637},
{"type":"Feature","geometry":{"type":"Polygon","coordinates":[[[-121.859158,44.522275],[-121.857457,44.524043],[-121.858738,44.52452],[-121.860716,44.523542],[-121.859158,44.522275]]]},"properties":{"OBJECTID":286,"fhdFtrID":289,"fhdRefID":53684,"fhdRevDt":"20190214","fhdONm":"Peter Robinson","fhdOEnt":"ODFW","fhdSpNm":"Brook trout","fhdRun":"NA","fhdLifeHst":"FluvAdfluvRes","fhdUseTy":"ResidentMultipleUses","fhdBasis":"UndocObsFish","fhdStNm":"Teto Lake","fhdGenus":"Salvelinus","fhdSp":"fontinalis","fhdSubSp":null,"fhdOrig":"NonNative","fhdProd":"Natural","fhdComment":null,"fhdESH":"NA","fhdBasisD":null,"fhdNMF":"no","fhdBasisDt":null,"fhdBasisNm":null,"fhdBasisEnt":null,"fhdBasisPrj":null,"fhdBasisMethod":null,"fhdAccess":null,"fhdBarrierFtrID":null,"fhdEndExtent":null,"Shape__Area":80843.242089175,"Shape__Length":1154.1874931974426,"habitatType":"lake"},"id":638},
{"type":"Feature","geometry":{"type":"Polygon","coordinates":[[[-121.78041,44.77442],[-121.781358,44.773954],[-121.780295,44.773213],[-121.779008,44.774261],[-121.78041,44.77442]]]},"properties":{"OBJECTID":287,"fhdFtrID":290,"fhdRefID":53684,"fhdRevDt":"20190214","fhdONm":"Peter Robinson","fhdOEnt":"ODFW","fhdSpNm":"Brook trout","fhdRun":"NA","fhdLifeHst":"FluvAdfluvRes","fhdUseTy":"ResidentMultipleUses","fhdBasis":"UndocObsFish","fhdStNm":"Gibson Lake","fhdGenus":"Salvelinus","fhdSp":"fontinalis","fhdSubSp":null,"fhdOrig":"NonNative","fhdProd":"Natural","fhdComment":null,"fhdESH":"NA","fhdBasisD":null,"fhdNMF":"no","fhdBasisDt":null,"fhdBasisNm":null,"fhdBasisEnt":null,"fhdBasisPrj":null,"fhdBasisMethod":null,"fhdAccess":null,"fhdBarrierFtrID":null,"fhdEndExtent":null,"Shape__Area":38549.84621614,"Shape__Length":941.4151638990825,"habitatType":"lake"},"id":639},
{"type":"Feature","geometry":{"type":"Polygon","coordinates":[[[-121.920152,44.490287],[-121.919669,44.490912],[-121.920896,44.490748],[-121.920152,44.490287]]]},"properties":{"OBJECTID":288,"fhdFtrID":291,"fhdRefID":53684,"fhdRevDt":"20190214","fhdONm":"Peter Robinson","fhdOEnt":"ODFW","fhdSpNm":"Brook trout","fhdRun":"NA","fhdLifeHst":"FluvAdfluvRes","fhdUseTy":"ResidentMultipleUses","fhdBasis":"UndocObsFish","fhdStNm":"Cincha Lake","fhdGenus":"Salvelinus","fhdSp":"fontinalis","fhdSubSp":null,"fhdOrig":"NonNative","fhdProd":"Natural","fhdComment":null,"fhdESH":"NA","fhdBasisD":null,"fhdNMF":"no","fhdBasisDt":null,"fhdBasisNm":null,"fhdBasisEnt":null,"fhdBasisPrj":null,"fhdBasisMethod":null,"fhdAccess":null,"fhdBarrierFtrID":null,"fhdEndExtent":null,"Shape__Area":10987.570201755,"Shape__Length":431.1538951038122,"habitatType":"lake"},"id":640},
{"type":"Feature","geometry":{"type":"Polygon","coordinates":[[[-121.812163,44.831345],[-121.811013,44.832799],[-121.812602,44.835241],[-121.815933,44.8358],[-121.81591,44.832459],[-121.812163,44.831345]]]},"properties":{"OBJECTID":289,"fhdFtrID":292,"fhdRefID":53684,"fhdRevDt":"20190214","fhdONm":"Peter Robinson","fhdOEnt":"ODFW","fhdSpNm":"Brook trout","fhdRun":"NA","fhdLifeHst":"FluvAdfluvRes","fhdUseTy":"ResidentMultipleUses","fhdBasis":"UndocObsFish","fhdStNm":"Fish Lake","fhdGenus":"Salvelinus","fhdSp":"fontinalis","fhdSubSp":null,"fhdOrig":"NonNative","fhdProd":"Natural","fhdComment":null,"fhdESH":"NA","fhdBasisD":null,"fhdNMF":"no","fhdBasisDt":null,"fhdBasisNm":null,"fhdBasisEnt":null,"fhdBasisPrj":null,"fhdBasisMethod":null,"fhdAccess":null,"fhdBarrierFtrID":null,"fhdEndExtent":null,"Shape__Area":305478.403298595,"Shape__Length":2178.3921641152147,"habitatType":"lake"},"id":641},
{"type":"Feature","geometry":{"type":"Polygon","coordinates":[[[-121.87275,44.052782],[-121.873338,44.054494],[-121.876063,44.055327],[-121.876959,44.052615],[-121.87275,44.052782]]]},"properties":{"OBJECTID":290,"fhdFtrID":293,"fhdRefID":53684,"fhdRevDt":"20190214","fhdONm":"Peter Robinson","fhdOEnt":"ODFW","fhdSpNm":"Brook trout","fhdRun":"NA","fhdLifeHst":"FluvAdfluvRes","fhdUseTy":"ResidentMultipleUses","fhdBasis":"UndocObsFish","fhdStNm":"Nash Lake","fhdGenus":"Salvelinus","fhdSp":"fontinalis","fhdSubSp":null,"fhdOrig":"NonNative","fhdProd":"Natural","fhdComment":null,"fhdESH":"NA","fhdBasisD":null,"fhdNMF":"no","fhdBasisDt":null,"fhdBasisNm":null,"fhdBasisEnt":null,"fhdBasisPrj":null,"fhdBasisMethod":null,"fhdAccess":null,"fhdBarrierFtrID":null,"fhdEndExtent":null,"Shape__Area":192260.628248635,"Shape__Length":1729.4582997688967,"habitatType":"lake"},"id":642},
{"type":"Feature","geometry":{"type":"Polygon","coordinates":[[[-121.907382,43.921243],[-121.910544,43.919337],[-121.905421,43.918865],[-121.907382,43.921243]]]},"properties":{"OBJECTID":291,"fhdFtrID":294,"fhdRefID":53684,"fhdRevDt":"20190214","fhdONm":"Peter Robinson","fhdOEnt":"ODFW","fhdSpNm":"Brook trout","fhdRun":"NA","fhdLifeHst":"FluvAdfluvRes","fhdUseTy":"ResidentMultipleUses","fhdBasis":"UndocObsFish","fhdStNm":"Mac Lake","fhdGenus":"Salvelinus","fhdSp":"fontinalis","fhdSubSp":null,"fhdOrig":"NonNative","fhdProd":"Natural","fhdComment":null,"fhdESH":"NA","fhdBasisD":null,"fhdNMF":"no","fhdBasisDt":null,"fhdBasisNm":null,"fhdBasisEnt":null,"fhdBasisPrj":null,"fhdBasisMethod":null,"fhdAccess":null,"fhdBarrierFtrID":null,"fhdEndExtent":null,"Shape__Area":164757.42896281,"Shape__Length":2096.599944556063,"habitatType":"lake"},"id":643},
{"type":"Feature","geometry":{"type":"Polygon","coordinates":[[[-122.039645,43.635456],[-122.041101,43.637449],[-122.044585,43.635119],[-122.048424,43.630667],[-122.043769,43.630268],[-122.037861,43.634604],[-122.039645,43.635456]]]},"properties":{"OBJECTID":292,"fhdFtrID":295,"fhdRefID":53684,"fhdRevDt":"20190214","fhdONm":"Peter Robinson","fhdOEnt":"ODFW","fhdSpNm":"Brook trout","fhdRun":"NA","fhdLifeHst":"FluvAdfluvRes","fhdUseTy":"ResidentMultipleUses","fhdBasis":"UndocObsFish","fhdStNm":"Gold Lake","fhdGenus":"Salvelinus","fhdSp":"fontinalis","fhdSubSp":null,"fhdOrig":"NonNative","fhdProd":"Natural","fhdComment":null,"fhdESH":"NA","fhdBasisD":null,"fhdNMF":"no","fhdBasisDt":null,"fhdBasisNm":null,"fhdBasisEnt":null,"fhdBasisPrj":null,"fhdBasisMethod":null,"fhdAccess":null,"fhdBarrierFtrID":null,"fhdEndExtent":null,"Shape__Area":673117.248448395,"Shape__Length":4138.399139019422,"habitatType":"lake"},"id":644},
{"type":"Feature","geometry":{"type":"Polygon","coordinates":[[[-122.069299,44.877835],[-122.06899,44.878032],[-122.069422,44.878389],[-122.069692,44.878087],[-122.069299,44.877835]]]},"properties":{"OBJECTID":293,"fhdFtrID":296,"fhdRefID":53684,"fhdRevDt":"20190214","fhdONm":"Peter Robinson","fhdOEnt":"ODFW","fhdSpNm":"Brook trout","fhdRun":"NA","fhdLifeHst":"FluvAdfluvRes","fhdUseTy":"ResidentMultipleUses","fhdBasis":"UndocObsFish","fhdStNm":"Welcome Lakes","fhdGenus":"Salvelinus","fhdSp":"fontinalis","fhdSubSp":null,"fhdOrig":"NonNative","fhdProd":"Natural","fhdComment":null,"fhdESH":"NA","fhdBasisD":null,"fhdNMF":"no","fhdBasisDt":null,"fhdBasisNm":null,"fhdBasisEnt":null,"fhdBasisPrj":null,"fhdBasisMethod":null,"fhdAccess":null,"fhdBarrierFtrID":null,"fhdEndExtent":null,"Shape__Area":5573.499947075,"Shape__Length":279.08203868983577,"habitatType":"lake"},"id":645},
{"type":"Feature","geometry":{"type":"Polygon","coordinates":[[[-121.836177,44.558998],[-121.835487,44.560722],[-121.836684,44.560661],[-121.836968,44.559827],[-121.836177,44.558998]]]},"properties":{"OBJECTID":294,"fhdFtrID":297,"fhdRefID":53684,"fhdRevDt":"20190214","fhdONm":"Peter Robinson","fhdOEnt":"ODFW","fhdSpNm":"Brook trout","fhdRun":"NA","fhdLifeHst":"FluvAdfluvRes","fhdUseTy":"ResidentMultipleUses","fhdBasis":"UndocObsFish","fhdStNm":"Prill Lake","fhdGenus":"Salvelinus","fhdSp":"fontinalis","fhdSubSp":null,"fhdOrig":"NonNative","fhdProd":"Natural","fhdComment":null,"fhdESH":"NA","fhdBasisD":null,"fhdNMF":"no","fhdBasisDt":null,"fhdBasisNm":null,"fhdBasisEnt":null,"fhdBasisPrj":null,"fhdBasisMethod":null,"fhdAccess":null,"fhdBarrierFtrID":null,"fhdEndExtent":null,"Shape__Area":38097.06634014,"Shape__Length":774.5948187734168,"habitatType":"lake"},"id":646},
{"type":"Feature","geometry":{"type":"Polygon","coordinates":[[[-122.037569,43.778456],[-122.040614,43.778419],[-122.040618,43.776609],[-122.038702,43.77599],[-122.037569,43.778456]]]},"properties":{"OBJECTID":295,"fhdFtrID":298,"fhdRefID":53684,"fhdRevDt":"20190214","fhdONm":"Peter Robinson","fhdOEnt":"ODFW","fhdSpNm":"Brook trout","fhdRun":"NA","fhdLifeHst":"FluvAdfluvRes","fhdUseTy":"ResidentMultipleUses","fhdBasis":"UndocObsFish","fhdStNm":"Lower Rigdon Lake","fhdGenus":"Salvelinus","fhdSp":"fontinalis","fhdSubSp":null,"fhdOrig":"NonNative","fhdProd":"Natural","fhdComment":null,"fhdESH":"NA","fhdBasisD":null,"fhdNMF":"no","fhdBasisDt":null,"fhdBasisNm":null,"fhdBasisEnt":null,"fhdBasisPrj":null,"fhdBasisMethod":null,"fhdAccess":null,"fhdBarrierFtrID":null,"fhdEndExtent":null,"Shape__Area":131365.337201735,"Shape__Length":1418.4697432720404,"habitatType":"lake"},"id":647},
{"type":"Feature","geometry":{"type":"Polygon","coordinates":[[[-121.901218,43.92185],[-121.902814,43.921784],[-121.903551,43.920963],[-121.901602,43.920638],[-121.901218,43.92185]]]},"properties":{"OBJECTID":296,"fhdFtrID":299,"fhdRefID":53684,"fhdRevDt":"20190214","fhdONm":"Peter Robinson","fhdOEnt":"ODFW","fhdSpNm":"Brook trout","fhdRun":"NA","fhdLifeHst":"FluvAdfluvRes","fhdUseTy":"ResidentMultipleUses","fhdBasis":"UndocObsFish","fhdStNm":"Merrill Lake","fhdGenus":"Salvelinus","fhdSp":"fontinalis","fhdSubSp":null,"fhdOrig":"NonNative","fhdProd":"Natural","fhdComment":null,"fhdESH":"NA","fhdBasisD":null,"fhdNMF":"no","fhdBasisDt":null,"fhdBasisNm":null,"fhdBasisEnt":null,"fhdBasisPrj":null,"fhdBasisMethod":null,"fhdAccess":null,"fhdBarrierFtrID":null,"fhdEndExtent":null,"Shape__Area":43110.656690545,"Shape__Length":814.0379483776708,"habitatType":"lake"},"id":648},
{"type":"Feature","geometry":{"type":"Polygon","coordinates":[[[-121.880177,44.504137],[-121.883615,44.501532],[-121.883616,44.497473],[-121.87952,44.49909],[-121.878576,44.502364],[-121.880177,44.504137]]]},"properties":{"OBJECTID":297,"fhdFtrID":300,"fhdRefID":53684,"fhdRevDt":"20190214","fhdONm":"Peter Robinson","fhdOEnt":"ODFW","fhdSpNm":"Brook trout","fhdRun":"NA","fhdLifeHst":"FluvAdfluvRes","fhdUseTy":"ResidentMultipleUses","fhdBasis":"UndocObsFish","fhdStNm":"Mowich Lake","fhdGenus":"Salvelinus","fhdSp":"fontinalis","fhdSubSp":null,"fhdOrig":"NonNative","fhdProd":"Natural","fhdComment":null,"fhdESH":"NA","fhdBasisD":null,"fhdNMF":"no","fhdBasisDt":null,"fhdBasisNm":null,"fhdBasisEnt":null,"fhdBasisPrj":null,"fhdBasisMethod":null,"fhdAccess":null,"fhdBarrierFtrID":null,"fhdEndExtent":null,"Shape__Area":421658.6540429,"Shape__Length":3734.985117398204,"habitatType":"lake"},"id":649},
{"type":"Feature","geometry":{"type":"Polygon","coordinates":[[[-122.084961,43.402862],[-122.084726,43.403698],[-122.086762,43.404642],[-122.086711,43.403119],[-122.084961,43.402862]]]},"properties":{"OBJECTID":298,"fhdFtrID":301,"fhdRefID":53684,"fhdRevDt":"20190214","fhdONm":"Peter Robinson","fhdOEnt":"ODFW","fhdSpNm":"Brook trout","fhdRun":"NA","fhdLifeHst":"FluvAdfluvRes","fhdUseTy":"ResidentMultipleUses","fhdBasis":"UndocObsFish","fhdStNm":"Andy Lake","fhdGenus":"Salvelinus","fhdSp":"fontinalis","fhdSubSp":null,"fhdOrig":"NonNative","fhdProd":"Natural","fhdComment":null,"fhdESH":"NA","fhdBasisD":null,"fhdNMF":"no","fhdBasisDt":null,"fhdBasisNm":null,"fhdBasisEnt":null,"fhdBasisPrj":null,"fhdBasisMethod":null,"fhdAccess":null,"fhdBarrierFtrID":null,"fhdEndExtent":null,"Shape__Area":48272.186323975,"Shape__Length":913.7961740007713,"habitatType":"lake"},"id":650},
{"type":"Feature","geometry":{"type":"Polygon","coordinates":[[[-121.767805,44.85551],[-121.768707,44.855966],[-121.768677,44.855154],[-121.767805,44.85551]]]},"properties":{"OBJECTID":299,"fhdFtrID":302,"fhdRefID":53684,"fhdRevDt":"20190214","fhdONm":"Peter Robinson","fhdOEnt":"ODFW","fhdSpNm":"Brook trout","fhdRun":"NA","fhdLifeHst":"FluvAdfluvRes","fhdUseTy":"ResidentMultipleUses","fhdBasis":"UndocObsFish","fhdStNm":"Brook Lake","fhdGenus":"Salvelinus","fhdSp":"fontinalis","fhdSubSp":null,"fhdOrig":"NonNative","fhdProd":"Natural","fhdComment":null,"fhdESH":"NA","fhdBasisD":null,"fhdNMF":"no","fhdBasisDt":null,"fhdBasisNm":null,"fhdBasisEnt":null,"fhdBasisPrj":null,"fhdBasisMethod":null,"fhdAccess":null,"fhdBarrierFtrID":null,"fhdEndExtent":null,"Shape__Area":19952.424696465,"Shape__Length":703.7249096806729,"habitatType":"lake"},"id":651},
{"type":"Feature","geometry":{"type":"Polygon","coordinates":[[[-122.065446,44.536948],[-122.064917,44.538781],[-122.065654,44.540499],[-122.06725,44.539846],[-122.065446,44.536948]]]},"properties":{"OBJECTID":300,"fhdFtrID":303,"fhdRefID":53684,"fhdRevDt":"20190214","fhdONm":"Peter Robinson","fhdOEnt":"ODFW","fhdSpNm":"Brook trout","fhdRun":"NA","fhdLifeHst":"FluvAdfluvRes","fhdUseTy":"ResidentMultipleUses","fhdBasis":"UndocObsFish","fhdStNm":"Daly Lake","fhdGenus":"Salvelinus","fhdSp":"fontinalis","fhdSubSp":null,"fhdOrig":"NonNative","fhdProd":"Natural","fhdComment":null,"fhdESH":"NA","fhdBasisD":null,"fhdNMF":"no","fhdBasisDt":null,"fhdBasisNm":null,"fhdBasisEnt":null,"fhdBasisPrj":null,"fhdBasisMethod":null,"fhdAccess":null,"fhdBarrierFtrID":null,"fhdEndExtent":null,"Shape__Area":89832.12168397,"Shape__Length":1459.282595623285,"habitatType":"lake"},"id":652},
{"type":"Feature","geometry":{"type":"Polygon","coordinates":[[[-122.07916,43.803614],[-122.08037,43.803345],[-122.082778,43.800366],[-122.080114,43.800597],[-122.07916,43.803614]]]},"properties":{"OBJECTID":301,"fhdFtrID":304,"fhdRefID":53684,"fhdRevDt":"20190214","fhdONm":"Peter Robinson","fhdOEnt":"ODFW","fhdSpNm":"Brook trout","fhdRun":"NA","fhdLifeHst":"FluvAdfluvRes","fhdUseTy":"ResidentMultipleUses","fhdBasis":"UndocObsFish","fhdStNm":"Long Lake","fhdGenus":"Salvelinus","fhdSp":"fontinalis","fhdSubSp":null,"fhdOrig":"NonNative","fhdProd":"Natural","fhdComment":null,"fhdESH":"NA","fhdBasisD":null,"fhdNMF":"no","fhdBasisDt":null,"fhdBasisNm":null,"fhdBasisEnt":null,"fhdBasisPrj":null,"fhdBasisMethod":null,"fhdAccess":null,"fhdBarrierFtrID":null,"fhdEndExtent":null,"Shape__Area":244765.51046831,"Shape__Length":3958.0312302317634,"habitatType":"lake"},"id":653},
{"type":"Feature","geometry":{"type":"Polygon","coordinates":[[[-121.87337,43.988906],[-121.874083,43.989436],[-121.875477,43.988936],[-121.873654,43.988387],[-121.87337,43.988906]]]},"properties":{"OBJECTID":302,"fhdFtrID":305,"fhdRefID":53684,"fhdRevDt":"20190214","fhdONm":"Peter Robinson","fhdOEnt":"ODFW","fhdSpNm":"Brook trout","fhdRun":"NA","fhdLifeHst":"FluvAdfluvRes","fhdUseTy":"ResidentMultipleUses","fhdBasis":"UndocObsFish","fhdStNm":"Aerial Lake","fhdGenus":"Salvelinus","fhdSp":"fontinalis","fhdSubSp":null,"fhdOrig":"NonNative","fhdProd":"Natural","fhdComment":null,"fhdESH":"NA","fhdBasisD":null,"fhdNMF":"no","fhdBasisDt":null,"fhdBasisNm":null,"fhdBasisEnt":null,"fhdBasisPrj":null,"fhdBasisMethod":null,"fhdAccess":null,"fhdBarrierFtrID":null,"fhdEndExtent":null,"Shape__Area":23666.22252672,"Shape__Length":691.599164245874,"habitatType":"lake"},"id":654},
{"type":"Feature","geometry":{"type":"Polygon","coordinates":[[[-122.04075,43.77462],[-122.041167,43.771806],[-122.037564,43.771775],[-122.04075,43.77462]]]},"properties":{"OBJECTID":303,"fhdFtrID":306,"fhdRefID":53684,"fhdRevDt":"20190214","fhdONm":"Peter Robinson","fhdOEnt":"ODFW","fhdSpNm":"Brook trout","fhdRun":"NA","fhdLifeHst":"FluvAdfluvRes","fhdUseTy":"ResidentMultipleUses","fhdBasis":"UndocObsFish","fhdStNm":"Upper Rigdon Lake","fhdGenus":"Salvelinus","fhdSp":"fontinalis","fhdSubSp":null,"fhdOrig":"NonNative","fhdProd":"Natural","fhdComment":null,"fhdESH":"NA","fhdBasisD":null,"fhdNMF":"no","fhdBasisDt":null,"fhdBasisNm":null,"fhdBasisEnt":null,"fhdBasisPrj":null,"fhdBasisMethod":null,"fhdAccess":null,"fhdBarrierFtrID":null,"fhdEndExtent":null,"Shape__Area":200277.643490455,"Shape__Length":2004.272367098416,"habitatType":"lake"},"id":655},
{"type":"Feature","geometry":{"type":"Polygon","coordinates":[[[-121.859023,44.516332],[-121.857551,44.517919],[-121.858595,44.518878],[-121.859124,44.517611],[-121.859023,44.516332]]]},"properties":{"OBJECTID":304,"fhdFtrID":307,"fhdRefID":53684,"fhdRevDt":"20190214","fhdONm":"Peter Robinson","fhdOEnt":"ODFW","fhdSpNm":"Brook trout","fhdRun":"NA","fhdLifeHst":"FluvAdfluvRes","fhdUseTy":"ResidentMultipleUses","fhdBasis":"UndocObsFish","fhdStNm":"Bowerman Lake","fhdGenus":"Salvelinus","fhdSp":"fontinalis","fhdSubSp":null,"fhdOrig":"NonNative","fhdProd":"Natural","fhdComment":null,"fhdESH":"NA","fhdBasisD":null,"fhdNMF":"no","fhdBasisDt":null,"fhdBasisNm":null,"fhdBasisEnt":null,"fhdBasisPrj":null,"fhdBasisMethod":null,"fhdAccess":null,"fhdBarrierFtrID":null,"fhdEndExtent":null,"Shape__Area":45163.96920914,"Shape__Length":1063.457865235324,"habitatType":"lake"},"id":656},
{"type":"Feature","geometry":{"type":"Polygon","coordinates":[[[-122.043349,43.765134],[-122.043635,43.765866],[-122.045003,43.766571],[-122.045503,43.766359],[-122.043982,43.765131],[-122.043349,43.765134]]]},"properties":{"OBJECTID":305,"fhdFtrID":308,"fhdRefID":53684,"fhdRevDt":"20190214","fhdONm":"Peter Robinson","fhdOEnt":"ODFW","fhdSpNm":"Brook trout","fhdRun":"NA","fhdLifeHst":"FluvAdfluvRes","fhdUseTy":"ResidentMultipleUses","fhdBasis":"UndocObsFish","fhdStNm":"Conim Lake","fhdGenus":"Salvelinus","fhdSp":"fontinalis","fhdSubSp":null,"fhdOrig":"NonNative","fhdProd":"Natural","fhdComment":null,"fhdESH":"NA","fhdBasisD":null,"fhdNMF":"no","fhdBasisDt":null,"fhdBasisNm":null,"fhdBasisEnt":null,"fhdBasisPrj":null,"fhdBasisMethod":null,"fhdAccess":null,"fhdBarrierFtrID":null,"fhdEndExtent":null,"Shape__Area":24509.321033385,"Shape__Length":774.1626801014046,"habitatType":"lake"},"id":657},
{"type":"Feature","geometry":{"type":"Polygon","coordinates":[[[-121.813912,44.773877],[-121.81449,44.773361],[-121.812934,44.772741],[-121.812418,44.773301],[-121.813912,44.773877]]]},"properties":{"OBJECTID":306,"fhdFtrID":310,"fhdRefID":53684,"fhdRevDt":"20190214","fhdONm":"Peter Robinson","fhdOEnt":"ODFW","fhdSpNm":"Brook trout","fhdRun":"NA","fhdLifeHst":"FluvAdfluvRes","fhdUseTy":"ResidentMultipleUses","fhdBasis":"UndocObsFish","fhdStNm":"Spinning Lake","fhdGenus":"Salvelinus","fhdSp":"fontinalis","fhdSubSp":null,"fhdOrig":"NonNative","fhdProd":"Natural","fhdComment":null,"fhdESH":"NA","fhdBasisD":null,"fhdNMF":"no","fhdBasisDt":null,"fhdBasisNm":null,"fhdBasisEnt":null,"fhdBasisPrj":null,"fhdBasisMethod":null,"fhdAccess":null,"fhdBarrierFtrID":null,"fhdEndExtent":null,"Shape__Area":29633.763514305,"Shape__Length":717.8496812820554,"habitatType":"lake"},"id":658},
{"type":"Feature","geometry":{"type":"Polygon","coordinates":[[[-121.878637,43.992614],[-121.879888,43.992419],[-121.87998,43.991537],[-121.878709,43.991435],[-121.878637,43.992614]]]},"properties":{"OBJECTID":307,"fhdFtrID":311,"fhdRefID":53684,"fhdRevDt":"20190214","fhdONm":"Peter Robinson","fhdOEnt":"ODFW","fhdSpNm":"Brook trout","fhdRun":"NA","fhdLifeHst":"FluvAdfluvRes","fhdUseTy":"ResidentMultipleUses","fhdBasis":"UndocObsFish","fhdStNm":"Platt Lake","fhdGenus":"Salvelinus","fhdSp":"fontinalis","fhdSubSp":null,"fhdOrig":"NonNative","fhdProd":"Natural","fhdComment":null,"fhdESH":"NA","fhdBasisD":null,"fhdNMF":"no","fhdBasisDt":null,"fhdBasisNm":null,"fhdBasisEnt":null,"fhdBasisPrj":null,"fhdBasisMethod":null,"fhdAccess":null,"fhdBarrierFtrID":null,"fhdEndExtent":null,"Shape__Area":39937.184722825,"Shape__Length":987.8570691455487,"habitatType":"lake"},"id":659},
{"type":"Feature","geometry":{"type":"Polygon","coordinates":[[[-121.76149,44.852122],[-121.763519,44.851432],[-121.761044,44.850843],[-121.76149,44.852122]]]},"properties":{"OBJECTID":308,"fhdFtrID":312,"fhdRefID":53684,"fhdRevDt":"20190214","fhdONm":"Peter Robinson","fhdOEnt":"ODFW","fhdSpNm":"Brook trout","fhdRun":"NA","fhdLifeHst":"FluvAdfluvRes","fhdUseTy":"ResidentMultipleUses","fhdBasis":"UndocObsFish","fhdStNm":"Russ Lake","fhdGenus":"Salvelinus","fhdSp":"fontinalis","fhdSubSp":null,"fhdOrig":"NonNative","fhdProd":"Natural","fhdComment":null,"fhdESH":"NA","fhdBasisD":null,"fhdNMF":"no","fhdBasisDt":null,"fhdBasisNm":null,"fhdBasisEnt":null,"fhdBasisPrj":null,"fhdBasisMethod":null,"fhdAccess":null,"fhdBarrierFtrID":null,"fhdEndExtent":null,"Shape__Area":58298.655327185,"Shape__Length":1087.188978633662,"habitatType":"lake"},"id":660},
{"type":"Feature","geometry":{"type":"Polygon","coordinates":[[[-121.984807,43.867199],[-121.984087,43.867796],[-121.985713,43.868809],[-121.986135,43.868129],[-121.984807,43.867199]]]},"properties":{"OBJECTID":309,"fhdFtrID":313,"fhdRefID":53684,"fhdRevDt":"20190214","fhdONm":"Peter Robinson","fhdOEnt":"ODFW","fhdSpNm":"Brook trout","fhdRun":"NA","fhdLifeHst":"FluvAdfluvRes","fhdUseTy":"ResidentMultipleUses","fhdBasis":"UndocObsFish","fhdStNm":"Smith Lake","fhdGenus":"Salvelinus","fhdSp":"fontinalis","fhdSubSp":null,"fhdOrig":"NonNative","fhdProd":"Natural","fhdComment":null,"fhdESH":"NA","fhdBasisD":null,"fhdNMF":"no","fhdBasisDt":null,"fhdBasisNm":null,"fhdBasisEnt":null,"fhdBasisPrj":null,"fhdBasisMethod":null,"fhdAccess":null,"fhdBarrierFtrID":null,"fhdEndExtent":null,"Shape__Area":33876.246461525,"Shape__Length":743.3010275967938,"habitatType":"lake"},"id":661},
{"type":"Feature","geometry":{"type":"Polygon","coordinates":[[[-121.885984,43.931165],[-121.883947,43.932847],[-121.885194,43.932805],[-121.886389,43.932159],[-121.885984,43.931165]]]},"properties":{"OBJECTID":310,"fhdFtrID":314,"fhdRefID":53684,"fhdRevDt":"20190214","fhdONm":"Peter Robinson","fhdOEnt":"ODFW","fhdSpNm":"Brook trout","fhdRun":"NA","fhdLifeHst":"FluvAdfluvRes","fhdUseTy":"ResidentMultipleUses","fhdBasis":"UndocObsFish","fhdStNm":"Boot Lake","fhdGenus":"Salvelinus","fhdSp":"fontinalis","fhdSubSp":null,"fhdOrig":"NonNative","fhdProd":"Natural","fhdComment":null,"fhdESH":"NA","fhdBasisD":null,"fhdNMF":"no","fhdBasisDt":null,"fhdBasisNm":null,"fhdBasisEnt":null,"fhdBasisPrj":null,"fhdBasisMethod":null,"fhdAccess":null,"fhdBarrierFtrID":null,"fhdEndExtent":null,"Shape__Area":43415.615834435,"Shape__Length":975.0948245407319,"habitatType":"lake"},"id":662},
{"type":"Feature","geometry":{"type":"Polygon","coordinates":[[[-121.969858,45.134912],[-121.971187,45.137098],[-121.972718,45.134047],[-121.969858,45.134912]]]},"properties":{"OBJECTID":311,"fhdFtrID":315,"fhdRefID":53684,"fhdRevDt":"20190214","fhdONm":"Peter Robinson","fhdOEnt":"ODFW","fhdSpNm":"Brook trout","fhdRun":"NA","fhdLifeHst":"FluvAdfluvRes","fhdUseTy":"ResidentMultipleUses","fhdBasis":"UndocObsFish","fhdStNm":"Shellrock Lake","fhdGenus":"Salvelinus","fhdSp":"fontinalis","fhdSubSp":null,"fhdOrig":"NonNative","fhdProd":"Natural","fhdComment":null,"fhdESH":"NA","fhdBasisD":null,"fhdNMF":"no","fhdBasisDt":null,"fhdBasisNm":null,"fhdBasisEnt":null,"fhdBasisPrj":null,"fhdBasisMethod":null,"fhdAccess":null,"fhdBarrierFtrID":null,"fhdEndExtent":null,"Shape__Area":135664.290640395,"Shape__Length":1728.2144418321047,"habitatType":"lake"},"id":663},
{"type":"Feature","geometry":{"type":"Polygon","coordinates":[[[-120.33676,44.436648],[-120.336622,44.434359],[-120.333617,44.435535],[-120.33676,44.436648]]]},"properties":{"OBJECTID":312,"fhdFtrID":316,"fhdRefID":53725,"fhdRevDt":"20190411","fhdONm":"Amy M. Stuart et al.","fhdOEnt":"ODFW","fhdSpNm":"Brook trout","fhdRun":"NA","fhdLifeHst":"FluvAdfluvRes","fhdUseTy":"ResidentMultipleUses","fhdBasis":"DocObsFish","fhdStNm":"Walton Lake","fhdGenus":"Salvelinus","fhdSp":"fontinalis","fhdSubSp":null,"fhdOrig":"NonNative","fhdProd":"Natural","fhdComment":null,"fhdESH":"NA","fhdBasisD":null,"fhdNMF":"no","fhdBasisDt":"19960000","fhdBasisNm":null,"fhdBasisEnt":null,"fhdBasisPrj":null,"fhdBasisMethod":null,"fhdAccess":null,"fhdBarrierFtrID":null,"fhdEndExtent":null,"Shape__Area":148136.937767835,"Shape__Length":1749.7596107342724,"habitatType":"lake"},"id":664},
{"type":"Feature","geometry":{"type":"Polygon","coordinates":[[[-121.967471,45.120125],[-121.966007,45.120954],[-121.967999,45.12294],[-121.969866,45.121551],[-121.967471,45.120125]]]},"properties":{"OBJECTID":313,"fhdFtrID":317,"fhdRefID":53684,"fhdRevDt":"20190214","fhdONm":"Peter Robinson","fhdOEnt":"ODFW","fhdSpNm":"Brook trout","fhdRun":"NA","fhdLifeHst":"FluvAdfluvRes","fhdUseTy":"ResidentMultipleUses","fhdBasis":"UndocObsFish","fhdStNm":"Hideaway Lake","fhdGenus":"Salvelinus","fhdSp":"fontinalis","fhdSubSp":null,"fhdOrig":"NonNative","fhdProd":"Natural","fhdComment":null,"fhdESH":"NA","fhdBasisD":null,"fhdNMF":"no","fhdBasisDt":null,"fhdBasisNm":null,"fhdBasisEnt":null,"fhdBasisPrj":null,"fhdBasisMethod":null,"fhdAccess":null,"fhdBarrierFtrID":null,"fhdEndExtent":null,"Shape__Area":123923.52685018,"Shape__Length":1341.8468588378116,"habitatType":"lake"},"id":665},
{"type":"Feature","geometry":{"type":"Polygon","coordinates":[[[-121.8671,44.509058],[-121.866679,44.510035],[-121.867615,44.510495],[-121.867606,44.509502],[-121.8671,44.509058]]]},"properties":{"OBJECTID":314,"fhdFtrID":318,"fhdRefID":53684,"fhdRevDt":"20190214","fhdONm":"Peter Robinson","fhdOEnt":"ODFW","fhdSpNm":"Brook trout","fhdRun":"NA","fhdLifeHst":"FluvAdfluvRes","fhdUseTy":"ResidentMultipleUses","fhdBasis":"UndocObsFish","fhdStNm":"Red Butte Lake","fhdGenus":"Salvelinus","fhdSp":"fontinalis","fhdSubSp":null,"fhdOrig":"NonNative","fhdProd":"Natural","fhdComment":null,"fhdESH":"NA","fhdBasisD":null,"fhdNMF":"no","fhdBasisDt":null,"fhdBasisNm":null,"fhdBasisEnt":null,"fhdBasisPrj":null,"fhdBasisMethod":null,"fhdAccess":null,"fhdBarrierFtrID":null,"fhdEndExtent":null,"Shape__Area":30565.44557231,"Shape__Length":788.308889885804,"habitatType":"lake"},"id":666},
{"type":"Feature","geometry":{"type":"Polygon","coordinates":[[[-121.87145,44.002638],[-121.874977,44.001654],[-121.872076,43.998635],[-121.869676,44.000153],[-121.87145,44.002638]]]},"properties":{"OBJECTID":315,"fhdFtrID":319,"fhdRefID":53684,"fhdRevDt":"20190214","fhdONm":"Peter Robinson","fhdOEnt":"ODFW","fhdSpNm":"Brook trout","fhdRun":"NA","fhdLifeHst":"FluvAdfluvRes","fhdUseTy":"ResidentMultipleUses","fhdBasis":"UndocObsFish","fhdStNm":"Horse Lake","fhdGenus":"Salvelinus","fhdSp":"fontinalis","fhdSubSp":null,"fhdOrig":"NonNative","fhdProd":"Natural","fhdComment":null,"fhdESH":"NA","fhdBasisD":null,"fhdNMF":"no","fhdBasisDt":null,"fhdBasisNm":null,"fhdBasisEnt":null,"fhdBasisPrj":null,"fhdBasisMethod":null,"fhdAccess":null,"fhdBarrierFtrID":null,"fhdEndExtent":null,"Shape__Area":250653.66439487,"Shape__Length":2771.193748332553,"habitatType":"lake"},"id":667},
{"type":"Feature","geometry":{"type":"Polygon","coordinates":[[[-121.855563,43.99016],[-121.858475,43.989812],[-121.857775,43.987941],[-121.856216,43.988609],[-121.855563,43.99016]]]},"properties":{"OBJECTID":316,"fhdFtrID":320,"fhdRefID":53684,"fhdRevDt":"20190214","fhdONm":"Peter Robinson","fhdOEnt":"ODFW","fhdSpNm":"Brook trout","fhdRun":"NA","fhdLifeHst":"FluvAdfluvRes","fhdUseTy":"ResidentMultipleUses","fhdBasis":"UndocObsFish","fhdStNm":"Sunset Lake","fhdGenus":"Salvelinus","fhdSp":"fontinalis","fhdSubSp":null,"fhdOrig":"NonNative","fhdProd":"Natural","fhdComment":null,"fhdESH":"NA","fhdBasisD":null,"fhdNMF":"no","fhdBasisDt":null,"fhdBasisNm":null,"fhdBasisEnt":null,"fhdBasisPrj":null,"fhdBasisMethod":null,"fhdAccess":null,"fhdBarrierFtrID":null,"fhdEndExtent":null,"Shape__Area":105308.11740792,"Shape__Length":1454.8400706091697,"habitatType":"lake"},"id":668},
{"type":"Feature","geometry":{"type":"Polygon","coordinates":[[[-121.810554,44.762101],[-121.811563,44.76259],[-121.812179,44.762288],[-121.811255,44.761651],[-121.810554,44.762101]]]},"properties":{"OBJECTID":317,"fhdFtrID":321,"fhdRefID":53684,"fhdRevDt":"20190214","fhdONm":"Peter Robinson","fhdOEnt":"ODFW","fhdSpNm":"Brook trout","fhdRun":"NA","fhdLifeHst":"FluvAdfluvRes","fhdUseTy":"ResidentMultipleUses","fhdBasis":"UndocObsFish","fhdStNm":"Pyramid Lake","fhdGenus":"Salvelinus","fhdSp":"fontinalis","fhdSubSp":null,"fhdOrig":"NonNative","fhdProd":"Natural","fhdComment":null,"fhdESH":"NA","fhdBasisD":null,"fhdNMF":"no","fhdBasisDt":null,"fhdBasisNm":null,"fhdBasisEnt":null,"fhdBasisPrj":null,"fhdBasisMethod":null,"fhdAccess":null,"fhdBarrierFtrID":null,"fhdEndExtent":null,"Shape__Area":25022.726022515,"Shape__Length":741.2030529018224,"habitatType":"lake"},"id":669},
{"type":"Feature","geometry":{"type":"Polygon","coordinates":[[[-121.803813,44.824946],[-121.806264,44.826828],[-121.806689,44.824782],[-121.803813,44.824946]]]},"properties":{"OBJECTID":318,"fhdFtrID":322,"fhdRefID":53684,"fhdRevDt":"20190214","fhdONm":"Peter Robinson","fhdOEnt":"ODFW","fhdSpNm":"Brook trout","fhdRun":"NA","fhdLifeHst":"FluvAdfluvRes","fhdUseTy":"ResidentMultipleUses","fhdBasis":"UndocObsFish","fhdStNm":"Lower Lake","fhdGenus":"Salvelinus","fhdSp":"fontinalis","fhdSubSp":null,"fhdOrig":"NonNative","fhdProd":"Natural","fhdComment":null,"fhdESH":"NA","fhdBasisD":null,"fhdNMF":"no","fhdBasisDt":null,"fhdBasisNm":null,"fhdBasisEnt":null,"fhdBasisPrj":null,"fhdBasisMethod":null,"fhdAccess":null,"fhdBarrierFtrID":null,"fhdEndExtent":null,"Shape__Area":100632.744878915,"Shape__Length":1475.7187470543815,"habitatType":"lake"},"id":670},
{"type":"Feature","geometry":{"type":"Polygon","coordinates":[[[-122.086192,43.648066],[-122.087661,43.647654],[-122.087202,43.646822],[-122.085849,43.646928],[-122.086192,43.648066]]]},"properties":{"OBJECTID":319,"fhdFtrID":323,"fhdRefID":53684,"fhdRevDt":"20190214","fhdONm":"Peter Robinson","fhdOEnt":"ODFW","fhdSpNm":"Brook trout","fhdRun":"NA","fhdLifeHst":"FluvAdfluvRes","fhdUseTy":"ResidentMultipleUses","fhdBasis":"UndocObsFish","fhdStNm":"Lower Island Lake","fhdGenus":"Salvelinus","fhdSp":"fontinalis","fhdSubSp":null,"fhdOrig":"NonNative","fhdProd":"Natural","fhdComment":null,"fhdESH":"NA","fhdBasisD":null,"fhdNMF":"no","fhdBasisDt":null,"fhdBasisNm":null,"fhdBasisEnt":null,"fhdBasisPrj":null,"fhdBasisMethod":null,"fhdAccess":null,"fhdBarrierFtrID":null,"fhdEndExtent":null,"Shape__Area":39822.224876755,"Shape__Length":1022.8953018364167,"habitatType":"lake"},"id":671},
{"type":"Feature","geometry":{"type":"Polygon","coordinates":[[[-121.843614,45.145601],[-121.842362,45.147753],[-121.844578,45.146804],[-121.843614,45.145601]]]},"properties":{"OBJECTID":320,"fhdFtrID":324,"fhdRefID":53684,"fhdRevDt":"20190214","fhdONm":"Peter Robinson","fhdOEnt":"ODFW","fhdSpNm":"Brook trout","fhdRun":"NA","fhdLifeHst":"FluvAdfluvRes","fhdUseTy":"ResidentMultipleUses","fhdBasis":"UndocObsFish","fhdStNm":"Dinger Lake","fhdGenus":"Salvelinus","fhdSp":"fontinalis","fhdSubSp":null,"fhdOrig":"NonNative","fhdProd":"Natural","fhdComment":null,"fhdESH":"NA","fhdBasisD":null,"fhdNMF":"no","fhdBasisDt":null,"fhdBasisNm":null,"fhdBasisEnt":null,"fhdBasisPrj":null,"fhdBasisMethod":null,"fhdAccess":null,"fhdBarrierFtrID":null,"fhdEndExtent":null,"Shape__Area":105281.1761862,"Shape__Length":1931.7774034008678,"habitatType":"lake"},"id":672},
{"type":"Feature","geometry":{"type":"Polygon","coordinates":[[[-122.114067,44.884798],[-122.113026,44.885671],[-122.114786,44.886214],[-122.115271,44.884968],[-122.114067,44.884798]]]},"properties":{"OBJECTID":321,"fhdFtrID":325,"fhdRefID":53684,"fhdRevDt":"20190214","fhdONm":"Peter Robinson","fhdOEnt":"ODFW","fhdSpNm":"Brook trout","fhdRun":"NA","fhdLifeHst":"FluvAdfluvRes","fhdUseTy":"ResidentMultipleUses","fhdBasis":"UndocObsFish","fhdStNm":"Pansy Lake","fhdGenus":"Salvelinus","fhdSp":"fontinalis","fhdSubSp":null,"fhdOrig":"NonNative","fhdProd":"Natural","fhdComment":null,"fhdESH":"NA","fhdBasisD":null,"fhdNMF":"no","fhdBasisDt":null,"fhdBasisNm":null,"fhdBasisEnt":null,"fhdBasisPrj":null,"fhdBasisMethod":null,"fhdAccess":null,"fhdBarrierFtrID":null,"fhdEndExtent":null,"Shape__Area":42096.56130979,"Shape__Length":805.8674784553367,"habitatType":"lake"},"id":673},
{"type":"Feature","geometry":{"type":"Polygon","coordinates":[[[-121.894757,44.169806],[-121.897464,44.169527],[-121.899329,44.165403],[-121.891828,44.164547],[-121.889708,44.165571],[-121.889933,44.167545],[-121.891989,44.169311],[-121.894757,44.169806]]]},"properties":{"OBJECTID":322,"fhdFtrID":326,"fhdRefID":53684,"fhdRevDt":"20190214","fhdONm":"Peter Robinson","fhdOEnt":"ODFW","fhdSpNm":"Brook trout","fhdRun":"NA","fhdLifeHst":"FluvAdfluvRes","fhdUseTy":"ResidentMultipleUses","fhdBasis":"UndocObsFish","fhdStNm":"Linton Lake","fhdGenus":"Salvelinus","fhdSp":"fontinalis","fhdSubSp":null,"fhdOrig":"NonNative","fhdProd":"Natural","fhdComment":null,"fhdESH":"NA","fhdBasisD":null,"fhdNMF":"no","fhdBasisDt":null,"fhdBasisNm":null,"fhdBasisEnt":null,"fhdBasisPrj":null,"fhdBasisMethod":null,"fhdAccess":null,"fhdBarrierFtrID":null,"fhdEndExtent":null,"Shape__Area":637168.39917527,"Shape__Length":5794.077843012043,"habitatType":"lake"},"id":674},
{"type":"Feature","geometry":{"type":"Polygon","coordinates":[[[-122.00432,45.149216],[-122.005606,45.148417],[-122.004457,45.145707],[-122.00188,45.146872],[-122.00432,45.149216]]]},"properties":{"OBJECTID":323,"fhdFtrID":327,"fhdRefID":53684,"fhdRevDt":"20190214","fhdONm":"Peter Robinson","fhdOEnt":"ODFW","fhdSpNm":"Brook trout","fhdRun":"NA","fhdLifeHst":"FluvAdfluvRes","fhdUseTy":"ResidentMultipleUses","fhdBasis":"UndocObsFish","fhdStNm":"Serene Lake","fhdGenus":"Salvelinus","fhdSp":"fontinalis","fhdSubSp":null,"fhdOrig":"NonNative","fhdProd":"Natural","fhdComment":null,"fhdESH":"NA","fhdBasisD":null,"fhdNMF":"no","fhdBasisDt":null,"fhdBasisNm":null,"fhdBasisEnt":null,"fhdBasisPrj":null,"fhdBasisMethod":null,"fhdAccess":null,"fhdBarrierFtrID":null,"fhdEndExtent":null,"Shape__Area":176577.8345753,"Shape__Length":1772.2671868149534,"habitatType":"lake"},"id":675},
{"type":"Feature","geometry":{"type":"Polygon","coordinates":[[[-121.970304,44.876119],[-121.971443,44.874765],[-121.969359,44.874644],[-121.970304,44.876119]]]},"properties":{"OBJECTID":324,"fhdFtrID":328,"fhdRefID":53684,"fhdRevDt":"20190214","fhdONm":"Peter Robinson","fhdOEnt":"ODFW","fhdSpNm":"Brook trout","fhdRun":"NA","fhdLifeHst":"FluvAdfluvRes","fhdUseTy":"ResidentMultipleUses","fhdBasis":"UndocObsFish","fhdStNm":"Round Lake","fhdGenus":"Salvelinus","fhdSp":"fontinalis","fhdSubSp":null,"fhdOrig":"NonNative","fhdProd":"Natural","fhdComment":null,"fhdESH":"NA","fhdBasisD":null,"fhdNMF":"no","fhdBasisDt":null,"fhdBasisNm":null,"fhdBasisEnt":null,"fhdBasisPrj":null,"fhdBasisMethod":null,"fhdAccess":null,"fhdBarrierFtrID":null,"fhdEndExtent":null,"Shape__Area":77519.12125866,"Shape__Length":1099.720895633951,"habitatType":"lake"},"id":676},
{"type":"Feature","geometry":{"type":"Polygon","coordinates":[[[-122.034156,43.7813],[-122.033641,43.780062],[-122.032865,43.780433],[-122.033091,43.781065],[-122.034156,43.7813]]]},"properties":{"OBJECTID":325,"fhdFtrID":329,"fhdRefID":53684,"fhdRevDt":"20190214","fhdONm":"Peter Robinson","fhdOEnt":"ODFW","fhdSpNm":"Brook trout","fhdRun":"NA","fhdLifeHst":"FluvAdfluvRes","fhdUseTy":"ResidentMultipleUses","fhdBasis":"UndocObsFish","fhdStNm":"Mickey Lake","fhdGenus":"Salvelinus","fhdSp":"fontinalis","fhdSubSp":null,"fhdOrig":"NonNative","fhdProd":"Natural","fhdComment":null,"fhdESH":"NA","fhdBasisD":null,"fhdNMF":"no","fhdBasisDt":null,"fhdBasisNm":null,"fhdBasisEnt":null,"fhdBasisPrj":null,"fhdBasisMethod":null,"fhdAccess":null,"fhdBarrierFtrID":null,"fhdEndExtent":null,"Shape__Area":29387.491207935,"Shape__Length":708.2604794486246,"habitatType":"lake"},"id":677},
{"type":"Feature","geometry":{"type":"Polygon","coordinates":[[[-122.050096,43.618985],[-122.051391,43.622534],[-122.052823,43.618945],[-122.050096,43.618985]]]},"properties":{"OBJECTID":326,"fhdFtrID":330,"fhdRefID":53684,"fhdRevDt":"20190214","fhdONm":"Peter Robinson","fhdOEnt":"ODFW","fhdSpNm":"Brook trout","fhdRun":"NA","fhdLifeHst":"FluvAdfluvRes","fhdUseTy":"ResidentMultipleUses","fhdBasis":"UndocObsFish","fhdStNm":"Upper Marilyn Lake","fhdGenus":"Salvelinus","fhdSp":"fontinalis","fhdSubSp":null,"fhdOrig":"NonNative","fhdProd":"Natural","fhdComment":null,"fhdESH":"NA","fhdBasisD":null,"fhdNMF":"no","fhdBasisDt":null,"fhdBasisNm":null,"fhdBasisEnt":null,"fhdBasisPrj":null,"fhdBasisMethod":null,"fhdAccess":null,"fhdBarrierFtrID":null,"fhdEndExtent":null,"Shape__Area":164212.633905945,"Shape__Length":2315.362765500047,"habitatType":"lake"},"id":678},
{"type":"Feature","geometry":{"type":"Polygon","coordinates":[[[-122.116448,44.823171],[-122.118817,44.825332],[-122.121067,44.823625],[-122.124736,44.822843],[-122.126205,44.819461],[-122.123668,44.819283],[-122.121658,44.821248],[-122.116448,44.823171]]]},"properties":{"OBJECTID":327,"fhdFtrID":331,"fhdRefID":53684,"fhdRevDt":"20190214","fhdONm":"Peter Robinson","fhdOEnt":"ODFW","fhdSpNm":"Brook trout","fhdRun":"NA","fhdLifeHst":"FluvAdfluvRes","fhdUseTy":"ResidentMultipleUses","fhdBasis":"UndocObsFish","fhdStNm":"Elk Lake","fhdGenus":"Salvelinus","fhdSp":"fontinalis","fhdSubSp":null,"fhdOrig":"NonNative","fhdProd":"Natural","fhdComment":null,"fhdESH":"NA","fhdBasisD":null,"fhdNMF":"no","fhdBasisDt":null,"fhdBasisNm":null,"fhdBasisEnt":null,"fhdBasisPrj":null,"fhdBasisMethod":null,"fhdAccess":null,"fhdBarrierFtrID":null,"fhdEndExtent":null,"Shape__Area":532661.056391155,"Shape__Length":3711.4333070035377,"habitatType":"lake"},"id":679},
{"type":"Feature","geometry":{"type":"Polygon","coordinates":[[[-122.022554,45.224461],[-122.023218,45.224349],[-122.022753,45.223994],[-122.022554,45.224461]]]},"properties":{"OBJECTID":328,"fhdFtrID":332,"fhdRefID":53684,"fhdRevDt":"20190214","fhdONm":"Peter Robinson","fhdOEnt":"ODFW","fhdSpNm":"Brook trout","fhdRun":"NA","fhdLifeHst":"FluvAdfluvRes","fhdUseTy":"ResidentMultipleUses","fhdBasis":"UndocObsFish","fhdStNm":"Tumala Lakes","fhdGenus":"Salvelinus","fhdSp":"fontinalis","fhdSubSp":null,"fhdOrig":"NonNative","fhdProd":"Natural","fhdComment":null,"fhdESH":"NA","fhdBasisD":null,"fhdNMF":"no","fhdBasisDt":null,"fhdBasisNm":null,"fhdBasisEnt":null,"fhdBasisPrj":null,"fhdBasisMethod":null,"fhdAccess":null,"fhdBarrierFtrID":null,"fhdEndExtent":null,"Shape__Area":4941.70035251,"Shape__Length":321.04314584458285,"habitatType":"lake"},"id":680},
{"type":"Feature","geometry":{"type":"Polygon","coordinates":[[[-122.274749,42.518872],[-122.274368,42.520225],[-122.275816,42.519887],[-122.274749,42.518872]]]},"properties":{"OBJECTID":329,"fhdFtrID":333,"fhdRefID":53684,"fhdRevDt":"20190214","fhdONm":"Peter Robinson","fhdOEnt":"ODFW","fhdSpNm":"Brook trout","fhdRun":"NA","fhdLifeHst":"FluvAdfluvRes","fhdUseTy":"ResidentMultipleUses","fhdBasis":"UndocObsFish","fhdStNm":"Mud Lake","fhdGenus":"Salvelinus","fhdSp":"fontinalis","fhdSubSp":null,"fhdOrig":"NonNative","fhdProd":"Natural","fhdComment":null,"fhdESH":"NA","fhdBasisD":null,"fhdNMF":"no","fhdBasisDt":null,"fhdBasisNm":null,"fhdBasisEnt":null,"fhdBasisPrj":null,"fhdBasisMethod":null,"fhdAccess":null,"fhdBarrierFtrID":null,"fhdEndExtent":null,"Shape__Area":35475.71740326,"Shape__Length":713.5640145131221,"habitatType":"lake"},"id":681},
{"type":"Feature","geometry":{"type":"Polygon","coordinates":[[[-123.413924,42.007448],[-123.41342,42.008611],[-123.414443,42.009283],[-123.415785,42.008117],[-123.413924,42.007448]]]},"properties":{"OBJECTID":330,"fhdFtrID":334,"fhdRefID":53684,"fhdRevDt":"20190214","fhdONm":"Peter Robinson","fhdOEnt":"ODFW","fhdSpNm":"Brook trout","fhdRun":"NA","fhdLifeHst":"FluvAdfluvRes","fhdUseTy":"ResidentMultipleUses","fhdBasis":"UndocObsFish","fhdStNm":"Tanner Lake","fhdGenus":"Salvelinus","fhdSp":"fontinalis","fhdSubSp":null,"fhdOrig":"NonNative","fhdProd":"Natural","fhdComment":null,"fhdESH":"NA","fhdBasisD":null,"fhdNMF":"no","fhdBasisDt":null,"fhdBasisNm":null,"fhdBasisEnt":null,"fhdBasisPrj":null,"fhdBasisMethod":null,"fhdAccess":null,"fhdBarrierFtrID":null,"fhdEndExtent":null,"Shape__Area":57556.854330615,"Shape__Length":873.6628700628017,"habitatType":"lake"},"id":682},
{"type":"Feature","geometry":{"type":"Polygon","coordinates":[[[-122.335154,43.165218],[-122.33445,43.167518],[-122.337285,43.166458],[-122.335154,43.165218]]]},"properties":{"OBJECTID":331,"fhdFtrID":335,"fhdRefID":53684,"fhdRevDt":"20190214","fhdONm":"Peter Robinson","fhdOEnt":"ODFW","fhdSpNm":"Brook trout","fhdRun":"NA","fhdLifeHst":"FluvAdfluvRes","fhdUseTy":"ResidentMultipleUses","fhdBasis":"UndocObsFish","fhdStNm":"Skookum Lake","fhdGenus":"Salvelinus","fhdSp":"fontinalis","fhdSubSp":null,"fhdOrig":"NonNative","fhdProd":"Natural","fhdComment":null,"fhdESH":"NA","fhdBasisD":null,"fhdNMF":"no","fhdBasisDt":null,"fhdBasisNm":null,"fhdBasisEnt":null,"fhdBasisPrj":null,"fhdBasisMethod":null,"fhdAccess":null,"fhdBarrierFtrID":null,"fhdEndExtent":null,"Shape__Area":83143.714458385,"Shape__Length":1166.4705943771894,"habitatType":"lake"},"id":683},
{"type":"Feature","geometry":{"type":"Polygon","coordinates":[[[-122.238455,42.523176],[-122.240736,42.522304],[-122.23974,42.516894],[-122.237301,42.516558],[-122.237079,42.522815],[-122.238455,42.523176]]]},"properties":{"OBJECTID":332,"fhdFtrID":336,"fhdRefID":53684,"fhdRevDt":"20190214","fhdONm":"Peter Robinson","fhdOEnt":"ODFW","fhdSpNm":"Brook trout","fhdRun":"NA","fhdLifeHst":"FluvAdfluvRes","fhdUseTy":"ResidentMultipleUses","fhdBasis":"UndocObsFish","fhdStNm":"Island Lake","fhdGenus":"Salvelinus","fhdSp":"fontinalis","fhdSubSp":null,"fhdOrig":"NonNative","fhdProd":"Natural","fhdComment":null,"fhdESH":"NA","fhdBasisD":null,"fhdNMF":"no","fhdBasisDt":null,"fhdBasisNm":null,"fhdBasisEnt":null,"fhdBasisPrj":null,"fhdBasisMethod":null,"fhdAccess":null,"fhdBarrierFtrID":null,"fhdEndExtent":null,"Shape__Area":332835.214106255,"Shape__Length":4431.120710114377,"habitatType":"lake"},"id":684},
{"type":"Feature","geometry":{"type":"Polygon","coordinates":[[[-122.106321,43.367043],[-122.108728,43.366921],[-122.109155,43.364665],[-122.107575,43.364243],[-122.106321,43.367043]]]},"properties":{"OBJECTID":333,"fhdFtrID":337,"fhdRefID":53684,"fhdRevDt":"20190214","fhdONm":"Peter Robinson","fhdOEnt":"ODFW","fhdSpNm":"Brook trout","fhdRun":"NA","fhdLifeHst":"FluvAdfluvRes","fhdUseTy":"ResidentMultipleUses","fhdBasis":"UndocObsFish","fhdStNm":"Calamut Lake","fhdGenus":"Salvelinus","fhdSp":"fontinalis","fhdSubSp":null,"fhdOrig":"NonNative","fhdProd":"Natural","fhdComment":null,"fhdESH":"NA","fhdBasisD":null,"fhdNMF":"no","fhdBasisDt":null,"fhdBasisNm":null,"fhdBasisEnt":null,"fhdBasisPrj":null,"fhdBasisMethod":null,"fhdAccess":null,"fhdBarrierFtrID":null,"fhdEndExtent":null,"Shape__Area":122027.77886034,"Shape__Length":1439.1566991521693,"habitatType":"lake"},"id":685},
{"type":"Feature","geometry":{"type":"Polygon","coordinates":[[[-122.218641,42.650923],[-122.217267,42.651427],[-122.218795,42.652838],[-122.220322,42.651087],[-122.218641,42.650923]]]},"properties":{"OBJECTID":334,"fhdFtrID":338,"fhdRefID":53684,"fhdRevDt":"20190214","fhdONm":"Peter Robinson","fhdOEnt":"ODFW","fhdSpNm":"Brook trout","fhdRun":"NA","fhdLifeHst":"FluvAdfluvRes","fhdUseTy":"ResidentMultipleUses","fhdBasis":"UndocObsFish","fhdStNm":"Cliff Lake","fhdGenus":"Salvelinus","fhdSp":"fontinalis","fhdSubSp":null,"fhdOrig":"NonNative","fhdProd":"Natural","fhdComment":null,"fhdESH":"NA","fhdBasisD":null,"fhdNMF":"no","fhdBasisDt":null,"fhdBasisNm":null,"fhdBasisEnt":null,"fhdBasisPrj":null,"fhdBasisMethod":null,"fhdAccess":null,"fhdBarrierFtrID":null,"fhdEndExtent":null,"Shape__Area":72207.04857987,"Shape__Length":1042.6531251460663,"habitatType":"lake"},"id":686},
{"type":"Feature","geometry":{"type":"Polygon","coordinates":[[[-122.280627,43.246401],[-122.281108,43.245314],[-122.279717,43.24526],[-122.278624,43.246046],[-122.280627,43.246401]]]},"properties":{"OBJECTID":335,"fhdFtrID":339,"fhdRefID":53684,"fhdRevDt":"20190214","fhdONm":"Peter Robinson","fhdOEnt":"ODFW","fhdSpNm":"Brook trout","fhdRun":"NA","fhdLifeHst":"FluvAdfluvRes","fhdUseTy":"ResidentMultipleUses","fhdBasis":"UndocObsFish","fhdStNm":"Stump Lake","fhdGenus":"Salvelinus","fhdSp":"fontinalis","fhdSubSp":null,"fhdOrig":"NonNative","fhdProd":"Natural","fhdComment":null,"fhdESH":"NA","fhdBasisD":null,"fhdNMF":"no","fhdBasisDt":null,"fhdBasisNm":null,"fhdBasisEnt":null,"fhdBasisPrj":null,"fhdBasisMethod":null,"fhdAccess":null,"fhdBarrierFtrID":null,"fhdEndExtent":null,"Shape__Area":80726.67054387,"Shape__Length":2173.9652345727523,"habitatType":"lake"},"id":687},
{"type":"Feature","geometry":{"type":"Polygon","coordinates":[[[-122.280085,42.517069],[-122.281838,42.516616],[-122.281609,42.515547],[-122.279552,42.515489],[-122.280085,42.517069]]]},"properties":{"OBJECTID":336,"fhdFtrID":340,"fhdRefID":53684,"fhdRevDt":"20190214","fhdONm":"Peter Robinson","fhdOEnt":"ODFW","fhdSpNm":"Brook trout","fhdRun":"NA","fhdLifeHst":"FluvAdfluvRes","fhdUseTy":"ResidentMultipleUses","fhdBasis":"UndocObsFish","fhdStNm":"Blue Lake","fhdGenus":"Salvelinus","fhdSp":"fontinalis","fhdSubSp":null,"fhdOrig":"NonNative","fhdProd":"Natural","fhdComment":null,"fhdESH":"NA","fhdBasisD":null,"fhdNMF":"no","fhdBasisDt":null,"fhdBasisNm":null,"fhdBasisEnt":null,"fhdBasisPrj":null,"fhdBasisMethod":null,"fhdAccess":null,"fhdBarrierFtrID":null,"fhdEndExtent":null,"Shape__Area":72629.556574035,"Shape__Length":1067.9031758957578,"habitatType":"lake"},"id":688},
{"type":"Feature","geometry":{"type":"Polygon","coordinates":[[[-122.272242,42.510188],[-122.275062,42.508495],[-122.274301,42.506581],[-122.271101,42.507254],[-122.272242,42.510188]]]},"properties":{"OBJECTID":337,"fhdFtrID":341,"fhdRefID":53684,"fhdRevDt":"20190214","fhdONm":"Peter Robinson","fhdOEnt":"ODFW","fhdSpNm":"Brook trout","fhdRun":"NA","fhdLifeHst":"FluvAdfluvRes","fhdUseTy":"ResidentMultipleUses","fhdBasis":"UndocObsFish","fhdStNm":"Horseshoe Lake","fhdGenus":"Salvelinus","fhdSp":"fontinalis","fhdSubSp":null,"fhdOrig":"NonNative","fhdProd":"Natural","fhdComment":null,"fhdESH":"NA","fhdBasisD":null,"fhdNMF":"no","fhdBasisDt":null,"fhdBasisNm":null,"fhdBasisEnt":null,"fhdBasisPrj":null,"fhdBasisMethod":null,"fhdAccess":null,"fhdBarrierFtrID":null,"fhdEndExtent":null,"Shape__Area":182609.87833754,"Shape__Length":2542.1884495405848,"habitatType":"lake"},"id":689},
{"type":"Feature","geometry":{"type":"Polygon","coordinates":[[[-122.183737,43.316158],[-122.189209,43.319186],[-122.190359,43.321806],[-122.193253,43.323042],[-122.195146,43.321614],[-122.192231,43.32009],[-122.192708,43.314862],[-122.193695,43.312897],[-122.191385,43.310467],[-122.191214,43.308449],[-122.186484,43.308055],[-122.184662,43.305989],[-122.18416,43.300268],[-122.181478,43.300735],[-122.181794,43.308427],[-122.177973,43.308328],[-122.173047,43.310597],[-122.164676,43.311383],[-122.163167,43.312552],[-122.175819,43.312616],[-122.179956,43.313087],[-122.183144,43.314443],[-122.183737,43.316158]]]},"properties":{"OBJECTID":338,"fhdFtrID":342,"fhdRefID":53684,"fhdRevDt":"20190214","fhdONm":"Peter Robinson","fhdOEnt":"ODFW","fhdSpNm":"Brook trout","fhdRun":"NA","fhdLifeHst":"FluvAdfluvRes","fhdUseTy":"ResidentMultipleUses","fhdBasis":"UndocObsFish","fhdStNm":"Lemolo Lake","fhdGenus":"Salvelinus","fhdSp":"fontinalis","fhdSubSp":null,"fhdOrig":"NonNative","fhdProd":"Natural","fhdComment":null,"fhdESH":"NA","fhdBasisD":null,"fhdNMF":"no","fhdBasisDt":null,"fhdBasisNm":null,"fhdBasisEnt":null,"fhdBasisPrj":null,"fhdBasisMethod":null,"fhdAccess":null,"fhdBarrierFtrID":null,"fhdEndExtent":null,"Shape__Area":3299616.853725955,"Shape__Length":18031.340245708197,"habitatType":"lake"},"id":690},
{"type":"Feature","geometry":{"type":"Polygon","coordinates":[[[-122.275127,42.522819],[-122.274746,42.524397],[-122.276041,42.524342],[-122.275127,42.522819]]]},"properties":{"OBJECTID":339,"fhdFtrID":343,"fhdRefID":53684,"fhdRevDt":"20190214","fhdONm":"Peter Robinson","fhdOEnt":"ODFW","fhdSpNm":"Brook trout","fhdRun":"NA","fhdLifeHst":"FluvAdfluvRes","fhdUseTy":"ResidentMultipleUses","fhdBasis":"UndocObsFish","fhdStNm":"Beal Lake","fhdGenus":"Salvelinus","fhdSp":"fontinalis","fhdSubSp":null,"fhdOrig":"NonNative","fhdProd":"Natural","fhdComment":null,"fhdESH":"NA","fhdBasisD":null,"fhdNMF":"no","fhdBasisDt":null,"fhdBasisNm":null,"fhdBasisEnt":null,"fhdBasisPrj":null,"fhdBasisMethod":null,"fhdAccess":null,"fhdBarrierFtrID":null,"fhdEndExtent":null,"Shape__Area":36722.28788758,"Shape__Length":795.088480837558,"habitatType":"lake"},"id":691},
{"type":"Feature","geometry":{"type":"Polygon","coordinates":[[[-122.451141,43.148124],[-122.450399,43.148371],[-122.451434,43.149787],[-122.451614,43.148547],[-122.451141,43.148124]]]},"properties":{"OBJECTID":340,"fhdFtrID":344,"fhdRefID":53684,"fhdRevDt":"20190214","fhdONm":"Peter Robinson","fhdOEnt":"ODFW","fhdSpNm":"Brook trout","fhdRun":"NA","fhdLifeHst":"FluvAdfluvRes","fhdUseTy":"ResidentMultipleUses","fhdBasis":"UndocObsFish","fhdStNm":"Wolf Lake","fhdGenus":"Salvelinus","fhdSp":"fontinalis","fhdSubSp":null,"fhdOrig":"NonNative","fhdProd":"Natural","fhdComment":null,"fhdESH":"NA","fhdBasisD":null,"fhdNMF":"no","fhdBasisDt":null,"fhdBasisNm":null,"fhdBasisEnt":null,"fhdBasisPrj":null,"fhdBasisMethod":null,"fhdAccess":null,"fhdBarrierFtrID":null,"fhdEndExtent":null,"Shape__Area":30355.495873035,"Shape__Length":1012.7246405414552,"habitatType":"lake"},"id":692},
{"type":"Feature","geometry":{"type":"Polygon","coordinates":[[[-123.459366,42.020964],[-123.457488,42.021855],[-123.458053,42.023059],[-123.460466,42.022779],[-123.459366,42.020964]]]},"properties":{"OBJECTID":341,"fhdFtrID":345,"fhdRefID":53684,"fhdRevDt":"20190214","fhdONm":"Peter Robinson","fhdOEnt":"ODFW","fhdSpNm":"Brook trout","fhdRun":"NA","fhdLifeHst":"FluvAdfluvRes","fhdUseTy":"ResidentMultipleUses","fhdBasis":"UndocObsFish","fhdStNm":"Bolan Lake","fhdGenus":"Salvelinus","fhdSp":"fontinalis","fhdSubSp":null,"fhdOrig":"NonNative","fhdProd":"Natural","fhdComment":null,"fhdESH":"NA","fhdBasisD":null,"fhdNMF":"no","fhdBasisDt":null,"fhdBasisNm":null,"fhdBasisEnt":null,"fhdBasisPrj":null,"fhdBasisMethod":null,"fhdAccess":null,"fhdBarrierFtrID":null,"fhdEndExtent":null,"Shape__Area":97508.2590319,"Shape__Length":1143.8753402765283,"habitatType":"lake"},"id":693},
{"type":"Feature","geometry":{"type":"Polygon","coordinates":[[[-122.291054,42.526318],[-122.291511,42.527222],[-122.292273,42.526601],[-122.291054,42.526318]]]},"properties":{"OBJECTID":342,"fhdFtrID":346,"fhdRefID":53684,"fhdRevDt":"20190214","fhdONm":"Peter Robinson","fhdOEnt":"ODFW","fhdSpNm":"Brook trout","fhdRun":"NA","fhdLifeHst":"FluvAdfluvRes","fhdUseTy":"ResidentMultipleUses","fhdBasis":"UndocObsFish","fhdStNm":"Round Lake","fhdGenus":"Salvelinus","fhdSp":"fontinalis","fhdSubSp":null,"fhdOrig":"NonNative","fhdProd":"Natural","fhdComment":null,"fhdESH":"NA","fhdBasisD":null,"fhdNMF":"no","fhdBasisDt":null,"fhdBasisNm":null,"fhdBasisEnt":null,"fhdBasisPrj":null,"fhdBasisMethod":null,"fhdAccess":null,"fhdBarrierFtrID":null,"fhdEndExtent":null,"Shape__Area":18108.90516085,"Shape__Length":516.5202261607119,"habitatType":"lake"},"id":694},
{"type":"Feature","geometry":{"type":"Polygon","coordinates":[[[-121.999739,43.253171],[-121.999351,43.255625],[-122.001518,43.256688],[-122.002017,43.253362],[-121.999739,43.253171]]]},"properties":{"OBJECTID":343,"fhdFtrID":347,"fhdRefID":53684,"fhdRevDt":"20190214","fhdONm":"Peter Robinson","fhdOEnt":"ODFW","fhdSpNm":"Brook trout","fhdRun":"NA","fhdLifeHst":"FluvAdfluvRes","fhdUseTy":"ResidentMultipleUses","fhdBasis":"UndocObsFish","fhdStNm":"Maidu Lake","fhdGenus":"Salvelinus","fhdSp":"fontinalis","fhdSubSp":null,"fhdOrig":"NonNative","fhdProd":"Natural","fhdComment":null,"fhdESH":"NA","fhdBasisD":null,"fhdNMF":"no","fhdBasisDt":null,"fhdBasisNm":null,"fhdBasisEnt":null,"fhdBasisPrj":null,"fhdBasisMethod":null,"fhdAccess":null,"fhdBarrierFtrID":null,"fhdEndExtent":null,"Shape__Area":151845.853767035,"Shape__Length":1565.1899264530348,"habitatType":"lake"},"id":695},
{"type":"Feature","geometry":{"type":"Polygon","coordinates":[[[-122.228291,42.677924],[-122.229972,42.677642],[-122.22913,42.676628],[-122.228291,42.677924]]]},"properties":{"OBJECTID":344,"fhdFtrID":348,"fhdRefID":53684,"fhdRevDt":"20190214","fhdONm":"Peter Robinson","fhdOEnt":"ODFW","fhdSpNm":"Brook trout","fhdRun":"NA","fhdLifeHst":"FluvAdfluvRes","fhdUseTy":"ResidentMultipleUses","fhdBasis":"UndocObsFish","fhdStNm":"Lake Ivern","fhdGenus":"Salvelinus","fhdSp":"fontinalis","fhdSubSp":null,"fhdOrig":"NonNative","fhdProd":"Natural","fhdComment":null,"fhdESH":"NA","fhdBasisD":null,"fhdNMF":"no","fhdBasisDt":null,"fhdBasisNm":null,"fhdBasisEnt":null,"fhdBasisPrj":null,"fhdBasisMethod":null,"fhdAccess":null,"fhdBarrierFtrID":null,"fhdEndExtent":null,"Shape__Area":35939.68503438,"Shape__Length":706.6640821244692,"habitatType":"lake"},"id":696},
{"type":"Feature","geometry":{"type":"Polygon","coordinates":[[[-122.214294,42.661353],[-122.215365,42.663211],[-122.218955,42.662083],[-122.217044,42.660449],[-122.214294,42.661353]]]},"properties":{"OBJECTID":345,"fhdFtrID":349,"fhdRefID":53684,"fhdRevDt":"20190214","fhdONm":"Peter Robinson","fhdOEnt":"ODFW","fhdSpNm":"Brook trout","fhdRun":"NA","fhdLifeHst":"FluvAdfluvRes","fhdUseTy":"ResidentMultipleUses","fhdBasis":"UndocObsFish","fhdStNm":"Grass Lake","fhdGenus":"Salvelinus","fhdSp":"fontinalis","fhdSubSp":null,"fhdOrig":"NonNative","fhdProd":"Natural","fhdComment":null,"fhdESH":"NA","fhdBasisD":null,"fhdNMF":"no","fhdBasisDt":null,"fhdBasisNm":null,"fhdBasisEnt":null,"fhdBasisPrj":null,"fhdBasisMethod":null,"fhdAccess":null,"fhdBarrierFtrID":null,"fhdEndExtent":null,"Shape__Area":190489.623591255,"Shape__Length":1694.490005364355,"habitatType":"lake"},"id":697},
{"type":"Feature","geometry":{"type":"Polygon","coordinates":[[[-122.264391,42.513344],[-122.26622,42.51323],[-122.26706,42.511146],[-122.266069,42.511085],[-122.264391,42.513344]]]},"properties":{"OBJECTID":346,"fhdFtrID":350,"fhdRefID":53684,"fhdRevDt":"20190214","fhdONm":"Peter Robinson","fhdOEnt":"ODFW","fhdSpNm":"Brook trout","fhdRun":"NA","fhdLifeHst":"FluvAdfluvRes","fhdUseTy":"ResidentMultipleUses","fhdBasis":"UndocObsFish","fhdStNm":"Pear Lake","fhdGenus":"Salvelinus","fhdSp":"fontinalis","fhdSubSp":null,"fhdOrig":"NonNative","fhdProd":"Natural","fhdComment":null,"fhdESH":"NA","fhdBasisD":null,"fhdNMF":"no","fhdBasisDt":null,"fhdBasisNm":null,"fhdBasisEnt":null,"fhdBasisPrj":null,"fhdBasisMethod":null,"fhdAccess":null,"fhdBarrierFtrID":null,"fhdEndExtent":null,"Shape__Area":110222.90472474,"Shape__Length":2271.0235682696452,"habitatType":"lake"},"id":698},
{"type":"Feature","geometry":{"type":"Polygon","coordinates":[[[-122.242945,42.521179],[-122.245384,42.52129],[-122.2434,42.519205],[-122.242945,42.521179]]]},"properties":{"OBJECTID":347,"fhdFtrID":351,"fhdRefID":53684,"fhdRevDt":"20190214","fhdONm":"Peter Robinson","fhdOEnt":"ODFW","fhdSpNm":"Brook trout","fhdRun":"NA","fhdLifeHst":"FluvAdfluvRes","fhdUseTy":"ResidentMultipleUses","fhdBasis":"UndocObsFish","fhdStNm":"Dee Lake","fhdGenus":"Salvelinus","fhdSp":"fontinalis","fhdSubSp":null,"fhdOrig":"NonNative","fhdProd":"Natural","fhdComment":null,"fhdESH":"NA","fhdBasisD":null,"fhdNMF":"no","fhdBasisDt":null,"fhdBasisNm":null,"fhdBasisEnt":null,"fhdBasisPrj":null,"fhdBasisMethod":null,"fhdAccess":null,"fhdBarrierFtrID":null,"fhdEndExtent":null,"Shape__Area":118241.025692845,"Shape__Length":2149.8598380939948,"habitatType":"lake"},"id":699},
{"type":"Feature","geometry":{"type":"Polygon","coordinates":[[[-123.805556,42.220033],[-123.805159,42.221238],[-123.80654,42.220729],[-123.805556,42.220033]]]},"properties":{"OBJECTID":348,"fhdFtrID":352,"fhdRefID":53684,"fhdRevDt":"20190214","fhdONm":"Peter Robinson","fhdOEnt":"ODFW","fhdSpNm":"Brook trout","fhdRun":"NA","fhdLifeHst":"FluvAdfluvRes","fhdUseTy":"ResidentMultipleUses","fhdBasis":"UndocObsFish","fhdStNm":"Babyfoot Lake","fhdGenus":"Salvelinus","fhdSp":"fontinalis","fhdSubSp":null,"fhdOrig":"NonNative","fhdProd":"Natural","fhdComment":null,"fhdESH":"NA","fhdBasisD":null,"fhdNMF":"no","fhdBasisDt":null,"fhdBasisNm":null,"fhdBasisEnt":null,"fhdBasisPrj":null,"fhdBasisMethod":null,"fhdAccess":null,"fhdBarrierFtrID":null,"fhdEndExtent":null,"Shape__Area":28726.119936795,"Shape__Length":656.1465016228186,"habitatType":"lake"},"id":700},
{"type":"Feature","geometry":{"type":"Polygon","coordinates":[[[-122.555929,42.313079],[-122.557642,42.315853],[-122.558518,42.315386],[-122.555929,42.313079]]]},"properties":{"OBJECTID":349,"fhdFtrID":353,"fhdRefID":53684,"fhdRevDt":"20190214","fhdONm":"Peter Robinson","fhdOEnt":"ODFW","fhdSpNm":"Brook trout","fhdRun":"NA","fhdLifeHst":"FluvAdfluvRes","fhdUseTy":"ResidentMultipleUses","fhdBasis":"UndocObsFish","fhdStNm":"Lost Lake","fhdGenus":"Salvelinus","fhdSp":"fontinalis","fhdSubSp":null,"fhdOrig":"NonNative","fhdProd":"Natural","fhdComment":null,"fhdESH":"NA","fhdBasisD":null,"fhdNMF":"no","fhdBasisDt":null,"fhdBasisNm":null,"fhdBasisEnt":null,"fhdBasisPrj":null,"fhdBasisMethod":null,"fhdAccess":null,"fhdBarrierFtrID":null,"fhdEndExtent":null,"Shape__Area":44699.50988941,"Shape__Length":1281.9407929202646,"habitatType":"lake"},"id":701},
{"type":"Feature","geometry":{"type":"Polygon","coordinates":[[[-122.25723,42.512213],[-122.257916,42.511762],[-122.25746,42.510237],[-122.255935,42.511646],[-122.25723,42.512213]]]},"properties":{"OBJECTID":350,"fhdFtrID":354,"fhdRefID":53684,"fhdRevDt":"20190214","fhdONm":"Peter Robinson","fhdOEnt":"ODFW","fhdSpNm":"Brook trout","fhdRun":"NA","fhdLifeHst":"FluvAdfluvRes","fhdUseTy":"ResidentMultipleUses","fhdBasis":"UndocObsFish","fhdStNm":"Carey Lake","fhdGenus":"Salvelinus","fhdSp":"fontinalis","fhdSubSp":null,"fhdOrig":"NonNative","fhdProd":"Natural","fhdComment":null,"fhdESH":"NA","fhdBasisD":null,"fhdNMF":"no","fhdBasisDt":null,"fhdBasisNm":null,"fhdBasisEnt":null,"fhdBasisPrj":null,"fhdBasisMethod":null,"fhdAccess":null,"fhdBarrierFtrID":null,"fhdEndExtent":null,"Shape__Area":47973.932126615,"Shape__Length":970.1344109644444,"habitatType":"lake"},"id":702},
{"type":"Feature","geometry":{"type":"Polygon","coordinates":[[[-122.516126,43.05923],[-122.515509,43.061155],[-122.516822,43.061287],[-122.517104,43.059775],[-122.516126,43.05923]]]},"properties":{"OBJECTID":351,"fhdFtrID":355,"fhdRefID":53684,"fhdRevDt":"20190214","fhdONm":"Peter Robinson","fhdOEnt":"ODFW","fhdSpNm":"Brook trout","fhdRun":"NA","fhdLifeHst":"FluvAdfluvRes","fhdUseTy":"ResidentMultipleUses","fhdBasis":"UndocObsFish","fhdStNm":"Cliff Lake","fhdGenus":"Salvelinus","fhdSp":"fontinalis","fhdSubSp":null,"fhdOrig":"NonNative","fhdProd":"Natural","fhdComment":null,"fhdESH":"NA","fhdBasisD":null,"fhdNMF":"no","fhdBasisDt":null,"fhdBasisNm":null,"fhdBasisEnt":null,"fhdBasisPrj":null,"fhdBasisMethod":null,"fhdAccess":null,"fhdBarrierFtrID":null,"fhdEndExtent":null,"Shape__Area":53630.144498275,"Shape__Length":887.1941685763968,"habitatType":"lake"},"id":703},
{"type":"Feature","geometry":{"type":"Polygon","coordinates":[[[-122.284892,42.504779],[-122.285044,42.503821],[-122.28413,42.50399],[-122.284054,42.50444],[-122.284892,42.504779]]]},"properties":{"OBJECTID":352,"fhdFtrID":356,"fhdRefID":53684,"fhdRevDt":"20190214","fhdONm":"Peter Robinson","fhdOEnt":"ODFW","fhdSpNm":"Brook trout","fhdRun":"NA","fhdLifeHst":"FluvAdfluvRes","fhdUseTy":"ResidentMultipleUses","fhdBasis":"UndocObsFish","fhdStNm":"Blue Canyon Lake","fhdGenus":"Salvelinus","fhdSp":"fontinalis","fhdSubSp":null,"fhdOrig":"NonNative","fhdProd":"Natural","fhdComment":null,"fhdESH":"NA","fhdBasisD":null,"fhdNMF":"no","fhdBasisDt":null,"fhdBasisNm":null,"fhdBasisEnt":null,"fhdBasisPrj":null,"fhdBasisMethod":null,"fhdAccess":null,"fhdBarrierFtrID":null,"fhdEndExtent":null,"Shape__Area":14826.22991239,"Shape__Length":485.9332271728551,"habitatType":"lake"},"id":704},
{"type":"Feature","geometry":{"type":"Polygon","coordinates":[[[-122.498515,43.080352],[-122.502039,43.080629],[-122.507591,43.079167],[-122.507593,43.07579],[-122.506076,43.075117],[-122.498765,43.07685],[-122.498515,43.080352]]]},"properties":{"OBJECTID":353,"fhdFtrID":357,"fhdRefID":53684,"fhdRevDt":"20190214","fhdONm":"Peter Robinson","fhdOEnt":"ODFW","fhdSpNm":"Brook trout","fhdRun":"NA","fhdLifeHst":"FluvAdfluvRes","fhdUseTy":"ResidentMultipleUses","fhdBasis":"UndocObsFish","fhdStNm":"Fish Lake","fhdGenus":"Salvelinus","fhdSp":"fontinalis","fhdSubSp":null,"fhdOrig":"NonNative","fhdProd":"Natural","fhdComment":null,"fhdESH":"NA","fhdBasisD":null,"fhdNMF":"no","fhdBasisDt":null,"fhdBasisNm":null,"fhdBasisEnt":null,"fhdBasisPrj":null,"fhdBasisMethod":null,"fhdAccess":null,"fhdBarrierFtrID":null,"fhdEndExtent":null,"Shape__Area":709793.13567739,"Shape__Length":3827.9092806309873,"habitatType":"lake"},"id":705},
{"type":"Feature","geometry":{"type":"Polygon","coordinates":[[[-122.232166,42.654527],[-122.233317,42.659825],[-122.234922,42.659935],[-122.23362,42.657567],[-122.233159,42.654862],[-122.232166,42.654527]]]},"properties":{"OBJECTID":354,"fhdFtrID":358,"fhdRefID":53684,"fhdRevDt":"20190214","fhdONm":"Peter Robinson","fhdOEnt":"ODFW","fhdSpNm":"Brook trout","fhdRun":"NA","fhdLifeHst":"FluvAdfluvRes","fhdUseTy":"ResidentMultipleUses","fhdBasis":"UndocObsFish","fhdStNm":"Lake Alta","fhdGenus":"Salvelinus","fhdSp":"fontinalis","fhdSubSp":null,"fhdOrig":"NonNative","fhdProd":"Natural","fhdComment":null,"fhdESH":"NA","fhdBasisD":null,"fhdNMF":"no","fhdBasisDt":null,"fhdBasisNm":null,"fhdBasisEnt":null,"fhdBasisPrj":null,"fhdBasisMethod":null,"fhdAccess":null,"fhdBarrierFtrID":null,"fhdEndExtent":null,"Shape__Area":112219.379618865,"Shape__Length":2389.757444274584,"habitatType":"lake"},"id":706},
{"type":"Feature","geometry":{"type":"Polygon","coordinates":[[[-122.220325,42.655207],[-122.219334,42.657857],[-122.222009,42.659096],[-122.223076,42.655316],[-122.220325,42.655207]]]},"properties":{"OBJECTID":355,"fhdFtrID":359,"fhdRefID":53684,"fhdRevDt":"20190214","fhdONm":"Peter Robinson","fhdOEnt":"ODFW","fhdSpNm":"Brook trout","fhdRun":"NA","fhdLifeHst":"FluvAdfluvRes","fhdUseTy":"ResidentMultipleUses","fhdBasis":"UndocObsFish","fhdStNm":"Middle Lake","fhdGenus":"Salvelinus","fhdSp":"fontinalis","fhdSubSp":null,"fhdOrig":"NonNative","fhdProd":"Natural","fhdComment":null,"fhdESH":"NA","fhdBasisD":null,"fhdNMF":"no","fhdBasisDt":null,"fhdBasisNm":null,"fhdBasisEnt":null,"fhdBasisPrj":null,"fhdBasisMethod":null,"fhdAccess":null,"fhdBarrierFtrID":null,"fhdEndExtent":null,"Shape__Area":217702.171501535,"Shape__Length":1858.5541473230232,"habitatType":"lake"},"id":707},
{"type":"Feature","geometry":{"type":"Polygon","coordinates":[[[-122.298973,42.551354],[-122.299355,42.550338],[-122.29844,42.549941],[-122.297677,42.551125],[-122.298973,42.551354]]]},"properties":{"OBJECTID":356,"fhdFtrID":360,"fhdRefID":53684,"fhdRevDt":"20190214","fhdONm":"Peter Robinson","fhdOEnt":"ODFW","fhdSpNm":"Brook trout","fhdRun":"NA","fhdLifeHst":"FluvAdfluvRes","fhdUseTy":"ResidentMultipleUses","fhdBasis":"UndocObsFish","fhdStNm":"McKee Lake","fhdGenus":"Salvelinus","fhdSp":"fontinalis","fhdSubSp":null,"fhdOrig":"NonNative","fhdProd":"Natural","fhdComment":null,"fhdESH":"NA","fhdBasisD":null,"fhdNMF":"no","fhdBasisDt":null,"fhdBasisNm":null,"fhdBasisEnt":null,"fhdBasisPrj":null,"fhdBasisMethod":null,"fhdAccess":null,"fhdBarrierFtrID":null,"fhdEndExtent":null,"Shape__Area":31368.88913451,"Shape__Length":668.0528762839583,"habitatType":"lake"},"id":708},
{"type":"Feature","geometry":{"type":"Polygon","coordinates":[[[-123.302146,42.064017],[-123.302374,42.065115],[-123.303465,42.065175],[-123.304243,42.064363],[-123.302146,42.064017]]]},"properties":{"OBJECTID":357,"fhdFtrID":361,"fhdRefID":53684,"fhdRevDt":"20190214","fhdONm":"Peter Robinson","fhdOEnt":"ODFW","fhdSpNm":"Brook trout","fhdRun":"NA","fhdLifeHst":"FluvAdfluvRes","fhdUseTy":"ResidentMultipleUses","fhdBasis":"UndocObsFish","fhdStNm":"Miller Lake","fhdGenus":"Salvelinus","fhdSp":"fontinalis","fhdSubSp":null,"fhdOrig":"NonNative","fhdProd":"Natural","fhdComment":null,"fhdESH":"NA","fhdBasisD":null,"fhdNMF":"no","fhdBasisDt":null,"fhdBasisNm":null,"fhdBasisEnt":null,"fhdBasisPrj":null,"fhdBasisMethod":null,"fhdAccess":null,"fhdBarrierFtrID":null,"fhdEndExtent":null,"Shape__Area":40499.16994917,"Shape__Length":744.1829110280714,"habitatType":"lake"},"id":709},
{"type":"Feature","geometry":{"type":"Polygon","coordinates":[[[-122.521936,43.063784],[-122.522379,43.062012],[-122.52082,43.062006],[-122.521936,43.063784]]]},"properties":{"OBJECTID":358,"fhdFtrID":362,"fhdRefID":53684,"fhdRevDt":"20190214","fhdONm":"Peter Robinson","fhdOEnt":"ODFW","fhdSpNm":"Brook trout","fhdRun":"NA","fhdLifeHst":"FluvAdfluvRes","fhdUseTy":"ResidentMultipleUses","fhdBasis":"UndocObsFish","fhdStNm":"Buckeye Lake","fhdGenus":"Salvelinus","fhdSp":"fontinalis","fhdSubSp":null,"fhdOrig":"NonNative","fhdProd":"Natural","fhdComment":null,"fhdESH":"NA","fhdBasisD":null,"fhdNMF":"no","fhdBasisDt":null,"fhdBasisNm":null,"fhdBasisEnt":null,"fhdBasisPrj":null,"fhdBasisMethod":null,"fhdAccess":null,"fhdBarrierFtrID":null,"fhdEndExtent":null,"Shape__Area":81731.70425906,"Shape__Length":1254.849353226206,"habitatType":"lake"},"id":710},
{"type":"Feature","geometry":{"type":"Polygon","coordinates":[[[-122.14522,43.493759],[-122.148166,43.494456],[-122.148688,43.493442],[-122.14522,43.493759]]]},"properties":{"OBJECTID":359,"fhdFtrID":363,"fhdRefID":53578,"fhdRevDt":"20190314","fhdONm":"Ed Hall","fhdOEnt":"USFS","fhdSpNm":"Brook trout","fhdRun":"NA","fhdLifeHst":"FluvAdfluvRes","fhdUseTy":"ResidentMultipleUses","fhdBasis":"IndivProfOpinion","fhdStNm":"Marie Lake","fhdGenus":"Salvelinus","fhdSp":"fontinalis","fhdSubSp":null,"fhdOrig":"NonNative","fhdProd":"Natural","fhdComment":"Brook trout documented immediately downstream of lake","fhdESH":"NA","fhdBasisD":null,"fhdNMF":"no","fhdBasisDt":null,"fhdBasisNm":null,"fhdBasisEnt":null,"fhdBasisPrj":null,"fhdBasisMethod":null,"fhdAccess":null,"fhdBarrierFtrID":null,"fhdEndExtent":null,"Shape__Area":61998.707702665,"Shape__Length":1335.8901596190974,"habitatType":"lake"},"id":711},
{"type":"Feature","geometry":{"type":"Polygon","coordinates":[[[-120.729079,42.693071],[-120.730142,42.693173],[-120.729958,42.692557],[-120.729079,42.693071]]]},"properties":{"OBJECTID":360,"fhdFtrID":364,"fhdRefID":53684,"fhdRevDt":"20190214","fhdONm":"Peter Robinson","fhdOEnt":"ODFW","fhdSpNm":"Brook trout","fhdRun":"NA","fhdLifeHst":"FluvAdfluvRes","fhdUseTy":"ResidentMultipleUses","fhdBasis":"UndocObsFish","fhdStNm":"Slide Lakes","fhdGenus":"Salvelinus","fhdSp":"fontinalis","fhdSubSp":null,"fhdOrig":"NonNative","fhdProd":"Natural","fhdComment":null,"fhdESH":"NA","fhdBasisD":null,"fhdNMF":"no","fhdBasisDt":null,"fhdBasisNm":null,"fhdBasisEnt":null,"fhdBasisPrj":null,"fhdBasisMethod":null,"fhdAccess":null,"fhdBarrierFtrID":null,"fhdEndExtent":null,"Shape__Area":16371.14633262,"Shape__Length":567.0926829982913,"habitatType":"lake"},"id":712},
{"type":"Feature","geometry":{"type":"Polygon","coordinates":[[[-120.701851,42.680678],[-120.701752,42.681341],[-120.702769,42.682572],[-120.703369,42.681752],[-120.702583,42.68066],[-120.701851,42.680678]]]},"properties":{"OBJECTID":361,"fhdFtrID":365,"fhdRefID":53684,"fhdRevDt":"20190214","fhdONm":"Peter Robinson","fhdOEnt":"ODFW","fhdSpNm":"Brook trout","fhdRun":"NA","fhdLifeHst":"FluvAdfluvRes","fhdUseTy":"ResidentMultipleUses","fhdBasis":"UndocObsFish","fhdStNm":"Withers Lake","fhdGenus":"Salvelinus","fhdSp":"fontinalis","fhdSubSp":null,"fhdOrig":"NonNative","fhdProd":"Natural","fhdComment":null,"fhdESH":"NA","fhdBasisD":null,"fhdNMF":"no","fhdBasisDt":null,"fhdBasisNm":null,"fhdBasisEnt":null,"fhdBasisPrj":null,"fhdBasisMethod":null,"fhdAccess":null,"fhdBarrierFtrID":null,"fhdEndExtent":null,"Shape__Area":34050.15134226,"Shape__Length":773.4551972055692,"habitatType":"lake"},"id":713},
{"type":"Feature","geometry":{"type":"Polygon","coordinates":[[[-118.647576,42.735944],[-118.644872,42.738205],[-118.649794,42.73769],[-118.647576,42.735944]]]},"properties":{"OBJECTID":362,"fhdFtrID":366,"fhdRefID":53684,"fhdRevDt":"20190214","fhdONm":"Peter Robinson","fhdOEnt":"ODFW","fhdSpNm":"Brook trout","fhdRun":"NA","fhdLifeHst":"FluvAdfluvRes","fhdUseTy":"ResidentMultipleUses","fhdBasis":"UndocObsFish","fhdStNm":"Fish Lake","fhdGenus":"Salvelinus","fhdSp":"fontinalis","fhdSubSp":null,"fhdOrig":"NonNative","fhdProd":"Natural","fhdComment":null,"fhdESH":"NA","fhdBasisD":null,"fhdNMF":"no","fhdBasisDt":null,"fhdBasisNm":null,"fhdBasisEnt":null,"fhdBasisPrj":null,"fhdBasisMethod":null,"fhdAccess":null,"fhdBarrierFtrID":null,"fhdEndExtent":null,"Shape__Area":143977.675368315,"Shape__Length":1563.6723998966725,"habitatType":"lake"},"id":714},
{"type":"Feature","geometry":{"type":"Polygon","coordinates":[[[-118.089969,44.809329],[-118.089566,44.809675],[-118.090578,44.810363],[-118.091171,44.809822],[-118.089969,44.809329]]]},"properties":{"OBJECTID":363,"fhdFtrID":367,"fhdRefID":53712,"fhdRevDt":"20190311","fhdONm":"Philip Howell","fhdOEnt":"USFS","fhdSpNm":"Brook trout","fhdRun":"NA","fhdLifeHst":"FluvAdfluvRes","fhdUseTy":"ResidentMultipleUses","fhdBasis":"DocObsFish","fhdStNm":"Twin Lakes","fhdGenus":"Salvelinus","fhdSp":"fontinalis","fhdSubSp":null,"fhdOrig":"NonNative","fhdProd":"Natural","fhdComment":null,"fhdESH":"NA","fhdBasisD":null,"fhdNMF":"no","fhdBasisDt":"20150000","fhdBasisNm":null,"fhdBasisEnt":null,"fhdBasisPrj":null,"fhdBasisMethod":null,"fhdAccess":null,"fhdBarrierFtrID":null,"fhdEndExtent":null,"Shape__Area":18229.57607129,"Shape__Length":574.4565282413183,"habitatType":"lake"},"id":715},
{"type":"Feature","geometry":{"type":"Polygon","coordinates":[[[-118.08586,44.807136],[-118.086314,44.808698],[-118.08824,44.808459],[-118.08586,44.807136]]]},"properties":{"OBJECTID":364,"fhdFtrID":368,"fhdRefID":53712,"fhdRevDt":"20190311","fhdONm":"Philip Howell","fhdOEnt":"USFS","fhdSpNm":"Brook trout","fhdRun":"NA","fhdLifeHst":"FluvAdfluvRes","fhdUseTy":"ResidentMultipleUses","fhdBasis":"DocObsFish","fhdStNm":"Twin Lakes","fhdGenus":"Salvelinus","fhdSp":"fontinalis","fhdSubSp":null,"fhdOrig":"NonNative","fhdProd":"Natural","fhdComment":null,"fhdESH":"NA","fhdBasisD":null,"fhdNMF":"no","fhdBasisDt":"20150000","fhdBasisNm":null,"fhdBasisEnt":null,"fhdBasisPrj":null,"fhdBasisMethod":null,"fhdAccess":null,"fhdBarrierFtrID":null,"fhdEndExtent":null,"Shape__Area":64162.252611115,"Shape__Length":1009.3302249971174,"habitatType":"lake"},"id":716},
{"type":"Feature","geometry":{"type":"Polygon","coordinates":[[[-118.195457,44.876829],[-118.197954,44.874791],[-118.194338,44.874019],[-118.195457,44.876829]]]},"properties":{"OBJECTID":365,"fhdFtrID":369,"fhdRefID":53712,"fhdRevDt":"20190311","fhdONm":"Philip Howell","fhdOEnt":"USFS","fhdSpNm":"Brook trout","fhdRun":"NA","fhdLifeHst":"FluvAdfluvRes","fhdUseTy":"ResidentMultipleUses","fhdBasis":"DocObsFish","fhdStNm":"Summit Lake","fhdGenus":"Salvelinus","fhdSp":"fontinalis","fhdSubSp":null,"fhdOrig":"NonNative","fhdProd":"Natural","fhdComment":null,"fhdESH":"NA","fhdBasisD":null,"fhdNMF":"no","fhdBasisDt":"20150000","fhdBasisNm":null,"fhdBasisEnt":null,"fhdBasisPrj":null,"fhdBasisMethod":null,"fhdAccess":null,"fhdBarrierFtrID":null,"fhdEndExtent":null,"Shape__Area":139669.927152675,"Shape__Length":1666.2004274078124,"habitatType":"lake"},"id":717},
{"type":"Feature","geometry":{"type":"Polygon","coordinates":[[[-121.71809,45.192219],[-121.715642,45.18528],[-121.711502,45.182289],[-121.710613,45.180277],[-121.714096,45.177862],[-121.719961,45.178812],[-121.727454,45.177706],[-121.72366,45.175129],[-121.719092,45.175337],[-121.711294,45.174682],[-121.706183,45.176395],[-121.700164,45.175309],[-121.697924,45.175725],[-121.694549,45.174435],[-121.688331,45.173999],[-121.690131,45.177016],[-121.693301,45.176704],[-121.697629,45.178315],[-121.700344,45.182012],[-121.701232,45.184979],[-121.704226,45.183653],[-121.707428,45.185391],[-121.710597,45.18865],[-121.714662,45.191742],[-121.71809,45.192219]]]},"properties":{"OBJECTID":366,"fhdFtrID":370,"fhdRefID":53684,"fhdRevDt":"20190312","fhdONm":"Peter Robinson","fhdOEnt":"ODFW","fhdSpNm":"Brook trout","fhdRun":"NA","fhdLifeHst":"FluvAdfluvRes","fhdUseTy":"ResidentMultipleUses","fhdBasis":"UndocObsFish","fhdStNm":"Clear Lake","fhdGenus":"Salvelinus","fhdSp":"fontinalis","fhdSubSp":null,"fhdOrig":"NonNative","fhdProd":"Natural","fhdComment":null,"fhdESH":"NA","fhdBasisD":null,"fhdNMF":"no","fhdBasisDt":null,"fhdBasisNm":null,"fhdBasisEnt":null,"fhdBasisPrj":null,"fhdBasisMethod":null,"fhdAccess":null,"fhdBarrierFtrID":null,"fhdEndExtent":null,"Shape__Area":4245243.767381895,"Shape__Length":16008.002189268173,"habitatType":"lake"},"id":718},
{"type":"Feature","geometry":{"type":"Polygon","coordinates":[[[-121.762759,45.143803],[-121.771106,45.142205],[-121.770334,45.136692],[-121.780773,45.130454],[-121.784558,45.130701],[-121.79483,45.129244],[-121.799147,45.127655],[-121.803688,45.123197],[-121.805804,45.123362],[-121.803891,45.117145],[-121.80586,45.113047],[-121.800009,45.114193],[-121.796508,45.110253],[-121.793145,45.109758],[-121.788606,45.107864],[-121.787559,45.108972],[-121.778423,45.109491],[-121.776731,45.113753],[-121.773446,45.113703],[-121.772018,45.115809],[-121.767873,45.115544],[-121.766715,45.119275],[-121.771534,45.120978],[-121.775531,45.124151],[-121.776968,45.126884],[-121.773898,45.128507],[-121.77178,45.131509],[-121.772806,45.1336],[-121.769066,45.136714],[-121.769978,45.138979],[-121.762759,45.143803]]]},"properties":{"OBJECTID":367,"fhdFtrID":371,"fhdRefID":53669,"fhdRevDt":"20190312","fhdONm":"Peter Robinson","fhdOEnt":"ODFW","fhdSpNm":"Brook trout","fhdRun":"NA","fhdLifeHst":"FluvAdfluvRes","fhdUseTy":"ResidentMultipleUses","fhdBasis":"UndocObsFish","fhdStNm":"Timothy Lake","fhdGenus":"Salvelinus","fhdSp":"fontinalis","fhdSubSp":null,"fhdOrig":"NonNative","fhdProd":"Natural","fhdComment":null,"fhdESH":"NA","fhdBasisD":null,"fhdNMF":"no","fhdBasisDt":null,"fhdBasisNm":null,"fhdBasisEnt":null,"fhdBasisPrj":null,"fhdBasisMethod":null,"fhdAccess":null,"fhdBarrierFtrID":null,"fhdEndExtent":null,"Shape__Area":11379125.804236175,"Shape__Length":26515.11129838575,"habitatType":"lake"},"id":719},
{"type":"Feature","geometry":{"type":"Polygon","coordinates":[[[-122.114386,43.358263],[-122.11438,43.35963],[-122.11526,43.35913],[-122.114386,43.358263]]]},"properties":{"OBJECTID":368,"fhdFtrID":372,"fhdRefID":53578,"fhdRevDt":"20190314","fhdONm":"Ed Hall","fhdOEnt":"USFS","fhdSpNm":"Brook trout","fhdRun":"NA","fhdLifeHst":"FluvAdfluvRes","fhdUseTy":"ResidentMultipleUses","fhdBasis":"UndocObsFish","fhdStNm":"Lake Charline","fhdGenus":"Salvelinus","fhdSp":"fontinalis","fhdSubSp":null,"fhdOrig":"NonNative","fhdProd":"Natural","fhdComment":null,"fhdESH":"NA","fhdBasisD":null,"fhdNMF":"no","fhdBasisDt":null,"fhdBasisNm":null,"fhdBasisEnt":null,"fhdBasisPrj":null,"fhdBasisMethod":null,"fhdAccess":null,"fhdBarrierFtrID":null,"fhdEndExtent":null,"Shape__Area":22639.603576245,"Shape__Length":592.7194043920956,"habitatType":"lake"},"id":720},
{"type":"Feature","geometry":{"type":"Polygon","coordinates":[[[-122.117772,43.350852],[-122.117826,43.351752],[-122.118879,43.351427],[-122.117772,43.350852]]]},"properties":{"OBJECTID":369,"fhdFtrID":373,"fhdRefID":53578,"fhdRevDt":"20190314","fhdONm":"Ed Hall","fhdOEnt":"USFS","fhdSpNm":"Brook trout","fhdRun":"NA","fhdLifeHst":"FluvAdfluvRes","fhdUseTy":"ResidentMultipleUses","fhdBasis":"UndocObsFish","fhdStNm":null,"fhdGenus":"Salvelinus","fhdSp":"fontinalis","fhdSubSp":null,"fhdOrig":"NonNative","fhdProd":"Natural","fhdComment":null,"fhdESH":"NA","fhdBasisD":null,"fhdNMF":"no","fhdBasisDt":null,"fhdBasisNm":null,"fhdBasisEnt":null,"fhdBasisPrj":null,"fhdBasisMethod":null,"fhdAccess":null,"fhdBarrierFtrID":null,"fhdEndExtent":null,"Shape__Area":15113.620224315,"Shape__Length":458.695305583495,"habitatType":"lake"},"id":721},
{"type":"Feature","geometry":{"type":"Polygon","coordinates":[[[-122.504964,43.432845],[-122.505794,43.432422],[-122.504896,43.431528],[-122.503823,43.432568],[-122.504964,43.432845]]]},"properties":{"OBJECTID":370,"fhdFtrID":374,"fhdRefID":53578,"fhdRevDt":"20190314","fhdONm":"Ed Hall","fhdOEnt":"USFS","fhdSpNm":"Brook trout","fhdRun":"NA","fhdLifeHst":"FluvAdfluvRes","fhdUseTy":"ResidentMultipleUses","fhdBasis":"UndocObsFish","fhdStNm":"Bullpup Lake","fhdGenus":"Salvelinus","fhdSp":"fontinalis","fhdSubSp":null,"fhdOrig":"NonNative","fhdProd":"Natural","fhdComment":null,"fhdESH":"NA","fhdBasisD":null,"fhdNMF":"no","fhdBasisDt":null,"fhdBasisNm":null,"fhdBasisEnt":null,"fhdBasisPrj":null,"fhdBasisMethod":null,"fhdAccess":null,"fhdBarrierFtrID":null,"fhdEndExtent":null,"Shape__Area":33108.023704115,"Shape__Length":765.3691959950315,"habitatType":"lake"},"id":722},
{"type":"Feature","geometry":{"type":"Polygon","coordinates":[[[-122.493911,43.401433],[-122.493279,43.401751],[-122.494808,43.4032],[-122.494784,43.401542],[-122.493911,43.401433]]]},"properties":{"OBJECTID":371,"fhdFtrID":375,"fhdRefID":53578,"fhdRevDt":"20190314","fhdONm":"Ed Hall","fhdOEnt":"USFS","fhdSpNm":"Brook trout","fhdRun":"NA","fhdLifeHst":"FluvAdfluvRes","fhdUseTy":"ResidentMultipleUses","fhdBasis":"UndocObsFish","fhdStNm":"Fuller Lake","fhdGenus":"Salvelinus","fhdSp":"fontinalis","fhdSubSp":null,"fhdOrig":"NonNative","fhdProd":"Natural","fhdComment":null,"fhdESH":"NA","fhdBasisD":null,"fhdNMF":"no","fhdBasisDt":null,"fhdBasisNm":null,"fhdBasisEnt":null,"fhdBasisPrj":null,"fhdBasisMethod":null,"fhdAccess":null,"fhdBarrierFtrID":null,"fhdEndExtent":null,"Shape__Area":31782.317443835,"Shape__Length":858.5115537026405,"habitatType":"lake"},"id":723},
{"type":"Feature","geometry":{"type":"Polygon","coordinates":[[[-122.555779,43.384264],[-122.556133,43.384621],[-122.556388,43.384385],[-122.555779,43.384264]]]},"properties":{"OBJECTID":372,"fhdFtrID":376,"fhdRefID":53578,"fhdRevDt":"20190314","fhdONm":"Ed Hall","fhdOEnt":"USFS","fhdSpNm":"Brook trout","fhdRun":"NA","fhdLifeHst":"FluvAdfluvRes","fhdUseTy":"ResidentMultipleUses","fhdBasis":"UndocObsFish","fhdStNm":null,"fhdGenus":"Salvelinus","fhdSp":"fontinalis","fhdSubSp":null,"fhdOrig":"NonNative","fhdProd":"Natural","fhdComment":null,"fhdESH":"NA","fhdBasisD":null,"fhdNMF":"no","fhdBasisDt":null,"fhdBasisNm":null,"fhdBasisEnt":null,"fhdBasisPrj":null,"fhdBasisMethod":null,"fhdAccess":null,"fhdBarrierFtrID":null,"fhdEndExtent":null,"Shape__Area":3694.142970905,"Shape__Length":229.51597516253912,"habitatType":"lake"},"id":724},
{"type":"Feature","geometry":{"type":"Polygon","coordinates":[[[-122.561323,43.379197],[-122.5624,43.379076],[-122.563113,43.378377],[-122.562133,43.377973],[-122.561251,43.378414],[-122.561323,43.379197]]]},"properties":{"OBJECTID":373,"fhdFtrID":377,"fhdRefID":53578,"fhdRevDt":"20190314","fhdONm":"Ed Hall","fhdOEnt":"USFS","fhdSpNm":"Brook trout","fhdRun":"NA","fhdLifeHst":"FluvAdfluvRes","fhdUseTy":"ResidentMultipleUses","fhdBasis":"UndocObsFish","fhdStNm":null,"fhdGenus":"Salvelinus","fhdSp":"fontinalis","fhdSubSp":null,"fhdOrig":"NonNative","fhdProd":"Natural","fhdComment":null,"fhdESH":"NA","fhdBasisD":null,"fhdNMF":"no","fhdBasisDt":null,"fhdBasisNm":null,"fhdBasisEnt":null,"fhdBasisPrj":null,"fhdBasisMethod":null,"fhdAccess":null,"fhdBarrierFtrID":null,"fhdEndExtent":null,"Shape__Area":26531.890248985,"Shape__Length":719.6423720544793,"habitatType":"lake"},"id":725},
{"type":"Feature","geometry":{"type":"Polygon","coordinates":[[[-122.262755,44.358338],[-122.26257,44.360237],[-122.264484,44.358981],[-122.262755,44.358338]]]},"properties":{"OBJECTID":374,"fhdFtrID":378,"fhdRefID":53578,"fhdRevDt":"20190314","fhdONm":"Ed Hall","fhdOEnt":"USFS","fhdSpNm":"Brook trout","fhdRun":"NA","fhdLifeHst":"FluvAdfluvRes","fhdUseTy":"ResidentMultipleUses","fhdBasis":"DocObsFish","fhdStNm":"Gordon Lakes","fhdGenus":"Salvelinus","fhdSp":"fontinalis","fhdSubSp":null,"fhdOrig":"NonNative","fhdProd":"Natural","fhdComment":null,"fhdESH":"NA","fhdBasisD":null,"fhdNMF":"no","fhdBasisDt":null,"fhdBasisNm":null,"fhdBasisEnt":null,"fhdBasisPrj":null,"fhdBasisMethod":"Hook and Line","fhdAccess":null,"fhdBarrierFtrID":null,"fhdEndExtent":null,"Shape__Area":53803.76837721,"Shape__Length":907.28524955649,"habitatType":"lake"},"id":726},
{"type":"Feature","geometry":{"type":"Polygon","coordinates":[[[-122.263423,44.356154],[-122.262359,44.357032],[-122.264026,44.35728],[-122.263423,44.356154]]]},"properties":{"OBJECTID":375,"fhdFtrID":379,"fhdRefID":53578,"fhdRevDt":"20190314","fhdONm":"Ed Hall","fhdOEnt":"USFS","fhdSpNm":"Brook trout","fhdRun":"NA","fhdLifeHst":"FluvAdfluvRes","fhdUseTy":"ResidentMultipleUses","fhdBasis":"DocObsFish","fhdStNm":"Gordon Lakes","fhdGenus":"Salvelinus","fhdSp":"fontinalis","fhdSubSp":null,"fhdOrig":"NonNative","fhdProd":"Natural","fhdComment":null,"fhdESH":"NA","fhdBasisD":null,"fhdNMF":"no","fhdBasisDt":null,"fhdBasisNm":null,"fhdBasisEnt":null,"fhdBasisPrj":null,"fhdBasisMethod":"Hook and Line","fhdAccess":null,"fhdBarrierFtrID":null,"fhdEndExtent":null,"Shape__Area":40695.498874075,"Shape__Length":786.6561759589771,"habitatType":"lake"},"id":727},
{"type":"Feature","geometry":{"type":"Polygon","coordinates":[[[-122.006055,44.439494],[-122.008118,44.439386],[-122.010132,44.436216],[-122.0105,44.433771],[-122.009254,44.429385],[-122.006438,44.427262],[-122.004718,44.430921],[-122.006055,44.439494]]]},"properties":{"OBJECTID":376,"fhdFtrID":380,"fhdRefID":53578,"fhdRevDt":"20190314","fhdONm":"Ed Hall","fhdOEnt":"USFS","fhdSpNm":"Brook trout","fhdRun":"NA","fhdLifeHst":"FluvAdfluvRes","fhdUseTy":"ResidentMultipleUses","fhdBasis":"DocObsFish","fhdStNm":"Lava Lake","fhdGenus":"Salvelinus","fhdSp":"fontinalis","fhdSubSp":null,"fhdOrig":"NonNative","fhdProd":"Natural","fhdComment":null,"fhdESH":"NA","fhdBasisD":null,"fhdNMF":"no","fhdBasisDt":null,"fhdBasisNm":null,"fhdBasisEnt":null,"fhdBasisPrj":null,"fhdBasisMethod":"Hook and Line","fhdAccess":null,"fhdBarrierFtrID":null,"fhdEndExtent":null,"Shape__Area":1042314.760998895,"Shape__Length":7812.328099791094,"habitatType":"lake"},"id":728},
{"type":"Feature","geometry":{"type":"Polygon","coordinates":[[[-121.999445,44.37827],[-122.002485,44.37592],[-121.998138,44.374694],[-121.998222,44.372741],[-121.996253,44.368213],[-121.994497,44.361499],[-121.990465,44.361725],[-121.989516,44.362923],[-121.99132,44.368953],[-121.992981,44.369444],[-121.994121,44.372506],[-121.996615,44.373456],[-121.999445,44.37827]]]},"properties":{"OBJECTID":377,"fhdFtrID":381,"fhdRefID":53578,"fhdRevDt":"20190314","fhdONm":"Ed Hall","fhdOEnt":"USFS","fhdSpNm":"Brook trout","fhdRun":"NA","fhdLifeHst":"FluvAdfluvRes","fhdUseTy":"ResidentMultipleUses","fhdBasis":"DocObsFish","fhdStNm":"Clear Lake","fhdGenus":"Salvelinus","fhdSp":"fontinalis","fhdSubSp":null,"fhdOrig":"NonNative","fhdProd":"Natural","fhdComment":null,"fhdESH":"NA","fhdBasisD":null,"fhdNMF":"no","fhdBasisDt":null,"fhdBasisNm":"Stillwater Sciences","fhdBasisEnt":null,"fhdBasisPrj":null,"fhdBasisMethod":null,"fhdAccess":null,"fhdBarrierFtrID":null,"fhdEndExtent":null,"Shape__Area":1181124.71493188,"Shape__Length":8467.428950628713,"habitatType":"lake"},"id":729},
{"type":"Feature","geometry":{"type":"Polygon","coordinates":[[[-122.046518,44.333398],[-122.049209,44.331476],[-122.048168,44.324463],[-122.047381,44.32352],[-122.046549,44.315239],[-122.048203,44.307547],[-122.044392,44.307479],[-122.042966,44.310375],[-122.043171,44.31396],[-122.045247,44.31973],[-122.047108,44.327209],[-122.046518,44.333398]]]},"properties":{"OBJECTID":378,"fhdFtrID":382,"fhdRefID":53578,"fhdRevDt":"20190314","fhdONm":"Ed Hall","fhdOEnt":"USFS","fhdSpNm":"Brook trout","fhdRun":"NA","fhdLifeHst":"FluvAdfluvRes","fhdUseTy":"ResidentMultipleUses","fhdBasis":"DocObsFish","fhdStNm":"Smith Reservoir","fhdGenus":"Salvelinus","fhdSp":"fontinalis","fhdSubSp":null,"fhdOrig":"NonNative","fhdProd":"Natural","fhdComment":null,"fhdESH":"NA","fhdBasisD":null,"fhdNMF":"no","fhdBasisDt":null,"fhdBasisNm":"Stillwater Sciences","fhdBasisEnt":null,"fhdBasisPrj":null,"fhdBasisMethod":null,"fhdAccess":null,"fhdBarrierFtrID":null,"fhdEndExtent":null,"Shape__Area":1104557.805360895,"Shape__Length":10601.594184165138,"habitatType":"lake"},"id":730},
{"type":"Feature","geometry":{"type":"Polygon","coordinates":[[[-122.045746,44.278086],[-122.049856,44.278859],[-122.051199,44.274044],[-122.048418,44.27322],[-122.045746,44.278086]]]},"properties":{"OBJECTID":379,"fhdFtrID":383,"fhdRefID":53578,"fhdRevDt":"20190314","fhdONm":"Ed Hall","fhdOEnt":"USFS","fhdSpNm":"Brook trout","fhdRun":"NA","fhdLifeHst":"FluvAdfluvRes","fhdUseTy":"ResidentMultipleUses","fhdBasis":"DocObsFish","fhdStNm":"Trail Bridge Reservoir","fhdGenus":"Salvelinus","fhdSp":"fontinalis","fhdSubSp":null,"fhdOrig":"NonNative","fhdProd":"Natural","fhdComment":null,"fhdESH":"NA","fhdBasisD":null,"fhdNMF":"no","fhdBasisDt":null,"fhdBasisNm":"Stillwater Sciences","fhdBasisEnt":null,"fhdBasisPrj":null,"fhdBasisMethod":null,"fhdAccess":null,"fhdBarrierFtrID":null,"fhdEndExtent":null,"Shape__Area":434811.098983485,"Shape__Length":6816.937442917664,"habitatType":"lake"},"id":731},
{"type":"Feature","geometry":{"type":"Polygon","coordinates":[[[-122.201858,43.529406],[-122.199948,43.530397],[-122.201632,43.532183],[-122.203289,43.530366],[-122.201858,43.529406]]]},"properties":{"OBJECTID":380,"fhdFtrID":384,"fhdRefID":53578,"fhdRevDt":"20190314","fhdONm":"Ed Hall","fhdOEnt":"USFS","fhdSpNm":"Brook trout","fhdRun":"NA","fhdLifeHst":"FluvAdfluvRes","fhdUseTy":"ResidentMultipleUses","fhdBasis":"IndivProfOpinion","fhdStNm":"Blue Lake","fhdGenus":"Salvelinus","fhdSp":"fontinalis","fhdSubSp":null,"fhdOrig":"NonNative","fhdProd":"Natural","fhdComment":"Brook trout documented immediately downstream of lake","fhdESH":"NA","fhdBasisD":null,"fhdNMF":"no","fhdBasisDt":null,"fhdBasisNm":null,"fhdBasisEnt":null,"fhdBasisPrj":null,"fhdBasisMethod":null,"fhdAccess":null,"fhdBarrierFtrID":null,"fhdEndExtent":null,"Shape__Area":103805.32117046,"Shape__Length":1328.338441012009,"habitatType":"lake"},"id":732},
{"type":"Feature","geometry":{"type":"Polygon","coordinates":[[[-122.197326,43.543318],[-122.199692,43.543136],[-122.198075,43.541864],[-122.197326,43.543318]]]},"properties":{"OBJECTID":381,"fhdFtrID":385,"fhdRefID":53578,"fhdRevDt":"20190314","fhdONm":"Ed Hall","fhdOEnt":"USFS","fhdSpNm":"Brook trout","fhdRun":"NA","fhdLifeHst":"FluvAdfluvRes","fhdUseTy":"ResidentMultipleUses","fhdBasis":"IndivProfOpinion","fhdStNm":"Happy Lake","fhdGenus":"Salvelinus","fhdSp":"fontinalis","fhdSubSp":null,"fhdOrig":"NonNative","fhdProd":"Natural","fhdComment":"Brook trout documented immediately downstream of lake","fhdESH":"NA","fhdBasisD":null,"fhdNMF":"no","fhdBasisDt":null,"fhdBasisNm":null,"fhdBasisEnt":null,"fhdBasisPrj":null,"fhdBasisMethod":null,"fhdAccess":null,"fhdBarrierFtrID":null,"fhdEndExtent":null,"Shape__Area":78335.13142135,"Shape__Length":1355.4693265486624,"habitatType":"lake"},"id":733},
{"type":"Feature","geometry":{"type":"Polygon","coordinates":[[[-120.753109,42.563704],[-120.756628,42.562041],[-120.753901,42.560099],[-120.753109,42.563704]]]},"properties":{"OBJECTID":382,"fhdFtrID":386,"fhdRefID":53706,"fhdRevDt":"20190315","fhdONm":"Phillip Gaines","fhdOEnt":"USFS","fhdSpNm":"Brook trout","fhdRun":"NA","fhdLifeHst":"FluvAdfluvRes","fhdUseTy":"ResidentMultipleUses","fhdBasis":"UndocObsFish","fhdStNm":"Campbell Lake","fhdGenus":"Salvelinus","fhdSp":"fontinalis","fhdSubSp":null,"fhdOrig":"NonNative","fhdProd":"Natural","fhdComment":null,"fhdESH":"NA","fhdBasisD":null,"fhdNMF":"no","fhdBasisDt":null,"fhdBasisNm":null,"fhdBasisEnt":"USFS - Fremont NF","fhdBasisPrj":null,"fhdBasisMethod":null,"fhdAccess":null,"fhdBarrierFtrID":null,"fhdEndExtent":null,"Shape__Area":165835.539308455,"Shape__Length":1760.4305382121845,"habitatType":"lake"},"id":734},
{"type":"Feature","geometry":{"type":"Polygon","coordinates":[[[-122.067816,43.776025],[-122.070809,43.775356],[-122.070845,43.772187],[-122.068514,43.773518],[-122.067816,43.776025]]]},"properties":{"OBJECTID":383,"fhdFtrID":387,"fhdRefID":53684,"fhdRevDt":"20190318","fhdONm":"Peter Robinson","fhdOEnt":"ODFW","fhdSpNm":"Brook trout","fhdRun":"NA","fhdLifeHst":"FluvAdfluvRes","fhdUseTy":"ResidentMultipleUses","fhdBasis":"UndocObsFish","fhdStNm":"Round Lake","fhdGenus":"Salvelinus","fhdSp":"fontinalis","fhdSubSp":null,"fhdOrig":"NonNative","fhdProd":"Natural","fhdComment":null,"fhdESH":"NA","fhdBasisD":null,"fhdNMF":"no","fhdBasisDt":null,"fhdBasisNm":null,"fhdBasisEnt":null,"fhdBasisPrj":null,"fhdBasisMethod":null,"fhdAccess":null,"fhdBarrierFtrID":null,"fhdEndExtent":null,"Shape__Area":187050.313629385,"Shape__Length":2380.737582544859,"habitatType":"lake"},"id":735},
{"type":"Feature","geometry":{"type":"Polygon","coordinates":[[[-121.759477,44.797851],[-121.762389,44.797127],[-121.760602,44.79538],[-121.757295,44.796901],[-121.759477,44.797851]]]},"properties":{"OBJECTID":384,"fhdFtrID":388,"fhdRefID":53684,"fhdRevDt":"20190214","fhdONm":"Peter Robinson","fhdOEnt":"ODFW","fhdSpNm":"Brook trout","fhdRun":"NA","fhdLifeHst":"FluvAdfluvRes","fhdUseTy":"ResidentMultipleUses","fhdBasis":"UndocObsFish","fhdStNm":"Dark Lake","fhdGenus":"Salvelinus","fhdSp":"fontinalis","fhdSubSp":null,"fhdOrig":"NonNative","fhdProd":"Natural","fhdComment":null,"fhdESH":"NA","fhdBasisD":null,"fhdNMF":"no","fhdBasisDt":null,"fhdBasisNm":null,"fhdBasisEnt":null,"fhdBasisPrj":null,"fhdBasisMethod":null,"fhdAccess":null,"fhdBarrierFtrID":null,"fhdEndExtent":null,"Shape__Area":199542.27625321,"Shape__Length":2089.775866868765,"habitatType":"lake"},"id":736},
{"type":"Feature","geometry":{"type":"Polygon","coordinates":[[[-118.142879,45.299822],[-118.14196,45.301182],[-118.142673,45.303209],[-118.145247,45.301612],[-118.142879,45.299822]]]},"properties":{"OBJECTID":385,"fhdFtrID":389,"fhdRefID":53684,"fhdRevDt":"20190401","fhdONm":"Peter Robinson","fhdOEnt":"ODFW","fhdSpNm":"Brook trout","fhdRun":"NA","fhdLifeHst":"FluvAdfluvRes","fhdUseTy":"ResidentMultipleUses","fhdBasis":"UndocObsFish","fhdStNm":"Twin Lake","fhdGenus":"Salvelinus","fhdSp":"fontinalis","fhdSubSp":null,"fhdOrig":"NonNative","fhdProd":"Natural","fhdComment":null,"fhdESH":"NA","fhdBasisD":null,"fhdNMF":"no","fhdBasisDt":null,"fhdBasisNm":null,"fhdBasisEnt":null,"fhdBasisPrj":null,"fhdBasisMethod":null,"fhdAccess":null,"fhdBarrierFtrID":null,"fhdEndExtent":null,"Shape__Area":160850.76424366,"Shape__Length":1533.494885208609,"habitatType":"lake"},"id":737},
{"type":"Feature","geometry":{"type":"Polygon","coordinates":[[[-117.094686,45.049222],[-117.098329,45.04905],[-117.098043,45.046829],[-117.094152,45.046232],[-117.089615,45.044114],[-117.087462,45.044434],[-117.086528,45.046789],[-117.090422,45.047474],[-117.094686,45.049222]]]},"properties":{"OBJECTID":386,"fhdFtrID":390,"fhdRefID":53684,"fhdRevDt":"20190401","fhdONm":"Peter Robinson","fhdOEnt":"ODFW","fhdSpNm":"Brook trout","fhdRun":"NA","fhdLifeHst":"FluvAdfluvRes","fhdUseTy":"ResidentMultipleUses","fhdBasis":"UndocObsFish","fhdStNm":"Fish Lake","fhdGenus":"Salvelinus","fhdSp":"fontinalis","fhdSubSp":null,"fhdOrig":"NonNative","fhdProd":"Natural","fhdComment":null,"fhdESH":"NA","fhdBasisD":null,"fhdNMF":"no","fhdBasisDt":null,"fhdBasisNm":null,"fhdBasisEnt":null,"fhdBasisPrj":null,"fhdBasisMethod":null,"fhdAccess":null,"fhdBarrierFtrID":null,"fhdEndExtent":null,"Shape__Area":579441.75781663,"Shape__Length":4524.324334474886,"habitatType":"lake"},"id":738},
{"type":"Feature","geometry":{"type":"Polygon","coordinates":[[[-121.745581,44.030104],[-121.749961,44.027487],[-121.748381,44.024805],[-121.748824,44.023009],[-121.747405,44.020994],[-121.748396,44.017278],[-121.751044,44.013615],[-121.74687,44.010373],[-121.746772,44.007914],[-121.744117,44.004833],[-121.745474,44.001958],[-121.742331,44.002274],[-121.743896,44.005326],[-121.742911,44.006575],[-121.746245,44.009205],[-121.741187,44.013624],[-121.738432,44.013468],[-121.733481,44.016258],[-121.741042,44.018746],[-121.743728,44.020252],[-121.745482,44.01811],[-121.747847,44.01891],[-121.747107,44.020901],[-121.748465,44.022888],[-121.745161,44.023374],[-121.745284,44.026364],[-121.743636,44.026868],[-121.745581,44.030104]]]},"properties":{"OBJECTID":387,"fhdFtrID":391,"fhdRefID":53684,"fhdRevDt":"20190426","fhdONm":"Peter Robinson","fhdOEnt":"ODFW","fhdSpNm":"Brook trout","fhdRun":"NA","fhdLifeHst":"FluvAdfluvRes","fhdUseTy":"ResidentMultipleUses","fhdBasis":"UndocObsFish","fhdStNm":"Sparks Lake","fhdGenus":"Salvelinus","fhdSp":"fontinalis","fhdSubSp":null,"fhdOrig":"NonNative","fhdProd":"Natural","fhdComment":null,"fhdESH":"NA","fhdBasisD":null,"fhdNMF":"no","fhdBasisDt":null,"fhdBasisNm":null,"fhdBasisEnt":null,"fhdBasisPrj":null,"fhdBasisMethod":null,"fhdAccess":null,"fhdBarrierFtrID":null,"fhdEndExtent":null,"Shape__Area":2476707.76908549,"Shape__Length":24845.87254662932,"habitatType":"lake"},"id":739},
{"type":"Feature","geometry":{"type":"Polygon","coordinates":[[[-121.862807,43.847229],[-121.866995,43.846596],[-121.865271,43.842833],[-121.875411,43.840439],[-121.883048,43.844026],[-121.888777,43.841813],[-121.889502,43.837651],[-121.885207,43.834773],[-121.879241,43.834327],[-121.870314,43.834735],[-121.863952,43.835725],[-121.859381,43.835679],[-121.855025,43.834384],[-121.849997,43.834478],[-121.843131,43.828952],[-121.838522,43.828608],[-121.836921,43.829996],[-121.833342,43.829581],[-121.833227,43.831912],[-121.835074,43.834929],[-121.835288,43.838767],[-121.836501,43.840382],[-121.839751,43.840235],[-121.844291,43.843847],[-121.847525,43.844636],[-121.850546,43.84328],[-121.860465,43.847026],[-121.862807,43.847229]]]},"properties":{"OBJECTID":388,"fhdFtrID":392,"fhdRefID":53718,"fhdRevDt":"20190521","fhdONm":"Kevin Stertz","fhdOEnt":"ODFW","fhdSpNm":"Brook trout","fhdRun":"NA","fhdLifeHst":"FluvAdfluvRes","fhdUseTy":"ResidentMultipleUses","fhdBasis":"IndivProfOpinion","fhdStNm":"Cultus Lake","fhdGenus":"Salvelinus","fhdSp":"fontinalis","fhdSubSp":null,"fhdOrig":"NonNative","fhdProd":"Natural","fhdComment":null,"fhdESH":"NA","fhdBasisD":null,"fhdNMF":"no","fhdBasisDt":null,"fhdBasisNm":null,"fhdBasisEnt":null,"fhdBasisPrj":null,"fhdBasisMethod":null,"fhdAccess":null,"fhdBarrierFtrID":null,"fhdEndExtent":null,"Shape__Area":8917734.398936005,"Shape__Length":17979.624583804674,"habitatType":"lake"},"id":740},
{"type":"Feature","geometry":{"type":"Polygon","coordinates":[[[-121.776763,43.929262],[-121.778395,43.928721],[-121.780203,43.923248],[-121.778632,43.920251],[-121.776465,43.918418],[-121.77706,43.913941],[-121.772452,43.912892],[-121.76853,43.914866],[-121.764243,43.915432],[-121.765234,43.919792],[-121.771201,43.923413],[-121.771087,43.926815],[-121.776763,43.929262]]]},"properties":{"OBJECTID":389,"fhdFtrID":393,"fhdRefID":53718,"fhdRevDt":"20190521","fhdONm":"Kevin Stertz","fhdOEnt":"ODFW","fhdSpNm":"Brook trout","fhdRun":"NA","fhdLifeHst":"FluvAdfluvRes","fhdUseTy":"ResidentMultipleUses","fhdBasis":"IndivProfOpinion","fhdStNm":"Lava Lake","fhdGenus":"Salvelinus","fhdSp":"fontinalis","fhdSubSp":null,"fhdOrig":"NonNative","fhdProd":"Natural","fhdComment":null,"fhdESH":"NA","fhdBasisD":null,"fhdNMF":"no","fhdBasisDt":null,"fhdBasisNm":null,"fhdBasisEnt":null,"fhdBasisPrj":null,"fhdBasisMethod":null,"fhdAccess":null,"fhdBarrierFtrID":null,"fhdEndExtent":null,"Shape__Area":2676682.830517675,"Shape__Length":7694.965682032691,"habitatType":"lake"},"id":741},
{"type":"Feature","geometry":{"type":"Polygon","coordinates":[[[-121.78163,43.743947],[-121.780425,43.743601],[-121.782057,43.740314],[-121.782058,43.739062],[-121.780013,43.737834],[-121.78694,43.734432],[-121.788397,43.731206],[-121.790641,43.728943],[-121.791526,43.725963],[-121.788741,43.726015],[-121.788962,43.723028],[-121.78591,43.722446],[-121.788642,43.719891],[-121.787047,43.717524],[-121.780996,43.715434],[-121.780867,43.712623],[-121.778296,43.710489],[-121.772513,43.708581],[-121.770377,43.705848],[-121.767157,43.705255],[-121.767706,43.703226],[-121.765067,43.701496],[-121.766135,43.695718],[-121.765227,43.694457],[-121.771987,43.689568],[-121.773368,43.69205],[-121.777282,43.691417],[-121.785384,43.689091],[-121.788924,43.689894],[-121.792387,43.688481],[-121.800147,43.688356],[-121.802656,43.68731],[-121.801924,43.684602],[-121.803573,43.682224],[-121.805922,43.681726],[-121.809348,43.678854],[-121.81156,43.6746],[-121.816,43.673773],[-121.823043,43.67444],[-121.820678,43.672047],[-121.814955,43.672195],[-121.812606,43.670055],[-121.811827,43.667598],[-121.809523,43.667169],[-121.810866,43.664653],[-121.815261,43.66315],[-121.816145,43.661016],[-121.810866,43.662177],[-121.805976,43.664989],[-121.802016,43.665587],[-121.798797,43.667912],[-121.80036,43.671052],[-121.804717,43.670207],[-121.807501,43.672415],[-121.805182,43.674867],[-121.807654,43.675685],[-121.804862,43.678465],[-121.800093,43.680441],[-121.799567,43.685477],[-121.797233,43.685885],[-121.788665,43.680716],[-121.78208,43.682015],[-121.779174,43.679354],[-121.775412,43.679566],[-121.771323,43.680963],[-121.767417,43.680957],[-121.767447,43.677761],[-121.768675,43.674731],[-121.769087,43.668297],[-121.764426,43.665825],[-121.759367,43.66695],[-121.756637,43.666146],[-121.751975,43.666617],[-121.749106,43.665991],[-121.745612,43.663099],[-121.74095,43.660941],[-121.73638,43.660341],[-121.733367,43.658264],[-121.727797,43.657157],[-121.721983,43.655319],[-121.719496,43.656182],[-121.716331,43.655805],[-121.713507,43.65724],[-121.709266,43.656283],[-121.713012,43.654606],[-121.71324,43.652799],[-121.709891,43.6487],[-121.708228,43.644819],[-121.703208,43.645617],[-121.705901,43.642442],[-121.703681,43.636321],[-121.701034,43.634437],[-121.697951,43.634077],[-121.69702,43.631248],[-121.692954,43.631265],[-121.691192,43.633415],[-121.690977,43.639787],[-121.689284,43.643477],[-121.689498,43.649593],[-121.687911,43.652186],[-121.678657,43.65596],[-121.675315,43.65675],[-121.672537,43.658789],[-121.674223,43.661761],[-121.674864,43.664875],[-121.673942,43.666881],[-121.676681,43.669137],[-121.681235,43.671117],[-121.686057,43.672432],[-121.688727,43.676632],[-121.688544,43.682572],[-121.717711,43.707349],[-121.716651,43.704591],[-121.719603,43.703021],[-121.721847,43.703379],[-121.724303,43.708674],[-121.726401,43.711687],[-121.729636,43.71012],[-121.732764,43.711712],[-121.734397,43.70821],[-121.737967,43.709222],[-121.744521,43.700525],[-121.747695,43.70516],[-121.753387,43.703926],[-121.760741,43.705357],[-121.763762,43.703067],[-121.764037,43.707292],[-121.772307,43.711163],[-121.775031,43.71474],[-121.773406,43.717054],[-121.775191,43.718433],[-121.780761,43.719177],[-121.784194,43.723409],[-121.785216,43.725653],[-121.784987,43.728586],[-121.7871,43.730598],[-121.786383,43.732878],[-121.783355,43.732782],[-121.779372,43.735252],[-121.77767,43.737295],[-121.778555,43.7416],[-121.77989,43.742703],[-121.779952,43.743731],[-121.78163,43.743947]],[[-121.705573,43.668459],[-121.708907,43.665922],[-121.711737,43.665234],[-121.712164,43.667445],[-121.705573,43.668459]]]},"properties":{"OBJECTID":390,"fhdFtrID":394,"fhdRefID":53718,"fhdRevDt":"20190521","fhdONm":"Kevin Stertz","fhdOEnt":"ODFW","fhdSpNm":"Brook trout","fhdRun":"NA","fhdLifeHst":"FluvAdfluvRes","fhdUseTy":"ResidentMultipleUses","fhdBasis":"IndivProfOpinion","fhdStNm":"Wickiup Reservoir","fhdGenus":"Salvelinus","fhdSp":"fontinalis","fhdSubSp":null,"fhdOrig":"NonNative","fhdProd":"Natural","fhdComment":null,"fhdESH":"NA","fhdBasisD":null,"fhdNMF":"no","fhdBasisDt":null,"fhdBasisNm":null,"fhdBasisEnt":null,"fhdBasisPrj":null,"fhdBasisMethod":null,"fhdAccess":null,"fhdBarrierFtrID":null,"fhdEndExtent":null,"Shape__Area":78712282.22606444,"Shape__Length":118346.22901059683,"habitatType":"lake"},"id":742}
]}
