{"type":"FeatureCollection","features":[
{"type":"Feature","geometry":{"type":"LineString","coordinates":[[-120.547968,42.276488],[-120.550183,42.277859],[-120.554248,42.27841],[-120.56118,42.277179],[-120.564046,42.276223],[-120.566542,42.273754],[-120.57144,42.272931],[-120.575412,42.274375],[-120.580493,42.273964],[-120.583449,42.274513],[-120.586774,42.27678],[-120.586496,42.277877],[-120.589821,42.280829],[-120.5925,42.281039],[-120.595365,42.281999],[-120.598598,42.28399],[-120.60174,42.284402],[-120.603496,42.283372],[-120.608393,42.283168],[-120.611905,42.282205],[-120.618558,42.283717],[-120.622625,42.283923],[-120.626876,42.286258],[-120.630388,42.284953],[-120.634914,42.282687],[-120.637502,42.282758],[-120.640737,42.282068]]},"properties":{"OBJECTID":1,"fhdFtrID":1,"fhdRefID":53706,"fhdRevDt":"20190125","fhdONm":"Phillip Gaines","fhdOEnt":"USFS","fhdSpNm":"Brown trout","fhdRun":"NA","fhdLifeHst":"FluvRes","fhdUseTy":"Unknown","fhdBasis":"DocObsFish","fhdStNm":"Cottonwood Creek","fhdGenus":"Salmo","fhdSp":"trutta","fhdSubSp":null,"fhdOrig":"NonNative","fhdProd":"Natural","fhdComment":null,"fhdESH":"NA","fhdBasisD":null,"fhdNMF":"no","fhdBasisDt":"19880000","fhdBasisNm":null,"fhdBasisEnt":"USFS Fremont NF","fhdBasisPrj":null,"fhdBasisMethod":null,"fhdAccess":null,"fhdBarrierFtrID":null,"fhdEndExtent":null,"Shape__Length":12599.532104111508,"habitatType":"stream"},"id":1},
{"type":"Feature","geometry":{"type":"LineString","coordinates":[[-120.640737,42.282068],[-120.642307,42.280354],[-120.64203,42.277885],[-120.642952,42.275689],[-120.642304,42.272325],[-120.640641,42.270197]]},"properties":{"OBJECTID":2,"fhdFtrID":2,"fhdRefID":53706,"fhdRevDt":"20190125","fhdONm":"Phillip Gaines","fhdOEnt":"USFS","fhdSpNm":"Brown trout","fhdRun":"NA","fhdLifeHst":"FluvRes","fhdUseTy":"Unknown","fhdBasis":"DocObsFish","fhdStNm":"Grizzly Creek","fhdGenus":"Salmo","fhdSp":"trutta","fhdSubSp":null,"fhdOrig":"NonNative","fhdProd":"Natural","fhdComment":null,"fhdESH":"NA","fhdBasisD":null,"fhdNMF":"no","fhdBasisDt":"19880000","fhdBasisNm":null,"fhdBasisEnt":"USFS Fremont NF","fhdBasisPrj":null,"fhdBasisMethod":null,"fhdAccess":null,"fhdBarrierFtrID":null,"fhdEndExtent":null,"Shape__Length":1977.3338191540108,"habitatType":"stream"},"id":2},
{"type":"Feature","geometry":{"type":"LineString","coordinates":[[-120.640737,42.282068],[-120.640276,42.283784],[-120.64157,42.285499],[-120.641757,42.28955]]},"properties":{"OBJECTID":3,"fhdFtrID":3,"fhdRefID":53706,"fhdRevDt":"20190125","fhdONm":"Phillip Gaines","fhdOEnt":"USFS","fhdSpNm":"Brown trout","fhdRun":"NA","fhdLifeHst":"FluvRes","fhdUseTy":"Unknown","fhdBasis":"DocObsFish","fhdStNm":"Cougar Creek","fhdGenus":"Salmo","fhdSp":"trutta","fhdSubSp":null,"fhdOrig":"NonNative","fhdProd":"Natural","fhdComment":null,"fhdESH":"NA","fhdBasisD":null,"fhdNMF":"no","fhdBasisDt":"19880000","fhdBasisNm":null,"fhdBasisEnt":"USFS Fremont NF","fhdBasisPrj":null,"fhdBasisMethod":null,"fhdAccess":null,"fhdBarrierFtrID":null,"fhdEndExtent":null,"Shape__Length":1210.3861968668084,"habitatType":"stream"},"id":3},
{"type":"Feature","geometry":{"type":"LineString","coordinates":[[-120.694693,42.274089],[-120.692427,42.277198]]},"properties":{"OBJECTID":4,"fhdFtrID":4,"fhdRefID":53706,"fhdRevDt":"20190125","fhdONm":"Phillip Gaines","fhdOEnt":"USFS","fhdSpNm":"Brown trout","fhdRun":"NA","fhdLifeHst":"FluvRes","fhdUseTy":"Unknown","fhdBasis":"DocObsFish","fhdStNm":"Unnamed trib to Howard Creek","fhdGenus":"Salmo","fhdSp":"trutta","fhdSubSp":null,"fhdOrig":"NonNative","fhdProd":"Natural","fhdComment":null,"fhdESH":"NA","fhdBasisD":null,"fhdNMF":"no","fhdBasisDt":"19880000","fhdBasisNm":null,"fhdBasisEnt":"USFS Fremont NF","fhdBasisPrj":null,"fhdBasisMethod":null,"fhdAccess":null,"fhdBarrierFtrID":null,"fhdEndExtent":null,"Shape__Length":569.5588485591242,"habitatType":"stream"},"id":4},
{"type":"Feature","geometry":{"type":"LineString","coordinates":[[-120.763497,42.217992],[-120.759603,42.217232],[-120.757289,42.216263]]},"properties":{"OBJECTID":5,"fhdFtrID":5,"fhdRefID":53706,"fhdRevDt":"20190125","fhdONm":"Phillip Gaines","fhdOEnt":"USFS","fhdSpNm":"Brown trout","fhdRun":"NA","fhdLifeHst":"FluvRes","fhdUseTy":"Unknown","fhdBasis":"DocObsFish","fhdStNm":"Dent Creek","fhdGenus":"Salmo","fhdSp":"trutta","fhdSubSp":null,"fhdOrig":"NonNative","fhdProd":"Natural","fhdComment":null,"fhdESH":"NA","fhdBasisD":null,"fhdNMF":"no","fhdBasisDt":"19880000","fhdBasisNm":null,"fhdBasisEnt":"USFS Fremont NF","fhdBasisPrj":null,"fhdBasisMethod":null,"fhdAccess":null,"fhdBarrierFtrID":null,"fhdEndExtent":null,"Shape__Length":941.2095150584798,"habitatType":"stream"},"id":5},
{"type":"Feature","geometry":{"type":"LineString","coordinates":[[-120.312041,42.069719],[-120.309276,42.07002],[-120.306224,42.069674],[-120.304189,42.070085],[-120.299567,42.070224]]},"properties":{"OBJECTID":6,"fhdFtrID":6,"fhdRefID":53706,"fhdRevDt":"20190125","fhdONm":"Phillip Gaines","fhdOEnt":"USFS","fhdSpNm":"Brown trout","fhdRun":"NA","fhdLifeHst":"FluvRes","fhdUseTy":"Unknown","fhdBasis":"DocObsFish","fhdStNm":"Cogswell Creek","fhdGenus":"Salmo","fhdSp":"trutta","fhdSubSp":null,"fhdOrig":"NonNative","fhdProd":"Natural","fhdComment":null,"fhdESH":"NA","fhdBasisD":null,"fhdNMF":"no","fhdBasisDt":"19880000","fhdBasisNm":null,"fhdBasisEnt":"USFS Fremont NF","fhdBasisPrj":null,"fhdBasisMethod":null,"fhdAccess":null,"fhdBarrierFtrID":null,"fhdEndExtent":null,"Shape__Length":1482.4471924732195,"habitatType":"stream"},"id":6},
{"type":"Feature","geometry":{"type":"LineString","coordinates":[[-120.467525,42.394032],[-120.465392,42.391837],[-120.46048,42.388684],[-120.457604,42.384703],[-120.454084,42.383198],[-120.448568,42.37942],[-120.445586,42.378436],[-120.441892,42.377909],[-120.438548,42.378001],[-120.434913,42.376122],[-120.431301,42.374904],[-120.430865,42.373927],[-120.424136,42.371516],[-120.42123,42.367193],[-120.419316,42.366606],[-120.416651,42.364242],[-120.416447,42.363308],[-120.41415,42.361611],[-120.410508,42.360309],[-120.409002,42.357576],[-120.408548,42.354223],[-120.407841,42.353728],[-120.408901,42.351526],[-120.406825,42.349691],[-120.406665,42.347194],[-120.405431,42.343527]]},"properties":{"OBJECTID":7,"fhdFtrID":7,"fhdRefID":53706,"fhdRevDt":"20190125","fhdONm":"Phillip Gaines","fhdOEnt":"USFS","fhdSpNm":"Brown trout","fhdRun":"NA","fhdLifeHst":"FluvRes","fhdUseTy":"Unknown","fhdBasis":"DocObsFish","fhdStNm":"Bauers Creek","fhdGenus":"Salmo","fhdSp":"trutta","fhdSubSp":null,"fhdOrig":"NonNative","fhdProd":"Natural","fhdComment":null,"fhdESH":"NA","fhdBasisD":null,"fhdNMF":"no","fhdBasisDt":"19880000","fhdBasisNm":null,"fhdBasisEnt":"USFS Fremont NF","fhdBasisPrj":null,"fhdBasisMethod":null,"fhdAccess":null,"fhdBarrierFtrID":null,"fhdEndExtent":null,"Shape__Length":12975.36327412977,"habitatType":"stream"},"id":7},
{"type":"Feature","geometry":{"type":"LineString","coordinates":[[-120.397378,42.383298],[-120.393646,42.381818],[-120.392115,42.380434],[-120.387115,42.380125],[-120.384332,42.379391],[-120.383497,42.377176],[-120.381491,42.375634],[-120.383906,42.37077],[-120.38403,42.369238],[-120.380016,42.367505],[-120.378233,42.364117],[-120.376471,42.362365],[-120.37669,42.358934],[-120.375394,42.357698],[-120.375764,42.353992],[-120.374562,42.351933],[-120.372898,42.352003],[-120.372619,42.350354],[-120.376228,42.349324],[-120.375949,42.346373],[-120.379464,42.341501],[-120.379002,42.339856]]},"properties":{"OBJECTID":8,"fhdFtrID":8,"fhdRefID":53706,"fhdRevDt":"20190125","fhdONm":"Phillip Gaines","fhdOEnt":"USFS","fhdSpNm":"Brown trout","fhdRun":"NA","fhdLifeHst":"FluvRes","fhdUseTy":"Unknown","fhdBasis":"DocObsFish","fhdStNm":"Cox Creek","fhdGenus":"Salmo","fhdSp":"trutta","fhdSubSp":null,"fhdOrig":"NonNative","fhdProd":"Natural","fhdComment":null,"fhdESH":"NA","fhdBasisD":null,"fhdNMF":"no","fhdBasisDt":"19880000","fhdBasisNm":null,"fhdBasisEnt":"USFS Fremont NF","fhdBasisPrj":null,"fhdBasisMethod":null,"fhdAccess":null,"fhdBarrierFtrID":null,"fhdEndExtent":null,"Shape__Length":10361.606540393754,"habitatType":"stream"},"id":8},
{"type":"Feature","geometry":{"type":"LineString","coordinates":[[-120.399607,42.390466],[-120.397857,42.387307],[-120.398068,42.383811],[-120.397378,42.383298]]},"properties":{"OBJECTID":9,"fhdFtrID":9,"fhdRefID":53706,"fhdRevDt":"20190125","fhdONm":"Phillip Gaines","fhdOEnt":"USFS","fhdSpNm":"Brown trout","fhdRun":"NA","fhdLifeHst":"FluvRes","fhdUseTy":"Unknown","fhdBasis":"DocObsFish","fhdStNm":"North Fork Cox Creek","fhdGenus":"Salmo","fhdSp":"trutta","fhdSubSp":null,"fhdOrig":"NonNative","fhdProd":"Natural","fhdComment":null,"fhdESH":"NA","fhdBasisD":null,"fhdNMF":"no","fhdBasisDt":"19880000","fhdBasisNm":null,"fhdBasisEnt":"USFS Fremont NF","fhdBasisPrj":null,"fhdBasisMethod":null,"fhdAccess":null,"fhdBarrierFtrID":null,"fhdEndExtent":null,"Shape__Length":1263.2792596047068,"habitatType":"stream"},"id":9},
{"type":"Feature","geometry":{"type":"LineString","coordinates":[[-121.357689,42.650865],[-121.35592,42.650425],[-121.353129,42.648467],[-121.355166,42.647533],[-121.355221,42.645931],[-121.354039,42.645409],[-121.355114,42.643011],[-121.358631,42.641972],[-121.358578,42.639783],[-121.361277,42.639209],[-121.361493,42.637465],[-121.364293,42.635839],[-121.362526,42.633905],[-121.360538,42.630653],[-121.360811,42.629099],[-121.359927,42.62651],[-121.360551,42.624874],[-121.358583,42.620277],[-121.356394,42.618886],[-121.354631,42.618798],[-121.352552,42.617823],[-121.350459,42.61768],[-121.346884,42.616048],[-121.347805,42.614634],[-121.350416,42.612411],[-121.349011,42.606429],[-121.349697,42.603382],[-121.347925,42.600619],[-121.348941,42.598337],[-121.348549,42.597408],[-121.345489,42.5969],[-121.344891,42.594712],[-121.345056,42.589095],[-121.347628,42.586278],[-121.346679,42.584224],[-121.344783,42.583499],[-121.340831,42.580709],[-121.340149,42.57978],[-121.339317,42.575355],[-121.335329,42.572299],[-121.333342,42.57032],[-121.332097,42.568298],[-121.3302,42.568343],[-121.327532,42.565836],[-121.326692,42.5636],[-121.323473,42.561643],[-121.323854,42.560343],[-121.327456,42.556028],[-121.328928,42.555037],[-121.327992,42.552249],[-121.326318,42.551176],[-121.324898,42.54871],[-121.320254,42.547854],[-121.31886,42.548712],[-121.314311,42.548568],[-121.310171,42.548998],[-121.308913,42.548435],[-121.30873,42.54524],[-121.307399,42.544779],[-121.30716,42.542668],[-121.305654,42.541281],[-121.306282,42.537382],[-121.305778,42.534853],[-121.304669,42.53372],[-121.30459,42.529617],[-121.305623,42.525494],[-121.304806,42.52197],[-121.301695,42.519528],[-121.302285,42.518132],[-121.30467,42.517182],[-121.305368,42.514684],[-121.302769,42.513695],[-121.300853,42.51468],[-121.298054,42.513297],[-121.296916,42.510227],[-121.292955,42.506692],[-121.294145,42.504071],[-121.293201,42.502801],[-121.293656,42.498818],[-121.291977,42.496555],[-121.289459,42.495144],[-121.289306,42.49407],[-121.290834,42.492548],[-121.288621,42.490512],[-121.287017,42.491586],[-121.285108,42.491301],[-121.285644,42.489098],[-121.283202,42.486896],[-121.281676,42.486387],[-121.279004,42.486558],[-121.278777,42.484069],[-121.275876,42.483621],[-121.275648,42.481586],[-121.278626,42.480402],[-121.277177,42.479214],[-121.274659,42.478194],[-121.27596,42.473959],[-121.271154,42.470793],[-121.271231,42.470006],[-121.274362,42.468311],[-121.279627,42.468764],[-121.283519,42.467863],[-121.285655,42.46826],[-121.286114,42.467186],[-121.285352,42.464473],[-121.287248,42.460425]]},"properties":{"OBJECTID":10,"fhdFtrID":10,"fhdRefID":53684,"fhdRevDt":"20190329","fhdONm":"Peter Robinson","fhdOEnt":"ODFW","fhdSpNm":"Brown trout","fhdRun":"NA","fhdLifeHst":"FluvRes","fhdUseTy":"Unknown","fhdBasis":"UndocObsFish","fhdStNm":"Sycan River","fhdGenus":"Salmo","fhdSp":"trutta","fhdSubSp":null,"fhdOrig":"NonNative","fhdProd":"Natural","fhdComment":null,"fhdESH":"NA","fhdBasisD":null,"fhdNMF":"no","fhdBasisDt":null,"fhdBasisNm":null,"fhdBasisEnt":null,"fhdBasisPrj":null,"fhdBasisMethod":null,"fhdAccess":null,"fhdBarrierFtrID":null,"fhdEndExtent":null,"Shape__Length":43213.57667180967,"habitatType":"stream"},"id":10},
{"type":"Feature","geometry":{"type":"LineString","coordinates":[[-121.109752,42.438381],[-121.110256,42.437657],[-121.115951,42.437477],[-121.117035,42.437846],[-121.121425,42.437405],[-121.125432,42.439402],[-121.127387,42.439286],[-121.13244,42.441097],[-121.134285,42.442829],[-121.135218,42.444573],[-121.138018,42.443646],[-121.141631,42.444813],[-121.143618,42.444223],[-121.14745,42.445393],[-121.150485,42.445172],[-121.151626,42.446055],[-121.153417,42.445922],[-121.156907,42.447572],[-121.161823,42.449137],[-121.1616,42.450538],[-121.165999,42.449163],[-121.167117,42.446493],[-121.166004,42.444611],[-121.166268,42.44317],[-121.168421,42.441813],[-121.171663,42.441946],[-121.171999,42.442951],[-121.175142,42.445243],[-121.177546,42.44412],[-121.178701,42.442031],[-121.182046,42.443651],[-121.183261,42.442022],[-121.185673,42.440574],[-121.187723,42.441607],[-121.189081,42.441304],[-121.196095,42.440928],[-121.196366,42.441662],[-121.203041,42.441686],[-121.206374,42.442467],[-121.211512,42.440751],[-121.21274,42.439102],[-121.216809,42.438837],[-121.218877,42.439617],[-121.221403,42.443755],[-121.221114,42.446236],[-121.224338,42.447016],[-121.225633,42.446225],[-121.227487,42.447902],[-121.229597,42.446827],[-121.231191,42.44723],[-121.235314,42.447185],[-121.237566,42.447517],[-121.241896,42.446638],[-121.244996,42.446659],[-121.245525,42.447315],[-121.243713,42.449503],[-121.24416,42.451779],[-121.247883,42.450404],[-121.252124,42.453981],[-121.255809,42.454107],[-121.2575,42.454846],[-121.259301,42.454327],[-121.26018,42.455597],[-121.263537,42.455657],[-121.262924,42.458196],[-121.265161,42.459698],[-121.266355,42.461472],[-121.267575,42.461927],[-121.269865,42.461079],[-121.272995,42.458992],[-121.277572,42.460011],[-121.278487,42.461646],[-121.281768,42.461308],[-121.28337,42.460575],[-121.285125,42.461309],[-121.287248,42.460425],[-121.288407,42.460011],[-121.289495,42.457677],[-121.285452,42.456882],[-121.285681,42.455531],[-121.288733,42.455473],[-121.288963,42.453044],[-121.290875,42.452231],[-121.294635,42.453935],[-121.295811,42.451147],[-121.299931,42.451145],[-121.299092,42.448323],[-121.299932,42.447246],[-121.30283,42.448662],[-121.303058,42.449958],[-121.301533,42.452164],[-121.302753,42.454308],[-121.304889,42.454083],[-121.305118,42.450412],[-121.30733,42.450922],[-121.31023,42.450357],[-121.311526,42.451146],[-121.310763,42.452616],[-121.310687,42.455384],[-121.312442,42.454987],[-121.312442,42.453631],[-121.314578,42.452956],[-121.318698,42.45538],[-121.318088,42.456344],[-121.315875,42.456793],[-121.316867,42.458037],[-121.321598,42.457697],[-121.325642,42.459336],[-121.326024,42.461084],[-121.327702,42.461028],[-121.328145,42.462651],[-121.331708,42.46549],[-121.334903,42.465289],[-121.336326,42.464584],[-121.341058,42.465657],[-121.342812,42.463399],[-121.343804,42.463513],[-121.347087,42.466109],[-121.349835,42.466788],[-121.350443,42.464865],[-121.35174,42.464019],[-121.355022,42.464638],[-121.358453,42.461076],[-121.364327,42.460057],[-121.36547,42.459042],[-121.369212,42.461243],[-121.372113,42.462315],[-121.372267,42.463952],[-121.373794,42.46446],[-121.375743,42.466748],[-121.377999,42.465704],[-121.380518,42.465591],[-121.3854,42.466835],[-121.388072,42.465819],[-121.390285,42.466273],[-121.39189,42.463616],[-121.394485,42.462545],[-121.394639,42.461358],[-121.396851,42.4617],[-121.397844,42.460399],[-121.399904,42.46136],[-121.404784,42.465147],[-121.407304,42.463453],[-121.410585,42.462945],[-121.412341,42.461533],[-121.415545,42.463342],[-121.417376,42.463683],[-121.418673,42.462778],[-121.421191,42.462439],[-121.422031,42.464643],[-121.425388,42.46391],[-121.426074,42.465545],[-121.427905,42.465827],[-121.431645,42.464302],[-121.433476,42.465547],[-121.434698,42.463344],[-121.437292,42.464474],[-121.441107,42.466845],[-121.446678,42.467073],[-121.452554,42.466167],[-121.454004,42.464979],[-121.453163,42.463514],[-121.450875,42.462893],[-121.45156,42.461254],[-121.45446,42.459726],[-121.451865,42.458939],[-121.454078,42.457807],[-121.456672,42.458824],[-121.459724,42.458937],[-121.463157,42.458371],[-121.463615,42.457242],[-121.46598,42.457296],[-121.46682,42.458483],[-121.464837,42.459668],[-121.467203,42.460627],[-121.467051,42.462493],[-121.4714,42.461363],[-121.473001,42.459948],[-121.474299,42.459893],[-121.475368,42.462208],[-121.476742,42.462433],[-121.478724,42.460456],[-121.479793,42.46147],[-121.478192,42.463056],[-121.478956,42.463787],[-121.483533,42.463109],[-121.486051,42.462093],[-121.488111,42.461863],[-121.48918,42.462882],[-121.491927,42.462765],[-121.49437,42.463216],[-121.499785,42.461801],[-121.50293,42.46186],[-121.505524,42.462762],[-121.513381,42.464801],[-121.517805,42.466497],[-121.52162,42.46729],[-121.523374,42.469041],[-121.522762,42.471132],[-121.521387,42.4726],[-121.518027,42.474065],[-121.520927,42.47525],[-121.523216,42.476721],[-121.524895,42.476495],[-121.526347,42.474465],[-121.529476,42.473843],[-121.531003,42.472264],[-121.532759,42.47153],[-121.53589,42.469382],[-121.540011,42.46961],[-121.542986,42.471134],[-121.54207,42.472829],[-121.544741,42.47266],[-121.546878,42.470683],[-121.548175,42.472321],[-121.546266,42.474579],[-121.545808,42.477572],[-121.542067,42.478984],[-121.542753,42.481811],[-121.540768,42.482885],[-121.536264,42.48226],[-121.534736,42.485537],[-121.536109,42.48695],[-121.536261,42.489095],[-121.53771,42.490789],[-121.542902,42.490621],[-121.545116,42.491581],[-121.546413,42.492827],[-121.546642,42.494405],[-121.549314,42.493449],[-121.550919,42.491299],[-121.553819,42.493731],[-121.556873,42.492995],[-121.558248,42.491697],[-121.558324,42.490226],[-121.560461,42.488816],[-121.560538,42.487178],[-121.557943,42.483111],[-121.556417,42.482714],[-121.556417,42.481192],[-121.557791,42.480624],[-121.560234,42.478083],[-121.562447,42.477237],[-121.563363,42.474471],[-121.566721,42.474301],[-121.566722,42.476503],[-121.564661,42.477747],[-121.56634,42.479155],[-121.569164,42.477686],[-121.570462,42.478364],[-121.572064,42.477294],[-121.575575,42.479099],[-121.575195,42.480796],[-121.577866,42.482995],[-121.579623,42.485876],[-121.577792,42.488645],[-121.57909,42.489661],[-121.580083,42.492033],[-121.578939,42.494972],[-121.58123,42.497739],[-121.586422,42.49706],[-121.588409,42.498755],[-121.594365,42.498584],[-121.597419,42.499315],[-121.605339,42.503654],[-121.615399,42.506977],[-121.615706,42.509795],[-121.617764,42.510189],[-121.616167,42.513124],[-121.609922,42.516565],[-121.609468,42.519892],[-121.608099,42.522541],[-121.606655,42.527674],[-121.605286,42.530774],[-121.605519,42.535284],[-121.606968,42.536526],[-121.605974,42.539063],[-121.605981,42.541035],[-121.606973,42.542501],[-121.610254,42.544869],[-121.613152,42.545377],[-121.614449,42.546559],[-121.617042,42.546784],[-121.619866,42.549601],[-121.618343,42.550956],[-121.621164,42.55135],[-121.623225,42.553095],[-121.62706,42.553433],[-121.631023,42.555183],[-121.632627,42.553153],[-121.635144,42.55276],[-121.638576,42.551409],[-121.640024,42.551521],[-121.643683,42.554172],[-121.644595,42.558118],[-121.646882,42.558685],[-121.650998,42.56049],[-121.654354,42.560772],[-121.65855,42.557219],[-121.664651,42.559195],[-121.668387,42.55959],[-121.674489,42.559084],[-121.676394,42.562695],[-121.679521,42.560948],[-121.685241,42.562526],[-121.685623,42.563539],[-121.683258,42.564836],[-121.681656,42.566979],[-121.678681,42.569007],[-121.67868,42.576621],[-121.678985,42.578196],[-121.681349,42.581357],[-121.681196,42.583895],[-121.679593,42.585809],[-121.680356,42.587673],[-121.682722,42.589249],[-121.685317,42.587842],[-121.687605,42.587445],[-121.693633,42.582651],[-121.694701,42.584455],[-121.696522,42.585961],[-121.698821,42.585529],[-121.70134,42.585922],[-121.703018,42.58423],[-121.702483,42.581752],[-121.703246,42.580792],[-121.705459,42.581691],[-121.70607,42.582765],[-121.704545,42.586935],[-121.704317,42.589868],[-121.701036,42.590998],[-121.701494,42.59184],[-121.698442,42.59331],[-121.694931,42.592351],[-121.695313,42.591108],[-121.691192,42.590039],[-121.688063,42.590264],[-121.687376,42.592125],[-121.684629,42.592238],[-121.683485,42.59331],[-121.681576,42.593423],[-121.683103,42.595341],[-121.683407,42.596862],[-121.680736,42.598497],[-121.681958,42.599682],[-121.679743,42.603795],[-121.682949,42.604358],[-121.684323,42.605261],[-121.685239,42.608252],[-121.687987,42.608194],[-121.689819,42.606954],[-121.69356,42.608703],[-121.695391,42.606671],[-121.696918,42.608192],[-121.699971,42.606727],[-121.70104,42.607631],[-121.703712,42.607008],[-121.706536,42.608022],[-121.708215,42.606838],[-121.707757,42.605428],[-121.70913,42.604922],[-121.715467,42.606443],[-121.719972,42.609032],[-121.722187,42.611178],[-121.723865,42.609823],[-121.724017,42.60802],[-121.726307,42.606834],[-121.727986,42.606663],[-121.728442,42.604354],[-121.730732,42.60356],[-121.733018,42.598992],[-121.738896,42.600516],[-121.74156,42.593408],[-121.740185,42.592731],[-121.740412,42.591324],[-121.74316,42.591039],[-121.745909,42.592672],[-121.749647,42.591768],[-121.751137,42.59273],[-121.754381,42.5929],[-121.755298,42.592221],[-121.757738,42.594026],[-121.760405,42.597522],[-121.760022,42.599269],[-121.76193,42.599272],[-121.763074,42.600455],[-121.764524,42.600061],[-121.765591,42.601531],[-121.762003,42.602767],[-121.762536,42.603894],[-121.764367,42.604233],[-121.764824,42.606436],[-121.765815,42.607955],[-121.765202,42.610155],[-121.766114,42.61365],[-121.769015,42.613933],[-121.771919,42.611681],[-121.775812,42.610439],[-121.777264,42.608244],[-121.779098,42.606494],[-121.778642,42.603562],[-121.777726,42.602774],[-121.778262,42.601082],[-121.780018,42.599732],[-121.78452,42.601707],[-121.786428,42.602101],[-121.788107,42.603339],[-121.794517,42.605145],[-121.798562,42.608587],[-121.801463,42.608306],[-121.802761,42.607122],[-121.809631,42.606784],[-121.811387,42.60605],[-121.812456,42.604472],[-121.81383,42.600582],[-121.816959,42.598606],[-121.818866,42.595168],[-121.827642,42.589359],[-121.831685,42.588005],[-121.834813,42.587834],[-121.844502,42.583551],[-121.847554,42.583492],[-121.849691,42.584733],[-121.851979,42.583883],[-121.851977,42.580163],[-121.850068,42.578249],[-121.84938,42.576445],[-121.844951,42.569849],[-121.842966,42.567875],[-121.840831,42.567479],[-121.839457,42.565281],[-121.840523,42.563536],[-121.844489,42.562802],[-121.847538,42.560995],[-121.847691,42.560204],[-121.844791,42.557838],[-121.844256,42.555356],[-121.846695,42.553836],[-121.84814,42.54938],[-121.849817,42.54859],[-121.852258,42.548646],[-121.856301,42.55101],[-121.856151,42.554566],[-121.858441,42.556201],[-121.86012,42.558172],[-121.86058,42.561328],[-121.862412,42.563076],[-121.864247,42.566629],[-121.866231,42.568148],[-121.870352,42.569557],[-121.873289,42.571657]]},"properties":{"OBJECTID":11,"fhdFtrID":11,"fhdRefID":53684,"fhdRevDt":"20190329","fhdONm":"Peter Robinson","fhdOEnt":"ODFW","fhdSpNm":"Brown trout","fhdRun":"NA","fhdLifeHst":"FluvRes","fhdUseTy":"Unknown","fhdBasis":"UndocObsFish","fhdStNm":"Sprague River","fhdGenus":"Salmo","fhdSp":"trutta","fhdSubSp":null,"fhdOrig":"NonNative","fhdProd":"Natural","fhdComment":null,"fhdESH":"NA","fhdBasisD":null,"fhdNMF":"no","fhdBasisDt":null,"fhdBasisNm":null,"fhdBasisEnt":null,"fhdBasisPrj":null,"fhdBasisMethod":null,"fhdAccess":null,"fhdBarrierFtrID":null,"fhdEndExtent":null,"Shape__Length":187041.85681140714,"habitatType":"stream"},"id":11},
{"type":"Feature","geometry":{"type":"LineString","coordinates":[[-120.818112,42.37655],[-120.818671,42.374283],[-120.819597,42.37353],[-120.823301,42.372777],[-120.826352,42.374906],[-120.829037,42.375664],[-120.831537,42.374221],[-120.834684,42.374838],[-120.837924,42.374706],[-120.839681,42.375869],[-120.84357,42.373606],[-120.847827,42.375532],[-120.847085,42.378823],[-120.848287,42.379854],[-120.853657,42.38013],[-120.856063,42.379171],[-120.857544,42.380131],[-120.864765,42.382396],[-120.86569,42.383359],[-120.869116,42.383562],[-120.870226,42.385964],[-120.875504,42.385761],[-120.879299,42.384525],[-120.882261,42.384454],[-120.885595,42.385484],[-120.89004,42.387475],[-120.894853,42.387473],[-120.896243,42.388089],[-120.898094,42.387474],[-120.901428,42.387679],[-120.908556,42.389183],[-120.910965,42.390281],[-120.913094,42.390283],[-120.914115,42.39172],[-120.915134,42.394053],[-120.918006,42.395222],[-120.92208,42.39522],[-120.924487,42.39412],[-120.929024,42.393157],[-120.930411,42.392061],[-120.93152,42.390068],[-120.933555,42.388079],[-120.934108,42.386085],[-120.935866,42.384234],[-120.939011,42.383543],[-120.941417,42.381826],[-120.943269,42.381346],[-120.944376,42.3797],[-120.944003,42.377298],[-120.945576,42.376268],[-120.948909,42.376265],[-120.952699,42.373518],[-120.95372,42.374545],[-120.956589,42.374956],[-120.958994,42.373104],[-120.960381,42.371318],[-120.96084,42.369395],[-120.962413,42.368846],[-120.964637,42.370696],[-120.965841,42.370969],[-120.966491,42.372751],[-120.970103,42.373918],[-120.969923,42.377211],[-120.973418,42.378961],[-120.975202,42.380902],[-120.979413,42.383308],[-120.978842,42.385008],[-120.979272,42.387208],[-120.976491,42.388283],[-120.977186,42.390237],[-120.98164,42.393136],[-120.984847,42.393049],[-120.986891,42.395237],[-120.992268,42.398457],[-120.995854,42.399537],[-120.996059,42.400738],[-120.999409,42.402382],[-121.001319,42.404603],[-121.004957,42.406],[-121.006156,42.408037],[-121.009407,42.408599],[-121.01428,42.412465],[-121.017229,42.413354],[-121.017518,42.415367]]},"properties":{"OBJECTID":12,"fhdFtrID":12,"fhdRefID":53684,"fhdRevDt":"20190329","fhdONm":"Peter Robinson","fhdOEnt":"ODFW","fhdSpNm":"Brown trout","fhdRun":"NA","fhdLifeHst":"FluvRes","fhdUseTy":"Unknown","fhdBasis":"UndocObsFish","fhdStNm":"South Fork Sprague River","fhdGenus":"Salmo","fhdSp":"trutta","fhdSubSp":null,"fhdOrig":"NonNative","fhdProd":"Natural","fhdComment":null,"fhdESH":"NA","fhdBasisD":null,"fhdNMF":"no","fhdBasisDt":null,"fhdBasisNm":null,"fhdBasisEnt":null,"fhdBasisPrj":null,"fhdBasisMethod":null,"fhdAccess":null,"fhdBarrierFtrID":null,"fhdEndExtent":null,"Shape__Length":36298.127502665986,"habitatType":"stream"},"id":12},
{"type":"Feature","geometry":{"type":"LineString","coordinates":[[-120.775356,42.475336],[-120.773782,42.474648],[-120.772395,42.471559],[-120.770176,42.468743],[-120.771294,42.466207],[-120.776121,42.463464],[-120.776772,42.461887],[-120.775941,42.459485],[-120.777149,42.458319],[-120.77956,42.457565],[-120.782344,42.454755],[-120.782905,42.453109],[-120.784854,42.45167],[-120.787449,42.451121],[-120.788657,42.449821],[-120.794315,42.446463],[-120.794316,42.44495],[-120.797193,42.442416],[-120.798124,42.440493],[-120.798593,42.436036],[-120.799335,42.435348],[-120.798504,42.433152],[-120.798599,42.431299],[-120.799991,42.430475],[-120.801107,42.427525],[-120.796754,42.426014],[-120.794066,42.426426],[-120.791472,42.426011],[-120.790453,42.426626],[-120.786934,42.426279],[-120.78304,42.427307],[-120.78128,42.427304],[-120.779338,42.425587],[-120.779156,42.423598],[-120.777862,42.421538],[-120.779347,42.420031],[-120.780736,42.419963],[-120.785187,42.418181],[-120.78917,42.417844],[-120.790468,42.416676],[-120.792049,42.413041],[-120.793904,42.410915],[-120.791411,42.40618],[-120.792709,42.404327],[-120.794749,42.403367],[-120.796512,42.401172],[-120.7967,42.399663],[-120.797997,42.398292],[-120.799019,42.395065],[-120.800595,42.394037],[-120.80069,42.392801],[-120.80208,42.391364],[-120.802733,42.388207],[-120.801345,42.386627],[-120.803572,42.38354],[-120.809774,42.384163],[-120.813015,42.383203],[-120.814497,42.382245],[-120.817185,42.379086],[-120.818112,42.37655]]},"properties":{"OBJECTID":13,"fhdFtrID":12,"fhdRefID":53706,"fhdRevDt":"20190328","fhdONm":"Phillip Gaines","fhdOEnt":"USFS","fhdSpNm":"Brown trout","fhdRun":"NA","fhdLifeHst":"FluvRes","fhdUseTy":"Unknown","fhdBasis":"DocObsFish","fhdStNm":"South Fork Sprague River","fhdGenus":"Salmo","fhdSp":"trutta","fhdSubSp":null,"fhdOrig":"NonNative","fhdProd":"Natural","fhdComment":null,"fhdESH":"NA","fhdBasisD":null,"fhdNMF":"no","fhdBasisDt":null,"fhdBasisNm":null,"fhdBasisEnt":null,"fhdBasisPrj":null,"fhdBasisMethod":null,"fhdAccess":null,"fhdBarrierFtrID":null,"fhdEndExtent":null,"Shape__Length":23629.77920575546,"habitatType":"stream"},"id":13},
{"type":"Feature","geometry":{"type":"LineString","coordinates":[[-120.914115,42.39172],[-120.913189,42.392203],[-120.909484,42.391519],[-120.906986,42.393441],[-120.904024,42.394949],[-120.901246,42.394885],[-120.899857,42.395431],[-120.893284,42.400237],[-120.891061,42.402915],[-120.887358,42.405657],[-120.887637,42.408062],[-120.886525,42.409572],[-120.884579,42.410532],[-120.88282,42.412386],[-120.879764,42.412108],[-120.874021,42.410804],[-120.870316,42.411082],[-120.868093,42.413274],[-120.864109,42.414992],[-120.859015,42.418283],[-120.856791,42.421096],[-120.854937,42.421921],[-120.848544,42.422193],[-120.846413,42.423909],[-120.844375,42.423632],[-120.840391,42.425417],[-120.839556,42.427752],[-120.837609,42.429467],[-120.836494,42.431526],[-120.835936,42.434681],[-120.836676,42.438319],[-120.837694,42.440513],[-120.836951,42.441886],[-120.837133,42.444082],[-120.839727,42.447787],[-120.842136,42.449229],[-120.844544,42.452457],[-120.847137,42.45383],[-120.849269,42.45781],[-120.852234,42.460626],[-120.854085,42.464397],[-120.854362,42.466456]]},"properties":{"OBJECTID":14,"fhdFtrID":13,"fhdRefID":53706,"fhdRevDt":"20190329","fhdONm":"Phillip Gaines","fhdOEnt":"USFS","fhdSpNm":"Brown trout","fhdRun":"NA","fhdLifeHst":"FluvRes","fhdUseTy":"Unknown","fhdBasis":"DocObsFish","fhdStNm":"Brownsworth Creek","fhdGenus":"Salmo","fhdSp":"trutta","fhdSubSp":null,"fhdOrig":"NonNative","fhdProd":"Natural","fhdComment":null,"fhdESH":"NA","fhdBasisD":null,"fhdNMF":"no","fhdBasisDt":null,"fhdBasisNm":null,"fhdBasisEnt":null,"fhdBasisPrj":null,"fhdBasisMethod":null,"fhdAccess":null,"fhdBarrierFtrID":null,"fhdEndExtent":null,"Shape__Length":18569.33826104701,"habitatType":"stream"},"id":14},
{"type":"Feature","geometry":{"type":"LineString","coordinates":[[-120.858736,42.45729],[-120.855851,42.453899],[-120.855204,42.452117],[-120.852794,42.450604],[-120.850015,42.445594],[-120.850664,42.443743],[-120.852705,42.441615],[-120.853355,42.440038],[-120.852243,42.438391],[-120.852799,42.436745],[-120.85243,42.434752],[-120.855303,42.433176],[-120.856602,42.430566],[-120.860401,42.429953],[-120.863459,42.427552],[-120.862811,42.42405],[-120.868278,42.419865],[-120.868279,42.417808],[-120.867074,42.41561],[-120.868093,42.413274]]},"properties":{"OBJECTID":15,"fhdFtrID":14,"fhdRefID":53706,"fhdRevDt":"20190329","fhdONm":"Phillip Gaines","fhdOEnt":"USFS","fhdSpNm":"Brown trout","fhdRun":"NA","fhdLifeHst":"FluvRes","fhdUseTy":"Unknown","fhdBasis":"DocObsFish","fhdStNm":"Leonard Creek","fhdGenus":"Salmo","fhdSp":"trutta","fhdSubSp":null,"fhdOrig":"NonNative","fhdProd":"Natural","fhdComment":null,"fhdESH":"NA","fhdBasisD":null,"fhdNMF":"no","fhdBasisDt":null,"fhdBasisNm":null,"fhdBasisEnt":null,"fhdBasisPrj":null,"fhdBasisMethod":null,"fhdAccess":null,"fhdBarrierFtrID":null,"fhdEndExtent":null,"Shape__Length":8375.088526301754,"habitatType":"stream"},"id":15},
{"type":"Feature","geometry":{"type":"LineString","coordinates":[[-120.862901,42.434945],[-120.865495,42.430363],[-120.863459,42.427552]]},"properties":{"OBJECTID":16,"fhdFtrID":15,"fhdRefID":53580,"fhdRevDt":"20190329","fhdONm":"Jay Stevens","fhdOEnt":"BLM","fhdSpNm":"Brown trout","fhdRun":"NA","fhdLifeHst":"FluvRes","fhdUseTy":"Unknown","fhdBasis":"UndocObsFish","fhdStNm":"Unnamed trib to Leonard Creek","fhdGenus":"Salmo","fhdSp":"trutta","fhdSubSp":null,"fhdOrig":"NonNative","fhdProd":"Natural","fhdComment":null,"fhdESH":"NA","fhdBasisD":null,"fhdNMF":"no","fhdBasisDt":null,"fhdBasisNm":null,"fhdBasisEnt":null,"fhdBasisPrj":null,"fhdBasisMethod":null,"fhdAccess":null,"fhdBarrierFtrID":null,"fhdEndExtent":null,"Shape__Length":1339.3633036631513,"habitatType":"stream"},"id":16},
{"type":"Feature","geometry":{"type":"LineString","coordinates":[[-120.895641,42.413015],[-120.89337,42.411306],[-120.892016,42.411479],[-120.889523,42.410434],[-120.887637,42.408062]]},"properties":{"OBJECTID":17,"fhdFtrID":16,"fhdRefID":53580,"fhdRevDt":"20190329","fhdONm":"Jay Stevens","fhdOEnt":"BLM","fhdSpNm":"Brown trout","fhdRun":"NA","fhdLifeHst":"FluvRes","fhdUseTy":"Unknown","fhdBasis":"UndocObsFish","fhdStNm":"Unnamed trib to Brownsworth Creek","fhdGenus":"Salmo","fhdSp":"trutta","fhdSubSp":null,"fhdOrig":"NonNative","fhdProd":"Natural","fhdComment":null,"fhdESH":"NA","fhdBasisD":null,"fhdNMF":"no","fhdBasisDt":null,"fhdBasisNm":null,"fhdBasisEnt":null,"fhdBasisPrj":null,"fhdBasisMethod":null,"fhdAccess":null,"fhdBarrierFtrID":null,"fhdEndExtent":null,"Shape__Length":1387.6838342838448,"habitatType":"stream"},"id":17},
{"type":"Feature","geometry":{"type":"LineString","coordinates":[[-120.818112,42.37655],[-120.814872,42.378538],[-120.813019,42.378741],[-120.808578,42.377575],[-120.806358,42.376133],[-120.804043,42.376678],[-120.801455,42.374206],[-120.801271,42.372149],[-120.80109,42.370777],[-120.798499,42.369948],[-120.794703,42.36988],[-120.79304,42.368092],[-120.79082,42.36768],[-120.788602,42.365894],[-120.785642,42.364932],[-120.783975,42.364999],[-120.780556,42.362663],[-120.778981,42.362525],[-120.77732,42.360736],[-120.769916,42.361214],[-120.763441,42.360588],[-120.762086,42.359822]]},"properties":{"OBJECTID":18,"fhdFtrID":17,"fhdRefID":53580,"fhdRevDt":"20190329","fhdONm":"Jay Stevens","fhdOEnt":"BLM","fhdSpNm":"Brown trout","fhdRun":"NA","fhdLifeHst":"FluvRes","fhdUseTy":"Unknown","fhdBasis":"UndocObsFish","fhdStNm":"Whitworth Creek","fhdGenus":"Salmo","fhdSp":"trutta","fhdSubSp":null,"fhdOrig":"NonNative","fhdProd":"Natural","fhdComment":null,"fhdESH":"NA","fhdBasisD":null,"fhdNMF":"no","fhdBasisDt":null,"fhdBasisNm":null,"fhdBasisEnt":null,"fhdBasisPrj":null,"fhdBasisMethod":null,"fhdAccess":null,"fhdBarrierFtrID":null,"fhdEndExtent":null,"Shape__Length":8566.46683077226,"habitatType":"stream"},"id":18},
{"type":"Feature","geometry":{"type":"LineString","coordinates":[[-120.792777,42.374742],[-120.794976,42.374613],[-120.798219,42.372352],[-120.801271,42.372149]]},"properties":{"OBJECTID":19,"fhdFtrID":18,"fhdRefID":53580,"fhdRevDt":"20190329","fhdONm":"Jay Stevens","fhdOEnt":"BLM","fhdSpNm":"Brown trout","fhdRun":"NA","fhdLifeHst":"FluvRes","fhdUseTy":"Unknown","fhdBasis":"UndocObsFish","fhdStNm":"Pothole Creek","fhdGenus":"Salmo","fhdSp":"trutta","fhdSubSp":null,"fhdOrig":"NonNative","fhdProd":"Natural","fhdComment":null,"fhdESH":"NA","fhdBasisD":null,"fhdNMF":"no","fhdBasisDt":null,"fhdBasisNm":null,"fhdBasisEnt":null,"fhdBasisPrj":null,"fhdBasisMethod":null,"fhdAccess":null,"fhdBarrierFtrID":null,"fhdEndExtent":null,"Shape__Length":1209.0355629420173,"habitatType":"stream"},"id":19},
{"type":"Feature","geometry":{"type":"LineString","coordinates":[[-120.981175,42.320799],[-120.984531,42.320652],[-120.987219,42.322915],[-120.989632,42.327302],[-120.989172,42.328879],[-120.989639,42.330869],[-120.991122,42.332381],[-120.99464,42.334432],[-120.995204,42.337657],[-120.99826,42.340196],[-120.999561,42.342254],[-120.999657,42.343967],[-121.001547,42.345959],[-121.001637,42.347262],[-121.000504,42.350002],[-120.998935,42.351794],[-120.999123,42.353508],[-121.00236,42.355838],[-121.004765,42.356115],[-121.008925,42.357358],[-121.013551,42.357294],[-121.021135,42.360181],[-121.022792,42.364095],[-121.022512,42.365946],[-121.023431,42.369244],[-121.023613,42.371507],[-121.029066,42.375352],[-121.031749,42.376456],[-121.033134,42.37879],[-121.032019,42.381054],[-121.032202,42.382358],[-121.030439,42.384688],[-121.030807,42.387022],[-121.029877,42.38901],[-121.030334,42.391895],[-121.032461,42.393336],[-121.031997,42.394778]]},"properties":{"OBJECTID":20,"fhdFtrID":19,"fhdRefID":53580,"fhdRevDt":"20190329","fhdONm":"Jay Stevens","fhdOEnt":"BLM","fhdSpNm":"Brown trout","fhdRun":"NA","fhdLifeHst":"FluvRes","fhdUseTy":"Unknown","fhdBasis":"UndocObsFish","fhdStNm":"Fishhole Creek","fhdGenus":"Salmo","fhdSp":"trutta","fhdSubSp":null,"fhdOrig":"NonNative","fhdProd":"Natural","fhdComment":null,"fhdESH":"NA","fhdBasisD":null,"fhdNMF":"no","fhdBasisDt":null,"fhdBasisNm":null,"fhdBasisEnt":null,"fhdBasisPrj":null,"fhdBasisMethod":null,"fhdAccess":null,"fhdBarrierFtrID":null,"fhdEndExtent":null,"Shape__Length":15455.240011409078,"habitatType":"stream"},"id":20},
{"type":"Feature","geometry":{"type":"LineString","coordinates":[[-121.109752,42.438381],[-121.107154,42.438926],[-121.105589,42.437603],[-121.102276,42.437413],[-121.100338,42.438786],[-121.098339,42.438537],[-121.096416,42.439396],[-121.093029,42.439909],[-121.089878,42.437315],[-121.086647,42.435587],[-121.082079,42.432295],[-121.081529,42.431205],[-121.076213,42.427334],[-121.074333,42.427008],[-121.066027,42.423572],[-121.063363,42.422842],[-121.056327,42.42004],[-121.047759,42.418813],[-121.035865,42.41813],[-121.033929,42.419276],[-121.029564,42.419633],[-121.028511,42.420183],[-121.025972,42.418972],[-121.024685,42.419621],[-121.020362,42.418738],[-121.018607,42.417667],[-121.017518,42.415367]]},"properties":{"OBJECTID":21,"fhdFtrID":20,"fhdRefID":53580,"fhdRevDt":"20190329","fhdONm":"Jay Stevens","fhdOEnt":"BLM","fhdSpNm":"Brown trout","fhdRun":"NA","fhdLifeHst":"FluvRes","fhdUseTy":"Unknown","fhdBasis":"UndocObsFish","fhdStNm":"South Fork Sprague River","fhdGenus":"Salmo","fhdSp":"trutta","fhdSubSp":null,"fhdOrig":"NonNative","fhdProd":"Natural","fhdComment":null,"fhdESH":"NA","fhdBasisD":null,"fhdNMF":"no","fhdBasisDt":null,"fhdBasisNm":null,"fhdBasisEnt":null,"fhdBasisPrj":null,"fhdBasisMethod":null,"fhdAccess":null,"fhdBarrierFtrID":null,"fhdEndExtent":null,"Shape__Length":12446.459047581391,"habitatType":"stream"},"id":21},
{"type":"Feature","geometry":{"type":"LineString","coordinates":[[-120.905171,42.468995],[-120.906192,42.468239],[-120.909433,42.463917],[-120.911286,42.462267],[-120.914809,42.459936],[-120.91898,42.460277],[-120.924171,42.45952],[-120.929735,42.460409],[-120.931031,42.459446],[-120.934368,42.459034],[-120.941687,42.454568],[-120.942708,42.454843],[-120.947802,42.452575],[-120.949286,42.452642]]},"properties":{"OBJECTID":22,"fhdFtrID":21,"fhdRefID":53706,"fhdRevDt":"20190329","fhdONm":"Phillip Gaines","fhdOEnt":"USFS","fhdSpNm":"Brown trout","fhdRun":"NA","fhdLifeHst":"FluvRes","fhdUseTy":"Unknown","fhdBasis":"DocObsFish","fhdStNm":"Deming Creek","fhdGenus":"Salmo","fhdSp":"trutta","fhdSubSp":null,"fhdOrig":"NonNative","fhdProd":"Natural","fhdComment":null,"fhdESH":"NA","fhdBasisD":null,"fhdNMF":"no","fhdBasisDt":null,"fhdBasisNm":null,"fhdBasisEnt":null,"fhdBasisPrj":null,"fhdBasisMethod":null,"fhdAccess":null,"fhdBarrierFtrID":null,"fhdEndExtent":null,"Shape__Length":6347.579541882869,"habitatType":"stream"},"id":22},
{"type":"Feature","geometry":{"type":"LineString","coordinates":[[-120.952092,42.517009],[-120.958369,42.512835],[-120.960859,42.509961],[-120.964089,42.508389],[-120.965656,42.506746],[-120.971473,42.505305],[-120.976276,42.505165],[-120.982739,42.503041],[-120.986339,42.502902],[-120.988462,42.501395],[-120.993634,42.500841],[-120.994924,42.500229],[-120.996747,42.49796],[-120.998971,42.49686],[-121.005105,42.497413],[-121.007056,42.496658],[-121.010856,42.497693]]},"properties":{"OBJECTID":23,"fhdFtrID":22,"fhdRefID":53706,"fhdRevDt":"20190329","fhdONm":"Phillip Gaines","fhdOEnt":"USFS","fhdSpNm":"Brown trout","fhdRun":"NA","fhdLifeHst":"FluvRes","fhdUseTy":"Unknown","fhdBasis":"DocObsFish","fhdStNm":"North Fork Sprague River","fhdGenus":"Salmo","fhdSp":"trutta","fhdSubSp":null,"fhdOrig":"NonNative","fhdProd":"Natural","fhdComment":null,"fhdESH":"NA","fhdBasisD":null,"fhdNMF":"no","fhdBasisDt":null,"fhdBasisNm":null,"fhdBasisEnt":null,"fhdBasisPrj":null,"fhdBasisMethod":null,"fhdAccess":null,"fhdBarrierFtrID":null,"fhdEndExtent":null,"Shape__Length":8086.216178133662,"habitatType":"stream"},"id":23},
{"type":"Feature","geometry":{"type":"LineString","coordinates":[[-120.910563,42.492255],[-120.91251,42.492052],[-120.917429,42.49541],[-120.92012,42.499048],[-120.921404,42.49994],[-120.919468,42.503836],[-120.920301,42.506089],[-120.923076,42.508891],[-120.923723,42.510874],[-120.926314,42.514699],[-120.929736,42.517566],[-120.934078,42.518933],[-120.938049,42.517838],[-120.947378,42.515781],[-120.952092,42.517009]]},"properties":{"OBJECTID":24,"fhdFtrID":23,"fhdRefID":53706,"fhdRevDt":"20190329","fhdONm":"Phillip Gaines","fhdOEnt":"USFS","fhdSpNm":"Brown trout","fhdRun":"NA","fhdLifeHst":"FluvRes","fhdUseTy":"Unknown","fhdBasis":"DocObsFish","fhdStNm":"Boulder Creek","fhdGenus":"Salmo","fhdSp":"trutta","fhdSubSp":null,"fhdOrig":"NonNative","fhdProd":"Natural","fhdComment":null,"fhdESH":"NA","fhdBasisD":null,"fhdNMF":"no","fhdBasisDt":null,"fhdBasisNm":null,"fhdBasisEnt":null,"fhdBasisPrj":null,"fhdBasisMethod":null,"fhdAccess":null,"fhdBarrierFtrID":null,"fhdEndExtent":null,"Shape__Length":7722.012353930184,"habitatType":"stream"},"id":24},
{"type":"Feature","geometry":{"type":"LineString","coordinates":[[-120.938049,42.517838],[-120.938053,42.520571],[-120.935929,42.521118],[-120.934268,42.522417],[-120.931681,42.522964],[-120.926969,42.523514],[-120.923734,42.521942],[-120.921701,42.521879],[-120.919667,42.521058]]},"properties":{"OBJECTID":25,"fhdFtrID":24,"fhdRefID":53706,"fhdRevDt":"20190329","fhdONm":"Phillip Gaines","fhdOEnt":"USFS","fhdSpNm":"Brown trout","fhdRun":"NA","fhdLifeHst":"FluvRes","fhdUseTy":"Unknown","fhdBasis":"DocObsFish","fhdStNm":"Unnamed trib to Boulder Creek","fhdGenus":"Salmo","fhdSp":"trutta","fhdSubSp":null,"fhdOrig":"NonNative","fhdProd":"Natural","fhdComment":null,"fhdESH":"NA","fhdBasisD":null,"fhdNMF":"no","fhdBasisDt":null,"fhdBasisNm":null,"fhdBasisEnt":null,"fhdBasisPrj":null,"fhdBasisMethod":null,"fhdAccess":null,"fhdBarrierFtrID":null,"fhdEndExtent":null,"Shape__Length":2759.595184626268,"habitatType":"stream"},"id":25},
{"type":"Feature","geometry":{"type":"LineString","coordinates":[[-120.931681,42.522964],[-120.930481,42.523924],[-120.929468,42.526999],[-120.927344,42.528163],[-120.925681,42.529939],[-120.923559,42.533493],[-120.921711,42.534113]]},"properties":{"OBJECTID":26,"fhdFtrID":25,"fhdRefID":53706,"fhdRevDt":"20190329","fhdONm":"Phillip Gaines","fhdOEnt":"USFS","fhdSpNm":"Brown trout","fhdRun":"NA","fhdLifeHst":"FluvRes","fhdUseTy":"Unknown","fhdBasis":"DocObsFish","fhdStNm":"Unnamed trib to Boulder Creek","fhdGenus":"Salmo","fhdSp":"trutta","fhdSubSp":null,"fhdOrig":"NonNative","fhdProd":"Natural","fhdComment":null,"fhdESH":"NA","fhdBasisD":null,"fhdNMF":"no","fhdBasisDt":null,"fhdBasisNm":null,"fhdBasisEnt":null,"fhdBasisPrj":null,"fhdBasisMethod":null,"fhdAccess":null,"fhdBarrierFtrID":null,"fhdEndExtent":null,"Shape__Length":2165.5170718838176,"habitatType":"stream"},"id":26},
{"type":"Feature","geometry":{"type":"LineString","coordinates":[[-120.840088,42.565821],[-120.843236,42.566098],[-120.84379,42.567878],[-120.842679,42.569447],[-120.843603,42.571225],[-120.844988,42.576217],[-120.843969,42.577855],[-120.841193,42.580657],[-120.84147,42.581955],[-120.837861,42.583049],[-120.836104,42.584618],[-120.835548,42.58653],[-120.836843,42.587762],[-120.836933,42.590429],[-120.838135,42.591383],[-120.837764,42.592957],[-120.839518,42.596786],[-120.842662,42.599245],[-120.842754,42.601435],[-120.847933,42.604851],[-120.849969,42.604578],[-120.852282,42.605676],[-120.854133,42.605467],[-120.855612,42.606972],[-120.863108,42.607657],[-120.864033,42.606904],[-120.867734,42.607725],[-120.869123,42.606292],[-120.872639,42.605677],[-120.876617,42.603968],[-120.878098,42.601438],[-120.883927,42.604855],[-120.88587,42.601915],[-120.886055,42.600415],[-120.885036,42.599185],[-120.885962,42.595766],[-120.888736,42.594534],[-120.885682,42.592825],[-120.883834,42.59303],[-120.881244,42.594468],[-120.879208,42.594466],[-120.877819,42.593441],[-120.878005,42.591868],[-120.876711,42.589615],[-120.877543,42.587632]]},"properties":{"OBJECTID":27,"fhdFtrID":26,"fhdRefID":53706,"fhdRevDt":"20190329","fhdONm":"Phillip Gaines","fhdOEnt":"USFS","fhdSpNm":"Brown trout","fhdRun":"NA","fhdLifeHst":"FluvRes","fhdUseTy":"Unknown","fhdBasis":"DocObsFish","fhdStNm":"North Fork Sprague River","fhdGenus":"Salmo","fhdSp":"trutta","fhdSubSp":null,"fhdOrig":"NonNative","fhdProd":"Natural","fhdComment":null,"fhdESH":"NA","fhdBasisD":null,"fhdNMF":"no","fhdBasisDt":null,"fhdBasisNm":null,"fhdBasisEnt":null,"fhdBasisPrj":null,"fhdBasisMethod":null,"fhdAccess":null,"fhdBarrierFtrID":null,"fhdEndExtent":null,"Shape__Length":19292.840643238615,"habitatType":"stream"},"id":27},
{"type":"Feature","geometry":{"type":"LineString","coordinates":[[-120.894562,42.588657],[-120.890769,42.587768],[-120.885867,42.587498],[-120.881519,42.586539],[-120.880872,42.585991]]},"properties":{"OBJECTID":28,"fhdFtrID":27,"fhdRefID":53706,"fhdRevDt":"20190329","fhdONm":"Phillip Gaines","fhdOEnt":"USFS","fhdSpNm":"Brown trout","fhdRun":"NA","fhdLifeHst":"FluvRes","fhdUseTy":"Unknown","fhdBasis":"DocObsFish","fhdStNm":"Cold Creek","fhdGenus":"Salmo","fhdSp":"trutta","fhdSubSp":null,"fhdOrig":"NonNative","fhdProd":"Natural","fhdComment":null,"fhdESH":"NA","fhdBasisD":null,"fhdNMF":"no","fhdBasisDt":null,"fhdBasisNm":null,"fhdBasisEnt":null,"fhdBasisPrj":null,"fhdBasisMethod":null,"fhdAccess":null,"fhdBarrierFtrID":null,"fhdEndExtent":null,"Shape__Length":1640.6727638633508,"habitatType":"stream"},"id":28},
{"type":"Feature","geometry":{"type":"LineString","coordinates":[[-120.906037,42.594325],[-120.903352,42.593438],[-120.899931,42.593097],[-120.894933,42.591051],[-120.894562,42.588657]]},"properties":{"OBJECTID":29,"fhdFtrID":28,"fhdRefID":53706,"fhdRevDt":"20190329","fhdONm":"Phillip Gaines","fhdOEnt":"USFS","fhdSpNm":"Brown trout","fhdRun":"NA","fhdLifeHst":"FluvRes","fhdUseTy":"Unknown","fhdBasis":"DocObsFish","fhdStNm":"Unnamed trib to Cold Creek","fhdGenus":"Salmo","fhdSp":"trutta","fhdSubSp":null,"fhdOrig":"NonNative","fhdProd":"Natural","fhdComment":null,"fhdESH":"NA","fhdBasisD":null,"fhdNMF":"no","fhdBasisDt":null,"fhdBasisNm":null,"fhdBasisEnt":null,"fhdBasisPrj":null,"fhdBasisMethod":null,"fhdAccess":null,"fhdBarrierFtrID":null,"fhdEndExtent":null,"Shape__Length":1841.6694072830983,"habitatType":"stream"},"id":29},
{"type":"Feature","geometry":{"type":"LineString","coordinates":[[-120.918319,42.68973],[-120.92147,42.690138],[-120.921934,42.690822],[-120.926012,42.69123],[-120.927312,42.694373],[-120.930836,42.696148],[-120.934917,42.699837],[-120.938624,42.699355],[-120.940296,42.70332]]},"properties":{"OBJECTID":30,"fhdFtrID":29,"fhdRefID":53706,"fhdRevDt":"20190329","fhdONm":"Phillip Gaines","fhdOEnt":"USFS","fhdSpNm":"Brown trout","fhdRun":"NA","fhdLifeHst":"FluvRes","fhdUseTy":"Unknown","fhdBasis":"DocObsFish","fhdStNm":"Sycan River","fhdGenus":"Salmo","fhdSp":"trutta","fhdSubSp":null,"fhdOrig":"NonNative","fhdProd":"Natural","fhdComment":null,"fhdESH":"NA","fhdBasisD":null,"fhdNMF":"no","fhdBasisDt":null,"fhdBasisNm":null,"fhdBasisEnt":null,"fhdBasisPrj":null,"fhdBasisMethod":null,"fhdAccess":null,"fhdBarrierFtrID":null,"fhdEndExtent":null,"Shape__Length":3946.4204993396156,"habitatType":"stream"},"id":30},
{"type":"Feature","geometry":{"type":"LineString","coordinates":[[-121.156013,42.731879],[-121.15736,42.730937],[-121.157978,42.729038],[-121.159489,42.727099],[-121.159941,42.725044],[-121.161397,42.724536],[-121.163725,42.722637],[-121.165234,42.722537],[-121.167467,42.718871],[-121.171442,42.71672],[-121.17321,42.715229],[-121.17548,42.714818],[-121.183802,42.716196],[-121.187259,42.716242],[-121.186606,42.71339],[-121.187014,42.711738],[-121.189681,42.710425],[-121.193733,42.710084],[-121.194497,42.707155],[-121.196178,42.705012],[-121.193501,42.703321],[-121.193273,42.70006],[-121.195181,42.698584],[-121.196939,42.698585],[-121.199309,42.696835],[-121.198696,42.695033],[-121.199922,42.692256],[-121.203128,42.692324],[-121.204931,42.69378],[-121.206416,42.693394],[-121.207331,42.690522],[-121.213065,42.691197],[-121.214988,42.690709],[-121.215279,42.688039],[-121.217113,42.687414],[-121.218491,42.689444],[-121.217651,42.691363],[-121.21964,42.693055],[-121.223192,42.693007],[-121.225522,42.691841],[-121.229501,42.688295],[-121.230935,42.68816],[-121.235012,42.691843],[-121.236707,42.692446],[-121.238755,42.691604],[-121.237612,42.689695],[-121.238058,42.688108],[-121.240914,42.68803],[-121.243263,42.688521],[-121.244171,42.687913],[-121.242562,42.684417],[-121.244547,42.682557],[-121.249074,42.682096],[-121.250227,42.684205],[-121.252312,42.684247],[-121.255522,42.685489],[-121.258313,42.685788],[-121.258722,42.688172],[-121.260249,42.691194],[-121.261547,42.691501],[-121.263907,42.690466],[-121.2645,42.693266],[-121.266804,42.695156],[-121.270324,42.694561],[-121.272728,42.695921],[-121.273373,42.693788],[-121.271984,42.691506],[-121.270672,42.690838],[-121.2698,42.687934],[-121.270655,42.687047],[-121.273942,42.686943],[-121.276818,42.687986],[-121.278721,42.687582],[-121.280394,42.684473],[-121.283891,42.683355],[-121.285101,42.682401],[-121.285219,42.679008],[-121.28973,42.675644],[-121.290151,42.674525],[-121.288759,42.671415],[-121.289007,42.670392],[-121.294191,42.667813],[-121.297623,42.667684],[-121.304567,42.669912],[-121.30555,42.664748],[-121.30666,42.664306],[-121.31109,42.664263],[-121.313535,42.66049],[-121.318665,42.658953],[-121.322556,42.659893],[-121.324401,42.657056],[-121.330277,42.658592],[-121.333577,42.657478],[-121.338833,42.659869],[-121.340357,42.6599],[-121.340841,42.657781],[-121.342836,42.657531],[-121.346586,42.659215],[-121.348382,42.659565],[-121.353366,42.658881],[-121.355348,42.657774],[-121.356713,42.655507],[-121.356873,42.653123],[-121.357689,42.650865]]},"properties":{"OBJECTID":31,"fhdFtrID":30,"fhdRefID":53706,"fhdRevDt":"20190329","fhdONm":"Phillip Gaines","fhdOEnt":"USFS","fhdSpNm":"Brown trout","fhdRun":"NA","fhdLifeHst":"FluvRes","fhdUseTy":"Unknown","fhdBasis":"DocObsFish","fhdStNm":"Sycan River","fhdGenus":"Salmo","fhdSp":"trutta","fhdSubSp":null,"fhdOrig":"NonNative","fhdProd":"Natural","fhdComment":null,"fhdESH":"NA","fhdBasisD":null,"fhdNMF":"no","fhdBasisDt":null,"fhdBasisNm":null,"fhdBasisEnt":null,"fhdBasisPrj":null,"fhdBasisMethod":null,"fhdAccess":null,"fhdBarrierFtrID":null,"fhdEndExtent":null,"Shape__Length":41822.9661716248,"habitatType":"stream"},"id":31},
{"type":"Feature","geometry":{"type":"LineString","coordinates":[[-121.761441,43.912779],[-121.759568,43.911426],[-121.759266,43.910169],[-121.761163,43.909501],[-121.763721,43.909457],[-121.765599,43.907686],[-121.766037,43.90566],[-121.765211,43.904801],[-121.761903,43.903238],[-121.761674,43.900756],[-121.763335,43.899662],[-121.764206,43.896088],[-121.763902,43.894509],[-121.759404,43.89152],[-121.762108,43.88861],[-121.762359,43.887082],[-121.767994,43.88383],[-121.771148,43.881217],[-121.773258,43.87843],[-121.772976,43.877424],[-121.776562,43.872956],[-121.77728,43.870704],[-121.777029,43.868914],[-121.780493,43.86697],[-121.779223,43.865083],[-121.780219,43.864455],[-121.780111,43.861798],[-121.782046,43.861512],[-121.78186,43.860232],[-121.783695,43.859333],[-121.784304,43.858142],[-121.781422,43.855473],[-121.781316,43.852726],[-121.779863,43.852319],[-121.779586,43.843632],[-121.776119,43.839804],[-121.775515,43.833441],[-121.77573,43.828392],[-121.776598,43.827285],[-121.776067,43.82529],[-121.776343,43.823339],[-121.77859,43.820509],[-121.778452,43.81813],[-121.7773,43.816065],[-121.777631,43.814484],[-121.777058,43.812178],[-121.777607,43.810446],[-121.777025,43.807085],[-121.775057,43.807263],[-121.772352,43.804933],[-121.771244,43.804736],[-121.770775,43.80275],[-121.772928,43.802018],[-121.772678,43.800259],[-121.774936,43.80049],[-121.775258,43.799305],[-121.777778,43.798225],[-121.776632,43.79643],[-121.777131,43.794535],[-121.781967,43.793255],[-121.782672,43.791624],[-121.78701,43.792219],[-121.78792,43.79005],[-121.78961,43.789428],[-121.789388,43.788112],[-121.792059,43.783917],[-121.795222,43.784203],[-121.795587,43.782118],[-121.794988,43.780986],[-121.795376,43.778991],[-121.796487,43.778129],[-121.795259,43.77619],[-121.798758,43.775173],[-121.803599,43.771758],[-121.801941,43.770385],[-121.799413,43.769413],[-121.798764,43.766462],[-121.796691,43.765117],[-121.794069,43.762676],[-121.794072,43.761298],[-121.792341,43.759065],[-121.786516,43.756973],[-121.784071,43.754471],[-121.783375,43.751182],[-121.782485,43.750272],[-121.781812,43.746771],[-121.782425,43.744549],[-121.779952,43.743478],[-121.780746,43.74143],[-121.778935,43.741428],[-121.778568,43.739885],[-121.780184,43.7392],[-121.779442,43.736608],[-121.780825,43.735155],[-121.783545,43.735742],[-121.783552,43.734167],[-121.786652,43.73379],[-121.787851,43.730966],[-121.786734,43.728771],[-121.786955,43.727036],[-121.785848,43.725925],[-121.785842,43.723747],[-121.783162,43.722561],[-121.782905,43.721775],[-121.784803,43.719976],[-121.782022,43.718191],[-121.782177,43.716644],[-121.778745,43.716409],[-121.777597,43.714875],[-121.77986,43.712892],[-121.777535,43.711219],[-121.775444,43.710909],[-121.7728,43.709453],[-121.771037,43.709497],[-121.766787,43.707326],[-121.765236,43.706103],[-121.764869,43.702795],[-121.763743,43.700829],[-121.758567,43.698337],[-121.757455,43.700477],[-121.755497,43.700339],[-121.75403,43.699269],[-121.7525,43.700036],[-121.749758,43.698088],[-121.747887,43.694259],[-121.74815,43.69274],[-121.744121,43.68805],[-121.742317,43.68663],[-121.744053,43.684655],[-121.743326,43.68308],[-121.744271,43.681907],[-121.742282,43.680264],[-121.741789,43.677593],[-121.737849,43.676478],[-121.736483,43.676792],[-121.735301,43.678566],[-121.733554,43.679168],[-121.729897,43.678403],[-121.725213,43.67908],[-121.724487,43.680193],[-121.721552,43.680151],[-121.720066,43.678788],[-121.715954,43.680858],[-121.717916,43.682271],[-121.716782,43.683303],[-121.715011,43.683359],[-121.710766,43.679661],[-121.711531,43.677432],[-121.709468,43.676841],[-121.708608,43.67829],[-121.707012,43.678817],[-121.705675,43.677681],[-121.702723,43.677264],[-121.701181,43.675055],[-121.699418,43.675165],[-121.697916,43.676553],[-121.6999,43.677417],[-121.697947,43.679655],[-121.692976,43.677703],[-121.692722,43.681157],[-121.69665,43.682057],[-121.69638,43.683999],[-121.693781,43.684901],[-121.692211,43.683537],[-121.689161,43.684236],[-121.685563,43.687765],[-121.682535,43.688941],[-121.680535,43.689179],[-121.679698,43.687409],[-121.678434,43.686886],[-121.673227,43.689216],[-121.670465,43.688221],[-121.66584,43.688999],[-121.665461,43.687469],[-121.663996,43.686317],[-121.661117,43.686639],[-121.660973,43.68869],[-121.659473,43.689352],[-121.660949,43.691873],[-121.660901,43.693011],[-121.6551,43.696927],[-121.65262,43.695872],[-121.651705,43.697324],[-121.652142,43.698932],[-121.651078,43.700328],[-121.649512,43.700805],[-121.644831,43.70468],[-121.643761,43.706355],[-121.64002,43.70853],[-121.639644,43.709395],[-121.640125,43.712561],[-121.638192,43.713334],[-121.635865,43.71206],[-121.633818,43.711765],[-121.629922,43.712745],[-121.629005,43.713783],[-121.629943,43.716293],[-121.631694,43.717043],[-121.634924,43.71669],[-121.630014,43.72039],[-121.633379,43.721678],[-121.634002,43.722545],[-121.631924,43.724744],[-121.632098,43.7262],[-121.630354,43.726431],[-121.629712,43.724852],[-121.627756,43.726076],[-121.631415,43.727812],[-121.631255,43.729805],[-121.626837,43.73022],[-121.625403,43.731391],[-121.623123,43.730292],[-121.621287,43.734592],[-121.61927,43.734991],[-121.616736,43.737306],[-121.613709,43.738268],[-121.609623,43.738448],[-121.606778,43.73958],[-121.607103,43.742595],[-121.608681,43.744424],[-121.610286,43.745065],[-121.609931,43.747073],[-121.603769,43.749154],[-121.602466,43.749152],[-121.597859,43.747403],[-121.593962,43.746684],[-121.59113,43.748747],[-121.589714,43.750521],[-121.586046,43.752776],[-121.586432,43.753875],[-121.590282,43.753401],[-121.591587,43.756073],[-121.591382,43.757799],[-121.590244,43.758861],[-121.588054,43.75805],[-121.589716,43.756342],[-121.586837,43.755713],[-121.584733,43.758955],[-121.582964,43.757943],[-121.584469,43.755832],[-121.582392,43.754307],[-121.580935,43.754964],[-121.58088,43.75671],[-121.57974,43.757686],[-121.580824,43.760657],[-121.578675,43.763345],[-121.579209,43.765792],[-121.577793,43.766099],[-121.575662,43.764825],[-121.572495,43.764232],[-121.568775,43.764748],[-121.566504,43.763639],[-121.56122,43.763542],[-121.557031,43.763135],[-121.554026,43.763486],[-121.552789,43.764195],[-121.552314,43.766417],[-121.548713,43.767654],[-121.545044,43.767115],[-121.543818,43.765362],[-121.542427,43.765881],[-121.538341,43.766187],[-121.537071,43.767992],[-121.538481,43.769665],[-121.538154,43.771312],[-121.538868,43.773451],[-121.536321,43.773859],[-121.533211,43.771616],[-121.533425,43.770079],[-121.531254,43.770366],[-121.529586,43.772205],[-121.529119,43.773704],[-121.530752,43.775828],[-121.529542,43.776173],[-121.525862,43.774706],[-121.523662,43.774616],[-121.518891,43.773238],[-121.517448,43.772045],[-121.516033,43.773333],[-121.517223,43.774318],[-121.515214,43.776703],[-121.517509,43.779103],[-121.519171,43.783239],[-121.516279,43.783129],[-121.515027,43.784297],[-121.516579,43.785617],[-121.514689,43.786896],[-121.5111,43.786831],[-121.510469,43.788514],[-121.508209,43.788247],[-121.506022,43.789561],[-121.506273,43.7913],[-121.508089,43.792195],[-121.50663,43.794022],[-121.504207,43.795011],[-121.501675,43.797074],[-121.499228,43.797832],[-121.50077,43.798945],[-121.504193,43.799692],[-121.503901,43.801439],[-121.501522,43.801953],[-121.499484,43.803813],[-121.501154,43.805182],[-121.498864,43.80886],[-121.495371,43.809377],[-121.496956,43.811167],[-121.496578,43.812584],[-121.493089,43.81487],[-121.496653,43.815871],[-121.498765,43.815715],[-121.499303,43.816973],[-121.49739,43.817903],[-121.490322,43.817544],[-121.489584,43.818506],[-121.490982,43.820735],[-121.490543,43.822071],[-121.487635,43.821996],[-121.484357,43.820179],[-121.482483,43.821581],[-121.483671,43.823709],[-121.481769,43.824575],[-121.479342,43.822404],[-121.476736,43.82277],[-121.475217,43.825563],[-121.472442,43.825751],[-121.47535,43.82801],[-121.473945,43.829476],[-121.473202,43.831659],[-121.470191,43.831826],[-121.470619,43.833619],[-121.473648,43.832633],[-121.474977,43.833398],[-121.473694,43.834704],[-121.470752,43.835984],[-121.465882,43.835662],[-121.464512,43.837413],[-121.460538,43.837935],[-121.461119,43.839537],[-121.46523,43.841744],[-121.466446,43.843295],[-121.466022,43.846027],[-121.462968,43.846967],[-121.460537,43.846007],[-121.457654,43.847004],[-121.45673,43.848544],[-121.457038,43.850169],[-121.459677,43.851501],[-121.459059,43.85328],[-121.454699,43.853401],[-121.453324,43.854536],[-121.457497,43.856514],[-121.457039,43.859488],[-121.455859,43.861097],[-121.452527,43.862605],[-121.452529,43.864162],[-121.457084,43.864557],[-121.460125,43.863833],[-121.462122,43.865233],[-121.462173,43.866845],[-121.460524,43.87001],[-121.463609,43.873117],[-121.464031,43.874415],[-121.46098,43.876819],[-121.463092,43.878157],[-121.463026,43.880141],[-121.460313,43.879164],[-121.458046,43.879111],[-121.456586,43.880775],[-121.45899,43.882018],[-121.463058,43.88124],[-121.464005,43.882234],[-121.46351,43.883965],[-121.458752,43.888452],[-121.45253,43.886536],[-121.451203,43.887959],[-121.451996,43.890882],[-121.450943,43.893321],[-121.451439,43.894841],[-121.453156,43.896214],[-121.45186,43.89775],[-121.449612,43.897278],[-121.445333,43.900668],[-121.442945,43.902068],[-121.444194,43.903185],[-121.444328,43.904949],[-121.443244,43.906317],[-121.443436,43.908867],[-121.442262,43.911354],[-121.443539,43.912141],[-121.443123,43.914333],[-121.448237,43.917675],[-121.446242,43.91984],[-121.449142,43.924539],[-121.447533,43.926529],[-121.450579,43.927894],[-121.450384,43.929125],[-121.442267,43.93167],[-121.434775,43.929079],[-121.430536,43.928543],[-121.427537,43.93001],[-121.427257,43.932104],[-121.425656,43.93382],[-121.424318,43.933725],[-121.420124,43.931817],[-121.416683,43.932881],[-121.41388,43.932392],[-121.411524,43.930518],[-121.410651,43.931082],[-121.409878,43.935123],[-121.411642,43.937907],[-121.412772,43.938652],[-121.413132,43.940795],[-121.415921,43.941653],[-121.418557,43.940915],[-121.420244,43.94174],[-121.423662,43.940405],[-121.42607,43.940515],[-121.428822,43.941953],[-121.430154,43.945298],[-121.429617,43.947613],[-121.426896,43.947495],[-121.424345,43.948806],[-121.420926,43.949731],[-121.417559,43.949158],[-121.416945,43.951724],[-121.418846,43.952718],[-121.419029,43.955426],[-121.416673,43.955583],[-121.415877,43.957395],[-121.412016,43.957355],[-121.409729,43.958516],[-121.410308,43.961558],[-121.410233,43.964321],[-121.413959,43.965696],[-121.414827,43.969553],[-121.412767,43.969974],[-121.409818,43.971982],[-121.407599,43.972977],[-121.404544,43.973128],[-121.404407,43.974252],[-121.408993,43.979389],[-121.407785,43.980642],[-121.405732,43.980667],[-121.403855,43.982514],[-121.401962,43.98314],[-121.398931,43.984989],[-121.398875,43.986543],[-121.397213,43.98785],[-121.397211,43.989776],[-121.394219,43.991121],[-121.393532,43.99257],[-121.39106,43.994038],[-121.38572,43.994894],[-121.384421,43.997309],[-121.380082,43.999525],[-121.378651,44.001004],[-121.375083,44.001189],[-121.373369,44.002032],[-121.371807,44.003711],[-121.367728,44.004536],[-121.366065,44.006347],[-121.364174,44.00953],[-121.362215,44.010488],[-121.358959,44.011034],[-121.358127,44.011873],[-121.357881,44.014322],[-121.352125,44.016479],[-121.347777,44.020188],[-121.345323,44.022747],[-121.339951,44.024107],[-121.33837,44.025353],[-121.33705,44.028906],[-121.335209,44.030604],[-121.332487,44.031888],[-121.329445,44.034164],[-121.329439,44.037432],[-121.329932,44.040608],[-121.329032,44.041336],[-121.324955,44.041964],[-121.322497,44.041528],[-121.317962,44.042054],[-121.316207,44.043967],[-121.317031,44.047721],[-121.321057,44.050523],[-121.324133,44.051755],[-121.325518,44.054449],[-121.324469,44.057161],[-121.323046,44.058832],[-121.320604,44.060521],[-121.316631,44.059651],[-121.311044,44.064012],[-121.310754,44.064963],[-121.312648,44.066422],[-121.313117,44.067839],[-121.31168,44.070367],[-121.311871,44.073162],[-121.310116,44.074256],[-121.306886,44.074678],[-121.306998,44.075883],[-121.30556,44.078912],[-121.308337,44.081882],[-121.308083,44.08367],[-121.309189,44.085115],[-121.313337,44.086693],[-121.317382,44.090804],[-121.317668,44.091981],[-121.315399,44.094128],[-121.317662,44.097061],[-121.321314,44.096611],[-121.324541,44.096829],[-121.326998,44.093464],[-121.328813,44.092641],[-121.330237,44.094905],[-121.334513,44.09531],[-121.336825,44.096958],[-121.338732,44.099144],[-121.338559,44.100497],[-121.340349,44.103123],[-121.338504,44.104807],[-121.337785,44.107337],[-121.339718,44.109506],[-121.340024,44.112884],[-121.33911,44.116085],[-121.333977,44.118089],[-121.332132,44.121141],[-121.332499,44.125667],[-121.334727,44.126156],[-121.335604,44.127424],[-121.333359,44.129178],[-121.330983,44.129533],[-121.328405,44.131519],[-121.330757,44.135186],[-121.330769,44.135899],[-121.324967,44.144793],[-121.327568,44.147405],[-121.329463,44.150158],[-121.329228,44.152209],[-121.325456,44.156025],[-121.321522,44.157462],[-121.320458,44.158811],[-121.322359,44.16116],[-121.316058,44.167231],[-121.316512,44.170813],[-121.318815,44.174195],[-121.321443,44.17572],[-121.321432,44.177616],[-121.31934,44.179984],[-121.318467,44.181795],[-121.313894,44.184226],[-121.312031,44.184807],[-121.304867,44.183467],[-121.302886,44.184436],[-121.301373,44.18712],[-121.297791,44.188353],[-121.29585,44.190741],[-121.295576,44.192281],[-121.294049,44.195148],[-121.293978,44.197935],[-121.291188,44.199002],[-121.289028,44.200776],[-121.285489,44.201324],[-121.28449,44.202349],[-121.279919,44.203158],[-121.277779,44.202251],[-121.273996,44.202432],[-121.273559,44.203337],[-121.2759,44.204715],[-121.275851,44.206952],[-121.273003,44.208535],[-121.270656,44.21114],[-121.267043,44.214206],[-121.265911,44.21592],[-121.262511,44.217167],[-121.257496,44.220363],[-121.25767,44.223905],[-121.253969,44.226795],[-121.24933,44.22787],[-121.248132,44.228558],[-121.244698,44.232565],[-121.244282,44.234786],[-121.246749,44.237251],[-121.248537,44.240178],[-121.248075,44.241292],[-121.251859,44.244772],[-121.251235,44.246704],[-121.248419,44.249371],[-121.2479,44.250591],[-121.248406,44.252876],[-121.247144,44.254985],[-121.246199,44.258253],[-121.247403,44.259385],[-121.247323,44.262062],[-121.250755,44.266442],[-121.252196,44.267603],[-121.253979,44.2674],[-121.257081,44.268298],[-121.256707,44.270415],[-121.25852,44.273488],[-121.259333,44.27635],[-121.256685,44.278039],[-121.255715,44.279573],[-121.252659,44.281161],[-121.252607,44.28409],[-121.251798,44.287125],[-121.247089,44.28854],[-121.242344,44.29099],[-121.238588,44.292285],[-121.233776,44.297298],[-121.234717,44.299263],[-121.233942,44.301261],[-121.232336,44.303148],[-121.232312,44.304904],[-121.229848,44.306481],[-121.229928,44.308165],[-121.232557,44.311191],[-121.2341,44.31235],[-121.239644,44.312245],[-121.243963,44.312505],[-121.244125,44.3147],[-121.24873,44.317195],[-121.251419,44.317718],[-121.252458,44.319961],[-121.259377,44.323725],[-121.260644,44.32511],[-121.2607,44.328507],[-121.261961,44.329684],[-121.264047,44.328759],[-121.26658,44.329539],[-121.269137,44.331967],[-121.269977,44.333595],[-121.269792,44.336436],[-121.27069,44.339108],[-121.26784,44.341812],[-121.266911,44.344342],[-121.263269,44.346233],[-121.260705,44.348965],[-121.260475,44.353353],[-121.259088,44.354966],[-121.259498,44.357368],[-121.259908,44.363532],[-121.26144,44.365183],[-121.26294,44.365193],[-121.265557,44.362104],[-121.270203,44.361941],[-121.270914,44.359241],[-121.272313,44.358259],[-121.276613,44.358756],[-121.280099,44.357735],[-121.281676,44.356277],[-121.285741,44.355116],[-121.288272,44.356146],[-121.288727,44.357797],[-121.285944,44.359024],[-121.285825,44.360573],[-121.288847,44.361228],[-121.293291,44.359485],[-121.295117,44.359867],[-121.296398,44.362089],[-121.296165,44.365067],[-121.297013,44.366043],[-121.3003,44.367491],[-121.299661,44.368547],[-121.297042,44.368404],[-121.295368,44.369072],[-121.292104,44.371891],[-121.293971,44.37436],[-121.292605,44.375993],[-121.288183,44.377229],[-121.287285,44.379057],[-121.290221,44.382342],[-121.291531,44.382816],[-121.295223,44.38208],[-121.296941,44.383949],[-121.293754,44.386035],[-121.294198,44.388905],[-121.290788,44.393499],[-121.292394,44.397845],[-121.295216,44.397968],[-121.298665,44.399829],[-121.300583,44.399939],[-121.301778,44.401631],[-121.299674,44.40403],[-121.297208,44.405911],[-121.296147,44.408704],[-121.294076,44.412562],[-121.290375,44.414128],[-121.289778,44.416522],[-121.290355,44.417422],[-121.294984,44.420219],[-121.295966,44.42145],[-121.29783,44.422125],[-121.299176,44.42509],[-121.303775,44.425077],[-121.306662,44.425579],[-121.30946,44.426593],[-121.311831,44.429329],[-121.311593,44.431054],[-121.314611,44.433583],[-121.318042,44.434876],[-121.318939,44.437752],[-121.318581,44.439718],[-121.31616,44.442654],[-121.318222,44.444359],[-121.316932,44.447284],[-121.314994,44.450415],[-121.318311,44.451787],[-121.322122,44.454301],[-121.326512,44.455067],[-121.329114,44.456375],[-121.330842,44.459263],[-121.331993,44.459901],[-121.335533,44.460088],[-121.334341,44.462204],[-121.334167,44.464362],[-121.332643,44.466231],[-121.330605,44.470225],[-121.32823,44.471514],[-121.324673,44.474541],[-121.323871,44.476203],[-121.324119,44.479394],[-121.326117,44.480774],[-121.326268,44.482099],[-121.323444,44.488486],[-121.325304,44.493375],[-121.323694,44.496889],[-121.321267,44.498636],[-121.317374,44.500301],[-121.312886,44.503875],[-121.308814,44.508446],[-121.304783,44.511803],[-121.302408,44.512958],[-121.299876,44.518529],[-121.300075,44.522647],[-121.299007,44.526286],[-121.296583,44.529804],[-121.292951,44.533269],[-121.292198,44.535832],[-121.291057,44.537563],[-121.286461,44.540458],[-121.2858,44.545248],[-121.284688,44.54741],[-121.285652,44.550074],[-121.284199,44.553019],[-121.284571,44.555331],[-121.285594,44.556713],[-121.284691,44.559735],[-121.282535,44.561802],[-121.281607,44.567135],[-121.278792,44.571126],[-121.275256,44.573388],[-121.271619,44.573709],[-121.268331,44.57448],[-121.26624,44.575898],[-121.266101,44.577467],[-121.268221,44.579259],[-121.268312,44.582061],[-121.269157,44.583811],[-121.273344,44.585346],[-121.274138,44.586014],[-121.275622,44.591222],[-121.276346,44.59222],[-121.282882,44.594095],[-121.284918,44.597383],[-121.286471,44.597697],[-121.285862,44.59962],[-121.283487,44.600862],[-121.28021,44.601202],[-121.277462,44.60265],[-121.276706,44.606988],[-121.275818,44.609206],[-121.276,44.611416],[-121.280501,44.616683],[-121.283202,44.622727],[-121.28369,44.626796],[-121.285575,44.628996],[-121.285346,44.630065],[-121.282582,44.63102],[-121.276919,44.630155],[-121.274524,44.631552],[-121.27245,44.63369],[-121.269587,44.635524],[-121.2684,44.637837],[-121.264958,44.640148],[-121.264715,44.642047],[-121.265606,44.642776],[-121.265949,44.645055],[-121.26267,44.648211],[-121.261221,44.651816],[-121.25887,44.655637],[-121.256244,44.658459],[-121.25239,44.660443],[-121.24837,44.663517],[-121.247668,44.665435],[-121.247603,44.66869],[-121.246002,44.670266],[-121.241561,44.672673],[-121.242584,44.679375],[-121.242412,44.682522],[-121.241528,44.684097],[-121.238851,44.686202],[-121.2318,44.689312],[-121.230572,44.692136],[-121.231576,44.696234],[-121.232665,44.698013],[-121.237905,44.702995],[-121.237433,44.705711],[-121.234542,44.709152],[-121.235351,44.710461],[-121.241834,44.713265],[-121.244721,44.714868],[-121.244962,44.71639],[-121.243441,44.717921],[-121.243234,44.719654],[-121.245715,44.722555],[-121.247122,44.723146],[-121.247824,44.724651],[-121.246786,44.72766],[-121.243298,44.731522],[-121.242858,44.733541],[-121.243783,44.735527],[-121.245633,44.736987],[-121.245555,44.738309],[-121.238781,44.739285],[-121.234733,44.740303],[-121.230979,44.741649],[-121.229926,44.742605],[-121.228855,44.745424],[-121.227498,44.746429],[-121.225909,44.748835],[-121.224879,44.75152],[-121.225515,44.754257],[-121.228626,44.760382],[-121.228042,44.763413],[-121.225398,44.765568],[-121.222007,44.765732],[-121.219701,44.765084],[-121.217066,44.763674],[-121.212904,44.764221],[-121.210897,44.765378],[-121.209353,44.767159],[-121.209212,44.772482],[-121.207613,44.776778],[-121.204366,44.778779],[-121.200678,44.780342],[-121.196982,44.783802],[-121.19766,44.785601],[-121.195034,44.785602],[-121.193603,44.786712],[-121.189352,44.786824],[-121.184204,44.788147],[-121.179883,44.78887],[-121.174254,44.790977],[-121.172127,44.791087],[-121.163278,44.794258],[-121.160338,44.794463],[-121.158748,44.793573],[-121.155224,44.793084],[-121.148158,44.792946],[-121.146185,44.792685],[-121.136347,44.793533],[-121.129955,44.795734],[-121.122482,44.795778],[-121.120376,44.797917],[-121.12188,44.799886],[-121.122468,44.802021],[-121.1215,44.803805],[-121.118024,44.804936],[-121.115044,44.806363],[-121.110767,44.807229],[-121.109616,44.807957],[-121.104852,44.807725],[-121.10096,44.808579],[-121.09925,44.80981],[-121.097156,44.812275],[-121.09723,44.815478],[-121.096435,44.816965],[-121.094468,44.816788],[-121.091101,44.817632],[-121.08832,44.819134],[-121.087765,44.820601],[-121.089495,44.821854],[-121.090981,44.824263],[-121.090627,44.825871],[-121.089218,44.827179],[-121.082956,44.829799],[-121.081091,44.831148],[-121.081668,44.833606],[-121.081183,44.837523],[-121.078855,44.840581],[-121.077768,44.842831],[-121.076813,44.850233],[-121.077448,44.85244],[-121.078882,44.853472],[-121.078509,44.855554],[-121.076883,44.85803],[-121.075304,44.859065],[-121.069709,44.858323],[-121.065945,44.857359],[-121.062623,44.858275],[-121.060753,44.859683],[-121.060816,44.862349],[-121.058049,44.86936],[-121.054875,44.871862],[-121.0509,44.874135],[-121.048491,44.87647],[-121.048216,44.878626],[-121.051942,44.882255],[-121.052668,44.886264],[-121.057682,44.889083],[-121.060209,44.890965],[-121.062488,44.893993],[-121.067607,44.898167],[-121.067596,44.901821],[-121.068622,44.904467],[-121.072098,44.906578],[-121.072827,44.907527],[-121.078185,44.910966],[-121.080998,44.911697],[-121.083622,44.913542],[-121.083965,44.916129],[-121.082131,44.920286],[-121.080227,44.922957],[-121.079728,44.925055],[-121.083721,44.930739],[-121.082945,44.932346],[-121.080093,44.932379],[-121.075532,44.933464],[-121.073519,44.934537],[-121.073016,44.937094],[-121.077674,44.938766],[-121.078921,44.940164],[-121.076765,44.946664],[-121.075947,44.950647],[-121.076733,44.952172],[-121.080854,44.954051],[-121.081028,44.95909],[-121.080256,44.962845],[-121.077946,44.964832],[-121.077348,44.966793],[-121.079332,44.967744],[-121.081889,44.966721],[-121.084666,44.966944],[-121.085649,44.972252],[-121.083593,44.972299],[-121.075062,44.975342],[-121.073756,44.976838],[-121.071413,44.975875],[-121.067594,44.972894],[-121.066333,44.973061],[-121.063445,44.976361],[-121.063313,44.979141],[-121.065142,44.982892],[-121.065129,44.983978],[-121.061908,44.985841],[-121.059976,44.988968],[-121.056945,44.991941],[-121.056117,44.993925],[-121.056102,44.996626],[-121.057279,44.999053],[-121.057112,45.002406],[-121.054477,45.003026],[-121.052662,45.004912],[-121.052523,45.008738],[-121.056155,45.010653],[-121.057139,45.012118],[-121.055468,45.014223],[-121.057821,45.015586],[-121.06179,45.022081],[-121.063831,45.028165],[-121.065435,45.030299],[-121.068444,45.03143],[-121.073934,45.032387],[-121.077223,45.035386],[-121.08078,45.036094],[-121.084501,45.035292],[-121.088102,45.033516],[-121.089884,45.031466],[-121.093815,45.031208],[-121.096091,45.03265],[-121.09733,45.034345],[-121.097519,45.040128],[-121.098262,45.041841],[-121.099877,45.042543],[-121.10213,45.042365],[-121.103468,45.041064],[-121.103278,45.03988],[-121.105977,45.036595],[-121.108845,45.036238],[-121.109332,45.03765],[-121.11212,45.038587],[-121.113583,45.040421],[-121.112615,45.042053],[-121.113501,45.042931],[-121.117882,45.045245],[-121.120596,45.047261],[-121.121842,45.048767],[-121.121287,45.051755],[-121.116426,45.054781],[-121.115204,45.057191],[-121.115971,45.059337],[-121.120588,45.062654],[-121.120697,45.063979],[-121.116845,45.066373],[-121.113185,45.067609],[-121.110625,45.06781],[-121.108299,45.072471],[-121.108413,45.074768],[-121.113432,45.076309],[-121.120581,45.077966],[-121.122296,45.079129],[-121.123952,45.082127],[-121.12704,45.084419],[-121.127803,45.085566],[-121.127234,45.088986],[-121.130994,45.091748],[-121.130452,45.093171],[-121.128134,45.093551],[-121.126113,45.095287],[-121.125693,45.096468],[-121.127114,45.09849],[-121.130837,45.101251],[-121.131662,45.102831],[-121.131208,45.107415],[-121.131087,45.116946],[-121.129603,45.11919],[-121.129881,45.121193],[-121.133009,45.124701],[-121.132822,45.125751],[-121.13007,45.127083],[-121.125795,45.12831],[-121.123126,45.130588],[-121.122085,45.133271],[-121.122425,45.138003],[-121.122261,45.140674],[-121.125133,45.142692],[-121.125952,45.144488],[-121.125076,45.146769],[-121.121661,45.148496],[-121.117417,45.149884],[-121.112409,45.150152],[-121.109643,45.151862],[-121.106804,45.155785],[-121.10252,45.159494],[-121.095011,45.163771],[-121.09195,45.165124],[-121.086889,45.168065],[-121.078852,45.172061],[-121.075802,45.17309],[-121.073546,45.175472],[-121.073644,45.177067],[-121.074996,45.178872],[-121.077438,45.180074],[-121.080996,45.180998],[-121.084104,45.182806],[-121.083773,45.185852],[-121.082482,45.191339],[-121.082862,45.193668],[-121.081998,45.196651],[-121.08282,45.200608],[-121.08241,45.203706],[-121.08163,45.205313],[-121.078984,45.207889],[-121.075776,45.21013],[-121.074028,45.212126],[-121.073232,45.214192],[-121.073266,45.216569],[-121.076419,45.219377],[-121.078078,45.220053],[-121.080909,45.222207],[-121.081057,45.22464],[-121.078981,45.227278],[-121.072734,45.231197],[-121.068887,45.233076],[-121.067469,45.233187],[-121.06583,45.231917],[-121.06362,45.231745],[-121.060005,45.232386],[-121.057594,45.233614],[-121.054981,45.234028],[-121.050819,45.236145],[-121.049096,45.240706],[-121.04901,45.243216],[-121.044228,45.250021],[-121.04146,45.252674],[-121.039199,45.25728]]},"properties":{"OBJECTID":32,"fhdFtrID":31,"fhdRefID":53684,"fhdRevDt":"20190329","fhdONm":"Peter Robinson","fhdOEnt":"ODFW","fhdSpNm":"Brown trout","fhdRun":"NA","fhdLifeHst":"FluvRes","fhdUseTy":"Unknown","fhdBasis":"UndocObsFish","fhdStNm":"Deschutes River","fhdGenus":"Salmo","fhdSp":"trutta","fhdSubSp":null,"fhdOrig":"NonNative","fhdProd":"Natural","fhdComment":null,"fhdESH":"NA","fhdBasisD":null,"fhdNMF":"no","fhdBasisDt":null,"fhdBasisNm":null,"fhdBasisEnt":null,"fhdBasisPrj":null,"fhdBasisMethod":null,"fhdAccess":null,"fhdBarrierFtrID":null,"fhdEndExtent":null,"Shape__Length":475105.57048163464,"habitatType":"stream"},"id":32},
{"type":"Feature","geometry":{"type":"LineString","coordinates":[[-121.788337,43.452488],[-121.784054,43.449715],[-121.780116,43.448277],[-121.776931,43.448081],[-121.774527,43.448424],[-121.770745,43.450266],[-121.767012,43.450288],[-121.761984,43.450765],[-121.761289,43.451541],[-121.751882,43.451592],[-121.747922,43.452467],[-121.745328,43.452375],[-121.740235,43.453616],[-121.733875,43.453951],[-121.731467,43.455041],[-121.7296,43.454471],[-121.727575,43.45497],[-121.725661,43.454563],[-121.724266,43.455606],[-121.722791,43.45455],[-121.717169,43.456135],[-121.713217,43.455658],[-121.710982,43.456226],[-121.707014,43.458832],[-121.704215,43.458835],[-121.703391,43.460985],[-121.698744,43.462297],[-121.6982,43.464052],[-121.696799,43.465541],[-121.694109,43.466424],[-121.692633,43.468609],[-121.69227,43.470525],[-121.692257,43.475737],[-121.691824,43.476989],[-121.688173,43.478204],[-121.688476,43.481433],[-121.686478,43.484003],[-121.688303,43.484983],[-121.687858,43.488659],[-121.685495,43.491233],[-121.682956,43.49316],[-121.681642,43.494802],[-121.678612,43.495831],[-121.678378,43.498288],[-121.675092,43.500576],[-121.674893,43.50157],[-121.672965,43.502915],[-121.673814,43.504088],[-121.673388,43.50582],[-121.671719,43.508149],[-121.672299,43.509917],[-121.671188,43.51124],[-121.666516,43.514162],[-121.666487,43.514864],[-121.662196,43.516541],[-121.660284,43.518621],[-121.656568,43.519482],[-121.654583,43.522386],[-121.652651,43.523021],[-121.652748,43.525323],[-121.651234,43.529017],[-121.651961,43.53049],[-121.649056,43.531124],[-121.648761,43.529655],[-121.647088,43.528983],[-121.645009,43.530422],[-121.642425,43.531371],[-121.640201,43.530637],[-121.63937,43.533043],[-121.636271,43.533383],[-121.633404,43.536807],[-121.632203,43.536841],[-121.626906,43.538795],[-121.622025,43.541433],[-121.617951,43.548332],[-121.617972,43.550602],[-121.615702,43.55175],[-121.616945,43.552671],[-121.615868,43.553909],[-121.613523,43.553936],[-121.614506,43.557213],[-121.610719,43.560187],[-121.611321,43.562547],[-121.61102,43.564082],[-121.609222,43.566357],[-121.611502,43.566411],[-121.609529,43.569067],[-121.611202,43.570303],[-121.61144,43.573503],[-121.612444,43.574796],[-121.610117,43.575829],[-121.610083,43.578913],[-121.613102,43.582734],[-121.612556,43.584769],[-121.613865,43.585348],[-121.613422,43.587526],[-121.612116,43.588224],[-121.611815,43.591297],[-121.609926,43.591794],[-121.60918,43.59428],[-121.607867,43.595724],[-121.606274,43.59872],[-121.608533,43.602114],[-121.605305,43.603922],[-121.607119,43.605057],[-121.605796,43.607221],[-121.604713,43.607738],[-121.604355,43.610157],[-121.600633,43.614765],[-121.600198,43.616525],[-121.601188,43.617071],[-121.599167,43.618804],[-121.59852,43.62064],[-121.596764,43.619786],[-121.592454,43.621066],[-121.593665,43.623915],[-121.592047,43.624541],[-121.592147,43.627545],[-121.589334,43.628536],[-121.585496,43.631083],[-121.585756,43.63265],[-121.587308,43.634194],[-121.590786,43.635063],[-121.59151,43.636997],[-121.59324,43.638358],[-121.58965,43.641196],[-121.590247,43.64358],[-121.591567,43.643985],[-121.591464,43.645899],[-121.592683,43.646237],[-121.592271,43.649329],[-121.589852,43.652453],[-121.590397,43.654254],[-121.589937,43.655752],[-121.587122,43.655987],[-121.586211,43.657423],[-121.583643,43.657722],[-121.579307,43.660457],[-121.576266,43.660505],[-121.575388,43.661706],[-121.572432,43.662152],[-121.56828,43.661847],[-121.567676,43.663804],[-121.56555,43.664705],[-121.566031,43.665981],[-121.562963,43.668286],[-121.559173,43.668409],[-121.557433,43.670241],[-121.554331,43.67077],[-121.552709,43.670165],[-121.550099,43.672964],[-121.548673,43.672245],[-121.545678,43.673763],[-121.543484,43.673315],[-121.542596,43.674138],[-121.539298,43.674057],[-121.539156,43.675425],[-121.53706,43.675781],[-121.53645,43.677188],[-121.532675,43.678613],[-121.531168,43.677506],[-121.527715,43.678119],[-121.52521,43.680775],[-121.52145,43.681081],[-121.521035,43.682582],[-121.516145,43.683475],[-121.513098,43.682225],[-121.511487,43.683399],[-121.512068,43.684704],[-121.509173,43.685914],[-121.507472,43.687286],[-121.505007,43.687274],[-121.503209,43.688878],[-121.501226,43.692502],[-121.503196,43.697715],[-121.502341,43.700609],[-121.499029,43.703674],[-121.501024,43.704395],[-121.497825,43.706933],[-121.495777,43.710461],[-121.497683,43.712093],[-121.496769,43.713562],[-121.494307,43.713541],[-121.492867,43.714443],[-121.493143,43.716875],[-121.489133,43.719636],[-121.490573,43.720472],[-121.489187,43.722487],[-121.491522,43.72306],[-121.492731,43.724406],[-121.492204,43.7275],[-121.494315,43.729754],[-121.493721,43.731567],[-121.49591,43.734049],[-121.493269,43.7355],[-121.492026,43.737816],[-121.490083,43.738465],[-121.491261,43.74099],[-121.492752,43.741202],[-121.492091,43.744861],[-121.49257,43.747335],[-121.492066,43.74817],[-121.488336,43.747974],[-121.487624,43.750697],[-121.484899,43.752547],[-121.486471,43.753734],[-121.486983,43.755875],[-121.483846,43.75631],[-121.485435,43.757903],[-121.484167,43.758556],[-121.484007,43.761129],[-121.480569,43.761667],[-121.479398,43.762832],[-121.479898,43.764046],[-121.478586,43.765089],[-121.477379,43.767319],[-121.477539,43.768805],[-121.476746,43.77163],[-121.47551,43.772067],[-121.476324,43.773761],[-121.472226,43.776231],[-121.469108,43.77951],[-121.469014,43.782542],[-121.466353,43.783975],[-121.462189,43.785539],[-121.463657,43.787767],[-121.459682,43.788567],[-121.458051,43.789787],[-121.458453,43.790833],[-121.460739,43.792185],[-121.462813,43.790965],[-121.463709,43.794772],[-121.462129,43.796106],[-121.458969,43.795901],[-121.458883,43.799245],[-121.458106,43.80079],[-121.456147,43.799785],[-121.453439,43.800266],[-121.454132,43.801612],[-121.452616,43.802856],[-121.45472,43.804157],[-121.451725,43.806774],[-121.45247,43.808776],[-121.451645,43.810675],[-121.451689,43.813911],[-121.450637,43.81463],[-121.448907,43.817274],[-121.44915,43.818934],[-121.451115,43.821155],[-121.448019,43.822664],[-121.445442,43.826312],[-121.445531,43.827713],[-121.447259,43.828961],[-121.448757,43.831177],[-121.448179,43.832655],[-121.446253,43.832271],[-121.446354,43.834299],[-121.447576,43.835326],[-121.448688,43.837559],[-121.447628,43.838607],[-121.448511,43.840218],[-121.445779,43.840913],[-121.444676,43.842057],[-121.442273,43.845999],[-121.442848,43.846933],[-121.441822,43.850041],[-121.443194,43.850854],[-121.443195,43.852259],[-121.445166,43.853961],[-121.447968,43.85484],[-121.450049,43.854535],[-121.450054,43.852595],[-121.452186,43.852953],[-121.453324,43.854536]]},"properties":{"OBJECTID":33,"fhdFtrID":32,"fhdRefID":53684,"fhdRevDt":"20190329","fhdONm":"Peter Robinson","fhdOEnt":"ODFW","fhdSpNm":"Brown trout","fhdRun":"NA","fhdLifeHst":"FluvRes","fhdUseTy":"Unknown","fhdBasis":"UndocObsFish","fhdStNm":"Little Deschutes River","fhdGenus":"Salmo","fhdSp":"trutta","fhdSubSp":null,"fhdOrig":"NonNative","fhdProd":"Natural","fhdComment":null,"fhdESH":"NA","fhdBasisD":null,"fhdNMF":"no","fhdBasisDt":null,"fhdBasisNm":null,"fhdBasisEnt":null,"fhdBasisPrj":null,"fhdBasisMethod":null,"fhdAccess":null,"fhdBarrierFtrID":null,"fhdEndExtent":null,"Shape__Length":172508.49591763286,"habitatType":"stream"},"id":33},
{"type":"Feature","geometry":{"type":"LineString","coordinates":[[-121.948327,43.294349],[-121.946027,43.29403],[-121.942914,43.292626],[-121.940834,43.293562],[-121.935904,43.29105],[-121.934343,43.291129],[-121.932511,43.289551],[-121.928179,43.289072],[-121.927198,43.289555],[-121.920511,43.289072],[-121.918236,43.287551],[-121.909632,43.289333],[-121.906555,43.29212],[-121.904428,43.293403],[-121.90307,43.293042],[-121.896547,43.293963],[-121.894105,43.295906],[-121.889891,43.296481],[-121.888903,43.298],[-121.886005,43.298724],[-121.877262,43.299824],[-121.872389,43.303405],[-121.870415,43.303175],[-121.868456,43.304243],[-121.864401,43.307363],[-121.860765,43.308636],[-121.859792,43.310372],[-121.856865,43.311415],[-121.85586,43.315601],[-121.856408,43.317885],[-121.854552,43.3191],[-121.854536,43.320461],[-121.85227,43.322378],[-121.849315,43.32364],[-121.849483,43.324921],[-121.847045,43.326569],[-121.845912,43.329239],[-121.844083,43.329699],[-121.837523,43.337434],[-121.839044,43.338512],[-121.838182,43.339965],[-121.83802,43.342409],[-121.8351,43.346409],[-121.83357,43.347437],[-121.831913,43.353844],[-121.828056,43.358054],[-121.826063,43.36444],[-121.825136,43.36663],[-121.822681,43.367874],[-121.819492,43.36749],[-121.817265,43.368377],[-121.815231,43.370138],[-121.810651,43.372117],[-121.80897,43.372234],[-121.806862,43.373329],[-121.806379,43.377844],[-121.803798,43.37851],[-121.801754,43.380119],[-121.799509,43.380014],[-121.797711,43.38167],[-121.795829,43.384469],[-121.796838,43.385875],[-121.79661,43.388691],[-121.797706,43.390683],[-121.796691,43.395148],[-121.797798,43.396024],[-121.79694,43.397572],[-121.79681,43.400416],[-121.795252,43.403002],[-121.796708,43.406142],[-121.795416,43.408443],[-121.795156,43.41404],[-121.795864,43.415084],[-121.794838,43.417648],[-121.793716,43.418744],[-121.793669,43.420517],[-121.791738,43.421352],[-121.792118,43.422734],[-121.789877,43.426086],[-121.789935,43.428716],[-121.787935,43.43362],[-121.788261,43.435245],[-121.790262,43.437139],[-121.791507,43.440402],[-121.792548,43.441485],[-121.791115,43.442667],[-121.792087,43.446027],[-121.790125,43.447105],[-121.791587,43.448777],[-121.791633,43.450191],[-121.790518,43.451539],[-121.788337,43.452488]]},"properties":{"OBJECTID":34,"fhdFtrID":33,"fhdRefID":53713,"fhdRevDt":"20190329","fhdONm":"Matthew Neilson","fhdOEnt":"USGS","fhdSpNm":"Brown trout","fhdRun":"NA","fhdLifeHst":"FluvRes","fhdUseTy":"Unknown","fhdBasis":"UndocObsFish","fhdStNm":"Little Deschutes River","fhdGenus":"Salmo","fhdSp":"trutta","fhdSubSp":null,"fhdOrig":"NonNative","fhdProd":"Natural","fhdComment":null,"fhdESH":"NA","fhdBasisD":null,"fhdNMF":"no","fhdBasisDt":null,"fhdBasisNm":null,"fhdBasisEnt":null,"fhdBasisPrj":null,"fhdBasisMethod":null,"fhdAccess":null,"fhdBarrierFtrID":null,"fhdEndExtent":null,"Shape__Length":56808.79553351932,"habitatType":"stream"},"id":34},
{"type":"Feature","geometry":{"type":"LineString","coordinates":[[-121.85843,43.351975],[-121.860902,43.355375],[-121.864359,43.361053],[-121.869252,43.363069],[-121.870082,43.363782],[-121.876189,43.364423],[-121.880645,43.366508],[-121.884498,43.367446]]},"properties":{"OBJECTID":35,"fhdFtrID":34,"fhdRefID":53713,"fhdRevDt":"20190329","fhdONm":"Matthew Neilson","fhdOEnt":"USGS","fhdSpNm":"Brown trout","fhdRun":"NA","fhdLifeHst":"FluvRes","fhdUseTy":"Unknown","fhdBasis":"UndocObsFish","fhdStNm":"Spruce Creek","fhdGenus":"Salmo","fhdSp":"trutta","fhdSubSp":null,"fhdOrig":"NonNative","fhdProd":"Natural","fhdComment":null,"fhdESH":"NA","fhdBasisD":null,"fhdNMF":"no","fhdBasisDt":null,"fhdBasisNm":null,"fhdBasisEnt":null,"fhdBasisPrj":null,"fhdBasisMethod":null,"fhdAccess":null,"fhdBarrierFtrID":null,"fhdEndExtent":null,"Shape__Length":5404.092265162201,"habitatType":"stream"},"id":35},
{"type":"Feature","geometry":{"type":"LineString","coordinates":[[-121.92051,43.34661],[-121.910953,43.350801],[-121.902302,43.356144],[-121.899322,43.358361],[-121.896905,43.359249],[-121.893367,43.358357],[-121.888602,43.358716],[-121.8875,43.358356],[-121.88464,43.355423],[-121.884813,43.352289],[-121.885562,43.347352],[-121.883805,43.34408]]},"properties":{"OBJECTID":36,"fhdFtrID":35,"fhdRefID":53713,"fhdRevDt":"20190329","fhdONm":"Matthew Neilson","fhdOEnt":"USGS","fhdSpNm":"Brown trout","fhdRun":"NA","fhdLifeHst":"FluvRes","fhdUseTy":"Unknown","fhdBasis":"UndocObsFish","fhdStNm":"Basin Creek","fhdGenus":"Salmo","fhdSp":"trutta","fhdSubSp":null,"fhdOrig":"NonNative","fhdProd":"Natural","fhdComment":null,"fhdESH":"NA","fhdBasisD":null,"fhdNMF":"no","fhdBasisDt":null,"fhdBasisNm":null,"fhdBasisEnt":null,"fhdBasisPrj":null,"fhdBasisMethod":null,"fhdAccess":null,"fhdBarrierFtrID":null,"fhdEndExtent":null,"Shape__Length":8568.55778910366,"habitatType":"stream"},"id":36},
{"type":"Feature","geometry":{"type":"LineString","coordinates":[[-121.895107,43.342131],[-121.892614,43.342615],[-121.889535,43.341575],[-121.886679,43.343971],[-121.883805,43.34408],[-121.882772,43.343585],[-121.876681,43.343773],[-121.87006,43.344863],[-121.867576,43.34646],[-121.866432,43.348097],[-121.864951,43.348298],[-121.862136,43.350871],[-121.85843,43.351975],[-121.855161,43.352923],[-121.853959,43.352149],[-121.849994,43.352404],[-121.846867,43.354461],[-121.843244,43.355506],[-121.839309,43.358137],[-121.836623,43.3583],[-121.834019,43.360247],[-121.83017,43.359937],[-121.82897,43.360959],[-121.828101,43.363398],[-121.826063,43.36444]]},"properties":{"OBJECTID":37,"fhdFtrID":36,"fhdRefID":53713,"fhdRevDt":"20190329","fhdONm":"Matthew Neilson","fhdOEnt":"USGS","fhdSpNm":"Brown trout","fhdRun":"NA","fhdLifeHst":"FluvRes","fhdUseTy":"Unknown","fhdBasis":"UndocObsFish","fhdStNm":"Hemlock Creek","fhdGenus":"Salmo","fhdSp":"trutta","fhdSubSp":null,"fhdOrig":"NonNative","fhdProd":"Natural","fhdComment":null,"fhdESH":"NA","fhdBasisD":null,"fhdNMF":"no","fhdBasisDt":null,"fhdBasisNm":null,"fhdBasisEnt":null,"fhdBasisPrj":null,"fhdBasisMethod":null,"fhdAccess":null,"fhdBarrierFtrID":null,"fhdEndExtent":null,"Shape__Length":12684.345199417607,"habitatType":"stream"},"id":37},
{"type":"Feature","geometry":{"type":"LineString","coordinates":[[-121.985847,43.337751],[-121.982718,43.343386],[-121.98174,43.345811],[-121.979545,43.347468],[-121.977405,43.353109],[-121.977048,43.35597],[-121.978348,43.356963],[-121.977489,43.358352],[-121.977732,43.36043],[-121.978774,43.362605],[-121.975538,43.363196],[-121.97092,43.366211],[-121.965077,43.367311],[-121.964028,43.368562],[-121.961574,43.369524],[-121.958247,43.37282],[-121.956346,43.37405],[-121.954117,43.374134],[-121.953626,43.37599],[-121.95479,43.379417],[-121.954271,43.381612],[-121.954653,43.383075],[-121.952961,43.385903],[-121.953206,43.387898],[-121.952225,43.389405],[-121.948445,43.39062],[-121.94559,43.391106],[-121.943252,43.392069],[-121.940186,43.397101],[-121.936979,43.399916],[-121.935538,43.404015],[-121.936081,43.406117],[-121.936029,43.409302],[-121.936714,43.410921],[-121.938371,43.412176],[-121.939855,43.414375],[-121.941577,43.415367],[-121.939687,43.416588],[-121.937488,43.420053],[-121.938273,43.42195],[-121.937097,43.426351],[-121.937947,43.427403],[-121.937948,43.42926],[-121.936669,43.430096],[-121.934662,43.433093],[-121.932562,43.433311],[-121.933134,43.435067],[-121.932721,43.436727],[-121.933569,43.437504],[-121.932079,43.439161],[-121.932656,43.444272],[-121.934833,43.445309],[-121.934428,43.447461],[-121.937016,43.452648],[-121.937075,43.454091],[-121.9355,43.455568],[-121.933567,43.455961],[-121.931631,43.457701],[-121.929416,43.461583],[-121.926929,43.463004],[-121.92609,43.464872],[-121.923946,43.465768],[-121.923718,43.468326],[-121.923002,43.469708],[-121.923692,43.471064],[-121.921779,43.474609],[-121.92218,43.475296],[-121.919173,43.476957],[-121.918577,43.477804],[-121.914234,43.479505],[-121.912132,43.481143],[-121.909744,43.482256]]},"properties":{"OBJECTID":38,"fhdFtrID":37,"fhdRefID":53713,"fhdRevDt":"20190329","fhdONm":"Matthew Neilson","fhdOEnt":"USGS","fhdSpNm":"Brown trout","fhdRun":"NA","fhdLifeHst":"FluvRes","fhdUseTy":"Unknown","fhdBasis":"UndocObsFish","fhdStNm":"Big Marsh Creek","fhdGenus":"Salmo","fhdSp":"trutta","fhdSubSp":null,"fhdOrig":"NonNative","fhdProd":"Natural","fhdComment":null,"fhdESH":"NA","fhdBasisD":null,"fhdNMF":"no","fhdBasisDt":null,"fhdBasisNm":null,"fhdBasisEnt":null,"fhdBasisPrj":null,"fhdBasisMethod":null,"fhdAccess":null,"fhdBarrierFtrID":null,"fhdEndExtent":null,"Shape__Length":35574.994233551006,"habitatType":"stream"},"id":38},
{"type":"Feature","geometry":{"type":"LineString","coordinates":[[-121.252514,43.711857],[-121.256077,43.712839],[-121.260586,43.712701],[-121.262285,43.713118],[-121.26365,43.714643],[-121.267536,43.715818],[-121.27126,43.715208],[-121.275145,43.7133],[-121.285509,43.71197],[-121.289861,43.712144],[-121.296348,43.71189],[-121.298011,43.711575],[-121.300048,43.712176],[-121.302357,43.711826],[-121.308854,43.712093],[-121.310892,43.712898],[-121.316263,43.713013],[-121.320329,43.714991],[-121.326702,43.715273],[-121.329585,43.714235],[-121.335965,43.713347],[-121.338659,43.712468],[-121.339932,43.713107],[-121.343321,43.713535],[-121.346226,43.713073],[-121.352774,43.713684],[-121.355688,43.713619],[-121.359644,43.716665],[-121.365054,43.717956],[-121.368377,43.717123],[-121.371581,43.716871],[-121.374359,43.717178],[-121.378489,43.716687],[-121.380484,43.715905],[-121.385274,43.716396],[-121.388323,43.717979],[-121.388841,43.719967],[-121.392151,43.720571],[-121.394083,43.72219],[-121.397369,43.724147],[-121.399751,43.724694],[-121.40212,43.724304],[-121.40639,43.725759],[-121.409761,43.726463],[-121.411967,43.726134],[-121.415099,43.72742],[-121.415914,43.729016],[-121.421234,43.728288],[-121.431924,43.72071],[-121.435878,43.720476],[-121.436632,43.721063]]},"properties":{"OBJECTID":39,"fhdFtrID":38,"fhdRefID":53684,"fhdRevDt":"20190329","fhdONm":"Peter Robinson","fhdOEnt":"ODFW","fhdSpNm":"Brown trout","fhdRun":"NA","fhdLifeHst":"FluvRes","fhdUseTy":"Unknown","fhdBasis":"UndocObsFish","fhdStNm":"Paulina Creek","fhdGenus":"Salmo","fhdSp":"trutta","fhdSubSp":null,"fhdOrig":"NonNative","fhdProd":"Natural","fhdComment":"Migrants from Paulina Lake.","fhdESH":"NA","fhdBasisD":null,"fhdNMF":"no","fhdBasisDt":null,"fhdBasisNm":null,"fhdBasisEnt":null,"fhdBasisPrj":null,"fhdBasisMethod":null,"fhdAccess":null,"fhdBarrierFtrID":null,"fhdEndExtent":null,"Shape__Length":23813.18391025579,"habitatType":"stream"},"id":39},
{"type":"Feature","geometry":{"type":"LineString","coordinates":[[-121.654822,44.503855],[-121.651071,44.504752],[-121.648076,44.504284],[-121.646989,44.502826],[-121.644157,44.502923],[-121.642454,44.501526],[-121.642662,44.500628]]},"properties":{"OBJECTID":40,"fhdFtrID":39,"fhdRefID":53713,"fhdRevDt":"20190329","fhdONm":"Matthew Neilson","fhdOEnt":"USGS","fhdSpNm":"Brown trout","fhdRun":"NA","fhdLifeHst":"FluvRes","fhdUseTy":"Unknown","fhdBasis":"UndocObsFish","fhdStNm":"Canyon Creek","fhdGenus":"Salmo","fhdSp":"trutta","fhdSubSp":null,"fhdOrig":"NonNative","fhdProd":"Natural","fhdComment":null,"fhdESH":"NA","fhdBasisD":null,"fhdNMF":"no","fhdBasisDt":null,"fhdBasisNm":null,"fhdBasisEnt":null,"fhdBasisPrj":null,"fhdBasisMethod":null,"fhdAccess":null,"fhdBarrierFtrID":null,"fhdEndExtent":null,"Shape__Length":1918.4413683822577,"habitatType":"stream"},"id":40},
{"type":"Feature","geometry":{"type":"LineString","coordinates":[[-121.64782,44.493109],[-121.648936,44.494283],[-121.652051,44.495527],[-121.654893,44.497225],[-121.65714,44.496847]]},"properties":{"OBJECTID":41,"fhdFtrID":40,"fhdRefID":53713,"fhdRevDt":"20190329","fhdONm":"Matthew Neilson","fhdOEnt":"USGS","fhdSpNm":"Brown trout","fhdRun":"NA","fhdLifeHst":"FluvRes","fhdUseTy":"Unknown","fhdBasis":"UndocObsFish","fhdStNm":"Jack Creek","fhdGenus":"Salmo","fhdSp":"trutta","fhdSubSp":null,"fhdOrig":"NonNative","fhdProd":"Natural","fhdComment":null,"fhdESH":"NA","fhdBasisD":null,"fhdNMF":"no","fhdBasisDt":null,"fhdBasisNm":null,"fhdBasisEnt":null,"fhdBasisPrj":null,"fhdBasisMethod":null,"fhdAccess":null,"fhdBarrierFtrID":null,"fhdEndExtent":null,"Shape__Length":1779.6924168585185,"habitatType":"stream"},"id":41},
{"type":"Feature","geometry":{"type":"LineString","coordinates":[[-121.638109,44.434427],[-121.639326,44.436555],[-121.639143,44.438822],[-121.637527,44.440198],[-121.636221,44.443545],[-121.638846,44.445701],[-121.639571,44.448073],[-121.641218,44.449907],[-121.642455,44.452812],[-121.64339,44.456523],[-121.644603,44.458684],[-121.643411,44.46052],[-121.640907,44.461989],[-121.639335,44.465455],[-121.639835,44.466388],[-121.638413,44.470395],[-121.638501,44.473714],[-121.638002,44.475909],[-121.636372,44.47819],[-121.638922,44.481731],[-121.639124,44.484191]]},"properties":{"OBJECTID":42,"fhdFtrID":41,"fhdRefID":53713,"fhdRevDt":"20190329","fhdONm":"Matthew Neilson","fhdOEnt":"USGS","fhdSpNm":"Brown trout","fhdRun":"NA","fhdLifeHst":"FluvRes","fhdUseTy":"Unknown","fhdBasis":"UndocObsFish","fhdStNm":"Metolius River","fhdGenus":"Salmo","fhdSp":"trutta","fhdSubSp":null,"fhdOrig":"NonNative","fhdProd":"Natural","fhdComment":null,"fhdESH":"NA","fhdBasisD":null,"fhdNMF":"no","fhdBasisDt":null,"fhdBasisNm":null,"fhdBasisEnt":null,"fhdBasisPrj":null,"fhdBasisMethod":null,"fhdAccess":null,"fhdBarrierFtrID":null,"fhdEndExtent":null,"Shape__Length":8667.345722857994,"habitatType":"stream"},"id":42},
{"type":"Feature","geometry":{"type":"LineString","coordinates":[[-121.646569,44.453219],[-121.646678,44.455045],[-121.64339,44.456523]]},"properties":{"OBJECTID":43,"fhdFtrID":42,"fhdRefID":53713,"fhdRevDt":"20190329","fhdONm":"Matthew Neilson","fhdOEnt":"USGS","fhdSpNm":"Brown trout","fhdRun":"NA","fhdLifeHst":"FluvRes","fhdUseTy":"Unknown","fhdBasis":"UndocObsFish","fhdStNm":"North Fork Lake Creek","fhdGenus":"Salmo","fhdSp":"trutta","fhdSubSp":null,"fhdOrig":"NonNative","fhdProd":"Natural","fhdComment":null,"fhdESH":"NA","fhdBasisD":null,"fhdNMF":"no","fhdBasisDt":null,"fhdBasisNm":null,"fhdBasisEnt":null,"fhdBasisPrj":null,"fhdBasisMethod":null,"fhdAccess":null,"fhdBarrierFtrID":null,"fhdEndExtent":null,"Shape__Length":853.7035608274709,"habitatType":"stream"},"id":43},
{"type":"Feature","geometry":{"type":"LineString","coordinates":[[-121.664315,44.438917],[-121.662798,44.439638],[-121.66282,44.440898],[-121.659184,44.443286],[-121.65698,44.443485],[-121.652406,44.445106],[-121.651312,44.446777],[-121.649163,44.447318],[-121.647657,44.448876],[-121.645638,44.448699],[-121.644611,44.451505],[-121.642455,44.452812]]},"properties":{"OBJECTID":44,"fhdFtrID":43,"fhdRefID":53713,"fhdRevDt":"20190329","fhdONm":"Matthew Neilson","fhdOEnt":"USGS","fhdSpNm":"Brown trout","fhdRun":"NA","fhdLifeHst":"FluvRes","fhdUseTy":"Unknown","fhdBasis":"UndocObsFish","fhdStNm":"South Fork Lake Creek","fhdGenus":"Salmo","fhdSp":"trutta","fhdSubSp":null,"fhdOrig":"NonNative","fhdProd":"Natural","fhdComment":null,"fhdESH":"NA","fhdBasisD":null,"fhdNMF":"no","fhdBasisDt":null,"fhdBasisNm":null,"fhdBasisEnt":null,"fhdBasisPrj":null,"fhdBasisMethod":null,"fhdAccess":null,"fhdBarrierFtrID":null,"fhdEndExtent":null,"Shape__Length":5160.194628300315,"habitatType":"stream"},"id":44},
{"type":"Feature","geometry":{"type":"LineString","coordinates":[[-121.523727,44.291237],[-121.523269,44.289808],[-121.519661,44.289002],[-121.516112,44.287081],[-121.511869,44.290232],[-121.507641,44.291593],[-121.50623,44.295934],[-121.507759,44.298297],[-121.507783,44.300892],[-121.509735,44.302359],[-121.510273,44.304006],[-121.509765,44.305668],[-121.510529,44.306841],[-121.510456,44.309068],[-121.509523,44.30985],[-121.510045,44.311574],[-121.511979,44.314048],[-121.513541,44.314774],[-121.515514,44.317266],[-121.514884,44.3191],[-121.511752,44.320451],[-121.508221,44.323222],[-121.50652,44.325014],[-121.504892,44.325144],[-121.502624,44.327171],[-121.498624,44.327782],[-121.496458,44.327249],[-121.494002,44.329063],[-121.492227,44.328992],[-121.486193,44.32989],[-121.484505,44.328676],[-121.481911,44.328796],[-121.478569,44.329785],[-121.477178,44.330828],[-121.475494,44.333432],[-121.472399,44.333859],[-121.471837,44.335202],[-121.469425,44.335616],[-121.466715,44.336875],[-121.462205,44.335958],[-121.458485,44.337468],[-121.458398,44.338503],[-121.456238,44.339935],[-121.450195,44.342189],[-121.447322,44.343765],[-121.444793,44.346522],[-121.444614,44.348369],[-121.443029,44.350489],[-121.440171,44.351412],[-121.436967,44.351831],[-121.435643,44.354591],[-121.43341,44.35569],[-121.432104,44.357658],[-121.428548,44.359826],[-121.428556,44.361689],[-121.426612,44.363435],[-121.423887,44.363632],[-121.419899,44.366755],[-121.415492,44.368821],[-121.415721,44.372005],[-121.412292,44.374557],[-121.409343,44.378484],[-121.407927,44.378848],[-121.408588,44.380918],[-121.407002,44.382304],[-121.407935,44.384595],[-121.407889,44.386547],[-121.406441,44.387191],[-121.406969,44.39004],[-121.405452,44.391678],[-121.405744,44.394381],[-121.404238,44.397035],[-121.40438,44.400028],[-121.40281,44.402103],[-121.402662,44.405224],[-121.401342,44.407612],[-121.398035,44.409578],[-121.396982,44.411219],[-121.39482,44.412235],[-121.39447,44.41438],[-121.392213,44.416162],[-121.3871,44.418078],[-121.385357,44.419529],[-121.384779,44.421092],[-121.387631,44.422118],[-121.388049,44.423282],[-121.384573,44.42614],[-121.384009,44.427218],[-121.381723,44.42837],[-121.381172,44.430544],[-121.380203,44.431033],[-121.375431,44.428573],[-121.372895,44.428712],[-121.371046,44.430003],[-121.372738,44.432159],[-121.372247,44.433172],[-121.369104,44.434226],[-121.362969,44.432604],[-121.360754,44.433581],[-121.359509,44.435134],[-121.357631,44.43602],[-121.355788,44.437796],[-121.354655,44.440949],[-121.351178,44.440136],[-121.349858,44.441195],[-121.351562,44.44256],[-121.351301,44.443741],[-121.349429,44.444357],[-121.345605,44.444277],[-121.345968,44.446359],[-121.347294,44.446604],[-121.347344,44.448717],[-121.345748,44.449307],[-121.345045,44.450957],[-121.346554,44.453646],[-121.343814,44.455343],[-121.337979,44.458056],[-121.336823,44.459698],[-121.335533,44.460088]]},"properties":{"OBJECTID":45,"fhdFtrID":44,"fhdRefID":53684,"fhdRevDt":"20190329","fhdONm":"Peter Robinson","fhdOEnt":"ODFW","fhdSpNm":"Brown trout","fhdRun":"NA","fhdLifeHst":"FluvRes","fhdUseTy":"Unknown","fhdBasis":"UndocObsFish","fhdStNm":"Whychus Creek","fhdGenus":"Salmo","fhdSp":"trutta","fhdSubSp":null,"fhdOrig":"NonNative","fhdProd":"Natural","fhdComment":null,"fhdESH":"NA","fhdBasisD":null,"fhdNMF":"no","fhdBasisDt":null,"fhdBasisNm":null,"fhdBasisEnt":null,"fhdBasisPrj":null,"fhdBasisMethod":null,"fhdAccess":null,"fhdBarrierFtrID":null,"fhdEndExtent":null,"Shape__Length":51609.624594738125,"habitatType":"stream"},"id":45},
{"type":"Feature","geometry":{"type":"LineString","coordinates":[[-122.709598,43.333616],[-122.71297,43.335498],[-122.718015,43.336184],[-122.720692,43.33691],[-122.72344,43.338221],[-122.724083,43.340611],[-122.727852,43.341471],[-122.732882,43.340204],[-122.735422,43.343484],[-122.737004,43.344888],[-122.740052,43.344571],[-122.743791,43.339859],[-122.747799,43.341125],[-122.750828,43.343254],[-122.75452,43.343604],[-122.758021,43.342873],[-122.761163,43.341764],[-122.763829,43.339592],[-122.766611,43.336104]]},"properties":{"OBJECTID":46,"fhdFtrID":45,"fhdRefID":53713,"fhdRevDt":"20190329","fhdONm":"Matthew Neilson","fhdOEnt":"USGS","fhdSpNm":"Brown trout","fhdRun":"NA","fhdLifeHst":"FluvRes","fhdUseTy":"Unknown","fhdBasis":"UndocObsFish","fhdStNm":"North Umpqua River","fhdGenus":"Salmo","fhdSp":"trutta","fhdSubSp":null,"fhdOrig":"NonNative","fhdProd":"Natural","fhdComment":null,"fhdESH":"NA","fhdBasisD":null,"fhdNMF":"no","fhdBasisDt":null,"fhdBasisNm":null,"fhdBasisEnt":null,"fhdBasisPrj":null,"fhdBasisMethod":null,"fhdAccess":null,"fhdBarrierFtrID":null,"fhdEndExtent":null,"Shape__Length":8599.185028703623,"habitatType":"stream"},"id":46},
{"type":"Feature","geometry":{"type":"LineString","coordinates":[[-122.41976,43.263967],[-122.421072,43.26325],[-122.423577,43.264373],[-122.425965,43.263114],[-122.428146,43.263786],[-122.430297,43.262715],[-122.432239,43.262576],[-122.436112,43.26354],[-122.437093,43.264687],[-122.441021,43.265574],[-122.442402,43.264862],[-122.445149,43.265665],[-122.447175,43.268535],[-122.447208,43.271554],[-122.448806,43.274751],[-122.448812,43.276161],[-122.452642,43.277544],[-122.456493,43.277889],[-122.457666,43.277501],[-122.461446,43.278955],[-122.465953,43.282297],[-122.468252,43.283386],[-122.47038,43.285428],[-122.470749,43.286979],[-122.473328,43.290209],[-122.473483,43.294274],[-122.478941,43.296768],[-122.480547,43.296286],[-122.485313,43.297137],[-122.487656,43.298575],[-122.48972,43.299092],[-122.491726,43.301775],[-122.494777,43.302721]]},"properties":{"OBJECTID":47,"fhdFtrID":46,"fhdRefID":53713,"fhdRevDt":"20190329","fhdONm":"Matthew Neilson","fhdOEnt":"USGS","fhdSpNm":"Brown trout","fhdRun":"NA","fhdLifeHst":"FluvRes","fhdUseTy":"Unknown","fhdBasis":"UndocObsFish","fhdStNm":"North Umpqua River","fhdGenus":"Salmo","fhdSp":"trutta","fhdSubSp":null,"fhdOrig":"NonNative","fhdProd":"Natural","fhdComment":null,"fhdESH":"NA","fhdBasisD":null,"fhdNMF":"no","fhdBasisDt":null,"fhdBasisNm":null,"fhdBasisEnt":null,"fhdBasisPrj":null,"fhdBasisMethod":null,"fhdAccess":null,"fhdBarrierFtrID":null,"fhdEndExtent":null,"Shape__Length":12936.434860876156,"habitatType":"stream"},"id":47},
{"type":"Feature","geometry":{"type":"LineString","coordinates":[[-122.281458,43.245499],[-122.282232,43.243935],[-122.286985,43.244255],[-122.289815,43.245441],[-122.294784,43.249026],[-122.29718,43.249609],[-122.302541,43.248797],[-122.30562,43.247507],[-122.309863,43.247826],[-122.31633,43.250215],[-122.323727,43.251291],[-122.325529,43.25202],[-122.331484,43.252256],[-122.336147,43.250696],[-122.337651,43.251042],[-122.342866,43.24943],[-122.345155,43.248255],[-122.347092,43.245861],[-122.350237,43.243906],[-122.354577,43.243834],[-122.356318,43.243108],[-122.361987,43.242766],[-122.365897,43.241293],[-122.370852,43.240808],[-122.374802,43.2413],[-122.376812,43.242281],[-122.378545,43.244077],[-122.380812,43.244824],[-122.383205,43.246939],[-122.38931,43.247408],[-122.395076,43.250249],[-122.398049,43.251068],[-122.400594,43.2526],[-122.404491,43.253535],[-122.405879,43.255198],[-122.409845,43.255381],[-122.41293,43.257149],[-122.41976,43.263967]]},"properties":{"OBJECTID":48,"fhdFtrID":47,"fhdRefID":53713,"fhdRevDt":"20190329","fhdONm":"Matthew Neilson","fhdOEnt":"USGS","fhdSpNm":"Brown trout","fhdRun":"NA","fhdLifeHst":"FluvRes","fhdUseTy":"Unknown","fhdBasis":"UndocObsFish","fhdStNm":"Clearwater River","fhdGenus":"Salmo","fhdSp":"trutta","fhdSubSp":null,"fhdOrig":"NonNative","fhdProd":"Natural","fhdComment":null,"fhdESH":"NA","fhdBasisD":null,"fhdNMF":"no","fhdBasisDt":null,"fhdBasisNm":null,"fhdBasisEnt":null,"fhdBasisPrj":null,"fhdBasisMethod":null,"fhdAccess":null,"fhdBarrierFtrID":null,"fhdEndExtent":null,"Shape__Length":18525.35746651753,"habitatType":"stream"},"id":48},
{"type":"Feature","geometry":{"type":"LineString","coordinates":[[-122.372161,43.005217],[-122.375465,43.002879],[-122.373676,43.002105],[-122.373377,42.999966],[-122.37588,42.997847],[-122.375966,42.995145],[-122.377477,42.994598],[-122.376633,42.992531],[-122.378337,42.991354],[-122.380374,42.991354],[-122.380917,42.990388],[-122.383953,42.990837],[-122.385716,42.98998],[-122.389567,42.990505],[-122.390758,42.98914],[-122.39265,42.988409],[-122.397145,42.988176],[-122.399663,42.987048],[-122.400583,42.9841],[-122.399929,42.979947],[-122.402909,42.979911],[-122.401795,42.976775],[-122.39953,42.975992],[-122.402402,42.973096],[-122.406004,42.973708],[-122.406162,42.972651],[-122.404274,42.971248],[-122.408235,42.969551],[-122.407989,42.967557],[-122.410213,42.966932],[-122.410568,42.962726],[-122.408441,42.960212],[-122.40576,42.958662],[-122.407598,42.95721],[-122.411261,42.956505],[-122.411711,42.954618],[-122.413713,42.953335],[-122.413775,42.952143],[-122.411159,42.951279],[-122.413156,42.950105],[-122.412945,42.948085],[-122.415474,42.947707],[-122.417443,42.949155],[-122.418175,42.946221],[-122.419364,42.945263],[-122.419762,42.942892],[-122.420747,42.942321],[-122.422286,42.944248],[-122.425823,42.942865],[-122.424819,42.942266],[-122.425381,42.939902],[-122.422504,42.939043],[-122.422705,42.935046],[-122.422119,42.933218],[-122.423169,42.932087],[-122.42397,42.929108],[-122.426272,42.925784],[-122.428344,42.924767],[-122.429725,42.922568],[-122.430493,42.920032],[-122.433004,42.918816],[-122.437854,42.917194],[-122.43794,42.915787],[-122.439281,42.913995],[-122.439757,42.910945],[-122.442333,42.910467],[-122.447009,42.912676],[-122.447292,42.914392],[-122.44967,42.915443],[-122.451894,42.915463],[-122.452889,42.91101],[-122.457875,42.910278],[-122.461915,42.911021],[-122.462906,42.908375],[-122.461239,42.906482],[-122.463797,42.903022],[-122.465435,42.902217],[-122.465424,42.900156],[-122.467412,42.898147],[-122.466042,42.89683],[-122.468262,42.895078],[-122.468461,42.894145],[-122.465217,42.891836],[-122.464493,42.890589],[-122.466462,42.888469],[-122.470908,42.88862],[-122.472148,42.887157],[-122.474804,42.885342],[-122.477162,42.885308],[-122.477971,42.883919],[-122.482145,42.882423],[-122.482518,42.88072],[-122.485389,42.8785],[-122.487343,42.87515],[-122.495046,42.870704],[-122.497363,42.866911],[-122.499583,42.865491],[-122.501192,42.865547],[-122.505626,42.862563],[-122.507151,42.862886],[-122.507666,42.861301],[-122.509794,42.859466],[-122.504783,42.858667],[-122.504222,42.857743],[-122.506068,42.85639],[-122.503696,42.854934],[-122.500083,42.853961],[-122.50006,42.852262],[-122.498597,42.851523],[-122.500087,42.849713],[-122.497827,42.84417],[-122.498563,42.843077],[-122.496139,42.839484],[-122.496328,42.83554],[-122.497233,42.833618],[-122.496943,42.829528],[-122.499452,42.828679],[-122.499506,42.82615],[-122.498083,42.823929],[-122.495007,42.822465],[-122.493348,42.819295],[-122.491541,42.817833],[-122.491132,42.816276],[-122.492567,42.814944],[-122.492814,42.812614],[-122.490973,42.810584],[-122.490741,42.807823],[-122.488519,42.80675],[-122.48775,42.803424],[-122.489281,42.803197],[-122.489199,42.798122],[-122.491494,42.795642],[-122.493327,42.791809],[-122.492559,42.789496],[-122.494319,42.788027],[-122.495969,42.783223],[-122.495687,42.779685],[-122.497598,42.777541],[-122.499393,42.776832],[-122.500041,42.772351],[-122.498738,42.770715],[-122.499731,42.769702],[-122.500418,42.767445],[-122.500565,42.763276],[-122.50237,42.762541],[-122.501377,42.761019],[-122.500866,42.758594],[-122.497496,42.755945],[-122.497264,42.753297],[-122.496187,42.74879],[-122.496676,42.746692],[-122.495091,42.74423],[-122.496665,42.741741],[-122.495765,42.739731],[-122.496939,42.738076],[-122.499353,42.737878],[-122.501144,42.736438],[-122.502698,42.736665],[-122.504305,42.735591],[-122.508283,42.734974],[-122.510425,42.733907],[-122.511037,42.732045],[-122.514403,42.73092],[-122.516163,42.729059],[-122.51624,42.727479],[-122.5206,42.724886],[-122.523277,42.723816],[-122.525724,42.722183],[-122.529931,42.718463],[-122.532989,42.71694],[-122.535668,42.716235],[-122.539286,42.716036],[-122.547122,42.712409],[-122.551149,42.712792],[-122.552723,42.712488],[-122.554523,42.70994],[-122.558492,42.709579],[-122.565244,42.71203],[-122.568336,42.712264],[-122.569836,42.711824],[-122.571919,42.709546],[-122.57373,42.706479],[-122.57509,42.703186],[-122.57976,42.702094],[-122.583658,42.703129],[-122.586408,42.703145],[-122.59256,42.701972],[-122.595356,42.701014],[-122.597034,42.699755],[-122.598773,42.695242],[-122.600748,42.694178],[-122.610547,42.692745],[-122.614061,42.691535],[-122.617614,42.689754],[-122.621288,42.689676],[-122.623955,42.688098],[-122.628188,42.684572],[-122.631522,42.684177],[-122.637132,42.685162],[-122.643654,42.685047],[-122.650037,42.682175],[-122.658974,42.674989],[-122.663533,42.672733],[-122.673935,42.672763]]},"properties":{"OBJECTID":49,"fhdFtrID":48,"fhdRefID":53713,"fhdRevDt":"20190329","fhdONm":"Matthew Neilson","fhdOEnt":"USGS","fhdSpNm":"Brown trout","fhdRun":"NA","fhdLifeHst":"FluvRes","fhdUseTy":"Unknown","fhdBasis":"UndocObsFish","fhdStNm":"Rogue River","fhdGenus":"Salmo","fhdSp":"trutta","fhdSubSp":null,"fhdOrig":"NonNative","fhdProd":"Natural","fhdComment":null,"fhdESH":"NA","fhdBasisD":null,"fhdNMF":"no","fhdBasisDt":null,"fhdBasisNm":null,"fhdBasisEnt":null,"fhdBasisPrj":null,"fhdBasisMethod":null,"fhdAccess":null,"fhdBarrierFtrID":null,"fhdEndExtent":null,"Shape__Length":88811.52757901247,"habitatType":"stream"},"id":49},
{"type":"Feature","geometry":{"type":"LineString","coordinates":[[-122.487084,42.918831],[-122.488956,42.917441],[-122.488796,42.915755],[-122.491204,42.911452],[-122.491726,42.909303],[-122.491042,42.908438],[-122.49348,42.904172],[-122.493033,42.902218],[-122.49507,42.899971],[-122.496039,42.896866],[-122.500078,42.89473],[-122.499864,42.893939],[-122.501607,42.892034],[-122.50388,42.891611],[-122.506334,42.888237],[-122.504845,42.885218],[-122.505857,42.882528],[-122.505365,42.88095],[-122.506913,42.878702],[-122.511701,42.878215]]},"properties":{"OBJECTID":50,"fhdFtrID":49,"fhdRefID":53713,"fhdRevDt":"20190329","fhdONm":"Matthew Neilson","fhdOEnt":"USGS","fhdSpNm":"Brown trout","fhdRun":"NA","fhdLifeHst":"FluvRes","fhdUseTy":"Unknown","fhdBasis":"UndocObsFish","fhdStNm":"Woodruff Creek","fhdGenus":"Salmo","fhdSp":"trutta","fhdSubSp":null,"fhdOrig":"NonNative","fhdProd":"Natural","fhdComment":null,"fhdESH":"NA","fhdBasisD":null,"fhdNMF":"no","fhdBasisDt":null,"fhdBasisNm":null,"fhdBasisEnt":null,"fhdBasisPrj":null,"fhdBasisMethod":null,"fhdAccess":null,"fhdBarrierFtrID":null,"fhdEndExtent":null,"Shape__Length":9977.077639093122,"habitatType":"stream"},"id":50},
{"type":"Feature","geometry":{"type":"LineString","coordinates":[[-122.511701,42.878215],[-122.512505,42.877556],[-122.509083,42.874189],[-122.510942,42.87244],[-122.51042,42.869679],[-122.511377,42.869118],[-122.509959,42.865456],[-122.511643,42.863298],[-122.514359,42.861246],[-122.513442,42.859557],[-122.511502,42.858469],[-122.509794,42.859466]]},"properties":{"OBJECTID":51,"fhdFtrID":50,"fhdRefID":53713,"fhdRevDt":"20190329","fhdONm":"Matthew Neilson","fhdOEnt":"USGS","fhdSpNm":"Brown trout","fhdRun":"NA","fhdLifeHst":"FluvRes","fhdUseTy":"Unknown","fhdBasis":"UndocObsFish","fhdStNm":"Abbott Creek","fhdGenus":"Salmo","fhdSp":"trutta","fhdSubSp":null,"fhdOrig":"NonNative","fhdProd":"Natural","fhdComment":null,"fhdESH":"NA","fhdBasisD":null,"fhdNMF":"no","fhdBasisDt":null,"fhdBasisNm":null,"fhdBasisEnt":null,"fhdBasisPrj":null,"fhdBasisMethod":null,"fhdAccess":null,"fhdBarrierFtrID":null,"fhdEndExtent":null,"Shape__Length":4549.872529538337,"habitatType":"stream"},"id":51},
{"type":"Feature","geometry":{"type":"LineString","coordinates":[[-121.981512,42.74373],[-121.980969,42.742411],[-121.986859,42.738951],[-121.988513,42.736782],[-121.988322,42.731647],[-121.989772,42.728891],[-121.98837,42.728699],[-121.989855,42.72565],[-121.990415,42.723133],[-121.989644,42.721686],[-121.989706,42.719349],[-121.987249,42.718604],[-121.987196,42.71682],[-121.990231,42.713936],[-121.991279,42.712086],[-121.990362,42.710626],[-121.991954,42.709714],[-121.993292,42.707996],[-121.993291,42.706222],[-121.992098,42.704077],[-121.990922,42.703764],[-121.990005,42.701882],[-121.989996,42.699735],[-121.9912,42.698676],[-121.989227,42.697557],[-121.988697,42.695174],[-121.989916,42.69356],[-121.989067,42.692512],[-121.988789,42.689811],[-121.990106,42.688845],[-121.989746,42.68571],[-121.991322,42.683991],[-121.99225,42.681828],[-121.990314,42.6792],[-121.988349,42.678904],[-121.989515,42.675687],[-121.98671,42.675683],[-121.983823,42.674333],[-121.98159,42.672676],[-121.979826,42.672238],[-121.97778,42.670724],[-121.977771,42.66894],[-121.979719,42.66716],[-121.979703,42.666178],[-121.981361,42.664865],[-121.980348,42.663422],[-121.982534,42.661922],[-121.984356,42.662113],[-121.986837,42.661482],[-121.986031,42.660394],[-121.987853,42.657168],[-121.989467,42.655426],[-121.988961,42.653263],[-121.989292,42.649656],[-121.991963,42.650171],[-121.992951,42.649314],[-121.993513,42.646613],[-121.995617,42.645377],[-121.994158,42.643929],[-121.991689,42.643249],[-121.993093,42.641832],[-121.99023,42.641235],[-121.986339,42.638135],[-121.984413,42.637642],[-121.981729,42.637885],[-121.981394,42.637083],[-121.978241,42.636157],[-121.976143,42.634417],[-121.974567,42.634325],[-121.975123,42.632068],[-121.973614,42.631048],[-121.973761,42.629697],[-121.972236,42.627886],[-121.972645,42.626519],[-121.972113,42.623951],[-121.970752,42.622173],[-121.969235,42.621328],[-121.967108,42.619138],[-121.962284,42.617108],[-121.960989,42.612673],[-121.957473,42.609808],[-121.956075,42.607486],[-121.951304,42.604877],[-121.949435,42.603269],[-121.947455,42.600649],[-121.947259,42.599452],[-121.944174,42.59758],[-121.942027,42.592766],[-121.942984,42.588791],[-121.941004,42.584101],[-121.941547,42.580984],[-121.940825,42.580211],[-121.941441,42.576477],[-121.952614,42.564373],[-121.971478,42.531781],[-122.00351,42.51278],[-122.003366,42.49798],[-122.011259,42.463116],[-122.012672,42.45734],[-122.002395,42.447464]]},"properties":{"OBJECTID":52,"fhdFtrID":51,"fhdRefID":53580,"fhdRevDt":"20190329","fhdONm":"Jay Stevens","fhdOEnt":"BLM","fhdSpNm":"Brown trout","fhdRun":"NA","fhdLifeHst":"FluvRes","fhdUseTy":"Unknown","fhdBasis":"UndocObsFish","fhdStNm":"Wood River","fhdGenus":"Salmo","fhdSp":"trutta","fhdSubSp":null,"fhdOrig":"NonNative","fhdProd":"Natural","fhdComment":null,"fhdESH":"NA","fhdBasisD":null,"fhdNMF":"no","fhdBasisDt":null,"fhdBasisNm":null,"fhdBasisEnt":null,"fhdBasisPrj":null,"fhdBasisMethod":null,"fhdAccess":null,"fhdBarrierFtrID":null,"fhdEndExtent":null,"Shape__Length":68194.2050001007,"habitatType":"stream"},"id":52},
{"type":"Feature","geometry":{"type":"LineString","coordinates":[[-121.862565,42.640431],[-121.863403,42.638571],[-121.866073,42.635693],[-121.870581,42.636818],[-121.877277,42.64099],[-121.879645,42.64009],[-121.880029,42.638455],[-121.878273,42.635466],[-121.877512,42.63191],[-121.876825,42.63067],[-121.870876,42.628247],[-121.87011,42.625993],[-121.86904,42.625262],[-121.86751,42.622779],[-121.8701,42.617649],[-121.870327,42.615846],[-121.869025,42.612123],[-121.869327,42.609194],[-121.867417,42.60705],[-121.866346,42.604739],[-121.864818,42.603274],[-121.863287,42.599102],[-121.861912,42.597805],[-121.860917,42.59431],[-121.860988,42.58907],[-121.859993,42.586138],[-121.862203,42.582413],[-121.865404,42.579311],[-121.866621,42.575478],[-121.869366,42.574122],[-121.87295,42.573388],[-121.873558,42.571696],[-121.877351,42.570963],[-121.879564,42.569666],[-121.882084,42.567412],[-121.881247,42.565891],[-121.878427,42.563522],[-121.877287,42.560422],[-121.875449,42.558783],[-121.876055,42.554894],[-121.875365,42.552073],[-121.87559,42.549085],[-121.878372,42.545141],[-121.881118,42.543452],[-121.881197,42.541084],[-121.879601,42.536683],[-121.878231,42.535445],[-121.878081,42.533187],[-121.879455,42.531327],[-121.880678,42.528057],[-121.883805,42.526201],[-121.885865,42.523776],[-121.893029,42.523498],[-121.903013,42.522878],[-121.907737,42.525306],[-121.912615,42.523898],[-121.915283,42.522545],[-121.917722,42.520119],[-121.916809,42.517246],[-121.916658,42.51448],[-121.917877,42.513186],[-121.92146,42.510819],[-121.922526,42.50783],[-121.926413,42.503094],[-121.928318,42.499883],[-121.926155,42.497566],[-121.925393,42.495362],[-121.926691,42.494289],[-121.933181,42.494232],[-121.936464,42.493556],[-121.941427,42.491576],[-121.942877,42.489995],[-121.943141,42.487784],[-121.947646,42.484025],[-121.949185,42.481698],[-121.954599,42.482602],[-121.955379,42.481377],[-121.95523,42.479086],[-121.956106,42.47689],[-121.956378,42.471621],[-121.957507,42.469677],[-121.957327,42.46785],[-121.957795,42.455519],[-121.957747,42.440513]]},"properties":{"OBJECTID":53,"fhdFtrID":52,"fhdRefID":53684,"fhdRevDt":"20190329","fhdONm":"Peter Robinson","fhdOEnt":"ODFW","fhdSpNm":"Brown trout","fhdRun":"NA","fhdLifeHst":"FluvRes","fhdUseTy":"Unknown","fhdBasis":"UndocObsFish","fhdStNm":"Williamson River","fhdGenus":"Salmo","fhdSp":"trutta","fhdSubSp":null,"fhdOrig":"NonNative","fhdProd":"Natural","fhdComment":null,"fhdESH":"NA","fhdBasisD":null,"fhdNMF":"no","fhdBasisDt":null,"fhdBasisNm":null,"fhdBasisEnt":null,"fhdBasisPrj":null,"fhdBasisMethod":null,"fhdAccess":null,"fhdBarrierFtrID":null,"fhdEndExtent":null,"Shape__Length":42922.39228671992,"habitatType":"stream"},"id":53},
{"type":"Feature","geometry":{"type":"LineString","coordinates":[[-121.891599,42.675446],[-121.888088,42.672763],[-121.882993,42.666986],[-121.881619,42.664843],[-121.881391,42.663035],[-121.883684,42.660897],[-121.884754,42.658417],[-121.884603,42.655934],[-121.881548,42.654581],[-121.880632,42.651929],[-121.882544,42.649282],[-121.881857,42.647812],[-121.882317,42.645277],[-121.880332,42.643528],[-121.877735,42.642625],[-121.877277,42.64099]]},"properties":{"OBJECTID":54,"fhdFtrID":53,"fhdRefID":53684,"fhdRevDt":"20190329","fhdONm":"Peter Robinson","fhdOEnt":"ODFW","fhdSpNm":"Brown trout","fhdRun":"NA","fhdLifeHst":"FluvRes","fhdUseTy":"Unknown","fhdBasis":"UndocObsFish","fhdStNm":"Spring Creek","fhdGenus":"Salmo","fhdSp":"trutta","fhdSubSp":null,"fhdOrig":"NonNative","fhdProd":"Natural","fhdComment":null,"fhdESH":"NA","fhdBasisD":null,"fhdNMF":"no","fhdBasisDt":null,"fhdBasisNm":null,"fhdBasisEnt":null,"fhdBasisPrj":null,"fhdBasisMethod":null,"fhdAccess":null,"fhdBarrierFtrID":null,"fhdEndExtent":null,"Shape__Length":6523.2403814013005,"habitatType":"stream"},"id":54},
{"type":"Feature","geometry":{"type":"LineString","coordinates":[[-122.051479,42.611576],[-122.053174,42.612747],[-122.055548,42.61334],[-122.056992,42.614933],[-122.05712,42.616429],[-122.058496,42.618263],[-122.061242,42.618372],[-122.062526,42.62093],[-122.065013,42.622462],[-122.064964,42.624414],[-122.066321,42.624464],[-122.069325,42.627348],[-122.071446,42.62893],[-122.071466,42.629981],[-122.073918,42.631503],[-122.074316,42.632597],[-122.076985,42.633278]]},"properties":{"OBJECTID":55,"fhdFtrID":54,"fhdRefID":53580,"fhdRevDt":"20190329","fhdONm":"Jay Stevens","fhdOEnt":"BLM","fhdSpNm":"Brown trout","fhdRun":"NA","fhdLifeHst":"FluvRes","fhdUseTy":"Unknown","fhdBasis":"UndocObsFish","fhdStNm":"Fourmile Creek","fhdGenus":"Salmo","fhdSp":"trutta","fhdSubSp":null,"fhdOrig":"NonNative","fhdProd":"Natural","fhdComment":null,"fhdESH":"NA","fhdBasisD":null,"fhdNMF":"no","fhdBasisDt":null,"fhdBasisNm":null,"fhdBasisEnt":null,"fhdBasisPrj":null,"fhdBasisMethod":null,"fhdAccess":null,"fhdBarrierFtrID":null,"fhdEndExtent":null,"Shape__Length":5290.023240659119,"habitatType":"stream"},"id":55},
{"type":"Feature","geometry":{"type":"LineString","coordinates":[[-122.080842,42.629907],[-122.077542,42.632279],[-122.076985,42.633278]]},"properties":{"OBJECTID":56,"fhdFtrID":55,"fhdRefID":53580,"fhdRevDt":"20190329","fhdONm":"Jay Stevens","fhdOEnt":"BLM","fhdSpNm":"Brown trout","fhdRun":"NA","fhdLifeHst":"FluvRes","fhdUseTy":"Unknown","fhdBasis":"UndocObsFish","fhdStNm":"Cherry Creek","fhdGenus":"Salmo","fhdSp":"trutta","fhdSubSp":null,"fhdOrig":"NonNative","fhdProd":"Natural","fhdComment":null,"fhdESH":"NA","fhdBasisD":null,"fhdNMF":"no","fhdBasisDt":null,"fhdBasisNm":null,"fhdBasisEnt":null,"fhdBasisPrj":null,"fhdBasisMethod":null,"fhdAccess":null,"fhdBarrierFtrID":null,"fhdEndExtent":null,"Shape__Length":778.2834404204456,"habitatType":"stream"},"id":56},
{"type":"Feature","geometry":{"type":"LineString","coordinates":[[-122.069325,42.627348],[-122.068018,42.628503],[-122.067639,42.630716],[-122.064799,42.633872],[-122.06529,42.635887],[-122.066762,42.637995],[-122.066696,42.64489]]},"properties":{"OBJECTID":57,"fhdFtrID":56,"fhdRefID":53580,"fhdRevDt":"20190329","fhdONm":"Jay Stevens","fhdOEnt":"BLM","fhdSpNm":"Brown trout","fhdRun":"NA","fhdLifeHst":"FluvRes","fhdUseTy":"Unknown","fhdBasis":"UndocObsFish","fhdStNm":"Crane Creek","fhdGenus":"Salmo","fhdSp":"trutta","fhdSubSp":null,"fhdOrig":"NonNative","fhdProd":"Natural","fhdComment":null,"fhdESH":"NA","fhdBasisD":null,"fhdNMF":"no","fhdBasisDt":null,"fhdBasisNm":null,"fhdBasisEnt":null,"fhdBasisPrj":null,"fhdBasisMethod":null,"fhdAccess":null,"fhdBarrierFtrID":null,"fhdEndExtent":null,"Shape__Length":3166.300427552833,"habitatType":"stream"},"id":57},
{"type":"Feature","geometry":{"type":"LineString","coordinates":[[-122.066696,42.64489],[-122.073284,42.644911],[-122.074526,42.643198],[-122.079774,42.644171]]},"properties":{"OBJECTID":58,"fhdFtrID":57,"fhdRefID":53580,"fhdRevDt":"20190329","fhdONm":"Jay Stevens","fhdOEnt":"BLM","fhdSpNm":"Brown trout","fhdRun":"NA","fhdLifeHst":"FluvRes","fhdUseTy":"Unknown","fhdBasis":"UndocObsFish","fhdStNm":"Threemile Creek","fhdGenus":"Salmo","fhdSp":"trutta","fhdSubSp":null,"fhdOrig":"NonNative","fhdProd":"Natural","fhdComment":null,"fhdESH":"NA","fhdBasisD":null,"fhdNMF":"no","fhdBasisDt":null,"fhdBasisNm":null,"fhdBasisEnt":null,"fhdBasisPrj":null,"fhdBasisMethod":null,"fhdAccess":null,"fhdBarrierFtrID":null,"fhdEndExtent":null,"Shape__Length":1686.513424872698,"habitatType":"stream"},"id":58},
{"type":"Feature","geometry":{"type":"LineString","coordinates":[[-117.243221,43.642234],[-117.244837,43.643145],[-117.24559,43.645224],[-117.244191,43.648982],[-117.244942,43.650628],[-117.248039,43.652836],[-117.252769,43.654149],[-117.254295,43.6542],[-117.259924,43.656726],[-117.259686,43.657713],[-117.256503,43.660613],[-117.255805,43.662214],[-117.256107,43.664089],[-117.259055,43.666655],[-117.264032,43.668683],[-117.263782,43.671142],[-117.262377,43.673171],[-117.259326,43.673394],[-117.255538,43.675213],[-117.251403,43.674276],[-117.246787,43.674043],[-117.242685,43.674271],[-117.241649,43.673734],[-117.23868,43.67415],[-117.235331,43.675715],[-117.23243,43.676126],[-117.228404,43.674567],[-117.227023,43.673517],[-117.224794,43.674575],[-117.225472,43.676653],[-117.22314,43.680088],[-117.221134,43.681227],[-117.217972,43.68153],[-117.215624,43.680886],[-117.213105,43.679494],[-117.212401,43.678379],[-117.210541,43.678072],[-117.207538,43.680408],[-117.207194,43.683628],[-117.208184,43.684937],[-117.213492,43.688453],[-117.214353,43.689694],[-117.218492,43.691442],[-117.217383,43.693767],[-117.214331,43.693827],[-117.212479,43.691703],[-117.207359,43.69095],[-117.203757,43.693739],[-117.201973,43.694633],[-117.202052,43.695848],[-117.205615,43.699859],[-117.207863,43.703852],[-117.207945,43.70604],[-117.205415,43.706639],[-117.203142,43.706427],[-117.199598,43.704272],[-117.199073,43.703112],[-117.199475,43.701004],[-117.196455,43.699767],[-117.194036,43.699933],[-117.191285,43.701504],[-117.190143,43.704496],[-117.191343,43.70796],[-117.194432,43.711269],[-117.194241,43.712741],[-117.191198,43.716971],[-117.191059,43.718423]]},"properties":{"OBJECTID":59,"fhdFtrID":58,"fhdRefID":53580,"fhdRevDt":"20190329","fhdONm":"Jay Stevens","fhdOEnt":"BLM","fhdSpNm":"Brown trout","fhdRun":"NA","fhdLifeHst":"FluvRes","fhdUseTy":"Unknown","fhdBasis":"UndocObsFish","fhdStNm":"Owyhee River","fhdGenus":"Salmo","fhdSp":"trutta","fhdSubSp":null,"fhdOrig":"NonNative","fhdProd":"Natural","fhdComment":null,"fhdESH":"NA","fhdBasisD":null,"fhdNMF":"no","fhdBasisDt":null,"fhdBasisNm":null,"fhdBasisEnt":null,"fhdBasisPrj":null,"fhdBasisMethod":null,"fhdAccess":null,"fhdBarrierFtrID":null,"fhdEndExtent":null,"Shape__Length":27296.887500595953,"habitatType":"stream"},"id":59},
{"type":"Feature","geometry":{"type":"LineString","coordinates":[[-118.578701,44.300754],[-118.580998,44.30319],[-118.582788,44.306038],[-118.582118,44.306593],[-118.581644,44.310885],[-118.580828,44.313843],[-118.581563,44.316556],[-118.581325,44.32048],[-118.579902,44.323785],[-118.578212,44.32531],[-118.575813,44.329742],[-118.576983,44.334175],[-118.578367,44.335423],[-118.579448,44.339817]]},"properties":{"OBJECTID":60,"fhdFtrID":59,"fhdRefID":53585,"fhdRevDt":"20190329","fhdONm":"Wayne Wood","fhdOEnt":"OSU","fhdSpNm":"Brown trout","fhdRun":"NA","fhdLifeHst":"FluvRes","fhdUseTy":"Unknown","fhdBasis":"DocObsFish","fhdStNm":"Roberts Creek","fhdGenus":"Salmo","fhdSp":"trutta","fhdSubSp":null,"fhdOrig":"NonNative","fhdProd":"Natural","fhdComment":null,"fhdESH":"NA","fhdBasisD":null,"fhdNMF":"no","fhdBasisDt":"19970715","fhdBasisNm":null,"fhdBasisEnt":null,"fhdBasisPrj":null,"fhdBasisMethod":null,"fhdAccess":null,"fhdBarrierFtrID":null,"fhdEndExtent":null,"Shape__Length":7295.20747954323,"habitatType":"stream"},"id":60},
{"type":"Feature","geometry":{"type":"LineString","coordinates":[[-119.283882,44.206596],[-119.28524,44.205854],[-119.288515,44.207493],[-119.294462,44.206936],[-119.299531,44.205277],[-119.30236,44.202893]]},"properties":{"OBJECTID":61,"fhdFtrID":60,"fhdRefID":53585,"fhdRevDt":"20190329","fhdONm":"Wayne Wood","fhdOEnt":"OSU","fhdSpNm":"Brown trout","fhdRun":"NA","fhdLifeHst":"FluvRes","fhdUseTy":"Unknown","fhdBasis":"DocObsFish","fhdStNm":"North Fork Deer Creek","fhdGenus":"Salmo","fhdSp":"trutta","fhdSubSp":null,"fhdOrig":"NonNative","fhdProd":"Natural","fhdComment":null,"fhdESH":"NA","fhdBasisD":null,"fhdNMF":"no","fhdBasisDt":"20000814","fhdBasisNm":null,"fhdBasisEnt":null,"fhdBasisPrj":null,"fhdBasisMethod":null,"fhdAccess":null,"fhdBarrierFtrID":null,"fhdEndExtent":null,"Shape__Length":2748.0469133926536,"habitatType":"stream"},"id":61},
{"type":"Feature","geometry":{"type":"LineString","coordinates":[[-121.633374,43.76786],[-121.630625,43.768332],[-121.627932,43.769463],[-121.625741,43.7697],[-121.619516,43.772079],[-121.617772,43.774459],[-121.615426,43.776298],[-121.610898,43.779062],[-121.609283,43.77928],[-121.604711,43.78121],[-121.602106,43.783204],[-121.596432,43.78439],[-121.593749,43.78614],[-121.593208,43.787948],[-121.591392,43.787934],[-121.589375,43.789386],[-121.58822,43.791632],[-121.585078,43.793493],[-121.583898,43.793532],[-121.581313,43.79671],[-121.578124,43.798782],[-121.575194,43.798407],[-121.572665,43.79752],[-121.572989,43.79594],[-121.571612,43.794338],[-121.567894,43.795192],[-121.566811,43.794449],[-121.563431,43.796113],[-121.56056,43.794496],[-121.558506,43.794196],[-121.554423,43.795108],[-121.550993,43.794033],[-121.550643,43.797833],[-121.546918,43.798173],[-121.543191,43.794168],[-121.540004,43.796374],[-121.539154,43.794652],[-121.537598,43.794146],[-121.536162,43.795469],[-121.533224,43.79233],[-121.530816,43.79437],[-121.528388,43.793488],[-121.527659,43.794599],[-121.525765,43.794894],[-121.523653,43.792859],[-121.519559,43.791915],[-121.516374,43.789681],[-121.513503,43.788654],[-121.511622,43.788753]]},"properties":{"OBJECTID":62,"fhdFtrID":61,"fhdRefID":53684,"fhdRevDt":"20190329","fhdONm":"Peter Robinson","fhdOEnt":"ODFW","fhdSpNm":"Brown trout","fhdRun":"NA","fhdLifeHst":"FluvRes","fhdUseTy":"Unknown","fhdBasis":"UndocObsFish","fhdStNm":"Fall River","fhdGenus":"Salmo","fhdSp":"trutta","fhdSubSp":null,"fhdOrig":"NonNative","fhdProd":"Natural","fhdComment":null,"fhdESH":"NA","fhdBasisD":null,"fhdNMF":"no","fhdBasisDt":null,"fhdBasisNm":null,"fhdBasisEnt":null,"fhdBasisPrj":null,"fhdBasisMethod":null,"fhdAccess":null,"fhdBarrierFtrID":null,"fhdEndExtent":null,"Shape__Length":25553.572879878764,"habitatType":"stream"},"id":62},
{"type":"Feature","geometry":{"type":"LineString","coordinates":[[-121.96975,45.074747],[-121.969092,45.074103],[-121.963313,45.074415],[-121.961354,45.073304],[-121.957871,45.073002],[-121.956195,45.073621],[-121.954162,45.072288],[-121.951835,45.072406],[-121.949093,45.071782],[-121.945474,45.070187],[-121.941671,45.071305],[-121.937279,45.071502],[-121.93376,45.073557],[-121.930312,45.076059],[-121.927366,45.076613],[-121.923433,45.076577],[-121.921527,45.077884],[-121.911724,45.077782],[-121.908459,45.078441],[-121.9066,45.078291],[-121.903489,45.079062],[-121.899149,45.078971],[-121.893622,45.080493],[-121.88914,45.080277],[-121.887393,45.079811],[-121.8785,45.083419],[-121.876734,45.084779],[-121.875091,45.085064],[-121.872311,45.083871],[-121.869559,45.084001],[-121.868285,45.083255],[-121.865763,45.083792],[-121.863054,45.083315],[-121.85959,45.083366],[-121.853703,45.084928],[-121.852791,45.087344],[-121.851042,45.088051],[-121.848354,45.086102],[-121.842645,45.089119],[-121.840419,45.088934],[-121.839732,45.09111],[-121.836381,45.093088],[-121.837467,45.093904],[-121.839876,45.093038],[-121.842189,45.094556],[-121.842371,45.096749],[-121.840662,45.100868]]},"properties":{"OBJECTID":63,"fhdFtrID":62,"fhdRefID":53684,"fhdRevDt":"20190329","fhdONm":"Peter Robinson","fhdOEnt":"ODFW","fhdSpNm":"Brown trout","fhdRun":"NA","fhdLifeHst":"FluvRes","fhdUseTy":"Unknown","fhdBasis":"UndocObsFish","fhdStNm":"Oak Grove Fork Clackamas River","fhdGenus":"Salmo","fhdSp":"trutta","fhdSubSp":null,"fhdOrig":"NonNative","fhdProd":"Natural","fhdComment":null,"fhdESH":"NA","fhdBasisD":null,"fhdNMF":"no","fhdBasisDt":null,"fhdBasisNm":null,"fhdBasisEnt":null,"fhdBasisPrj":null,"fhdBasisMethod":null,"fhdAccess":null,"fhdBarrierFtrID":null,"fhdEndExtent":null,"Shape__Length":19405.350900175534,"habitatType":"stream"},"id":63},
{"type":"Feature","geometry":{"type":"LineString","coordinates":[[-122.166612,43.185162],[-122.165951,43.187335],[-122.166881,43.188889],[-122.164803,43.189262],[-122.163504,43.190694],[-122.162678,43.193768],[-122.160802,43.193899],[-122.15946,43.192373],[-122.156849,43.193371],[-122.15873,43.197028],[-122.162412,43.20069],[-122.164069,43.203566],[-122.163536,43.205328],[-122.161825,43.205503],[-122.157771,43.209345],[-122.158166,43.213879],[-122.159824,43.215268],[-122.160011,43.217486],[-122.160956,43.219698],[-122.162951,43.222333],[-122.166965,43.225786],[-122.167392,43.228218],[-122.166866,43.229349],[-122.167841,43.231363],[-122.16667,43.233839],[-122.168531,43.235936],[-122.166127,43.237807],[-122.165369,43.239064],[-122.167576,43.240014],[-122.171801,43.245306],[-122.171725,43.247963],[-122.172716,43.249654],[-122.17105,43.254433],[-122.169921,43.260229],[-122.167899,43.26513],[-122.165623,43.267232],[-122.165344,43.268966],[-122.162023,43.271924],[-122.161938,43.276595],[-122.159961,43.279515],[-122.157218,43.280694],[-122.156909,43.283752],[-122.155653,43.285233],[-122.155645,43.286545],[-122.157041,43.290031],[-122.166725,43.293288],[-122.17173,43.292883],[-122.174555,43.294096],[-122.177426,43.29414],[-122.180221,43.296007],[-122.180063,43.296918],[-122.183084,43.298493],[-122.182454,43.302106],[-122.182755,43.307425],[-122.181953,43.311814]]},"properties":{"OBJECTID":64,"fhdFtrID":63,"fhdRefID":53684,"fhdRevDt":"20190313","fhdONm":"Peter Robinson","fhdOEnt":"ODFW","fhdSpNm":"Brown trout","fhdRun":"NA","fhdLifeHst":"FluvRes","fhdUseTy":"Unknown","fhdBasis":"UndocObsFish","fhdStNm":"Lake Creek","fhdGenus":"Salmo","fhdSp":"trutta","fhdSubSp":null,"fhdOrig":"NonNative","fhdProd":"Natural","fhdComment":null,"fhdESH":"NA","fhdBasisD":null,"fhdNMF":"no","fhdBasisDt":null,"fhdBasisNm":null,"fhdBasisEnt":null,"fhdBasisPrj":null,"fhdBasisMethod":null,"fhdAccess":null,"fhdBarrierFtrID":null,"fhdEndExtent":null,"Shape__Length":25826.651076649836,"habitatType":"stream"},"id":64},
{"type":"Feature","geometry":{"type":"LineString","coordinates":[[-122.297828,42.881469],[-122.299284,42.883554],[-122.30051,42.887951],[-122.301813,42.889193],[-122.302349,42.890943],[-122.304189,42.890887],[-122.307715,42.892916],[-122.307256,42.893819],[-122.310169,42.896353],[-122.312162,42.899062],[-122.315077,42.900471],[-122.318527,42.900131],[-122.319294,42.901032],[-122.323588,42.902782],[-122.325429,42.902613],[-122.326886,42.905035],[-122.32566,42.906221],[-122.329264,42.906444],[-122.329802,42.906952],[-122.333482,42.905375],[-122.334326,42.906105],[-122.336856,42.905993],[-122.339618,42.906671],[-122.339542,42.907909],[-122.34169,42.908813],[-122.342842,42.912079],[-122.345066,42.912646],[-122.350898,42.916137],[-122.354274,42.917885],[-122.359031,42.918502],[-122.363863,42.917597],[-122.367316,42.918107],[-122.368467,42.918838],[-122.374449,42.918438],[-122.376161,42.91951],[-122.38462,42.919795],[-122.389915,42.918558],[-122.390757,42.919742],[-122.393518,42.919743],[-122.395665,42.921038],[-122.396433,42.919799],[-122.400577,42.918389],[-122.401805,42.91749],[-122.40472,42.917321],[-122.408786,42.915856],[-122.411164,42.916026],[-122.413158,42.914785],[-122.415307,42.914503],[-122.417071,42.913377],[-122.420292,42.913772],[-122.423514,42.912982],[-122.425814,42.913719],[-122.429113,42.911912],[-122.430801,42.909264],[-122.434866,42.909036],[-122.436784,42.908249],[-122.439697,42.90616],[-122.441231,42.905654],[-122.442765,42.906612],[-122.447367,42.906274],[-122.44798,42.907911],[-122.449591,42.907798],[-122.449668,42.909716],[-122.451433,42.910954],[-122.452889,42.91101]]},"properties":{"OBJECTID":65,"fhdFtrID":64,"fhdRefID":53684,"fhdRevDt":"20190313","fhdONm":"Peter Robinson","fhdOEnt":"ODFW","fhdSpNm":"Brown trout","fhdRun":"NA","fhdLifeHst":"FluvRes","fhdUseTy":"Unknown","fhdBasis":"UndocObsFish","fhdStNm":"Union Creek","fhdGenus":"Salmo","fhdSp":"trutta","fhdSubSp":null,"fhdOrig":"NonNative","fhdProd":"Natural","fhdComment":null,"fhdESH":"NA","fhdBasisD":null,"fhdNMF":"no","fhdBasisDt":null,"fhdBasisNm":null,"fhdBasisEnt":null,"fhdBasisPrj":null,"fhdBasisMethod":null,"fhdAccess":null,"fhdBarrierFtrID":null,"fhdEndExtent":null,"Shape__Length":24436.629031455162,"habitatType":"stream"},"id":65},
{"type":"Feature","geometry":{"type":"LineString","coordinates":[[-122.335279,42.864722],[-122.336045,42.861566],[-122.340568,42.861281],[-122.348313,42.862578],[-122.351457,42.863987],[-122.353145,42.865225],[-122.357516,42.866407],[-122.35928,42.866237],[-122.362192,42.864263],[-122.373306,42.86138],[-122.377941,42.859856],[-122.38147,42.858169],[-122.389522,42.856028],[-122.392512,42.85445],[-122.39742,42.852481],[-122.402099,42.849269],[-122.403479,42.847295],[-122.40509,42.846619],[-122.411451,42.847183],[-122.417046,42.846959],[-122.420879,42.846114],[-122.4277,42.846846],[-122.433526,42.84448],[-122.438738,42.844537],[-122.44188,42.843634],[-122.447858,42.843974],[-122.451843,42.842448],[-122.455063,42.842617],[-122.455981,42.841379],[-122.456363,42.837148],[-122.460577,42.835853],[-122.46073,42.834219],[-122.462798,42.833428],[-122.465939,42.831227],[-122.467395,42.831117],[-122.471608,42.829704],[-122.473139,42.827334],[-122.473138,42.826037],[-122.474745,42.823897],[-122.472522,42.821752],[-122.472137,42.818936],[-122.470986,42.815608],[-122.467766,42.811662],[-122.468838,42.809466],[-122.469065,42.807206],[-122.465235,42.804221],[-122.467377,42.800836],[-122.467222,42.797625],[-122.468446,42.795028],[-122.467296,42.792889],[-122.467983,42.789335],[-122.468824,42.788208],[-122.466832,42.784264],[-122.464305,42.783077],[-122.463538,42.781781],[-122.46369,42.779472],[-122.461547,42.778458],[-122.461546,42.777327],[-122.46346,42.776819],[-122.462693,42.775298],[-122.463687,42.773663],[-122.461084,42.771071],[-122.46093,42.769661],[-122.462613,42.768759],[-122.463224,42.766727],[-122.463223,42.762499],[-122.46437,42.761937],[-122.466281,42.758835],[-122.468957,42.756015],[-122.472706,42.754605],[-122.481962,42.75353],[-122.485327,42.752456],[-122.488919,42.749131],[-122.488457,42.746252],[-122.49182,42.743209],[-122.493503,42.742812],[-122.494384,42.740435],[-122.495765,42.739731]]},"properties":{"OBJECTID":66,"fhdFtrID":65,"fhdRefID":53684,"fhdRevDt":"20190329","fhdONm":"Peter Robinson","fhdOEnt":"ODFW","fhdSpNm":"Brown trout","fhdRun":"NA","fhdLifeHst":"FluvRes","fhdUseTy":"Unknown","fhdBasis":"UndocObsFish","fhdStNm":"Mill Creek","fhdGenus":"Salmo","fhdSp":"trutta","fhdSubSp":null,"fhdOrig":"NonNative","fhdProd":"Natural","fhdComment":null,"fhdESH":"NA","fhdBasisD":null,"fhdNMF":"no","fhdBasisDt":null,"fhdBasisNm":null,"fhdBasisEnt":null,"fhdBasisPrj":null,"fhdBasisMethod":null,"fhdAccess":null,"fhdBarrierFtrID":null,"fhdEndExtent":null,"Shape__Length":36142.993239797346,"habitatType":"stream"},"id":66},
{"type":"Feature","geometry":{"type":"LineString","coordinates":[[-121.989644,42.721686],[-121.995537,42.721207],[-121.997921,42.722869],[-121.998043,42.726284],[-121.996838,42.727366],[-121.997115,42.72865],[-122.000706,42.729832],[-122.003049,42.732124],[-122.007479,42.734084],[-122.010435,42.734744],[-122.013158,42.738067],[-122.017974,42.740715],[-122.022233,42.741194],[-122.027141,42.741091],[-122.031907,42.74196],[-122.031958,42.743706],[-122.033677,42.745534],[-122.03717,42.746798],[-122.040349,42.748966],[-122.042144,42.74895],[-122.044082,42.751158],[-122.049296,42.753086],[-122.052103,42.757823],[-122.054718,42.758795],[-122.057273,42.760585],[-122.057861,42.763252],[-122.060275,42.764427],[-122.059597,42.766118],[-122.060565,42.767062],[-122.060572,42.768747],[-122.059559,42.770405],[-122.060632,42.771069],[-122.061146,42.77354],[-122.06283,42.775801],[-122.067562,42.778601],[-122.067361,42.780011],[-122.069209,42.786714],[-122.069321,42.789508],[-122.070902,42.792993],[-122.071558,42.796699],[-122.073564,42.799092],[-122.077665,42.805278],[-122.080081,42.80671],[-122.082668,42.807023],[-122.088499,42.808767],[-122.094174,42.813047],[-122.09791,42.813403],[-122.102549,42.816004],[-122.109408,42.814755],[-122.113898,42.816663],[-122.114197,42.817904],[-122.116987,42.819302],[-122.119293,42.821052],[-122.121286,42.823757],[-122.120901,42.826052],[-122.121717,42.82973]]},"properties":{"OBJECTID":67,"fhdFtrID":66,"fhdRefID":53684,"fhdRevDt":"20190313","fhdONm":"Peter Robinson","fhdOEnt":"ODFW","fhdSpNm":"Brown trout","fhdRun":"NA","fhdLifeHst":"FluvRes","fhdUseTy":"Unknown","fhdBasis":"UndocObsFish","fhdStNm":"Annie Creek","fhdGenus":"Salmo","fhdSp":"trutta","fhdSubSp":null,"fhdOrig":"NonNative","fhdProd":"Natural","fhdComment":null,"fhdESH":"NA","fhdBasisD":null,"fhdNMF":"no","fhdBasisDt":null,"fhdBasisNm":null,"fhdBasisEnt":null,"fhdBasisPrj":null,"fhdBasisMethod":null,"fhdAccess":null,"fhdBarrierFtrID":null,"fhdEndExtent":null,"Shape__Length":28823.94657160115,"habitatType":"stream"},"id":67},
{"type":"Feature","geometry":{"type":"LineString","coordinates":[[-120.802156,42.474467],[-120.798634,42.472747],[-120.796971,42.46904],[-120.795024,42.468764],[-120.791132,42.467113],[-120.788817,42.465331],[-120.78567,42.46169],[-120.785121,42.458393],[-120.783731,42.457366],[-120.782344,42.454755]]},"properties":{"OBJECTID":68,"fhdFtrID":67,"fhdRefID":53684,"fhdRevDt":"20190313","fhdONm":"Peter Robinson","fhdOEnt":"ODFW","fhdSpNm":"Brown trout","fhdRun":"NA","fhdLifeHst":"FluvRes","fhdUseTy":"Unknown","fhdBasis":"UndocObsFish","fhdStNm":"Corral Creek","fhdGenus":"Salmo","fhdSp":"trutta","fhdSubSp":null,"fhdOrig":"NonNative","fhdProd":"Natural","fhdComment":null,"fhdESH":"NA","fhdBasisD":null,"fhdNMF":"no","fhdBasisDt":null,"fhdBasisNm":null,"fhdBasisEnt":null,"fhdBasisPrj":null,"fhdBasisMethod":null,"fhdAccess":null,"fhdBarrierFtrID":null,"fhdEndExtent":null,"Shape__Length":4404.85337589062,"habitatType":"stream"},"id":68},
{"type":"Feature","geometry":{"type":"LineString","coordinates":[[-121.966085,42.685104],[-121.965392,42.682963],[-121.964089,42.68158],[-121.964311,42.67715],[-121.963052,42.673017],[-121.963267,42.672375],[-121.961711,42.669334],[-121.95904,42.665849],[-121.956919,42.662478],[-121.955609,42.658109],[-121.95351,42.653959],[-121.95177,42.653251],[-121.950342,42.651462],[-121.948044,42.651254],[-121.948899,42.649881],[-121.946378,42.647839],[-121.945016,42.64386],[-121.946169,42.642965],[-121.943893,42.640281],[-121.944057,42.638332],[-121.941923,42.63668],[-121.942971,42.63505],[-121.941484,42.633699],[-121.94138,42.63197],[-121.939499,42.631059],[-121.940138,42.629291],[-121.939424,42.62653],[-121.94047,42.62468],[-121.939615,42.623341],[-121.941652,42.622797],[-121.943235,42.621518],[-121.94076,42.617357],[-121.939333,42.616172],[-121.939912,42.612817],[-121.941101,42.61212],[-121.93963,42.610435],[-121.942231,42.609359],[-121.940737,42.606186],[-121.940202,42.603123],[-121.942572,42.602097]]},"properties":{"OBJECTID":69,"fhdFtrID":68,"fhdRefID":53684,"fhdRevDt":"20190313","fhdONm":"Peter Robinson","fhdOEnt":"ODFW","fhdSpNm":"Brown trout","fhdRun":"NA","fhdLifeHst":"FluvRes","fhdUseTy":"Unknown","fhdBasis":"UndocObsFish","fhdStNm":"Crooked Creek","fhdGenus":"Salmo","fhdSp":"trutta","fhdSubSp":null,"fhdOrig":"NonNative","fhdProd":"Natural","fhdComment":null,"fhdESH":"NA","fhdBasisD":null,"fhdNMF":"no","fhdBasisDt":null,"fhdBasisNm":null,"fhdBasisEnt":null,"fhdBasisPrj":null,"fhdBasisMethod":null,"fhdAccess":null,"fhdBarrierFtrID":null,"fhdEndExtent":null,"Shape__Length":22578.91939745265,"habitatType":"stream"},"id":69},
{"type":"Feature","geometry":{"type":"LineString","coordinates":[[-121.962267,42.702522],[-121.964881,42.701518],[-121.96568,42.699341],[-121.967501,42.69625],[-121.969079,42.692256],[-121.971156,42.691195],[-121.970542,42.689546],[-121.971625,42.688655],[-121.972036,42.683774],[-121.971753,42.681616],[-121.97359,42.680919],[-121.974489,42.679123],[-121.978647,42.677289],[-121.97794,42.676674],[-121.979337,42.674928],[-121.978473,42.673051],[-121.979826,42.672238]]},"properties":{"OBJECTID":70,"fhdFtrID":69,"fhdRefID":53684,"fhdRevDt":"20190329","fhdONm":"Peter Robinson","fhdOEnt":"ODFW","fhdSpNm":"Brown trout","fhdRun":"NA","fhdLifeHst":"FluvRes","fhdUseTy":"Unknown","fhdBasis":"UndocObsFish","fhdStNm":"Fort Creek","fhdGenus":"Salmo","fhdSp":"trutta","fhdSubSp":null,"fhdOrig":"NonNative","fhdProd":"Natural","fhdComment":null,"fhdESH":"NA","fhdBasisD":null,"fhdNMF":"no","fhdBasisDt":null,"fhdBasisNm":null,"fhdBasisEnt":null,"fhdBasisPrj":null,"fhdBasisMethod":null,"fhdAccess":null,"fhdBarrierFtrID":null,"fhdEndExtent":null,"Shape__Length":7954.802812539001,"habitatType":"stream"},"id":70},
{"type":"Feature","geometry":{"type":"LineString","coordinates":[[-122.150185,42.692102],[-122.14903,42.694435],[-122.150123,42.696927],[-122.149779,42.699661],[-122.148751,42.700939],[-122.14625,42.701372],[-122.143873,42.705445],[-122.142018,42.707096],[-122.139857,42.710828],[-122.137287,42.71294],[-122.13401,42.714816],[-122.13025,42.71605],[-122.129311,42.716779],[-122.126236,42.716948],[-122.124618,42.717592],[-122.124107,42.720145],[-122.12145,42.721475],[-122.118696,42.722047],[-122.114751,42.723514],[-122.110911,42.7258],[-122.108938,42.726053],[-122.104217,42.724946],[-122.099564,42.725573],[-122.093556,42.725427],[-122.089885,42.726103],[-122.087078,42.724259],[-122.084449,42.724177],[-122.080771,42.721867],[-122.078507,42.719759],[-122.079177,42.71753],[-122.077687,42.71652],[-122.078536,42.714753],[-122.078156,42.712804],[-122.079063,42.710509],[-122.076547,42.708495],[-122.076852,42.707265],[-122.0747,42.704548],[-122.074707,42.702567],[-122.073342,42.701162],[-122.073315,42.699542]]},"properties":{"OBJECTID":71,"fhdFtrID":70,"fhdRefID":53684,"fhdRevDt":"20190311","fhdONm":"Peter Robinson","fhdOEnt":"ODFW","fhdSpNm":"Brown trout","fhdRun":"NA","fhdLifeHst":"FluvRes","fhdUseTy":"Unknown","fhdBasis":"UndocObsFish","fhdStNm":"Sevenmile Creek","fhdGenus":"Salmo","fhdSp":"trutta","fhdSubSp":null,"fhdOrig":"NonNative","fhdProd":"Natural","fhdComment":null,"fhdESH":"NA","fhdBasisD":null,"fhdNMF":"no","fhdBasisDt":"20040207","fhdBasisNm":null,"fhdBasisEnt":null,"fhdBasisPrj":null,"fhdBasisMethod":null,"fhdAccess":null,"fhdBarrierFtrID":null,"fhdEndExtent":null,"Shape__Length":16232.442175650767,"habitatType":"stream"},"id":71},
{"type":"Feature","geometry":{"type":"LineString","coordinates":[[-121.948437,43.220384],[-121.944984,43.219604],[-121.943536,43.21703],[-121.941847,43.216388],[-121.939919,43.217404],[-121.938913,43.215367],[-121.936737,43.212727],[-121.936542,43.210548],[-121.934516,43.207545],[-121.930446,43.205205],[-121.924358,43.202237],[-121.922805,43.200974],[-121.921778,43.198998],[-121.91685,43.195737],[-121.91643,43.195023],[-121.912132,43.192497],[-121.910558,43.189753],[-121.908488,43.189966],[-121.906942,43.191667],[-121.904339,43.19188],[-121.901406,43.190903],[-121.897949,43.188892],[-121.889826,43.188016],[-121.887479,43.187417],[-121.886032,43.186247],[-121.883378,43.185566],[-121.876597,43.185606],[-121.874817,43.184724],[-121.873247,43.183078],[-121.870344,43.182295],[-121.869548,43.18055],[-121.868884,43.176812],[-121.865808,43.174849],[-121.863775,43.17435],[-121.862747,43.17317],[-121.858481,43.174956],[-121.856838,43.174688],[-121.853525,43.175103]]},"properties":{"OBJECTID":72,"fhdFtrID":71,"fhdRefID":53684,"fhdRevDt":"20190329","fhdONm":"Peter Robinson","fhdOEnt":"ODFW","fhdSpNm":"Brown trout","fhdRun":"NA","fhdLifeHst":"FluvRes","fhdUseTy":"Unknown","fhdBasis":"UndocObsFish","fhdStNm":"Miller Creek","fhdGenus":"Salmo","fhdSp":"trutta","fhdSubSp":null,"fhdOrig":"NonNative","fhdProd":"Natural","fhdComment":null,"fhdESH":"NA","fhdBasisD":null,"fhdNMF":"no","fhdBasisDt":null,"fhdBasisNm":null,"fhdBasisEnt":null,"fhdBasisPrj":null,"fhdBasisMethod":null,"fhdAccess":null,"fhdBarrierFtrID":null,"fhdEndExtent":null,"Shape__Length":15316.29351859247,"habitatType":"stream"},"id":72},
{"type":"Feature","geometry":{"type":"LineString","coordinates":[[-121.949416,42.834746],[-121.950383,42.835322],[-121.95327,42.838986],[-121.958077,42.841282],[-121.961092,42.843965],[-121.963963,42.844991],[-121.970008,42.845739],[-121.970608,42.846447],[-121.974238,42.84674],[-121.97731,42.847488],[-121.979966,42.847413],[-121.984338,42.848767],[-121.987623,42.848435],[-121.98906,42.848889],[-121.992971,42.848456],[-121.997347,42.851835],[-122.00202,42.853506],[-122.003506,42.854662],[-122.006415,42.855678],[-122.009078,42.856007],[-122.012086,42.85778],[-122.014235,42.859663],[-122.015276,42.861923],[-122.021629,42.866534],[-122.023165,42.866962],[-122.024129,42.869536],[-122.025893,42.871767],[-122.028722,42.873304],[-122.029156,42.874505],[-122.032008,42.876906],[-122.036508,42.879637],[-122.037157,42.8812],[-122.039154,42.883531],[-122.038738,42.885068],[-122.039553,42.888559],[-122.040872,42.889606],[-122.040715,42.891028],[-122.042265,42.894544],[-122.044867,42.897357],[-122.049457,42.901528],[-122.050694,42.903934],[-122.04843,42.907805],[-122.049951,42.910042],[-122.049974,42.912573]]},"properties":{"OBJECTID":73,"fhdFtrID":72,"fhdRefID":53713,"fhdRevDt":"20190401","fhdONm":"Matthew Neilson","fhdOEnt":"USGS","fhdSpNm":"Brown trout","fhdRun":"NA","fhdLifeHst":"FluvRes","fhdUseTy":"Unknown","fhdBasis":"UndocObsFish","fhdStNm":"Sand Creek","fhdGenus":"Salmo","fhdSp":"trutta","fhdSubSp":null,"fhdOrig":"NonNative","fhdProd":"Natural","fhdComment":null,"fhdESH":"NA","fhdBasisD":null,"fhdNMF":"no","fhdBasisDt":null,"fhdBasisNm":null,"fhdBasisEnt":null,"fhdBasisPrj":null,"fhdBasisMethod":null,"fhdAccess":null,"fhdBarrierFtrID":null,"fhdEndExtent":null,"Shape__Length":19231.810247024438,"habitatType":"stream"},"id":73},
{"type":"Feature","geometry":{"type":"LineString","coordinates":[[-121.985581,42.899563],[-121.984475,42.898801],[-121.978517,42.898452],[-121.975956,42.897766],[-121.9722,42.895808],[-121.97064,42.896247],[-121.966705,42.89565],[-121.965315,42.892988],[-121.961791,42.892127],[-121.958685,42.889543],[-121.953869,42.88816],[-121.949801,42.886453],[-121.945703,42.885971],[-121.941955,42.884044],[-121.935521,42.883567],[-121.930214,42.88389],[-121.928392,42.885746],[-121.927176,42.8858]]},"properties":{"OBJECTID":74,"fhdFtrID":73,"fhdRefID":53713,"fhdRevDt":"20190401","fhdONm":"Matthew Neilson","fhdOEnt":"USGS","fhdSpNm":"Brown trout","fhdRun":"NA","fhdLifeHst":"FluvRes","fhdUseTy":"Unknown","fhdBasis":"UndocObsFish","fhdStNm":"Scott Creek","fhdGenus":"Salmo","fhdSp":"trutta","fhdSubSp":null,"fhdOrig":"NonNative","fhdProd":"Natural","fhdComment":null,"fhdESH":"NA","fhdBasisD":null,"fhdNMF":"no","fhdBasisDt":null,"fhdBasisNm":null,"fhdBasisEnt":null,"fhdBasisPrj":null,"fhdBasisMethod":null,"fhdAccess":null,"fhdBarrierFtrID":null,"fhdEndExtent":null,"Shape__Length":7721.024239131878,"habitatType":"stream"},"id":74},
{"type":"Feature","geometry":{"type":"Polygon","coordinates":[[[-122.21866,42.388257],[-122.223711,42.387625],[-122.226991,42.384513],[-122.222795,42.378847],[-122.221368,42.368597],[-122.223085,42.361323],[-122.223039,42.356181],[-122.221574,42.349038],[-122.214448,42.347963],[-122.211922,42.348756],[-122.207002,42.353108],[-122.206742,42.356168],[-122.208245,42.359808],[-122.206697,42.363985],[-122.208993,42.368855],[-122.203294,42.375894],[-122.208146,42.377972],[-122.211214,42.377588],[-122.214746,42.38171],[-122.215105,42.385252],[-122.21866,42.388257]]]},"properties":{"OBJECTID":1,"fhdFtrID":1,"fhdRefID":53709,"fhdRevDt":"20190205","fhdONm":"Guy Chilton","fhdOEnt":"ODFW","fhdSpNm":"Brown trout","fhdRun":"NA","fhdLifeHst":"FluvAdfluvRes","fhdUseTy":"ResidentMultipleUses","fhdBasis":"DocObsFish","fhdStNm":"Lake of the Woods","fhdGenus":"Salmo","fhdSp":"trutta","fhdSubSp":null,"fhdOrig":"NonNative","fhdProd":"Hatchery","fhdComment":null,"fhdESH":"NA","fhdBasisD":null,"fhdNMF":"no","fhdBasisDt":"20180000","fhdBasisNm":null,"fhdBasisEnt":null,"fhdBasisPrj":null,"fhdBasisMethod":null,"fhdAccess":null,"fhdBarrierFtrID":null,"fhdEndExtent":null,"Shape__Area":9110674.089643095,"Shape__Length":17792.341731765908,"habitatType":"lake"},"id":75},
{"type":"Feature","geometry":{"type":"Polygon","coordinates":[[[-121.954781,43.230554],[-121.960134,43.234077],[-121.969738,43.23874],[-121.973527,43.235649],[-121.974202,43.233865],[-121.970995,43.231637],[-121.970229,43.229376],[-121.964622,43.230371],[-121.962317,43.228324],[-121.964026,43.224064],[-121.960641,43.221765],[-121.952512,43.218495],[-121.948437,43.220384],[-121.946936,43.223474],[-121.949053,43.226295],[-121.954781,43.230554]]]},"properties":{"OBJECTID":2,"fhdFtrID":2,"fhdRefID":53709,"fhdRevDt":"20190205","fhdONm":"Guy Chilton","fhdOEnt":"ODFW","fhdSpNm":"Brown trout","fhdRun":"NA","fhdLifeHst":"FluvAdfluvRes","fhdUseTy":"ResidentMultipleUses","fhdBasis":"DocObsFish","fhdStNm":"Miller Lake","fhdGenus":"Salmo","fhdSp":"trutta","fhdSubSp":null,"fhdOrig":"NonNative","fhdProd":"Hatchery","fhdComment":null,"fhdESH":"NA","fhdBasisD":null,"fhdNMF":"no","fhdBasisDt":"20180000","fhdBasisNm":null,"fhdBasisEnt":null,"fhdBasisPrj":null,"fhdBasisMethod":null,"fhdAccess":null,"fhdBarrierFtrID":null,"fhdEndExtent":null,"Shape__Area":3958922.19141735,"Shape__Length":9872.917892274778,"habitatType":"lake"},"id":76},
{"type":"Feature","geometry":{"type":"Polygon","coordinates":[[[-121.966223,43.497386],[-121.967841,43.499471],[-121.97164,43.501275],[-121.974288,43.500822],[-121.974356,43.49817],[-121.982871,43.495631],[-121.984267,43.495801],[-121.997191,43.49027],[-122.000907,43.487394],[-122.005271,43.48528],[-122.009955,43.48035],[-122.011687,43.480185],[-122.021742,43.47445],[-122.029273,43.474456],[-122.031173,43.462343],[-122.027411,43.46056],[-122.022338,43.46085],[-122.020003,43.462851],[-122.016005,43.463078],[-122.004676,43.461846],[-121.999877,43.462416],[-121.999404,43.460048],[-121.996154,43.459939],[-121.989112,43.462758],[-121.981291,43.463103],[-121.977881,43.465584],[-121.974867,43.465188],[-121.971625,43.46818],[-121.966285,43.47004],[-121.961173,43.476018],[-121.958625,43.481316],[-121.957702,43.487575],[-121.963431,43.49248],[-121.966223,43.497386]]]},"properties":{"OBJECTID":3,"fhdFtrID":3,"fhdRefID":53709,"fhdRevDt":"20190205","fhdONm":"Guy Chilton","fhdOEnt":"ODFW","fhdSpNm":"Brown trout","fhdRun":"NA","fhdLifeHst":"FluvAdfluvRes","fhdUseTy":"ResidentMultipleUses","fhdBasis":"DocObsFish","fhdStNm":"Crescent Lake","fhdGenus":"Salmo","fhdSp":"trutta","fhdSubSp":null,"fhdOrig":"NonNative","fhdProd":"Hatchery","fhdComment":null,"fhdESH":"NA","fhdBasisD":null,"fhdNMF":"no","fhdBasisDt":"20180000","fhdBasisNm":null,"fhdBasisEnt":null,"fhdBasisPrj":null,"fhdBasisMethod":null,"fhdAccess":null,"fhdBarrierFtrID":null,"fhdEndExtent":null,"Shape__Area":29399567.435429417,"Shape__Length":26299.80645850623,"habitatType":"lake"},"id":77},
{"type":"Feature","geometry":{"type":"Polygon","coordinates":[[[-121.215453,43.736684],[-121.222144,43.735806],[-121.227347,43.734267],[-121.227835,43.732321],[-121.223403,43.731396],[-121.222441,43.73004],[-121.224067,43.726635],[-121.220527,43.722465],[-121.220503,43.720844],[-121.213942,43.718185],[-121.210921,43.718317],[-121.208731,43.72021],[-121.198401,43.720075],[-121.196677,43.7222],[-121.195891,43.727796],[-121.196868,43.731845],[-121.200507,43.736224],[-121.206404,43.735299],[-121.215453,43.736684]]]},"properties":{"OBJECTID":4,"fhdFtrID":4,"fhdRefID":53709,"fhdRevDt":"20190205","fhdONm":"Guy Chilton","fhdOEnt":"ODFW","fhdSpNm":"Brown trout","fhdRun":"NA","fhdLifeHst":"FluvAdfluvRes","fhdUseTy":"ResidentMultipleUses","fhdBasis":"DocObsFish","fhdStNm":"East Lake","fhdGenus":"Salmo","fhdSp":"trutta","fhdSubSp":null,"fhdOrig":"NonNative","fhdProd":"Hatchery","fhdComment":null,"fhdESH":"NA","fhdBasisD":null,"fhdNMF":"no","fhdBasisDt":"20180000","fhdBasisNm":null,"fhdBasisEnt":null,"fhdBasisPrj":null,"fhdBasisMethod":null,"fhdAccess":null,"fhdBarrierFtrID":null,"fhdEndExtent":null,"Shape__Area":7510139.41078069,"Shape__Length":11490.13012934029,"habitatType":"lake"},"id":78},
{"type":"Feature","geometry":{"type":"Polygon","coordinates":[[[-121.250914,43.731298],[-121.252417,43.732123],[-121.259177,43.731119],[-121.262396,43.731771],[-121.269965,43.729275],[-121.273383,43.725905],[-121.27619,43.719906],[-121.276778,43.712935],[-121.274575,43.712092],[-121.269881,43.71521],[-121.265662,43.714849],[-121.262945,43.713097],[-121.262236,43.710232],[-121.257101,43.706615],[-121.252852,43.706488],[-121.247214,43.70786],[-121.244803,43.709686],[-121.2414,43.717485],[-121.246352,43.721964],[-121.245406,43.728522],[-121.250914,43.731298]]]},"properties":{"OBJECTID":5,"fhdFtrID":5,"fhdRefID":53709,"fhdRevDt":"20190205","fhdONm":"Guy Chilton","fhdOEnt":"ODFW","fhdSpNm":"Brown trout","fhdRun":"NA","fhdLifeHst":"FluvAdfluvRes","fhdUseTy":"ResidentMultipleUses","fhdBasis":"DocObsFish","fhdStNm":"Paulina Lake","fhdGenus":"Salmo","fhdSp":"trutta","fhdSubSp":null,"fhdOrig":"NonNative","fhdProd":"Hatchery","fhdComment":null,"fhdESH":"NA","fhdBasisD":null,"fhdNMF":"no","fhdBasisDt":"20180000","fhdBasisNm":null,"fhdBasisEnt":null,"fhdBasisPrj":null,"fhdBasisMethod":null,"fhdAccess":null,"fhdBarrierFtrID":null,"fhdEndExtent":null,"Shape__Area":10627620.4295131,"Shape__Length":14470.008674815372,"habitatType":"lake"},"id":79},
{"type":"Feature","geometry":{"type":"Polygon","coordinates":[[[-122.165698,43.185172],[-122.169131,43.184279],[-122.171473,43.182189],[-122.169339,43.178004],[-122.168373,43.173954],[-122.165676,43.167802],[-122.165091,43.161953],[-122.166014,43.157413],[-122.165083,43.15266],[-122.165768,43.150198],[-122.165012,43.144339],[-122.162148,43.13969],[-122.161246,43.136406],[-122.156411,43.135749],[-122.144889,43.136663],[-122.137459,43.138651],[-122.135295,43.143903],[-122.134906,43.147943],[-122.136487,43.155285],[-122.135875,43.159413],[-122.132798,43.165685],[-122.134307,43.172062],[-122.13749,43.174022],[-122.138595,43.176831],[-122.142515,43.177212],[-122.148966,43.180457],[-122.158883,43.184114],[-122.165698,43.185172]]]},"properties":{"OBJECTID":6,"fhdFtrID":6,"fhdRefID":53709,"fhdRevDt":"20190205","fhdONm":"Guy Chilton","fhdOEnt":"ODFW","fhdSpNm":"Brown trout","fhdRun":"NA","fhdLifeHst":"FluvAdfluvRes","fhdUseTy":"ResidentMultipleUses","fhdBasis":"DocObsFish","fhdStNm":"Diamond Lake","fhdGenus":"Salmo","fhdSp":"trutta","fhdSubSp":null,"fhdOrig":"NonNative","fhdProd":"Hatchery","fhdComment":null,"fhdESH":"NA","fhdBasisD":null,"fhdNMF":"no","fhdBasisDt":"20180000","fhdBasisNm":null,"fhdBasisEnt":null,"fhdBasisPrj":null,"fhdBasisMethod":null,"fhdAccess":null,"fhdBarrierFtrID":null,"fhdEndExtent":null,"Shape__Area":23132112.66306571,"Shape__Length":20676.89727768572,"habitatType":"lake"},"id":80},
{"type":"Feature","geometry":{"type":"Polygon","coordinates":[[[-120.701851,42.680678],[-120.701752,42.681341],[-120.702769,42.682572],[-120.703369,42.681752],[-120.702583,42.68066],[-120.701851,42.680678]]]},"properties":{"OBJECTID":7,"fhdFtrID":7,"fhdRefID":53709,"fhdRevDt":"20190205","fhdONm":"Guy Chilton","fhdOEnt":"ODFW","fhdSpNm":"Brown trout","fhdRun":"NA","fhdLifeHst":"FluvAdfluvRes","fhdUseTy":"ResidentMultipleUses","fhdBasis":"DocObsFish","fhdStNm":"Withers Lake","fhdGenus":"Salmo","fhdSp":"trutta","fhdSubSp":null,"fhdOrig":"NonNative","fhdProd":"Hatchery","fhdComment":null,"fhdESH":"NA","fhdBasisD":null,"fhdNMF":"no","fhdBasisDt":"20180000","fhdBasisNm":null,"fhdBasisEnt":null,"fhdBasisPrj":null,"fhdBasisMethod":null,"fhdAccess":null,"fhdBarrierFtrID":null,"fhdEndExtent":null,"Shape__Area":34050.15134226,"Shape__Length":773.4551972055692,"habitatType":"lake"},"id":81},
{"type":"Feature","geometry":{"type":"Polygon","coordinates":[[[-121.78163,43.743947],[-121.782058,43.739062],[-121.780013,43.737834],[-121.78694,43.734432],[-121.790641,43.728943],[-121.788741,43.726015],[-121.788642,43.719891],[-121.787047,43.717524],[-121.780996,43.715434],[-121.780867,43.712623],[-121.778296,43.710489],[-121.772513,43.708581],[-121.767706,43.703226],[-121.765067,43.701496],[-121.766135,43.695718],[-121.765227,43.694457],[-121.771987,43.689568],[-121.773368,43.69205],[-121.785384,43.689091],[-121.788924,43.689894],[-121.792387,43.688481],[-121.800147,43.688356],[-121.802656,43.68731],[-121.801924,43.684602],[-121.809348,43.678854],[-121.81156,43.6746],[-121.816,43.673773],[-121.823043,43.67444],[-121.820678,43.672047],[-121.814955,43.672195],[-121.812606,43.670055],[-121.810866,43.664653],[-121.802016,43.665587],[-121.798797,43.667912],[-121.80036,43.671052],[-121.804717,43.670207],[-121.807501,43.672415],[-121.807654,43.675685],[-121.804862,43.678465],[-121.800093,43.680441],[-121.799567,43.685477],[-121.797233,43.685885],[-121.788665,43.680716],[-121.78208,43.682015],[-121.779174,43.679354],[-121.775412,43.679566],[-121.771323,43.680963],[-121.767417,43.680957],[-121.768675,43.674731],[-121.769087,43.668297],[-121.764426,43.665825],[-121.759367,43.66695],[-121.756637,43.666146],[-121.749106,43.665991],[-121.745612,43.663099],[-121.74095,43.660941],[-121.73638,43.660341],[-121.733367,43.658264],[-121.721983,43.655319],[-121.716331,43.655805],[-121.713507,43.65724],[-121.71324,43.652799],[-121.709891,43.6487],[-121.708228,43.644819],[-121.705901,43.642442],[-121.703681,43.636321],[-121.701034,43.634437],[-121.697951,43.634077],[-121.69702,43.631248],[-121.692954,43.631265],[-121.691192,43.633415],[-121.690977,43.639787],[-121.689284,43.643477],[-121.689498,43.649593],[-121.687911,43.652186],[-121.678657,43.65596],[-121.675315,43.65675],[-121.672537,43.658789],[-121.674864,43.664875],[-121.673942,43.666881],[-121.676681,43.669137],[-121.686057,43.672432],[-121.688727,43.676632],[-121.688544,43.682572],[-121.717711,43.707349],[-121.716651,43.704591],[-121.721847,43.703379],[-121.726401,43.711687],[-121.729636,43.71012],[-121.732764,43.711712],[-121.734397,43.70821],[-121.737967,43.709222],[-121.744521,43.700525],[-121.747695,43.70516],[-121.753387,43.703926],[-121.760741,43.705357],[-121.772307,43.711163],[-121.775031,43.71474],[-121.773406,43.717054],[-121.775191,43.718433],[-121.780761,43.719177],[-121.785216,43.725653],[-121.784987,43.728586],[-121.7871,43.730598],[-121.786383,43.732878],[-121.783355,43.732782],[-121.77767,43.737295],[-121.778555,43.7416],[-121.78163,43.743947]]]},"properties":{"OBJECTID":8,"fhdFtrID":8,"fhdRefID":53684,"fhdRevDt":"20190214","fhdONm":"Peter Robinson","fhdOEnt":"ODFW","fhdSpNm":"Brown trout","fhdRun":"NA","fhdLifeHst":"FluvAdfluvRes","fhdUseTy":"Unknown","fhdBasis":"UndocObsFish","fhdStNm":"Wickiup Reservoir","fhdGenus":"Salmo","fhdSp":"trutta","fhdSubSp":null,"fhdOrig":"NonNative","fhdProd":"Natural","fhdComment":null,"fhdESH":"NA","fhdBasisD":null,"fhdNMF":"no","fhdBasisDt":null,"fhdBasisNm":null,"fhdBasisEnt":null,"fhdBasisPrj":null,"fhdBasisMethod":null,"fhdAccess":null,"fhdBarrierFtrID":null,"fhdEndExtent":null,"Shape__Area":78712282.22606444,"Shape__Length":118346.22901059683,"habitatType":"lake"},"id":82},
{"type":"Feature","geometry":{"type":"Polygon","coordinates":[[[-121.153526,44.499338],[-121.155955,44.496572],[-121.160058,44.494987],[-121.158907,44.491768],[-121.155065,44.492897],[-121.147879,44.492763],[-121.146848,44.491449],[-121.141608,44.491439],[-121.144626,44.497814],[-121.150012,44.499389],[-121.153526,44.499338]]]},"properties":{"OBJECTID":9,"fhdFtrID":9,"fhdRefID":53684,"fhdRevDt":"20190214","fhdONm":"Peter Robinson","fhdOEnt":"ODFW","fhdSpNm":"Brown trout","fhdRun":"NA","fhdLifeHst":"FluvAdfluvRes","fhdUseTy":"Unknown","fhdBasis":"UndocObsFish","fhdStNm":"Haystack Reservoir","fhdGenus":"Salmo","fhdSp":"trutta","fhdSubSp":null,"fhdOrig":"NonNative","fhdProd":"Natural","fhdComment":null,"fhdESH":"NA","fhdBasisD":null,"fhdNMF":"no","fhdBasisDt":null,"fhdBasisNm":null,"fhdBasisEnt":null,"fhdBasisPrj":null,"fhdBasisMethod":null,"fhdAccess":null,"fhdBarrierFtrID":null,"fhdEndExtent":null,"Shape__Area":1742342.885076705,"Shape__Length":6729.18357050104,"habitatType":"lake"},"id":83},
{"type":"Feature","geometry":{"type":"Polygon","coordinates":[[[-121.276896,44.603184],[-121.28524,44.602256],[-121.287351,44.601172],[-121.291736,44.595584],[-121.293503,44.594638],[-121.301033,44.594777],[-121.304482,44.592713],[-121.305361,44.590664],[-121.312971,44.588904],[-121.317765,44.585608],[-121.328462,44.586413],[-121.3346,44.588979],[-121.34174,44.590415],[-121.347874,44.588686],[-121.352993,44.59119],[-121.35863,44.591478],[-121.368875,44.594082],[-121.374049,44.594678],[-121.375277,44.593562],[-121.383353,44.592227],[-121.388351,44.59372],[-121.391577,44.595989],[-121.394496,44.59658],[-121.405401,44.595913],[-121.411,44.594353],[-121.422432,44.597437],[-121.430133,44.5964],[-121.433287,44.592059],[-121.433364,44.587766],[-121.439221,44.585162],[-121.435804,44.583208],[-121.431855,44.583451],[-121.430042,44.58528],[-121.430496,44.589014],[-121.428373,44.592081],[-121.426207,44.59297],[-121.409474,44.590685],[-121.403805,44.591147],[-121.396094,44.59256],[-121.389863,44.590077],[-121.390077,44.586935],[-121.386038,44.588334],[-121.379912,44.586813],[-121.377373,44.587534],[-121.373943,44.586288],[-121.371007,44.583607],[-121.363864,44.58274],[-121.357795,44.583967],[-121.351279,44.586322],[-121.347134,44.585011],[-121.34121,44.586887],[-121.328778,44.582439],[-121.314797,44.582368],[-121.311304,44.580759],[-121.310221,44.585119],[-121.302734,44.58742],[-121.29864,44.589988],[-121.288302,44.591526],[-121.285064,44.593242],[-121.277144,44.589693],[-121.276345,44.585189],[-121.271309,44.583375],[-121.269219,44.58121],[-121.270054,44.577252],[-121.272811,44.575187],[-121.2765,44.574388],[-121.282583,44.569258],[-121.283189,44.564064],[-121.284746,44.560369],[-121.287263,44.55956],[-121.287544,44.557278],[-121.285085,44.553523],[-121.286851,44.550858],[-121.287673,44.546855],[-121.290313,44.540961],[-121.29359,44.537365],[-121.295212,44.530096],[-121.29116,44.532674],[-121.289615,44.535559],[-121.285773,44.536113],[-121.281212,44.54737],[-121.278323,44.547993],[-121.280713,44.551936],[-121.283025,44.553366],[-121.283498,44.556119],[-121.281293,44.558327],[-121.281625,44.560736],[-121.280134,44.566889],[-121.276904,44.571774],[-121.27165,44.573429],[-121.26994,44.570931],[-121.263894,44.56975],[-121.261478,44.571306],[-121.262313,44.573696],[-121.260965,44.575809],[-121.265065,44.578563],[-121.26654,44.584059],[-121.27198,44.585798],[-121.272829,44.590753],[-121.278907,44.59441],[-121.282355,44.597955],[-121.274677,44.601512],[-121.276896,44.603184]]]},"properties":{"OBJECTID":10,"fhdFtrID":10,"fhdRefID":53684,"fhdRevDt":"20190214","fhdONm":"Peter Robinson","fhdOEnt":"ODFW","fhdSpNm":"Brown trout","fhdRun":"NA","fhdLifeHst":"FluvAdfluvRes","fhdUseTy":"Unknown","fhdBasis":"UndocObsFish","fhdStNm":"Lake Billy Chinook","fhdGenus":"Salmo","fhdSp":"trutta","fhdSubSp":null,"fhdOrig":"NonNative","fhdProd":"Natural","fhdComment":null,"fhdESH":"NA","fhdBasisD":null,"fhdNMF":"no","fhdBasisDt":null,"fhdBasisNm":null,"fhdBasisEnt":null,"fhdBasisPrj":null,"fhdBasisMethod":null,"fhdAccess":null,"fhdBarrierFtrID":null,"fhdEndExtent":null,"Shape__Area":22560653.449522946,"Shape__Length":97628.62699090174,"habitatType":"lake"},"id":84},
{"type":"Feature","geometry":{"type":"Polygon","coordinates":[[[-121.729041,44.425234],[-121.731177,44.427518],[-121.738257,44.424544],[-121.754943,44.419492],[-121.753332,44.416616],[-121.747207,44.417125],[-121.736426,44.420824],[-121.729781,44.421686],[-121.729041,44.425234]]]},"properties":{"OBJECTID":11,"fhdFtrID":11,"fhdRefID":53684,"fhdRevDt":"20190214","fhdONm":"Peter Robinson","fhdOEnt":"ODFW","fhdSpNm":"Brown trout","fhdRun":"NA","fhdLifeHst":"FluvAdfluvRes","fhdUseTy":"Unknown","fhdBasis":"UndocObsFish","fhdStNm":"Suttle Lake","fhdGenus":"Salmo","fhdSp":"trutta","fhdSubSp":null,"fhdOrig":"NonNative","fhdProd":"Natural","fhdComment":null,"fhdESH":"NA","fhdBasisD":null,"fhdNMF":"no","fhdBasisDt":null,"fhdBasisNm":null,"fhdBasisEnt":null,"fhdBasisPrj":null,"fhdBasisMethod":null,"fhdAccess":null,"fhdBarrierFtrID":null,"fhdEndExtent":null,"Shape__Area":2102288.53363766,"Shape__Length":8028.952026778472,"habitatType":"lake"},"id":85},
{"type":"Feature","geometry":{"type":"Polygon","coordinates":[[[-121.229893,44.694068],[-121.233973,44.68909],[-121.238825,44.687573],[-121.242568,44.684823],[-121.244441,44.681064],[-121.242949,44.672856],[-121.248474,44.6696],[-121.249434,44.663624],[-121.256796,44.659268],[-121.260575,44.654859],[-121.263917,44.647843],[-121.26767,44.644272],[-121.266143,44.641753],[-121.27717,44.630669],[-121.283516,44.632031],[-121.284209,44.62999],[-121.276118,44.62984],[-121.264601,44.638708],[-121.262493,44.641752],[-121.264549,44.645088],[-121.261665,44.647529],[-121.260625,44.651287],[-121.257592,44.655993],[-121.250717,44.660366],[-121.246471,44.664308],[-121.245967,44.669217],[-121.238366,44.67276],[-121.240598,44.674909],[-121.241426,44.680423],[-121.238838,44.685231],[-121.231796,44.688015],[-121.230051,44.689739],[-121.229893,44.694068]]]},"properties":{"OBJECTID":12,"fhdFtrID":12,"fhdRefID":53684,"fhdRevDt":"20190214","fhdONm":"Peter Robinson","fhdOEnt":"ODFW","fhdSpNm":"Brown trout","fhdRun":"NA","fhdLifeHst":"FluvAdfluvRes","fhdUseTy":"Unknown","fhdBasis":"UndocObsFish","fhdStNm":"Lake Simtustus","fhdGenus":"Salmo","fhdSp":"trutta","fhdSubSp":null,"fhdOrig":"NonNative","fhdProd":"Natural","fhdComment":null,"fhdESH":"NA","fhdBasisD":null,"fhdNMF":"no","fhdBasisDt":null,"fhdBasisNm":null,"fhdBasisEnt":null,"fhdBasisPrj":null,"fhdBasisMethod":null,"fhdAccess":null,"fhdBarrierFtrID":null,"fhdEndExtent":null,"Shape__Area":4420406.005423405,"Shape__Length":44683.17050216007,"habitatType":"lake"},"id":86},
{"type":"Feature","geometry":{"type":"Polygon","coordinates":[[[-121.962842,45.074408],[-121.961982,45.07319],[-121.95962,45.072604],[-121.959628,45.073493],[-121.962842,45.074408]]]},"properties":{"OBJECTID":13,"fhdFtrID":13,"fhdRefID":53684,"fhdRevDt":"20190214","fhdONm":"Peter Robinson","fhdOEnt":"ODFW","fhdSpNm":"Brown trout","fhdRun":"NA","fhdLifeHst":"FluvAdfluvRes","fhdUseTy":"Unknown","fhdBasis":"UndocObsFish","fhdStNm":"Lake Harriet","fhdGenus":"Salmo","fhdSp":"trutta","fhdSubSp":null,"fhdOrig":"NonNative","fhdProd":"Natural","fhdComment":null,"fhdESH":"NA","fhdBasisD":null,"fhdNMF":"no","fhdBasisDt":null,"fhdBasisNm":null,"fhdBasisEnt":null,"fhdBasisPrj":null,"fhdBasisMethod":null,"fhdAccess":null,"fhdBarrierFtrID":null,"fhdEndExtent":null,"Shape__Area":141308.27383338,"Shape__Length":2938.7468136096654,"habitatType":"lake"},"id":87},
{"type":"Feature","geometry":{"type":"Polygon","coordinates":[[[-122.299165,45.25194],[-122.299756,45.251732],[-122.302568,45.247532],[-122.304087,45.246187],[-122.303109,45.245087],[-122.301485,45.248048],[-122.299438,45.25074],[-122.299165,45.25194]]]},"properties":{"OBJECTID":14,"fhdFtrID":14,"fhdRefID":53684,"fhdRevDt":"20190214","fhdONm":"Peter Robinson","fhdOEnt":"ODFW","fhdSpNm":"Brown trout","fhdRun":"NA","fhdLifeHst":"FluvAdfluvRes","fhdUseTy":"Unknown","fhdBasis":"UndocObsFish","fhdStNm":"North Fork Reservoir","fhdGenus":"Salmo","fhdSp":"trutta","fhdSubSp":null,"fhdOrig":"NonNative","fhdProd":"Natural","fhdComment":null,"fhdESH":"NA","fhdBasisD":null,"fhdNMF":"no","fhdBasisDt":null,"fhdBasisNm":null,"fhdBasisEnt":null,"fhdBasisPrj":null,"fhdBasisMethod":null,"fhdAccess":null,"fhdBarrierFtrID":null,"fhdEndExtent":null,"Shape__Area":357384.12484802,"Shape__Length":8565.826147917684,"habitatType":"lake"},"id":88},
{"type":"Feature","geometry":{"type":"Polygon","coordinates":[[[-122.039645,43.635456],[-122.041101,43.637449],[-122.044585,43.635119],[-122.048424,43.630667],[-122.043769,43.630268],[-122.037861,43.634604],[-122.039645,43.635456]]]},"properties":{"OBJECTID":15,"fhdFtrID":15,"fhdRefID":53684,"fhdRevDt":"20190214","fhdONm":"Peter Robinson","fhdOEnt":"ODFW","fhdSpNm":"Brown trout","fhdRun":"NA","fhdLifeHst":"FluvAdfluvRes","fhdUseTy":"Unknown","fhdBasis":"UndocObsFish","fhdStNm":"Gold Lake","fhdGenus":"Salmo","fhdSp":"trutta","fhdSubSp":null,"fhdOrig":"NonNative","fhdProd":"Natural","fhdComment":null,"fhdESH":"NA","fhdBasisD":null,"fhdNMF":"no","fhdBasisDt":null,"fhdBasisNm":null,"fhdBasisEnt":null,"fhdBasisPrj":null,"fhdBasisMethod":null,"fhdAccess":null,"fhdBarrierFtrID":null,"fhdEndExtent":null,"Shape__Area":673117.248448395,"Shape__Length":4138.399139019422,"habitatType":"lake"},"id":89},
{"type":"Feature","geometry":{"type":"Polygon","coordinates":[[[-122.043061,45.093938],[-122.045912,45.092967],[-122.041729,45.091479],[-122.043061,45.093938]]]},"properties":{"OBJECTID":16,"fhdFtrID":16,"fhdRefID":53684,"fhdRevDt":"20190214","fhdONm":"Peter Robinson","fhdOEnt":"ODFW","fhdSpNm":"Brown trout","fhdRun":"NA","fhdLifeHst":"FluvAdfluvRes","fhdUseTy":"Unknown","fhdBasis":"UndocObsFish","fhdStNm":"Frog Lake","fhdGenus":"Salmo","fhdSp":"trutta","fhdSubSp":null,"fhdOrig":"NonNative","fhdProd":"Natural","fhdComment":null,"fhdESH":"NA","fhdBasisD":null,"fhdNMF":"no","fhdBasisDt":null,"fhdBasisNm":null,"fhdBasisEnt":null,"fhdBasisPrj":null,"fhdBasisMethod":null,"fhdAccess":null,"fhdBarrierFtrID":null,"fhdEndExtent":null,"Shape__Area":122878.579417875,"Shape__Length":1531.2088071079756,"habitatType":"lake"},"id":90},
{"type":"Feature","geometry":{"type":"Polygon","coordinates":[[[-121.894757,44.169806],[-121.897464,44.169527],[-121.899329,44.165403],[-121.891828,44.164547],[-121.889708,44.165571],[-121.891989,44.169311],[-121.894757,44.169806]]]},"properties":{"OBJECTID":17,"fhdFtrID":17,"fhdRefID":53684,"fhdRevDt":"20190214","fhdONm":"Peter Robinson","fhdOEnt":"ODFW","fhdSpNm":"Brown trout","fhdRun":"NA","fhdLifeHst":"FluvAdfluvRes","fhdUseTy":"Unknown","fhdBasis":"UndocObsFish","fhdStNm":"Linton Lake","fhdGenus":"Salmo","fhdSp":"trutta","fhdSubSp":null,"fhdOrig":"NonNative","fhdProd":"Natural","fhdComment":null,"fhdESH":"NA","fhdBasisD":null,"fhdNMF":"no","fhdBasisDt":null,"fhdBasisNm":null,"fhdBasisEnt":null,"fhdBasisPrj":null,"fhdBasisMethod":null,"fhdAccess":null,"fhdBarrierFtrID":null,"fhdEndExtent":null,"Shape__Area":637168.39917527,"Shape__Length":5794.077843012043,"habitatType":"lake"},"id":91},
{"type":"Feature","geometry":{"type":"Polygon","coordinates":[[[-122.666788,42.708026],[-122.670658,42.70659],[-122.671601,42.703182],[-122.667145,42.701504],[-122.664185,42.6977],[-122.666844,42.692652],[-122.671277,42.687799],[-122.668507,42.684728],[-122.665272,42.683459],[-122.664611,42.681395],[-122.667477,42.679674],[-122.674166,42.680373],[-122.674065,42.671201],[-122.676131,42.665351],[-122.671941,42.665021],[-122.670412,42.66628],[-122.660491,42.667064],[-122.652424,42.66485],[-122.647434,42.665572],[-122.644902,42.670524],[-122.640029,42.675856],[-122.638073,42.679444],[-122.635329,42.679772],[-122.624424,42.679431],[-122.621303,42.685271],[-122.620859,42.688067],[-122.615741,42.68896],[-122.610709,42.690984],[-122.600469,42.692624],[-122.597081,42.69477],[-122.595371,42.699641],[-122.590609,42.701334],[-122.584656,42.702298],[-122.57969,42.701122],[-122.575675,42.701924],[-122.573365,42.703798],[-122.57109,42.709519],[-122.573706,42.70888],[-122.575731,42.704171],[-122.579745,42.702833],[-122.586264,42.70463],[-122.5977,42.70194],[-122.600133,42.700115],[-122.599708,42.696957],[-122.603167,42.695217],[-122.607602,42.696435],[-122.613248,42.694068],[-122.616357,42.694083],[-122.617792,42.691921],[-122.620958,42.694418],[-122.623679,42.690308],[-122.62721,42.690229],[-122.628206,42.688545],[-122.635415,42.690463],[-122.635112,42.692765],[-122.640065,42.693053],[-122.642232,42.69473],[-122.642716,42.697785],[-122.646547,42.695295],[-122.652627,42.697638],[-122.653715,42.695175],[-122.658073,42.697292],[-122.659094,42.700579],[-122.658642,42.704904],[-122.664042,42.702293],[-122.667928,42.70528],[-122.666788,42.708026]]]},"properties":{"OBJECTID":18,"fhdFtrID":18,"fhdRefID":53684,"fhdRevDt":"20190214","fhdONm":"Peter Robinson","fhdOEnt":"ODFW","fhdSpNm":"Brown trout","fhdRun":"NA","fhdLifeHst":"FluvAdfluvRes","fhdUseTy":"Unknown","fhdBasis":"UndocObsFish","fhdStNm":"Lost Creek Lake","fhdGenus":"Salmo","fhdSp":"trutta","fhdSubSp":null,"fhdOrig":"NonNative","fhdProd":"Natural","fhdComment":null,"fhdESH":"NA","fhdBasisD":null,"fhdNMF":"no","fhdBasisDt":null,"fhdBasisNm":null,"fhdBasisEnt":null,"fhdBasisPrj":null,"fhdBasisMethod":null,"fhdAccess":null,"fhdBarrierFtrID":null,"fhdEndExtent":null,"Shape__Area":23643144.7476151,"Shape__Length":63862.79459044005,"habitatType":"lake"},"id":92},
{"type":"Feature","geometry":{"type":"Polygon","coordinates":[[[-122.494442,43.303183],[-122.494945,43.302537],[-122.491571,43.301237],[-122.490864,43.301577],[-122.494442,43.303183]]]},"properties":{"OBJECTID":19,"fhdFtrID":19,"fhdRefID":53684,"fhdRevDt":"20190214","fhdONm":"Peter Robinson","fhdOEnt":"ODFW","fhdSpNm":"Brown trout","fhdRun":"NA","fhdLifeHst":"FluvAdfluvRes","fhdUseTy":"Unknown","fhdBasis":"UndocObsFish","fhdStNm":"Soda Springs Reservoir","fhdGenus":"Salmo","fhdSp":"trutta","fhdSubSp":null,"fhdOrig":"NonNative","fhdProd":"Natural","fhdComment":null,"fhdESH":"NA","fhdBasisD":null,"fhdNMF":"no","fhdBasisDt":null,"fhdBasisNm":null,"fhdBasisEnt":null,"fhdBasisPrj":null,"fhdBasisMethod":null,"fhdAccess":null,"fhdBarrierFtrID":null,"fhdEndExtent":null,"Shape__Area":214860.6011091,"Shape__Length":6870.846598764636,"habitatType":"lake"},"id":93},
{"type":"Feature","geometry":{"type":"Polygon","coordinates":[[[-122.183737,43.316158],[-122.192231,43.32009],[-122.193695,43.312897],[-122.191214,43.308449],[-122.186484,43.308055],[-122.184662,43.305989],[-122.18416,43.300268],[-122.181478,43.300735],[-122.181794,43.308427],[-122.177973,43.308328],[-122.173047,43.310597],[-122.164676,43.311383],[-122.163167,43.312552],[-122.175819,43.312616],[-122.183144,43.314443],[-122.183737,43.316158]]]},"properties":{"OBJECTID":20,"fhdFtrID":20,"fhdRefID":53684,"fhdRevDt":"20190214","fhdONm":"Peter Robinson","fhdOEnt":"ODFW","fhdSpNm":"Brown trout","fhdRun":"NA","fhdLifeHst":"FluvAdfluvRes","fhdUseTy":"Unknown","fhdBasis":"UndocObsFish","fhdStNm":"Lemolo Reservoir","fhdGenus":"Salmo","fhdSp":"trutta","fhdSubSp":null,"fhdOrig":"NonNative","fhdProd":"Natural","fhdComment":null,"fhdESH":"NA","fhdBasisD":null,"fhdNMF":"no","fhdBasisDt":null,"fhdBasisNm":null,"fhdBasisEnt":null,"fhdBasisPrj":null,"fhdBasisMethod":null,"fhdAccess":null,"fhdBarrierFtrID":null,"fhdEndExtent":null,"Shape__Area":3299616.853725955,"Shape__Length":18031.340245708197,"habitatType":"lake"},"id":94},
{"type":"Feature","geometry":{"type":"Polygon","coordinates":[[[-122.410416,43.271294],[-122.415142,43.268254],[-122.413099,43.266244],[-122.407284,43.268982],[-122.410416,43.271294]]]},"properties":{"OBJECTID":21,"fhdFtrID":21,"fhdRefID":53684,"fhdRevDt":"20190214","fhdONm":"Peter Robinson","fhdOEnt":"ODFW","fhdSpNm":"Brown trout","fhdRun":"NA","fhdLifeHst":"FluvAdfluvRes","fhdUseTy":"Unknown","fhdBasis":"UndocObsFish","fhdStNm":"Toketee Lake","fhdGenus":"Salmo","fhdSp":"trutta","fhdSubSp":null,"fhdOrig":"NonNative","fhdProd":"Natural","fhdComment":null,"fhdESH":"NA","fhdBasisD":null,"fhdNMF":"no","fhdBasisDt":null,"fhdBasisNm":null,"fhdBasisEnt":null,"fhdBasisPrj":null,"fhdBasisMethod":null,"fhdAccess":null,"fhdBarrierFtrID":null,"fhdEndExtent":null,"Shape__Area":583835.62099469,"Shape__Length":6535.6979428478635,"habitatType":"lake"},"id":95},
{"type":"Feature","geometry":{"type":"Polygon","coordinates":[[[-120.966855,42.425368],[-120.965683,42.422492],[-120.967009,42.418356],[-120.961868,42.415035],[-120.960513,42.412863],[-120.954819,42.41196],[-120.95356,42.414083],[-120.96286,42.424468],[-120.966855,42.425368]]]},"properties":{"OBJECTID":22,"fhdFtrID":22,"fhdRefID":53713,"fhdRevDt":"20190329","fhdONm":"Matthew Neilson","fhdOEnt":"USGS","fhdSpNm":"Brown trout","fhdRun":"NA","fhdLifeHst":"FluvAdfluvRes","fhdUseTy":"Unknown","fhdBasis":"UndocObsFish","fhdStNm":"Campbell Reservoir","fhdGenus":"Salmo","fhdSp":"trutta","fhdSubSp":null,"fhdOrig":"NonNative","fhdProd":"Natural","fhdComment":null,"fhdESH":"NA","fhdBasisD":null,"fhdNMF":"no","fhdBasisDt":null,"fhdBasisNm":null,"fhdBasisEnt":null,"fhdBasisPrj":null,"fhdBasisMethod":null,"fhdAccess":null,"fhdBarrierFtrID":null,"fhdEndExtent":null,"Shape__Area":1535387.42547529,"Shape__Length":5990.021024688841,"habitatType":"lake"},"id":96},
{"type":"Feature","geometry":{"type":"Polygon","coordinates":[[[-122.30876,41.994386],[-122.309843,41.994484],[-122.316381,41.989231],[-122.323778,41.987417],[-122.3271,41.987167],[-122.330872,41.985064],[-122.329777,41.982423],[-122.330646,41.979198],[-122.320457,41.977918],[-122.317055,41.980122],[-122.313128,41.980202],[-122.308202,41.982111],[-122.306789,41.979669],[-122.300655,41.977119],[-122.300995,41.973569],[-122.294117,41.974805],[-122.289936,41.973825],[-122.285751,41.968764],[-122.273839,41.967252],[-122.272744,41.965743],[-122.265425,41.963334],[-122.266736,41.966252],[-122.269794,41.966701],[-122.273381,41.970255],[-122.27538,41.970139],[-122.279874,41.972795],[-122.282893,41.972096],[-122.286378,41.974474],[-122.286548,41.977569],[-122.290932,41.978512],[-122.310899,41.988708],[-122.310557,41.992491],[-122.30876,41.994386]]]},"properties":{"OBJECTID":23,"fhdFtrID":23,"fhdRefID":53580,"fhdRevDt":"20190329","fhdONm":"Jay Stevens","fhdOEnt":"BLM","fhdSpNm":"Brown trout","fhdRun":"NA","fhdLifeHst":"FluvAdfluvRes","fhdUseTy":"Unknown","fhdBasis":"UndocObsFish","fhdStNm":"Copco Reservoir","fhdGenus":"Salmo","fhdSp":"trutta","fhdSubSp":null,"fhdOrig":"NonNative","fhdProd":"Natural","fhdComment":null,"fhdESH":"NA","fhdBasisD":null,"fhdNMF":"no","fhdBasisDt":null,"fhdBasisNm":null,"fhdBasisEnt":null,"fhdBasisPrj":null,"fhdBasisMethod":null,"fhdAccess":null,"fhdBarrierFtrID":null,"fhdEndExtent":null,"Shape__Area":7285589.048249525,"Shape__Length":29785.507274547625,"habitatType":"lake"},"id":97},
{"type":"Feature","geometry":{"type":"Polygon","coordinates":[[[-122.399993,41.975997],[-122.409002,41.970825],[-122.411684,41.972498],[-122.417549,41.971386],[-122.418501,41.96746],[-122.424022,41.966119],[-122.427255,41.96405],[-122.430243,41.960654],[-122.432366,41.961222],[-122.432249,41.966279],[-122.435478,41.969344],[-122.43674,41.973604],[-122.438643,41.972772],[-122.437162,41.965382],[-122.43957,41.962137],[-122.435268,41.958758],[-122.436677,41.956198],[-122.439732,41.954865],[-122.439003,41.953126],[-122.433046,41.950166],[-122.437438,41.946385],[-122.438316,41.944095],[-122.435954,41.94292],[-122.433317,41.939142],[-122.436553,41.934897],[-122.434992,41.934059],[-122.429395,41.938775],[-122.431465,41.942606],[-122.430442,41.943677],[-122.424295,41.943102],[-122.430323,41.946691],[-122.4282,41.951998],[-122.43161,41.954095],[-122.431593,41.9573],[-122.422688,41.95946],[-122.422736,41.963311],[-122.417081,41.965323],[-122.415094,41.969636],[-122.412691,41.970695],[-122.409305,41.968625],[-122.405707,41.970124],[-122.399282,41.969424],[-122.394482,41.966447],[-122.388288,41.966817],[-122.388102,41.969106],[-122.392577,41.968339],[-122.396368,41.970641],[-122.401208,41.971062],[-122.399152,41.973481],[-122.399993,41.975997]]]},"properties":{"OBJECTID":24,"fhdFtrID":24,"fhdRefID":53580,"fhdRevDt":"20190329","fhdONm":"Jay Stevens","fhdOEnt":"BLM","fhdSpNm":"Brown trout","fhdRun":"NA","fhdLifeHst":"FluvAdfluvRes","fhdUseTy":"Unknown","fhdBasis":"UndocObsFish","fhdStNm":"Iron Gate Reservoir","fhdGenus":"Salmo","fhdSp":"trutta","fhdSubSp":null,"fhdOrig":"NonNative","fhdProd":"Natural","fhdComment":null,"fhdESH":"NA","fhdBasisD":null,"fhdNMF":"no","fhdBasisDt":null,"fhdBasisNm":null,"fhdBasisEnt":null,"fhdBasisPrj":null,"fhdBasisMethod":null,"fhdAccess":null,"fhdBarrierFtrID":null,"fhdEndExtent":null,"Shape__Area":6943296.19339821,"Shape__Length":43055.64604978865,"habitatType":"lake"},"id":98},
{"type":"Feature","geometry":{"type":"Polygon","coordinates":[[[-122.004822,42.495693],[-122.008175,42.490957],[-122.012231,42.491634],[-122.021079,42.494575],[-122.025106,42.494801],[-122.033733,42.496396],[-122.038118,42.494525],[-122.040654,42.494613],[-122.049371,42.491661],[-122.052962,42.48951],[-122.055544,42.485997],[-122.056976,42.480842],[-122.057555,42.475062],[-122.060707,42.467135],[-122.059736,42.464884],[-122.061382,42.460959],[-122.06391,42.459274],[-122.069374,42.458763],[-122.074475,42.460865],[-122.076989,42.463171],[-122.079549,42.47124],[-122.085313,42.475909],[-122.087501,42.475794],[-122.090567,42.470722],[-122.086273,42.468483],[-122.087889,42.466957],[-122.084188,42.463181],[-122.079888,42.463599],[-122.07962,42.460826],[-122.077291,42.456984],[-122.066193,42.448981],[-122.064295,42.448388],[-122.060723,42.444106],[-122.053023,42.437869],[-122.051319,42.435415],[-122.04743,42.43321],[-122.042604,42.432428],[-122.037937,42.42898],[-122.035716,42.425526],[-122.036213,42.422386],[-122.040845,42.419752],[-122.040424,42.416118],[-122.035508,42.40802],[-122.025721,42.399085],[-122.016325,42.394235],[-122.009607,42.394912],[-122.00308,42.397467],[-122.002429,42.404664],[-122.007431,42.410222],[-122.007301,42.415338],[-122.004062,42.416928],[-121.993583,42.417251],[-121.988037,42.412686],[-121.979384,42.411421],[-121.974817,42.406504],[-121.973509,42.397952],[-121.974371,42.390667],[-121.97371,42.38773],[-121.971221,42.385996],[-121.969353,42.3816],[-121.964482,42.384878],[-121.961929,42.389177],[-121.958412,42.390292],[-121.954829,42.393932],[-121.952726,42.398604],[-121.953712,42.401091],[-121.952802,42.404187],[-121.958235,42.414946],[-121.962363,42.419995],[-121.965307,42.426181],[-121.964227,42.430836],[-121.957401,42.427626],[-121.950924,42.421726],[-121.948819,42.418806],[-121.946218,42.41307],[-121.944898,42.405576],[-121.943135,42.399077],[-121.931227,42.383015],[-121.924711,42.379572],[-121.919365,42.373708],[-121.910542,42.367503],[-121.901811,42.360715],[-121.899836,42.358189],[-121.894842,42.355602],[-121.894075,42.352132],[-121.898152,42.353742],[-121.910868,42.350996],[-121.918515,42.347193],[-121.925716,42.345784],[-121.931362,42.342853],[-121.938918,42.341771],[-121.941278,42.338659],[-121.943735,42.33323],[-121.945361,42.323343],[-121.942002,42.317277],[-121.94252,42.314549],[-121.941647,42.310898],[-121.938777,42.30688],[-121.936218,42.304794],[-121.930104,42.293929],[-121.927753,42.28805],[-121.924877,42.288538],[-121.929002,42.292332],[-121.928772,42.298387],[-121.926368,42.303064],[-121.925087,42.308449],[-121.919784,42.310666],[-121.913245,42.312196],[-121.903444,42.313259],[-121.897023,42.314947],[-121.897435,42.317928],[-121.892892,42.319211],[-121.886837,42.315349],[-121.885431,42.307521],[-121.880222,42.301902],[-121.876646,42.298843],[-121.874873,42.289018],[-121.863178,42.282244],[-121.859659,42.281741],[-121.856877,42.278953],[-121.855426,42.275973],[-121.85232,42.273312],[-121.849655,42.265792],[-121.845609,42.260474],[-121.844477,42.257032],[-121.840647,42.254415],[-121.843328,42.250906],[-121.841373,42.24713],[-121.841423,42.244061],[-121.836133,42.242794],[-121.834802,42.240758],[-121.832047,42.240297],[-121.828965,42.236746],[-121.823543,42.235742],[-121.819657,42.236017],[-121.814294,42.234941],[-121.809329,42.234957],[-121.807157,42.240145],[-121.812417,42.240738],[-121.814242,42.242632],[-121.815978,42.249197],[-121.81307,42.252047],[-121.812782,42.255318],[-121.81409,42.260028],[-121.817977,42.263805],[-121.820113,42.264645],[-121.824608,42.269135],[-121.827321,42.270545],[-121.831875,42.275496],[-121.835019,42.28272],[-121.835287,42.287507],[-121.833174,42.290307],[-121.830867,42.290148],[-121.828325,42.296577],[-121.830404,42.301116],[-121.818054,42.301304],[-121.818626,42.328965],[-121.820846,42.333439],[-121.825597,42.338132],[-121.829416,42.343319],[-121.829143,42.346822],[-121.826806,42.352097],[-121.81473,42.381392],[-121.815419,42.38653],[-121.819026,42.391515],[-121.825152,42.401412],[-121.828908,42.404628],[-121.838897,42.414491],[-121.850815,42.423204],[-121.857651,42.430541],[-121.864509,42.434315],[-121.867922,42.438727],[-121.868585,42.442849],[-121.87173,42.446235],[-121.879793,42.447841],[-121.886035,42.446703],[-121.892144,42.444718],[-121.894329,42.447387],[-121.893458,42.458204],[-121.899986,42.463606],[-121.903711,42.465817],[-121.908084,42.46577],[-121.908616,42.469991],[-121.911331,42.471537],[-121.913753,42.475744],[-121.922157,42.476812],[-121.924493,42.478343],[-121.927134,42.482141],[-121.927751,42.486854],[-121.929607,42.48958],[-121.934779,42.487746],[-121.938276,42.48872],[-121.943512,42.487963],[-121.944896,42.490014],[-121.943336,42.491977],[-121.94818,42.494182],[-121.948991,42.492875],[-121.953205,42.493108],[-121.957405,42.494732],[-122.000084,42.495473],[-122.004822,42.495693]],[[-121.819869,42.329026],[-121.819032,42.325825],[-121.818921,42.320391],[-121.821702,42.318508],[-121.822257,42.315252],[-121.821369,42.312266],[-121.825266,42.310158],[-121.829999,42.309603],[-121.833115,42.316261],[-121.830786,42.32045],[-121.83132,42.323184],[-121.828643,42.327438],[-121.824233,42.325869],[-121.823701,42.328515],[-121.819869,42.329026]],[[-121.852803,42.301226],[-121.847632,42.297352],[-121.846041,42.293872],[-121.84646,42.290924],[-121.848538,42.290237],[-121.852317,42.29297],[-121.85775,42.300906],[-121.852803,42.301226]],[[-121.935394,42.418334],[-121.938247,42.4198],[-121.938461,42.42238],[-121.934527,42.427095],[-121.931207,42.427447],[-121.927347,42.423812],[-121.927903,42.421995],[-121.933623,42.420179],[-121.935394,42.418334]],[[-121.821006,42.308127],[-121.818713,42.307622],[-121.819193,42.301298],[-121.82877,42.301303],[-121.820828,42.307216],[-121.821006,42.308127]],[[-121.822544,42.308292],[-121.823424,42.306453],[-121.827588,42.306524],[-121.831515,42.309334],[-121.822544,42.308292]],[[-121.84184,42.308761],[-121.842159,42.312027],[-121.838897,42.31166],[-121.84184,42.308761]]]},"properties":{"OBJECTID":25,"fhdFtrID":25,"fhdRefID":53580,"fhdRevDt":"20190329","fhdONm":"Jay Stevens","fhdOEnt":"BLM","fhdSpNm":"Brown trout","fhdRun":"NA","fhdLifeHst":"FluvRes","fhdUseTy":"ForageMigrateOverwinter","fhdBasis":"UndocObsFish","fhdStNm":"Upper Klamath Lake","fhdGenus":"Salmo","fhdSp":"trutta","fhdSubSp":null,"fhdOrig":"NonNative","fhdProd":"Natural","fhdComment":null,"fhdESH":"NA","fhdBasisD":null,"fhdNMF":"no","fhdBasisDt":null,"fhdBasisNm":null,"fhdBasisEnt":null,"fhdBasisPrj":null,"fhdBasisMethod":null,"fhdAccess":null,"fhdBarrierFtrID":null,"fhdEndExtent":null,"Shape__Area":461074607.09581786,"Shape__Length":369212.49486474745,"habitatType":"lake"},"id":99},
{"type":"Feature","geometry":{"type":"Polygon","coordinates":[[[-121.957405,42.494732],[-121.956812,42.498435],[-121.957355,42.503505],[-121.951962,42.507935],[-121.953333,42.513062],[-121.946789,42.516862],[-121.944979,42.520243],[-121.941269,42.521199],[-121.93879,42.520134],[-121.936207,42.521759],[-121.931284,42.518732],[-121.925802,42.521748],[-121.927583,42.522953],[-121.929668,42.53007],[-121.928866,42.535367],[-121.931389,42.538381],[-121.932665,42.546104],[-121.93043,42.551347],[-121.930727,42.553422],[-121.929026,42.559065],[-121.930265,42.563632],[-121.929551,42.574797],[-121.934245,42.577004],[-121.936191,42.574265],[-121.934587,42.571312],[-121.936733,42.569325],[-121.940655,42.571833],[-121.940016,42.574123],[-121.941507,42.576519],[-121.945186,42.576972],[-121.942378,42.581418],[-121.950282,42.583163],[-121.957837,42.585682],[-121.965637,42.584895],[-121.97114,42.581732],[-121.975831,42.576186],[-121.978791,42.569153],[-121.979196,42.563905],[-121.974247,42.559762],[-121.972017,42.554405],[-121.973974,42.548471],[-121.97798,42.544484],[-121.997638,42.543943],[-122.003287,42.539862],[-122.005512,42.53299],[-122.004715,42.528999],[-122.005261,42.523702],[-122.001911,42.519204],[-122.005918,42.51117],[-122.004495,42.509259],[-122.00565,42.503956],[-122.004675,42.499981],[-122.004822,42.495693],[-122.000084,42.495473],[-121.957405,42.494732]],[[-121.977757,42.543968],[-121.977948,42.540938],[-121.97964,42.539537],[-121.979601,42.536573],[-121.983342,42.53605],[-121.98547,42.533798],[-121.988239,42.534538],[-121.985036,42.539162],[-121.988408,42.541373],[-121.99307,42.541651],[-121.997363,42.543125],[-121.977757,42.543968]]]},"properties":{"OBJECTID":26,"fhdFtrID":26,"fhdRefID":53580,"fhdRevDt":"20190329","fhdONm":"Jay Stevens","fhdOEnt":"BLM","fhdSpNm":"Brown trout","fhdRun":"NA","fhdLifeHst":"FluvRes","fhdUseTy":"ForageMigrateOverwinter","fhdBasis":"UndocObsFish","fhdStNm":"Agency Lake","fhdGenus":"Salmo","fhdSp":"trutta","fhdSubSp":null,"fhdOrig":"NonNative","fhdProd":"Natural","fhdComment":null,"fhdESH":"NA","fhdBasisD":null,"fhdNMF":"no","fhdBasisDt":null,"fhdBasisNm":null,"fhdBasisEnt":null,"fhdBasisPrj":null,"fhdBasisMethod":null,"fhdAccess":null,"fhdBarrierFtrID":null,"fhdEndExtent":null,"Shape__Area":76958237.74600038,"Shape__Length":121735.12804735087,"habitatType":"lake"},"id":100},
{"type":"Feature","geometry":{"type":"Polygon","coordinates":[[[-121.79785,43.81216],[-121.797736,43.809079],[-121.799903,43.808004],[-121.800933,43.805259],[-121.804778,43.803769],[-121.806647,43.799458],[-121.810431,43.79703],[-121.819266,43.793305],[-121.823485,43.790476],[-121.828017,43.789217],[-121.831478,43.785173],[-121.827864,43.782616],[-121.830871,43.775588],[-121.835417,43.770997],[-121.833327,43.769346],[-121.825446,43.766501],[-121.82498,43.761283],[-121.827918,43.759468],[-121.824156,43.758223],[-121.818091,43.762734],[-121.814772,43.767273],[-121.808265,43.76825],[-121.79595,43.762574],[-121.794554,43.760174],[-121.790298,43.769826],[-121.78723,43.770513],[-121.788702,43.773491],[-121.787466,43.775396],[-121.791465,43.779724],[-121.79077,43.783183],[-121.785887,43.783644],[-121.779708,43.786793],[-121.78179,43.791065],[-121.778891,43.792979],[-121.774947,43.792603],[-121.773261,43.795556],[-121.774131,43.799347],[-121.769294,43.801348],[-121.767478,43.79951],[-121.764144,43.799365],[-121.762122,43.79775],[-121.756667,43.798771],[-121.75614,43.801781],[-121.764182,43.805209],[-121.766761,43.812323],[-121.770491,43.812363],[-121.774558,43.808329],[-121.777671,43.809136],[-121.780128,43.802878],[-121.784857,43.803397],[-121.784957,43.806378],[-121.792792,43.808532],[-121.797247,43.809146],[-121.79785,43.81216]]]},"properties":{"OBJECTID":27,"fhdFtrID":27,"fhdRefID":53718,"fhdRevDt":"20190521","fhdONm":"Kevin Stertz","fhdOEnt":"ODFW","fhdSpNm":"Brown trout","fhdRun":"NA","fhdLifeHst":"FluvAdfluvRes","fhdUseTy":"Unknown","fhdBasis":"IndivProfOpinion","fhdStNm":"Crane Prairie Reservoir","fhdGenus":"Salmo","fhdSp":"trutta","fhdSubSp":null,"fhdOrig":"NonNative","fhdProd":"Natural","fhdComment":null,"fhdESH":"NA","fhdBasisD":null,"fhdNMF":"no","fhdBasisDt":null,"fhdBasisNm":null,"fhdBasisEnt":null,"fhdBasisPrj":null,"fhdBasisMethod":null,"fhdAccess":null,"fhdBarrierFtrID":null,"fhdEndExtent":null,"Shape__Area":32200264.319435526,"Shape__Length":51128.12768886754,"habitatType":"lake"},"id":101},
{"type":"Feature","geometry":{"type":"Polygon","coordinates":[[[-121.759787,43.915132],[-121.761878,43.911571],[-121.761245,43.91007],[-121.755866,43.906806],[-121.752364,43.909225],[-121.753203,43.912224],[-121.759787,43.915132]]]},"properties":{"OBJECTID":28,"fhdFtrID":28,"fhdRefID":53718,"fhdRevDt":"20190521","fhdONm":"Kevin Stertz","fhdOEnt":"ODFW","fhdSpNm":"Brown trout","fhdRun":"NA","fhdLifeHst":"FluvAdfluvRes","fhdUseTy":"Unknown","fhdBasis":"IndivProfOpinion","fhdStNm":"Little Lava Lake","fhdGenus":"Salmo","fhdSp":"trutta","fhdSubSp":null,"fhdOrig":"NonNative","fhdProd":"Natural","fhdComment":null,"fhdESH":"NA","fhdBasisD":null,"fhdNMF":"no","fhdBasisDt":null,"fhdBasisNm":null,"fhdBasisEnt":null,"fhdBasisPrj":null,"fhdBasisMethod":null,"fhdAccess":null,"fhdBarrierFtrID":null,"fhdEndExtent":null,"Shape__Area":873816.294338925,"Shape__Length":4581.674841260787,"habitatType":"lake"},"id":102}
]}
