{"type":"FeatureCollection","features":[
{"type":"Feature","geometry":{"type":"LineString","coordinates":[[-123.947965,45.890208],[-123.943957,45.890355],[-123.942072,45.894205]]},"properties":{"OBJECTID":1,"fhdFtrID":1,"fhdRefID":53013,"fhdRevDt":"20190513","fhdONm":"Matt Weeber","fhdOEnt":"ODFW","fhdSpNm":"Chum salmon","fhdRun":"NA","fhdLifeHst":"Anadromous","fhdUseTy":"Spawning","fhdBasis":"DownstreamDocObsFish","fhdStNm":"Unnamed trib to Ecola Creek","fhdGenus":"Oncorhynchus","fhdSp":"keta","fhdSubSp":null,"fhdOrig":"NativeLocal","fhdProd":"Natural","fhdComment":null,"fhdESH":"yes","fhdBasisD":null,"fhdNMF":"yes","fhdBasisDt":"20180000","fhdBasisNm":null,"fhdBasisEnt":null,"fhdBasisPrj":"OASIS","fhdBasisMethod":"Salmon spawning surveys","Shape__Length":1392.0603279339236,"fhdAccess":"Unassisted","fhdBarrierFtrID":null,"fhdEndExtent":"NA","habitatType":"stream"},"id":1},
{"type":"Feature","geometry":{"type":"LineString","coordinates":[[-123.931961,45.884576],[-123.937729,45.88498],[-123.943017,45.886468],[-123.946507,45.888932]]},"properties":{"OBJECTID":2,"fhdFtrID":2,"fhdRefID":53013,"fhdRevDt":"20190513","fhdONm":"Matt Weeber","fhdOEnt":"ODFW","fhdSpNm":"Chum salmon","fhdRun":"NA","fhdLifeHst":"Anadromous","fhdUseTy":"Spawning","fhdBasis":"DocObsFish","fhdStNm":"North Fork Ecola Creek","fhdGenus":"Oncorhynchus","fhdSp":"keta","fhdSubSp":null,"fhdOrig":"NativeLocal","fhdProd":"Natural","fhdComment":null,"fhdESH":"yes","fhdBasisD":null,"fhdNMF":"yes","fhdBasisDt":"20180000","fhdBasisNm":null,"fhdBasisEnt":"ODFW","fhdBasisPrj":"OASIS","fhdBasisMethod":"Salmon spawning surveys","Shape__Length":2119.9500800678597,"fhdAccess":"Unassisted","fhdBarrierFtrID":null,"fhdEndExtent":"Unknown","habitatType":"stream"},"id":2},
{"type":"Feature","geometry":{"type":"LineString","coordinates":[[-123.942072,45.894205],[-123.941195,45.898502],[-123.939367,45.899208],[-123.938394,45.900899]]},"properties":{"OBJECTID":3,"fhdFtrID":3,"fhdRefID":53013,"fhdRevDt":"20190513","fhdONm":"Matt Weeber","fhdOEnt":"ODFW","fhdSpNm":"Chum salmon","fhdRun":"NA","fhdLifeHst":"Anadromous","fhdUseTy":"Spawning","fhdBasis":"DocObsFish","fhdStNm":"Unnamed trib to Ecola Creek","fhdGenus":"Oncorhynchus","fhdSp":"keta","fhdSubSp":null,"fhdOrig":"NativeLocal","fhdProd":"Natural","fhdComment":null,"fhdESH":"yes","fhdBasisD":null,"fhdNMF":"yes","fhdBasisDt":"20180000","fhdBasisNm":null,"fhdBasisEnt":"ODFW","fhdBasisPrj":"OASIS","fhdBasisMethod":"Salmon spawning surveys","Shape__Length":1395.2836256111962,"fhdAccess":"Unassisted","fhdBarrierFtrID":null,"fhdEndExtent":"Unknown","habitatType":"stream"},"id":3},
{"type":"Feature","geometry":{"type":"LineString","coordinates":[[-123.941217,45.86889],[-123.938131,45.870141],[-123.934194,45.869883],[-123.932253,45.871624],[-123.934649,45.875831]]},"properties":{"OBJECTID":4,"fhdFtrID":4,"fhdRefID":53013,"fhdRevDt":"20190513","fhdONm":"Matt Weeber","fhdOEnt":"ODFW","fhdSpNm":"Chum salmon","fhdRun":"NA","fhdLifeHst":"Anadromous","fhdUseTy":"Spawning","fhdBasis":"DownstreamDocObsFish","fhdStNm":"West Fork Ecola Creek","fhdGenus":"Oncorhynchus","fhdSp":"keta","fhdSubSp":null,"fhdOrig":"NativeLocal","fhdProd":"Natural","fhdComment":null,"fhdESH":"yes","fhdBasisD":null,"fhdNMF":"yes","fhdBasisDt":"20180000","fhdBasisNm":null,"fhdBasisEnt":null,"fhdBasisPrj":"OASIS","fhdBasisMethod":"Salmon spawning surveys","Shape__Length":2373.10502559714,"fhdAccess":"Unassisted","fhdBarrierFtrID":null,"fhdEndExtent":"NA","habitatType":"stream"},"id":4},
{"type":"Feature","geometry":{"type":"LineString","coordinates":[[-123.943961,45.859306],[-123.945002,45.863724],[-123.940726,45.865894],[-123.941217,45.86889]]},"properties":{"OBJECTID":5,"fhdFtrID":5,"fhdRefID":53013,"fhdRevDt":"20190513","fhdONm":"Matt Weeber","fhdOEnt":"ODFW","fhdSpNm":"Chum salmon","fhdRun":"NA","fhdLifeHst":"Anadromous","fhdUseTy":"Spawning","fhdBasis":"DocObsFish","fhdStNm":"West Fork Ecola Creek","fhdGenus":"Oncorhynchus","fhdSp":"keta","fhdSubSp":null,"fhdOrig":"NativeLocal","fhdProd":"Natural","fhdComment":null,"fhdESH":"yes","fhdBasisD":null,"fhdNMF":"yes","fhdBasisDt":"20180000","fhdBasisNm":null,"fhdBasisEnt":"ODFW","fhdBasisPrj":"OASIS","fhdBasisMethod":"Salmon spawning surveys","Shape__Length":1981.7003235026807,"fhdAccess":"Unassisted","fhdBarrierFtrID":null,"fhdEndExtent":"Unknown","habitatType":"stream"},"id":5},
{"type":"Feature","geometry":{"type":"LineString","coordinates":[[-123.808127,45.905238],[-123.810477,45.906621],[-123.813898,45.907578],[-123.815288,45.909286],[-123.817563,45.907702],[-123.822317,45.90773],[-123.826886,45.906274],[-123.830831,45.905422],[-123.832948,45.906659]]},"properties":{"OBJECTID":6,"fhdFtrID":6,"fhdRefID":53013,"fhdRevDt":"20190513","fhdONm":"Matt Weeber","fhdOEnt":"ODFW","fhdSpNm":"Chum salmon","fhdRun":"NA","fhdLifeHst":"Anadromous","fhdUseTy":"Spawning","fhdBasis":"DownstreamDocObsFish","fhdStNm":"Necanicum River","fhdGenus":"Oncorhynchus","fhdSp":"keta","fhdSubSp":null,"fhdOrig":"NativeLocal","fhdProd":"Natural","fhdComment":null,"fhdESH":"yes","fhdBasisD":null,"fhdNMF":"yes","fhdBasisDt":"20180000","fhdBasisNm":null,"fhdBasisEnt":null,"fhdBasisPrj":"OASIS","fhdBasisMethod":"Salmon spawning surveys","Shape__Length":3491.618299815847,"fhdAccess":"Unassisted","fhdBarrierFtrID":null,"fhdEndExtent":"NA","habitatType":"stream"},"id":6},
{"type":"Feature","geometry":{"type":"LineString","coordinates":[[-123.803441,45.911048],[-123.803545,45.909467],[-123.806429,45.908829],[-123.807681,45.907573],[-123.808127,45.905238]]},"properties":{"OBJECTID":7,"fhdFtrID":7,"fhdRefID":53013,"fhdRevDt":"20190513","fhdONm":"Matt Weeber","fhdOEnt":"ODFW","fhdSpNm":"Chum salmon","fhdRun":"NA","fhdLifeHst":"Anadromous","fhdUseTy":"Spawning","fhdBasis":"DownstreamDocObsFish","fhdStNm":"North Fork Necanicum River","fhdGenus":"Oncorhynchus","fhdSp":"keta","fhdSubSp":null,"fhdOrig":"NativeLocal","fhdProd":"Natural","fhdComment":null,"fhdESH":"yes","fhdBasisD":null,"fhdNMF":"yes","fhdBasisDt":"20180000","fhdBasisNm":null,"fhdBasisEnt":null,"fhdBasisPrj":"OASIS","fhdBasisMethod":"Salmon spawning surveys","Shape__Length":1331.3116774660089,"fhdAccess":"Unassisted","fhdBarrierFtrID":null,"fhdEndExtent":"NA","habitatType":"stream"},"id":7},
{"type":"Feature","geometry":{"type":"LineString","coordinates":[[-123.803441,45.911048],[-123.80414,45.912146],[-123.802703,45.916372],[-123.806872,45.921574],[-123.806873,45.92345]]},"properties":{"OBJECTID":8,"fhdFtrID":8,"fhdRefID":53013,"fhdRevDt":"20190513","fhdONm":"Matt Weeber","fhdOEnt":"ODFW","fhdSpNm":"Chum salmon","fhdRun":"NA","fhdLifeHst":"Anadromous","fhdUseTy":"Spawning","fhdBasis":"DocObsFish","fhdStNm":"North Fork Necanicum River","fhdGenus":"Oncorhynchus","fhdSp":"keta","fhdSubSp":null,"fhdOrig":"NativeLocal","fhdProd":"Natural","fhdComment":null,"fhdESH":"yes","fhdBasisD":null,"fhdNMF":"yes","fhdBasisDt":"20180000","fhdBasisNm":null,"fhdBasisEnt":"ODFW","fhdBasisPrj":"OASIS","fhdBasisMethod":"Salmon spawning surveys","Shape__Length":2285.010666947273,"fhdAccess":"Unassisted","fhdBarrierFtrID":null,"fhdEndExtent":"Unknown","habitatType":"stream"},"id":8},
{"type":"Feature","geometry":{"type":"LineString","coordinates":[[-123.74349,45.907851],[-123.744829,45.906113],[-123.74681,45.90558],[-123.748893,45.903835],[-123.754847,45.903139],[-123.755978,45.901882],[-123.759947,45.901411],[-123.767228,45.904124],[-123.769902,45.903674],[-123.774357,45.905239],[-123.778629,45.904602],[-123.783602,45.906015],[-123.784815,45.905402],[-123.791282,45.906159],[-123.792456,45.907861],[-123.797694,45.907226],[-123.79985,45.904975],[-123.80242,45.905855],[-123.802977,45.904713],[-123.806279,45.903895],[-123.808127,45.905238]]},"properties":{"OBJECTID":9,"fhdFtrID":9,"fhdRefID":53013,"fhdRevDt":"20190513","fhdONm":"Matt Weeber","fhdOEnt":"ODFW","fhdSpNm":"Chum salmon","fhdRun":"NA","fhdLifeHst":"Anadromous","fhdUseTy":"Spawning","fhdBasis":"DownstreamDocObsFish","fhdStNm":"Necanicum River","fhdGenus":"Oncorhynchus","fhdSp":"keta","fhdSubSp":null,"fhdOrig":"NativeLocal","fhdProd":"Natural","fhdComment":null,"fhdESH":"yes","fhdBasisD":null,"fhdNMF":"yes","fhdBasisDt":"20180000","fhdBasisNm":null,"fhdBasisEnt":null,"fhdBasisPrj":"OASIS","fhdBasisMethod":"Salmon spawning surveys","Shape__Length":9517.431466758526,"fhdAccess":"Unassisted","fhdBarrierFtrID":null,"fhdEndExtent":"NA","habitatType":"stream"},"id":9},
{"type":"Feature","geometry":{"type":"LineString","coordinates":[[-123.717123,45.915236],[-123.720432,45.912136],[-123.724346,45.911571],[-123.725994,45.912156],[-123.734308,45.90864],[-123.73634,45.90937],[-123.740283,45.908164],[-123.74349,45.907851]]},"properties":{"OBJECTID":10,"fhdFtrID":10,"fhdRefID":53013,"fhdRevDt":"20190513","fhdONm":"Matt Weeber","fhdOEnt":"ODFW","fhdSpNm":"Chum salmon","fhdRun":"NA","fhdLifeHst":"Anadromous","fhdUseTy":"Spawning","fhdBasis":"DocObsFish","fhdStNm":"Necanicum River","fhdGenus":"Oncorhynchus","fhdSp":"keta","fhdSubSp":null,"fhdOrig":"NativeLocal","fhdProd":"Natural","fhdComment":null,"fhdESH":"yes","fhdBasisD":null,"fhdNMF":"yes","fhdBasisDt":"20180000","fhdBasisNm":null,"fhdBasisEnt":"ODFW","fhdBasisPrj":"OASIS","fhdBasisMethod":"Salmon spawning surveys","Shape__Length":4140.17471094495,"fhdAccess":"Unassisted","fhdBarrierFtrID":null,"fhdEndExtent":"Unknown","habitatType":"stream"},"id":10},
{"type":"Feature","geometry":{"type":"LineString","coordinates":[[-123.925631,44.634623],[-123.924428,44.63223],[-123.924761,44.630279],[-123.921908,44.628524],[-123.923427,44.62744],[-123.925688,44.627987],[-123.926252,44.625873],[-123.92404,44.624333],[-123.926166,44.621662],[-123.927025,44.619348],[-123.924902,44.618648],[-123.923011,44.616202],[-123.926329,44.611207],[-123.923951,44.609223],[-123.923359,44.607882],[-123.93018,44.606934]]},"properties":{"OBJECTID":11,"fhdFtrID":11,"fhdRefID":53013,"fhdRevDt":"20190513","fhdONm":"Matt Weeber","fhdOEnt":"ODFW","fhdSpNm":"Chum salmon","fhdRun":"NA","fhdLifeHst":"Anadromous","fhdUseTy":"Rearing","fhdBasis":"DownstreamDocObsFish","fhdStNm":null,"fhdGenus":"Oncorhynchus","fhdSp":"keta","fhdSubSp":null,"fhdOrig":"NativeLocal","fhdProd":"Natural","fhdComment":null,"fhdESH":"yes","fhdBasisD":null,"fhdNMF":"yes","fhdBasisDt":"20180000","fhdBasisNm":null,"fhdBasisEnt":null,"fhdBasisPrj":"OASIS","fhdBasisMethod":"Salmon spawning surveys","Shape__Length":7751.595348910552,"fhdAccess":"Unassisted","fhdBarrierFtrID":null,"fhdEndExtent":"NA","habitatType":"stream"},"id":11},
{"type":"Feature","geometry":{"type":"LineString","coordinates":[[-123.933276,44.659113],[-123.933923,44.657982],[-123.930591,44.655827],[-123.928376,44.652671],[-123.928802,44.649573],[-123.927477,44.647473],[-123.929212,44.644937],[-123.926878,44.639515],[-123.925631,44.634623]]},"properties":{"OBJECTID":12,"fhdFtrID":12,"fhdRefID":53013,"fhdRevDt":"20190513","fhdONm":"Matt Weeber","fhdOEnt":"ODFW","fhdSpNm":"Chum salmon","fhdRun":"NA","fhdLifeHst":"Anadromous","fhdUseTy":"Spawning","fhdBasis":"DownstreamDocObsFish","fhdStNm":"West Olalla Creek","fhdGenus":"Oncorhynchus","fhdSp":"keta","fhdSubSp":null,"fhdOrig":"NativeLocal","fhdProd":"Natural","fhdComment":null,"fhdESH":"yes","fhdBasisD":null,"fhdNMF":"yes","fhdBasisDt":"20180000","fhdBasisNm":null,"fhdBasisEnt":null,"fhdBasisPrj":"OASIS","fhdBasisMethod":"Salmon spawning surveys","Shape__Length":5704.67961722022,"fhdAccess":"Unassisted","fhdBarrierFtrID":null,"fhdEndExtent":"NA","habitatType":"stream"},"id":12},
{"type":"Feature","geometry":{"type":"LineString","coordinates":[[-123.933276,44.659113],[-123.930754,44.660551],[-123.92824,44.660283],[-123.923396,44.662987],[-123.921168,44.664989],[-123.91957,44.667596],[-123.919222,44.669637]]},"properties":{"OBJECTID":13,"fhdFtrID":13,"fhdRefID":53013,"fhdRevDt":"20190513","fhdONm":"Matt Weeber","fhdOEnt":"ODFW","fhdSpNm":"Chum salmon","fhdRun":"NA","fhdLifeHst":"Anadromous","fhdUseTy":"Spawning","fhdBasis":"DocObsFish","fhdStNm":"Unnamed trib to West Olalla Creek","fhdGenus":"Oncorhynchus","fhdSp":"keta","fhdSubSp":null,"fhdOrig":"NativeLocal","fhdProd":"Natural","fhdComment":null,"fhdESH":"yes","fhdBasisD":null,"fhdNMF":"yes","fhdBasisDt":"20180000","fhdBasisNm":null,"fhdBasisEnt":"ODFW","fhdBasisPrj":"OASIS","fhdBasisMethod":"Salmon spawning surveys","Shape__Length":2632.1896420996377,"fhdAccess":"Unassisted","fhdBarrierFtrID":null,"fhdEndExtent":"Unknown","habitatType":"stream"},"id":13},
{"type":"Feature","geometry":{"type":"LineString","coordinates":[[-123.798719,44.662196],[-123.801158,44.663408],[-123.808176,44.66601],[-123.815923,44.666964],[-123.821598,44.667057],[-123.820915,44.665439],[-123.816226,44.663126],[-123.811747,44.661588],[-123.806725,44.658506],[-123.811461,44.652802],[-123.814043,44.652417],[-123.819472,44.655008],[-123.824115,44.655997],[-123.825963,44.656883],[-123.82974,44.657425],[-123.830593,44.656571],[-123.829892,44.654037],[-123.830936,44.652845],[-123.834763,44.654009],[-123.838179,44.657182]]},"properties":{"OBJECTID":14,"fhdFtrID":14,"fhdRefID":53013,"fhdRevDt":"20190513","fhdONm":"Matt Weeber","fhdOEnt":"ODFW","fhdSpNm":"Chum salmon","fhdRun":"NA","fhdLifeHst":"Anadromous","fhdUseTy":"Spawning","fhdBasis":"DownstreamDocObsFish","fhdStNm":"Yaquina River","fhdGenus":"Oncorhynchus","fhdSp":"keta","fhdSubSp":null,"fhdOrig":"NativeLocal","fhdProd":"Natural","fhdComment":null,"fhdESH":"yes","fhdBasisD":null,"fhdNMF":"yes","fhdBasisDt":"20180000","fhdBasisNm":null,"fhdBasisEnt":null,"fhdBasisPrj":"OASIS","fhdBasisMethod":"Salmon spawning surveys","Shape__Length":10269.189157469782,"fhdAccess":"Unassisted","fhdBarrierFtrID":null,"fhdEndExtent":"NA","habitatType":"stream"},"id":14},
{"type":"Feature","geometry":{"type":"LineString","coordinates":[[-123.798719,44.662196],[-123.797819,44.665967],[-123.793191,44.666845]]},"properties":{"OBJECTID":15,"fhdFtrID":15,"fhdRefID":53013,"fhdRevDt":"20190513","fhdONm":"Matt Weeber","fhdOEnt":"ODFW","fhdSpNm":"Chum salmon","fhdRun":"NA","fhdLifeHst":"Anadromous","fhdUseTy":"Spawning","fhdBasis":"DocObsFish","fhdStNm":"Hayes Creek","fhdGenus":"Oncorhynchus","fhdSp":"keta","fhdSubSp":null,"fhdOrig":"NativeLocal","fhdProd":"Natural","fhdComment":null,"fhdESH":"yes","fhdBasisD":null,"fhdNMF":"yes","fhdBasisDt":"20180000","fhdBasisNm":null,"fhdBasisEnt":"ODFW","fhdBasisPrj":"OASIS","fhdBasisMethod":"Salmon spawning surveys","Shape__Length":1272.984666030972,"fhdAccess":"Unassisted","fhdBarrierFtrID":null,"fhdEndExtent":"NA","habitatType":"stream"},"id":15},
{"type":"Feature","geometry":{"type":"LineString","coordinates":[[-123.932175,44.715162],[-123.932526,44.718419],[-123.938277,44.72116],[-123.941331,44.723513],[-123.942099,44.725083],[-123.94069,44.727275],[-123.937397,44.728012],[-123.933834,44.72768],[-123.927385,44.724435],[-123.92473,44.724781],[-123.923447,44.727875],[-123.925887,44.729571],[-123.930343,44.730191],[-123.930146,44.731851],[-123.926909,44.732748],[-123.916551,44.731945],[-123.914906,44.730228],[-123.914789,44.725641],[-123.913512,44.724899],[-123.908897,44.729877],[-123.909124,44.733213],[-123.910551,44.734744],[-123.91433,44.735338],[-123.915253,44.737055],[-123.91256,44.739385],[-123.911067,44.741641],[-123.909385,44.746353],[-123.909202,44.751578],[-123.908559,44.753642],[-123.905726,44.755642],[-123.902432,44.756402],[-123.895642,44.756193],[-123.892361,44.755269],[-123.890365,44.755456],[-123.890322,44.757836],[-123.892895,44.759391],[-123.897383,44.76065],[-123.900152,44.762814],[-123.902435,44.763409],[-123.911271,44.763684],[-123.921329,44.765087],[-123.926478,44.764905],[-123.930952,44.766492],[-123.934054,44.766427],[-123.93561,44.768418],[-123.936268,44.771068],[-123.940856,44.773612],[-123.940259,44.775403],[-123.930769,44.777905],[-123.927202,44.777633],[-123.923856,44.776219],[-123.920622,44.772418],[-123.917826,44.771512],[-123.916146,44.771967],[-123.914078,44.775632],[-123.914328,44.777515],[-123.918261,44.780103],[-123.919721,44.781597],[-123.919011,44.782619],[-123.916343,44.783165],[-123.910812,44.782636],[-123.909447,44.783119]]},"properties":{"OBJECTID":16,"fhdFtrID":16,"fhdRefID":53013,"fhdRevDt":"20190513","fhdONm":"Matt Weeber","fhdOEnt":"ODFW","fhdSpNm":"Chum salmon","fhdRun":"NA","fhdLifeHst":"Anadromous","fhdUseTy":"Spawning","fhdBasis":"DownstreamDocObsFish","fhdStNm":null,"fhdGenus":"Oncorhynchus","fhdSp":"keta","fhdSubSp":null,"fhdOrig":"NativeLocal","fhdProd":"Natural","fhdComment":null,"fhdESH":"yes","fhdBasisD":null,"fhdNMF":"yes","fhdBasisDt":"20180000","fhdBasisNm":null,"fhdBasisEnt":null,"fhdBasisPrj":"OASIS","fhdBasisMethod":"Salmon spawning surveys","Shape__Length":30401.738379280294,"fhdAccess":"Unassisted","fhdBarrierFtrID":null,"fhdEndExtent":"NA","habitatType":"stream"},"id":16},
{"type":"Feature","geometry":{"type":"LineString","coordinates":[[-123.935517,44.711426],[-123.934591,44.713591],[-123.932175,44.715162]]},"properties":{"OBJECTID":17,"fhdFtrID":17,"fhdRefID":53013,"fhdRevDt":"20190513","fhdONm":"Matt Weeber","fhdOEnt":"ODFW","fhdSpNm":"Chum salmon","fhdRun":"NA","fhdLifeHst":"Anadromous","fhdUseTy":"Spawning","fhdBasis":"DownstreamDocObsFish","fhdStNm":"Mill Creek","fhdGenus":"Oncorhynchus","fhdSp":"keta","fhdSubSp":null,"fhdOrig":"NativeLocal","fhdProd":"Natural","fhdComment":null,"fhdESH":"yes","fhdBasisD":null,"fhdNMF":"yes","fhdBasisDt":"20180000","fhdBasisNm":null,"fhdBasisEnt":null,"fhdBasisPrj":"OASIS","fhdBasisMethod":"Salmon spawning surveys","Shape__Length":840.5290031522874,"fhdAccess":"Unassisted","fhdBarrierFtrID":null,"fhdEndExtent":"NA","habitatType":"stream"},"id":17},
{"type":"Feature","geometry":{"type":"LineString","coordinates":[[-123.949025,44.705426],[-123.946431,44.707111],[-123.942849,44.707138],[-123.941124,44.709406],[-123.937891,44.7116],[-123.935517,44.711426]]},"properties":{"OBJECTID":18,"fhdFtrID":18,"fhdRefID":53013,"fhdRevDt":"20190513","fhdONm":"Matt Weeber","fhdOEnt":"ODFW","fhdSpNm":"Chum salmon","fhdRun":"NA","fhdLifeHst":"Anadromous","fhdUseTy":"Spawning","fhdBasis":"DocObsFish","fhdStNm":"West Fork Mill Creek","fhdGenus":"Oncorhynchus","fhdSp":"keta","fhdSubSp":null,"fhdOrig":"NativeLocal","fhdProd":"Natural","fhdComment":null,"fhdESH":"yes","fhdBasisD":null,"fhdNMF":"yes","fhdBasisDt":"20180000","fhdBasisNm":null,"fhdBasisEnt":"ODFW","fhdBasisPrj":"OASIS","fhdBasisMethod":"Salmon spawning surveys","Shape__Length":2394.720060064353,"fhdAccess":"Unassisted","fhdBarrierFtrID":null,"fhdEndExtent":"Unknown","habitatType":"stream"},"id":18},
{"type":"Feature","geometry":{"type":"LineString","coordinates":[[-123.864989,45.001009],[-123.867659,45.003537],[-123.870854,45.007891],[-123.874265,45.009536],[-123.878927,45.011016],[-123.883806,45.011466],[-123.884682,45.012144]]},"properties":{"OBJECTID":19,"fhdFtrID":19,"fhdRefID":53013,"fhdRevDt":"20190513","fhdONm":"Matt Weeber","fhdOEnt":"ODFW","fhdSpNm":"Chum salmon","fhdRun":"NA","fhdLifeHst":"Anadromous","fhdUseTy":"Rearing","fhdBasis":"DownstreamDocObsFish","fhdStNm":"Trout Creek","fhdGenus":"Oncorhynchus","fhdSp":"keta","fhdSubSp":null,"fhdOrig":"NativeLocal","fhdProd":"Natural","fhdComment":null,"fhdESH":"yes","fhdBasisD":null,"fhdNMF":"yes","fhdBasisDt":"20180000","fhdBasisNm":null,"fhdBasisEnt":null,"fhdBasisPrj":"OASIS","fhdBasisMethod":"Salmon spawning surveys","Shape__Length":3178.215626752269,"fhdAccess":"Unassisted","fhdBarrierFtrID":null,"fhdEndExtent":"Unknown","habitatType":"stream"},"id":19},
{"type":"Feature","geometry":{"type":"LineString","coordinates":[[-123.848383,44.987016],[-123.849838,44.990872],[-123.852486,44.991285],[-123.857061,44.995488],[-123.858189,44.997568],[-123.862718,44.999224],[-123.864937,45.000996]]},"properties":{"OBJECTID":20,"fhdFtrID":20,"fhdRefID":53013,"fhdRevDt":"20190513","fhdONm":"Matt Weeber","fhdOEnt":"ODFW","fhdSpNm":"Chum salmon","fhdRun":"NA","fhdLifeHst":"Anadromous","fhdUseTy":"Rearing","fhdBasis":"DocObsFish","fhdStNm":"Trout Creek","fhdGenus":"Oncorhynchus","fhdSp":"keta","fhdSubSp":null,"fhdOrig":"NativeLocal","fhdProd":"Natural","fhdComment":null,"fhdESH":"yes","fhdBasisD":null,"fhdNMF":"yes","fhdBasisDt":"20180000","fhdBasisNm":null,"fhdBasisEnt":"ODFW","fhdBasisPrj":"OASIS","fhdBasisMethod":"Salmon spawning surveys","Shape__Length":3234.6917862356463,"fhdAccess":"Unassisted","fhdBarrierFtrID":null,"fhdEndExtent":"Unknown","habitatType":"stream"},"id":20},
{"type":"Feature","geometry":{"type":"LineString","coordinates":[[-123.742422,45.545306],[-123.742893,45.546182],[-123.746845,45.547703],[-123.749762,45.548313],[-123.752026,45.547929]]},"properties":{"OBJECTID":21,"fhdFtrID":21,"fhdRefID":53013,"fhdRevDt":"20190513","fhdONm":"Matt Weeber","fhdOEnt":"ODFW","fhdSpNm":"Chum salmon","fhdRun":"NA","fhdLifeHst":"Anadromous","fhdUseTy":"Spawning","fhdBasis":"DocObsFish","fhdStNm":"Sam Downs Creek","fhdGenus":"Oncorhynchus","fhdSp":"keta","fhdSubSp":null,"fhdOrig":"NativeLocal","fhdProd":"Natural","fhdComment":null,"fhdESH":"yes","fhdBasisD":null,"fhdNMF":"yes","fhdBasisDt":"20180000","fhdBasisNm":null,"fhdBasisEnt":"ODFW","fhdBasisPrj":"OASIS","fhdBasisMethod":"Salmon spawning surveys","Shape__Length":1415.5615213389035,"fhdAccess":"Unassisted","fhdBarrierFtrID":null,"fhdEndExtent":"Unknown","habitatType":"stream"},"id":21},
{"type":"Feature","geometry":{"type":"LineString","coordinates":[[-123.516812,45.585221],[-123.519348,45.590423]]},"properties":{"OBJECTID":22,"fhdFtrID":22,"fhdRefID":53013,"fhdRevDt":"20190513","fhdONm":"Matt Weeber","fhdOEnt":"ODFW","fhdSpNm":"Chum salmon","fhdRun":"NA","fhdLifeHst":"Anadromous","fhdUseTy":"Spawning","fhdBasis":"DocObsFish","fhdStNm":"Ben Smith Creek","fhdGenus":"Oncorhynchus","fhdSp":"keta","fhdSubSp":null,"fhdOrig":"NativeLocal","fhdProd":"Natural","fhdComment":null,"fhdESH":"yes","fhdBasisD":null,"fhdNMF":"yes","fhdBasisDt":"20180000","fhdBasisNm":null,"fhdBasisEnt":"ODFW","fhdBasisPrj":"OASIS","fhdBasisMethod":"Salmon spawning surveys","Shape__Length":881.8239358570663,"fhdAccess":"Unassisted","fhdBarrierFtrID":null,"fhdEndExtent":"Unknown","habitatType":"stream"},"id":22},
{"type":"Feature","geometry":{"type":"LineString","coordinates":[[-123.835774,45.312379],[-123.83533,45.309173],[-123.833703,45.306152],[-123.830879,45.302851],[-123.826058,45.301536],[-123.823578,45.299312],[-123.823756,45.297767],[-123.821377,45.296043],[-123.820335,45.294484],[-123.821601,45.291716],[-123.819059,45.289947],[-123.819145,45.289114],[-123.82188,45.286389],[-123.823271,45.286384],[-123.824833,45.283587],[-123.824537,45.280173],[-123.82719,45.276453],[-123.827546,45.275138]]},"properties":{"OBJECTID":23,"fhdFtrID":23,"fhdRefID":53013,"fhdRevDt":"20190513","fhdONm":"Matt Weeber","fhdOEnt":"ODFW","fhdSpNm":"Chum salmon","fhdRun":"NA","fhdLifeHst":"Anadromous","fhdUseTy":"Spawning","fhdBasis":"DownstreamDocObsFish","fhdStNm":"Beaver Creek","fhdGenus":"Oncorhynchus","fhdSp":"keta","fhdSubSp":null,"fhdOrig":"NativeLocal","fhdProd":"Natural","fhdComment":null,"fhdESH":"yes","fhdBasisD":null,"fhdNMF":"yes","fhdBasisDt":"20180000","fhdBasisNm":null,"fhdBasisEnt":null,"fhdBasisPrj":"OASIS","fhdBasisMethod":"Salmon spawning surveys","Shape__Length":7329.536948882,"fhdAccess":"Unassisted","fhdBarrierFtrID":null,"fhdEndExtent":"NA","habitatType":"stream"},"id":23},
{"type":"Feature","geometry":{"type":"LineString","coordinates":[[-123.835774,45.312379],[-123.832617,45.312861],[-123.830174,45.310818],[-123.827149,45.309364],[-123.825353,45.310133],[-123.823961,45.308829],[-123.819489,45.307326],[-123.814311,45.30726],[-123.810804,45.305295],[-123.810081,45.303901],[-123.807748,45.302261],[-123.802025,45.30231],[-123.800642,45.301609],[-123.797236,45.301786],[-123.795611,45.303075],[-123.791801,45.30312],[-123.78904,45.306114],[-123.788946,45.307159],[-123.784473,45.311051],[-123.783088,45.313397],[-123.781656,45.314361],[-123.780372,45.316656],[-123.774507,45.318879],[-123.768912,45.322261]]},"properties":{"OBJECTID":24,"fhdFtrID":24,"fhdRefID":53013,"fhdRevDt":"20190513","fhdONm":"Matt Weeber","fhdOEnt":"ODFW","fhdSpNm":"Chum salmon","fhdRun":"NA","fhdLifeHst":"Anadromous","fhdUseTy":"Spawning","fhdBasis":"DownstreamDocObsFish","fhdStNm":"East Beaver Creek","fhdGenus":"Oncorhynchus","fhdSp":"keta","fhdSubSp":null,"fhdOrig":"NativeLocal","fhdProd":"Natural","fhdComment":null,"fhdESH":"yes","fhdBasisD":null,"fhdNMF":"yes","fhdBasisDt":"20180000","fhdBasisNm":null,"fhdBasisEnt":null,"fhdBasisPrj":"OASIS","fhdBasisMethod":"Salmon spawning surveys","Shape__Length":10336.595346670361,"fhdAccess":"Unassisted","fhdBarrierFtrID":null,"fhdEndExtent":"NA","habitatType":"stream"},"id":24},
{"type":"Feature","geometry":{"type":"LineString","coordinates":[[-123.755697,45.330117],[-123.761821,45.328096],[-123.764795,45.324867],[-123.767791,45.323434],[-123.768912,45.322261]]},"properties":{"OBJECTID":25,"fhdFtrID":25,"fhdRefID":53013,"fhdRevDt":"20190513","fhdONm":"Matt Weeber","fhdOEnt":"ODFW","fhdSpNm":"Chum salmon","fhdRun":"NA","fhdLifeHst":"Anadromous","fhdUseTy":"Spawning","fhdBasis":"DocObsFish","fhdStNm":null,"fhdGenus":"Oncorhynchus","fhdSp":"keta","fhdSubSp":null,"fhdOrig":"NativeLocal","fhdProd":"Natural","fhdComment":null,"fhdESH":"yes","fhdBasisD":null,"fhdNMF":"yes","fhdBasisDt":"20180000","fhdBasisNm":null,"fhdBasisEnt":"ODFW","fhdBasisPrj":"OASIS","fhdBasisMethod":"Salmon spawning surveys","Shape__Length":2115.8868232394393,"fhdAccess":"Unassisted","fhdBarrierFtrID":null,"fhdEndExtent":"Unknown","habitatType":"stream"},"id":25},
{"type":"Feature","geometry":{"type":"LineString","coordinates":[[-123.21361,46.095541],[-123.21085,46.094719],[-123.207963,46.095147],[-123.206292,46.097337],[-123.204258,46.097425],[-123.200323,46.100778],[-123.199403,46.100885]]},"properties":{"OBJECTID":26,"fhdFtrID":26,"fhdRefID":53013,"fhdRevDt":"20190531","fhdONm":"Matt Weeber","fhdOEnt":"ODFW","fhdSpNm":"Chum salmon","fhdRun":"NA","fhdLifeHst":"Anadromous","fhdUseTy":"Spawning","fhdBasis":"DownstreamDocObsFish","fhdStNm":"Conyers Creek","fhdGenus":"Oncorhynchus","fhdSp":"keta","fhdSubSp":null,"fhdOrig":"NativeLocal","fhdProd":"Natural","fhdComment":null,"fhdESH":"yes","fhdBasisD":null,"fhdNMF":"yes","fhdBasisDt":"20170000","fhdBasisNm":null,"fhdBasisEnt":"ODFW","fhdBasisPrj":"OASIS","fhdBasisMethod":null,"Shape__Length":2330.7704096071047,"fhdAccess":"Unassisted","fhdBarrierFtrID":null,"fhdEndExtent":"NA","habitatType":"stream"},"id":26},
{"type":"Feature","geometry":{"type":"LineString","coordinates":[[-123.218495,46.08852],[-123.213222,46.091838],[-123.213948,46.092995],[-123.21361,46.095541]]},"properties":{"OBJECTID":27,"fhdFtrID":27,"fhdRefID":53013,"fhdRevDt":"20190531","fhdONm":"Matt Weeber","fhdOEnt":"ODFW","fhdSpNm":"Chum salmon","fhdRun":"NA","fhdLifeHst":"Anadromous","fhdUseTy":"Spawning","fhdBasis":"DocObsFish","fhdStNm":"Conyers Creek","fhdGenus":"Oncorhynchus","fhdSp":"keta","fhdSubSp":null,"fhdOrig":"NativeLocal","fhdProd":"Natural","fhdComment":null,"fhdESH":"yes","fhdBasisD":null,"fhdNMF":"yes","fhdBasisDt":"20170000","fhdBasisNm":null,"fhdBasisEnt":"ODFW","fhdBasisPrj":"OASIS","fhdBasisMethod":null,"Shape__Length":1521.0642042613963,"fhdAccess":"Unassisted","fhdBarrierFtrID":null,"fhdEndExtent":"Unknown","habitatType":"stream"},"id":27},
{"type":"Feature","geometry":{"type":"LineString","coordinates":[[-123.390918,46.127496],[-123.389025,46.127604],[-123.387796,46.126376],[-123.385239,46.12606],[-123.38381,46.127728],[-123.377193,46.132028],[-123.376287,46.133888],[-123.376103,46.136409],[-123.377643,46.137565]]},"properties":{"OBJECTID":28,"fhdFtrID":28,"fhdRefID":53013,"fhdRevDt":"20190531","fhdONm":"Matt Weeber","fhdOEnt":"ODFW","fhdSpNm":"Chum salmon","fhdRun":"NA","fhdLifeHst":"Anadromous","fhdUseTy":"Spawning","fhdBasis":"DocObsFish","fhdStNm":"Plympton Creek","fhdGenus":"Oncorhynchus","fhdSp":"keta","fhdSubSp":null,"fhdOrig":"NativeLocal","fhdProd":"Natural","fhdComment":null,"fhdESH":"yes","fhdBasisD":null,"fhdNMF":"yes","fhdBasisDt":"20170000","fhdBasisNm":null,"fhdBasisEnt":"ODFW","fhdBasisPrj":"OASIS","fhdBasisMethod":null,"Shape__Length":3229.714900317027,"fhdAccess":"Unassisted","fhdBarrierFtrID":null,"fhdEndExtent":"Unknown","habitatType":"stream"},"id":28},
{"type":"Feature","geometry":{"type":"LineString","coordinates":[[-123.639958,46.13068],[-123.641382,46.131664],[-123.641633,46.134462],[-123.642981,46.13578],[-123.64956,46.139623],[-123.650932,46.141143],[-123.655176,46.141562]]},"properties":{"OBJECTID":29,"fhdFtrID":29,"fhdRefID":53013,"fhdRevDt":"20190531","fhdONm":"Matt Weeber","fhdOEnt":"ODFW","fhdSpNm":"Chum salmon","fhdRun":"NA","fhdLifeHst":"Anadromous","fhdUseTy":"Spawning","fhdBasis":"DocObsFish","fhdStNm":"Bear Creek","fhdGenus":"Oncorhynchus","fhdSp":"keta","fhdSubSp":null,"fhdOrig":"NativeLocal","fhdProd":"None","fhdComment":null,"fhdESH":"yes","fhdBasisD":null,"fhdNMF":"yes","fhdBasisDt":"20170000","fhdBasisNm":null,"fhdBasisEnt":"ODFW","fhdBasisPrj":"OASIS","fhdBasisMethod":null,"Shape__Length":2673.264579902813,"fhdAccess":"Unassisted","fhdBarrierFtrID":null,"fhdEndExtent":"NA","habitatType":"stream"},"id":29},
{"type":"Feature","geometry":{"type":"LineString","coordinates":[[-123.767985,46.186707],[-123.764176,46.188412],[-123.76178,46.191571],[-123.758015,46.194515],[-123.754871,46.195893],[-123.751264,46.196558]]},"properties":{"OBJECTID":30,"fhdFtrID":30,"fhdRefID":53013,"fhdRevDt":"20190531","fhdONm":"Matt Weeber","fhdOEnt":"ODFW","fhdSpNm":"Chum salmon","fhdRun":"NA","fhdLifeHst":"Anadromous","fhdUseTy":"Spawning","fhdBasis":"DownstreamDocObsFish","fhdStNm":"Mill Creek","fhdGenus":"Oncorhynchus","fhdSp":"keta","fhdSubSp":null,"fhdOrig":"NativeLocal","fhdProd":"None","fhdComment":null,"fhdESH":"yes","fhdBasisD":null,"fhdNMF":"yes","fhdBasisDt":null,"fhdBasisNm":null,"fhdBasisEnt":null,"fhdBasisPrj":null,"fhdBasisMethod":null,"Shape__Length":2729.060271047189,"fhdAccess":"Unassisted","fhdBarrierFtrID":null,"fhdEndExtent":"NA","habitatType":"stream"},"id":30},
{"type":"Feature","geometry":{"type":"LineString","coordinates":[[-123.767985,46.186707],[-123.767835,46.185709],[-123.770721,46.182155],[-123.774888,46.180195]]},"properties":{"OBJECTID":31,"fhdFtrID":31,"fhdRefID":53013,"fhdRevDt":"20190531","fhdONm":"Matt Weeber","fhdOEnt":"ODFW","fhdSpNm":"Chum salmon","fhdRun":"NA","fhdLifeHst":"Anadromous","fhdUseTy":"Spawning","fhdBasis":"DocObsFish","fhdStNm":"Mill Creek","fhdGenus":"Oncorhynchus","fhdSp":"keta","fhdSubSp":null,"fhdOrig":"NativeLocal","fhdProd":"None","fhdComment":null,"fhdESH":"yes","fhdBasisD":null,"fhdNMF":"yes","fhdBasisDt":"20170000","fhdBasisNm":null,"fhdBasisEnt":"ODFW","fhdBasisPrj":"OASIS","fhdBasisMethod":null,"Shape__Length":1526.9724184198792,"fhdAccess":"Unassisted","fhdBarrierFtrID":null,"fhdEndExtent":"Unknown","habitatType":"stream"},"id":31},
{"type":"Feature","geometry":{"type":"LineString","coordinates":[[-123.708567,46.046443],[-123.712231,46.047567],[-123.714572,46.048998],[-123.715785,46.047956],[-123.718598,46.048948],[-123.720788,46.048404],[-123.724807,46.048293],[-123.725769,46.049818],[-123.725897,46.052056],[-123.72831,46.055007],[-123.729887,46.055594],[-123.72888,46.05747],[-123.732751,46.060344],[-123.734347,46.064655],[-123.731116,46.065359],[-123.732167,46.068327],[-123.736243,46.069823],[-123.735875,46.072456],[-123.737674,46.074524],[-123.740079,46.074665],[-123.741176,46.076174],[-123.739728,46.078561],[-123.740559,46.081786],[-123.743732,46.085867]]},"properties":{"OBJECTID":32,"fhdFtrID":32,"fhdRefID":53013,"fhdRevDt":"20190531","fhdONm":"Matt Weeber","fhdOEnt":"ODFW","fhdSpNm":"Chum salmon","fhdRun":"NA","fhdLifeHst":"Anadromous","fhdUseTy":"Spawning","fhdBasis":"DocObsFish","fhdStNm":"South Fork Klaskanine River","fhdGenus":"Oncorhynchus","fhdSp":"keta","fhdSubSp":null,"fhdOrig":"NativeLocal","fhdProd":"Natural","fhdComment":null,"fhdESH":"yes","fhdBasisD":null,"fhdNMF":"yes","fhdBasisDt":"20170000","fhdBasisNm":null,"fhdBasisEnt":"ODFW","fhdBasisPrj":"OASIS","fhdBasisMethod":null,"Shape__Length":10814.4244894459,"fhdAccess":"Unassisted","fhdBarrierFtrID":null,"fhdEndExtent":"NA","habitatType":"stream"},"id":32},
{"type":"Feature","geometry":{"type":"LineString","coordinates":[[-123.78945,46.06729],[-123.786082,46.067601],[-123.784688,46.066729]]},"properties":{"OBJECTID":33,"fhdFtrID":33,"fhdRefID":53013,"fhdRevDt":"20221121","fhdONm":"Matt Weeber","fhdOEnt":"ODFW","fhdSpNm":"Chum salmon","fhdRun":"NA","fhdLifeHst":"Anadromous","fhdUseTy":"Spawning","fhdBasis":"DocObsFish","fhdStNm":"Youngs River","fhdGenus":"Oncorhynchus","fhdSp":"keta","fhdSubSp":null,"fhdOrig":"NativeLocal","fhdProd":"None","fhdComment":"Habitat ends at impassable Youngs River Falls","fhdESH":"yes","fhdBasisD":null,"fhdNMF":"yes","fhdBasisDt":"20170000","fhdBasisNm":null,"fhdBasisEnt":"ODFW","fhdBasisPrj":"OASIS","fhdBasisMethod":null,"Shape__Length":600.8233875951591,"fhdAccess":"Unassisted","fhdBarrierFtrID":4755,"fhdEndExtent":"NaturalOther","habitatType":"stream"},"id":33},
{"type":"Feature","geometry":{"type":"LineString","coordinates":[[-123.858917,46.029015],[-123.858132,46.032236],[-123.85644,46.034047],[-123.856764,46.035133],[-123.855506,46.038014],[-123.853569,46.03932],[-123.851056,46.039972],[-123.850188,46.043086],[-123.853414,46.045083],[-123.851708,46.046668],[-123.851755,46.04829],[-123.848548,46.049555],[-123.848874,46.05154],[-123.845653,46.053724],[-123.843588,46.05339],[-123.844174,46.058514],[-123.840818,46.059942]]},"properties":{"OBJECTID":34,"fhdFtrID":34,"fhdRefID":53013,"fhdRevDt":"20190531","fhdONm":"Matt Weeber","fhdOEnt":"ODFW","fhdSpNm":"Chum salmon","fhdRun":"NA","fhdLifeHst":"Anadromous","fhdUseTy":"Spawning","fhdBasis":"DocObsFish","fhdStNm":"Lewis And Clark River","fhdGenus":"Oncorhynchus","fhdSp":"keta","fhdSubSp":null,"fhdOrig":"NativeLocal","fhdProd":"Natural","fhdComment":null,"fhdESH":"yes","fhdBasisD":null,"fhdNMF":"yes","fhdBasisDt":"20170000","fhdBasisNm":null,"fhdBasisEnt":"ODFW","fhdBasisPrj":"OASIS","fhdBasisMethod":null,"Shape__Length":7455.102761248882,"fhdAccess":"Unassisted","fhdBarrierFtrID":null,"fhdEndExtent":"NA","habitatType":"stream"},"id":34},
{"type":"Feature","geometry":{"type":"LineString","coordinates":[[-123.858917,46.029015],[-123.859358,46.028532],[-123.858246,46.026799],[-123.858235,46.022975],[-123.857706,46.020869],[-123.859491,46.018904]]},"properties":{"OBJECTID":35,"fhdFtrID":34,"fhdRefID":53013,"fhdRevDt":"20190531","fhdONm":"Matt Weeber","fhdOEnt":"ODFW","fhdSpNm":"Chum salmon","fhdRun":"NA","fhdLifeHst":"Anadromous","fhdUseTy":"Spawning","fhdBasis":"DocObsFish","fhdStNm":"Lewis And Clark River","fhdGenus":"Oncorhynchus","fhdSp":"keta","fhdSubSp":null,"fhdOrig":"NativeLocal","fhdProd":"None","fhdComment":null,"fhdESH":"yes","fhdBasisD":null,"fhdNMF":"yes","fhdBasisDt":"20170000","fhdBasisNm":null,"fhdBasisEnt":"ODFW","fhdBasisPrj":"OASIS","fhdBasisMethod":null,"Shape__Length":2185.727339498028,"fhdAccess":"Unassisted","fhdBarrierFtrID":null,"fhdEndExtent":"NA","habitatType":"stream"},"id":35},
{"type":"Feature","geometry":{"type":"LineString","coordinates":[[-123.858735,46.027731],[-123.852015,46.024903],[-123.847563,46.024011]]},"properties":{"OBJECTID":36,"fhdFtrID":35,"fhdRefID":53013,"fhdRevDt":"20190531","fhdONm":"Matt Weeber","fhdOEnt":"ODFW","fhdSpNm":"Chum salmon","fhdRun":"NA","fhdLifeHst":"Anadromous","fhdUseTy":"Spawning","fhdBasis":"DocObsFish","fhdStNm":"Shweeash Creek","fhdGenus":"Oncorhynchus","fhdSp":"keta","fhdSubSp":null,"fhdOrig":"NativeLocal","fhdProd":"Natural","fhdComment":null,"fhdESH":"yes","fhdBasisD":null,"fhdNMF":"yes","fhdBasisDt":"20170000","fhdBasisNm":null,"fhdBasisEnt":"ODFW","fhdBasisPrj":"OASIS","fhdBasisMethod":null,"Shape__Length":1395.4735932524954,"fhdAccess":"Unassisted","fhdBarrierFtrID":null,"fhdEndExtent":"Unknown","habitatType":"stream"},"id":36},
{"type":"Feature","geometry":{"type":"LineString","coordinates":[[-123.821091,45.508933],[-123.82257,45.508668],[-123.824785,45.509915],[-123.826462,45.509743],[-123.827949,45.50691],[-123.832038,45.505311]]},"properties":{"OBJECTID":37,"fhdFtrID":36,"fhdRefID":51506,"fhdRevDt":"19990720","fhdONm":"Keith Braun - Rick Klumph","fhdOEnt":"ODFW","fhdSpNm":"Chum salmon","fhdRun":"NA","fhdLifeHst":"Anadromous","fhdUseTy":"Spawning","fhdBasis":"ConcurProfOpinion","fhdStNm":null,"fhdGenus":"Oncorhynchus","fhdSp":"keta","fhdSubSp":null,"fhdOrig":"NativeLocal","fhdProd":"Natural","fhdComment":null,"fhdESH":"yes","fhdBasisD":null,"fhdNMF":"yes","fhdBasisDt":null,"fhdBasisNm":null,"fhdBasisEnt":null,"fhdBasisPrj":null,"fhdBasisMethod":null,"Shape__Length":1982.5614695814238,"fhdAccess":"Unassisted","fhdBarrierFtrID":null,"fhdEndExtent":"Unknown","habitatType":"stream"},"id":37},
{"type":"Feature","geometry":{"type":"LineString","coordinates":[[-123.829326,45.275218],[-123.831325,45.277305],[-123.833551,45.28261],[-123.834813,45.284487]]},"properties":{"OBJECTID":38,"fhdFtrID":37,"fhdRefID":51506,"fhdRevDt":"19990720","fhdONm":"Keith Braun - Rick Klumph","fhdOEnt":"ODFW","fhdSpNm":"Chum salmon","fhdRun":"NA","fhdLifeHst":"Anadromous","fhdUseTy":"Spawning","fhdBasis":"ConcurProfOpinion","fhdStNm":"West Creek","fhdGenus":"Oncorhynchus","fhdSp":"keta","fhdSubSp":null,"fhdOrig":"NativeLocal","fhdProd":"Natural","fhdComment":null,"fhdESH":"yes","fhdBasisD":null,"fhdNMF":"yes","fhdBasisDt":null,"fhdBasisNm":null,"fhdBasisEnt":null,"fhdBasisPrj":null,"fhdBasisMethod":null,"Shape__Length":2334.51118295072,"fhdAccess":"Unassisted","fhdBarrierFtrID":null,"fhdEndExtent":"Unknown","habitatType":"stream"},"id":38},
{"type":"Feature","geometry":{"type":"LineString","coordinates":[[-123.832539,45.524327],[-123.82895,45.519998]]},"properties":{"OBJECTID":39,"fhdFtrID":38,"fhdRefID":51506,"fhdRevDt":"19990720","fhdONm":"Keith Braun - Rick Klumph","fhdOEnt":"ODFW","fhdSpNm":"Chum salmon","fhdRun":"NA","fhdLifeHst":"Anadromous","fhdUseTy":"Spawning","fhdBasis":"ConcurProfOpinion","fhdStNm":"Mapes Creek","fhdGenus":"Oncorhynchus","fhdSp":"keta","fhdSubSp":null,"fhdOrig":"NativeLocal","fhdProd":"Natural","fhdComment":null,"fhdESH":"yes","fhdBasisD":null,"fhdNMF":"yes","fhdBasisDt":null,"fhdBasisNm":null,"fhdBasisEnt":null,"fhdBasisPrj":null,"fhdBasisMethod":null,"Shape__Length":857.7643851355958,"fhdAccess":"Unassisted","fhdBarrierFtrID":null,"fhdEndExtent":"Unknown","habitatType":"stream"},"id":39},
{"type":"Feature","geometry":{"type":"LineString","coordinates":[[-123.840124,45.394555],[-123.846856,45.391442],[-123.848149,45.389232],[-123.85201,45.387535],[-123.852477,45.386726],[-123.855558,45.385907],[-123.857351,45.387617],[-123.859728,45.388023],[-123.865588,45.38738],[-123.869535,45.384849],[-123.872819,45.384267],[-123.874405,45.381548],[-123.876459,45.380247]]},"properties":{"OBJECTID":40,"fhdFtrID":39,"fhdRefID":51506,"fhdRevDt":"19990720","fhdONm":"Keith Braun - Rick Klumph","fhdOEnt":"ODFW","fhdSpNm":"Chum salmon","fhdRun":"NA","fhdLifeHst":"Anadromous","fhdUseTy":"Spawning","fhdBasis":"ConcurProfOpinion","fhdStNm":"Bewley Creek","fhdGenus":"Oncorhynchus","fhdSp":"keta","fhdSubSp":null,"fhdOrig":"NativeLocal","fhdProd":"Natural","fhdComment":null,"fhdESH":"yes","fhdBasisD":null,"fhdNMF":"yes","fhdBasisDt":null,"fhdBasisNm":null,"fhdBasisEnt":null,"fhdBasisPrj":null,"fhdBasisMethod":null,"Shape__Length":7619.9425912676215,"fhdAccess":"Unassisted","fhdBarrierFtrID":null,"fhdEndExtent":"Unknown","habitatType":"stream"},"id":40},
{"type":"Feature","geometry":{"type":"LineString","coordinates":[[-123.947219,45.398128],[-123.952882,45.394036],[-123.953263,45.392608],[-123.951098,45.391823],[-123.951003,45.38961],[-123.953572,45.389182],[-123.954453,45.387302],[-123.95688,45.385232],[-123.960021,45.380996],[-123.959664,45.379378],[-123.959637,45.376841],[-123.961034,45.374099],[-123.959868,45.373581],[-123.959136,45.371314],[-123.961757,45.36878],[-123.964915,45.368935]]},"properties":{"OBJECTID":41,"fhdFtrID":40,"fhdRefID":51506,"fhdRevDt":"20020415","fhdONm":"Keith Braun","fhdOEnt":"ODFW","fhdSpNm":"Chum salmon","fhdRun":"NA","fhdLifeHst":"Anadromous","fhdUseTy":"Rearing","fhdBasis":"ConcurProfOpinion","fhdStNm":"Netarts Bay","fhdGenus":"Oncorhynchus","fhdSp":"keta","fhdSubSp":null,"fhdOrig":"NativeLocal","fhdProd":"Natural","fhdComment":null,"fhdESH":"yes","fhdBasisD":null,"fhdNMF":"yes","fhdBasisDt":null,"fhdBasisNm":null,"fhdBasisEnt":null,"fhdBasisPrj":null,"fhdBasisMethod":null,"Shape__Length":6405.580765510201,"fhdAccess":"Unassisted","fhdBarrierFtrID":null,"fhdEndExtent":"NA","habitatType":"stream"},"id":41},
{"type":"Feature","geometry":{"type":"LineString","coordinates":[[-123.963508,45.568746],[-123.950204,45.567695],[-123.947396,45.566981],[-123.943256,45.564173],[-123.938021,45.561698],[-123.934071,45.559033],[-123.930264,45.555179],[-123.928693,45.55437],[-123.919652,45.553751],[-123.915654,45.552847],[-123.912085,45.550039],[-123.909182,45.54666],[-123.906517,45.545328],[-123.904233,45.543424],[-123.9029,45.540759],[-123.902043,45.537095],[-123.901806,45.532431],[-123.901187,45.527958],[-123.90033,45.525055],[-123.900092,45.521914],[-123.900188,45.519582],[-123.901568,45.516393],[-123.904137,45.513919],[-123.904375,45.512634],[-123.90271,45.507494],[-123.903001,45.504044],[-123.902079,45.501962],[-123.901509,45.496117],[-123.900324,45.494361],[-123.900824,45.491819],[-123.902651,45.488579],[-123.903194,45.485666],[-123.901898,45.482636],[-123.901171,45.479403],[-123.899906,45.477843],[-123.89665,45.475663],[-123.894004,45.475044],[-123.891806,45.473093],[-123.888087,45.471036]]},"properties":{"OBJECTID":42,"fhdFtrID":41,"fhdRefID":53013,"fhdRevDt":"20160324","fhdONm":"Matt Weeber","fhdOEnt":"ODFW","fhdSpNm":"Chum salmon","fhdRun":"NA","fhdLifeHst":"Anadromous","fhdUseTy":"Migration","fhdBasis":"DownstreamDocObsFish","fhdStNm":"Tillamook Bay","fhdGenus":"Oncorhynchus","fhdSp":"keta","fhdSubSp":null,"fhdOrig":"NativeLocal","fhdProd":"Natural","fhdComment":null,"fhdESH":"no","fhdBasisD":null,"fhdNMF":"yes","fhdBasisDt":null,"fhdBasisNm":null,"fhdBasisEnt":null,"fhdBasisPrj":null,"fhdBasisMethod":null,"Shape__Length":20776.19255674023,"fhdAccess":"Unassisted","fhdBarrierFtrID":null,"fhdEndExtent":"Unknown","habitatType":"stream"},"id":42},
{"type":"Feature","geometry":{"type":"LineString","coordinates":[[-123.909736,45.968739],[-123.910242,45.96954],[-123.915806,45.972767],[-123.920153,45.972366],[-123.922189,45.973761],[-123.921028,45.975427],[-123.920581,45.979372],[-123.919721,45.982611]]},"properties":{"OBJECTID":43,"fhdFtrID":42,"fhdRefID":51505,"fhdRevDt":"20120508","fhdONm":"Joe Sheahan - Walt Weber","fhdOEnt":"ODFW","fhdSpNm":"Chum salmon","fhdRun":"NA","fhdLifeHst":"Anadromous","fhdUseTy":"Spawning","fhdBasis":"UndocObsFish","fhdStNm":"Shangrila Creek","fhdGenus":"Oncorhynchus","fhdSp":"keta","fhdSubSp":null,"fhdOrig":"NativeLocal","fhdProd":"Natural","fhdComment":null,"fhdESH":"yes","fhdBasisD":null,"fhdNMF":"yes","fhdBasisDt":null,"fhdBasisNm":null,"fhdBasisEnt":null,"fhdBasisPrj":null,"fhdBasisMethod":null,"Shape__Length":3594.405545642168,"fhdAccess":"Unassisted","fhdBarrierFtrID":null,"fhdEndExtent":"Unknown","habitatType":"stream"},"id":43},
{"type":"Feature","geometry":{"type":"LineString","coordinates":[[-123.964915,45.368935],[-123.964689,45.366315]]},"properties":{"OBJECTID":44,"fhdFtrID":43,"fhdRefID":51506,"fhdRevDt":"20020415","fhdONm":"Keith Braun","fhdOEnt":"ODFW","fhdSpNm":"Chum salmon","fhdRun":"NA","fhdLifeHst":"Anadromous","fhdUseTy":"Rearing","fhdBasis":"ConcurProfOpinion","fhdStNm":null,"fhdGenus":"Oncorhynchus","fhdSp":"keta","fhdSubSp":null,"fhdOrig":"NativeLocal","fhdProd":"Natural","fhdComment":null,"fhdESH":"yes","fhdBasisD":null,"fhdNMF":"yes","fhdBasisDt":null,"fhdBasisNm":null,"fhdBasisEnt":null,"fhdBasisPrj":null,"fhdBasisMethod":null,"Shape__Length":599.5349547005736,"fhdAccess":"Unassisted","fhdBarrierFtrID":null,"fhdEndExtent":"NA","habitatType":"stream"},"id":44},
{"type":"Feature","geometry":{"type":"LineString","coordinates":[[-123.982067,45.105788],[-123.980688,45.106852]]},"properties":{"OBJECTID":45,"fhdFtrID":44,"fhdRefID":51506,"fhdRevDt":"20020415","fhdONm":"Keith Braun","fhdOEnt":"ODFW","fhdSpNm":"Chum salmon","fhdRun":"NA","fhdLifeHst":"Anadromous","fhdUseTy":"Spawning","fhdBasis":"ConcurProfOpinion","fhdStNm":"Kiwanda Creek","fhdGenus":"Oncorhynchus","fhdSp":"keta","fhdSubSp":null,"fhdOrig":"NativeLocal","fhdProd":"Natural","fhdComment":null,"fhdESH":"yes","fhdBasisD":null,"fhdNMF":"yes","fhdBasisDt":null,"fhdBasisNm":null,"fhdBasisEnt":null,"fhdBasisPrj":null,"fhdBasisMethod":null,"Shape__Length":305.71523944817983,"fhdAccess":"Unassisted","fhdBarrierFtrID":null,"fhdEndExtent":"NA","habitatType":"stream"},"id":45},
{"type":"Feature","geometry":{"type":"LineString","coordinates":[[-123.816845,45.524536],[-123.816901,45.523107]]},"properties":{"OBJECTID":46,"fhdFtrID":45,"fhdRefID":51506,"fhdRevDt":"20020415","fhdONm":"Keith Braun - Rick Klumph","fhdOEnt":"ODFW","fhdSpNm":"Chum salmon","fhdRun":"NA","fhdLifeHst":"Anadromous","fhdUseTy":"Spawning","fhdBasis":"ConcurProfOpinion","fhdStNm":"Myrtle Creek","fhdGenus":"Oncorhynchus","fhdSp":"keta","fhdSubSp":null,"fhdOrig":"NativeLocal","fhdProd":"Natural","fhdComment":null,"fhdESH":"yes","fhdBasisD":null,"fhdNMF":"yes","fhdBasisDt":null,"fhdBasisNm":null,"fhdBasisEnt":null,"fhdBasisPrj":null,"fhdBasisMethod":null,"Shape__Length":231.90941498955655,"fhdAccess":"Unassisted","fhdBarrierFtrID":null,"fhdEndExtent":"Unknown","habitatType":"stream"},"id":46},
{"type":"Feature","geometry":{"type":"LineString","coordinates":[[-123.808612,45.379754],[-123.802946,45.37973],[-123.798368,45.37824]]},"properties":{"OBJECTID":47,"fhdFtrID":46,"fhdRefID":53013,"fhdRevDt":"20160324","fhdONm":"Matt Weeber","fhdOEnt":"ODFW","fhdSpNm":"Chum salmon","fhdRun":"NA","fhdLifeHst":"Anadromous","fhdUseTy":"Spawning","fhdBasis":"DownstreamDocObsFish","fhdStNm":"Simmons Creek","fhdGenus":"Oncorhynchus","fhdSp":"keta","fhdSubSp":null,"fhdOrig":"NativeLocal","fhdProd":"Natural","fhdComment":null,"fhdESH":"yes","fhdBasisD":null,"fhdNMF":"yes","fhdBasisDt":null,"fhdBasisNm":null,"fhdBasisEnt":null,"fhdBasisPrj":null,"fhdBasisMethod":null,"Shape__Length":1489.8474639917079,"fhdAccess":"Unassisted","fhdBarrierFtrID":null,"fhdEndExtent":"NA","habitatType":"stream"},"id":47},
{"type":"Feature","geometry":{"type":"LineString","coordinates":[[-123.808677,45.370927],[-123.803969,45.372023],[-123.802177,45.371353],[-123.801574,45.369887],[-123.798672,45.369907],[-123.795644,45.368217],[-123.793506,45.369121],[-123.78813,45.367078],[-123.786615,45.367406],[-123.783409,45.366433]]},"properties":{"OBJECTID":48,"fhdFtrID":47,"fhdRefID":53013,"fhdRevDt":"20160324","fhdONm":"Matt Weeber","fhdOEnt":"ODFW","fhdSpNm":"Chum salmon","fhdRun":"NA","fhdLifeHst":"Anadromous","fhdUseTy":"Spawning","fhdBasis":"DocObsFish","fhdStNm":"Munson Creek","fhdGenus":"Oncorhynchus","fhdSp":"keta","fhdSubSp":null,"fhdOrig":"NativeLocal","fhdProd":"Natural","fhdComment":null,"fhdESH":"yes","fhdBasisD":null,"fhdNMF":"yes","fhdBasisDt":null,"fhdBasisNm":null,"fhdBasisEnt":"ODFW","fhdBasisPrj":"OASIS","fhdBasisMethod":null,"Shape__Length":3867.746781466762,"fhdAccess":"Unassisted","fhdBarrierFtrID":null,"fhdEndExtent":"Unknown","habitatType":"stream"},"id":48},
{"type":"Feature","geometry":{"type":"LineString","coordinates":[[-123.79397,45.484871],[-123.795788,45.482227],[-123.797161,45.481426],[-123.799883,45.477942],[-123.800219,45.476088],[-123.804025,45.47617]]},"properties":{"OBJECTID":49,"fhdFtrID":48,"fhdRefID":51506,"fhdRevDt":"19990720","fhdONm":"Keith Braun - Rick Klumph","fhdOEnt":"ODFW","fhdSpNm":"Chum salmon","fhdRun":"NA","fhdLifeHst":"Anadromous","fhdUseTy":"Spawning","fhdBasis":"ConcurProfOpinion","fhdStNm":"Beaver Creek","fhdGenus":"Oncorhynchus","fhdSp":"keta","fhdSubSp":null,"fhdOrig":"NativeLocal","fhdProd":"Natural","fhdComment":null,"fhdESH":"yes","fhdBasisD":null,"fhdNMF":"yes","fhdBasisDt":null,"fhdBasisNm":null,"fhdBasisEnt":null,"fhdBasisPrj":null,"fhdBasisMethod":null,"Shape__Length":2183.3795369515824,"fhdAccess":"Unassisted","fhdBarrierFtrID":null,"fhdEndExtent":"Unknown","habitatType":"stream"},"id":49},
{"type":"Feature","geometry":{"type":"LineString","coordinates":[[-123.891887,45.559816],[-123.890069,45.559859],[-123.886476,45.561423]]},"properties":{"OBJECTID":50,"fhdFtrID":49,"fhdRefID":53013,"fhdRevDt":"20160324","fhdONm":"Matt Weeber","fhdOEnt":"ODFW","fhdSpNm":"Chum salmon","fhdRun":"NA","fhdLifeHst":"Anadromous","fhdUseTy":"Spawning","fhdBasis":"DownstreamDocObsFish","fhdStNm":"Miami River","fhdGenus":"Oncorhynchus","fhdSp":"keta","fhdSubSp":null,"fhdOrig":"NativeLocal","fhdProd":"Natural","fhdComment":null,"fhdESH":"yes","fhdBasisD":null,"fhdNMF":"yes","fhdBasisDt":null,"fhdBasisNm":null,"fhdBasisEnt":null,"fhdBasisPrj":null,"fhdBasisMethod":null,"Shape__Length":723.2102994132985,"fhdAccess":"Unassisted","fhdBarrierFtrID":null,"fhdEndExtent":"NA","habitatType":"stream"},"id":50},
{"type":"Feature","geometry":{"type":"LineString","coordinates":[[-123.916999,45.008738],[-123.919605,45.011955],[-123.922495,45.012318],[-123.930746,45.014576],[-123.934586,45.014973],[-123.940055,45.016892],[-123.940825,45.017751],[-123.940666,45.02165],[-123.944329,45.02166],[-123.946293,45.023136]]},"properties":{"OBJECTID":51,"fhdFtrID":50,"fhdRefID":51507,"fhdRevDt":"20020521","fhdONm":"Bob Buckman-John Spangler","fhdOEnt":"ODFW","fhdSpNm":"Chum salmon","fhdRun":"NA","fhdLifeHst":"Anadromous","fhdUseTy":"Spawning","fhdBasis":"UndocObsFish","fhdStNm":"Salmon River","fhdGenus":"Oncorhynchus","fhdSp":"keta","fhdSubSp":null,"fhdOrig":"NativeLocal","fhdProd":"Natural","fhdComment":null,"fhdESH":"yes","fhdBasisD":null,"fhdNMF":"yes","fhdBasisDt":null,"fhdBasisNm":null,"fhdBasisEnt":null,"fhdBasisPrj":null,"fhdBasisMethod":null,"Shape__Length":4881.287624745187,"fhdAccess":"Unassisted","fhdBarrierFtrID":null,"fhdEndExtent":"NA","habitatType":"stream"},"id":51},
{"type":"Feature","geometry":{"type":"LineString","coordinates":[[-123.886476,45.561423],[-123.884439,45.561944],[-123.882846,45.563556]]},"properties":{"OBJECTID":52,"fhdFtrID":51,"fhdRefID":50119,"fhdRevDt":"20020415","fhdONm":"Keith Braun","fhdOEnt":"ODFW","fhdSpNm":"Chum salmon","fhdRun":"NA","fhdLifeHst":"Anadromous","fhdUseTy":"Rearing","fhdBasis":"DocObsFish","fhdStNm":"Illingsworth Creek","fhdGenus":"Oncorhynchus","fhdSp":"keta","fhdSubSp":null,"fhdOrig":"NativeLocal","fhdProd":"Natural","fhdComment":null,"fhdESH":"yes","fhdBasisD":null,"fhdNMF":"yes","fhdBasisDt":null,"fhdBasisNm":null,"fhdBasisEnt":null,"fhdBasisPrj":null,"fhdBasisMethod":null,"Shape__Length":640.2530066922391,"fhdAccess":"Unassisted","fhdBarrierFtrID":null,"fhdEndExtent":"NA","habitatType":"stream"},"id":52},
{"type":"Feature","geometry":{"type":"LineString","coordinates":[[-124.033804,44.594491],[-124.036062,44.596204],[-124.035713,44.598768],[-124.034689,44.600709],[-124.035285,44.60177],[-124.031536,44.606827],[-124.030014,44.610518],[-124.028265,44.611313],[-124.023735,44.614572],[-124.022478,44.617235]]},"properties":{"OBJECTID":53,"fhdFtrID":52,"fhdRefID":51507,"fhdRevDt":"20020521","fhdONm":"Bob Buckman-John Spangler","fhdOEnt":"ODFW","fhdSpNm":"Chum salmon","fhdRun":"NA","fhdLifeHst":"Anadromous","fhdUseTy":"Rearing","fhdBasis":"ConcurProfOpinion","fhdStNm":"King Slough","fhdGenus":"Oncorhynchus","fhdSp":"keta","fhdSubSp":null,"fhdOrig":"NativeLocal","fhdProd":"Natural","fhdComment":null,"fhdESH":"yes","fhdBasisD":null,"fhdNMF":"yes","fhdBasisDt":null,"fhdBasisNm":null,"fhdBasisEnt":null,"fhdBasisPrj":null,"fhdBasisMethod":null,"Shape__Length":4308.8721026363,"fhdAccess":"Unassisted","fhdBarrierFtrID":null,"fhdEndExtent":"Unknown","habitatType":"stream"},"id":53},
{"type":"Feature","geometry":{"type":"LineString","coordinates":[[-123.851492,44.675506],[-123.848652,44.678441],[-123.848784,44.680668]]},"properties":{"OBJECTID":54,"fhdFtrID":53,"fhdRefID":51507,"fhdRevDt":"20020521","fhdONm":"Bob Buckman-John Spangler","fhdOEnt":"ODFW","fhdSpNm":"Chum salmon","fhdRun":"NA","fhdLifeHst":"Anadromous","fhdUseTy":"Spawning","fhdBasis":"ConcurProfOpinion","fhdStNm":"Klamath Creek","fhdGenus":"Oncorhynchus","fhdSp":"keta","fhdSubSp":null,"fhdOrig":"NativeLocal","fhdProd":"Natural","fhdComment":null,"fhdESH":"yes","fhdBasisD":null,"fhdNMF":"yes","fhdBasisDt":null,"fhdBasisNm":null,"fhdBasisEnt":null,"fhdBasisPrj":null,"fhdBasisMethod":null,"Shape__Length":982.0166990495229,"fhdAccess":"Unassisted","fhdBarrierFtrID":null,"fhdEndExtent":"Unknown","habitatType":"stream"},"id":54},
{"type":"Feature","geometry":{"type":"LineString","coordinates":[[-124.006267,44.569769],[-124.009515,44.57059],[-124.01085,44.57281],[-124.00976,44.575431],[-124.009838,44.580797]]},"properties":{"OBJECTID":55,"fhdFtrID":54,"fhdRefID":53013,"fhdRevDt":"20160329","fhdONm":"Matt Weeber","fhdOEnt":"ODFW","fhdSpNm":"Chum salmon","fhdRun":"NA","fhdLifeHst":"Anadromous","fhdUseTy":"Rearing","fhdBasis":"DownstreamDocObsFish","fhdStNm":"Poole Slough","fhdGenus":"Oncorhynchus","fhdSp":"keta","fhdSubSp":null,"fhdOrig":"NativeLocal","fhdProd":"Natural","fhdComment":null,"fhdESH":"yes","fhdBasisD":null,"fhdNMF":"yes","fhdBasisDt":null,"fhdBasisNm":null,"fhdBasisEnt":null,"fhdBasisPrj":null,"fhdBasisMethod":null,"Shape__Length":2083.8424787532326,"fhdAccess":"Unassisted","fhdBarrierFtrID":null,"fhdEndExtent":"NA","habitatType":"stream"},"id":55},
{"type":"Feature","geometry":{"type":"LineString","coordinates":[[-123.915438,44.867461],[-123.920302,44.866803],[-123.92114,44.869899],[-123.922107,44.870856],[-123.920797,44.872339]]},"properties":{"OBJECTID":56,"fhdFtrID":55,"fhdRefID":53013,"fhdRevDt":"20160329","fhdONm":"Matt Weeber","fhdOEnt":"ODFW","fhdSpNm":"Chum salmon","fhdRun":"NA","fhdLifeHst":"Anadromous","fhdUseTy":"Spawning","fhdBasis":"DocObsFish","fhdStNm":"Bear Creek","fhdGenus":"Oncorhynchus","fhdSp":"keta","fhdSubSp":null,"fhdOrig":"NativeLocal","fhdProd":"Natural","fhdComment":null,"fhdESH":"yes","fhdBasisD":null,"fhdNMF":"yes","fhdBasisDt":null,"fhdBasisNm":null,"fhdBasisEnt":"ODFW","fhdBasisPrj":"OASIS","fhdBasisMethod":null,"Shape__Length":1750.2951169761316,"fhdAccess":"Unassisted","fhdBarrierFtrID":null,"fhdEndExtent":"NA","habitatType":"stream"},"id":56},
{"type":"Feature","geometry":{"type":"LineString","coordinates":[[-123.880156,45.525344],[-123.88178,45.524773],[-123.884667,45.524979],[-123.887822,45.526554]]},"properties":{"OBJECTID":57,"fhdFtrID":56,"fhdRefID":51506,"fhdRevDt":"20020415","fhdONm":"Keith Braun","fhdOEnt":"ODFW","fhdSpNm":"Chum salmon","fhdRun":"NA","fhdLifeHst":"Anadromous","fhdUseTy":"Spawning","fhdBasis":"ConcurProfOpinion","fhdStNm":"Jacoby Creek","fhdGenus":"Oncorhynchus","fhdSp":"keta","fhdSubSp":null,"fhdOrig":"NativeLocal","fhdProd":"Natural","fhdComment":null,"fhdESH":"yes","fhdBasisD":null,"fhdNMF":"yes","fhdBasisDt":null,"fhdBasisNm":null,"fhdBasisEnt":null,"fhdBasisPrj":null,"fhdBasisMethod":null,"Shape__Length":1164.6763550500211,"fhdAccess":"Unassisted","fhdBarrierFtrID":null,"fhdEndExtent":"Unknown","habitatType":"stream"},"id":57},
{"type":"Feature","geometry":{"type":"LineString","coordinates":[[-123.983886,45.101137],[-123.982622,45.102796],[-123.982067,45.105788]]},"properties":{"OBJECTID":58,"fhdFtrID":57,"fhdRefID":51506,"fhdRevDt":"20020415","fhdONm":"Keith Braun","fhdOEnt":"ODFW","fhdSpNm":"Chum salmon","fhdRun":"NA","fhdLifeHst":"Anadromous","fhdUseTy":"Spawning","fhdBasis":"ConcurProfOpinion","fhdStNm":"Kiwanda Creek","fhdGenus":"Oncorhynchus","fhdSp":"keta","fhdSubSp":null,"fhdOrig":"NativeLocal","fhdProd":"Natural","fhdComment":null,"fhdESH":"yes","fhdBasisD":null,"fhdNMF":"yes","fhdBasisDt":null,"fhdBasisNm":null,"fhdBasisEnt":null,"fhdBasisPrj":null,"fhdBasisMethod":null,"Shape__Length":798.0573225739261,"fhdAccess":"Unassisted","fhdBarrierFtrID":null,"fhdEndExtent":"NA","habitatType":"stream"},"id":58},
{"type":"Feature","geometry":{"type":"LineString","coordinates":[[-123.956049,45.177847],[-123.956404,45.179766],[-123.954881,45.188266],[-123.955699,45.191702],[-123.957651,45.193986],[-123.963361,45.196365],[-123.964713,45.19745],[-123.965328,45.200465],[-123.964317,45.203719],[-123.960825,45.206872],[-123.959225,45.209073],[-123.956976,45.210959],[-123.953615,45.211934],[-123.950355,45.211446],[-123.948057,45.209517],[-123.948305,45.206927],[-123.948545,45.205286],[-123.946946,45.202104],[-123.940077,45.201226],[-123.938059,45.194576],[-123.936406,45.193912],[-123.933752,45.194434],[-123.927622,45.19282],[-123.923354,45.192957],[-123.923857,45.197665],[-123.919487,45.198866],[-123.913566,45.197751],[-123.911835,45.19904],[-123.908349,45.202436],[-123.905546,45.20406],[-123.901735,45.20469],[-123.899027,45.203268],[-123.897551,45.204677],[-123.890052,45.20699]]},"properties":{"OBJECTID":59,"fhdFtrID":58,"fhdRefID":53013,"fhdRevDt":"20160324","fhdONm":"Matt Weeber","fhdOEnt":"ODFW","fhdSpNm":"Chum salmon","fhdRun":"NA","fhdLifeHst":"Anadromous","fhdUseTy":"Migration","fhdBasis":"DownstreamDocObsFish","fhdStNm":"Nestucca River","fhdGenus":"Oncorhynchus","fhdSp":"keta","fhdSubSp":null,"fhdOrig":"NativeLocal","fhdProd":"Natural","fhdComment":null,"fhdESH":"no","fhdBasisD":null,"fhdNMF":"yes","fhdBasisDt":null,"fhdBasisNm":null,"fhdBasisEnt":null,"fhdBasisPrj":null,"fhdBasisMethod":null,"Shape__Length":17532.84870817429,"fhdAccess":"Unassisted","fhdBarrierFtrID":null,"fhdEndExtent":"NA","habitatType":"stream"},"id":59},
{"type":"Feature","geometry":{"type":"LineString","coordinates":[[-123.934095,45.297182],[-123.934494,45.298677],[-123.933049,45.301773],[-123.928654,45.304558],[-123.926711,45.304121],[-123.923155,45.306522],[-123.920076,45.310118]]},"properties":{"OBJECTID":60,"fhdFtrID":59,"fhdRefID":53013,"fhdRevDt":"20160324","fhdONm":"Matt Weeber","fhdOEnt":"ODFW","fhdSpNm":"Chum salmon","fhdRun":"NA","fhdLifeHst":"Anadromous","fhdUseTy":"Spawning","fhdBasis":"DownstreamDocObsFish","fhdStNm":"Sand Creek","fhdGenus":"Oncorhynchus","fhdSp":"keta","fhdSubSp":null,"fhdOrig":"NativeLocal","fhdProd":"Natural","fhdComment":null,"fhdESH":"yes","fhdBasisD":null,"fhdNMF":"yes","fhdBasisDt":null,"fhdBasisNm":null,"fhdBasisEnt":null,"fhdBasisPrj":null,"fhdBasisMethod":null,"Shape__Length":3381.707291666019,"fhdAccess":"Unassisted","fhdBarrierFtrID":null,"fhdEndExtent":"NA","habitatType":"stream"},"id":60},
{"type":"Feature","geometry":{"type":"LineString","coordinates":[[-123.945699,44.621896],[-123.940133,44.619794],[-123.938019,44.618222],[-123.938085,44.616952],[-123.940611,44.614193]]},"properties":{"OBJECTID":61,"fhdFtrID":61,"fhdRefID":51507,"fhdRevDt":"20020521","fhdONm":"Bob Buckman-John Spangler","fhdOEnt":"ODFW","fhdSpNm":"Chum salmon","fhdRun":"NA","fhdLifeHst":"Anadromous","fhdUseTy":"Rearing","fhdBasis":"ConcurProfOpinion","fhdStNm":"Depot Slough","fhdGenus":"Oncorhynchus","fhdSp":"keta","fhdSubSp":null,"fhdOrig":"NativeLocal","fhdProd":"Natural","fhdComment":null,"fhdESH":"yes","fhdBasisD":null,"fhdNMF":"yes","fhdBasisDt":null,"fhdBasisNm":null,"fhdBasisEnt":null,"fhdBasisPrj":null,"fhdBasisMethod":null,"Shape__Length":1771.1092094623693,"fhdAccess":"Unassisted","fhdBarrierFtrID":null,"fhdEndExtent":"NA","habitatType":"stream"},"id":61},
{"type":"Feature","geometry":{"type":"LineString","coordinates":[[-123.725237,45.433963],[-123.723257,45.432713]]},"properties":{"OBJECTID":62,"fhdFtrID":62,"fhdRefID":51506,"fhdRevDt":"19990720","fhdONm":"Keith Braun - Rick Klumph","fhdOEnt":"ODFW","fhdSpNm":"Chum salmon","fhdRun":"NA","fhdLifeHst":"Anadromous","fhdUseTy":"Spawning","fhdBasis":"ConcurProfOpinion","fhdStNm":"Gold Creek","fhdGenus":"Oncorhynchus","fhdSp":"keta","fhdSubSp":null,"fhdOrig":"NativeLocal","fhdProd":"Natural","fhdComment":null,"fhdESH":"yes","fhdBasisD":null,"fhdNMF":"yes","fhdBasisDt":null,"fhdBasisNm":null,"fhdBasisEnt":null,"fhdBasisPrj":null,"fhdBasisMethod":null,"Shape__Length":317.6700601656874,"fhdAccess":"Unassisted","fhdBarrierFtrID":null,"fhdEndExtent":"NA","habitatType":"stream"},"id":62},
{"type":"Feature","geometry":{"type":"LineString","coordinates":[[-123.725895,45.503125],[-123.725629,45.501896],[-123.728125,45.500277],[-123.729514,45.498046],[-123.729199,45.49487],[-123.730789,45.493239],[-123.732848,45.492459],[-123.733533,45.490429],[-123.736746,45.488962],[-123.742354,45.488669],[-123.743929,45.487505],[-123.743006,45.48491],[-123.7359,45.48527],[-123.733588,45.481974],[-123.733922,45.479696],[-123.736705,45.478016],[-123.738628,45.474103],[-123.738346,45.472891]]},"properties":{"OBJECTID":63,"fhdFtrID":63,"fhdRefID":53013,"fhdRevDt":"20160324","fhdONm":"Matt Weeber","fhdOEnt":"ODFW","fhdSpNm":"Chum salmon","fhdRun":"NA","fhdLifeHst":"Anadromous","fhdUseTy":"Spawning","fhdBasis":"DocObsFish","fhdStNm":"Little North Fork Wilson River","fhdGenus":"Oncorhynchus","fhdSp":"keta","fhdSubSp":null,"fhdOrig":"NativeLocal","fhdProd":"Natural","fhdComment":null,"fhdESH":"yes","fhdBasisD":null,"fhdNMF":"yes","fhdBasisDt":"20070000","fhdBasisNm":null,"fhdBasisEnt":"ODFW","fhdBasisPrj":"OASIS","fhdBasisMethod":null,"Shape__Length":7410.06488626448,"fhdAccess":"Unassisted","fhdBarrierFtrID":null,"fhdEndExtent":"NA","habitatType":"stream"},"id":63},
{"type":"Feature","geometry":{"type":"LineString","coordinates":[[-123.772408,45.439433],[-123.767725,45.438903],[-123.764573,45.439114],[-123.760931,45.441095]]},"properties":{"OBJECTID":64,"fhdFtrID":64,"fhdRefID":51506,"fhdRevDt":"20020415","fhdONm":"Keith Braun - Rick Klumph","fhdOEnt":"ODFW","fhdSpNm":"Chum salmon","fhdRun":"NA","fhdLifeHst":"Anadromous","fhdUseTy":"Spawning","fhdBasis":"ConcurProfOpinion","fhdStNm":"Green Creek","fhdGenus":"Oncorhynchus","fhdSp":"keta","fhdSubSp":null,"fhdOrig":"NativeLocal","fhdProd":"Natural","fhdComment":null,"fhdESH":"yes","fhdBasisD":null,"fhdNMF":"yes","fhdBasisDt":null,"fhdBasisNm":null,"fhdBasisEnt":null,"fhdBasisPrj":null,"fhdBasisMethod":null,"Shape__Length":1574.9503286352958,"fhdAccess":"Unassisted","fhdBarrierFtrID":null,"fhdEndExtent":"Unknown","habitatType":"stream"},"id":64},
{"type":"Feature","geometry":{"type":"LineString","coordinates":[[-123.771421,45.537211],[-123.767312,45.538511],[-123.766542,45.54167],[-123.763784,45.542636],[-123.763593,45.544223],[-123.761884,45.545085]]},"properties":{"OBJECTID":65,"fhdFtrID":65,"fhdRefID":53013,"fhdRevDt":"20160324","fhdONm":"Matt Weeber","fhdOEnt":"ODFW","fhdSpNm":"Chum salmon","fhdRun":"NA","fhdLifeHst":"Anadromous","fhdUseTy":"Spawning","fhdBasis":"DownstreamDocObsFish","fhdStNm":"Little South Fork Kilchis Riv","fhdGenus":"Oncorhynchus","fhdSp":"keta","fhdSubSp":null,"fhdOrig":"NativeLocal","fhdProd":"Natural","fhdComment":null,"fhdESH":"yes","fhdBasisD":null,"fhdNMF":"yes","fhdBasisDt":"20140000","fhdBasisNm":null,"fhdBasisEnt":null,"fhdBasisPrj":null,"fhdBasisMethod":null,"Shape__Length":2099.7603942566243,"fhdAccess":"Unassisted","fhdBarrierFtrID":null,"fhdEndExtent":"NA","habitatType":"stream"},"id":65},
{"type":"Feature","geometry":{"type":"LineString","coordinates":[[-123.781851,45.5177],[-123.782264,45.518998],[-123.784731,45.520361],[-123.785962,45.522846]]},"properties":{"OBJECTID":66,"fhdFtrID":66,"fhdRefID":51506,"fhdRevDt":"19990720","fhdONm":"Keith Braun - Rick Klumph","fhdOEnt":"ODFW","fhdSpNm":"Chum salmon","fhdRun":"NA","fhdLifeHst":"Anadromous","fhdUseTy":"Spawning","fhdBasis":"ConcurProfOpinion","fhdStNm":"Clear Creek","fhdGenus":"Oncorhynchus","fhdSp":"keta","fhdSubSp":null,"fhdOrig":"NativeLocal","fhdProd":"Natural","fhdComment":null,"fhdESH":"yes","fhdBasisD":null,"fhdNMF":"yes","fhdBasisDt":null,"fhdBasisNm":null,"fhdBasisEnt":null,"fhdBasisPrj":null,"fhdBasisMethod":null,"Shape__Length":1113.2915141422561,"fhdAccess":"Unassisted","fhdBarrierFtrID":null,"fhdEndExtent":"Unknown","habitatType":"stream"},"id":66},
{"type":"Feature","geometry":{"type":"LineString","coordinates":[[-123.805187,45.429304],[-123.801493,45.428363],[-123.800196,45.429547],[-123.795942,45.428227],[-123.795623,45.426736]]},"properties":{"OBJECTID":67,"fhdFtrID":67,"fhdRefID":53013,"fhdRevDt":"20160324","fhdONm":"Matt Weeber","fhdOEnt":"ODFW","fhdSpNm":"Chum salmon","fhdRun":"NA","fhdLifeHst":"Anadromous","fhdUseTy":"Spawning","fhdBasis":"DownstreamDocObsFish","fhdStNm":"Mill Creek","fhdGenus":"Oncorhynchus","fhdSp":"keta","fhdSubSp":null,"fhdOrig":"NativeLocal","fhdProd":"Natural","fhdComment":null,"fhdESH":"yes","fhdBasisD":null,"fhdNMF":"yes","fhdBasisDt":null,"fhdBasisNm":null,"fhdBasisEnt":null,"fhdBasisPrj":null,"fhdBasisMethod":null,"Shape__Length":1938.0787600169253,"fhdAccess":"Unassisted","fhdBarrierFtrID":null,"fhdEndExtent":"NA","habitatType":"stream"},"id":67},
{"type":"Feature","geometry":{"type":"LineString","coordinates":[[-123.803745,45.389879],[-123.802111,45.38925],[-123.80056,45.387403],[-123.794837,45.385047],[-123.789772,45.384364],[-123.786093,45.38453],[-123.782584,45.38329],[-123.780863,45.384241],[-123.778731,45.383364],[-123.775716,45.383369]]},"properties":{"OBJECTID":68,"fhdFtrID":68,"fhdRefID":53013,"fhdRevDt":"20160324","fhdONm":"Matt Weeber","fhdOEnt":"ODFW","fhdSpNm":"Chum salmon","fhdRun":"NA","fhdLifeHst":"Anadromous","fhdUseTy":"Spawning","fhdBasis":"DownstreamDocObsFish","fhdStNm":"Fawcett Creek","fhdGenus":"Oncorhynchus","fhdSp":"keta","fhdSubSp":null,"fhdOrig":"NativeLocal","fhdProd":"Natural","fhdComment":null,"fhdESH":"yes","fhdBasisD":null,"fhdNMF":"yes","fhdBasisDt":null,"fhdBasisNm":null,"fhdBasisEnt":null,"fhdBasisPrj":null,"fhdBasisMethod":null,"Shape__Length":3904.7078313761754,"fhdAccess":"Unassisted","fhdBarrierFtrID":null,"fhdEndExtent":"NA","habitatType":"stream"},"id":68},
{"type":"Feature","geometry":{"type":"LineString","coordinates":[[-123.803684,45.395427],[-123.802165,45.395363],[-123.797546,45.396681],[-123.793106,45.395863],[-123.791022,45.39614],[-123.789572,45.39518],[-123.783206,45.39471]]},"properties":{"OBJECTID":69,"fhdFtrID":69,"fhdRefID":51506,"fhdRevDt":"19990720","fhdONm":"Keith Braun - Rick Klumph","fhdOEnt":"ODFW","fhdSpNm":"Chum salmon","fhdRun":"NA","fhdLifeHst":"Anadromous","fhdUseTy":"Spawning","fhdBasis":"ConcurProfOpinion","fhdStNm":"Killam Creek","fhdGenus":"Oncorhynchus","fhdSp":"keta","fhdSubSp":null,"fhdOrig":"NativeLocal","fhdProd":"Natural","fhdComment":null,"fhdESH":"yes","fhdBasisD":null,"fhdNMF":"yes","fhdBasisDt":null,"fhdBasisNm":null,"fhdBasisEnt":null,"fhdBasisPrj":null,"fhdBasisMethod":null,"Shape__Length":2572.9625485984116,"fhdAccess":"Unassisted","fhdBarrierFtrID":null,"fhdEndExtent":"Unknown","habitatType":"stream"},"id":69},
{"type":"Feature","geometry":{"type":"LineString","coordinates":[[-123.946293,45.023136],[-123.950096,45.023619],[-123.951285,45.021543],[-123.956446,45.023005],[-123.958297,45.02095],[-123.96125,45.022434],[-123.962707,45.021721],[-123.964764,45.024463],[-123.96674,45.023659],[-123.969926,45.026804],[-123.971287,45.030382],[-123.972313,45.03071],[-123.977469,45.030093],[-123.980971,45.030414],[-123.985944,45.032068],[-123.987342,45.034371],[-123.987305,45.037398],[-123.98865,45.039155],[-123.992746,45.039763],[-123.997082,45.041166],[-123.999349,45.042958],[-124.003396,45.047674],[-124.005996,45.047811]]},"properties":{"OBJECTID":70,"fhdFtrID":70,"fhdRefID":51507,"fhdRevDt":"20020521","fhdONm":"Bob Buckman-John Spangler","fhdOEnt":"ODFW","fhdSpNm":"Chum salmon","fhdRun":"NA","fhdLifeHst":"Anadromous","fhdUseTy":"Rearing","fhdBasis":"UndocObsFish","fhdStNm":"Salmon River","fhdGenus":"Oncorhynchus","fhdSp":"keta","fhdSubSp":null,"fhdOrig":"NativeLocal","fhdProd":"Natural","fhdComment":null,"fhdESH":"yes","fhdBasisD":null,"fhdNMF":"yes","fhdBasisDt":null,"fhdBasisNm":null,"fhdBasisEnt":null,"fhdBasisPrj":null,"fhdBasisMethod":null,"Shape__Length":10193.579180360344,"fhdAccess":"Unassisted","fhdBarrierFtrID":null,"fhdEndExtent":"Unknown","habitatType":"stream"},"id":70},
{"type":"Feature","geometry":{"type":"LineString","coordinates":[[-123.902722,45.312243],[-123.906828,45.312912],[-123.908367,45.311843],[-123.911558,45.310967],[-123.915316,45.311536],[-123.920076,45.310118]]},"properties":{"OBJECTID":71,"fhdFtrID":71,"fhdRefID":53013,"fhdRevDt":"20160324","fhdONm":"Matt Weeber","fhdOEnt":"ODFW","fhdSpNm":"Chum salmon","fhdRun":"NA","fhdLifeHst":"Anadromous","fhdUseTy":"Spawning","fhdBasis":"DocObsFish","fhdStNm":"Andy Creek","fhdGenus":"Oncorhynchus","fhdSp":"keta","fhdSubSp":null,"fhdOrig":"NativeLocal","fhdProd":"Natural","fhdComment":null,"fhdESH":"yes","fhdBasisD":null,"fhdNMF":"yes","fhdBasisDt":"19940000","fhdBasisNm":null,"fhdBasisEnt":"ODFW","fhdBasisPrj":"OASIS","fhdBasisMethod":null,"Shape__Length":2464.651734841035,"fhdAccess":"Unassisted","fhdBarrierFtrID":null,"fhdEndExtent":"Unknown","habitatType":"stream"},"id":71},
{"type":"Feature","geometry":{"type":"LineString","coordinates":[[-123.89296,45.525063],[-123.895523,45.525412],[-123.90033,45.525055]]},"properties":{"OBJECTID":72,"fhdFtrID":72,"fhdRefID":53013,"fhdRevDt":"20160324","fhdONm":"Matt Weeber","fhdOEnt":"ODFW","fhdSpNm":"Chum salmon","fhdRun":"NA","fhdLifeHst":"Anadromous","fhdUseTy":"Migration","fhdBasis":"DownstreamDocObsFish","fhdStNm":"Patterson Creek","fhdGenus":"Oncorhynchus","fhdSp":"keta","fhdSubSp":null,"fhdOrig":"NativeLocal","fhdProd":"Natural","fhdComment":null,"fhdESH":"no","fhdBasisD":null,"fhdNMF":"yes","fhdBasisDt":null,"fhdBasisNm":null,"fhdBasisEnt":null,"fhdBasisPrj":null,"fhdBasisMethod":null,"Shape__Length":935.8712357488146,"fhdAccess":"Unassisted","fhdBarrierFtrID":null,"fhdEndExtent":"NA","habitatType":"stream"},"id":72},
{"type":"Feature","geometry":{"type":"LineString","coordinates":[[-123.873793,45.50932],[-123.875688,45.508419]]},"properties":{"OBJECTID":73,"fhdFtrID":73,"fhdRefID":51506,"fhdRevDt":"20020415","fhdONm":"Keith Braun - Rick Klumph","fhdOEnt":"ODFW","fhdSpNm":"Chum salmon","fhdRun":"NA","fhdLifeHst":"Anadromous","fhdUseTy":"Spawning","fhdBasis":"ConcurProfOpinion","fhdStNm":"Doty Creek","fhdGenus":"Oncorhynchus","fhdSp":"keta","fhdSubSp":null,"fhdOrig":"NativeLocal","fhdProd":"Natural","fhdComment":null,"fhdESH":"yes","fhdBasisD":null,"fhdNMF":"yes","fhdBasisDt":null,"fhdBasisNm":null,"fhdBasisEnt":null,"fhdBasisPrj":null,"fhdBasisMethod":null,"Shape__Length":259.5282646244726,"fhdAccess":"Unassisted","fhdBarrierFtrID":null,"fhdEndExtent":"Unknown","habitatType":"stream"},"id":73},
{"type":"Feature","geometry":{"type":"LineString","coordinates":[[-123.899658,45.187476],[-123.900185,45.188305],[-123.900181,45.195054],[-123.902136,45.195104],[-123.905481,45.196246],[-123.905472,45.197771],[-123.908514,45.19735],[-123.911835,45.19904]]},"properties":{"OBJECTID":74,"fhdFtrID":74,"fhdRefID":53013,"fhdRevDt":"20160324","fhdONm":"Matt Weeber","fhdOEnt":"ODFW","fhdSpNm":"Chum salmon","fhdRun":"NA","fhdLifeHst":"Anadromous","fhdUseTy":"Spawning","fhdBasis":"DownstreamDocObsFish","fhdStNm":"Clear Creek","fhdGenus":"Oncorhynchus","fhdSp":"keta","fhdSubSp":null,"fhdOrig":"NativeLocal","fhdProd":"Natural","fhdComment":null,"fhdESH":"yes","fhdBasisD":null,"fhdNMF":"yes","fhdBasisDt":null,"fhdBasisNm":null,"fhdBasisEnt":null,"fhdBasisPrj":null,"fhdBasisMethod":null,"Shape__Length":3138.0854372982476,"fhdAccess":"Unassisted","fhdBarrierFtrID":null,"fhdEndExtent":"NA","habitatType":"stream"},"id":74},
{"type":"Feature","geometry":{"type":"LineString","coordinates":[[-123.881966,45.505696],[-123.887101,45.508108],[-123.889143,45.508513],[-123.88917,45.511914],[-123.893596,45.518533],[-123.899158,45.521001],[-123.900092,45.521914]]},"properties":{"OBJECTID":75,"fhdFtrID":75,"fhdRefID":51506,"fhdRevDt":"20020415","fhdONm":"Keith Braun - Rick Klumph","fhdOEnt":"ODFW","fhdSpNm":"Chum salmon","fhdRun":"NA","fhdLifeHst":"Anadromous","fhdUseTy":"Rearing","fhdBasis":"ConcurProfOpinion","fhdStNm":"Doty Creek","fhdGenus":"Oncorhynchus","fhdSp":"keta","fhdSubSp":null,"fhdOrig":"NativeLocal","fhdProd":"Natural","fhdComment":null,"fhdESH":"yes","fhdBasisD":null,"fhdNMF":"yes","fhdBasisDt":null,"fhdBasisNm":null,"fhdBasisEnt":null,"fhdBasisPrj":null,"fhdBasisMethod":null,"Shape__Length":3688.008442718119,"fhdAccess":"Unassisted","fhdBarrierFtrID":null,"fhdEndExtent":"NA","habitatType":"stream"},"id":75},
{"type":"Feature","geometry":{"type":"LineString","coordinates":[[-123.887822,45.526554],[-123.89296,45.525063]]},"properties":{"OBJECTID":76,"fhdFtrID":76,"fhdRefID":53013,"fhdRevDt":"20160324","fhdONm":"Matt Weeber","fhdOEnt":"ODFW","fhdSpNm":"Chum salmon","fhdRun":"NA","fhdLifeHst":"Anadromous","fhdUseTy":"Spawning","fhdBasis":"DocObsFish","fhdStNm":"Patterson Creek","fhdGenus":"Oncorhynchus","fhdSp":"keta","fhdSubSp":null,"fhdOrig":"NativeLocal","fhdProd":"Natural","fhdComment":null,"fhdESH":"yes","fhdBasisD":null,"fhdNMF":"yes","fhdBasisDt":null,"fhdBasisNm":null,"fhdBasisEnt":"ODFW","fhdBasisPrj":"OASIS","fhdBasisMethod":null,"Shape__Length":657.0457260347223,"fhdAccess":"Unassisted","fhdBarrierFtrID":null,"fhdEndExtent":"NA","habitatType":"stream"},"id":76},
{"type":"Feature","geometry":{"type":"LineString","coordinates":[[-123.90044,45.140845],[-123.896008,45.141141],[-123.89073,45.138043],[-123.887908,45.140127],[-123.885072,45.141329]]},"properties":{"OBJECTID":77,"fhdFtrID":77,"fhdRefID":53013,"fhdRevDt":"20160324","fhdONm":"Matt Weeber","fhdOEnt":"ODFW","fhdSpNm":"Chum salmon","fhdRun":"NA","fhdLifeHst":"Anadromous","fhdUseTy":"Spawning","fhdBasis":"DocObsFish","fhdStNm":"Fall Creek","fhdGenus":"Oncorhynchus","fhdSp":"keta","fhdSubSp":null,"fhdOrig":"NativeLocal","fhdProd":"Natural","fhdComment":null,"fhdESH":"yes","fhdBasisD":null,"fhdNMF":"yes","fhdBasisDt":"19970000","fhdBasisNm":null,"fhdBasisEnt":"ODFW","fhdBasisPrj":"OASIS","fhdBasisMethod":null,"Shape__Length":2225.1238386763694,"fhdAccess":"Unassisted","fhdBarrierFtrID":null,"fhdEndExtent":"Unknown","habitatType":"stream"},"id":77},
{"type":"Feature","geometry":{"type":"LineString","coordinates":[[-123.87323,45.502283],[-123.868797,45.503314],[-123.867114,45.50295]]},"properties":{"OBJECTID":78,"fhdFtrID":79,"fhdRefID":51506,"fhdRevDt":"19990720","fhdONm":"Keith Braun - Rick Klumph","fhdOEnt":"ODFW","fhdSpNm":"Chum salmon","fhdRun":"NA","fhdLifeHst":"Anadromous","fhdUseTy":"Rearing","fhdBasis":"ConcurProfOpinion","fhdStNm":"Vaughn Creek","fhdGenus":"Oncorhynchus","fhdSp":"keta","fhdSubSp":null,"fhdOrig":"NativeLocal","fhdProd":"Natural","fhdComment":null,"fhdESH":"yes","fhdBasisD":null,"fhdNMF":"yes","fhdBasisDt":null,"fhdBasisNm":null,"fhdBasisEnt":null,"fhdBasisPrj":null,"fhdBasisMethod":null,"Shape__Length":755.137902321984,"fhdAccess":"Unassisted","fhdBarrierFtrID":null,"fhdEndExtent":"NA","habitatType":"stream"},"id":78},
{"type":"Feature","geometry":{"type":"LineString","coordinates":[[-123.903001,45.504044],[-123.901515,45.50365],[-123.898735,45.50504],[-123.895633,45.502185],[-123.893653,45.502108],[-123.888475,45.503717],[-123.886714,45.503393],[-123.881422,45.499834],[-123.877382,45.499166],[-123.876734,45.500421],[-123.87323,45.502283],[-123.869363,45.502801],[-123.868834,45.501123],[-123.865758,45.498232],[-123.864854,45.494419],[-123.863426,45.492694]]},"properties":{"OBJECTID":79,"fhdFtrID":80,"fhdRefID":53013,"fhdRevDt":"20160324","fhdONm":"Matt Weeber","fhdOEnt":"ODFW","fhdSpNm":"Chum salmon","fhdRun":"NA","fhdLifeHst":"Anadromous","fhdUseTy":"Migration","fhdBasis":"DownstreamDocObsFish","fhdStNm":"Kilchis River","fhdGenus":"Oncorhynchus","fhdSp":"keta","fhdSubSp":null,"fhdOrig":"NativeLocal","fhdProd":"Natural","fhdComment":null,"fhdESH":"no","fhdBasisD":null,"fhdNMF":"yes","fhdBasisDt":null,"fhdBasisNm":null,"fhdBasisEnt":null,"fhdBasisPrj":null,"fhdBasisMethod":null,"Shape__Length":6539.076148098342,"fhdAccess":"Unassisted","fhdBarrierFtrID":null,"fhdEndExtent":"NA","habitatType":"stream"},"id":79},
{"type":"Feature","geometry":{"type":"LineString","coordinates":[[-123.83366,45.501164],[-123.839396,45.498307],[-123.840126,45.49636],[-123.843448,45.496092],[-123.848951,45.496502],[-123.854071,45.494834],[-123.85651,45.495509]]},"properties":{"OBJECTID":80,"fhdFtrID":81,"fhdRefID":53013,"fhdRevDt":"20160324","fhdONm":"Matt Weeber","fhdOEnt":"ODFW","fhdSpNm":"Chum salmon","fhdRun":"NA","fhdLifeHst":"Anadromous","fhdUseTy":"Migration","fhdBasis":"DownstreamDocObsFish","fhdStNm":"Kilchis River","fhdGenus":"Oncorhynchus","fhdSp":"keta","fhdSubSp":null,"fhdOrig":"NativeLocal","fhdProd":"Natural","fhdComment":null,"fhdESH":"no","fhdBasisD":null,"fhdNMF":"yes","fhdBasisDt":null,"fhdBasisNm":null,"fhdBasisEnt":null,"fhdBasisPrj":null,"fhdBasisMethod":null,"Shape__Length":3280.4187208897306,"fhdAccess":"Unassisted","fhdBarrierFtrID":null,"fhdEndExtent":"NA","habitatType":"stream"},"id":80},
{"type":"Feature","geometry":{"type":"LineString","coordinates":[[-123.738346,45.472891],[-123.739896,45.470958],[-123.744045,45.468476],[-123.749415,45.468331],[-123.753504,45.466658],[-123.756644,45.469337],[-123.759685,45.469723],[-123.764629,45.46972],[-123.76969,45.469195],[-123.774789,45.471677],[-123.776832,45.472012],[-123.779435,45.474207],[-123.77732,45.476681],[-123.779762,45.478634],[-123.784065,45.478929],[-123.786653,45.477371],[-123.78912,45.478352],[-123.797833,45.472867],[-123.804017,45.47338],[-123.804025,45.47617],[-123.80865,45.477783],[-123.813708,45.476912],[-123.818776,45.47701],[-123.820344,45.476648],[-123.824147,45.474217],[-123.826829,45.476466],[-123.832034,45.475429],[-123.839927,45.475354],[-123.843629,45.475562],[-123.843739,45.47791],[-123.844868,45.478128]]},"properties":{"OBJECTID":81,"fhdFtrID":82,"fhdRefID":53013,"fhdRevDt":"20160324","fhdONm":"Matt Weeber","fhdOEnt":"ODFW","fhdSpNm":"Chum salmon","fhdRun":"NA","fhdLifeHst":"Anadromous","fhdUseTy":"Spawning","fhdBasis":"DownstreamDocObsFish","fhdStNm":"Wilson River","fhdGenus":"Oncorhynchus","fhdSp":"keta","fhdSubSp":null,"fhdOrig":"NativeLocal","fhdProd":"Natural","fhdComment":null,"fhdESH":"yes","fhdBasisD":null,"fhdNMF":"yes","fhdBasisDt":null,"fhdBasisNm":null,"fhdBasisEnt":null,"fhdBasisPrj":null,"fhdBasisMethod":null,"Shape__Length":16051.663485163266,"fhdAccess":"Unassisted","fhdBarrierFtrID":null,"fhdEndExtent":"NA","habitatType":"stream"},"id":81},
{"type":"Feature","geometry":{"type":"LineString","coordinates":[[-123.900824,45.491819],[-123.899101,45.488624],[-123.896188,45.488643],[-123.893999,45.487862],[-123.893238,45.48554],[-123.893495,45.482623],[-123.88905,45.47813],[-123.883215,45.477159],[-123.881859,45.477569],[-123.882559,45.480148],[-123.874406,45.479919],[-123.871992,45.481437]]},"properties":{"OBJECTID":82,"fhdFtrID":83,"fhdRefID":53013,"fhdRevDt":"20160324","fhdONm":"Matt Weeber","fhdOEnt":"ODFW","fhdSpNm":"Chum salmon","fhdRun":"NA","fhdLifeHst":"Anadromous","fhdUseTy":"Migration","fhdBasis":"DownstreamDocObsFish","fhdStNm":"Wilson River","fhdGenus":"Oncorhynchus","fhdSp":"keta","fhdSubSp":null,"fhdOrig":"NativeLocal","fhdProd":"Natural","fhdComment":null,"fhdESH":"no","fhdBasisD":null,"fhdNMF":"yes","fhdBasisDt":null,"fhdBasisNm":null,"fhdBasisEnt":null,"fhdBasisPrj":null,"fhdBasisMethod":null,"Shape__Length":5591.702260708504,"fhdAccess":"Unassisted","fhdBarrierFtrID":null,"fhdEndExtent":"NA","habitatType":"stream"},"id":82},
{"type":"Feature","geometry":{"type":"LineString","coordinates":[[-123.891497,45.563255],[-123.893026,45.563574],[-123.894233,45.565985],[-123.896532,45.567236],[-123.897316,45.570694]]},"properties":{"OBJECTID":83,"fhdFtrID":84,"fhdRefID":51506,"fhdRevDt":"20020415","fhdONm":"Keith Braun - Rick Klumph","fhdOEnt":"ODFW","fhdSpNm":"Chum salmon","fhdRun":"NA","fhdLifeHst":"Anadromous","fhdUseTy":"Spawning","fhdBasis":"ConcurProfOpinion","fhdStNm":"Hobson Creek","fhdGenus":"Oncorhynchus","fhdSp":"keta","fhdSubSp":null,"fhdOrig":"NativeLocal","fhdProd":"Natural","fhdComment":null,"fhdESH":"yes","fhdBasisD":null,"fhdNMF":"yes","fhdBasisDt":null,"fhdBasisNm":null,"fhdBasisEnt":null,"fhdBasisPrj":null,"fhdBasisMethod":null,"Shape__Length":1582.2429649490705,"fhdAccess":"Unassisted","fhdBarrierFtrID":null,"fhdEndExtent":"Unknown","habitatType":"stream"},"id":83},
{"type":"Feature","geometry":{"type":"LineString","coordinates":[[-123.918838,45.152673],[-123.917572,45.150987],[-123.915333,45.150365],[-123.915172,45.146721],[-123.916482,45.144672],[-123.921346,45.141796],[-123.921192,45.139064],[-123.919808,45.13813]]},"properties":{"OBJECTID":84,"fhdFtrID":85,"fhdRefID":53013,"fhdRevDt":"20160324","fhdONm":"Matt Weeber","fhdOEnt":"ODFW","fhdSpNm":"Chum salmon","fhdRun":"NA","fhdLifeHst":"Anadromous","fhdUseTy":"Spawning","fhdBasis":"DocObsFish","fhdStNm":"Bowers Branch","fhdGenus":"Oncorhynchus","fhdSp":"keta","fhdSubSp":null,"fhdOrig":"NativeLocal","fhdProd":"Natural","fhdComment":null,"fhdESH":"yes","fhdBasisD":null,"fhdNMF":"yes","fhdBasisDt":"20010000","fhdBasisNm":null,"fhdBasisEnt":"ODFW","fhdBasisPrj":"OASIS","fhdBasisMethod":null,"Shape__Length":3183.516319934745,"fhdAccess":"Unassisted","fhdBarrierFtrID":null,"fhdEndExtent":"Unknown","habitatType":"stream"},"id":84},
{"type":"Feature","geometry":{"type":"LineString","coordinates":[[-123.895925,45.22133],[-123.892219,45.215123],[-123.888206,45.214353],[-123.887407,45.213091],[-123.888047,45.209228],[-123.887521,45.207483]]},"properties":{"OBJECTID":85,"fhdFtrID":86,"fhdRefID":51506,"fhdRevDt":"19990720","fhdONm":"Keith Braun - Rick Klumph","fhdOEnt":"ODFW","fhdSpNm":"Chum salmon","fhdRun":"NA","fhdLifeHst":"Anadromous","fhdUseTy":"Spawning","fhdBasis":"ConcurProfOpinion","fhdStNm":"Smith Creek","fhdGenus":"Oncorhynchus","fhdSp":"keta","fhdSubSp":null,"fhdOrig":"NativeLocal","fhdProd":"Natural","fhdComment":null,"fhdESH":"yes","fhdBasisD":null,"fhdNMF":"yes","fhdBasisDt":null,"fhdBasisNm":null,"fhdBasisEnt":null,"fhdBasisPrj":null,"fhdBasisMethod":null,"Shape__Length":3061.8726998555107,"fhdAccess":"Unassisted","fhdBarrierFtrID":null,"fhdEndExtent":"Unknown","habitatType":"stream"},"id":85},
{"type":"Feature","geometry":{"type":"LineString","coordinates":[[-123.882846,45.563556],[-123.880967,45.560188],[-123.875861,45.55855]]},"properties":{"OBJECTID":86,"fhdFtrID":87,"fhdRefID":51506,"fhdRevDt":"20020415","fhdONm":"Keith Braun - Rick Klumph","fhdOEnt":"ODFW","fhdSpNm":"Chum salmon","fhdRun":"NA","fhdLifeHst":"Anadromous","fhdUseTy":"Spawning","fhdBasis":"ConcurProfOpinion","fhdStNm":"Illingsworth Creek","fhdGenus":"Oncorhynchus","fhdSp":"keta","fhdSubSp":null,"fhdOrig":"NativeLocal","fhdProd":"Natural","fhdComment":null,"fhdESH":"yes","fhdBasisD":null,"fhdNMF":"yes","fhdBasisDt":null,"fhdBasisNm":null,"fhdBasisEnt":null,"fhdBasisPrj":null,"fhdBasisMethod":null,"Shape__Length":1329.0775472237935,"fhdAccess":"Unassisted","fhdBarrierFtrID":null,"fhdEndExtent":"Unknown","habitatType":"stream"},"id":86},
{"type":"Feature","geometry":{"type":"LineString","coordinates":[[-123.841633,45.415193],[-123.837137,45.41423],[-123.8335,45.412503],[-123.834805,45.410432],[-123.832373,45.4093],[-123.829338,45.406902],[-123.828162,45.406751]]},"properties":{"OBJECTID":87,"fhdFtrID":88,"fhdRefID":53013,"fhdRevDt":"20160324","fhdONm":"Matt Weeber","fhdOEnt":"ODFW","fhdSpNm":"Chum salmon","fhdRun":"NA","fhdLifeHst":"Anadromous","fhdUseTy":"Spawning","fhdBasis":"DownstreamDocObsFish","fhdStNm":"Tillamook River","fhdGenus":"Oncorhynchus","fhdSp":"keta","fhdSubSp":null,"fhdOrig":"NativeLocal","fhdProd":"Natural","fhdComment":null,"fhdESH":"yes","fhdBasisD":null,"fhdNMF":"yes","fhdBasisDt":null,"fhdBasisNm":null,"fhdBasisEnt":null,"fhdBasisPrj":null,"fhdBasisMethod":null,"Shape__Length":3180.1407049762443,"fhdAccess":"Unassisted","fhdBarrierFtrID":null,"fhdEndExtent":"NA","habitatType":"stream"},"id":87},
{"type":"Feature","geometry":{"type":"LineString","coordinates":[[-123.805187,45.429304],[-123.801875,45.429515],[-123.799603,45.430246],[-123.797437,45.432013],[-123.794205,45.433422],[-123.794375,45.435517],[-123.79141,45.439375],[-123.785328,45.439267],[-123.779047,45.440692],[-123.776391,45.440787],[-123.774841,45.439632],[-123.772408,45.439433],[-123.770179,45.438526],[-123.764795,45.435329],[-123.760099,45.433672],[-123.753891,45.433622],[-123.750737,45.43432],[-123.745404,45.434655],[-123.742363,45.43586],[-123.739403,45.436178],[-123.734117,45.434319],[-123.729235,45.43311],[-123.726701,45.433028],[-123.725237,45.433963],[-123.720741,45.436581],[-123.716828,45.442031],[-123.713493,45.445115],[-123.712168,45.445464]]},"properties":{"OBJECTID":88,"fhdFtrID":89,"fhdRefID":51506,"fhdRevDt":"20020415","fhdONm":"Keith Braun - Rick Klumph","fhdOEnt":"ODFW","fhdSpNm":"Chum salmon","fhdRun":"NA","fhdLifeHst":"Anadromous","fhdUseTy":"Spawning","fhdBasis":"ConcurProfOpinion","fhdStNm":"Trask River","fhdGenus":"Oncorhynchus","fhdSp":"keta","fhdSubSp":null,"fhdOrig":"NativeLocal","fhdProd":"Natural","fhdComment":null,"fhdESH":"yes","fhdBasisD":null,"fhdNMF":"yes","fhdBasisDt":null,"fhdBasisNm":null,"fhdBasisEnt":null,"fhdBasisPrj":null,"fhdBasisMethod":null,"Shape__Length":13117.45972071527,"fhdAccess":"Unassisted","fhdBarrierFtrID":null,"fhdEndExtent":"Unknown","habitatType":"stream"},"id":88},
{"type":"Feature","geometry":{"type":"LineString","coordinates":[[-123.880758,45.453526],[-123.883329,45.456211],[-123.886945,45.45825]]},"properties":{"OBJECTID":89,"fhdFtrID":90,"fhdRefID":51506,"fhdRevDt":"19990720","fhdONm":"Keith Braun - Rick Klumph","fhdOEnt":"ODFW","fhdSpNm":"Chum salmon","fhdRun":"NA","fhdLifeHst":"Anadromous","fhdUseTy":"Spawning","fhdBasis":"ConcurProfOpinion","fhdStNm":"Tomlinson Creek","fhdGenus":"Oncorhynchus","fhdSp":"keta","fhdSubSp":null,"fhdOrig":"NativeLocal","fhdProd":"Natural","fhdComment":null,"fhdESH":"yes","fhdBasisD":null,"fhdNMF":"yes","fhdBasisDt":null,"fhdBasisNm":null,"fhdBasisEnt":null,"fhdBasisPrj":null,"fhdBasisMethod":null,"Shape__Length":1113.5528971999865,"fhdAccess":"Unassisted","fhdBarrierFtrID":null,"fhdEndExtent":"Unknown","habitatType":"stream"},"id":89},
{"type":"Feature","geometry":{"type":"LineString","coordinates":[[-123.878242,45.455255],[-123.880758,45.453526],[-123.883315,45.452277],[-123.885916,45.448091]]},"properties":{"OBJECTID":90,"fhdFtrID":91,"fhdRefID":51506,"fhdRevDt":"19990720","fhdONm":"Keith Braun - Rick Klumph","fhdOEnt":"ODFW","fhdSpNm":"Chum salmon","fhdRun":"NA","fhdLifeHst":"Anadromous","fhdUseTy":"Spawning","fhdBasis":"ConcurProfOpinion","fhdStNm":"Esther Creek","fhdGenus":"Oncorhynchus","fhdSp":"keta","fhdSubSp":null,"fhdOrig":"NativeLocal","fhdProd":"Natural","fhdComment":null,"fhdESH":"yes","fhdBasisD":null,"fhdNMF":"yes","fhdBasisDt":null,"fhdBasisNm":null,"fhdBasisEnt":null,"fhdBasisPrj":null,"fhdBasisMethod":null,"Shape__Length":1746.2360694583583,"fhdAccess":"Unassisted","fhdBarrierFtrID":null,"fhdEndExtent":"Unknown","habitatType":"stream"},"id":90},
{"type":"Feature","geometry":{"type":"LineString","coordinates":[[-123.877075,45.604706],[-123.877396,45.605469],[-123.882746,45.605641],[-123.885286,45.606622],[-123.890582,45.607114],[-123.893874,45.609479],[-123.897096,45.610051]]},"properties":{"OBJECTID":91,"fhdFtrID":92,"fhdRefID":51506,"fhdRevDt":"19990720","fhdONm":"Keith Braun - Rick Klumph","fhdOEnt":"ODFW","fhdSpNm":"Chum salmon","fhdRun":"NA","fhdLifeHst":"Anadromous","fhdUseTy":"Spawning","fhdBasis":"ConcurProfOpinion","fhdStNm":"Peterson Creek","fhdGenus":"Oncorhynchus","fhdSp":"keta","fhdSubSp":null,"fhdOrig":"NativeLocal","fhdProd":"Natural","fhdComment":null,"fhdESH":"yes","fhdBasisD":null,"fhdNMF":"yes","fhdBasisDt":null,"fhdBasisNm":null,"fhdBasisEnt":null,"fhdBasisPrj":null,"fhdBasisMethod":null,"Shape__Length":3165.663049985506,"fhdAccess":"Unassisted","fhdBarrierFtrID":null,"fhdEndExtent":"Unknown","habitatType":"stream"},"id":91},
{"type":"Feature","geometry":{"type":"LineString","coordinates":[[-123.8485,45.212759],[-123.850406,45.213867],[-123.852511,45.216169],[-123.854802,45.217016],[-123.855773,45.218579],[-123.85787,45.219572],[-123.857313,45.222123],[-123.859039,45.22428],[-123.859912,45.228594],[-123.863206,45.230486],[-123.865544,45.230469],[-123.868691,45.233406],[-123.871588,45.233658],[-123.872816,45.234702]]},"properties":{"OBJECTID":92,"fhdFtrID":93,"fhdRefID":51506,"fhdRevDt":"20020415","fhdONm":"Keith Braun","fhdOEnt":"ODFW","fhdSpNm":"Chum salmon","fhdRun":"NA","fhdLifeHst":"Anadromous","fhdUseTy":"Spawning","fhdBasis":"UndocObsFish","fhdStNm":"Three Rivers","fhdGenus":"Oncorhynchus","fhdSp":"keta","fhdSubSp":null,"fhdOrig":"NativeLocal","fhdProd":"Natural","fhdComment":null,"fhdESH":"yes","fhdBasisD":null,"fhdNMF":"yes","fhdBasisDt":null,"fhdBasisNm":null,"fhdBasisEnt":null,"fhdBasisPrj":null,"fhdBasisMethod":null,"Shape__Length":5036.145681180828,"fhdAccess":"Unassisted","fhdBarrierFtrID":null,"fhdEndExtent":"Unknown","habitatType":"stream"},"id":92},
{"type":"Feature","geometry":{"type":"LineString","coordinates":[[-123.873923,45.570234],[-123.870512,45.570301],[-123.867716,45.569703],[-123.86673,45.57061],[-123.861365,45.567315],[-123.85285,45.565213],[-123.848862,45.564949],[-123.84677,45.563562],[-123.842326,45.564054]]},"properties":{"OBJECTID":93,"fhdFtrID":94,"fhdRefID":53013,"fhdRevDt":"20160324","fhdONm":"Matt Weeber","fhdOEnt":"ODFW","fhdSpNm":"Chum salmon","fhdRun":"NA","fhdLifeHst":"Anadromous","fhdUseTy":"Spawning","fhdBasis":"DocObsFish","fhdStNm":"Moss Creek","fhdGenus":"Oncorhynchus","fhdSp":"keta","fhdSubSp":null,"fhdOrig":"NativeLocal","fhdProd":"Natural","fhdComment":null,"fhdESH":"yes","fhdBasisD":null,"fhdNMF":"yes","fhdBasisDt":"19950000","fhdBasisNm":null,"fhdBasisEnt":"ODFW","fhdBasisPrj":"OASIS","fhdBasisMethod":null,"Shape__Length":4824.696127115424,"fhdAccess":"Unassisted","fhdBarrierFtrID":null,"fhdEndExtent":"Unknown","habitatType":"stream"},"id":93},
{"type":"Feature","geometry":{"type":"LineString","coordinates":[[-123.869978,45.588374],[-123.870752,45.589072],[-123.875437,45.590558],[-123.88155,45.591355],[-123.88356,45.589292]]},"properties":{"OBJECTID":94,"fhdFtrID":95,"fhdRefID":50119,"fhdRevDt":"19990720","fhdONm":"Keith Braun - Rick Klumph","fhdOEnt":"ODFW","fhdSpNm":"Chum salmon","fhdRun":"NA","fhdLifeHst":"Anadromous","fhdUseTy":"Spawning","fhdBasis":"DocObsFish","fhdStNm":"Minich Creek","fhdGenus":"Oncorhynchus","fhdSp":"keta","fhdSubSp":null,"fhdOrig":"NativeLocal","fhdProd":"Natural","fhdComment":null,"fhdESH":"yes","fhdBasisD":null,"fhdNMF":"yes","fhdBasisDt":null,"fhdBasisNm":null,"fhdBasisEnt":null,"fhdBasisPrj":null,"fhdBasisMethod":null,"Shape__Length":2041.4353026745107,"fhdAccess":"Unassisted","fhdBarrierFtrID":null,"fhdEndExtent":"Unknown","habitatType":"stream"},"id":94},
{"type":"Feature","geometry":{"type":"LineString","coordinates":[[-123.867696,45.592977],[-123.865342,45.592315],[-123.861347,45.59313],[-123.857273,45.592537],[-123.856578,45.590249],[-123.855345,45.589041]]},"properties":{"OBJECTID":95,"fhdFtrID":96,"fhdRefID":53013,"fhdRevDt":"20160324","fhdONm":"Matt Weeber","fhdOEnt":"ODFW","fhdSpNm":"Chum salmon","fhdRun":"NA","fhdLifeHst":"Anadromous","fhdUseTy":"Spawning","fhdBasis":"DocObsFish","fhdStNm":"Waldron Creek","fhdGenus":"Oncorhynchus","fhdSp":"keta","fhdSubSp":null,"fhdOrig":"NativeLocal","fhdProd":"Natural","fhdComment":null,"fhdESH":"yes","fhdBasisD":null,"fhdNMF":"yes","fhdBasisDt":"19900000","fhdBasisNm":null,"fhdBasisEnt":"ODFW","fhdBasisPrj":"OASIS","fhdBasisMethod":null,"Shape__Length":2075.52992925275,"fhdAccess":"Unassisted","fhdBarrierFtrID":null,"fhdEndExtent":"Unknown","habitatType":"stream"},"id":95},
{"type":"Feature","geometry":{"type":"LineString","coordinates":[[-123.857947,45.614557],[-123.856037,45.611542],[-123.854526,45.610603]]},"properties":{"OBJECTID":96,"fhdFtrID":97,"fhdRefID":51506,"fhdRevDt":"19990720","fhdONm":"Keith Braun - Rick Klumph","fhdOEnt":"ODFW","fhdSpNm":"Chum salmon","fhdRun":"NA","fhdLifeHst":"Anadromous","fhdUseTy":"Spawning","fhdBasis":"ConcurProfOpinion","fhdStNm":"Stuart Creek","fhdGenus":"Oncorhynchus","fhdSp":"keta","fhdSubSp":null,"fhdOrig":"NativeLocal","fhdProd":"Natural","fhdComment":null,"fhdESH":"yes","fhdBasisD":null,"fhdNMF":"yes","fhdBasisDt":null,"fhdBasisNm":null,"fhdBasisEnt":null,"fhdBasisPrj":null,"fhdBasisMethod":null,"Shape__Length":824.4355130694304,"fhdAccess":"Unassisted","fhdBarrierFtrID":null,"fhdEndExtent":"Unknown","habitatType":"stream"},"id":96},
{"type":"Feature","geometry":{"type":"LineString","coordinates":[[-123.859352,45.614388],[-123.856476,45.617078],[-123.854316,45.620219],[-123.850624,45.62271],[-123.849237,45.624313]]},"properties":{"OBJECTID":97,"fhdFtrID":98,"fhdRefID":53013,"fhdRevDt":"20160324","fhdONm":"Matt Weeber","fhdOEnt":"ODFW","fhdSpNm":"Chum salmon","fhdRun":"NA","fhdLifeHst":"Anadromous","fhdUseTy":"Spawning","fhdBasis":"DocObsFish","fhdStNm":"Prouty Creek","fhdGenus":"Oncorhynchus","fhdSp":"keta","fhdSubSp":null,"fhdOrig":"NativeLocal","fhdProd":"Natural","fhdComment":null,"fhdESH":"yes","fhdBasisD":null,"fhdNMF":"yes","fhdBasisDt":"19940000","fhdBasisNm":null,"fhdBasisEnt":"ODFW","fhdBasisPrj":"OASIS","fhdBasisMethod":null,"Shape__Length":2182.648293783056,"fhdAccess":"Unassisted","fhdBarrierFtrID":null,"fhdEndExtent":"Unknown","habitatType":"stream"},"id":97},
{"type":"Feature","geometry":{"type":"LineString","coordinates":[[-123.85326,45.241386],[-123.850616,45.238043],[-123.843408,45.235113],[-123.840586,45.235241]]},"properties":{"OBJECTID":98,"fhdFtrID":99,"fhdRefID":50119,"fhdRevDt":"19990720","fhdONm":"Keith Braun - Rick Klumph","fhdOEnt":"ODFW","fhdSpNm":"Chum salmon","fhdRun":"NA","fhdLifeHst":"Anadromous","fhdUseTy":"Spawning","fhdBasis":"DocObsFish","fhdStNm":"George Creek","fhdGenus":"Oncorhynchus","fhdSp":"keta","fhdSubSp":null,"fhdOrig":"NativeLocal","fhdProd":"Natural","fhdComment":null,"fhdESH":"yes","fhdBasisD":null,"fhdNMF":"yes","fhdBasisDt":"19970000","fhdBasisNm":null,"fhdBasisEnt":null,"fhdBasisPrj":null,"fhdBasisMethod":null,"Shape__Length":2140.8528714401828,"fhdAccess":"Unassisted","fhdBarrierFtrID":null,"fhdEndExtent":"Unknown","habitatType":"stream"},"id":98},
{"type":"Feature","geometry":{"type":"LineString","coordinates":[[-123.8324,45.481368],[-123.836706,45.481116],[-123.839365,45.479898],[-123.849161,45.479719]]},"properties":{"OBJECTID":99,"fhdFtrID":100,"fhdRefID":51506,"fhdRevDt":"19990720","fhdONm":"Keith Braun - Rick Klumph","fhdOEnt":"ODFW","fhdSpNm":"Chum salmon","fhdRun":"NA","fhdLifeHst":"Anadromous","fhdUseTy":"Spawning","fhdBasis":"ConcurProfOpinion","fhdStNm":null,"fhdGenus":"Oncorhynchus","fhdSp":"keta","fhdSubSp":null,"fhdOrig":"NativeLocal","fhdProd":"Natural","fhdComment":null,"fhdESH":"yes","fhdBasisD":null,"fhdNMF":"yes","fhdBasisDt":null,"fhdBasisNm":null,"fhdBasisEnt":null,"fhdBasisPrj":null,"fhdBasisMethod":null,"Shape__Length":2098.8944103999884,"fhdAccess":"Unassisted","fhdBarrierFtrID":null,"fhdEndExtent":"Unknown","habitatType":"stream"},"id":99},
{"type":"Feature","geometry":{"type":"LineString","coordinates":[[-123.860576,45.253993],[-123.863176,45.253974],[-123.866581,45.254871],[-123.872626,45.255444]]},"properties":{"OBJECTID":100,"fhdFtrID":101,"fhdRefID":51506,"fhdRevDt":"19990720","fhdONm":"Keith Braun - Rick Klumph","fhdOEnt":"ODFW","fhdSpNm":"Chum salmon","fhdRun":"NA","fhdLifeHst":"Anadromous","fhdUseTy":"Spawning","fhdBasis":"ConcurProfOpinion","fhdStNm":"Farmer Creek","fhdGenus":"Oncorhynchus","fhdSp":"keta","fhdSubSp":null,"fhdOrig":"NativeLocal","fhdProd":"Natural","fhdComment":null,"fhdESH":"yes","fhdBasisD":null,"fhdNMF":"yes","fhdBasisDt":null,"fhdBasisNm":null,"fhdBasisEnt":null,"fhdBasisPrj":null,"fhdBasisMethod":null,"Shape__Length":1627.447587508921,"fhdAccess":"Unassisted","fhdBarrierFtrID":null,"fhdEndExtent":"Unknown","habitatType":"stream"},"id":100},
{"type":"Feature","geometry":{"type":"LineString","coordinates":[[-123.84467,45.419394],[-123.849964,45.417332],[-123.85286,45.41788],[-123.854443,45.41703]]},"properties":{"OBJECTID":101,"fhdFtrID":102,"fhdRefID":51506,"fhdRevDt":"19990720","fhdONm":"Keith Braun - Rick Klumph","fhdOEnt":"ODFW","fhdSpNm":"Chum salmon","fhdRun":"NA","fhdLifeHst":"Anadromous","fhdUseTy":"Spawning","fhdBasis":"ConcurProfOpinion","fhdStNm":"Beaver Creek","fhdGenus":"Oncorhynchus","fhdSp":"keta","fhdSubSp":null,"fhdOrig":"NativeLocal","fhdProd":"Natural","fhdComment":null,"fhdESH":"yes","fhdBasisD":null,"fhdNMF":"yes","fhdBasisDt":null,"fhdBasisNm":null,"fhdBasisEnt":null,"fhdBasisPrj":null,"fhdBasisMethod":null,"Shape__Length":1647.9884364849133,"fhdAccess":"Unassisted","fhdBarrierFtrID":null,"fhdEndExtent":"Unknown","habitatType":"stream"},"id":101},
{"type":"Feature","geometry":{"type":"LineString","coordinates":[[-123.841633,45.415193],[-123.841299,45.413821],[-123.843198,45.411232],[-123.849359,45.40769],[-123.853806,45.406545]]},"properties":{"OBJECTID":102,"fhdFtrID":103,"fhdRefID":51506,"fhdRevDt":"19990720","fhdONm":"Keith Braun - Rick Klumph","fhdOEnt":"ODFW","fhdSpNm":"Chum salmon","fhdRun":"NA","fhdLifeHst":"Anadromous","fhdUseTy":"Spawning","fhdBasis":"ConcurProfOpinion","fhdStNm":"Sutton Creek","fhdGenus":"Oncorhynchus","fhdSp":"keta","fhdSubSp":null,"fhdOrig":"NativeLocal","fhdProd":"Natural","fhdComment":null,"fhdESH":"yes","fhdBasisD":null,"fhdNMF":"yes","fhdBasisDt":null,"fhdBasisNm":null,"fhdBasisEnt":null,"fhdBasisPrj":null,"fhdBasisMethod":null,"Shape__Length":2555.7731727492796,"fhdAccess":"Unassisted","fhdBarrierFtrID":null,"fhdEndExtent":"Unknown","habitatType":"stream"},"id":102},
{"type":"Feature","geometry":{"type":"LineString","coordinates":[[-123.838067,45.519046],[-123.837957,45.517147],[-123.835803,45.51333],[-123.832285,45.512023],[-123.836986,45.508257],[-123.836631,45.506983]]},"properties":{"OBJECTID":103,"fhdFtrID":104,"fhdRefID":53013,"fhdRevDt":"20160324","fhdONm":"Matt Weeber","fhdOEnt":"ODFW","fhdSpNm":"Chum salmon","fhdRun":"NA","fhdLifeHst":"Anadromous","fhdUseTy":"Spawning","fhdBasis":"DownstreamDocObsFish","fhdStNm":"Murphy Creek","fhdGenus":"Oncorhynchus","fhdSp":"keta","fhdSubSp":null,"fhdOrig":"NativeLocal","fhdProd":"Natural","fhdComment":null,"fhdESH":"yes","fhdBasisD":null,"fhdNMF":"yes","fhdBasisDt":null,"fhdBasisNm":null,"fhdBasisEnt":null,"fhdBasisPrj":null,"fhdBasisMethod":null,"Shape__Length":2761.6381809465233,"fhdAccess":"Unassisted","fhdBarrierFtrID":null,"fhdEndExtent":"NA","habitatType":"stream"},"id":103},
{"type":"Feature","geometry":{"type":"LineString","coordinates":[[-123.808452,45.499559],[-123.810808,45.500232],[-123.818065,45.49936],[-123.820854,45.498392],[-123.823788,45.500531],[-123.824124,45.502103],[-123.82733,45.504704],[-123.830066,45.504626],[-123.83366,45.501164]]},"properties":{"OBJECTID":104,"fhdFtrID":105,"fhdRefID":53013,"fhdRevDt":"20160324","fhdONm":"Matt Weeber","fhdOEnt":"ODFW","fhdSpNm":"Chum salmon","fhdRun":"NA","fhdLifeHst":"Anadromous","fhdUseTy":"Spawning","fhdBasis":"DocObsFish","fhdStNm":"Coal Creek","fhdGenus":"Oncorhynchus","fhdSp":"keta","fhdSubSp":null,"fhdOrig":"NativeLocal","fhdProd":"Natural","fhdComment":null,"fhdESH":"yes","fhdBasisD":null,"fhdNMF":"yes","fhdBasisDt":null,"fhdBasisNm":null,"fhdBasisEnt":"ODFW","fhdBasisPrj":"OASIS","fhdBasisMethod":null,"Shape__Length":4195.863813298657,"fhdAccess":"Unassisted","fhdBarrierFtrID":null,"fhdEndExtent":"Unknown","habitatType":"stream"},"id":104},
{"type":"Feature","geometry":{"type":"LineString","coordinates":[[-123.829477,45.711636],[-123.834383,45.710173],[-123.837346,45.706443],[-123.83608,45.702244]]},"properties":{"OBJECTID":105,"fhdFtrID":106,"fhdRefID":51505,"fhdRevDt":"19990713","fhdONm":"Joe Sheahan - Walt Weber","fhdOEnt":"ODFW","fhdSpNm":"Chum salmon","fhdRun":"NA","fhdLifeHst":"Anadromous","fhdUseTy":"Spawning","fhdBasis":"UndocObsFish","fhdStNm":"Roy Creek","fhdGenus":"Oncorhynchus","fhdSp":"keta","fhdSubSp":null,"fhdOrig":"NativeLocal","fhdProd":"Natural","fhdComment":null,"fhdESH":"yes","fhdBasisD":null,"fhdNMF":"yes","fhdBasisDt":null,"fhdBasisNm":null,"fhdBasisEnt":null,"fhdBasisPrj":null,"fhdBasisMethod":null,"Shape__Length":2058.8408795254654,"fhdAccess":"Unassisted","fhdBarrierFtrID":null,"fhdEndExtent":"Unknown","habitatType":"stream"},"id":105},
{"type":"Feature","geometry":{"type":"LineString","coordinates":[[-123.92653,45.942244],[-123.926559,45.943707],[-123.924808,45.94423],[-123.927766,45.946505],[-123.927795,45.949347],[-123.929293,45.949776],[-123.930451,45.953633]]},"properties":{"OBJECTID":106,"fhdFtrID":107,"fhdRefID":51505,"fhdRevDt":"19990713","fhdONm":"Joe Sheahan - Walt Weber","fhdOEnt":"ODFW","fhdSpNm":"Chum salmon","fhdRun":"NA","fhdLifeHst":"Anadromous","fhdUseTy":"Spawning","fhdBasis":"UndocObsFish","fhdStNm":"Circle Creek","fhdGenus":"Oncorhynchus","fhdSp":"keta","fhdSubSp":null,"fhdOrig":"NativeLocal","fhdProd":"Natural","fhdComment":null,"fhdESH":"yes","fhdBasisD":null,"fhdNMF":"yes","fhdBasisDt":null,"fhdBasisNm":null,"fhdBasisEnt":null,"fhdBasisPrj":null,"fhdBasisMethod":null,"Shape__Length":2797.5154613669793,"fhdAccess":"Unassisted","fhdBarrierFtrID":null,"fhdEndExtent":"Unknown","habitatType":"stream"},"id":106},
{"type":"Feature","geometry":{"type":"LineString","coordinates":[[-123.843737,45.750325],[-123.843162,45.749343],[-123.838981,45.74874],[-123.834917,45.745642],[-123.830203,45.743669],[-123.825999,45.742439],[-123.823572,45.74034]]},"properties":{"OBJECTID":107,"fhdFtrID":108,"fhdRefID":51505,"fhdRevDt":"19990713","fhdONm":"Joe Sheahan - Walt Weber","fhdOEnt":"ODFW","fhdSpNm":"Chum salmon","fhdRun":"NA","fhdLifeHst":"Anadromous","fhdUseTy":"Spawning","fhdBasis":"UndocObsFish","fhdStNm":"Gravel Creek","fhdGenus":"Oncorhynchus","fhdSp":"keta","fhdSubSp":null,"fhdOrig":"NativeLocal","fhdProd":"Natural","fhdComment":null,"fhdESH":"yes","fhdBasisD":null,"fhdNMF":"yes","fhdBasisDt":null,"fhdBasisNm":null,"fhdBasisEnt":null,"fhdBasisPrj":null,"fhdBasisMethod":null,"Shape__Length":2924.2835399039973,"fhdAccess":"Unassisted","fhdBarrierFtrID":null,"fhdEndExtent":"Unknown","habitatType":"stream"},"id":107},
{"type":"Feature","geometry":{"type":"LineString","coordinates":[[-123.930451,45.953633],[-123.929562,45.955171],[-123.931718,45.956852],[-123.93209,45.959959],[-123.928115,45.959611]]},"properties":{"OBJECTID":108,"fhdFtrID":109,"fhdRefID":53013,"fhdRevDt":"20160324","fhdONm":"Matt Weeber","fhdOEnt":"ODFW","fhdSpNm":"Chum salmon","fhdRun":"NA","fhdLifeHst":"Anadromous","fhdUseTy":"Spawning","fhdBasis":"DocObsFish","fhdStNm":"Circle Creek","fhdGenus":"Oncorhynchus","fhdSp":"keta","fhdSubSp":null,"fhdOrig":"NativeLocal","fhdProd":"Natural","fhdComment":null,"fhdESH":"yes","fhdBasisD":null,"fhdNMF":"yes","fhdBasisDt":"20060000","fhdBasisNm":null,"fhdBasisEnt":"ODFW","fhdBasisPrj":"OASIS","fhdBasisMethod":null,"Shape__Length":2050.8889171527967,"fhdAccess":"Unassisted","fhdBarrierFtrID":null,"fhdEndExtent":"NA","habitatType":"stream"},"id":108},
{"type":"Feature","geometry":{"type":"LineString","coordinates":[[-123.862447,45.903923],[-123.864096,45.904684],[-123.866457,45.904527],[-123.868379,45.90209],[-123.870649,45.903261],[-123.873671,45.906511],[-123.88016,45.907424],[-123.88198,45.908412],[-123.88374,45.910671],[-123.883613,45.912086],[-123.883659,45.913794],[-123.886636,45.915209],[-123.891233,45.919023],[-123.894119,45.920017],[-123.894124,45.92162],[-123.892554,45.923163],[-123.894975,45.925132],[-123.894429,45.927674],[-123.900016,45.930191],[-123.903468,45.932465],[-123.907433,45.933599],[-123.910287,45.935177],[-123.911113,45.936621],[-123.914698,45.937534],[-123.917743,45.936809],[-123.91865,45.938782],[-123.917143,45.940719],[-123.915147,45.941734],[-123.915014,45.942367]]},"properties":{"OBJECTID":109,"fhdFtrID":110,"fhdRefID":51505,"fhdRevDt":"19990713","fhdONm":"Joe Sheahan - Walt Weber","fhdOEnt":"ODFW","fhdSpNm":"Chum salmon","fhdRun":"NA","fhdLifeHst":"Anadromous","fhdUseTy":"Spawning","fhdBasis":"UndocObsFish","fhdStNm":"Necanicum River","fhdGenus":"Oncorhynchus","fhdSp":"keta","fhdSubSp":null,"fhdOrig":"NativeLocal","fhdProd":"Natural","fhdComment":null,"fhdESH":"yes","fhdBasisD":null,"fhdNMF":"yes","fhdBasisDt":null,"fhdBasisNm":null,"fhdBasisEnt":null,"fhdBasisPrj":null,"fhdBasisMethod":null,"Shape__Length":11379.653399739584,"fhdAccess":"Unassisted","fhdBarrierFtrID":null,"fhdEndExtent":"NA","habitatType":"stream"},"id":109},
{"type":"Feature","geometry":{"type":"LineString","coordinates":[[-123.915014,45.942367],[-123.916646,45.944306],[-123.919456,45.946256],[-123.921806,45.946093],[-123.922578,45.947603],[-123.921841,45.948965],[-123.923161,45.949899],[-123.926192,45.950291],[-123.927487,45.952959],[-123.926615,45.95628],[-123.927778,45.957108],[-123.928115,45.959611],[-123.925268,45.959814],[-123.925621,45.962469],[-123.92458,45.964055],[-123.927093,45.964283],[-123.927597,45.965611],[-123.925543,45.966111],[-123.925333,45.968067],[-123.926671,45.971574],[-123.929339,45.970474],[-123.931117,45.971058],[-123.935357,45.975541],[-123.931845,45.977131],[-123.927572,45.97805],[-123.927115,45.98169],[-123.925806,45.984536],[-123.92473,45.985363],[-123.925773,45.989319],[-123.924383,45.991541],[-123.92426,45.994725],[-123.922651,45.999213],[-123.922056,46.002068],[-123.919372,46.00648],[-123.920376,46.008804],[-123.921847,46.009033],[-123.923824,46.008198],[-123.926251,46.009961],[-123.924817,46.011517],[-123.928984,46.011778]]},"properties":{"OBJECTID":110,"fhdFtrID":111,"fhdRefID":51505,"fhdRevDt":"19990713","fhdONm":"Joe Sheahan - Walt Weber","fhdOEnt":"ODFW","fhdSpNm":"Chum salmon","fhdRun":"NA","fhdLifeHst":"Anadromous","fhdUseTy":"Rearing","fhdBasis":"UndocObsFish","fhdStNm":"Necanicum River","fhdGenus":"Oncorhynchus","fhdSp":"keta","fhdSubSp":null,"fhdOrig":"NativeLocal","fhdProd":"Natural","fhdComment":null,"fhdESH":"yes","fhdBasisD":null,"fhdNMF":"yes","fhdBasisDt":null,"fhdBasisNm":null,"fhdBasisEnt":null,"fhdBasisPrj":null,"fhdBasisMethod":null,"Shape__Length":16832.304613457753,"fhdAccess":"Unassisted","fhdBarrierFtrID":null,"fhdEndExtent":"Unknown","habitatType":"stream"},"id":110},
{"type":"Feature","geometry":{"type":"LineString","coordinates":[[-123.899462,45.962455],[-123.902501,45.962912],[-123.909653,45.963121],[-123.920838,45.965359],[-123.921422,45.96664],[-123.925333,45.968067]]},"properties":{"OBJECTID":111,"fhdFtrID":112,"fhdRefID":51505,"fhdRevDt":"19990713","fhdONm":"Joe Sheahan - Walt Weber","fhdOEnt":"ODFW","fhdSpNm":"Chum salmon","fhdRun":"NA","fhdLifeHst":"Anadromous","fhdUseTy":"Spawning","fhdBasis":"UndocObsFish","fhdStNm":"Beerman Creek","fhdGenus":"Oncorhynchus","fhdSp":"keta","fhdSubSp":null,"fhdOrig":"NativeLocal","fhdProd":"Natural","fhdComment":null,"fhdESH":"yes","fhdBasisD":null,"fhdNMF":"yes","fhdBasisDt":null,"fhdBasisNm":null,"fhdBasisEnt":null,"fhdBasisPrj":null,"fhdBasisMethod":null,"Shape__Length":3744.2195410370914,"fhdAccess":"Unassisted","fhdBarrierFtrID":null,"fhdEndExtent":"Unknown","habitatType":"stream"},"id":111},
{"type":"Feature","geometry":{"type":"LineString","coordinates":[[-123.852637,45.786312],[-123.85148,45.784898],[-123.846528,45.783765]]},"properties":{"OBJECTID":112,"fhdFtrID":113,"fhdRefID":51505,"fhdRevDt":"19990713","fhdONm":"Joe Sheahan - Walt Weber","fhdOEnt":"ODFW","fhdSpNm":"Chum salmon","fhdRun":"NA","fhdLifeHst":"Anadromous","fhdUseTy":"Spawning","fhdBasis":"UndocObsFish","fhdStNm":"Henderson Creek","fhdGenus":"Oncorhynchus","fhdSp":"keta","fhdSubSp":null,"fhdOrig":"NativeLocal","fhdProd":"Natural","fhdComment":null,"fhdESH":"yes","fhdBasisD":null,"fhdNMF":"yes","fhdBasisDt":null,"fhdBasisNm":null,"fhdBasisEnt":null,"fhdBasisPrj":null,"fhdBasisMethod":null,"Shape__Length":891.4437368594229,"fhdAccess":"Unassisted","fhdBarrierFtrID":null,"fhdEndExtent":"Unknown","habitatType":"stream"},"id":112},
{"type":"Feature","geometry":{"type":"LineString","coordinates":[[-123.916212,46.014914],[-123.919686,46.014728],[-123.921918,46.01044],[-123.921847,46.009033]]},"properties":{"OBJECTID":113,"fhdFtrID":114,"fhdRefID":51505,"fhdRevDt":"20020220","fhdONm":"Joe Sheahan - Walt Weber","fhdOEnt":"ODFW","fhdSpNm":"Chum salmon","fhdRun":"NA","fhdLifeHst":"Anadromous","fhdUseTy":"Rearing","fhdBasis":"UndocObsFish","fhdStNm":"Neacoxie Creek","fhdGenus":"Oncorhynchus","fhdSp":"keta","fhdSubSp":null,"fhdOrig":"NativeLocal","fhdProd":"Natural","fhdComment":null,"fhdESH":"yes","fhdBasisD":null,"fhdNMF":"yes","fhdBasisDt":null,"fhdBasisNm":null,"fhdBasisEnt":null,"fhdBasisPrj":null,"fhdBasisMethod":null,"Shape__Length":1419.0867574083404,"fhdAccess":"Unassisted","fhdBarrierFtrID":null,"fhdEndExtent":"NA","habitatType":"stream"},"id":113},
{"type":"Feature","geometry":{"type":"LineString","coordinates":[[-123.910882,45.980474],[-123.913918,45.981616],[-123.919721,45.982611],[-123.919694,45.985234],[-123.917484,45.987299],[-123.917228,45.989583],[-123.914546,45.99043],[-123.914846,45.993922],[-123.913666,45.995331],[-123.914822,45.997691],[-123.914708,46.002026],[-123.914027,46.005776],[-123.912719,46.006386],[-123.911405,46.010112],[-123.911443,46.012929],[-123.91201,46.014009],[-123.916212,46.014914]]},"properties":{"OBJECTID":114,"fhdFtrID":115,"fhdRefID":51505,"fhdRevDt":"19990713","fhdONm":"Joe Sheahan - Walt Weber","fhdOEnt":"ODFW","fhdSpNm":"Chum salmon","fhdRun":"NA","fhdLifeHst":"Anadromous","fhdUseTy":"Rearing","fhdBasis":"UndocObsFish","fhdStNm":"Neawanna Creek","fhdGenus":"Oncorhynchus","fhdSp":"keta","fhdSubSp":null,"fhdOrig":"NativeLocal","fhdProd":"Natural","fhdComment":null,"fhdESH":"yes","fhdBasisD":null,"fhdNMF":"yes","fhdBasisDt":null,"fhdBasisNm":null,"fhdBasisEnt":null,"fhdBasisPrj":null,"fhdBasisMethod":null,"Shape__Length":7343.005091075613,"fhdAccess":"Unassisted","fhdBarrierFtrID":null,"fhdEndExtent":"Unknown","habitatType":"stream"},"id":114},
{"type":"Feature","geometry":{"type":"LineString","coordinates":[[-123.906263,46.013471],[-123.907888,46.010983],[-123.908506,46.012073],[-123.911443,46.012929]]},"properties":{"OBJECTID":115,"fhdFtrID":117,"fhdRefID":51505,"fhdRevDt":"19990713","fhdONm":"Joe Sheahan - Walt Weber","fhdOEnt":"ODFW","fhdSpNm":"Chum salmon","fhdRun":"NA","fhdLifeHst":"Anadromous","fhdUseTy":"Rearing","fhdBasis":"ConcurProfOpinion","fhdStNm":"Mill Creek","fhdGenus":"Oncorhynchus","fhdSp":"keta","fhdSubSp":null,"fhdOrig":"NativeLocal","fhdProd":"Natural","fhdComment":null,"fhdESH":"yes","fhdBasisD":null,"fhdNMF":"yes","fhdBasisDt":null,"fhdBasisNm":null,"fhdBasisEnt":null,"fhdBasisPrj":null,"fhdBasisMethod":null,"Shape__Length":1083.6288205677445,"fhdAccess":"Unassisted","fhdBarrierFtrID":null,"fhdEndExtent":"NA","habitatType":"stream"},"id":115},
{"type":"Feature","geometry":{"type":"LineString","coordinates":[[-123.894124,45.92162],[-123.889137,45.921984],[-123.888328,45.92245]]},"properties":{"OBJECTID":116,"fhdFtrID":118,"fhdRefID":51505,"fhdRevDt":"19990713","fhdONm":"Joe Sheahan - Walt Weber","fhdOEnt":"ODFW","fhdSpNm":"Chum salmon","fhdRun":"NA","fhdLifeHst":"Anadromous","fhdUseTy":"Spawning","fhdBasis":"UndocObsFish","fhdStNm":null,"fhdGenus":"Oncorhynchus","fhdSp":"keta","fhdSubSp":null,"fhdOrig":"NativeLocal","fhdProd":"Natural","fhdComment":null,"fhdESH":"yes","fhdBasisD":null,"fhdNMF":"yes","fhdBasisDt":null,"fhdBasisNm":null,"fhdBasisEnt":null,"fhdBasisPrj":null,"fhdBasisMethod":null,"Shape__Length":731.8804141485966,"fhdAccess":"Unassisted","fhdBarrierFtrID":null,"fhdEndExtent":"Unknown","habitatType":"stream"},"id":116},
{"type":"Feature","geometry":{"type":"LineString","coordinates":[[-123.877774,45.912235],[-123.87934,45.910899],[-123.883613,45.912086]]},"properties":{"OBJECTID":117,"fhdFtrID":119,"fhdRefID":51505,"fhdRevDt":"20020822","fhdONm":"Joe Sheahan - Walt Weber","fhdOEnt":"ODFW","fhdSpNm":"Chum salmon","fhdRun":"NA","fhdLifeHst":"Anadromous","fhdUseTy":"Spawning","fhdBasis":"UndocObsFish","fhdStNm":"Klootchie Creek","fhdGenus":"Oncorhynchus","fhdSp":"keta","fhdSubSp":null,"fhdOrig":"NativeLocal","fhdProd":"Natural","fhdComment":null,"fhdESH":"yes","fhdBasisD":null,"fhdNMF":"yes","fhdBasisDt":null,"fhdBasisNm":null,"fhdBasisEnt":null,"fhdBasisPrj":null,"fhdBasisMethod":null,"Shape__Length":863.1021248283384,"fhdAccess":"Unassisted","fhdBarrierFtrID":null,"fhdEndExtent":"NA","habitatType":"stream"},"id":117},
{"type":"Feature","geometry":{"type":"LineString","coordinates":[[-123.875688,45.508419],[-123.878855,45.507592],[-123.881966,45.505696]]},"properties":{"OBJECTID":118,"fhdFtrID":120,"fhdRefID":51506,"fhdRevDt":"20020415","fhdONm":"Keith Braun","fhdOEnt":"ODFW","fhdSpNm":"Chum salmon","fhdRun":"NA","fhdLifeHst":"Anadromous","fhdUseTy":"Rearing","fhdBasis":"ConcurProfOpinion","fhdStNm":"Doty Creek","fhdGenus":"Oncorhynchus","fhdSp":"keta","fhdSubSp":null,"fhdOrig":"NativeLocal","fhdProd":"Natural","fhdComment":null,"fhdESH":"yes","fhdBasisD":null,"fhdNMF":"yes","fhdBasisDt":null,"fhdBasisNm":null,"fhdBasisEnt":null,"fhdBasisPrj":null,"fhdBasisMethod":null,"Shape__Length":1073.916059060199,"fhdAccess":"Unassisted","fhdBarrierFtrID":null,"fhdEndExtent":"NA","habitatType":"stream"},"id":118},
{"type":"Feature","geometry":{"type":"LineString","coordinates":[[-124.06016,44.415259],[-124.059083,44.418402],[-124.057684,44.419722],[-124.057181,44.422157],[-124.057877,44.424676],[-124.055863,44.427489],[-124.055942,44.428845],[-124.058098,44.430894],[-124.055411,44.432636],[-124.055881,44.43428]]},"properties":{"OBJECTID":119,"fhdFtrID":121,"fhdRefID":51507,"fhdRevDt":"20210503","fhdONm":"Bob Buckman-John Spangler","fhdOEnt":"ODFW","fhdSpNm":"Chum salmon","fhdRun":"NA","fhdLifeHst":"Anadromous","fhdUseTy":"Rearing","fhdBasis":"ConcurProfOpinion","fhdStNm":"Lint Slough","fhdGenus":"Oncorhynchus","fhdSp":"keta","fhdSubSp":null,"fhdOrig":"NativeLocal","fhdProd":"Natural","fhdComment":"habitat use updated May 2021 per ODFW district fish biologist input","fhdESH":"yes","fhdBasisD":null,"fhdNMF":"yes","fhdBasisDt":null,"fhdBasisNm":null,"fhdBasisEnt":null,"fhdBasisPrj":null,"fhdBasisMethod":null,"Shape__Length":3391.240222043975,"fhdAccess":"Unassisted","fhdBarrierFtrID":null,"fhdEndExtent":"Unknown","habitatType":"stream"},"id":119},
{"type":"Feature","geometry":{"type":"LineString","coordinates":[[-123.856623,45.50704],[-123.858877,45.506018],[-123.863551,45.505687],[-123.863952,45.504149]]},"properties":{"OBJECTID":120,"fhdFtrID":122,"fhdRefID":51506,"fhdRevDt":"20020415","fhdONm":"Keith Braun - Rick Klumph","fhdOEnt":"ODFW","fhdSpNm":"Chum salmon","fhdRun":"NA","fhdLifeHst":"Anadromous","fhdUseTy":"Spawning","fhdBasis":"ConcurProfOpinion","fhdStNm":"Vaughn Creek","fhdGenus":"Oncorhynchus","fhdSp":"keta","fhdSubSp":null,"fhdOrig":"NativeLocal","fhdProd":"Natural","fhdComment":null,"fhdESH":"yes","fhdBasisD":null,"fhdNMF":"yes","fhdBasisDt":null,"fhdBasisNm":null,"fhdBasisEnt":null,"fhdBasisPrj":null,"fhdBasisMethod":null,"Shape__Length":1236.2918907279252,"fhdAccess":"Unassisted","fhdBarrierFtrID":null,"fhdEndExtent":"Unknown","habitatType":"stream"},"id":120},
{"type":"Feature","geometry":{"type":"LineString","coordinates":[[-123.980688,45.106852],[-123.972915,45.110311],[-123.969525,45.112761]]},"properties":{"OBJECTID":121,"fhdFtrID":124,"fhdRefID":51506,"fhdRevDt":"20020415","fhdONm":"Keith Braun - Rick Klumph","fhdOEnt":"ODFW","fhdSpNm":"Chum salmon","fhdRun":"NA","fhdLifeHst":"Anadromous","fhdUseTy":"Spawning","fhdBasis":"ConcurProfOpinion","fhdStNm":"Butte Creek","fhdGenus":"Oncorhynchus","fhdSp":"keta","fhdSubSp":null,"fhdOrig":"NativeLocal","fhdProd":"Natural","fhdComment":null,"fhdESH":"yes","fhdBasisD":null,"fhdNMF":"yes","fhdBasisDt":null,"fhdBasisNm":null,"fhdBasisEnt":null,"fhdBasisPrj":null,"fhdBasisMethod":null,"Shape__Length":1676.5484932556494,"fhdAccess":"Unassisted","fhdBarrierFtrID":null,"fhdEndExtent":"Unknown","habitatType":"stream"},"id":121},
{"type":"Feature","geometry":{"type":"LineString","coordinates":[[-123.982067,45.105788],[-123.980136,45.105346],[-123.976086,45.102751],[-123.971,45.101529]]},"properties":{"OBJECTID":122,"fhdFtrID":125,"fhdRefID":51506,"fhdRevDt":"20020415","fhdONm":"Keith Braun - Rick Klumph","fhdOEnt":"ODFW","fhdSpNm":"Chum salmon","fhdRun":"NA","fhdLifeHst":"Anadromous","fhdUseTy":"Spawning","fhdBasis":"ConcurProfOpinion","fhdStNm":"Hawk Creek","fhdGenus":"Oncorhynchus","fhdSp":"keta","fhdSubSp":null,"fhdOrig":"NativeLocal","fhdProd":"Natural","fhdComment":null,"fhdESH":"yes","fhdBasisD":null,"fhdNMF":"yes","fhdBasisDt":null,"fhdBasisNm":null,"fhdBasisEnt":null,"fhdBasisPrj":null,"fhdBasisMethod":null,"Shape__Length":1536.0989902687231,"fhdAccess":"Unassisted","fhdBarrierFtrID":null,"fhdEndExtent":"Unknown","habitatType":"stream"},"id":122},
{"type":"Feature","geometry":{"type":"LineString","coordinates":[[-123.970372,45.159361],[-123.967667,45.160456],[-123.966977,45.162039],[-123.96455,45.164097],[-123.963265,45.166155],[-123.959387,45.170248],[-123.956163,45.175376],[-123.956049,45.177847],[-123.955013,45.181253],[-123.953057,45.182524],[-123.951629,45.180553],[-123.948545,45.180125],[-123.947346,45.178797],[-123.947346,45.175999],[-123.945105,45.17183],[-123.944776,45.167647],[-123.942649,45.165149]]},"properties":{"OBJECTID":123,"fhdFtrID":126,"fhdRefID":53013,"fhdRevDt":"20160324","fhdONm":"Matt Weeber","fhdOEnt":"ODFW","fhdSpNm":"Chum salmon","fhdRun":"NA","fhdLifeHst":"Anadromous","fhdUseTy":"Migration","fhdBasis":"DownstreamDocObsFish","fhdStNm":"Nestucca Bay","fhdGenus":"Oncorhynchus","fhdSp":"keta","fhdSubSp":null,"fhdOrig":"NativeLocal","fhdProd":"Natural","fhdComment":null,"fhdESH":"no","fhdBasisD":null,"fhdNMF":"yes","fhdBasisDt":null,"fhdBasisNm":null,"fhdBasisEnt":null,"fhdBasisPrj":null,"fhdBasisMethod":null,"Shape__Length":7617.870659527483,"fhdAccess":"Unassisted","fhdBarrierFtrID":null,"fhdEndExtent":"Unknown","habitatType":"stream"},"id":123},
{"type":"Feature","geometry":{"type":"LineString","coordinates":[[-123.971803,45.359128],[-123.969463,45.35752],[-123.96605,45.358224],[-123.962121,45.356805]]},"properties":{"OBJECTID":124,"fhdFtrID":127,"fhdRefID":51506,"fhdRevDt":"20020415","fhdONm":"Keith Braun - Rick Klumph","fhdOEnt":"ODFW","fhdSpNm":"Chum salmon","fhdRun":"NA","fhdLifeHst":"Anadromous","fhdUseTy":"Spawning","fhdBasis":"ConcurProfOpinion","fhdStNm":"Jackson Creek","fhdGenus":"Oncorhynchus","fhdSp":"keta","fhdSubSp":null,"fhdOrig":"NativeLocal","fhdProd":"Natural","fhdComment":null,"fhdESH":"yes","fhdBasisD":null,"fhdNMF":"yes","fhdBasisDt":null,"fhdBasisNm":null,"fhdBasisEnt":null,"fhdBasisPrj":null,"fhdBasisMethod":null,"Shape__Length":1344.1833507164658,"fhdAccess":"Unassisted","fhdBarrierFtrID":null,"fhdEndExtent":"Unknown","habitatType":"stream"},"id":124},
{"type":"Feature","geometry":{"type":"LineString","coordinates":[[-123.958303,45.376855],[-123.958654,45.375121],[-123.953974,45.374818],[-123.952468,45.372355],[-123.952335,45.370618],[-123.948742,45.37078],[-123.947297,45.370307]]},"properties":{"OBJECTID":125,"fhdFtrID":128,"fhdRefID":51506,"fhdRevDt":"19990720","fhdONm":"Keith Braun - Rick Klumph","fhdOEnt":"ODFW","fhdSpNm":"Chum salmon","fhdRun":"NA","fhdLifeHst":"Anadromous","fhdUseTy":"Spawning","fhdBasis":"ConcurProfOpinion","fhdStNm":"Austin Creek","fhdGenus":"Oncorhynchus","fhdSp":"keta","fhdSubSp":null,"fhdOrig":"NativeLocal","fhdProd":"Natural","fhdComment":null,"fhdESH":"yes","fhdBasisD":null,"fhdNMF":"yes","fhdBasisDt":null,"fhdBasisNm":null,"fhdBasisEnt":null,"fhdBasisPrj":null,"fhdBasisMethod":null,"Shape__Length":2237.2402860276325,"fhdAccess":"Unassisted","fhdBarrierFtrID":null,"fhdEndExtent":"Unknown","habitatType":"stream"},"id":125},
{"type":"Feature","geometry":{"type":"LineString","coordinates":[[-123.959664,45.379378],[-123.958303,45.376855]]},"properties":{"OBJECTID":126,"fhdFtrID":129,"fhdRefID":51506,"fhdRevDt":"19990720","fhdONm":"Keith Braun - Rick Klumph","fhdOEnt":"ODFW","fhdSpNm":"Chum salmon","fhdRun":"NA","fhdLifeHst":"Anadromous","fhdUseTy":"Rearing","fhdBasis":"ConcurProfOpinion","fhdStNm":"Austin Creek","fhdGenus":"Oncorhynchus","fhdSp":"keta","fhdSubSp":null,"fhdOrig":"NativeLocal","fhdProd":"Natural","fhdComment":null,"fhdESH":"yes","fhdBasisD":null,"fhdNMF":"yes","fhdBasisDt":null,"fhdBasisNm":null,"fhdBasisEnt":null,"fhdBasisPrj":null,"fhdBasisMethod":null,"Shape__Length":465.99873659624484,"fhdAccess":"Unassisted","fhdBarrierFtrID":null,"fhdEndExtent":"NA","habitatType":"stream"},"id":126},
{"type":"Feature","geometry":{"type":"LineString","coordinates":[[-123.820714,45.756839],[-123.822575,45.758346],[-123.82419,45.758429],[-123.832361,45.760544],[-123.836482,45.760095]]},"properties":{"OBJECTID":127,"fhdFtrID":130,"fhdRefID":51505,"fhdRevDt":"20221117","fhdONm":"Joe Sheahan - Walt Weber","fhdOEnt":"ODFW","fhdSpNm":"Chum salmon","fhdRun":"NA","fhdLifeHst":"Anadromous","fhdUseTy":"Spawning","fhdBasis":"UndocObsFish","fhdStNm":"Big Rackheap Creek","fhdGenus":"Oncorhynchus","fhdSp":"keta","fhdSubSp":null,"fhdOrig":"NativeLocal","fhdProd":"Natural","fhdComment":"Habitat ends at impassable waterfall","fhdESH":"yes","fhdBasisD":null,"fhdNMF":"yes","fhdBasisDt":null,"fhdBasisNm":null,"fhdBasisEnt":null,"fhdBasisPrj":null,"fhdBasisMethod":null,"Shape__Length":2222.6641876707463,"fhdAccess":"Unassisted","fhdBarrierFtrID":7672,"fhdEndExtent":"NaturalOther","habitatType":"stream"},"id":127},
{"type":"Feature","geometry":{"type":"LineString","coordinates":[[-123.949806,45.268872],[-123.94994,45.269853]]},"properties":{"OBJECTID":128,"fhdFtrID":131,"fhdRefID":51506,"fhdRevDt":"19990720","fhdONm":"Keith Braun - Rick Klumph","fhdOEnt":"ODFW","fhdSpNm":"Chum salmon","fhdRun":"NA","fhdLifeHst":"Anadromous","fhdUseTy":"Spawning","fhdBasis":"ConcurProfOpinion","fhdStNm":"Reneke Creek","fhdGenus":"Oncorhynchus","fhdSp":"keta","fhdSubSp":null,"fhdOrig":"NativeLocal","fhdProd":"Natural","fhdComment":null,"fhdESH":"yes","fhdBasisD":null,"fhdNMF":"yes","fhdBasisDt":null,"fhdBasisNm":null,"fhdBasisEnt":null,"fhdBasisPrj":null,"fhdBasisMethod":null,"Shape__Length":156.2497365066493,"fhdAccess":"Unassisted","fhdBarrierFtrID":null,"fhdEndExtent":"NA","habitatType":"stream"},"id":128},
{"type":"Feature","geometry":{"type":"LineString","coordinates":[[-123.949806,45.268872],[-123.954377,45.265741],[-123.956305,45.2636],[-123.952916,45.261569]]},"properties":{"OBJECTID":129,"fhdFtrID":132,"fhdRefID":51506,"fhdRevDt":"19990720","fhdONm":"Keith Braun - Rick Klumph","fhdOEnt":"ODFW","fhdSpNm":"Chum salmon","fhdRun":"NA","fhdLifeHst":"Anadromous","fhdUseTy":"Spawning","fhdBasis":"ConcurProfOpinion","fhdStNm":"Reneke Creek","fhdGenus":"Oncorhynchus","fhdSp":"keta","fhdSubSp":null,"fhdOrig":"NativeLocal","fhdProd":"Natural","fhdComment":null,"fhdESH":"yes","fhdBasisD":null,"fhdNMF":"yes","fhdBasisDt":null,"fhdBasisNm":null,"fhdBasisEnt":null,"fhdBasisPrj":null,"fhdBasisMethod":null,"Shape__Length":2018.4762955921485,"fhdAccess":"Unassisted","fhdBarrierFtrID":null,"fhdEndExtent":"Unknown","habitatType":"stream"},"id":129},
{"type":"Feature","geometry":{"type":"LineString","coordinates":[[-123.920076,45.310118],[-123.920658,45.310916],[-123.916707,45.313666],[-123.914645,45.314537],[-123.9164,45.31658],[-123.914912,45.321833],[-123.916538,45.324488],[-123.915271,45.325755],[-123.91502,45.327726]]},"properties":{"OBJECTID":130,"fhdFtrID":133,"fhdRefID":51506,"fhdRevDt":"20020415","fhdONm":"Keith Braun - Rick Klumph","fhdOEnt":"ODFW","fhdSpNm":"Chum salmon","fhdRun":"NA","fhdLifeHst":"Anadromous","fhdUseTy":"Spawning","fhdBasis":"ConcurProfOpinion","fhdStNm":"Sand Creek","fhdGenus":"Oncorhynchus","fhdSp":"keta","fhdSubSp":null,"fhdOrig":"NativeLocal","fhdProd":"Natural","fhdComment":null,"fhdESH":"yes","fhdBasisD":null,"fhdNMF":"yes","fhdBasisDt":null,"fhdBasisNm":null,"fhdBasisEnt":null,"fhdBasisPrj":null,"fhdBasisMethod":null,"Shape__Length":4006.6028276201814,"fhdAccess":"Unassisted","fhdBarrierFtrID":null,"fhdEndExtent":"Unknown","habitatType":"stream"},"id":130},
{"type":"Feature","geometry":{"type":"LineString","coordinates":[[-123.844485,45.79734],[-123.842795,45.796232],[-123.84128,45.791841],[-123.842643,45.788785],[-123.840603,45.784065],[-123.837887,45.782699]]},"properties":{"OBJECTID":131,"fhdFtrID":134,"fhdRefID":51505,"fhdRevDt":"19990713","fhdONm":"Joe Sheahan - Walt Weber","fhdOEnt":"ODFW","fhdSpNm":"Chum salmon","fhdRun":"NA","fhdLifeHst":"Anadromous","fhdUseTy":"Spawning","fhdBasis":"UndocObsFish","fhdStNm":"Boykin Creek","fhdGenus":"Oncorhynchus","fhdSp":"keta","fhdSubSp":null,"fhdOrig":"NativeLocal","fhdProd":"Natural","fhdComment":null,"fhdESH":"yes","fhdBasisD":null,"fhdNMF":"yes","fhdBasisDt":null,"fhdBasisNm":null,"fhdBasisEnt":null,"fhdBasisPrj":null,"fhdBasisMethod":null,"Shape__Length":2725.287293870405,"fhdAccess":"Unassisted","fhdBarrierFtrID":null,"fhdEndExtent":"Unknown","habitatType":"stream"},"id":131},
{"type":"Feature","geometry":{"type":"LineString","coordinates":[[-123.934095,45.297182],[-123.934063,45.296798],[-123.935551,45.295586],[-123.9346,45.29425],[-123.934716,45.291883],[-123.934382,45.289864],[-123.93587,45.287662],[-123.936066,45.285381],[-123.937188,45.284838],[-123.93826,45.282901],[-123.942198,45.281183],[-123.94415,45.279193],[-123.945189,45.274981]]},"properties":{"OBJECTID":132,"fhdFtrID":135,"fhdRefID":53013,"fhdRevDt":"20160324","fhdONm":"Matt Weeber","fhdOEnt":"ODFW","fhdSpNm":"Chum salmon","fhdRun":"NA","fhdLifeHst":"Anadromous","fhdUseTy":"Migration","fhdBasis":"DownstreamDocObsFish","fhdStNm":"Sand Creek","fhdGenus":"Oncorhynchus","fhdSp":"keta","fhdSubSp":null,"fhdOrig":"NativeLocal","fhdProd":"Natural","fhdComment":null,"fhdESH":"no","fhdBasisD":null,"fhdNMF":"yes","fhdBasisDt":null,"fhdBasisNm":null,"fhdBasisEnt":null,"fhdBasisPrj":null,"fhdBasisMethod":null,"Shape__Length":4294.002036696951,"fhdAccess":"Unassisted","fhdBarrierFtrID":null,"fhdEndExtent":"NA","habitatType":"stream"},"id":132},
{"type":"Feature","geometry":{"type":"LineString","coordinates":[[-123.815348,45.670494],[-123.815876,45.674311],[-123.816802,45.675803],[-123.822885,45.677677],[-123.827217,45.679635],[-123.830836,45.680405],[-123.83271,45.679541],[-123.838924,45.679734],[-123.841122,45.680861]]},"properties":{"OBJECTID":133,"fhdFtrID":136,"fhdRefID":53013,"fhdRevDt":"20160324","fhdONm":"Matt Weeber","fhdOEnt":"ODFW","fhdSpNm":"Chum salmon","fhdRun":"NA","fhdLifeHst":"Anadromous","fhdUseTy":"Spawning","fhdBasis":"DocObsFish","fhdStNm":"East Foley Creek","fhdGenus":"Oncorhynchus","fhdSp":"keta","fhdSubSp":null,"fhdOrig":"NativeLocal","fhdProd":"Natural","fhdComment":null,"fhdESH":"yes","fhdBasisD":"19950000","fhdNMF":"yes","fhdBasisDt":null,"fhdBasisNm":null,"fhdBasisEnt":"ODFW","fhdBasisPrj":"OASIS","fhdBasisMethod":null,"Shape__Length":4118.190485270274,"fhdAccess":"Unassisted","fhdBarrierFtrID":null,"fhdEndExtent":"Unknown","habitatType":"stream"},"id":133},
{"type":"Feature","geometry":{"type":"LineString","coordinates":[[-123.847264,45.655392],[-123.844957,45.657664],[-123.843176,45.658235],[-123.840702,45.661251],[-123.840329,45.663486],[-123.838901,45.664068],[-123.838932,45.667024],[-123.840184,45.669274]]},"properties":{"OBJECTID":134,"fhdFtrID":137,"fhdRefID":51505,"fhdRevDt":"19990713","fhdONm":"Joe Sheahan - Walt Weber","fhdOEnt":"ODFW","fhdSpNm":"Chum salmon","fhdRun":"NA","fhdLifeHst":"Anadromous","fhdUseTy":"Spawning","fhdBasis":"UndocObsFish","fhdStNm":"Foley Creek","fhdGenus":"Oncorhynchus","fhdSp":"keta","fhdSubSp":null,"fhdOrig":"NativeLocal","fhdProd":"Natural","fhdComment":null,"fhdESH":"yes","fhdBasisD":null,"fhdNMF":"yes","fhdBasisDt":null,"fhdBasisNm":null,"fhdBasisEnt":null,"fhdBasisPrj":null,"fhdBasisMethod":null,"Shape__Length":2902.497364028951,"fhdAccess":"Unassisted","fhdBarrierFtrID":null,"fhdEndExtent":"NA","habitatType":"stream"},"id":134},
{"type":"Feature","geometry":{"type":"LineString","coordinates":[[-123.882447,45.221187],[-123.882154,45.219601],[-123.880128,45.21875],[-123.880013,45.21706],[-123.884315,45.215921],[-123.883681,45.213314],[-123.885033,45.211828],[-123.884406,45.209512],[-123.887521,45.207483],[-123.890052,45.20699]]},"properties":{"OBJECTID":135,"fhdFtrID":138,"fhdRefID":53013,"fhdRevDt":"20160324","fhdONm":"Matt Weeber","fhdOEnt":"ODFW","fhdSpNm":"Chum salmon","fhdRun":"NA","fhdLifeHst":"Anadromous","fhdUseTy":"Migration","fhdBasis":"DownstreamDocObsFish","fhdStNm":"Nestucca River","fhdGenus":"Oncorhynchus","fhdSp":"keta","fhdSubSp":null,"fhdOrig":"NativeLocal","fhdProd":"Natural","fhdComment":null,"fhdESH":"no","fhdBasisD":null,"fhdNMF":"yes","fhdBasisDt":null,"fhdBasisNm":null,"fhdBasisEnt":null,"fhdBasisPrj":null,"fhdBasisMethod":null,"Shape__Length":3267.150955344753,"fhdAccess":"Unassisted","fhdBarrierFtrID":null,"fhdEndExtent":"NA","habitatType":"stream"},"id":135},
{"type":"Feature","geometry":{"type":"LineString","coordinates":[[-123.928395,45.216184],[-123.930071,45.215103],[-123.930631,45.212069],[-123.934861,45.209161],[-123.937035,45.205891],[-123.940574,45.205336],[-123.945348,45.205961],[-123.945433,45.207141],[-123.948305,45.206927]]},"properties":{"OBJECTID":136,"fhdFtrID":139,"fhdRefID":53013,"fhdRevDt":"20160324","fhdONm":"Matt Weeber","fhdOEnt":"ODFW","fhdSpNm":"Chum salmon","fhdRun":"NA","fhdLifeHst":"Anadromous","fhdUseTy":"Spawning","fhdBasis":"DownstreamDocObsFish","fhdStNm":"Horn Creek","fhdGenus":"Oncorhynchus","fhdSp":"keta","fhdSubSp":null,"fhdOrig":"NativeLocal","fhdProd":"Natural","fhdComment":null,"fhdESH":"yes","fhdBasisD":null,"fhdNMF":"yes","fhdBasisDt":null,"fhdBasisNm":null,"fhdBasisEnt":null,"fhdBasisPrj":null,"fhdBasisMethod":null,"Shape__Length":4564.428294081247,"fhdAccess":"Unassisted","fhdBarrierFtrID":null,"fhdEndExtent":"NA","habitatType":"stream"},"id":136},
{"type":"Feature","geometry":{"type":"LineString","coordinates":[[-123.936037,45.394672],[-123.933369,45.393378],[-123.933743,45.391556],[-123.930714,45.390433],[-123.928969,45.391195],[-123.923175,45.390846],[-123.923122,45.387489],[-123.920717,45.38425]]},"properties":{"OBJECTID":137,"fhdFtrID":140,"fhdRefID":53013,"fhdRevDt":"20160324","fhdONm":"Matt Weeber","fhdOEnt":"ODFW","fhdSpNm":"Chum salmon","fhdRun":"NA","fhdLifeHst":"Anadromous","fhdUseTy":"Spawning","fhdBasis":"DocObsFish","fhdStNm":"Whiskey Creek","fhdGenus":"Oncorhynchus","fhdSp":"keta","fhdSubSp":null,"fhdOrig":"NativeLocal","fhdProd":"Natural","fhdComment":null,"fhdESH":"yes","fhdBasisD":null,"fhdNMF":"yes","fhdBasisDt":"20120000","fhdBasisNm":null,"fhdBasisEnt":"ODFW","fhdBasisPrj":"OASIS","fhdBasisMethod":null,"Shape__Length":3149.556387105691,"fhdAccess":"Unassisted","fhdBarrierFtrID":null,"fhdEndExtent":"Unknown","habitatType":"stream"},"id":137},
{"type":"Feature","geometry":{"type":"LineString","coordinates":[[-123.947219,45.398128],[-123.945839,45.396722],[-123.942593,45.396634],[-123.940797,45.395162],[-123.936037,45.394672]]},"properties":{"OBJECTID":138,"fhdFtrID":141,"fhdRefID":53013,"fhdRevDt":"20160324","fhdONm":"Matt Weeber","fhdOEnt":"ODFW","fhdSpNm":"Chum salmon","fhdRun":"NA","fhdLifeHst":"Anadromous","fhdUseTy":"Migration","fhdBasis":"DownstreamDocObsFish","fhdStNm":"Whiskey Creek","fhdGenus":"Oncorhynchus","fhdSp":"keta","fhdSubSp":null,"fhdOrig":"NativeLocal","fhdProd":"Natural","fhdComment":null,"fhdESH":"no","fhdBasisD":null,"fhdNMF":"yes","fhdBasisDt":null,"fhdBasisNm":null,"fhdBasisEnt":null,"fhdBasisPrj":null,"fhdBasisMethod":null,"Shape__Length":1515.7493122859462,"fhdAccess":"Unassisted","fhdBarrierFtrID":null,"fhdEndExtent":"NA","habitatType":"stream"},"id":138},
{"type":"Feature","geometry":{"type":"LineString","coordinates":[[-123.85502,45.685114],[-123.853145,45.687549],[-123.845447,45.690177]]},"properties":{"OBJECTID":139,"fhdFtrID":142,"fhdRefID":51505,"fhdRevDt":"19990713","fhdONm":"Joe Sheahan - Walt Weber","fhdOEnt":"ODFW","fhdSpNm":"Chum salmon","fhdRun":"NA","fhdLifeHst":"Anadromous","fhdUseTy":"Spawning","fhdBasis":"UndocObsFish","fhdStNm":null,"fhdGenus":"Oncorhynchus","fhdSp":"keta","fhdSubSp":null,"fhdOrig":"NativeLocal","fhdProd":"Natural","fhdComment":null,"fhdESH":"yes","fhdBasisD":null,"fhdNMF":"yes","fhdBasisDt":null,"fhdBasisNm":null,"fhdBasisEnt":null,"fhdBasisPrj":null,"fhdBasisMethod":null,"Shape__Length":1470.9910430786242,"fhdAccess":"Unassisted","fhdBarrierFtrID":null,"fhdEndExtent":"Unknown","habitatType":"stream"},"id":139},
{"type":"Feature","geometry":{"type":"LineString","coordinates":[[-123.918838,45.152673],[-123.916766,45.151743],[-123.914998,45.152719],[-123.91196,45.151954],[-123.911008,45.150199],[-123.909193,45.150186]]},"properties":{"OBJECTID":140,"fhdFtrID":143,"fhdRefID":53013,"fhdRevDt":"20160324","fhdONm":"Matt Weeber","fhdOEnt":"ODFW","fhdSpNm":"Chum salmon","fhdRun":"NA","fhdLifeHst":"Anadromous","fhdUseTy":"Migration","fhdBasis":"DownstreamDocObsFish","fhdStNm":"Little Nestucca River","fhdGenus":"Oncorhynchus","fhdSp":"keta","fhdSubSp":null,"fhdOrig":"NativeLocal","fhdProd":"Natural","fhdComment":null,"fhdESH":"no","fhdBasisD":null,"fhdNMF":"yes","fhdBasisDt":null,"fhdBasisNm":null,"fhdBasisEnt":null,"fhdBasisPrj":null,"fhdBasisMethod":null,"Shape__Length":2016.3642104586872,"fhdAccess":"Unassisted","fhdBarrierFtrID":null,"fhdEndExtent":"NA","habitatType":"stream"},"id":140},
{"type":"Feature","geometry":{"type":"LineString","coordinates":[[-123.821183,45.765958],[-123.824178,45.764082],[-123.830947,45.762746],[-123.832731,45.761567],[-123.834559,45.761734],[-123.836482,45.760095]]},"properties":{"OBJECTID":141,"fhdFtrID":144,"fhdRefID":51505,"fhdRevDt":"19990713","fhdONm":"Joe Sheahan - Walt Weber","fhdOEnt":"ODFW","fhdSpNm":"Chum salmon","fhdRun":"NA","fhdLifeHst":"Anadromous","fhdUseTy":"Spawning","fhdBasis":"UndocObsFish","fhdStNm":"Little Rackheap Creek","fhdGenus":"Oncorhynchus","fhdSp":"keta","fhdSubSp":null,"fhdOrig":"NativeLocal","fhdProd":"Natural","fhdComment":null,"fhdESH":"yes","fhdBasisD":null,"fhdNMF":"yes","fhdBasisDt":null,"fhdBasisNm":null,"fhdBasisEnt":null,"fhdBasisPrj":null,"fhdBasisMethod":null,"Shape__Length":2158.0210777419607,"fhdAccess":"Unassisted","fhdBarrierFtrID":null,"fhdEndExtent":"Unknown","habitatType":"stream"},"id":141},
{"type":"Feature","geometry":{"type":"LineString","coordinates":[[-123.911435,45.294261],[-123.914033,45.293624],[-123.91487,45.295351],[-123.917029,45.29688],[-123.920814,45.297322],[-123.924507,45.299198],[-123.926772,45.298773]]},"properties":{"OBJECTID":142,"fhdFtrID":145,"fhdRefID":51506,"fhdRevDt":"20020415","fhdONm":"Keith Braun - Rick Klumph","fhdOEnt":"ODFW","fhdSpNm":"Chum salmon","fhdRun":"NA","fhdLifeHst":"Anadromous","fhdUseTy":"Spawning","fhdBasis":"ConcurProfOpinion","fhdStNm":"Jewel Creek","fhdGenus":"Oncorhynchus","fhdSp":"keta","fhdSubSp":null,"fhdOrig":"NativeLocal","fhdProd":"Natural","fhdComment":null,"fhdESH":"yes","fhdBasisD":null,"fhdNMF":"yes","fhdBasisDt":null,"fhdBasisNm":null,"fhdBasisEnt":null,"fhdBasisPrj":null,"fhdBasisMethod":null,"Shape__Length":2477.8442638555534,"fhdAccess":"Unassisted","fhdBarrierFtrID":null,"fhdEndExtent":"NA","habitatType":"stream"},"id":142},
{"type":"Feature","geometry":{"type":"LineString","coordinates":[[-123.915654,45.552847],[-123.910567,45.554504],[-123.906198,45.554676],[-123.903857,45.555746],[-123.899017,45.55626],[-123.89507,45.559737],[-123.891887,45.559816]]},"properties":{"OBJECTID":143,"fhdFtrID":146,"fhdRefID":53013,"fhdRevDt":"20160324","fhdONm":"Matt Weeber","fhdOEnt":"ODFW","fhdSpNm":"Chum salmon","fhdRun":"NA","fhdLifeHst":"Anadromous","fhdUseTy":"Migration","fhdBasis":"DownstreamDocObsFish","fhdStNm":"Miami River","fhdGenus":"Oncorhynchus","fhdSp":"keta","fhdSubSp":null,"fhdOrig":"NativeLocal","fhdProd":"Natural","fhdComment":null,"fhdESH":"no","fhdBasisD":null,"fhdNMF":"yes","fhdBasisDt":null,"fhdBasisNm":null,"fhdBasisEnt":null,"fhdBasisPrj":null,"fhdBasisMethod":null,"Shape__Length":3099.9662280761754,"fhdAccess":"Unassisted","fhdBarrierFtrID":null,"fhdEndExtent":"NA","habitatType":"stream"},"id":143},
{"type":"Feature","geometry":{"type":"LineString","coordinates":[[-123.886476,45.561423],[-123.885314,45.564224],[-123.881213,45.56544],[-123.879333,45.56704],[-123.875636,45.567942],[-123.873923,45.570234],[-123.873803,45.57733],[-123.872902,45.578749],[-123.873152,45.581738],[-123.872092,45.583696],[-123.874284,45.584156],[-123.870548,45.586418],[-123.869978,45.588374]]},"properties":{"OBJECTID":144,"fhdFtrID":147,"fhdRefID":53013,"fhdRevDt":"20160324","fhdONm":"Matt Weeber","fhdOEnt":"ODFW","fhdSpNm":"Chum salmon","fhdRun":"NA","fhdLifeHst":"Anadromous","fhdUseTy":"Spawning","fhdBasis":"DownstreamDocObsFish","fhdStNm":"Miami River","fhdGenus":"Oncorhynchus","fhdSp":"keta","fhdSubSp":null,"fhdOrig":"NativeLocal","fhdProd":"Natural","fhdComment":null,"fhdESH":"yes","fhdBasisD":null,"fhdNMF":"yes","fhdBasisDt":null,"fhdBasisNm":null,"fhdBasisEnt":null,"fhdBasisPrj":null,"fhdBasisMethod":null,"Shape__Length":5872.969200051137,"fhdAccess":"Unassisted","fhdBarrierFtrID":null,"fhdEndExtent":"NA","habitatType":"stream"},"id":144},
{"type":"Feature","geometry":{"type":"LineString","coordinates":[[-123.90181,44.410185],[-123.904618,44.412716],[-123.907217,44.413154],[-123.912173,44.41018],[-123.913262,44.407074],[-123.913578,44.404042],[-123.914511,44.402599],[-123.921366,44.401958],[-123.924288,44.400488],[-123.926526,44.397582],[-123.928898,44.396037],[-123.930039,44.395501],[-123.937576,44.395187],[-123.93981,44.395908],[-123.941766,44.399199],[-123.942665,44.404938],[-123.944626,44.406659],[-123.949505,44.40661],[-123.955274,44.407301],[-123.963186,44.411417],[-123.966231,44.413404],[-123.969313,44.414392],[-123.982816,44.413845],[-123.986822,44.413518],[-123.990002,44.413285],[-123.996248,44.41344],[-124.000805,44.414261],[-124.005076,44.415474],[-124.012394,44.416748],[-124.023663,44.417395],[-124.030882,44.418698],[-124.036664,44.420936],[-124.041842,44.425314],[-124.044145,44.428398],[-124.046958,44.431353],[-124.049171,44.432829],[-124.055881,44.43428],[-124.060521,44.43635],[-124.064994,44.435922],[-124.068087,44.434756],[-124.074369,44.431413],[-124.076582,44.429307],[-124.077118,44.427344],[-124.076689,44.422883],[-124.077424,44.421641]]},"properties":{"OBJECTID":145,"fhdFtrID":154,"fhdRefID":53013,"fhdRevDt":"20160324","fhdONm":"Matt Weeber","fhdOEnt":"ODFW","fhdSpNm":"Chum salmon","fhdRun":"NA","fhdLifeHst":"Anadromous","fhdUseTy":"Migration","fhdBasis":"DownstreamDocObsFish","fhdStNm":"Alsea River","fhdGenus":"Oncorhynchus","fhdSp":"keta","fhdSubSp":null,"fhdOrig":"NativeLocal","fhdProd":"Natural","fhdComment":null,"fhdESH":"no","fhdBasisD":null,"fhdNMF":"yes","fhdBasisDt":null,"fhdBasisNm":null,"fhdBasisEnt":null,"fhdBasisPrj":null,"fhdBasisMethod":null,"Shape__Length":25950.182039226707,"fhdAccess":"Unassisted","fhdBarrierFtrID":null,"fhdEndExtent":"Unknown","habitatType":"stream"},"id":145},
{"type":"Feature","geometry":{"type":"LineString","coordinates":[[-123.926197,44.372163],[-123.927578,44.373243],[-123.927445,44.375216],[-123.928665,44.375935],[-123.926719,44.378057],[-123.927453,44.379384],[-123.928236,44.380764],[-123.92525,44.381013],[-123.921199,44.380119],[-123.921078,44.381479],[-123.924304,44.381881],[-123.927567,44.385802],[-123.927837,44.38729]]},"properties":{"OBJECTID":146,"fhdFtrID":155,"fhdRefID":51507,"fhdRevDt":"20000000","fhdONm":"Bob Buckman-John Spangler","fhdOEnt":"ODFW","fhdSpNm":"Chum salmon","fhdRun":"NA","fhdLifeHst":"Anadromous","fhdUseTy":"Spawning","fhdBasis":"ConcurProfOpinion","fhdStNm":"Canal Creek","fhdGenus":"Oncorhynchus","fhdSp":"keta","fhdSubSp":null,"fhdOrig":"NativeLocal","fhdProd":"Natural","fhdComment":null,"fhdESH":"yes","fhdBasisD":null,"fhdNMF":"yes","fhdBasisDt":null,"fhdBasisNm":null,"fhdBasisEnt":null,"fhdBasisPrj":null,"fhdBasisMethod":null,"Shape__Length":4285.938851466798,"fhdAccess":"Unassisted","fhdBarrierFtrID":null,"fhdEndExtent":"Unknown","habitatType":"stream"},"id":146},
{"type":"Feature","geometry":{"type":"LineString","coordinates":[[-123.852276,44.36862],[-123.845078,44.372865],[-123.843832,44.374477],[-123.839822,44.376635],[-123.835233,44.377745]]},"properties":{"OBJECTID":147,"fhdFtrID":156,"fhdRefID":53013,"fhdRevDt":"20160324","fhdONm":"Matt Weeber","fhdOEnt":"ODFW","fhdSpNm":"Chum salmon","fhdRun":"NA","fhdLifeHst":"Anadromous","fhdUseTy":"Spawning","fhdBasis":"DocObsFish","fhdStNm":"Grass Creek","fhdGenus":"Oncorhynchus","fhdSp":"keta","fhdSubSp":null,"fhdOrig":"NativeLocal","fhdProd":"Natural","fhdComment":null,"fhdESH":"yes","fhdBasisD":null,"fhdNMF":"yes","fhdBasisDt":"19920000","fhdBasisNm":null,"fhdBasisEnt":"ODFW","fhdBasisPrj":"OASIS","fhdBasisMethod":null,"Shape__Length":2553.814018469604,"fhdAccess":"Unassisted","fhdBarrierFtrID":null,"fhdEndExtent":"Unknown","habitatType":"stream"},"id":147},
{"type":"Feature","geometry":{"type":"LineString","coordinates":[[-123.866372,44.647635],[-123.86888,44.64669],[-123.868328,44.644215],[-123.866263,44.642649],[-123.863048,44.641724],[-123.862795,44.640284],[-123.864372,44.636992],[-123.869398,44.633214],[-123.870288,44.629762],[-123.873777,44.629569],[-123.876516,44.630333],[-123.876875,44.628207],[-123.874037,44.625271],[-123.873977,44.6238],[-123.875253,44.62162],[-123.8779,44.618419],[-123.879299,44.613525],[-123.882196,44.612372],[-123.883231,44.610297],[-123.886295,44.608467],[-123.889712,44.604222],[-123.892607,44.603494],[-123.893815,44.603959],[-123.895972,44.607904],[-123.895505,44.610902],[-123.892762,44.615403],[-123.891417,44.621774],[-123.893285,44.625213],[-123.893623,44.627243],[-123.895253,44.629007],[-123.900006,44.632217],[-123.900636,44.633414],[-123.904469,44.633077],[-123.906328,44.630957],[-123.905651,44.626773],[-123.902878,44.622927],[-123.899462,44.620435],[-123.899369,44.618941],[-123.901959,44.613992],[-123.903892,44.611885],[-123.904513,44.60811],[-123.904152,44.606143],[-123.902662,44.603341],[-123.903286,44.600414],[-123.904916,44.597463],[-123.906854,44.595336],[-123.911059,44.592871],[-123.912525,44.593047],[-123.916162,44.595584],[-123.923356,44.603045],[-123.93018,44.606934],[-123.934126,44.608503],[-123.935848,44.609709],[-123.938632,44.613129],[-123.940611,44.614193],[-123.943581,44.615424],[-123.946571,44.615503],[-123.948695,44.614693],[-123.949426,44.611982],[-123.94762,44.606996],[-123.942606,44.601159],[-123.940602,44.597934],[-123.939438,44.597264],[-123.938174,44.594605],[-123.938018,44.59277],[-123.938981,44.590998],[-123.944551,44.588283],[-123.949639,44.586818],[-123.956886,44.5861],[-123.959487,44.585133],[-123.963854,44.58177],[-123.965172,44.579049],[-123.965055,44.575985],[-123.965942,44.573317],[-123.967823,44.572496],[-123.971096,44.572234],[-123.979723,44.572696],[-123.984235,44.573215],[-123.989895,44.575021],[-123.995748,44.577941],[-124.003502,44.580538],[-124.009838,44.580797],[-124.014332,44.58092],[-124.01784,44.581514],[-124.020173,44.582866],[-124.021767,44.584832],[-124.021976,44.586874],[-124.019697,44.590297],[-124.015544,44.593411],[-124.012537,44.600151],[-124.012452,44.604671],[-124.013617,44.609139],[-124.016133,44.612146],[-124.019648,44.615257],[-124.022478,44.617235],[-124.023903,44.618145],[-124.032841,44.622372],[-124.037345,44.624028],[-124.044582,44.627612],[-124.047943,44.628237],[-124.05199,44.627522],[-124.054717,44.624959],[-124.055897,44.623043],[-124.058722,44.620357],[-124.065182,44.616666],[-124.081752,44.610235]]},"properties":{"OBJECTID":148,"fhdFtrID":157,"fhdRefID":53013,"fhdRevDt":"20160329","fhdONm":"Matt Weeber","fhdOEnt":"ODFW","fhdSpNm":"Chum salmon","fhdRun":"NA","fhdLifeHst":"Anadromous","fhdUseTy":"Rearing","fhdBasis":"DownstreamDocObsFish","fhdStNm":"Yaquina River","fhdGenus":"Oncorhynchus","fhdSp":"keta","fhdSubSp":null,"fhdOrig":"NativeLocal","fhdProd":"Natural","fhdComment":null,"fhdESH":"yes","fhdBasisD":null,"fhdNMF":"yes","fhdBasisDt":null,"fhdBasisNm":null,"fhdBasisEnt":null,"fhdBasisPrj":null,"fhdBasisMethod":null,"Shape__Length":57753.34397692439,"fhdAccess":"Unassisted","fhdBarrierFtrID":null,"fhdEndExtent":"Unknown","habitatType":"stream"},"id":148},
{"type":"Feature","geometry":{"type":"LineString","coordinates":[[-123.958701,44.801998],[-123.959971,44.802587],[-123.961009,44.805814],[-123.965275,44.807489],[-123.970781,44.806446],[-123.974602,44.806433],[-123.97936,44.806996],[-123.982392,44.80667],[-123.988045,44.804425],[-123.990537,44.802775],[-123.996241,44.80194],[-123.999857,44.802479],[-124.005066,44.802444],[-124.006397,44.804735],[-124.011216,44.806851],[-124.008662,44.81],[-124.005463,44.812166],[-124.002045,44.812053],[-123.995468,44.812558],[-123.991508,44.811464],[-123.987915,44.811403],[-123.985201,44.812597],[-123.983684,44.812078],[-123.981411,44.809855],[-123.978405,44.809484],[-123.973405,44.810412],[-123.971852,44.812863],[-123.975006,44.815341],[-123.97587,44.817785],[-123.972264,44.818804],[-123.96841,44.82048],[-123.963625,44.82405],[-123.961974,44.827692],[-123.964077,44.830316],[-123.97084,44.833086],[-123.974947,44.833828],[-123.977282,44.834731],[-123.980756,44.837246],[-123.982894,44.835132],[-123.984605,44.835778],[-123.985051,44.837219],[-123.982753,44.843924],[-123.982939,44.846819],[-123.983887,44.847776],[-123.987728,44.848941],[-123.987863,44.852593],[-123.987238,44.85687],[-123.985659,44.8591],[-123.982409,44.860772],[-123.977278,44.858185],[-123.974029,44.856991],[-123.970296,44.857462],[-123.960937,44.85666],[-123.956218,44.857358],[-123.951771,44.857786],[-123.945941,44.860131],[-123.939483,44.859124],[-123.93534,44.85912],[-123.933377,44.861787],[-123.935303,44.867353],[-123.936627,44.869713],[-123.940071,44.872991],[-123.938829,44.874738],[-123.933363,44.876091],[-123.929771,44.876053],[-123.925201,44.874446],[-123.920797,44.872339],[-123.919513,44.872688],[-123.917007,44.875773],[-123.918253,44.87903],[-123.924976,44.880235],[-123.935573,44.884822],[-123.938765,44.884987],[-123.945733,44.883],[-123.955054,44.883056],[-123.957783,44.881327],[-123.959216,44.878877],[-123.961987,44.878357],[-123.964065,44.880005],[-123.967274,44.883949],[-123.969498,44.883709],[-123.969519,44.881968],[-123.971229,44.880765],[-123.973561,44.880375],[-123.983126,44.881316],[-123.98751,44.886373],[-123.992565,44.888734],[-123.995087,44.890719],[-124.000437,44.895925],[-124.007792,44.899643]]},"properties":{"OBJECTID":149,"fhdFtrID":158,"fhdRefID":51507,"fhdRevDt":"20020521","fhdONm":"Bob Buckman-John Spangler","fhdOEnt":"ODFW","fhdSpNm":"Chum salmon","fhdRun":"NA","fhdLifeHst":"Anadromous","fhdUseTy":"Rearing","fhdBasis":"UndocObsFish","fhdStNm":"Siletz River","fhdGenus":"Oncorhynchus","fhdSp":"keta","fhdSubSp":null,"fhdOrig":"NativeLocal","fhdProd":"Natural","fhdComment":null,"fhdESH":"yes","fhdBasisD":null,"fhdNMF":"yes","fhdBasisDt":null,"fhdBasisNm":null,"fhdBasisEnt":null,"fhdBasisPrj":null,"fhdBasisMethod":null,"Shape__Length":48667.34620211625,"fhdAccess":"Unassisted","fhdBarrierFtrID":null,"fhdEndExtent":"NA","habitatType":"stream"},"id":149},
{"type":"Feature","geometry":{"type":"LineString","coordinates":[[-124.007792,44.899643],[-124.010832,44.901839],[-124.013794,44.905138],[-124.018163,44.908486],[-124.023208,44.909579],[-124.0254,44.911768],[-124.026157,44.91431],[-124.025871,44.916951],[-124.024015,44.91865],[-124.021874,44.926788],[-124.024314,44.926954]]},"properties":{"OBJECTID":150,"fhdFtrID":159,"fhdRefID":53013,"fhdRevDt":"20160329","fhdONm":"Matt Weeber","fhdOEnt":"ODFW","fhdSpNm":"Chum salmon","fhdRun":"NA","fhdLifeHst":"Anadromous","fhdUseTy":"Rearing","fhdBasis":"DownstreamDocObsFish","fhdStNm":"Siletz River","fhdGenus":"Oncorhynchus","fhdSp":"keta","fhdSubSp":null,"fhdOrig":"NativeLocal","fhdProd":"Natural","fhdComment":null,"fhdESH":"yes","fhdBasisD":null,"fhdNMF":"yes","fhdBasisDt":null,"fhdBasisNm":null,"fhdBasisEnt":null,"fhdBasisPrj":null,"fhdBasisMethod":null,"Shape__Length":5640.275069186723,"fhdAccess":"Unassisted","fhdBarrierFtrID":null,"fhdEndExtent":"Unknown","habitatType":"stream"},"id":150},
{"type":"Feature","geometry":{"type":"LineString","coordinates":[[-123.884682,45.012144],[-123.885686,45.009092],[-123.887439,45.00631],[-123.891434,45.004331],[-123.895106,45.003334],[-123.897653,45.003754],[-123.898726,45.004784],[-123.903379,45.004059],[-123.906313,45.002935],[-123.910899,45.004776],[-123.912624,45.006099],[-123.917724,45.006888],[-123.916999,45.008738]]},"properties":{"OBJECTID":151,"fhdFtrID":160,"fhdRefID":53013,"fhdRevDt":"20190513","fhdONm":"Matt Weeber","fhdOEnt":"ODFW","fhdSpNm":"Chum salmon","fhdRun":"NA","fhdLifeHst":"Anadromous","fhdUseTy":"Rearing","fhdBasis":"DownstreamDocObsFish","fhdStNm":"Salmon River","fhdGenus":"Oncorhynchus","fhdSp":"keta","fhdSubSp":null,"fhdOrig":"NativeLocal","fhdProd":"Natural","fhdComment":null,"fhdESH":"yes","fhdBasisD":null,"fhdNMF":"yes","fhdBasisDt":null,"fhdBasisNm":null,"fhdBasisEnt":null,"fhdBasisPrj":null,"fhdBasisMethod":null,"Shape__Length":5413.1057917084645,"fhdAccess":"Unassisted","fhdBarrierFtrID":null,"fhdEndExtent":"NA","habitatType":"stream"},"id":151},
{"type":"Feature","geometry":{"type":"LineString","coordinates":[[-123.985944,45.032068],[-123.986929,45.029307],[-123.986188,45.027382],[-123.98284,45.025699],[-123.981484,45.023186],[-123.979685,45.021739],[-123.977249,45.020879],[-123.976539,45.017556]]},"properties":{"OBJECTID":152,"fhdFtrID":161,"fhdRefID":51507,"fhdRevDt":"20020521","fhdONm":"Bob Buckman-John Spangler","fhdOEnt":"ODFW","fhdSpNm":"Chum salmon","fhdRun":"NA","fhdLifeHst":"Anadromous","fhdUseTy":"Rearing","fhdBasis":"ConcurProfOpinion","fhdStNm":"Rowdy Creek","fhdGenus":"Oncorhynchus","fhdSp":"keta","fhdSubSp":null,"fhdOrig":"NativeLocal","fhdProd":"Natural","fhdComment":null,"fhdESH":"yes","fhdBasisD":null,"fhdNMF":"yes","fhdBasisDt":null,"fhdBasisNm":null,"fhdBasisEnt":null,"fhdBasisPrj":null,"fhdBasisMethod":null,"Shape__Length":3741.263945906931,"fhdAccess":"Unassisted","fhdBarrierFtrID":null,"fhdEndExtent":"Unknown","habitatType":"stream"},"id":152},
{"type":"Feature","geometry":{"type":"LineString","coordinates":[[-123.964764,45.024463],[-123.956324,45.029274],[-123.953453,45.031687],[-123.951293,45.032667],[-123.950137,45.036984],[-123.950337,45.038823],[-123.949552,45.041012]]},"properties":{"OBJECTID":153,"fhdFtrID":162,"fhdRefID":53013,"fhdRevDt":"20160329","fhdONm":"Matt Weeber","fhdOEnt":"ODFW","fhdSpNm":"Chum salmon","fhdRun":"NA","fhdLifeHst":"Anadromous","fhdUseTy":"Spawning","fhdBasis":"DownstreamDocObsFish","fhdStNm":"Salmon Creek","fhdGenus":"Oncorhynchus","fhdSp":"keta","fhdSubSp":null,"fhdOrig":"NativeLocal","fhdProd":"Natural","fhdComment":null,"fhdESH":"yes","fhdBasisD":null,"fhdNMF":"yes","fhdBasisDt":null,"fhdBasisNm":null,"fhdBasisEnt":null,"fhdBasisPrj":null,"fhdBasisMethod":null,"Shape__Length":3600.644693063508,"fhdAccess":"Unassisted","fhdBarrierFtrID":null,"fhdEndExtent":"NA","habitatType":"stream"},"id":153},
{"type":"Feature","geometry":{"type":"LineString","coordinates":[[-123.929602,45.032255],[-123.931023,45.030276],[-123.933973,45.02881],[-123.934231,45.027735],[-123.937568,45.027314],[-123.942086,45.027934],[-123.945658,45.026362],[-123.948587,45.025682],[-123.950096,45.023619]]},"properties":{"OBJECTID":154,"fhdFtrID":163,"fhdRefID":50119,"fhdRevDt":"20000000","fhdONm":"Bob Buckman-John Spangler","fhdOEnt":"ODFW","fhdSpNm":"Chum salmon","fhdRun":"NA","fhdLifeHst":"Anadromous","fhdUseTy":"Spawning","fhdBasis":"DocObsFish","fhdStNm":"Deer Creek","fhdGenus":"Oncorhynchus","fhdSp":"keta","fhdSubSp":null,"fhdOrig":"NativeLocal","fhdProd":"Natural","fhdComment":null,"fhdESH":"yes","fhdBasisD":null,"fhdNMF":"yes","fhdBasisDt":null,"fhdBasisNm":null,"fhdBasisEnt":null,"fhdBasisPrj":null,"fhdBasisMethod":null,"Shape__Length":3614.0180558609104,"fhdAccess":"Unassisted","fhdBarrierFtrID":null,"fhdEndExtent":"NA","habitatType":"stream"},"id":154},
{"type":"Feature","geometry":{"type":"LineString","coordinates":[[-123.913442,44.824253],[-123.915957,44.824207],[-123.91711,44.822032],[-123.91924,44.819961],[-123.920828,44.819614]]},"properties":{"OBJECTID":155,"fhdFtrID":164,"fhdRefID":51507,"fhdRevDt":"20000000","fhdONm":"Bob Buckman-John Spangler","fhdOEnt":"ODFW","fhdSpNm":"Chum salmon","fhdRun":"NA","fhdLifeHst":"Anadromous","fhdUseTy":"Spawning","fhdBasis":"ConcurProfOpinion","fhdStNm":"Cedar Creek","fhdGenus":"Oncorhynchus","fhdSp":"keta","fhdSubSp":null,"fhdOrig":"NativeLocal","fhdProd":"Natural","fhdComment":null,"fhdESH":"yes","fhdBasisD":null,"fhdNMF":"yes","fhdBasisDt":null,"fhdBasisNm":null,"fhdBasisEnt":null,"fhdBasisPrj":null,"fhdBasisMethod":null,"Shape__Length":1590.8388516326902,"fhdAccess":"Unassisted","fhdBarrierFtrID":null,"fhdEndExtent":"Unknown","habitatType":"stream"},"id":155},
{"type":"Feature","geometry":{"type":"LineString","coordinates":[[-123.938405,45.006801],[-123.937481,45.009749],[-123.938126,45.011875],[-123.934586,45.014973]]},"properties":{"OBJECTID":156,"fhdFtrID":165,"fhdRefID":51507,"fhdRevDt":"20000000","fhdONm":"Bob Buckman-John Spangler","fhdOEnt":"ODFW","fhdSpNm":"Chum salmon","fhdRun":"NA","fhdLifeHst":"Anadromous","fhdUseTy":"Spawning","fhdBasis":"ConcurProfOpinion","fhdStNm":"Willis Creek","fhdGenus":"Oncorhynchus","fhdSp":"keta","fhdSubSp":null,"fhdOrig":"NativeLocal","fhdProd":"Natural","fhdComment":null,"fhdESH":"yes","fhdBasisD":null,"fhdNMF":"yes","fhdBasisDt":null,"fhdBasisNm":null,"fhdBasisEnt":null,"fhdBasisPrj":null,"fhdBasisMethod":null,"Shape__Length":1822.484252150834,"fhdAccess":"Unassisted","fhdBarrierFtrID":null,"fhdEndExtent":"Unknown","habitatType":"stream"},"id":156},
{"type":"Feature","geometry":{"type":"LineString","coordinates":[[-123.915438,44.867461],[-123.911354,44.868805],[-123.909089,44.868654],[-123.905727,44.869494],[-123.902774,44.869164],[-123.900293,44.870083],[-123.897543,44.869695]]},"properties":{"OBJECTID":157,"fhdFtrID":166,"fhdRefID":51507,"fhdRevDt":"20020521","fhdONm":"Bob Buckman-John Spangler","fhdOEnt":"ODFW","fhdSpNm":"Chum salmon","fhdRun":"NA","fhdLifeHst":"Anadromous","fhdUseTy":"Spawning","fhdBasis":"ConcurProfOpinion","fhdStNm":"Bear Creek","fhdGenus":"Oncorhynchus","fhdSp":"keta","fhdSubSp":null,"fhdOrig":"NativeLocal","fhdProd":"Natural","fhdComment":null,"fhdESH":"yes","fhdBasisD":null,"fhdNMF":"yes","fhdBasisDt":null,"fhdBasisNm":null,"fhdBasisEnt":null,"fhdBasisPrj":null,"fhdBasisMethod":null,"Shape__Length":2256.4934500670024,"fhdAccess":"Unassisted","fhdBarrierFtrID":null,"fhdEndExtent":"Unknown","habitatType":"stream"},"id":157},
{"type":"Feature","geometry":{"type":"LineString","coordinates":[[-123.902684,44.584722],[-123.901978,44.586865],[-123.904455,44.588629],[-123.90478,44.590321],[-123.907918,44.589685],[-123.908486,44.591069],[-123.911059,44.592871]]},"properties":{"OBJECTID":158,"fhdFtrID":167,"fhdRefID":53013,"fhdRevDt":"20160329","fhdONm":"Matt Weeber","fhdOEnt":"ODFW","fhdSpNm":"Chum salmon","fhdRun":"NA","fhdLifeHst":"Anadromous","fhdUseTy":"Rearing","fhdBasis":"DownstreamDocObsFish","fhdStNm":"Mill Creek","fhdGenus":"Oncorhynchus","fhdSp":"keta","fhdSubSp":null,"fhdOrig":"NativeLocal","fhdProd":"Natural","fhdComment":null,"fhdESH":"yes","fhdBasisD":null,"fhdNMF":"yes","fhdBasisDt":null,"fhdBasisNm":null,"fhdBasisEnt":null,"fhdBasisPrj":null,"fhdBasisMethod":null,"Shape__Length":2279.2520184953073,"fhdAccess":"Unassisted","fhdBarrierFtrID":null,"fhdEndExtent":"NA","habitatType":"stream"},"id":158},
{"type":"Feature","geometry":{"type":"LineString","coordinates":[[-123.909255,44.572984],[-123.909904,44.574571],[-123.909193,44.576365],[-123.907053,44.576986],[-123.907857,44.580148],[-123.906275,44.580295],[-123.904137,44.578617],[-123.902683,44.578993],[-123.902949,44.580905],[-123.898775,44.581651],[-123.897659,44.585124],[-123.902684,44.584722]]},"properties":{"OBJECTID":159,"fhdFtrID":168,"fhdRefID":53013,"fhdRevDt":"20160329","fhdONm":"Matt Weeber","fhdOEnt":"ODFW","fhdSpNm":"Chum salmon","fhdRun":"NA","fhdLifeHst":"Anadromous","fhdUseTy":"Spawning","fhdBasis":"DocObsFish","fhdStNm":"Mill Creek","fhdGenus":"Oncorhynchus","fhdSp":"keta","fhdSubSp":null,"fhdOrig":"NativeLocal","fhdProd":"Natural","fhdComment":null,"fhdESH":"yes","fhdBasisD":null,"fhdNMF":"yes","fhdBasisDt":"19970000","fhdBasisNm":null,"fhdBasisEnt":"ODFW","fhdBasisPrj":"OASIS","fhdBasisMethod":null,"Shape__Length":5817.856969044634,"fhdAccess":"Unassisted","fhdBarrierFtrID":null,"fhdEndExtent":"Unknown","habitatType":"stream"},"id":159},
{"type":"Feature","geometry":{"type":"LineString","coordinates":[[-123.893639,44.779983],[-123.895246,44.777515],[-123.899807,44.77596],[-123.900605,44.777077],[-123.905064,44.777972],[-123.908268,44.780633],[-123.907577,44.781608],[-123.909447,44.783119]]},"properties":{"OBJECTID":160,"fhdFtrID":169,"fhdRefID":53013,"fhdRevDt":"20160329","fhdONm":"Matt Weeber","fhdOEnt":"ODFW","fhdSpNm":"Chum salmon","fhdRun":"NA","fhdLifeHst":"Anadromous","fhdUseTy":"Spawning","fhdBasis":"DocObsFish","fhdStNm":"Euchre Creek","fhdGenus":"Oncorhynchus","fhdSp":"keta","fhdSubSp":null,"fhdOrig":"NativeLocal","fhdProd":"Natural","fhdComment":null,"fhdESH":"yes","fhdBasisD":null,"fhdNMF":"yes","fhdBasisDt":"20050000","fhdBasisNm":null,"fhdBasisEnt":"ODFW","fhdBasisPrj":"OASIS","fhdBasisMethod":null,"Shape__Length":3037.491484642721,"fhdAccess":"Unassisted","fhdBarrierFtrID":null,"fhdEndExtent":"NA","habitatType":"stream"},"id":160},
{"type":"Feature","geometry":{"type":"LineString","coordinates":[[-123.891301,44.990438],[-123.889501,44.991938],[-123.884677,44.993981],[-123.884551,44.996659],[-123.885661,44.99747],[-123.888935,44.997807],[-123.892298,44.996292],[-123.894513,44.996002],[-123.897504,44.997527],[-123.901274,44.998492],[-123.903528,45.000506],[-123.903976,45.003653]]},"properties":{"OBJECTID":161,"fhdFtrID":170,"fhdRefID":50119,"fhdRevDt":"20000000","fhdONm":"Bob Buckman-John Spangler","fhdOEnt":"ODFW","fhdSpNm":"Chum salmon","fhdRun":"NA","fhdLifeHst":"Anadromous","fhdUseTy":"Spawning","fhdBasis":"DocObsFish","fhdStNm":"Bear Creek","fhdGenus":"Oncorhynchus","fhdSp":"keta","fhdSubSp":null,"fhdOrig":"NativeLocal","fhdProd":"Natural","fhdComment":null,"fhdESH":"yes","fhdBasisD":null,"fhdNMF":"yes","fhdBasisDt":null,"fhdBasisNm":null,"fhdBasisEnt":null,"fhdBasisPrj":null,"fhdBasisMethod":null,"Shape__Length":4961.516311190397,"fhdAccess":"Unassisted","fhdBarrierFtrID":null,"fhdEndExtent":"Unknown","habitatType":"stream"},"id":161},
{"type":"Feature","geometry":{"type":"LineString","coordinates":[[-123.883144,44.584877],[-123.886318,44.585156],[-123.888008,44.585997],[-123.889598,44.586384],[-123.895394,44.586053],[-123.897659,44.585124]]},"properties":{"OBJECTID":162,"fhdFtrID":171,"fhdRefID":53013,"fhdRevDt":"20160329","fhdONm":"Matt Weeber","fhdOEnt":"ODFW","fhdSpNm":"Chum salmon","fhdRun":"NA","fhdLifeHst":"Anadromous","fhdUseTy":"Spawning","fhdBasis":"DocObsFish","fhdStNm":"Slack Creek","fhdGenus":"Oncorhynchus","fhdSp":"keta","fhdSubSp":null,"fhdOrig":"NativeLocal","fhdProd":"Natural","fhdComment":null,"fhdESH":"yes","fhdBasisD":null,"fhdNMF":"yes","fhdBasisDt":"19950000","fhdBasisNm":null,"fhdBasisEnt":"ODFW","fhdBasisPrj":"OASIS","fhdBasisMethod":null,"Shape__Length":1966.1604629980748,"fhdAccess":"Unassisted","fhdBarrierFtrID":null,"fhdEndExtent":"Unknown","habitatType":"stream"},"id":162},
{"type":"Feature","geometry":{"type":"LineString","coordinates":[[-123.862927,44.679582],[-123.863411,44.681362],[-123.86175,44.683559],[-123.860111,44.684346],[-123.858512,44.686991],[-123.858563,44.688317]]},"properties":{"OBJECTID":163,"fhdFtrID":172,"fhdRefID":51507,"fhdRevDt":"20000000","fhdONm":"Bob Buckman-John Spangler","fhdOEnt":"ODFW","fhdSpNm":"Chum salmon","fhdRun":"NA","fhdLifeHst":"Anadromous","fhdUseTy":"Spawning","fhdBasis":"ConcurProfOpinion","fhdStNm":"Cook Creek","fhdGenus":"Oncorhynchus","fhdSp":"keta","fhdSubSp":null,"fhdOrig":"NativeLocal","fhdProd":"Natural","fhdComment":null,"fhdESH":"yes","fhdBasisD":null,"fhdNMF":"yes","fhdBasisDt":null,"fhdBasisNm":null,"fhdBasisEnt":null,"fhdBasisPrj":null,"fhdBasisMethod":null,"Shape__Length":1608.9760620898332,"fhdAccess":"Unassisted","fhdBarrierFtrID":null,"fhdEndExtent":"NA","habitatType":"stream"},"id":163},
{"type":"Feature","geometry":{"type":"LineString","coordinates":[[-123.944338,45.656004],[-123.938568,45.656576],[-123.936236,45.657266],[-123.932382,45.659789],[-123.930954,45.662073],[-123.930811,45.666784],[-123.928551,45.670068],[-123.928241,45.672376],[-123.929312,45.677777],[-123.929764,45.685582],[-123.928765,45.68877],[-123.926528,45.690983],[-123.920913,45.693458],[-123.916273,45.694362],[-123.911228,45.693387],[-123.906445,45.691221],[-123.898255,45.689284]]},"properties":{"OBJECTID":164,"fhdFtrID":174,"fhdRefID":51505,"fhdRevDt":"19990713","fhdONm":"Joe Sheahan - Walt Weber","fhdOEnt":"ODFW","fhdSpNm":"Chum salmon","fhdRun":"NA","fhdLifeHst":"Anadromous","fhdUseTy":"Rearing","fhdBasis":"UndocObsFish","fhdStNm":"Nehalem Bay","fhdGenus":"Oncorhynchus","fhdSp":"keta","fhdSubSp":null,"fhdOrig":"NativeLocal","fhdProd":"Natural","fhdComment":null,"fhdESH":"yes","fhdBasisD":null,"fhdNMF":"yes","fhdBasisDt":null,"fhdBasisNm":null,"fhdBasisEnt":null,"fhdBasisPrj":null,"fhdBasisMethod":null,"Shape__Length":10172.131414925265,"fhdAccess":"Unassisted","fhdBarrierFtrID":null,"fhdEndExtent":"Unknown","habitatType":"stream"},"id":164},
{"type":"Feature","geometry":{"type":"LineString","coordinates":[[-123.901522,45.70946],[-123.900631,45.71033],[-123.903224,45.713672]]},"properties":{"OBJECTID":165,"fhdFtrID":175,"fhdRefID":51505,"fhdRevDt":"19990713","fhdONm":"Joe Sheahan - Walt Weber","fhdOEnt":"ODFW","fhdSpNm":"Chum salmon","fhdRun":"NA","fhdLifeHst":"Anadromous","fhdUseTy":"Spawning","fhdBasis":"UndocObsFish","fhdStNm":"Alder Creek","fhdGenus":"Oncorhynchus","fhdSp":"keta","fhdSubSp":null,"fhdOrig":"NativeLocal","fhdProd":"Natural","fhdComment":null,"fhdESH":"yes","fhdBasisD":null,"fhdNMF":"yes","fhdBasisDt":null,"fhdBasisNm":null,"fhdBasisEnt":null,"fhdBasisPrj":null,"fhdBasisMethod":null,"Shape__Length":928.8574053893951,"fhdAccess":"Unassisted","fhdBarrierFtrID":null,"fhdEndExtent":"Unknown","habitatType":"stream"},"id":165},
{"type":"Feature","geometry":{"type":"LineString","coordinates":[[-123.920913,45.693458],[-123.919178,45.695554],[-123.919254,45.698694],[-123.91795,45.702283],[-123.915121,45.705409],[-123.912161,45.705519],[-123.908659,45.707979],[-123.905718,45.707832],[-123.90325,45.706579],[-123.902047,45.707049],[-123.901522,45.70946]]},"properties":{"OBJECTID":166,"fhdFtrID":176,"fhdRefID":51505,"fhdRevDt":"19990713","fhdONm":"Joe Sheahan - Walt Weber","fhdOEnt":"ODFW","fhdSpNm":"Chum salmon","fhdRun":"NA","fhdLifeHst":"Anadromous","fhdUseTy":"Rearing","fhdBasis":"UndocObsFish","fhdStNm":"Alder Creek","fhdGenus":"Oncorhynchus","fhdSp":"keta","fhdSubSp":null,"fhdOrig":"NativeLocal","fhdProd":"Natural","fhdComment":null,"fhdESH":"yes","fhdBasisD":null,"fhdNMF":"yes","fhdBasisDt":null,"fhdBasisNm":null,"fhdBasisEnt":null,"fhdBasisPrj":null,"fhdBasisMethod":null,"Shape__Length":4365.343099456628,"fhdAccess":"Unassisted","fhdBarrierFtrID":null,"fhdEndExtent":"NA","habitatType":"stream"},"id":166},
{"type":"Feature","geometry":{"type":"LineString","coordinates":[[-123.898255,45.689284],[-123.892987,45.688342],[-123.889118,45.688499],[-123.885164,45.689856],[-123.883208,45.691697],[-123.882165,45.697379],[-123.88257,45.700537],[-123.886496,45.702892],[-123.888787,45.706792],[-123.892207,45.714513],[-123.890494,45.717997],[-123.887524,45.720967],[-123.886016,45.724033],[-123.881602,45.730548],[-123.879603,45.731809],[-123.878121,45.731839],[-123.875475,45.730816],[-123.872786,45.730792],[-123.868072,45.731863],[-123.864095,45.731417],[-123.861847,45.73015],[-123.860398,45.728103],[-123.861888,45.726842],[-123.866942,45.72686],[-123.871894,45.726033],[-123.87375,45.725319],[-123.875112,45.722583],[-123.873197,45.720941],[-123.867914,45.719163],[-123.864455,45.71689],[-123.859907,45.711679],[-123.857397,45.706135],[-123.857522,45.70438],[-123.861954,45.7014],[-123.861032,45.698705],[-123.858325,45.698069],[-123.856454,45.699681],[-123.854426,45.702875],[-123.850985,45.702721],[-123.849994,45.698586],[-123.849136,45.697854],[-123.847963,45.697732],[-123.841227,45.7015],[-123.83608,45.702244]]},"properties":{"OBJECTID":167,"fhdFtrID":177,"fhdRefID":51505,"fhdRevDt":"19990713","fhdONm":"Joe Sheahan - Walt Weber","fhdOEnt":"ODFW","fhdSpNm":"Chum salmon","fhdRun":"NA","fhdLifeHst":"Anadromous","fhdUseTy":"Rearing","fhdBasis":"UndocObsFish","fhdStNm":"Nehalem River","fhdGenus":"Oncorhynchus","fhdSp":"keta","fhdSubSp":null,"fhdOrig":"NativeLocal","fhdProd":"Natural","fhdComment":null,"fhdESH":"yes","fhdBasisD":null,"fhdNMF":"yes","fhdBasisDt":null,"fhdBasisNm":null,"fhdBasisEnt":null,"fhdBasisPrj":null,"fhdBasisMethod":null,"Shape__Length":22835.020640372073,"fhdAccess":"Unassisted","fhdBarrierFtrID":null,"fhdEndExtent":"NA","habitatType":"stream"},"id":167},
{"type":"Feature","geometry":{"type":"LineString","coordinates":[[-123.898826,45.737614],[-123.896691,45.737504],[-123.892193,45.7388],[-123.888324,45.738861]]},"properties":{"OBJECTID":168,"fhdFtrID":178,"fhdRefID":51505,"fhdRevDt":"19990713","fhdONm":"Joe Sheahan - Walt Weber","fhdOEnt":"ODFW","fhdSpNm":"Chum salmon","fhdRun":"NA","fhdLifeHst":"Anadromous","fhdUseTy":"Spawning","fhdBasis":"UndocObsFish","fhdStNm":"Bobs Creek","fhdGenus":"Oncorhynchus","fhdSp":"keta","fhdSubSp":null,"fhdOrig":"NativeLocal","fhdProd":"Natural","fhdComment":null,"fhdESH":"yes","fhdBasisD":null,"fhdNMF":"yes","fhdBasisDt":null,"fhdBasisNm":null,"fhdBasisEnt":null,"fhdBasisPrj":null,"fhdBasisMethod":null,"Shape__Length":1352.5513841479722,"fhdAccess":"Unassisted","fhdBarrierFtrID":null,"fhdEndExtent":"Unknown","habitatType":"stream"},"id":168},
{"type":"Feature","geometry":{"type":"LineString","coordinates":[[-123.878121,45.731839],[-123.875907,45.733993],[-123.873214,45.735423],[-123.868679,45.736906],[-123.861343,45.739946],[-123.858316,45.741265],[-123.852248,45.741776],[-123.849312,45.742795],[-123.847868,45.744763],[-123.848126,45.749176],[-123.847278,45.75087],[-123.843737,45.750325],[-123.842449,45.753968],[-123.839754,45.755457],[-123.839649,45.756569],[-123.842926,45.757968],[-123.841803,45.759461],[-123.842593,45.760526],[-123.841974,45.762543],[-123.843533,45.766588],[-123.845701,45.770169],[-123.843722,45.771369]]},"properties":{"OBJECTID":169,"fhdFtrID":179,"fhdRefID":51505,"fhdRevDt":"19990713","fhdONm":"Joe Sheahan - Walt Weber","fhdOEnt":"ODFW","fhdSpNm":"Chum salmon","fhdRun":"NA","fhdLifeHst":"Anadromous","fhdUseTy":"Rearing","fhdBasis":"UndocObsFish","fhdStNm":"North Fork Nehalem River","fhdGenus":"Oncorhynchus","fhdSp":"keta","fhdSubSp":null,"fhdOrig":"NativeLocal","fhdProd":"Natural","fhdComment":null,"fhdESH":"yes","fhdBasisD":null,"fhdNMF":"yes","fhdBasisDt":null,"fhdBasisNm":null,"fhdBasisEnt":null,"fhdBasisPrj":null,"fhdBasisMethod":null,"Shape__Length":9782.799111239266,"fhdAccess":"Unassisted","fhdBarrierFtrID":null,"fhdEndExtent":"NA","habitatType":"stream"},"id":169},
{"type":"Feature","geometry":{"type":"LineString","coordinates":[[-123.843722,45.771369],[-123.841422,45.774554],[-123.84155,45.777911],[-123.840429,45.781047],[-123.837887,45.782699],[-123.837348,45.782924]]},"properties":{"OBJECTID":170,"fhdFtrID":180,"fhdRefID":51505,"fhdRevDt":"19990713","fhdONm":"Joe Sheahan - Walt Weber","fhdOEnt":"ODFW","fhdSpNm":"Chum salmon","fhdRun":"NA","fhdLifeHst":"Anadromous","fhdUseTy":"Spawning","fhdBasis":"UndocObsFish","fhdStNm":"North Fork Nehalem River","fhdGenus":"Oncorhynchus","fhdSp":"keta","fhdSubSp":null,"fhdOrig":"NativeLocal","fhdProd":"Natural","fhdComment":null,"fhdESH":"yes","fhdBasisD":null,"fhdNMF":"yes","fhdBasisDt":null,"fhdBasisNm":null,"fhdBasisEnt":null,"fhdBasisPrj":null,"fhdBasisMethod":null,"Shape__Length":2141.220893468868,"fhdAccess":"Unassisted","fhdBarrierFtrID":null,"fhdEndExtent":"NA","habitatType":"stream"},"id":170},
{"type":"Feature","geometry":{"type":"LineString","coordinates":[[-123.868868,45.737275],[-123.868679,45.736906]]},"properties":{"OBJECTID":171,"fhdFtrID":181,"fhdRefID":51505,"fhdRevDt":"19990713","fhdONm":"Joe Sheahan - Walt Weber","fhdOEnt":"ODFW","fhdSpNm":"Chum salmon","fhdRun":"NA","fhdLifeHst":"Anadromous","fhdUseTy":"Spawning","fhdBasis":"UndocObsFish","fhdStNm":"Anderson Creek","fhdGenus":"Oncorhynchus","fhdSp":"keta","fhdSubSp":null,"fhdOrig":"NativeLocal","fhdProd":"Natural","fhdComment":null,"fhdESH":"yes","fhdBasisD":null,"fhdNMF":"yes","fhdBasisDt":null,"fhdBasisNm":null,"fhdBasisEnt":null,"fhdBasisPrj":null,"fhdBasisMethod":null,"Shape__Length":62.4292697590266,"fhdAccess":"Unassisted","fhdBarrierFtrID":null,"fhdEndExtent":"NA","habitatType":"stream"},"id":171},
{"type":"Feature","geometry":{"type":"LineString","coordinates":[[-123.877067,45.77326],[-123.874697,45.772774],[-123.870038,45.770334],[-123.867891,45.76869],[-123.868024,45.763622],[-123.864889,45.761652],[-123.862799,45.762316]]},"properties":{"OBJECTID":172,"fhdFtrID":182,"fhdRefID":51505,"fhdRevDt":"19990713","fhdONm":"Joe Sheahan - Walt Weber","fhdOEnt":"ODFW","fhdSpNm":"Chum salmon","fhdRun":"NA","fhdLifeHst":"Anadromous","fhdUseTy":"Spawning","fhdBasis":"UndocObsFish","fhdStNm":"West Fork Coal Creek","fhdGenus":"Oncorhynchus","fhdSp":"keta","fhdSubSp":null,"fhdOrig":"NativeLocal","fhdProd":"Natural","fhdComment":null,"fhdESH":"yes","fhdBasisD":null,"fhdNMF":"yes","fhdBasisDt":null,"fhdBasisNm":null,"fhdBasisEnt":null,"fhdBasisPrj":null,"fhdBasisMethod":null,"Shape__Length":3112.6325061926186,"fhdAccess":"Unassisted","fhdBarrierFtrID":null,"fhdEndExtent":"Unknown","habitatType":"stream"},"id":172},
{"type":"Feature","geometry":{"type":"LineString","coordinates":[[-123.861343,45.739946],[-123.861958,45.741137],[-123.85871,45.741909],[-123.860216,45.745805],[-123.863848,45.746205],[-123.865888,45.747234],[-123.867312,45.749059],[-123.866757,45.751935],[-123.864601,45.755043],[-123.864204,45.757922],[-123.861376,45.758888],[-123.860774,45.761831],[-123.862799,45.762316]]},"properties":{"OBJECTID":173,"fhdFtrID":183,"fhdRefID":51505,"fhdRevDt":"20020822","fhdONm":"Joe Sheahan - Walt Weber","fhdOEnt":"ODFW","fhdSpNm":"Chum salmon","fhdRun":"NA","fhdLifeHst":"Anadromous","fhdUseTy":"Spawning","fhdBasis":"UndocObsFish","fhdStNm":"Coal Creek","fhdGenus":"Oncorhynchus","fhdSp":"keta","fhdSubSp":null,"fhdOrig":"NativeLocal","fhdProd":"Natural","fhdComment":null,"fhdESH":"yes","fhdBasisD":null,"fhdNMF":"yes","fhdBasisDt":null,"fhdBasisNm":null,"fhdBasisEnt":null,"fhdBasisPrj":null,"fhdBasisMethod":null,"Shape__Length":5883.046679880697,"fhdAccess":"Unassisted","fhdBarrierFtrID":null,"fhdEndExtent":"NA","habitatType":"stream"},"id":173},
{"type":"Feature","geometry":{"type":"LineString","coordinates":[[-123.942649,45.165149],[-123.941264,45.163664],[-123.937888,45.161384],[-123.933398,45.159671],[-123.929112,45.159812],[-123.924948,45.15925],[-123.922336,45.159726],[-123.922473,45.157967],[-123.920809,45.153845],[-123.918838,45.152673]]},"properties":{"OBJECTID":174,"fhdFtrID":184,"fhdRefID":53013,"fhdRevDt":"20160324","fhdONm":"Matt Weeber","fhdOEnt":"ODFW","fhdSpNm":"Chum salmon","fhdRun":"NA","fhdLifeHst":"Anadromous","fhdUseTy":"Migration","fhdBasis":"DownstreamDocObsFish","fhdStNm":"Little Nestucca River","fhdGenus":"Oncorhynchus","fhdSp":"keta","fhdSubSp":null,"fhdOrig":"NativeLocal","fhdProd":"Natural","fhdComment":null,"fhdESH":"no","fhdBasisD":null,"fhdNMF":"yes","fhdBasisDt":null,"fhdBasisNm":null,"fhdBasisEnt":null,"fhdBasisPrj":null,"fhdBasisMethod":null,"Shape__Length":4061.62702130103,"fhdAccess":"Unassisted","fhdBarrierFtrID":null,"fhdEndExtent":"NA","habitatType":"stream"},"id":174},
{"type":"Feature","geometry":{"type":"LineString","coordinates":[[-123.824373,45.429497],[-123.826944,45.42954],[-123.829197,45.432378],[-123.828933,45.434325],[-123.832722,45.435101],[-123.834307,45.435947],[-123.838528,45.436811],[-123.839371,45.438297],[-123.8388,45.439768],[-123.839583,45.44211],[-123.838805,45.443951],[-123.840949,45.444522],[-123.842221,45.445884],[-123.846472,45.4463],[-123.848174,45.447043],[-123.851188,45.449836],[-123.854419,45.451122],[-123.857287,45.451465],[-123.858775,45.452543],[-123.859021,45.454867],[-123.86148,45.458228],[-123.86137,45.460549],[-123.863963,45.461474],[-123.868117,45.464412],[-123.868135,45.46617],[-123.875273,45.469006],[-123.88175,45.469458],[-123.885214,45.470752],[-123.888087,45.471036]]},"properties":{"OBJECTID":175,"fhdFtrID":185,"fhdRefID":53013,"fhdRevDt":"20160324","fhdONm":"Matt Weeber","fhdOEnt":"ODFW","fhdSpNm":"Chum salmon","fhdRun":"NA","fhdLifeHst":"Anadromous","fhdUseTy":"Migration","fhdBasis":"DownstreamDocObsFish","fhdStNm":"Trask River","fhdGenus":"Oncorhynchus","fhdSp":"keta","fhdSubSp":null,"fhdOrig":"NativeLocal","fhdProd":"Natural","fhdComment":null,"fhdESH":"no","fhdBasisD":null,"fhdNMF":"yes","fhdBasisDt":null,"fhdBasisNm":null,"fhdBasisEnt":null,"fhdBasisPrj":null,"fhdBasisMethod":null,"Shape__Length":11481.621268214603,"fhdAccess":"Unassisted","fhdBarrierFtrID":null,"fhdEndExtent":"NA","habitatType":"stream"},"id":175},
{"type":"Feature","geometry":{"type":"LineString","coordinates":[[-123.891887,45.559816],[-123.890959,45.561489],[-123.891497,45.563255]]},"properties":{"OBJECTID":176,"fhdFtrID":186,"fhdRefID":51506,"fhdRevDt":"20020415","fhdONm":"Keith Braun","fhdOEnt":"ODFW","fhdSpNm":"Chum salmon","fhdRun":"NA","fhdLifeHst":"Anadromous","fhdUseTy":"Rearing","fhdBasis":"ConcurProfOpinion","fhdStNm":"Hobson Creek","fhdGenus":"Oncorhynchus","fhdSp":"keta","fhdSubSp":null,"fhdOrig":"NativeLocal","fhdProd":"Natural","fhdComment":null,"fhdESH":"yes","fhdBasisD":null,"fhdNMF":"yes","fhdBasisDt":null,"fhdBasisNm":null,"fhdBasisEnt":null,"fhdBasisPrj":null,"fhdBasisMethod":null,"Shape__Length":602.7009793635799,"fhdAccess":"Unassisted","fhdBarrierFtrID":null,"fhdEndExtent":"NA","habitatType":"stream"},"id":176},
{"type":"Feature","geometry":{"type":"LineString","coordinates":[[-124.018934,44.565846],[-124.019787,44.567737],[-124.019248,44.569276],[-124.020783,44.570157],[-124.019048,44.573862],[-124.017496,44.576096],[-124.01822,44.578566],[-124.01784,44.581514]]},"properties":{"OBJECTID":177,"fhdFtrID":188,"fhdRefID":51507,"fhdRevDt":"20020521","fhdONm":"Bob Buckman-John Spangler","fhdOEnt":"ODFW","fhdSpNm":"Chum salmon","fhdRun":"NA","fhdLifeHst":"Anadromous","fhdUseTy":"Rearing","fhdBasis":"ConcurProfOpinion","fhdStNm":"McCaffery Slough","fhdGenus":"Oncorhynchus","fhdSp":"keta","fhdSubSp":null,"fhdOrig":"NativeLocal","fhdProd":"Natural","fhdComment":null,"fhdESH":"yes","fhdBasisD":null,"fhdNMF":"yes","fhdBasisDt":null,"fhdBasisNm":null,"fhdBasisEnt":null,"fhdBasisPrj":null,"fhdBasisMethod":null,"Shape__Length":2955.062986594734,"fhdAccess":"Unassisted","fhdBarrierFtrID":null,"fhdEndExtent":"Unknown","habitatType":"stream"},"id":177},
{"type":"Feature","geometry":{"type":"LineString","coordinates":[[-123.934063,45.296798],[-123.932144,45.297822],[-123.928283,45.29795],[-123.926772,45.298773]]},"properties":{"OBJECTID":178,"fhdFtrID":189,"fhdRefID":51506,"fhdRevDt":"20020415","fhdONm":"Keith Braun","fhdOEnt":"ODFW","fhdSpNm":"Chum salmon","fhdRun":"NA","fhdLifeHst":"Anadromous","fhdUseTy":"Spawning","fhdBasis":"ConcurProfOpinion","fhdStNm":"Jewel Creek","fhdGenus":"Oncorhynchus","fhdSp":"keta","fhdSubSp":null,"fhdOrig":"NativeLocal","fhdProd":"Natural","fhdComment":null,"fhdESH":"yes","fhdBasisD":null,"fhdNMF":"yes","fhdBasisDt":null,"fhdBasisNm":null,"fhdBasisEnt":null,"fhdBasisPrj":null,"fhdBasisMethod":null,"Shape__Length":1128.1838194577892,"fhdAccess":"Unassisted","fhdBarrierFtrID":null,"fhdEndExtent":"NA","habitatType":"stream"},"id":178},
{"type":"Feature","geometry":{"type":"LineString","coordinates":[[-123.844868,45.478128],[-123.847491,45.477289],[-123.849161,45.479719],[-123.851533,45.48036],[-123.855705,45.480008],[-123.855864,45.482844],[-123.859218,45.48371],[-123.860998,45.484746],[-123.86319,45.484783],[-123.868998,45.483012],[-123.871992,45.481437]]},"properties":{"OBJECTID":179,"fhdFtrID":190,"fhdRefID":53013,"fhdRevDt":"20160324","fhdONm":"Matt Weeber","fhdOEnt":"ODFW","fhdSpNm":"Chum salmon","fhdRun":"NA","fhdLifeHst":"Anadromous","fhdUseTy":"Migration","fhdBasis":"DownstreamDocObsFish","fhdStNm":"Wilson River","fhdGenus":"Oncorhynchus","fhdSp":"keta","fhdSubSp":null,"fhdOrig":"NativeLocal","fhdProd":"Natural","fhdComment":null,"fhdESH":"no","fhdBasisD":null,"fhdNMF":"yes","fhdBasisDt":null,"fhdBasisNm":null,"fhdBasisEnt":null,"fhdBasisPrj":null,"fhdBasisMethod":null,"Shape__Length":4105.766519280462,"fhdAccess":"Unassisted","fhdBarrierFtrID":null,"fhdEndExtent":"NA","habitatType":"stream"},"id":179},
{"type":"Feature","geometry":{"type":"LineString","coordinates":[[-123.863426,45.492694],[-123.861331,45.492339],[-123.858378,45.494772],[-123.85651,45.495509]]},"properties":{"OBJECTID":180,"fhdFtrID":192,"fhdRefID":53013,"fhdRevDt":"20160324","fhdONm":"Matt Weeber","fhdOEnt":"ODFW","fhdSpNm":"Chum salmon","fhdRun":"NA","fhdLifeHst":"Anadromous","fhdUseTy":"Migration","fhdBasis":"DownstreamDocObsFish","fhdStNm":"Kilchis River","fhdGenus":"Oncorhynchus","fhdSp":"keta","fhdSubSp":null,"fhdOrig":"NativeLocal","fhdProd":"Natural","fhdComment":null,"fhdESH":"no","fhdBasisD":null,"fhdNMF":"yes","fhdBasisDt":null,"fhdBasisNm":null,"fhdBasisEnt":null,"fhdBasisPrj":null,"fhdBasisMethod":null,"Shape__Length":1016.9824071413908,"fhdAccess":"Unassisted","fhdBarrierFtrID":null,"fhdEndExtent":"NA","habitatType":"stream"},"id":180},
{"type":"Feature","geometry":{"type":"LineString","coordinates":[[-123.888087,45.471036],[-123.886395,45.469023],[-123.883954,45.467274],[-123.880756,45.466553],[-123.877742,45.465007],[-123.875731,45.462354],[-123.875868,45.45833],[-123.878242,45.455255],[-123.8782,45.453333],[-123.876279,45.447932],[-123.87704,45.444321],[-123.87707,45.44165],[-123.875607,45.437884],[-123.87293,45.434732],[-123.869146,45.432929],[-123.865327,45.433536],[-123.861526,45.432554],[-123.858435,45.432402],[-123.85484,45.433896],[-123.852408,45.431621],[-123.844702,45.430404],[-123.843112,45.429512],[-123.842051,45.427552],[-123.842386,45.425914],[-123.840177,45.423576],[-123.843418,45.421789],[-123.84467,45.419394],[-123.842258,45.417736],[-123.841633,45.415193]]},"properties":{"OBJECTID":181,"fhdFtrID":193,"fhdRefID":53013,"fhdRevDt":"20160324","fhdONm":"Matt Weeber","fhdOEnt":"ODFW","fhdSpNm":"Chum salmon","fhdRun":"NA","fhdLifeHst":"Anadromous","fhdUseTy":"Migration","fhdBasis":"DownstreamDocObsFish","fhdStNm":"Tillamook River","fhdGenus":"Oncorhynchus","fhdSp":"keta","fhdSubSp":null,"fhdOrig":"NativeLocal","fhdProd":"Natural","fhdComment":null,"fhdESH":"no","fhdBasisD":null,"fhdNMF":"yes","fhdBasisDt":null,"fhdBasisNm":null,"fhdBasisEnt":null,"fhdBasisPrj":null,"fhdBasisMethod":null,"Shape__Length":13765.618093875253,"fhdAccess":"Unassisted","fhdBarrierFtrID":null,"fhdEndExtent":"NA","habitatType":"stream"},"id":181},
{"type":"Feature","geometry":{"type":"LineString","coordinates":[[-123.795623,45.426736],[-123.793079,45.424673],[-123.791962,45.421994],[-123.78912,45.421845],[-123.787142,45.420467],[-123.785416,45.420754],[-123.783772,45.419622]]},"properties":{"OBJECTID":182,"fhdFtrID":194,"fhdRefID":53013,"fhdRevDt":"20160324","fhdONm":"Matt Weeber","fhdOEnt":"ODFW","fhdSpNm":"Chum salmon","fhdRun":"NA","fhdLifeHst":"Anadromous","fhdUseTy":"Spawning","fhdBasis":"DocObsFish","fhdStNm":"Mill Creek","fhdGenus":"Oncorhynchus","fhdSp":"keta","fhdSubSp":null,"fhdOrig":"NativeLocal","fhdProd":"Natural","fhdComment":null,"fhdESH":"yes","fhdBasisD":null,"fhdNMF":"yes","fhdBasisDt":null,"fhdBasisNm":null,"fhdBasisEnt":"ODFW","fhdBasisPrj":"OASIS","fhdBasisMethod":null,"Shape__Length":2345.434768553092,"fhdAccess":"Unassisted","fhdBarrierFtrID":null,"fhdEndExtent":"Unknown","habitatType":"stream"},"id":182},
{"type":"Feature","geometry":{"type":"LineString","coordinates":[[-123.985783,45.100583],[-123.983886,45.101137],[-123.982545,45.100598],[-123.978034,45.095926],[-123.975455,45.091957]]},"properties":{"OBJECTID":183,"fhdFtrID":195,"fhdRefID":51506,"fhdRevDt":"20020415","fhdONm":"Keith Braun","fhdOEnt":"ODFW","fhdSpNm":"Chum salmon","fhdRun":"NA","fhdLifeHst":"Anadromous","fhdUseTy":"Migration","fhdBasis":"DownstreamDocObsFish","fhdStNm":"Neskowin Creek","fhdGenus":"Oncorhynchus","fhdSp":"keta","fhdSubSp":null,"fhdOrig":"NativeLocal","fhdProd":"Natural","fhdComment":null,"fhdESH":"no","fhdBasisD":null,"fhdNMF":"yes","fhdBasisDt":null,"fhdBasisNm":null,"fhdBasisEnt":null,"fhdBasisPrj":null,"fhdBasisMethod":null,"Shape__Length":2108.0628279473513,"fhdAccess":"Unassisted","fhdBarrierFtrID":null,"fhdEndExtent":"Unknown","habitatType":"stream"},"id":183},
{"type":"Feature","geometry":{"type":"LineString","coordinates":[[-123.909447,44.783119],[-123.90674,44.784264],[-123.904747,44.785904],[-123.901497,44.786933],[-123.899418,44.789901],[-123.898806,44.793498],[-123.897888,44.795737],[-123.898608,44.79734],[-123.907625,44.799843],[-123.91419,44.79984],[-123.915822,44.799425],[-123.924321,44.79954],[-123.929123,44.798998],[-123.93237,44.799129],[-123.941334,44.800069],[-123.947246,44.799781],[-123.949057,44.799507],[-123.953788,44.800096],[-123.958701,44.801998]]},"properties":{"OBJECTID":184,"fhdFtrID":196,"fhdRefID":51507,"fhdRevDt":"20020521","fhdONm":"Bob Buckman-John Spangler","fhdOEnt":"ODFW","fhdSpNm":"Chum salmon","fhdRun":"NA","fhdLifeHst":"Anadromous","fhdUseTy":"Spawning","fhdBasis":"UndocObsFish","fhdStNm":"Siletz River","fhdGenus":"Oncorhynchus","fhdSp":"keta","fhdSubSp":null,"fhdOrig":"NativeLocal","fhdProd":"Natural","fhdComment":null,"fhdESH":"yes","fhdBasisD":null,"fhdNMF":"yes","fhdBasisDt":null,"fhdBasisNm":null,"fhdBasisEnt":null,"fhdBasisPrj":null,"fhdBasisMethod":null,"Shape__Length":9793.73062192931,"fhdAccess":"Unassisted","fhdBarrierFtrID":null,"fhdEndExtent":"NA","habitatType":"stream"},"id":184},
{"type":"Feature","geometry":{"type":"LineString","coordinates":[[-123.848779,45.902923],[-123.851708,45.903298],[-123.854421,45.901647],[-123.857477,45.901448],[-123.859832,45.902142],[-123.862447,45.903923]]},"properties":{"OBJECTID":185,"fhdFtrID":200,"fhdRefID":53013,"fhdRevDt":"20160324","fhdONm":"Matt Weeber","fhdOEnt":"ODFW","fhdSpNm":"Chum salmon","fhdRun":"NA","fhdLifeHst":"Anadromous","fhdUseTy":"Spawning","fhdBasis":"DownstreamDocObsFish","fhdStNm":"Necanicum River","fhdGenus":"Oncorhynchus","fhdSp":"keta","fhdSubSp":null,"fhdOrig":"NativeLocal","fhdProd":"Natural","fhdComment":null,"fhdESH":"yes","fhdBasisD":null,"fhdNMF":"yes","fhdBasisDt":null,"fhdBasisNm":null,"fhdBasisEnt":null,"fhdBasisPrj":null,"fhdBasisMethod":null,"Shape__Length":2038.5781179775074,"fhdAccess":"Unassisted","fhdBarrierFtrID":null,"fhdEndExtent":"NA","habitatType":"stream"},"id":185},
{"type":"Feature","geometry":{"type":"LineString","coordinates":[[-123.861609,45.918368],[-123.863955,45.917252],[-123.869108,45.917666],[-123.877774,45.912235]]},"properties":{"OBJECTID":186,"fhdFtrID":201,"fhdRefID":50119,"fhdRevDt":"20020822","fhdONm":"Joe Sheahan","fhdOEnt":"ODFW","fhdSpNm":"Chum salmon","fhdRun":"NA","fhdLifeHst":"Anadromous","fhdUseTy":"Spawning","fhdBasis":"DocObsFish","fhdStNm":"Klootchie Creek","fhdGenus":"Oncorhynchus","fhdSp":"keta","fhdSubSp":null,"fhdOrig":"NativeLocal","fhdProd":"Natural","fhdComment":"Sheahan marked this as spawning & rearing, but need to verify with documentation ref 50119","fhdESH":"yes","fhdBasisD":null,"fhdNMF":"yes","fhdBasisDt":null,"fhdBasisNm":null,"fhdBasisEnt":null,"fhdBasisPrj":null,"fhdBasisMethod":null,"Shape__Length":2378.1370901327405,"fhdAccess":"Unassisted","fhdBarrierFtrID":null,"fhdEndExtent":"Unknown","habitatType":"stream"},"id":186},
{"type":"Feature","geometry":{"type":"LineString","coordinates":[[-123.772111,45.813793],[-123.775605,45.813652],[-123.778057,45.813005],[-123.778114,45.81143],[-123.776106,45.80976],[-123.778461,45.808124],[-123.783077,45.808147],[-123.784637,45.805449],[-123.783683,45.804065],[-123.786046,45.802856],[-123.790101,45.803512],[-123.794317,45.802281],[-123.800095,45.801894],[-123.802552,45.802066],[-123.803989,45.803195],[-123.808445,45.8049],[-123.814464,45.802288],[-123.815365,45.79968],[-123.814007,45.797633],[-123.815748,45.795555],[-123.817985,45.794914],[-123.820393,45.791665],[-123.823646,45.790525],[-123.821835,45.785183],[-123.824432,45.783193],[-123.827176,45.787719],[-123.828808,45.787738],[-123.83178,45.785021],[-123.837348,45.782924]]},"properties":{"OBJECTID":187,"fhdFtrID":202,"fhdRefID":51505,"fhdRevDt":"20231006","fhdONm":"Jim Erickson","fhdOEnt":"Nehalem River Fishing Guide","fhdSpNm":"Chum salmon","fhdRun":"NA","fhdLifeHst":"Anadromous","fhdUseTy":"Spawning","fhdBasis":"UndocObsFish","fhdStNm":"North Fork Nehalem River","fhdGenus":"Oncorhynchus","fhdSp":"keta","fhdSubSp":null,"fhdOrig":"NativeLocal","fhdProd":"Natural","fhdComment":"Habitat use changed in 2023 (ODFW)","fhdESH":"yes","fhdBasisD":null,"fhdNMF":"yes","fhdBasisDt":null,"fhdBasisNm":null,"fhdBasisEnt":null,"fhdBasisPrj":null,"fhdBasisMethod":null,"Shape__Length":13013.835695843074,"fhdAccess":"Unassisted","fhdBarrierFtrID":null,"fhdEndExtent":"NA","habitatType":"stream"},"id":187},
{"type":"Feature","geometry":{"type":"LineString","coordinates":[[-123.867114,45.50295],[-123.863952,45.504149]]},"properties":{"OBJECTID":188,"fhdFtrID":219,"fhdRefID":51506,"fhdRevDt":"20020415","fhdONm":"Keith Braun","fhdOEnt":"ODFW","fhdSpNm":"Chum salmon","fhdRun":"NA","fhdLifeHst":"Anadromous","fhdUseTy":"Spawning","fhdBasis":"ConcurProfOpinion","fhdStNm":"Vaughn Creek","fhdGenus":"Oncorhynchus","fhdSp":"keta","fhdSubSp":null,"fhdOrig":"NativeLocal","fhdProd":"Natural","fhdComment":null,"fhdESH":"yes","fhdBasisD":null,"fhdNMF":"yes","fhdBasisDt":null,"fhdBasisNm":null,"fhdBasisEnt":null,"fhdBasisPrj":null,"fhdBasisMethod":null,"Shape__Length":461.4830854634302,"fhdAccess":"Unassisted","fhdBarrierFtrID":null,"fhdEndExtent":"NA","habitatType":"stream"},"id":188},
{"type":"Feature","geometry":{"type":"LineString","coordinates":[[-123.945189,45.274981],[-123.946958,45.273661],[-123.947805,45.271192],[-123.94994,45.269853],[-123.954184,45.271933],[-123.956225,45.271791],[-123.956386,45.27679],[-123.959368,45.278092],[-123.961891,45.27956]]},"properties":{"OBJECTID":189,"fhdFtrID":221,"fhdRefID":53013,"fhdRevDt":"20160324","fhdONm":"Matt Weeber","fhdOEnt":"ODFW","fhdSpNm":"Chum salmon","fhdRun":"NA","fhdLifeHst":"Anadromous","fhdUseTy":"Migration","fhdBasis":"DownstreamDocObsFish","fhdStNm":"Sand Creek","fhdGenus":"Oncorhynchus","fhdSp":"keta","fhdSubSp":null,"fhdOrig":"NativeLocal","fhdProd":"Natural","fhdComment":null,"fhdESH":"no","fhdBasisD":null,"fhdNMF":"yes","fhdBasisDt":null,"fhdBasisNm":null,"fhdBasisEnt":null,"fhdBasisPrj":null,"fhdBasisMethod":null,"Shape__Length":3791.1715247509396,"fhdAccess":"Unassisted","fhdBarrierFtrID":null,"fhdEndExtent":"Unknown","habitatType":"stream"},"id":189},
{"type":"Feature","geometry":{"type":"LineString","coordinates":[[-123.947441,45.287664],[-123.944493,45.287321],[-123.943204,45.285894],[-123.940065,45.286646],[-123.939265,45.289715],[-123.937835,45.291881],[-123.934716,45.291883]]},"properties":{"OBJECTID":190,"fhdFtrID":222,"fhdRefID":51506,"fhdRevDt":"20020415","fhdONm":"Keith Braun - Rick Klumph","fhdOEnt":"ODFW","fhdSpNm":"Chum salmon","fhdRun":"NA","fhdLifeHst":"Anadromous","fhdUseTy":"Rearing","fhdBasis":"ConcurProfOpinion","fhdStNm":null,"fhdGenus":"Oncorhynchus","fhdSp":"keta","fhdSubSp":null,"fhdOrig":"NativeLocal","fhdProd":"Natural","fhdComment":null,"fhdESH":"yes","fhdBasisD":null,"fhdNMF":"yes","fhdBasisDt":null,"fhdBasisNm":null,"fhdBasisEnt":null,"fhdBasisPrj":null,"fhdBasisMethod":null,"Shape__Length":2504.632807927469,"fhdAccess":"Unassisted","fhdBarrierFtrID":null,"fhdEndExtent":"NA","habitatType":"stream"},"id":190},
{"type":"Feature","geometry":{"type":"LineString","coordinates":[[-123.940065,45.286646],[-123.937188,45.284838]]},"properties":{"OBJECTID":191,"fhdFtrID":223,"fhdRefID":51506,"fhdRevDt":"20020415","fhdONm":"Keith Braun - Rick Klumph","fhdOEnt":"ODFW","fhdSpNm":"Chum salmon","fhdRun":"NA","fhdLifeHst":"Anadromous","fhdUseTy":"Rearing","fhdBasis":"ConcurProfOpinion","fhdStNm":null,"fhdGenus":"Oncorhynchus","fhdSp":"keta","fhdSubSp":null,"fhdOrig":"NativeLocal","fhdProd":"Natural","fhdComment":null,"fhdESH":"yes","fhdBasisD":null,"fhdNMF":"yes","fhdBasisDt":null,"fhdBasisNm":null,"fhdBasisEnt":null,"fhdBasisPrj":null,"fhdBasisMethod":null,"Shape__Length":450.04189219897415,"fhdAccess":"Unassisted","fhdBarrierFtrID":null,"fhdEndExtent":"NA","habitatType":"stream"},"id":191},
{"type":"Feature","geometry":{"type":"LineString","coordinates":[[-123.959368,45.278092],[-123.957778,45.279434],[-123.959482,45.280582],[-123.957478,45.281685],[-123.954679,45.281276],[-123.953923,45.279795],[-123.951085,45.279881],[-123.952184,45.282428],[-123.950907,45.284032],[-123.952598,45.284799],[-123.953101,45.287056],[-123.951836,45.287839],[-123.947441,45.287664]]},"properties":{"OBJECTID":192,"fhdFtrID":224,"fhdRefID":51506,"fhdRevDt":"20020415","fhdONm":"Keith Braun - Rick Klumph","fhdOEnt":"ODFW","fhdSpNm":"Chum salmon","fhdRun":"NA","fhdLifeHst":"Anadromous","fhdUseTy":"Rearing","fhdBasis":"ConcurProfOpinion","fhdStNm":null,"fhdGenus":"Oncorhynchus","fhdSp":"keta","fhdSubSp":null,"fhdOrig":"NativeLocal","fhdProd":"Natural","fhdComment":null,"fhdESH":"yes","fhdBasisD":null,"fhdNMF":"yes","fhdBasisDt":null,"fhdBasisNm":null,"fhdBasisEnt":null,"fhdBasisPrj":null,"fhdBasisMethod":null,"Shape__Length":3989.6874774596513,"fhdAccess":"Unassisted","fhdBarrierFtrID":null,"fhdEndExtent":"NA","habitatType":"stream"},"id":192},
{"type":"Feature","geometry":{"type":"LineString","coordinates":[[-123.965148,45.365816],[-123.967133,45.358849],[-123.96605,45.358224]]},"properties":{"OBJECTID":193,"fhdFtrID":225,"fhdRefID":51506,"fhdRevDt":"20020415","fhdONm":"Keith Braun - Rick Klumph","fhdOEnt":"ODFW","fhdSpNm":"Chum salmon","fhdRun":"NA","fhdLifeHst":"Anadromous","fhdUseTy":"Spawning","fhdBasis":"ConcurProfOpinion","fhdStNm":"Jackson Diversion","fhdGenus":"Oncorhynchus","fhdSp":"keta","fhdSubSp":null,"fhdOrig":"NativeLocal","fhdProd":"Natural","fhdComment":null,"fhdESH":"yes","fhdBasisD":null,"fhdNMF":"yes","fhdBasisDt":null,"fhdBasisNm":null,"fhdBasisEnt":null,"fhdBasisPrj":null,"fhdBasisMethod":null,"Shape__Length":1335.51428719441,"fhdAccess":"Unassisted","fhdBarrierFtrID":null,"fhdEndExtent":"NA","habitatType":"stream"},"id":193},
{"type":"Feature","geometry":{"type":"LineString","coordinates":[[-123.964689,45.366315],[-123.965148,45.365816]]},"properties":{"OBJECTID":194,"fhdFtrID":226,"fhdRefID":51506,"fhdRevDt":"20020415","fhdONm":"Keith Braun","fhdOEnt":"ODFW","fhdSpNm":"Chum salmon","fhdRun":"NA","fhdLifeHst":"Anadromous","fhdUseTy":"Spawning","fhdBasis":"ConcurProfOpinion","fhdStNm":null,"fhdGenus":"Oncorhynchus","fhdSp":"keta","fhdSubSp":null,"fhdOrig":"NativeLocal","fhdProd":"Natural","fhdComment":null,"fhdESH":"yes","fhdBasisD":null,"fhdNMF":"yes","fhdBasisDt":null,"fhdBasisNm":null,"fhdBasisEnt":null,"fhdBasisPrj":null,"fhdBasisMethod":null,"Shape__Length":115.51265915718929,"fhdAccess":"Unassisted","fhdBarrierFtrID":null,"fhdEndExtent":"NA","habitatType":"stream"},"id":194},
{"type":"Feature","geometry":{"type":"LineString","coordinates":[[-124.083015,46.250005],[-124.07999,46.254451],[-124.062354,46.256713],[-124.056589,46.258375],[-124.036025,46.258257],[-124.01926,46.255344],[-124.006688,46.247141],[-123.962421,46.219812],[-123.927988,46.198315],[-123.918154,46.191759],[-123.912143,46.189931],[-123.900294,46.189939],[-123.893907,46.190397],[-123.840351,46.19431],[-123.827056,46.195399],[-123.80774,46.201961],[-123.766562,46.217446],[-123.754664,46.220974],[-123.734139,46.227283],[-123.713915,46.236764],[-123.68799,46.250436],[-123.669175,46.254713],[-123.649194,46.259503],[-123.640201,46.259193],[-123.604581,46.257632],[-123.585915,46.25665],[-123.541013,46.260622],[-123.520855,46.265763]]},"properties":{"OBJECTID":195,"fhdFtrID":227,"fhdRefID":53013,"fhdRevDt":"20160316","fhdONm":"Matt Weeber","fhdOEnt":"ODFW","fhdSpNm":"Chum salmon","fhdRun":"NA","fhdLifeHst":"Anadromous","fhdUseTy":"Migration","fhdBasis":"DownstreamDocObsFish","fhdStNm":"Columbia River","fhdGenus":"Oncorhynchus","fhdSp":"keta","fhdSubSp":null,"fhdOrig":"NativeLocal","fhdProd":"Natural","fhdComment":null,"fhdESH":"no","fhdBasisD":null,"fhdNMF":"yes","fhdBasisDt":null,"fhdBasisNm":null,"fhdBasisEnt":null,"fhdBasisPrj":null,"fhdBasisMethod":null,"Shape__Length":70109.85184264666,"fhdAccess":"Unassisted","fhdBarrierFtrID":null,"fhdEndExtent":"Unknown","habitatType":"stream"},"id":195},
{"type":"Feature","geometry":{"type":"LineString","coordinates":[[-122.784948,45.85554],[-122.784647,45.868495],[-122.797679,45.884658],[-122.801573,45.889097],[-122.808186,45.901922],[-122.806113,45.92234],[-122.804741,45.929044],[-122.806207,45.94832],[-122.8142,45.961365],[-122.822236,45.968363],[-122.829628,45.974422],[-122.833892,45.978321],[-122.837341,45.980861],[-122.847711,45.999701],[-122.855144,46.013626],[-122.857522,46.01594],[-122.871374,46.027206],[-122.876729,46.031116],[-122.877866,46.03307],[-122.878339,46.035973],[-122.88051,46.044266],[-122.880886,46.047132],[-122.883492,46.05916],[-122.884718,46.064014],[-122.889464,46.071516],[-122.892909,46.075969],[-122.904614,46.084526],[-122.927132,46.092709],[-122.932139,46.09438],[-122.961884,46.105518],[-122.988977,46.119469],[-123.00124,46.131732],[-123.005041,46.13509],[-123.034471,46.144316],[-123.056928,46.156777],[-123.074266,46.161343],[-123.111557,46.181867],[-123.120139,46.18676],[-123.166871,46.189428],[-123.231714,46.167164],[-123.242439,46.16203],[-123.264736,46.151461],[-123.269381,46.150569],[-123.313644,46.14302],[-123.33078,46.144641],[-123.355914,46.147124],[-123.384162,46.150013],[-123.390127,46.150622],[-123.39964,46.157813],[-123.427959,46.180166],[-123.429188,46.19116],[-123.423778,46.21518],[-123.422659,46.219553],[-123.427707,46.230941],[-123.431419,46.239982],[-123.43913,46.245454],[-123.464662,46.263135],[-123.482867,46.266876],[-123.501263,46.27082],[-123.520855,46.265763]]},"properties":{"OBJECTID":196,"fhdFtrID":228,"fhdRefID":53013,"fhdRevDt":"20160316","fhdONm":"Matt Weeber","fhdOEnt":"ODFW","fhdSpNm":"Chum salmon","fhdRun":"NA","fhdLifeHst":"Anadromous","fhdUseTy":"Migration","fhdBasis":"DownstreamDocObsFish","fhdStNm":"Columbia River","fhdGenus":"Oncorhynchus","fhdSp":"keta","fhdSubSp":null,"fhdOrig":"NativeLocal","fhdProd":"Natural","fhdComment":null,"fhdESH":"no","fhdBasisD":null,"fhdNMF":"yes","fhdBasisDt":null,"fhdBasisNm":null,"fhdBasisEnt":null,"fhdBasisPrj":null,"fhdBasisMethod":null,"Shape__Length":129939.73112433536,"fhdAccess":"Unassisted","fhdBarrierFtrID":null,"fhdEndExtent":"NA","habitatType":"stream"},"id":196},
{"type":"Feature","geometry":{"type":"LineString","coordinates":[[-123.830751,46.167803],[-123.832094,46.168604]]},"properties":{"OBJECTID":197,"fhdFtrID":229,"fhdRefID":53013,"fhdRevDt":"20190531","fhdONm":"Matt Weeber","fhdOEnt":"ODFW","fhdSpNm":"Chum salmon","fhdRun":"NA","fhdLifeHst":"Anadromous","fhdUseTy":"Spawning","fhdBasis":"DownstreamDocObsFish","fhdStNm":null,"fhdGenus":"Oncorhynchus","fhdSp":"keta","fhdSubSp":null,"fhdOrig":"NativeLocal","fhdProd":"Natural","fhdComment":"Daggett Point--Youngs Bay.  Outmigrating fry collected by Astoria High School students, April/May 2002.  Digital photos verified by ODFW Tillamook staff and Joe Sheahan.","fhdESH":"yes","fhdBasisD":null,"fhdNMF":"yes","fhdBasisDt":null,"fhdBasisNm":null,"fhdBasisEnt":null,"fhdBasisPrj":null,"fhdBasisMethod":null,"Shape__Length":197.25397266398667,"fhdAccess":"Unassisted","fhdBarrierFtrID":null,"fhdEndExtent":"NA","habitatType":"stream"},"id":197},
{"type":"Feature","geometry":{"type":"LineString","coordinates":[[-123.825786,46.165396],[-123.830751,46.167803]]},"properties":{"OBJECTID":198,"fhdFtrID":230,"fhdRefID":53013,"fhdRevDt":"20190531","fhdONm":"Matt Weeber","fhdOEnt":"ODFW","fhdSpNm":"Chum salmon","fhdRun":"NA","fhdLifeHst":"Anadromous","fhdUseTy":"Spawning","fhdBasis":"DownstreamDocObsFish","fhdStNm":null,"fhdGenus":"Oncorhynchus","fhdSp":"keta","fhdSubSp":null,"fhdOrig":"NativeLocal","fhdProd":"Natural","fhdComment":"Daggett Point--Youngs Bay.  Outmigrating fry collected by Astoria High School students, April/May 2002.  Digital photos verified by ODFW Tillamook staff and Joe Sheahan.","fhdESH":"yes","fhdBasisD":null,"fhdNMF":"yes","fhdBasisDt":null,"fhdBasisNm":null,"fhdBasisEnt":null,"fhdBasisPrj":null,"fhdBasisMethod":null,"Shape__Length":741.7767514414991,"fhdAccess":"Unassisted","fhdBarrierFtrID":null,"fhdEndExtent":"Unknown","habitatType":"stream"},"id":198},
{"type":"Feature","geometry":{"type":"LineString","coordinates":[[-122.312648,45.545439],[-122.325672,45.548416],[-122.331355,45.550851],[-122.338495,45.555745],[-122.343783,45.559998],[-122.346248,45.564056],[-122.350567,45.567892],[-122.359304,45.571933],[-122.368502,45.57293],[-122.38462,45.572271],[-122.394571,45.571472],[-122.396725,45.571286],[-122.399111,45.572044],[-122.401344,45.571258],[-122.407946,45.569866],[-122.414969,45.568759],[-122.439803,45.564186],[-122.443475,45.564926],[-122.453544,45.567614],[-122.469563,45.576467],[-122.480217,45.582148],[-122.487453,45.58299],[-122.5241,45.586181],[-122.544766,45.595772],[-122.546736,45.59631],[-122.639221,45.60954],[-122.6626,45.616752],[-122.674687,45.620655],[-122.688481,45.625787],[-122.703529,45.633051],[-122.713902,45.637834],[-122.726435,45.641693],[-122.7349,45.643742],[-122.737475,45.644586],[-122.747638,45.646683],[-122.761062,45.65457],[-122.764862,45.658297],[-122.767815,45.664164],[-122.775693,45.679097],[-122.776235,45.688644],[-122.771104,45.701898],[-122.766402,45.715603],[-122.760763,45.731562],[-122.759695,45.734233],[-122.759196,45.740208],[-122.760307,45.750379],[-122.760424,45.759334],[-122.763207,45.768339],[-122.765586,45.773563],[-122.769869,45.781658],[-122.783035,45.796197],[-122.786077,45.800066],[-122.789142,45.8032],[-122.795149,45.810339],[-122.795121,45.825142],[-122.790628,45.8342],[-122.784484,45.846061],[-122.784948,45.85554]]},"properties":{"OBJECTID":199,"fhdFtrID":233,"fhdRefID":53013,"fhdRevDt":"20160316","fhdONm":"Matt Weeber","fhdOEnt":"ODFW","fhdSpNm":"Chum salmon","fhdRun":"NA","fhdLifeHst":"Anadromous","fhdUseTy":"Migration","fhdBasis":"DownstreamDocObsFish","fhdStNm":"Columbia River","fhdGenus":"Oncorhynchus","fhdSp":"keta","fhdSubSp":null,"fhdOrig":"NativeLocal","fhdProd":"Natural","fhdComment":"Fish Passage Center","fhdESH":"no","fhdBasisD":null,"fhdNMF":"yes","fhdBasisDt":null,"fhdBasisNm":null,"fhdBasisEnt":null,"fhdBasisPrj":null,"fhdBasisMethod":null,"Shape__Length":89202.22318072042,"fhdAccess":"Unassisted","fhdBarrierFtrID":null,"fhdEndExtent":"NA","habitatType":"stream"},"id":199},
{"type":"Feature","geometry":{"type":"LineString","coordinates":[[-122.006853,45.617906],[-122.021202,45.615575],[-122.039647,45.610857],[-122.070674,45.597758],[-122.079118,45.594894]]},"properties":{"OBJECTID":200,"fhdFtrID":236,"fhdRefID":51504,"fhdRevDt":"20160316","fhdONm":null,"fhdOEnt":"Fish Passage Center","fhdSpNm":"Chum salmon","fhdRun":"NA","fhdLifeHst":"Anadromous","fhdUseTy":"Spawning","fhdBasis":"DownstreamDocObsFish","fhdStNm":"Columbia River","fhdGenus":"Oncorhynchus","fhdSp":"keta","fhdSubSp":null,"fhdOrig":"NativeLocal","fhdProd":"Natural","fhdComment":"Fish Passage Center","fhdESH":"yes","fhdBasisD":null,"fhdNMF":"yes","fhdBasisDt":null,"fhdBasisNm":null,"fhdBasisEnt":null,"fhdBasisPrj":null,"fhdBasisMethod":null,"Shape__Length":8905.592959887912,"fhdAccess":"Unassisted","fhdBarrierFtrID":null,"fhdEndExtent":"NA","habitatType":"stream"},"id":200},
{"type":"Feature","geometry":{"type":"LineString","coordinates":[[-122.080297,45.594496],[-122.111359,45.583966],[-122.114232,45.58376]]},"properties":{"OBJECTID":201,"fhdFtrID":239,"fhdRefID":51504,"fhdRevDt":"20160316","fhdONm":null,"fhdOEnt":"Fish Passage Center","fhdSpNm":"Chum salmon","fhdRun":"NA","fhdLifeHst":"Anadromous","fhdUseTy":"Spawning","fhdBasis":"DownstreamDocObsFish","fhdStNm":"Columbia River","fhdGenus":"Oncorhynchus","fhdSp":"keta","fhdSubSp":null,"fhdOrig":"NativeLocal","fhdProd":"Natural","fhdComment":"Fish Passage Center","fhdESH":"yes","fhdBasisD":null,"fhdNMF":"yes","fhdBasisDt":null,"fhdBasisNm":null,"fhdBasisEnt":null,"fhdBasisPrj":null,"fhdBasisMethod":null,"Shape__Length":4163.753606563398,"fhdAccess":"Unassisted","fhdBarrierFtrID":null,"fhdEndExtent":"NA","habitatType":"stream"},"id":201},
{"type":"Feature","geometry":{"type":"LineString","coordinates":[[-122.006853,45.617906],[-121.998056,45.618997]]},"properties":{"OBJECTID":202,"fhdFtrID":241,"fhdRefID":51504,"fhdRevDt":"20031215","fhdONm":null,"fhdOEnt":"Fish Passage Center","fhdSpNm":"Chum salmon","fhdRun":"NA","fhdLifeHst":"Anadromous","fhdUseTy":"Spawning","fhdBasis":"DocObsFish","fhdStNm":"Columbia River","fhdGenus":"Oncorhynchus","fhdSp":"keta","fhdSubSp":null,"fhdOrig":"NativeLocal","fhdProd":"Natural","fhdComment":"Fish Passage Center - redds observed near Oregon shoreline","fhdESH":"yes","fhdBasisD":null,"fhdNMF":"yes","fhdBasisDt":null,"fhdBasisNm":null,"fhdBasisEnt":null,"fhdBasisPrj":null,"fhdBasisMethod":null,"Shape__Length":997.7027871355518,"fhdAccess":"Unassisted","fhdBarrierFtrID":null,"fhdEndExtent":"NA","habitatType":"stream"},"id":202},
{"type":"Feature","geometry":{"type":"LineString","coordinates":[[-122.079118,45.594894],[-122.080297,45.594496]]},"properties":{"OBJECTID":203,"fhdFtrID":242,"fhdRefID":51504,"fhdRevDt":"20031120","fhdONm":null,"fhdOEnt":"Fish Passage Center","fhdSpNm":"Chum salmon","fhdRun":"NA","fhdLifeHst":"Anadromous","fhdUseTy":"Spawning","fhdBasis":"DocObsFish","fhdStNm":"Columbia River","fhdGenus":"Oncorhynchus","fhdSp":"keta","fhdSubSp":null,"fhdOrig":"NativeLocal","fhdProd":"Natural","fhdComment":"Fish Passage Center - redds observed near Oregon shoreline","fhdESH":"yes","fhdBasisD":null,"fhdNMF":"yes","fhdBasisDt":null,"fhdBasisNm":null,"fhdBasisEnt":null,"fhdBasisPrj":null,"fhdBasisMethod":null,"Shape__Length":145.68958096336195,"fhdAccess":"Unassisted","fhdBarrierFtrID":null,"fhdEndExtent":"NA","habitatType":"stream"},"id":203},
{"type":"Feature","geometry":{"type":"LineString","coordinates":[[-123.902185,44.009312],[-123.902979,44.010402],[-123.907996,44.011015],[-123.909028,44.011826],[-123.914072,44.012236],[-123.914597,44.01401]]},"properties":{"OBJECTID":204,"fhdFtrID":243,"fhdRefID":51507,"fhdRevDt":"20020521","fhdONm":"George Westfall","fhdOEnt":"ODFW","fhdSpNm":"Chum salmon","fhdRun":"NA","fhdLifeHst":"Anadromous","fhdUseTy":"Rearing","fhdBasis":"UndocObsFish","fhdStNm":"Sweet Creek","fhdGenus":"Oncorhynchus","fhdSp":"keta","fhdSubSp":null,"fhdOrig":"NativeLocal","fhdProd":"None","fhdComment":null,"fhdESH":"yes","fhdBasisD":null,"fhdNMF":"yes","fhdBasisDt":null,"fhdBasisNm":null,"fhdBasisEnt":null,"fhdBasisPrj":null,"fhdBasisMethod":null,"Shape__Length":2489.6547395167304,"fhdAccess":"Unassisted","fhdBarrierFtrID":null,"fhdEndExtent":"NA","habitatType":"stream"},"id":204},
{"type":"Feature","geometry":{"type":"LineString","coordinates":[[-123.943212,44.075484],[-123.944831,44.075551],[-123.947281,44.074455],[-123.950075,44.071767],[-123.952962,44.071644],[-123.957031,44.068625],[-123.960989,44.068417]]},"properties":{"OBJECTID":205,"fhdFtrID":244,"fhdRefID":51507,"fhdRevDt":"20020521","fhdONm":"George Westfall","fhdOEnt":"ODFW","fhdSpNm":"Chum salmon","fhdRun":"NA","fhdLifeHst":"Anadromous","fhdUseTy":"Historical","fhdBasis":"UndocObsFish","fhdStNm":"McLeod Creek","fhdGenus":"Oncorhynchus","fhdSp":"keta","fhdSubSp":null,"fhdOrig":"NativeLocal","fhdProd":"None","fhdComment":"formerly spawning","fhdESH":"NA","fhdBasisD":null,"fhdNMF":"yes","fhdBasisDt":null,"fhdBasisNm":null,"fhdBasisEnt":null,"fhdBasisPrj":null,"fhdBasisMethod":null,"Shape__Length":2580.212515183923,"fhdAccess":"NA","fhdBarrierFtrID":null,"fhdEndExtent":"Unknown","habitatType":"stream"},"id":205},
{"type":"Feature","geometry":{"type":"LineString","coordinates":[[-123.944908,44.00337],[-123.94471,44.006045],[-123.947792,44.009126],[-123.947011,44.012649],[-123.949176,44.01417],[-123.947971,44.015297]]},"properties":{"OBJECTID":206,"fhdFtrID":245,"fhdRefID":51507,"fhdRevDt":"20020521","fhdONm":"George Westfall","fhdOEnt":"ODFW","fhdSpNm":"Chum salmon","fhdRun":"NA","fhdLifeHst":"Anadromous","fhdUseTy":"Historical","fhdBasis":"ConcurProfOpinion","fhdStNm":"Hoffman Creek","fhdGenus":"Oncorhynchus","fhdSp":"keta","fhdSubSp":null,"fhdOrig":"NativeLocal","fhdProd":"None","fhdComment":"formerly spawning","fhdESH":"NA","fhdBasisD":null,"fhdNMF":"yes","fhdBasisDt":null,"fhdBasisNm":null,"fhdBasisEnt":null,"fhdBasisPrj":null,"fhdBasisMethod":null,"Shape__Length":2433.7428519070663,"fhdAccess":"NA","fhdBarrierFtrID":null,"fhdEndExtent":"Unknown","habitatType":"stream"},"id":206},
{"type":"Feature","geometry":{"type":"LineString","coordinates":[[-123.939364,44.031844],[-123.940407,44.029963],[-123.938071,44.028424],[-123.93748,44.024994],[-123.937456,44.019633],[-123.939181,44.017971],[-123.938291,44.014629]]},"properties":{"OBJECTID":207,"fhdFtrID":246,"fhdRefID":51507,"fhdRevDt":"20020521","fhdONm":"George Westfall","fhdOEnt":"ODFW","fhdSpNm":"Chum salmon","fhdRun":"NA","fhdLifeHst":"Anadromous","fhdUseTy":"Historical","fhdBasis":"UndocObsFish","fhdStNm":"David Creek","fhdGenus":"Oncorhynchus","fhdSp":"keta","fhdSubSp":null,"fhdOrig":"NativeLocal","fhdProd":"None","fhdComment":"formerly spawning.","fhdESH":"NA","fhdBasisD":null,"fhdNMF":"yes","fhdBasisDt":null,"fhdBasisNm":null,"fhdBasisEnt":null,"fhdBasisPrj":null,"fhdBasisMethod":null,"Shape__Length":3079.808047170538,"fhdAccess":"NA","fhdBarrierFtrID":null,"fhdEndExtent":"Unknown","habitatType":"stream"},"id":207},
{"type":"Feature","geometry":{"type":"LineString","coordinates":[[-123.905906,43.975458],[-123.902829,43.976041],[-123.898106,43.974691],[-123.897927,43.976899],[-123.903557,43.979929],[-123.904101,43.986943],[-123.902001,43.988216],[-123.89951,43.98815],[-123.895343,43.989853],[-123.892853,43.9898],[-123.891565,43.990981],[-123.894809,43.992265],[-123.896105,43.994213],[-123.898444,43.994744],[-123.902379,43.997221],[-123.902099,43.99942],[-123.902884,44.003583],[-123.904452,44.005335],[-123.903877,44.007676],[-123.902185,44.009312]]},"properties":{"OBJECTID":208,"fhdFtrID":247,"fhdRefID":51507,"fhdRevDt":"20020521","fhdONm":"George Westfall","fhdOEnt":"ODFW","fhdSpNm":"Chum salmon","fhdRun":"NA","fhdLifeHst":"Anadromous","fhdUseTy":"Spawning","fhdBasis":"UndocObsFish","fhdStNm":"Sweet Creek","fhdGenus":"Oncorhynchus","fhdSp":"keta","fhdSubSp":null,"fhdOrig":"NativeLocal","fhdProd":"None","fhdComment":null,"fhdESH":"yes","fhdBasisD":null,"fhdNMF":"yes","fhdBasisDt":null,"fhdBasisNm":null,"fhdBasisEnt":null,"fhdBasisPrj":null,"fhdBasisMethod":null,"Shape__Length":10758.787069021253,"fhdAccess":"Unassisted","fhdBarrierFtrID":null,"fhdEndExtent":"NA","habitatType":"stream"},"id":208},
{"type":"Feature","geometry":{"type":"LineString","coordinates":[[-123.829714,44.02687],[-123.832197,44.028513],[-123.833824,44.02806],[-123.835563,44.025652],[-123.837273,44.026031],[-123.837782,44.028283],[-123.835338,44.030412],[-123.835862,44.032452],[-123.838324,44.032592],[-123.842891,44.031221],[-123.846358,44.031848],[-123.849733,44.034939],[-123.852527,44.034544],[-123.854316,44.033333],[-123.85801,44.032158]]},"properties":{"OBJECTID":209,"fhdFtrID":248,"fhdRefID":51507,"fhdRevDt":"20020521","fhdONm":"George Westfall","fhdOEnt":"ODFW","fhdSpNm":"Chum salmon","fhdRun":"NA","fhdLifeHst":"Anadromous","fhdUseTy":"Historical","fhdBasis":"UndocObsFish","fhdStNm":"Knowles Creek","fhdGenus":"Oncorhynchus","fhdSp":"keta","fhdSubSp":null,"fhdOrig":"NativeLocal","fhdProd":"None","fhdComment":"formerly spawning.","fhdESH":"NA","fhdBasisD":null,"fhdNMF":"yes","fhdBasisDt":null,"fhdBasisNm":null,"fhdBasisEnt":null,"fhdBasisPrj":null,"fhdBasisMethod":null,"Shape__Length":6201.4567230780585,"fhdAccess":"NA","fhdBarrierFtrID":null,"fhdEndExtent":"Unknown","habitatType":"stream"},"id":209},
{"type":"Feature","geometry":{"type":"LineString","coordinates":[[-123.844622,44.000785],[-123.844924,44.002417],[-123.842348,44.002851],[-123.841748,44.004111],[-123.838,44.004692],[-123.840063,44.006779],[-123.83792,44.006962],[-123.836781,44.008379],[-123.846256,44.010434],[-123.845424,44.011962],[-123.848525,44.013555],[-123.851882,44.013845],[-123.850758,44.016492],[-123.853083,44.019189],[-123.85224,44.020433],[-123.855327,44.021005]]},"properties":{"OBJECTID":210,"fhdFtrID":249,"fhdRefID":51507,"fhdRevDt":"20020521","fhdONm":"George Westfall","fhdOEnt":"ODFW","fhdSpNm":"Chum salmon","fhdRun":"NA","fhdLifeHst":"Anadromous","fhdUseTy":"Historical","fhdBasis":"UndocObsFish","fhdStNm":"Hadsall Creek","fhdGenus":"Oncorhynchus","fhdSp":"keta","fhdSubSp":null,"fhdOrig":"NativeLocal","fhdProd":"None","fhdComment":"formerly spawning.","fhdESH":"NA","fhdBasisD":null,"fhdNMF":"yes","fhdBasisDt":null,"fhdBasisNm":null,"fhdBasisEnt":null,"fhdBasisPrj":null,"fhdBasisMethod":null,"Shape__Length":7249.70606891247,"fhdAccess":"NA","fhdBarrierFtrID":null,"fhdEndExtent":"Unknown","habitatType":"stream"},"id":210},
{"type":"Feature","geometry":{"type":"LineString","coordinates":[[-123.896408,46.010804],[-123.900523,46.010053],[-123.907888,46.010983]]},"properties":{"OBJECTID":211,"fhdFtrID":250,"fhdRefID":51505,"fhdRevDt":"20020220","fhdONm":"Joe Sheahan","fhdOEnt":"ODFW","fhdSpNm":"Chum salmon","fhdRun":"NA","fhdLifeHst":"Anadromous","fhdUseTy":"Historical","fhdBasis":"ConcurProfOpinion","fhdStNm":"Thompson Creek","fhdGenus":"Oncorhynchus","fhdSp":"keta","fhdSubSp":null,"fhdOrig":"NativeLocal","fhdProd":"None","fhdComment":null,"fhdESH":"NA","fhdBasisD":null,"fhdNMF":"yes","fhdBasisDt":null,"fhdBasisNm":null,"fhdBasisEnt":null,"fhdBasisPrj":null,"fhdBasisMethod":null,"Shape__Length":1406.1238893467373,"fhdAccess":"NA","fhdBarrierFtrID":null,"fhdEndExtent":"Unknown","habitatType":"stream"},"id":211},
{"type":"Feature","geometry":{"type":"LineString","coordinates":[[-123.897675,46.014383],[-123.899839,46.014782],[-123.903,46.012933],[-123.906217,46.013386]]},"properties":{"OBJECTID":212,"fhdFtrID":251,"fhdRefID":51505,"fhdRevDt":"20020220","fhdONm":"Joe Sheahan","fhdOEnt":"ODFW","fhdSpNm":"Chum salmon","fhdRun":"NA","fhdLifeHst":"Anadromous","fhdUseTy":"Historical","fhdBasis":"ConcurProfOpinion","fhdStNm":"Mill Creek","fhdGenus":"Oncorhynchus","fhdSp":"keta","fhdSubSp":null,"fhdOrig":"NativeLocal","fhdProd":"None","fhdComment":null,"fhdESH":"NA","fhdBasisD":null,"fhdNMF":"yes","fhdBasisDt":null,"fhdBasisNm":null,"fhdBasisEnt":null,"fhdBasisPrj":null,"fhdBasisMethod":null,"Shape__Length":1224.9651656008805,"fhdAccess":"NA","fhdBarrierFtrID":null,"fhdEndExtent":"Unknown","habitatType":"stream"},"id":212},
{"type":"Feature","geometry":{"type":"LineString","coordinates":[[-123.897003,46.023762],[-123.901289,46.023335],[-123.904041,46.023958],[-123.904754,46.019061],[-123.904101,46.017393],[-123.905412,46.015973],[-123.906263,46.013471]]},"properties":{"OBJECTID":213,"fhdFtrID":252,"fhdRefID":51505,"fhdRevDt":"20020220","fhdONm":"Joe Sheahan","fhdOEnt":"ODFW","fhdSpNm":"Chum salmon","fhdRun":"NA","fhdLifeHst":"Anadromous","fhdUseTy":"Historical","fhdBasis":"ConcurProfOpinion","fhdStNm":"Mill Creek","fhdGenus":"Oncorhynchus","fhdSp":"keta","fhdSubSp":null,"fhdOrig":"NativeLocal","fhdProd":"None","fhdComment":null,"fhdESH":"NA","fhdBasisD":null,"fhdNMF":"yes","fhdBasisDt":null,"fhdBasisNm":null,"fhdBasisEnt":null,"fhdBasisPrj":null,"fhdBasisMethod":null,"Shape__Length":2892.688242623701,"fhdAccess":"NA","fhdBarrierFtrID":null,"fhdEndExtent":"Unknown","habitatType":"stream"},"id":213},
{"type":"Feature","geometry":{"type":"LineString","coordinates":[[-123.887273,44.051986],[-123.884248,44.048989],[-123.882965,44.048445],[-123.881198,44.046055],[-123.878056,44.044602],[-123.874085,44.041625],[-123.871782,44.041292]]},"properties":{"OBJECTID":214,"fhdFtrID":253,"fhdRefID":51507,"fhdRevDt":"20020521","fhdONm":"George Westfall","fhdOEnt":"ODFW","fhdSpNm":"Chum salmon","fhdRun":"NA","fhdLifeHst":"Anadromous","fhdUseTy":"Historical","fhdBasis":"UndocObsFish","fhdStNm":"Siuslaw River","fhdGenus":"Oncorhynchus","fhdSp":"keta","fhdSubSp":null,"fhdOrig":"NativeLocal","fhdProd":"None","fhdComment":"formerly spawning.","fhdESH":"NA","fhdBasisD":null,"fhdNMF":"yes","fhdBasisDt":null,"fhdBasisNm":null,"fhdBasisEnt":null,"fhdBasisPrj":null,"fhdBasisMethod":null,"Shape__Length":2538.92050912003,"fhdAccess":"NA","fhdBarrierFtrID":null,"fhdEndExtent":"Unknown","habitatType":"stream"},"id":214},
{"type":"Feature","geometry":{"type":"LineString","coordinates":[[-123.914597,44.01401],[-123.915608,44.013043],[-123.918091,44.013024],[-123.926014,44.015454],[-123.929471,44.015498],[-123.938291,44.014629],[-123.943545,44.014293],[-123.947971,44.015297],[-123.96132,44.018562],[-123.967719,44.019323],[-123.972913,44.018707],[-123.982043,44.016972],[-123.992618,44.013199],[-123.998902,44.011744],[-124.000945,44.010912],[-124.005549,44.005991],[-124.007934,44.004206],[-124.01273,44.002151],[-124.015283,44.000386],[-124.017166,43.996687],[-124.02054,43.991984],[-124.022629,43.989759],[-124.024893,43.987961],[-124.027724,43.986522],[-124.030495,43.985767],[-124.034754,43.985706],[-124.038489,43.986447],[-124.040699,43.986184],[-124.045347,43.983503],[-124.051481,43.981462],[-124.054108,43.980199],[-124.058946,43.976913],[-124.060874,43.976279],[-124.066643,43.97604],[-124.06925,43.975534],[-124.076231,43.972151],[-124.080611,43.970975],[-124.081303,43.970167],[-124.081877,43.969842],[-124.09856,43.966154],[-124.104033,43.963931],[-124.107081,43.963902],[-124.113172,43.965742],[-124.116335,43.967341],[-124.122463,43.971139],[-124.124601,43.973903],[-124.12618,43.976826],[-124.126242,43.980146],[-124.125271,43.983039],[-124.121822,43.988104],[-124.121406,43.992632],[-124.121963,43.995585],[-124.123539,43.99985],[-124.126899,44.002791],[-124.130008,44.006929],[-124.131037,44.012946],[-124.132214,44.014668],[-124.135917,44.016901],[-124.138561,44.017576],[-124.146777,44.017987]]},"properties":{"OBJECTID":215,"fhdFtrID":254,"fhdRefID":51507,"fhdRevDt":"20020521","fhdONm":"George Westfall","fhdOEnt":"ODFW","fhdSpNm":"Chum salmon","fhdRun":"NA","fhdLifeHst":"Anadromous","fhdUseTy":"Rearing","fhdBasis":"UndocObsFish","fhdStNm":"Siuslaw River","fhdGenus":"Oncorhynchus","fhdSp":"keta","fhdSubSp":null,"fhdOrig":"NativeLocal","fhdProd":"None","fhdComment":null,"fhdESH":"yes","fhdBasisD":null,"fhdNMF":"yes","fhdBasisDt":null,"fhdBasisNm":null,"fhdBasisEnt":null,"fhdBasisPrj":null,"fhdBasisMethod":null,"Shape__Length":36025.751227363646,"fhdAccess":"Unassisted","fhdBarrierFtrID":null,"fhdEndExtent":"Unknown","habitatType":"stream"},"id":215},
{"type":"Feature","geometry":{"type":"LineString","coordinates":[[-124.080611,43.970975],[-124.079732,43.973667],[-124.080796,43.977006],[-124.08068,43.979843],[-124.079717,43.982022],[-124.073492,43.984431],[-124.069319,43.985438],[-124.060033,43.990693],[-124.061938,43.991656],[-124.062249,43.993589],[-124.06369,43.994692],[-124.067044,43.995327],[-124.067457,43.996656],[-124.060949,43.997703],[-124.060715,43.998934],[-124.064706,44.000999],[-124.066112,44.002413],[-124.068266,44.000943],[-124.070452,44.00402],[-124.068368,44.005678],[-124.068553,44.008346],[-124.067197,44.010708],[-124.06708,44.012326],[-124.063998,44.012877],[-124.06333,44.014629],[-124.05927,44.014419],[-124.058042,44.013436],[-124.056035,44.01557],[-124.054506,44.013937],[-124.052293,44.014115],[-124.052267,44.012629],[-124.047222,44.012649],[-124.044755,44.011933],[-124.041439,44.012359],[-124.038208,44.013753],[-124.036429,44.016331],[-124.03488,44.017438],[-124.036364,44.020423],[-124.035919,44.022323],[-124.03776,44.022306],[-124.040691,44.024634],[-124.037208,44.02629],[-124.039286,44.028153],[-124.038671,44.029374],[-124.037029,44.029758],[-124.034017,44.029083],[-124.030491,44.029277],[-124.029847,44.0275],[-124.033578,44.024388],[-124.034053,44.02233],[-124.033072,44.020777],[-124.030813,44.019321],[-124.026619,44.019251],[-124.025866,44.021054],[-124.026317,44.022477],[-124.025122,44.024405],[-124.025006,44.027566],[-124.022377,44.028364],[-124.02272,44.030441],[-124.022004,44.032442],[-124.01982,44.033307],[-124.01744,44.036786],[-124.018893,44.038952],[-124.017881,44.040631],[-124.01771,44.043599],[-124.018174,44.047791],[-124.017007,44.048305],[-124.013203,44.04634],[-124.010251,44.046168],[-124.009077,44.046989],[-124.00615,44.046461],[-124.002428,44.047313],[-123.99975,44.05038],[-123.997928,44.051017],[-123.99717,44.052946],[-123.99315,44.055191],[-123.987083,44.055122],[-123.985358,44.054673],[-123.97994,44.056187],[-123.979013,44.057825],[-123.977418,44.05764],[-123.976792,44.059329],[-123.970682,44.061461],[-123.966669,44.063309],[-123.965044,44.065015],[-123.962091,44.06649],[-123.960989,44.068417],[-123.960538,44.068835]]},"properties":{"OBJECTID":216,"fhdFtrID":255,"fhdRefID":51507,"fhdRevDt":"20020521","fhdONm":"George Westfall","fhdOEnt":"ODFW","fhdSpNm":"Chum salmon","fhdRun":"NA","fhdLifeHst":"Anadromous","fhdUseTy":"Historical","fhdBasis":"UndocObsFish","fhdStNm":"North Fork Siuslaw River","fhdGenus":"Oncorhynchus","fhdSp":"keta","fhdSubSp":null,"fhdOrig":"NativeLocal","fhdProd":"None","fhdComment":"formerly rearing","fhdESH":"NA","fhdBasisD":null,"fhdNMF":"yes","fhdBasisDt":null,"fhdBasisNm":null,"fhdBasisEnt":null,"fhdBasisPrj":null,"fhdBasisMethod":null,"Shape__Length":39569.08591677255,"fhdAccess":"NA","fhdBarrierFtrID":null,"fhdEndExtent":"NA","habitatType":"stream"},"id":216},
{"type":"Feature","geometry":{"type":"LineString","coordinates":[[-123.951067,44.0954],[-123.951898,44.093657],[-123.955538,44.09229],[-123.958374,44.089264],[-123.965069,44.086844],[-123.967679,44.085476],[-123.969317,44.083099],[-123.968887,44.080644],[-123.966564,44.076941],[-123.964253,44.075813],[-123.962169,44.076397],[-123.959421,44.079225],[-123.959183,44.082648],[-123.958104,44.084413],[-123.953893,44.085254],[-123.951855,44.083578],[-123.953973,44.080918],[-123.959562,44.075839],[-123.95913,44.071629],[-123.960538,44.068835]]},"properties":{"OBJECTID":217,"fhdFtrID":256,"fhdRefID":51507,"fhdRevDt":"20020521","fhdONm":"George Westfall","fhdOEnt":"ODFW","fhdSpNm":"Chum salmon","fhdRun":"NA","fhdLifeHst":"Anadromous","fhdUseTy":"Historical","fhdBasis":"UndocObsFish","fhdStNm":"North Fork Siuslaw River","fhdGenus":"Oncorhynchus","fhdSp":"keta","fhdSubSp":null,"fhdOrig":"NativeLocal","fhdProd":"None","fhdComment":"formerly spawning","fhdESH":"NA","fhdBasisD":null,"fhdNMF":"yes","fhdBasisDt":null,"fhdBasisNm":null,"fhdBasisEnt":null,"fhdBasisPrj":null,"fhdBasisMethod":null,"Shape__Length":9469.583605748763,"fhdAccess":"NA","fhdBarrierFtrID":null,"fhdEndExtent":"Unknown","habitatType":"stream"},"id":217},
{"type":"Feature","geometry":{"type":"LineString","coordinates":[[-124.060491,43.966909],[-124.058427,43.964524],[-124.057944,43.96244],[-124.059605,43.959624],[-124.058485,43.954458],[-124.059163,43.952588]]},"properties":{"OBJECTID":218,"fhdFtrID":257,"fhdRefID":51507,"fhdRevDt":"20020521","fhdONm":"George Westfall","fhdOEnt":"ODFW","fhdSpNm":"Chum salmon","fhdRun":"NA","fhdLifeHst":"Anadromous","fhdUseTy":"Historical","fhdBasis":"ConcurProfOpinion","fhdStNm":"South Inlet","fhdGenus":"Oncorhynchus","fhdSp":"keta","fhdSubSp":null,"fhdOrig":"NativeLocal","fhdProd":"None","fhdComment":"formerly rearing","fhdESH":"NA","fhdBasisD":null,"fhdNMF":"yes","fhdBasisDt":null,"fhdBasisNm":null,"fhdBasisEnt":null,"fhdBasisPrj":null,"fhdBasisMethod":null,"Shape__Length":2388.344802195108,"fhdAccess":"NA","fhdBarrierFtrID":null,"fhdEndExtent":"NA","habitatType":"stream"},"id":218},
{"type":"Feature","geometry":{"type":"LineString","coordinates":[[-124.05762,43.943031],[-124.058723,43.945933],[-124.058542,43.948929],[-124.059561,43.950477],[-124.059163,43.952588]]},"properties":{"OBJECTID":219,"fhdFtrID":258,"fhdRefID":51507,"fhdRevDt":"20020521","fhdONm":"George Westfall","fhdOEnt":"ODFW","fhdSpNm":"Chum salmon","fhdRun":"NA","fhdLifeHst":"Anadromous","fhdUseTy":"Historical","fhdBasis":"ConcurProfOpinion","fhdStNm":"South Inlet","fhdGenus":"Oncorhynchus","fhdSp":"keta","fhdSubSp":null,"fhdOrig":"NativeLocal","fhdProd":"None","fhdComment":"formerly spawning","fhdESH":"NA","fhdBasisD":null,"fhdNMF":"yes","fhdBasisDt":null,"fhdBasisNm":null,"fhdBasisEnt":null,"fhdBasisPrj":null,"fhdBasisMethod":null,"Shape__Length":1577.6790450381534,"fhdAccess":"NA","fhdBarrierFtrID":null,"fhdEndExtent":"Unknown","habitatType":"stream"},"id":219},
{"type":"Feature","geometry":{"type":"LineString","coordinates":[[-124.058427,43.964524],[-124.055713,43.964348],[-124.052414,43.966647],[-124.052373,43.96796]]},"properties":{"OBJECTID":220,"fhdFtrID":259,"fhdRefID":51507,"fhdRevDt":"20020521","fhdONm":"George Westfall","fhdOEnt":"ODFW","fhdSpNm":"Chum salmon","fhdRun":"NA","fhdLifeHst":"Anadromous","fhdUseTy":"Historical","fhdBasis":"ConcurProfOpinion","fhdStNm":"Demming Creek","fhdGenus":"Oncorhynchus","fhdSp":"keta","fhdSubSp":null,"fhdOrig":"NativeLocal","fhdProd":"None","fhdComment":"formerly rearing","fhdESH":"NA","fhdBasisD":null,"fhdNMF":"yes","fhdBasisDt":null,"fhdBasisNm":null,"fhdBasisEnt":null,"fhdBasisPrj":null,"fhdBasisMethod":null,"Shape__Length":1061.4716250646513,"fhdAccess":"NA","fhdBarrierFtrID":null,"fhdEndExtent":"NA","habitatType":"stream"},"id":220},
{"type":"Feature","geometry":{"type":"LineString","coordinates":[[-124.052373,43.96796],[-124.051417,43.96954],[-124.04597,43.969807],[-124.043019,43.969118]]},"properties":{"OBJECTID":221,"fhdFtrID":260,"fhdRefID":51507,"fhdRevDt":"20020521","fhdONm":"George Westfall","fhdOEnt":"ODFW","fhdSpNm":"Chum salmon","fhdRun":"NA","fhdLifeHst":"Anadromous","fhdUseTy":"Historical","fhdBasis":"ConcurProfOpinion","fhdStNm":"Demming Creek","fhdGenus":"Oncorhynchus","fhdSp":"keta","fhdSubSp":null,"fhdOrig":"NativeLocal","fhdProd":"None","fhdComment":"formerly spawning","fhdESH":"NA","fhdBasisD":null,"fhdNMF":"yes","fhdBasisDt":null,"fhdBasisNm":null,"fhdBasisEnt":null,"fhdBasisPrj":null,"fhdBasisMethod":null,"Shape__Length":1437.7622468594313,"fhdAccess":"NA","fhdBarrierFtrID":null,"fhdEndExtent":"Unknown","habitatType":"stream"},"id":221},
{"type":"Feature","geometry":{"type":"LineString","coordinates":[[-124.034809,44.038012],[-124.036524,44.036687],[-124.038671,44.029374]]},"properties":{"OBJECTID":222,"fhdFtrID":261,"fhdRefID":51507,"fhdRevDt":"20020521","fhdONm":"George Westfall","fhdOEnt":"ODFW","fhdSpNm":"Chum salmon","fhdRun":"NA","fhdLifeHst":"Anadromous","fhdUseTy":"Historical","fhdBasis":"UndocObsFish","fhdStNm":"Morris Creek","fhdGenus":"Oncorhynchus","fhdSp":"keta","fhdSubSp":null,"fhdOrig":"NativeLocal","fhdProd":"None","fhdComment":"formerly rearing","fhdESH":"NA","fhdBasisD":null,"fhdNMF":"yes","fhdBasisDt":null,"fhdBasisNm":null,"fhdBasisEnt":null,"fhdBasisPrj":null,"fhdBasisMethod":null,"Shape__Length":1703.9277469297863,"fhdAccess":"NA","fhdBarrierFtrID":null,"fhdEndExtent":"NA","habitatType":"stream"},"id":222},
{"type":"Feature","geometry":{"type":"LineString","coordinates":[[-124.030053,44.041949],[-124.032034,44.041062],[-124.032178,44.039882],[-124.034809,44.038012]]},"properties":{"OBJECTID":223,"fhdFtrID":262,"fhdRefID":51507,"fhdRevDt":"20020521","fhdONm":"George Westfall","fhdOEnt":"ODFW","fhdSpNm":"Chum salmon","fhdRun":"NA","fhdLifeHst":"Anadromous","fhdUseTy":"Historical","fhdBasis":"UndocObsFish","fhdStNm":"Morris Creek","fhdGenus":"Oncorhynchus","fhdSp":"keta","fhdSubSp":null,"fhdOrig":"NativeLocal","fhdProd":"None","fhdComment":"formerly spawning","fhdESH":"NA","fhdBasisD":null,"fhdNMF":"yes","fhdBasisDt":null,"fhdBasisNm":null,"fhdBasisEnt":null,"fhdBasisPrj":null,"fhdBasisMethod":null,"Shape__Length":942.2422639679185,"fhdAccess":"NA","fhdBarrierFtrID":null,"fhdEndExtent":"Unknown","habitatType":"stream"},"id":223},
{"type":"Feature","geometry":{"type":"LineString","coordinates":[[-124.022629,43.989759],[-124.018394,43.990058],[-124.014775,43.989149],[-124.012838,43.990648],[-124.014522,43.993167],[-124.011622,43.993922],[-124.010424,43.996368],[-124.007468,43.996903],[-124.002626,43.999359],[-124.001932,44.000582],[-124.003987,44.002712],[-124.003515,44.00368],[-123.99916,44.003661]]},"properties":{"OBJECTID":224,"fhdFtrID":263,"fhdRefID":51507,"fhdRevDt":"20020521","fhdONm":"George Westfall","fhdOEnt":"ODFW","fhdSpNm":"Chum salmon","fhdRun":"NA","fhdLifeHst":"Anadromous","fhdUseTy":"Historical","fhdBasis":"ConcurProfOpinion","fhdStNm":"Duncan Inlet","fhdGenus":"Oncorhynchus","fhdSp":"keta","fhdSubSp":null,"fhdOrig":"NativeLocal","fhdProd":"None","fhdComment":"formerly rearing","fhdESH":"NA","fhdBasisD":null,"fhdNMF":"yes","fhdBasisDt":null,"fhdBasisNm":null,"fhdBasisEnt":null,"fhdBasisPrj":null,"fhdBasisMethod":null,"Shape__Length":4797.068878046491,"fhdAccess":"NA","fhdBarrierFtrID":null,"fhdEndExtent":"NA","habitatType":"stream"},"id":224},
{"type":"Feature","geometry":{"type":"LineString","coordinates":[[-123.983404,43.968892],[-123.987665,43.967507],[-123.992173,43.968558],[-123.995132,43.971085],[-123.997336,43.970336],[-124.001141,43.969894],[-124.002976,43.970962],[-124.003179,43.973549],[-124.005208,43.973797],[-124.006843,43.97878],[-124.009027,43.980014],[-124.010735,43.981897],[-124.014863,43.983798],[-124.013977,43.987657],[-124.014775,43.989149]]},"properties":{"OBJECTID":225,"fhdFtrID":264,"fhdRefID":51507,"fhdRevDt":"20020521","fhdONm":"George Westfall","fhdOEnt":"ODFW","fhdSpNm":"Chum salmon","fhdRun":"NA","fhdLifeHst":"Anadromous","fhdUseTy":"Historical","fhdBasis":"ConcurProfOpinion","fhdStNm":"Bernhardt Creek","fhdGenus":"Oncorhynchus","fhdSp":"keta","fhdSubSp":null,"fhdOrig":"NativeLocal","fhdProd":"None","fhdComment":"formerly spawning","fhdESH":"NA","fhdBasisD":null,"fhdNMF":"yes","fhdBasisDt":null,"fhdBasisNm":null,"fhdBasisEnt":null,"fhdBasisPrj":null,"fhdBasisMethod":null,"Shape__Length":7327.859292010008,"fhdAccess":"NA","fhdBarrierFtrID":null,"fhdEndExtent":"Unknown","habitatType":"stream"},"id":225},
{"type":"Feature","geometry":{"type":"LineString","coordinates":[[-124.010661,44.055712],[-124.01207,44.058208],[-124.014833,44.060277],[-124.012987,44.064281],[-124.012959,44.067338],[-124.012295,44.068623],[-124.012726,44.071185],[-124.011248,44.073395],[-124.009596,44.07368]]},"properties":{"OBJECTID":226,"fhdFtrID":265,"fhdRefID":51507,"fhdRevDt":"20020521","fhdONm":"George Westfall","fhdOEnt":"ODFW","fhdSpNm":"Chum salmon","fhdRun":"NA","fhdLifeHst":"Anadromous","fhdUseTy":"Historical","fhdBasis":"UndocObsFish","fhdStNm":"Condon Creek","fhdGenus":"Oncorhynchus","fhdSp":"keta","fhdSubSp":null,"fhdOrig":"NativeLocal","fhdProd":"None","fhdComment":"formerly spawning","fhdESH":"NA","fhdBasisD":null,"fhdNMF":"yes","fhdBasisDt":null,"fhdBasisNm":null,"fhdBasisEnt":null,"fhdBasisPrj":null,"fhdBasisMethod":null,"Shape__Length":3244.864032524233,"fhdAccess":"NA","fhdBarrierFtrID":null,"fhdEndExtent":"Unknown","habitatType":"stream"},"id":226},
{"type":"Feature","geometry":{"type":"LineString","coordinates":[[-124.010661,44.055712],[-124.008648,44.055402],[-124.005478,44.053197],[-124.00652,44.049514],[-124.00789,44.047985],[-124.010511,44.048291],[-124.010251,44.046168]]},"properties":{"OBJECTID":227,"fhdFtrID":266,"fhdRefID":51507,"fhdRevDt":"20020521","fhdONm":"George Westfall","fhdOEnt":"ODFW","fhdSpNm":"Chum salmon","fhdRun":"NA","fhdLifeHst":"Anadromous","fhdUseTy":"Historical","fhdBasis":"UndocObsFish","fhdStNm":"Condon Creek","fhdGenus":"Oncorhynchus","fhdSp":"keta","fhdSubSp":null,"fhdOrig":"NativeLocal","fhdProd":"None","fhdComment":"formerly rearing","fhdESH":"NA","fhdBasisD":null,"fhdNMF":"yes","fhdBasisDt":null,"fhdBasisNm":null,"fhdBasisEnt":null,"fhdBasisPrj":null,"fhdBasisMethod":null,"Shape__Length":2946.91054313705,"fhdAccess":"NA","fhdBarrierFtrID":null,"fhdEndExtent":"NA","habitatType":"stream"},"id":227},
{"type":"Feature","geometry":{"type":"LineString","coordinates":[[-123.990168,43.998279],[-123.992272,43.998306],[-123.994094,43.999852],[-123.992506,44.001275],[-123.99546,44.003252],[-123.99916,44.003661]]},"properties":{"OBJECTID":228,"fhdFtrID":267,"fhdRefID":51507,"fhdRevDt":"20020521","fhdONm":"George Westfall","fhdOEnt":"ODFW","fhdSpNm":"Chum salmon","fhdRun":"NA","fhdLifeHst":"Anadromous","fhdUseTy":"Historical","fhdBasis":"ConcurProfOpinion","fhdStNm":"Karnowsky Creek","fhdGenus":"Oncorhynchus","fhdSp":"keta","fhdSubSp":null,"fhdOrig":"NativeLocal","fhdProd":"None","fhdComment":"formerly spawning","fhdESH":"NA","fhdBasisD":null,"fhdNMF":"yes","fhdBasisDt":null,"fhdBasisNm":null,"fhdBasisEnt":null,"fhdBasisPrj":null,"fhdBasisMethod":null,"Shape__Length":1814.3255278575928,"fhdAccess":"NA","fhdBarrierFtrID":null,"fhdEndExtent":"Unknown","habitatType":"stream"},"id":228},
{"type":"Feature","geometry":{"type":"LineString","coordinates":[[-124.060491,43.966909],[-124.063311,43.967387],[-124.066118,43.966916],[-124.074415,43.966712],[-124.079735,43.967706],[-124.081303,43.970167]]},"properties":{"OBJECTID":229,"fhdFtrID":268,"fhdRefID":51507,"fhdRevDt":"20020521","fhdONm":"George Westfall","fhdOEnt":"ODFW","fhdSpNm":"Chum salmon","fhdRun":"NA","fhdLifeHst":"Anadromous","fhdUseTy":"Historical","fhdBasis":"ConcurProfOpinion","fhdStNm":"South Slough","fhdGenus":"Oncorhynchus","fhdSp":"keta","fhdSubSp":null,"fhdOrig":"NativeLocal","fhdProd":"None","fhdComment":"formerly rearing","fhdESH":"NA","fhdBasisD":null,"fhdNMF":"yes","fhdBasisDt":null,"fhdBasisNm":null,"fhdBasisEnt":null,"fhdBasisPrj":null,"fhdBasisMethod":null,"Shape__Length":2622.853558084385,"fhdAccess":"NA","fhdBarrierFtrID":null,"fhdEndExtent":"NA","habitatType":"stream"},"id":229},
{"type":"Feature","geometry":{"type":"LineString","coordinates":[[-123.68457,46.15521],[-123.683694,46.156647],[-123.680662,46.158161],[-123.678348,46.162298],[-123.676642,46.162846],[-123.671904,46.167284],[-123.672575,46.168979],[-123.66823,46.173604]]},"properties":{"OBJECTID":230,"fhdFtrID":421,"fhdRefID":51505,"fhdRevDt":"20020000","fhdONm":"Joe Sheahan - Walt Weber","fhdOEnt":"ODFW","fhdSpNm":"Chum salmon","fhdRun":"NA","fhdLifeHst":"Anadromous","fhdUseTy":"Historical","fhdBasis":"ConcurProfOpinion","fhdStNm":"Marys Creek","fhdGenus":"Oncorhynchus","fhdSp":"keta","fhdSubSp":null,"fhdOrig":"NativeLocal","fhdProd":"None","fhdComment":"Historic Distribution Only","fhdESH":"NA","fhdBasisD":null,"fhdNMF":"yes","fhdBasisDt":null,"fhdBasisNm":null,"fhdBasisEnt":null,"fhdBasisPrj":null,"fhdBasisMethod":null,"Shape__Length":5276.8252560222345,"fhdAccess":"NA","fhdBarrierFtrID":null,"fhdEndExtent":"Unknown","habitatType":"stream"},"id":230},
{"type":"Feature","geometry":{"type":"LineString","coordinates":[[-123.711784,46.148087],[-123.713959,46.150708],[-123.719794,46.151914],[-123.721619,46.155199],[-123.72567,46.155939],[-123.725766,46.157766],[-123.724133,46.160065],[-123.719689,46.16141],[-123.722098,46.162616],[-123.731958,46.161176],[-123.735179,46.160242],[-123.737948,46.158677],[-123.742314,46.158082],[-123.742773,46.159256],[-123.74125,46.160426],[-123.74205,46.163059],[-123.743631,46.164961],[-123.748723,46.164377],[-123.75296,46.164844],[-123.753431,46.167373],[-123.752291,46.170072],[-123.752729,46.174368],[-123.752057,46.175382],[-123.747482,46.176722],[-123.744752,46.179379],[-123.741246,46.180582],[-123.739376,46.182602]]},"properties":{"OBJECTID":231,"fhdFtrID":422,"fhdRefID":51505,"fhdRevDt":"20020000","fhdONm":"Joe Sheahan - Walt Weber","fhdOEnt":"ODFW","fhdSpNm":"Chum salmon","fhdRun":"NA","fhdLifeHst":"Anadromous","fhdUseTy":"Historical","fhdBasis":"ConcurProfOpinion","fhdStNm":"John Day River","fhdGenus":"Oncorhynchus","fhdSp":"keta","fhdSubSp":null,"fhdOrig":"NativeLocal","fhdProd":"None","fhdComment":"Historic Distribution Only","fhdESH":"NA","fhdBasisD":null,"fhdNMF":"yes","fhdBasisDt":null,"fhdBasisNm":null,"fhdBasisEnt":null,"fhdBasisPrj":null,"fhdBasisMethod":null,"Shape__Length":12819.244719943827,"fhdAccess":"NA","fhdBarrierFtrID":null,"fhdEndExtent":"Unknown","habitatType":"stream"},"id":231},
{"type":"Feature","geometry":{"type":"LineString","coordinates":[[-123.495103,46.176514],[-123.49554,46.176901],[-123.498762,46.176641],[-123.500769,46.17737],[-123.505205,46.17622],[-123.510741,46.176919],[-123.515636,46.178463],[-123.519088,46.178168],[-123.519547,46.177334],[-123.52303,46.177286],[-123.527341,46.177869]]},"properties":{"OBJECTID":232,"fhdFtrID":423,"fhdRefID":51505,"fhdRevDt":"20020000","fhdONm":"Joe Sheahan - Walt Weber","fhdOEnt":"ODFW","fhdSpNm":"Chum salmon","fhdRun":"NA","fhdLifeHst":"Anadromous","fhdUseTy":"Historical","fhdBasis":"ConcurProfOpinion","fhdStNm":"McNary Creek","fhdGenus":"Oncorhynchus","fhdSp":"keta","fhdSubSp":null,"fhdOrig":"NativeLocal","fhdProd":"None","fhdComment":"Historic Distribution Only","fhdESH":"NA","fhdBasisD":null,"fhdNMF":"yes","fhdBasisDt":null,"fhdBasisNm":null,"fhdBasisEnt":null,"fhdBasisPrj":null,"fhdBasisMethod":null,"Shape__Length":4843.987485839995,"fhdAccess":"NA","fhdBarrierFtrID":null,"fhdEndExtent":"Unknown","habitatType":"stream"},"id":232},
{"type":"Feature","geometry":{"type":"LineString","coordinates":[[-123.529899,46.194241],[-123.531099,46.195536],[-123.530616,46.197111],[-123.534123,46.199646]]},"properties":{"OBJECTID":233,"fhdFtrID":423,"fhdRefID":51505,"fhdRevDt":"20020000","fhdONm":"Joe Sheahan - Walt Weber","fhdOEnt":"ODFW","fhdSpNm":"Chum salmon","fhdRun":"NA","fhdLifeHst":"Anadromous","fhdUseTy":"Migration","fhdBasis":"DownstreamDocObsFish","fhdStNm":"McNary Creek","fhdGenus":"Oncorhynchus","fhdSp":"keta","fhdSubSp":null,"fhdOrig":"NativeLocal","fhdProd":"Mixed","fhdComment":"2021 outplantings","fhdESH":"no","fhdBasisD":null,"fhdNMF":"yes","fhdBasisDt":null,"fhdBasisNm":null,"fhdBasisEnt":null,"fhdBasisPrj":null,"fhdBasisMethod":null,"Shape__Length":1091.8612824585375,"fhdAccess":"Unassisted","fhdBarrierFtrID":null,"fhdEndExtent":"Unknown","habitatType":"stream"},"id":233},
{"type":"Feature","geometry":{"type":"LineString","coordinates":[[-123.529141,46.179741],[-123.527341,46.177869]]},"properties":{"OBJECTID":234,"fhdFtrID":423,"fhdRefID":51505,"fhdRevDt":"20220902","fhdONm":"Matt Weeber","fhdOEnt":"ODFW","fhdSpNm":"Chum salmon","fhdRun":"NA","fhdLifeHst":"Anadromous","fhdUseTy":"Spawning","fhdBasis":"DownstreamDocObsFish","fhdStNm":"McNary Creek","fhdGenus":"Oncorhynchus","fhdSp":"keta","fhdSubSp":null,"fhdOrig":"NativeLocalReintro","fhdProd":"Mixed","fhdComment":"2021 outplantings","fhdESH":"yes","fhdBasisD":null,"fhdNMF":"yes","fhdBasisDt":null,"fhdBasisNm":null,"fhdBasisEnt":"ODFW","fhdBasisPrj":"OASIS","fhdBasisMethod":"spawning survey","Shape__Length":399.990586977743,"fhdAccess":"Unassisted","fhdBarrierFtrID":null,"fhdEndExtent":"Unknown","habitatType":"stream"},"id":234},
{"type":"Feature","geometry":{"type":"LineString","coordinates":[[-123.529141,46.179741],[-123.530776,46.179609],[-123.533729,46.18091],[-123.534289,46.182233],[-123.532416,46.183944],[-123.533047,46.18582],[-123.535321,46.187994],[-123.532872,46.188986],[-123.53036,46.188453],[-123.52927,46.18949],[-123.531852,46.191224],[-123.529899,46.194241]]},"properties":{"OBJECTID":235,"fhdFtrID":423,"fhdRefID":53013,"fhdRevDt":"20220902","fhdONm":"Matt Weeber","fhdOEnt":"ODFW","fhdSpNm":"Chum salmon","fhdRun":"NA","fhdLifeHst":"Anadromous","fhdUseTy":"Spawning","fhdBasis":"DownstreamDocObsFish","fhdStNm":"McNary Creek","fhdGenus":"Oncorhynchus","fhdSp":"keta","fhdSubSp":null,"fhdOrig":"NativeLocalReintro","fhdProd":"Mixed","fhdComment":"2021 outplantings","fhdESH":"yes","fhdBasisD":null,"fhdNMF":"yes","fhdBasisDt":null,"fhdBasisNm":null,"fhdBasisEnt":"ODFW","fhdBasisPrj":"OASIS","fhdBasisMethod":"spawning survey","Shape__Length":3918.9759946390263,"fhdAccess":"Unassisted","fhdBarrierFtrID":null,"fhdEndExtent":"Unknown","habitatType":"stream"},"id":235},
{"type":"Feature","geometry":{"type":"LineString","coordinates":[[-123.486329,46.192453],[-123.491276,46.19368],[-123.493946,46.193075],[-123.498126,46.194148],[-123.502595,46.194477],[-123.504863,46.193781],[-123.508197,46.19437],[-123.509572,46.193142],[-123.513561,46.193791],[-123.515869,46.193397],[-123.525277,46.194092],[-123.529062,46.193599],[-123.529899,46.194241]]},"properties":{"OBJECTID":236,"fhdFtrID":424,"fhdRefID":51505,"fhdRevDt":"20020000","fhdONm":"Joe Sheahan - Walt Weber","fhdOEnt":"ODFW","fhdSpNm":"Chum salmon","fhdRun":"NA","fhdLifeHst":"Anadromous","fhdUseTy":"Historical","fhdBasis":"ConcurProfOpinion","fhdStNm":"Davis Creek","fhdGenus":"Oncorhynchus","fhdSp":"keta","fhdSubSp":null,"fhdOrig":"NativeLocal","fhdProd":"None","fhdComment":"Historic Distribution Only","fhdESH":"NA","fhdBasisD":null,"fhdNMF":"yes","fhdBasisDt":null,"fhdBasisNm":null,"fhdBasisEnt":null,"fhdBasisPrj":null,"fhdBasisMethod":null,"Shape__Length":5540.287525853007,"fhdAccess":"NA","fhdBarrierFtrID":null,"fhdEndExtent":"Unknown","habitatType":"stream"},"id":236},
{"type":"Feature","geometry":{"type":"LineString","coordinates":[[-123.49266,46.218735],[-123.493657,46.219788],[-123.497956,46.219501],[-123.499831,46.220361],[-123.504409,46.2205],[-123.509113,46.219388],[-123.508687,46.218126],[-123.512813,46.218232],[-123.518193,46.220868]]},"properties":{"OBJECTID":237,"fhdFtrID":425,"fhdRefID":51505,"fhdRevDt":"20020000","fhdONm":"Joe Sheahan - Walt Weber","fhdOEnt":"ODFW","fhdSpNm":"Chum salmon","fhdRun":"NA","fhdLifeHst":"Anadromous","fhdUseTy":"Historical","fhdBasis":"ConcurProfOpinion","fhdStNm":"Unnamed trib to Blind Slough","fhdGenus":"Oncorhynchus","fhdSp":"keta","fhdSubSp":null,"fhdOrig":"NativeLocal","fhdProd":"None","fhdComment":"Historic Distribution Only","fhdESH":"NA","fhdBasisD":null,"fhdNMF":"yes","fhdBasisDt":null,"fhdBasisNm":null,"fhdBasisEnt":null,"fhdBasisPrj":null,"fhdBasisMethod":null,"Shape__Length":4106.536321026325,"fhdAccess":"NA","fhdBarrierFtrID":null,"fhdEndExtent":"Unknown","habitatType":"stream"},"id":237},
{"type":"Feature","geometry":{"type":"LineString","coordinates":[[-123.627825,46.153472],[-123.632458,46.15495],[-123.640562,46.159699],[-123.644565,46.159755]]},"properties":{"OBJECTID":238,"fhdFtrID":426,"fhdRefID":51505,"fhdRevDt":"20020000","fhdONm":"Joe Sheahan - Walt Weber","fhdOEnt":"ODFW","fhdSpNm":"Chum salmon","fhdRun":"NA","fhdLifeHst":"Anadromous","fhdUseTy":"Historical","fhdBasis":"ConcurProfOpinion","fhdStNm":"Ferris Creek","fhdGenus":"Oncorhynchus","fhdSp":"keta","fhdSubSp":null,"fhdOrig":"NativeLocal","fhdProd":"None","fhdComment":"Historic Distribution Only","fhdESH":"NA","fhdBasisD":null,"fhdNMF":"yes","fhdBasisDt":null,"fhdBasisNm":null,"fhdBasisEnt":null,"fhdBasisPrj":null,"fhdBasisMethod":null,"Shape__Length":2273.982195438615,"fhdAccess":"NA","fhdBarrierFtrID":null,"fhdEndExtent":"Unknown","habitatType":"stream"},"id":238},
{"type":"Feature","geometry":{"type":"LineString","coordinates":[[-123.59699,46.185989],[-123.604813,46.188707],[-123.609734,46.189013],[-123.621248,46.186072],[-123.62667,46.185209],[-123.629193,46.18171],[-123.635064,46.179639],[-123.639947,46.177035],[-123.646907,46.174015],[-123.652499,46.173309],[-123.65558,46.171653],[-123.661107,46.172395],[-123.665443,46.172363],[-123.66823,46.173604],[-123.669714,46.17621],[-123.67104,46.177121],[-123.67386,46.177203],[-123.682848,46.174872],[-123.690832,46.172574],[-123.698018,46.171877],[-123.710006,46.172473],[-123.712856,46.171847],[-123.714886,46.172077],[-123.71867,46.173996],[-123.723993,46.174845],[-123.729046,46.173521],[-123.733636,46.175675],[-123.739376,46.182602],[-123.742524,46.186748],[-123.751264,46.196558],[-123.753162,46.198683],[-123.755755,46.20439],[-123.754664,46.220974]]},"properties":{"OBJECTID":239,"fhdFtrID":428,"fhdRefID":53013,"fhdRevDt":"20160321","fhdONm":"Matt Weeber","fhdOEnt":"ODFW","fhdSpNm":"Chum salmon","fhdRun":"NA","fhdLifeHst":"Anadromous","fhdUseTy":"Migration","fhdBasis":"DownstreamDocObsFish","fhdStNm":"Unnamed trib to Columbia River","fhdGenus":"Oncorhynchus","fhdSp":"keta","fhdSubSp":null,"fhdOrig":"NativeLocal","fhdProd":"Natural","fhdComment":null,"fhdESH":"no","fhdBasisD":null,"fhdNMF":"yes","fhdBasisDt":null,"fhdBasisNm":null,"fhdBasisEnt":null,"fhdBasisPrj":null,"fhdBasisMethod":null,"Shape__Length":25073.677384579907,"fhdAccess":"Unassisted","fhdBarrierFtrID":null,"fhdEndExtent":"NA","habitatType":"stream"},"id":239},
{"type":"Feature","geometry":{"type":"LineString","coordinates":[[-123.632987,46.14683],[-123.633197,46.149639],[-123.635107,46.150299],[-123.635666,46.152022],[-123.637299,46.153103],[-123.640606,46.153801],[-123.643614,46.153709],[-123.643573,46.156172],[-123.644565,46.159755],[-123.646222,46.160628],[-123.646055,46.162313],[-123.65049,46.165551],[-123.651942,46.167647],[-123.65183,46.169441],[-123.65558,46.171653]]},"properties":{"OBJECTID":240,"fhdFtrID":429,"fhdRefID":51505,"fhdRevDt":"20020000","fhdONm":"Joe Sheahan - Walt Weber","fhdOEnt":"ODFW","fhdSpNm":"Chum salmon","fhdRun":"NA","fhdLifeHst":"Anadromous","fhdUseTy":"Historical","fhdBasis":"ConcurProfOpinion","fhdStNm":"Hillcrest Creek","fhdGenus":"Oncorhynchus","fhdSp":"keta","fhdSubSp":null,"fhdOrig":"NativeLocal","fhdProd":"None","fhdComment":"Historic Distribution Only","fhdESH":"NA","fhdBasisD":null,"fhdNMF":"yes","fhdBasisDt":null,"fhdBasisNm":null,"fhdBasisEnt":null,"fhdBasisPrj":null,"fhdBasisMethod":null,"Shape__Length":6964.465503290069,"fhdAccess":"NA","fhdBarrierFtrID":null,"fhdEndExtent":"Unknown","habitatType":"stream"},"id":240},
{"type":"Feature","geometry":{"type":"LineString","coordinates":[[-123.525617,46.230159],[-123.5218,46.228089],[-123.519778,46.225422],[-123.517227,46.223682],[-123.518193,46.220868],[-123.519356,46.21987],[-123.521877,46.220759],[-123.522898,46.217814],[-123.522956,46.215213],[-123.519645,46.213555],[-123.526182,46.21207],[-123.525206,46.206194],[-123.520963,46.206237],[-123.521883,46.201107],[-123.529619,46.200545],[-123.530361,46.201335],[-123.528011,46.205904],[-123.529844,46.20698],[-123.532958,46.20612],[-123.534123,46.199646]]},"properties":{"OBJECTID":241,"fhdFtrID":430,"fhdRefID":51505,"fhdRevDt":"20020000","fhdONm":"Joe Sheahan - Walt Weber","fhdOEnt":"ODFW","fhdSpNm":"Chum salmon","fhdRun":"NA","fhdLifeHst":"Anadromous","fhdUseTy":"Historical","fhdBasis":"ConcurProfOpinion","fhdStNm":"Blind Slough","fhdGenus":"Oncorhynchus","fhdSp":"keta","fhdSubSp":null,"fhdOrig":"NativeLocal","fhdProd":"None","fhdComment":null,"fhdESH":"NA","fhdBasisD":null,"fhdNMF":"yes","fhdBasisDt":null,"fhdBasisNm":null,"fhdBasisEnt":null,"fhdBasisPrj":null,"fhdBasisMethod":null,"Shape__Length":11889.151423154717,"fhdAccess":"NA","fhdBarrierFtrID":null,"fhdEndExtent":"Unknown","habitatType":"stream"},"id":241},
{"type":"Feature","geometry":{"type":"LineString","coordinates":[[-123.534123,46.199646],[-123.536674,46.200228],[-123.540198,46.202144],[-123.546297,46.202809],[-123.551307,46.202952],[-123.562393,46.202552],[-123.571835,46.202381],[-123.575857,46.202902],[-123.579231,46.20271],[-123.581822,46.201508],[-123.587274,46.201101]]},"properties":{"OBJECTID":242,"fhdFtrID":430,"fhdRefID":51505,"fhdRevDt":"20020000","fhdONm":"Joe Sheahan - Walt Weber","fhdOEnt":"ODFW","fhdSpNm":"Chum salmon","fhdRun":"NA","fhdLifeHst":"Anadromous","fhdUseTy":"Migration","fhdBasis":"DownstreamDocObsFish","fhdStNm":"Blind Slough","fhdGenus":"Oncorhynchus","fhdSp":"keta","fhdSubSp":null,"fhdOrig":"NativeLocal","fhdProd":"Mixed","fhdComment":"2021 outplantings","fhdESH":"no","fhdBasisD":null,"fhdNMF":"yes","fhdBasisDt":null,"fhdBasisNm":null,"fhdBasisEnt":null,"fhdBasisPrj":null,"fhdBasisMethod":null,"Shape__Length":6160.449807205735,"fhdAccess":"Unassisted","fhdBarrierFtrID":null,"fhdEndExtent":"Unknown","habitatType":"stream"},"id":242},
{"type":"Feature","geometry":{"type":"LineString","coordinates":[[-123.582268,46.147029],[-123.584524,46.148523],[-123.585648,46.15055],[-123.588225,46.151428],[-123.588145,46.154271],[-123.590123,46.156514],[-123.593652,46.159165],[-123.593293,46.160148],[-123.596622,46.162525],[-123.596476,46.162813],[-123.593348,46.164211],[-123.592273,46.166866],[-123.593009,46.168856],[-123.591105,46.169937],[-123.591257,46.173295],[-123.591913,46.175561],[-123.590674,46.17724],[-123.59051,46.179314],[-123.591648,46.181698]]},"properties":{"OBJECTID":243,"fhdFtrID":431,"fhdRefID":53013,"fhdRevDt":"20160321","fhdONm":"Matt Weeber","fhdOEnt":"ODFW","fhdSpNm":"Chum salmon","fhdRun":"NA","fhdLifeHst":"Anadromous","fhdUseTy":"Spawning","fhdBasis":"DocObsFish","fhdStNm":"Big Creek","fhdGenus":"Oncorhynchus","fhdSp":"keta","fhdSubSp":null,"fhdOrig":"NativeLocal","fhdProd":"Natural","fhdComment":null,"fhdESH":"yes","fhdBasisD":null,"fhdNMF":"yes","fhdBasisDt":"20060000","fhdBasisNm":null,"fhdBasisEnt":"ODFW","fhdBasisPrj":"OASIS","fhdBasisMethod":null,"Shape__Length":6920.360281357906,"fhdAccess":"Unassisted","fhdBarrierFtrID":null,"fhdEndExtent":"NA","habitatType":"stream"},"id":243},
{"type":"Feature","geometry":{"type":"LineString","coordinates":[[-123.667591,46.125215],[-123.668688,46.125648],[-123.671867,46.129336],[-123.672711,46.131261],[-123.672063,46.13271],[-123.669048,46.135107],[-123.663349,46.138326],[-123.662038,46.140674],[-123.664933,46.143769],[-123.667599,46.149321],[-123.669256,46.151253],[-123.667329,46.154303]]},"properties":{"OBJECTID":244,"fhdFtrID":433,"fhdRefID":53013,"fhdRevDt":"20221013","fhdONm":"Matt Weeber","fhdOEnt":"ODFW","fhdSpNm":"Chum salmon","fhdRun":"NA","fhdLifeHst":"Anadromous","fhdUseTy":"Spawning","fhdBasis":"DocObsFish","fhdStNm":"Little Bear Creek","fhdGenus":"Oncorhynchus","fhdSp":"keta","fhdSubSp":null,"fhdOrig":"NativeLocalReintro","fhdProd":"Mixed","fhdComment":"Both natural & hatchery origin fish outplanted in 2020 & 2021; wild spawning observations in fall 2016 (OASIS, Kelcee L. Smith)","fhdESH":"yes","fhdBasisD":null,"fhdNMF":"yes","fhdBasisDt":null,"fhdBasisNm":null,"fhdBasisEnt":"ODFW","fhdBasisPrj":"OASIS","fhdBasisMethod":"spawning survey","Shape__Length":5666.148663482714,"fhdAccess":"Unassisted","fhdBarrierFtrID":null,"fhdEndExtent":"Unknown","habitatType":"stream"},"id":244},
{"type":"Feature","geometry":{"type":"LineString","coordinates":[[-123.719261,46.090863],[-123.721336,46.091768],[-123.729861,46.092346],[-123.73121,46.093257],[-123.735879,46.094626],[-123.744181,46.092346],[-123.746284,46.090013]]},"properties":{"OBJECTID":245,"fhdFtrID":434,"fhdRefID":53748,"fhdRevDt":"20190531","fhdONm":"K. Homel","fhdOEnt":"ODFW","fhdSpNm":"Chum salmon","fhdRun":"NA","fhdLifeHst":"Anadromous","fhdUseTy":"Spawning","fhdBasis":"UndocObsFish","fhdStNm":"North Fork Klaskanine River","fhdGenus":"Oncorhynchus","fhdSp":"keta","fhdSubSp":null,"fhdOrig":"NativeLocal","fhdProd":"Natural","fhdComment":null,"fhdESH":"yes","fhdBasisD":null,"fhdNMF":"yes","fhdBasisDt":null,"fhdBasisNm":null,"fhdBasisEnt":null,"fhdBasisPrj":null,"fhdBasisMethod":null,"Shape__Length":4102.613114931657,"fhdAccess":"Unassisted","fhdBarrierFtrID":null,"fhdEndExtent":"NA","habitatType":"stream"},"id":245},
{"type":"Feature","geometry":{"type":"LineString","coordinates":[[-123.743732,46.085867],[-123.744144,46.087699],[-123.745714,46.088395],[-123.746284,46.090013]]},"properties":{"OBJECTID":246,"fhdFtrID":435,"fhdRefID":53013,"fhdRevDt":"20190531","fhdONm":"Matt Weeber","fhdOEnt":"ODFW","fhdSpNm":"Chum salmon","fhdRun":"NA","fhdLifeHst":"Anadromous","fhdUseTy":"Spawning","fhdBasis":"DownstreamDocObsFish","fhdStNm":"South Fork Klaskanine River","fhdGenus":"Oncorhynchus","fhdSp":"keta","fhdSubSp":null,"fhdOrig":"NativeLocal","fhdProd":"Natural","fhdComment":null,"fhdESH":"yes","fhdBasisD":null,"fhdNMF":"yes","fhdBasisDt":null,"fhdBasisNm":null,"fhdBasisEnt":null,"fhdBasisPrj":null,"fhdBasisMethod":null,"Shape__Length":817.0398797073052,"fhdAccess":"Unassisted","fhdBarrierFtrID":null,"fhdEndExtent":"NA","habitatType":"stream"},"id":246},
{"type":"Feature","geometry":{"type":"LineString","coordinates":[[-123.72822,46.14586],[-123.731237,46.147954],[-123.733348,46.151843],[-123.731275,46.156134],[-123.732303,46.158213],[-123.731958,46.161176]]},"properties":{"OBJECTID":247,"fhdFtrID":436,"fhdRefID":51505,"fhdRevDt":"20020000","fhdONm":"Joe Sheahan - Walt Weber","fhdOEnt":"ODFW","fhdSpNm":"Chum salmon","fhdRun":"NA","fhdLifeHst":"Anadromous","fhdUseTy":"Historical","fhdBasis":"ConcurProfOpinion","fhdStNm":"Unnamed trib to John Day River","fhdGenus":"Oncorhynchus","fhdSp":"keta","fhdSubSp":null,"fhdOrig":"NativeLocal","fhdProd":"None","fhdComment":"Historic Distribution Only","fhdESH":"NA","fhdBasisD":null,"fhdNMF":"yes","fhdBasisDt":null,"fhdBasisNm":null,"fhdBasisEnt":null,"fhdBasisPrj":null,"fhdBasisMethod":null,"Shape__Length":3379.242740033222,"fhdAccess":"NA","fhdBarrierFtrID":null,"fhdEndExtent":"Unknown","habitatType":"stream"},"id":247},
{"type":"Feature","geometry":{"type":"LineString","coordinates":[[-123.209947,46.111018],[-123.211817,46.112922],[-123.21612,46.11457],[-123.218874,46.117193],[-123.221547,46.121161]]},"properties":{"OBJECTID":248,"fhdFtrID":437,"fhdRefID":51505,"fhdRevDt":"20020000","fhdONm":"Patrick Frazier","fhdOEnt":"ODFW","fhdSpNm":"Chum salmon","fhdRun":"NA","fhdLifeHst":"Anadromous","fhdUseTy":"Migration","fhdBasis":"DocObsFish","fhdStNm":"Clatskanie River","fhdGenus":"Oncorhynchus","fhdSp":"keta","fhdSubSp":null,"fhdOrig":"NativeLocal","fhdProd":"Natural","fhdComment":null,"fhdESH":"no","fhdBasisD":null,"fhdNMF":"yes","fhdBasisDt":null,"fhdBasisNm":null,"fhdBasisEnt":null,"fhdBasisPrj":null,"fhdBasisMethod":null,"Shape__Length":2195.699355080961,"fhdAccess":"Unassisted","fhdBarrierFtrID":null,"fhdEndExtent":"NA","habitatType":"stream"},"id":248},
{"type":"Feature","geometry":{"type":"LineString","coordinates":[[-123.582268,46.147029],[-123.579158,46.146354],[-123.575424,46.144917],[-123.573955,46.143167],[-123.571954,46.142077]]},"properties":{"OBJECTID":249,"fhdFtrID":438,"fhdRefID":51505,"fhdRevDt":"20020000","fhdONm":"Joe Sheahan","fhdOEnt":"ODFW","fhdSpNm":"Chum salmon","fhdRun":"NA","fhdLifeHst":"Anadromous","fhdUseTy":"Spawning","fhdBasis":"UndocObsFish","fhdStNm":"Big Creek","fhdGenus":"Oncorhynchus","fhdSp":"keta","fhdSubSp":null,"fhdOrig":"NativeLocal","fhdProd":"Natural","fhdComment":null,"fhdESH":"yes","fhdBasisD":null,"fhdNMF":"yes","fhdBasisDt":null,"fhdBasisNm":null,"fhdBasisEnt":null,"fhdBasisPrj":null,"fhdBasisMethod":null,"Shape__Length":1460.1549624466688,"fhdAccess":"Unassisted","fhdBarrierFtrID":null,"fhdEndExtent":"Unknown","habitatType":"stream"},"id":249},
{"type":"Feature","geometry":{"type":"LineString","coordinates":[[-123.784688,46.066729],[-123.784647,46.069154],[-123.786964,46.070131],[-123.784859,46.071628],[-123.783046,46.071765],[-123.782083,46.073427],[-123.783564,46.074503],[-123.783942,46.076582],[-123.785558,46.076901],[-123.784421,46.078887]]},"properties":{"OBJECTID":250,"fhdFtrID":439,"fhdRefID":53013,"fhdRevDt":"20190531","fhdONm":"Matt Weeber","fhdOEnt":"ODFW","fhdSpNm":"Chum salmon","fhdRun":"NA","fhdLifeHst":"Anadromous","fhdUseTy":"Spawning","fhdBasis":"DownstreamDocObsFish","fhdStNm":"Youngs River","fhdGenus":"Oncorhynchus","fhdSp":"keta","fhdSubSp":null,"fhdOrig":"NativeLocal","fhdProd":"None","fhdComment":null,"fhdESH":"yes","fhdBasisD":null,"fhdNMF":"yes","fhdBasisDt":null,"fhdBasisNm":null,"fhdBasisEnt":null,"fhdBasisPrj":null,"fhdBasisMethod":null,"Shape__Length":2796.5674858287166,"fhdAccess":"Unassisted","fhdBarrierFtrID":null,"fhdEndExtent":"NA","habitatType":"stream"},"id":250},
{"type":"Feature","geometry":{"type":"LineString","coordinates":[[-123.87602,46.098945],[-123.874847,46.098031],[-123.876091,46.095673],[-123.875755,46.093433]]},"properties":{"OBJECTID":251,"fhdFtrID":441,"fhdRefID":51505,"fhdRevDt":"20020000","fhdONm":"Joe Sheahan - Walt Weber","fhdOEnt":"ODFW","fhdSpNm":"Chum salmon","fhdRun":"NA","fhdLifeHst":"Anadromous","fhdUseTy":"Historical","fhdBasis":"ConcurProfOpinion","fhdStNm":"Johnson Slough","fhdGenus":"Oncorhynchus","fhdSp":"keta","fhdSubSp":null,"fhdOrig":"NativeLocal","fhdProd":"None","fhdComment":"Historic Distribution Only","fhdESH":"NA","fhdBasisD":null,"fhdNMF":"yes","fhdBasisDt":null,"fhdBasisNm":null,"fhdBasisEnt":null,"fhdBasisPrj":null,"fhdBasisMethod":null,"Shape__Length":1148.9914743571328,"fhdAccess":"NA","fhdBarrierFtrID":null,"fhdEndExtent":"Unknown","habitatType":"stream"},"id":251},
{"type":"Feature","geometry":{"type":"LineString","coordinates":[[-123.86435,46.01055],[-123.863976,46.014441],[-123.861318,46.018201],[-123.859491,46.018904]]},"properties":{"OBJECTID":252,"fhdFtrID":442,"fhdRefID":51505,"fhdRevDt":"20020000","fhdONm":"Joe Sheahan - Walt Weber","fhdOEnt":"ODFW","fhdSpNm":"Chum salmon","fhdRun":"NA","fhdLifeHst":"Anadromous","fhdUseTy":"Historical","fhdBasis":"ConcurProfOpinion","fhdStNm":"Unnamed trib to Lewis And Clark River","fhdGenus":"Oncorhynchus","fhdSp":"keta","fhdSubSp":null,"fhdOrig":"NativeLocal","fhdProd":"None","fhdComment":"Historic Distribution Only","fhdESH":"NA","fhdBasisD":null,"fhdNMF":"yes","fhdBasisDt":null,"fhdBasisNm":null,"fhdBasisEnt":null,"fhdBasisPrj":null,"fhdBasisMethod":null,"Shape__Length":1545.0409695764233,"fhdAccess":"NA","fhdBarrierFtrID":null,"fhdEndExtent":"Unknown","habitatType":"stream"},"id":252},
{"type":"Feature","geometry":{"type":"LineString","coordinates":[[-123.858917,46.029015],[-123.858735,46.027731]]},"properties":{"OBJECTID":253,"fhdFtrID":443,"fhdRefID":53013,"fhdRevDt":"20190531","fhdONm":"Matt Weeber","fhdOEnt":"ODFW","fhdSpNm":"Chum salmon","fhdRun":"NA","fhdLifeHst":"Anadromous","fhdUseTy":"Spawning","fhdBasis":"DownstreamDocObsFish","fhdStNm":"Shweeash Creek","fhdGenus":"Oncorhynchus","fhdSp":"keta","fhdSubSp":null,"fhdOrig":"NativeLocal","fhdProd":"Natural","fhdComment":null,"fhdESH":"yes","fhdBasisD":null,"fhdNMF":"yes","fhdBasisDt":"20090000","fhdBasisNm":null,"fhdBasisEnt":null,"fhdBasisPrj":null,"fhdBasisMethod":null,"Shape__Length":208.1504062737823,"fhdAccess":"Unassisted","fhdBarrierFtrID":null,"fhdEndExtent":"NA","habitatType":"stream"},"id":253},
{"type":"Feature","geometry":{"type":"LineString","coordinates":[[-123.873654,46.134876],[-123.870247,46.136628],[-123.867448,46.139044],[-123.86491,46.14322],[-123.865109,46.145003],[-123.860814,46.151549],[-123.858163,46.153504],[-123.856406,46.157948],[-123.855611,46.16107],[-123.857393,46.16803]]},"properties":{"OBJECTID":254,"fhdFtrID":444,"fhdRefID":53013,"fhdRevDt":"20190531","fhdONm":"Matt Weeber","fhdOEnt":"ODFW","fhdSpNm":"Chum salmon","fhdRun":"NA","fhdLifeHst":"Anadromous","fhdUseTy":"Migration","fhdBasis":"DownstreamDocObsFish","fhdStNm":"Lewis And Clark River","fhdGenus":"Oncorhynchus","fhdSp":"keta","fhdSubSp":null,"fhdOrig":"NativeLocal","fhdProd":"Natural","fhdComment":null,"fhdESH":"no","fhdBasisD":null,"fhdNMF":"yes","fhdBasisDt":null,"fhdBasisNm":null,"fhdBasisEnt":null,"fhdBasisPrj":null,"fhdBasisMethod":null,"Shape__Length":6032.338096041084,"fhdAccess":"Unassisted","fhdBarrierFtrID":null,"fhdEndExtent":"NA","habitatType":"stream"},"id":254},
{"type":"Feature","geometry":{"type":"LineString","coordinates":[[-123.840818,46.059942],[-123.841237,46.06156],[-123.843522,46.061707],[-123.844359,46.063079],[-123.839458,46.06703],[-123.840791,46.068368],[-123.83946,46.069998],[-123.840077,46.073531],[-123.841922,46.074567],[-123.84126,46.075797],[-123.842774,46.076987],[-123.845266,46.07754],[-123.84537,46.07997],[-123.841288,46.083384],[-123.838694,46.083637],[-123.839777,46.087658],[-123.841386,46.089007],[-123.845951,46.088584],[-123.845842,46.091469],[-123.849171,46.09307],[-123.848534,46.095095],[-123.849717,46.096274],[-123.851769,46.098309],[-123.854081,46.099646],[-123.85335,46.102807],[-123.857816,46.105532],[-123.860573,46.110342],[-123.860489,46.112448],[-123.859213,46.115236],[-123.861148,46.117276],[-123.86495,46.117384],[-123.870022,46.116262],[-123.872053,46.116472],[-123.875579,46.119084],[-123.875933,46.126558],[-123.877552,46.130625],[-123.876436,46.133581],[-123.873654,46.134876]]},"properties":{"OBJECTID":255,"fhdFtrID":444,"fhdRefID":53013,"fhdRevDt":"20190531","fhdONm":"Matt Weeber","fhdOEnt":"ODFW","fhdSpNm":"Chum salmon","fhdRun":"NA","fhdLifeHst":"Anadromous","fhdUseTy":"Spawning","fhdBasis":"DownstreamDocObsFish","fhdStNm":"Lewis And Clark River","fhdGenus":"Oncorhynchus","fhdSp":"keta","fhdSubSp":null,"fhdOrig":"NativeLocal","fhdProd":"Natural","fhdComment":null,"fhdESH":"yes","fhdBasisD":null,"fhdNMF":"yes","fhdBasisDt":null,"fhdBasisNm":null,"fhdBasisEnt":null,"fhdBasisPrj":null,"fhdBasisMethod":null,"Shape__Length":17341.07912964704,"fhdAccess":"Unassisted","fhdBarrierFtrID":null,"fhdEndExtent":"NA","habitatType":"stream"},"id":255},
{"type":"Feature","geometry":{"type":"LineString","coordinates":[[-123.848548,46.049555],[-123.846213,46.045664],[-123.844852,46.044766]]},"properties":{"OBJECTID":256,"fhdFtrID":445,"fhdRefID":51505,"fhdRevDt":"20020000","fhdONm":"Joe Sheahan - Walt Weber","fhdOEnt":"ODFW","fhdSpNm":"Chum salmon","fhdRun":"NA","fhdLifeHst":"Anadromous","fhdUseTy":"Historical","fhdBasis":"ConcurProfOpinion","fhdStNm":"Speelyai Creek","fhdGenus":"Oncorhynchus","fhdSp":"keta","fhdSubSp":null,"fhdOrig":"NativeLocal","fhdProd":"None","fhdComment":"Historic Distribution Only","fhdESH":"NA","fhdBasisD":null,"fhdNMF":"yes","fhdBasisDt":null,"fhdBasisNm":null,"fhdBasisEnt":null,"fhdBasisPrj":null,"fhdBasisMethod":null,"Shape__Length":1016.9922750821372,"fhdAccess":"NA","fhdBarrierFtrID":null,"fhdEndExtent":"Unknown","habitatType":"stream"},"id":256},
{"type":"Feature","geometry":{"type":"LineString","coordinates":[[-123.866093,46.077104],[-123.864496,46.079579],[-123.86493,46.082234],[-123.86301,46.082601],[-123.861674,46.084254],[-123.857616,46.084505],[-123.856397,46.086609],[-123.856289,46.089562],[-123.856906,46.091668],[-123.854597,46.093984],[-123.849717,46.096274]]},"properties":{"OBJECTID":257,"fhdFtrID":446,"fhdRefID":51505,"fhdRevDt":"20020000","fhdONm":"Joe Sheahan - Walt Weber","fhdOEnt":"ODFW","fhdSpNm":"Chum salmon","fhdRun":"NA","fhdLifeHst":"Anadromous","fhdUseTy":"Historical","fhdBasis":"ConcurProfOpinion","fhdStNm":"Heckard Creek","fhdGenus":"Oncorhynchus","fhdSp":"keta","fhdSubSp":null,"fhdOrig":"NativeLocal","fhdProd":"None","fhdComment":"Historic Distribution Only","fhdESH":"NA","fhdBasisD":null,"fhdNMF":"yes","fhdBasisDt":null,"fhdBasisNm":null,"fhdBasisEnt":null,"fhdBasisPrj":null,"fhdBasisMethod":null,"Shape__Length":5349.803532301315,"fhdAccess":"NA","fhdBarrierFtrID":null,"fhdEndExtent":"Unknown","habitatType":"stream"},"id":257},
{"type":"Feature","geometry":{"type":"LineString","coordinates":[[-123.839651,46.056688],[-123.840454,46.05699],[-123.840818,46.059942]]},"properties":{"OBJECTID":258,"fhdFtrID":447,"fhdRefID":51505,"fhdRevDt":"20111004","fhdONm":"Joe Sheahan - Walt Weber","fhdOEnt":"ODFW","fhdSpNm":"Chum salmon","fhdRun":"NA","fhdLifeHst":"Anadromous","fhdUseTy":"Historical","fhdBasis":"ConcurProfOpinion","fhdStNm":"Hortill Creek","fhdGenus":"Oncorhynchus","fhdSp":"keta","fhdSubSp":null,"fhdOrig":"NativeLocal","fhdProd":"None","fhdComment":"Historic Distribution Only","fhdESH":"NA","fhdBasisD":null,"fhdNMF":"yes","fhdBasisDt":null,"fhdBasisNm":null,"fhdBasisEnt":null,"fhdBasisPrj":null,"fhdBasisMethod":null,"Shape__Length":607.6195677050144,"fhdAccess":"NA","fhdBarrierFtrID":null,"fhdEndExtent":"Unknown","habitatType":"stream"},"id":258},
{"type":"Feature","geometry":{"type":"LineString","coordinates":[[-123.840077,46.073531],[-123.834834,46.071288],[-123.831985,46.068093]]},"properties":{"OBJECTID":259,"fhdFtrID":448,"fhdRefID":53013,"fhdRevDt":"20220902","fhdONm":"Matt Weeber","fhdOEnt":"ODFW","fhdSpNm":"Chum salmon","fhdRun":"NA","fhdLifeHst":"Anadromous","fhdUseTy":"Spawning","fhdBasis":"DownstreamDocObsFish","fhdStNm":"Stavebolt Creek","fhdGenus":"Oncorhynchus","fhdSp":"keta","fhdSubSp":null,"fhdOrig":"NativeLocalReintro","fhdProd":"Mixed","fhdComment":"","fhdESH":"yes","fhdBasisD":null,"fhdNMF":"yes","fhdBasisDt":null,"fhdBasisNm":null,"fhdBasisEnt":"ODFW","fhdBasisPrj":"OASIS","fhdBasisMethod":"spawning survey","Shape__Length":1343.441593299811,"fhdAccess":"Unassisted","fhdBarrierFtrID":null,"fhdEndExtent":"NA","habitatType":"stream"},"id":259},
{"type":"Feature","geometry":{"type":"LineString","coordinates":[[-123.813033,46.124754],[-123.813339,46.128145],[-123.810538,46.132084],[-123.810766,46.136649],[-123.8124,46.140763],[-123.812779,46.143166],[-123.814216,46.146837],[-123.815613,46.148636],[-123.816734,46.1515],[-123.817366,46.155735],[-123.816972,46.160837],[-123.815274,46.161249],[-123.817083,46.167826],[-123.823416,46.170136],[-123.826291,46.170552],[-123.830231,46.169811],[-123.832094,46.168604],[-123.83856,46.168663]]},"properties":{"OBJECTID":260,"fhdFtrID":449,"fhdRefID":53013,"fhdRevDt":"20190531","fhdONm":"Matt Weeber","fhdOEnt":"ODFW","fhdSpNm":"Chum salmon","fhdRun":"NA","fhdLifeHst":"Anadromous","fhdUseTy":"Migration","fhdBasis":"DownstreamDocObsFish","fhdStNm":"Youngs River","fhdGenus":"Oncorhynchus","fhdSp":"keta","fhdSubSp":null,"fhdOrig":"NativeLocal","fhdProd":"Natural","fhdComment":null,"fhdESH":"no","fhdBasisD":null,"fhdNMF":"yes","fhdBasisDt":null,"fhdBasisNm":null,"fhdBasisEnt":null,"fhdBasisPrj":null,"fhdBasisMethod":null,"Shape__Length":9873.670936130626,"fhdAccess":"Unassisted","fhdBarrierFtrID":null,"fhdEndExtent":"NA","habitatType":"stream"},"id":260},
{"type":"Feature","geometry":{"type":"LineString","coordinates":[[-123.784421,46.078887],[-123.784524,46.079616],[-123.785926,46.080906],[-123.784498,46.082836],[-123.784671,46.085766],[-123.783724,46.086666],[-123.781138,46.086758],[-123.781515,46.089792],[-123.778747,46.090104],[-123.776498,46.092567],[-123.778641,46.095711],[-123.783545,46.09715],[-123.785027,46.098856],[-123.785277,46.10375],[-123.785907,46.105495],[-123.788186,46.108063],[-123.791443,46.110159],[-123.798936,46.112047],[-123.808528,46.113529],[-123.812126,46.114894],[-123.813033,46.124754]]},"properties":{"OBJECTID":261,"fhdFtrID":449,"fhdRefID":53013,"fhdRevDt":"20190531","fhdONm":"Matt Weeber","fhdOEnt":"ODFW","fhdSpNm":"Chum salmon","fhdRun":"NA","fhdLifeHst":"Anadromous","fhdUseTy":"Spawning","fhdBasis":"DownstreamDocObsFish","fhdStNm":"Youngs River","fhdGenus":"Oncorhynchus","fhdSp":"keta","fhdSubSp":null,"fhdOrig":"NativeLocal","fhdProd":"Natural","fhdComment":null,"fhdESH":"yes","fhdBasisD":null,"fhdNMF":"yes","fhdBasisDt":null,"fhdBasisNm":null,"fhdBasisEnt":null,"fhdBasisPrj":null,"fhdBasisMethod":null,"Shape__Length":10621.276558019761,"fhdAccess":"Unassisted","fhdBarrierFtrID":null,"fhdEndExtent":"NA","habitatType":"stream"},"id":261},
{"type":"Feature","geometry":{"type":"LineString","coordinates":[[-123.719307,46.130364],[-123.719442,46.131477],[-123.723452,46.13315],[-123.728588,46.13131],[-123.733662,46.131857],[-123.735097,46.130687],[-123.738822,46.131086],[-123.746356,46.128927],[-123.749213,46.129029],[-123.749824,46.125381],[-123.754,46.123797],[-123.753599,46.12231],[-123.756223,46.11773],[-123.760303,46.115998],[-123.761764,46.114353],[-123.766538,46.112632],[-123.771278,46.114335],[-123.770062,46.115333],[-123.771071,46.11767],[-123.776512,46.120459],[-123.775281,46.121462],[-123.780763,46.12317],[-123.782901,46.124658],[-123.782748,46.126649],[-123.781082,46.127565],[-123.783235,46.130446],[-123.781554,46.131504],[-123.778555,46.13163],[-123.778333,46.13412],[-123.782396,46.134412],[-123.782459,46.135625],[-123.779931,46.139382],[-123.781517,46.141462],[-123.785217,46.143701],[-123.792944,46.145946],[-123.798468,46.148723],[-123.801017,46.150781],[-123.804017,46.150935],[-123.806172,46.149464],[-123.808667,46.146831],[-123.814216,46.146837]]},"properties":{"OBJECTID":262,"fhdFtrID":450,"fhdRefID":51505,"fhdRevDt":"20020000","fhdONm":"Joe Sheahan - Walt Weber","fhdOEnt":"ODFW","fhdSpNm":"Chum salmon","fhdRun":"NA","fhdLifeHst":"Anadromous","fhdUseTy":"Historical","fhdBasis":"ConcurProfOpinion","fhdStNm":"Wallooskee River","fhdGenus":"Oncorhynchus","fhdSp":"keta","fhdSubSp":null,"fhdOrig":"NativeLocal","fhdProd":"None","fhdComment":"Historic Distribution Only","fhdESH":"NA","fhdBasisD":null,"fhdNMF":"yes","fhdBasisDt":null,"fhdBasisNm":null,"fhdBasisEnt":null,"fhdBasisPrj":null,"fhdBasisMethod":null,"Shape__Length":24204.18354445601,"fhdAccess":"NA","fhdBarrierFtrID":null,"fhdEndExtent":"Unknown","habitatType":"stream"},"id":262},
{"type":"Feature","geometry":{"type":"LineString","coordinates":[[-123.813094,46.0895],[-123.81151,46.090899],[-123.811999,46.097329],[-123.810019,46.098744],[-123.81151,46.099474],[-123.811754,46.101032],[-123.814988,46.102145],[-123.816952,46.103423],[-123.816463,46.104806],[-123.813285,46.105042],[-123.813087,46.107697]]},"properties":{"OBJECTID":263,"fhdFtrID":451,"fhdRefID":51505,"fhdRevDt":"20020000","fhdONm":"Joe Sheahan - Walt Weber","fhdOEnt":"ODFW","fhdSpNm":"Chum salmon","fhdRun":"NA","fhdLifeHst":"Anadromous","fhdUseTy":"Historical","fhdBasis":"ConcurProfOpinion","fhdStNm":"Tucker Creek","fhdGenus":"Oncorhynchus","fhdSp":"keta","fhdSubSp":null,"fhdOrig":"NativeLocal","fhdProd":"None","fhdComment":"Historic Distribution Only","fhdESH":"NA","fhdBasisD":null,"fhdNMF":"yes","fhdBasisDt":null,"fhdBasisNm":null,"fhdBasisEnt":null,"fhdBasisPrj":null,"fhdBasisMethod":null,"Shape__Length":5350.1904079496335,"fhdAccess":"NA","fhdBarrierFtrID":null,"fhdEndExtent":"Unknown","habitatType":"stream"},"id":263},
{"type":"Feature","geometry":{"type":"LineString","coordinates":[[-123.77281,46.154802],[-123.777113,46.153327],[-123.781496,46.150541],[-123.78399,46.15029],[-123.787251,46.148601],[-123.789651,46.148151],[-123.790362,46.14656],[-123.792944,46.145946]]},"properties":{"OBJECTID":264,"fhdFtrID":452,"fhdRefID":51505,"fhdRevDt":"20020000","fhdONm":"Joe Sheahan - Walt Weber","fhdOEnt":"ODFW","fhdSpNm":"Chum salmon","fhdRun":"NA","fhdLifeHst":"Anadromous","fhdUseTy":"Historical","fhdBasis":"ConcurProfOpinion","fhdStNm":"Unnamed trib to Wallooskee River","fhdGenus":"Oncorhynchus","fhdSp":"keta","fhdSubSp":null,"fhdOrig":"NativeLocal","fhdProd":"None","fhdComment":"Historic Distribution Only","fhdESH":"NA","fhdBasisD":null,"fhdNMF":"yes","fhdBasisDt":null,"fhdBasisNm":null,"fhdBasisEnt":null,"fhdBasisPrj":null,"fhdBasisMethod":null,"Shape__Length":3312.5064822219433,"fhdAccess":"NA","fhdBarrierFtrID":null,"fhdEndExtent":"Unknown","habitatType":"stream"},"id":264},
{"type":"Feature","geometry":{"type":"LineString","coordinates":[[-123.777542,46.074797],[-123.780488,46.078381],[-123.781252,46.080372],[-123.784524,46.079616]]},"properties":{"OBJECTID":265,"fhdFtrID":453,"fhdRefID":51505,"fhdRevDt":"20020000","fhdONm":"Joe Sheahan - Walt Weber","fhdOEnt":"ODFW","fhdSpNm":"Chum salmon","fhdRun":"NA","fhdLifeHst":"Anadromous","fhdUseTy":"Historical","fhdBasis":"ConcurProfOpinion","fhdStNm":"Moosmoos Creek","fhdGenus":"Oncorhynchus","fhdSp":"keta","fhdSubSp":null,"fhdOrig":"NativeLocal","fhdProd":"None","fhdComment":"Historic Distribution Only","fhdESH":"NA","fhdBasisD":null,"fhdNMF":"yes","fhdBasisDt":null,"fhdBasisNm":null,"fhdBasisEnt":null,"fhdBasisPrj":null,"fhdBasisMethod":null,"Shape__Length":1417.882555684131,"fhdAccess":"NA","fhdBarrierFtrID":null,"fhdEndExtent":"Unknown","habitatType":"stream"},"id":265},
{"type":"Feature","geometry":{"type":"LineString","coordinates":[[-123.755651,46.143619],[-123.759053,46.143555],[-123.759075,46.144625],[-123.762414,46.144851],[-123.764562,46.143579],[-123.768059,46.143164],[-123.769779,46.144009],[-123.771161,46.142688],[-123.776094,46.142914],[-123.778035,46.143633],[-123.781517,46.141462]]},"properties":{"OBJECTID":266,"fhdFtrID":454,"fhdRefID":51505,"fhdRevDt":"20020000","fhdONm":"Joe Sheahan - Walt Weber","fhdOEnt":"ODFW","fhdSpNm":"Chum salmon","fhdRun":"NA","fhdLifeHst":"Anadromous","fhdUseTy":"Historical","fhdBasis":"ConcurProfOpinion","fhdStNm":"Little Wallooskee River","fhdGenus":"Oncorhynchus","fhdSp":"keta","fhdSubSp":null,"fhdOrig":"NativeLocal","fhdProd":"None","fhdComment":"Historic Distribution Only","fhdESH":"NA","fhdBasisD":null,"fhdNMF":"yes","fhdBasisDt":null,"fhdBasisNm":null,"fhdBasisEnt":null,"fhdBasisPrj":null,"fhdBasisMethod":null,"Shape__Length":3731.186626079225,"fhdAccess":"NA","fhdBarrierFtrID":null,"fhdEndExtent":"Unknown","habitatType":"stream"},"id":266},
{"type":"Feature","geometry":{"type":"LineString","coordinates":[[-123.813087,46.107697],[-123.808321,46.107205],[-123.806312,46.108306],[-123.808702,46.110155],[-123.811739,46.110644],[-123.813387,46.111604],[-123.813482,46.113063],[-123.812126,46.114894]]},"properties":{"OBJECTID":267,"fhdFtrID":455,"fhdRefID":51505,"fhdRevDt":"20020000","fhdONm":"Joe Sheahan - Walt Weber","fhdOEnt":"ODFW","fhdSpNm":"Chum salmon","fhdRun":"NA","fhdLifeHst":"Anadromous","fhdUseTy":"Historical","fhdBasis":"ConcurProfOpinion","fhdStNm":"Tucker Slough","fhdGenus":"Oncorhynchus","fhdSp":"keta","fhdSubSp":null,"fhdOrig":"NativeLocal","fhdProd":"None","fhdComment":"Historic Distribution Only","fhdESH":"NA","fhdBasisD":null,"fhdNMF":"yes","fhdBasisDt":null,"fhdBasisNm":null,"fhdBasisEnt":null,"fhdBasisPrj":null,"fhdBasisMethod":null,"Shape__Length":2401.5750896729037,"fhdAccess":"NA","fhdBarrierFtrID":null,"fhdEndExtent":"NA","habitatType":"stream"},"id":267},
{"type":"Feature","geometry":{"type":"LineString","coordinates":[[-123.83856,46.168663],[-123.857393,46.16803],[-123.860633,46.17012],[-123.868528,46.175971],[-123.88246,46.183309],[-123.893907,46.190397]]},"properties":{"OBJECTID":268,"fhdFtrID":456,"fhdRefID":53013,"fhdRevDt":"20190531","fhdONm":"Matt Weeber","fhdOEnt":"ODFW","fhdSpNm":"Chum salmon","fhdRun":"NA","fhdLifeHst":"Anadromous","fhdUseTy":"Migration","fhdBasis":"DownstreamDocObsFish","fhdStNm":"Youngs Bay","fhdGenus":"Oncorhynchus","fhdSp":"keta","fhdSubSp":null,"fhdOrig":"NativeLocal","fhdProd":"Natural","fhdComment":null,"fhdESH":"no","fhdBasisD":null,"fhdNMF":"yes","fhdBasisDt":null,"fhdBasisNm":null,"fhdBasisEnt":null,"fhdBasisPrj":null,"fhdBasisMethod":null,"Shape__Length":7537.969744973125,"fhdAccess":"Unassisted","fhdBarrierFtrID":null,"fhdEndExtent":"NA","habitatType":"stream"},"id":268},
{"type":"Feature","geometry":{"type":"LineString","coordinates":[[-123.476554,46.176925],[-123.481701,46.174981],[-123.487435,46.175423],[-123.489434,46.176146],[-123.493051,46.176145],[-123.49554,46.176901]]},"properties":{"OBJECTID":269,"fhdFtrID":457,"fhdRefID":51505,"fhdRevDt":"20020000","fhdONm":"Joe Sheahan - Walt Weber","fhdOEnt":"ODFW","fhdSpNm":"Chum salmon","fhdRun":"NA","fhdLifeHst":"Anadromous","fhdUseTy":"Historical","fhdBasis":"ConcurProfOpinion","fhdStNm":"Unnamed trib to Gnat Creek","fhdGenus":"Oncorhynchus","fhdSp":"keta","fhdSubSp":null,"fhdOrig":"NativeLocal","fhdProd":"None","fhdComment":"Historic Distribution Only","fhdESH":"NA","fhdBasisD":null,"fhdNMF":"yes","fhdBasisDt":null,"fhdBasisNm":null,"fhdBasisEnt":null,"fhdBasisPrj":null,"fhdBasisMethod":null,"Shape__Length":2293.0438836577273,"fhdAccess":"NA","fhdBarrierFtrID":null,"fhdEndExtent":"Unknown","habitatType":"stream"},"id":269},
{"type":"Feature","geometry":{"type":"LineString","coordinates":[[-123.748152,46.068626],[-123.746745,46.07204],[-123.746693,46.075205],[-123.745528,46.076292],[-123.747415,46.079566],[-123.748026,46.082792],[-123.749605,46.084547],[-123.749955,46.087323],[-123.75152,46.089336],[-123.75394,46.09044]]},"properties":{"OBJECTID":270,"fhdFtrID":458,"fhdRefID":51505,"fhdRevDt":"20020000","fhdONm":"Joe Sheahan - Walt Weber","fhdOEnt":"ODFW","fhdSpNm":"Chum salmon","fhdRun":"NA","fhdLifeHst":"Anadromous","fhdUseTy":"Historical","fhdBasis":"ConcurProfOpinion","fhdStNm":"Unnamed trib to Klaskanine River","fhdGenus":"Oncorhynchus","fhdSp":"keta","fhdSubSp":null,"fhdOrig":"NativeLocal","fhdProd":"None","fhdComment":"Historic Distribution Only","fhdESH":"NA","fhdBasisD":null,"fhdNMF":"yes","fhdBasisDt":null,"fhdBasisNm":null,"fhdBasisEnt":null,"fhdBasisPrj":null,"fhdBasisMethod":null,"Shape__Length":4248.093538810545,"fhdAccess":"NA","fhdBarrierFtrID":null,"fhdEndExtent":"Unknown","habitatType":"stream"},"id":270},
{"type":"Feature","geometry":{"type":"LineString","coordinates":[[-123.221547,46.121161],[-123.223395,46.121432],[-123.224281,46.122763],[-123.221597,46.126449],[-123.221873,46.128048],[-123.225275,46.130835],[-123.225094,46.134252],[-123.226086,46.135579],[-123.230855,46.139379],[-123.230229,46.150027],[-123.233856,46.155172],[-123.242439,46.16203]]},"properties":{"OBJECTID":271,"fhdFtrID":459,"fhdRefID":51505,"fhdRevDt":"20020000","fhdONm":"Patrick Frazier","fhdOEnt":"ODFW","fhdSpNm":"Chum salmon","fhdRun":"NA","fhdLifeHst":"Anadromous","fhdUseTy":"Migration","fhdBasis":"DocObsFish","fhdStNm":"Clatskanie River","fhdGenus":"Oncorhynchus","fhdSp":"keta","fhdSubSp":null,"fhdOrig":"NativeLocal","fhdProd":"Natural","fhdComment":null,"fhdESH":"no","fhdBasisD":null,"fhdNMF":"yes","fhdBasisDt":null,"fhdBasisNm":null,"fhdBasisEnt":null,"fhdBasisPrj":null,"fhdBasisMethod":null,"Shape__Length":7702.031435000014,"fhdAccess":"Unassisted","fhdBarrierFtrID":null,"fhdEndExtent":"NA","habitatType":"stream"},"id":271},
{"type":"Feature","geometry":{"type":"LineString","coordinates":[[-123.635741,46.125361],[-123.636139,46.126659],[-123.638884,46.127839],[-123.639958,46.13068]]},"properties":{"OBJECTID":272,"fhdFtrID":460,"fhdRefID":51505,"fhdRevDt":"20020000","fhdONm":"Joe Sheahan - Walt Weber","fhdOEnt":"ODFW","fhdSpNm":"Chum salmon","fhdRun":"NA","fhdLifeHst":"Anadromous","fhdUseTy":"Historical","fhdBasis":"ConcurProfOpinion","fhdStNm":"Bear Creek","fhdGenus":"Oncorhynchus","fhdSp":"keta","fhdSubSp":null,"fhdOrig":"NativeLocal","fhdProd":"None","fhdComment":"Historic Distribution Only","fhdESH":"NA","fhdBasisD":null,"fhdNMF":"yes","fhdBasisDt":null,"fhdBasisNm":null,"fhdBasisEnt":null,"fhdBasisPrj":null,"fhdBasisMethod":null,"Shape__Length":1059.4045350301988,"fhdAccess":"NA","fhdBarrierFtrID":null,"fhdEndExtent":"Unknown","habitatType":"stream"},"id":272},
{"type":"Feature","geometry":{"type":"LineString","coordinates":[[-123.746284,46.090013],[-123.748107,46.091175],[-123.747132,46.094045],[-123.74838,46.095904],[-123.752317,46.096046],[-123.754259,46.093853],[-123.751927,46.092557],[-123.75394,46.09044],[-123.756651,46.091863],[-123.756956,46.094238],[-123.759202,46.095841],[-123.763415,46.094038],[-123.766129,46.092026],[-123.767667,46.092054],[-123.769944,46.093563],[-123.772885,46.093882],[-123.77511,46.092462],[-123.776498,46.092567]]},"properties":{"OBJECTID":273,"fhdFtrID":461,"fhdRefID":53013,"fhdRevDt":"20190531","fhdONm":"Matt Weeber","fhdOEnt":"ODFW","fhdSpNm":"Chum salmon","fhdRun":"NA","fhdLifeHst":"Anadromous","fhdUseTy":"Spawning","fhdBasis":"DownstreamDocObsFish","fhdStNm":"North Fork Klaskanine River","fhdGenus":"Oncorhynchus","fhdSp":"keta","fhdSubSp":null,"fhdOrig":"NativeLocal","fhdProd":"Natural","fhdComment":null,"fhdESH":"yes","fhdBasisD":null,"fhdNMF":"yes","fhdBasisDt":null,"fhdBasisNm":null,"fhdBasisEnt":null,"fhdBasisPrj":null,"fhdBasisMethod":null,"Shape__Length":6711.123281934889,"fhdAccess":"Unassisted","fhdBarrierFtrID":null,"fhdEndExtent":"NA","habitatType":"stream"},"id":273},
{"type":"Feature","geometry":{"type":"LineString","coordinates":[[-123.723257,45.432713],[-123.720674,45.430313],[-123.71886,45.430553],[-123.715486,45.429]]},"properties":{"OBJECTID":274,"fhdFtrID":462,"fhdRefID":51506,"fhdRevDt":"20120501","fhdONm":"Keith Braun - Rick Klumph","fhdOEnt":"ODFW","fhdSpNm":"Chum salmon","fhdRun":"NA","fhdLifeHst":"Anadromous","fhdUseTy":"Historical","fhdBasis":"ConcurProfOpinion","fhdStNm":"Gold Creek","fhdGenus":"Oncorhynchus","fhdSp":"keta","fhdSubSp":null,"fhdOrig":"NativeLocal","fhdProd":"None","fhdComment":"Historic Distribution Only","fhdESH":"NA","fhdBasisD":null,"fhdNMF":"yes","fhdBasisDt":null,"fhdBasisNm":null,"fhdBasisEnt":null,"fhdBasisPrj":null,"fhdBasisMethod":null,"Shape__Length":1277.7797620142064,"fhdAccess":"NA","fhdBarrierFtrID":null,"fhdEndExtent":"Unknown","habitatType":"stream"},"id":274},
{"type":"Feature","geometry":{"type":"LineString","coordinates":[[-121.998056,45.618997],[-121.993601,45.620239],[-121.982572,45.624847],[-121.976906,45.626296],[-121.965735,45.631364],[-121.962326,45.634047],[-121.95733,45.639315],[-121.956002,45.642827],[-121.95504,45.64376],[-121.951732,45.644775],[-121.943245,45.644918],[-121.940695,45.644401]]},"properties":{"OBJECTID":275,"fhdFtrID":463,"fhdRefID":53013,"fhdRevDt":"20160316","fhdONm":"Matt Weeber","fhdOEnt":"ODFW","fhdSpNm":"Chum salmon","fhdRun":"NA","fhdLifeHst":"Anadromous","fhdUseTy":"Spawning","fhdBasis":"DownstreamDocObsFish","fhdStNm":"Columbia River","fhdGenus":"Oncorhynchus","fhdSp":"keta","fhdSubSp":null,"fhdOrig":"NativeLocal","fhdProd":"Natural","fhdComment":null,"fhdESH":"yes","fhdBasisD":null,"fhdNMF":"yes","fhdBasisDt":null,"fhdBasisNm":null,"fhdBasisEnt":null,"fhdBasisPrj":null,"fhdBasisMethod":null,"Shape__Length":8112.246802475585,"fhdAccess":"Unassisted","fhdBarrierFtrID":null,"fhdEndExtent":"Unknown","habitatType":"stream"},"id":275},
{"type":"Feature","geometry":{"type":"LineString","coordinates":[[-121.934393,45.644679],[-121.940695,45.644401]]},"properties":{"OBJECTID":276,"fhdFtrID":463,"fhdRefID":53013,"fhdRevDt":"20180529","fhdONm":"Matt Weeber","fhdOEnt":"ODFW","fhdSpNm":"Chum salmon","fhdRun":"NA","fhdLifeHst":"Anadromous","fhdUseTy":"Rearing","fhdBasis":"DownstreamDocObsFish","fhdStNm":"Columbia River","fhdGenus":"Oncorhynchus","fhdSp":"keta","fhdSubSp":null,"fhdOrig":"NativeLocal","fhdProd":"Natural","fhdComment":null,"fhdESH":"yes","fhdBasisD":null,"fhdNMF":"yes","fhdBasisDt":null,"fhdBasisNm":null,"fhdBasisEnt":null,"fhdBasisPrj":null,"fhdBasisMethod":null,"Shape__Length":702.998899246575,"fhdAccess":"Unassisted","fhdBarrierFtrID":null,"fhdEndExtent":"Unknown","habitatType":"stream"},"id":276},
{"type":"Feature","geometry":{"type":"LineString","coordinates":[[-121.9308,45.640275],[-121.934271,45.641026]]},"properties":{"OBJECTID":277,"fhdFtrID":464,"fhdRefID":53013,"fhdRevDt":"20180529","fhdONm":"Matt Weeber","fhdOEnt":"ODFW","fhdSpNm":"Chum salmon","fhdRun":"NA","fhdLifeHst":"Anadromous","fhdUseTy":"Rearing","fhdBasis":"DownstreamDocObsFish","fhdStNm":"Eagle Creek","fhdGenus":"Oncorhynchus","fhdSp":"keta","fhdSubSp":null,"fhdOrig":"NativeLocal","fhdProd":"Natural","fhdComment":null,"fhdESH":"yes","fhdBasisD":null,"fhdNMF":"yes","fhdBasisDt":null,"fhdBasisNm":null,"fhdBasisEnt":null,"fhdBasisPrj":null,"fhdBasisMethod":null,"Shape__Length":406.09089140701406,"fhdAccess":"Unassisted","fhdBarrierFtrID":null,"fhdEndExtent":"Unknown","habitatType":"stream"},"id":277},
{"type":"Feature","geometry":{"type":"LineString","coordinates":[[-121.918491,45.636453],[-121.919704,45.636381],[-121.921016,45.638786],[-121.924166,45.640019],[-121.926909,45.640118],[-121.92872,45.641242],[-121.9308,45.640275]]},"properties":{"OBJECTID":278,"fhdFtrID":465,"fhdRefID":53013,"fhdRevDt":"20160316","fhdONm":"Matt Weeber","fhdOEnt":"ODFW","fhdSpNm":"Chum salmon","fhdRun":"NA","fhdLifeHst":"Anadromous","fhdUseTy":"Spawning","fhdBasis":"DocObsFish","fhdStNm":"Eagle Creek","fhdGenus":"Oncorhynchus","fhdSp":"keta","fhdSubSp":null,"fhdOrig":"NativeLocal","fhdProd":"Natural","fhdComment":null,"fhdESH":"yes","fhdBasisD":null,"fhdNMF":"yes","fhdBasisDt":null,"fhdBasisNm":null,"fhdBasisEnt":"ODFW","fhdBasisPrj":"OASIS","fhdBasisMethod":null,"Shape__Length":1853.836729456041,"fhdAccess":"Unassisted","fhdBarrierFtrID":null,"fhdEndExtent":"Unknown","habitatType":"stream"},"id":278},
{"type":"Feature","geometry":{"type":"LineString","coordinates":[[-122.130077,45.582598],[-122.129126,45.579423],[-122.129544,45.577929]]},"properties":{"OBJECTID":279,"fhdFtrID":466,"fhdRefID":53013,"fhdRevDt":"20160316","fhdONm":"Matt Weeber","fhdOEnt":"ODFW","fhdSpNm":"Chum salmon","fhdRun":"NA","fhdLifeHst":"Anadromous","fhdUseTy":"Spawning","fhdBasis":"DownstreamDocObsFish","fhdStNm":null,"fhdGenus":"Oncorhynchus","fhdSp":"keta","fhdSubSp":null,"fhdOrig":"NativeLocal","fhdProd":"Natural","fhdComment":null,"fhdESH":"yes","fhdBasisD":null,"fhdNMF":"yes","fhdBasisDt":null,"fhdBasisNm":null,"fhdBasisEnt":null,"fhdBasisPrj":null,"fhdBasisMethod":null,"Shape__Length":807.7294789055549,"fhdAccess":"Unassisted","fhdBarrierFtrID":null,"fhdEndExtent":"NA","habitatType":"stream"},"id":279},
{"type":"Feature","geometry":{"type":"LineString","coordinates":[[-122.129544,45.577929],[-122.127193,45.577948]]},"properties":{"OBJECTID":280,"fhdFtrID":467,"fhdRefID":53013,"fhdRevDt":"20160316","fhdONm":"Matt Weeber","fhdOEnt":"ODFW","fhdSpNm":"Chum salmon","fhdRun":"NA","fhdLifeHst":"Anadromous","fhdUseTy":"Spawning","fhdBasis":"DocObsFish","fhdStNm":"Multnomah Creek","fhdGenus":"Oncorhynchus","fhdSp":"keta","fhdSubSp":null,"fhdOrig":"NativeLocal","fhdProd":"Natural","fhdComment":null,"fhdESH":"yes","fhdBasisD":null,"fhdNMF":"yes","fhdBasisDt":null,"fhdBasisNm":null,"fhdBasisEnt":"ODFW","fhdBasisPrj":"OASIS","fhdBasisMethod":null,"Shape__Length":274.3807821782056,"fhdAccess":"Unassisted","fhdBarrierFtrID":null,"fhdEndExtent":"NA","habitatType":"stream"},"id":280},
{"type":"Feature","geometry":{"type":"LineString","coordinates":[[-122.127193,45.577948],[-122.120591,45.577608]]},"properties":{"OBJECTID":281,"fhdFtrID":468,"fhdRefID":53013,"fhdRevDt":"20160316","fhdONm":"Matt Weeber","fhdOEnt":"ODFW","fhdSpNm":"Chum salmon","fhdRun":"NA","fhdLifeHst":"Anadromous","fhdUseTy":"Spawning","fhdBasis":"DownstreamDocObsFish","fhdStNm":"Multnomah Creek","fhdGenus":"Oncorhynchus","fhdSp":"keta","fhdSubSp":null,"fhdOrig":"NativeLocal","fhdProd":"Natural","fhdComment":null,"fhdESH":"yes","fhdBasisD":null,"fhdNMF":"yes","fhdBasisDt":null,"fhdBasisNm":null,"fhdBasisEnt":null,"fhdBasisPrj":null,"fhdBasisMethod":null,"Shape__Length":738.6851664539122,"fhdAccess":"Unassisted","fhdBarrierFtrID":null,"fhdEndExtent":"NA","habitatType":"stream"},"id":281},
{"type":"Feature","geometry":{"type":"LineString","coordinates":[[-122.120591,45.577608],[-122.117564,45.57819],[-122.11628,45.576742]]},"properties":{"OBJECTID":282,"fhdFtrID":469,"fhdRefID":53013,"fhdRevDt":"20160316","fhdONm":"Matt Weeber","fhdOEnt":"ODFW","fhdSpNm":"Chum salmon","fhdRun":"NA","fhdLifeHst":"Anadromous","fhdUseTy":"Spawning","fhdBasis":"DocObsFish","fhdStNm":"Multnomah Creek","fhdGenus":"Oncorhynchus","fhdSp":"keta","fhdSubSp":null,"fhdOrig":"NativeLocal","fhdProd":"Natural","fhdComment":null,"fhdESH":"yes","fhdBasisD":null,"fhdNMF":"yes","fhdBasisDt":null,"fhdBasisNm":null,"fhdBasisEnt":"ODFW","fhdBasisPrj":"OASIS","fhdBasisMethod":null,"Shape__Length":706.0690048047642,"fhdAccess":"Unassisted","fhdBarrierFtrID":null,"fhdEndExtent":"Unknown","habitatType":"stream"},"id":282},
{"type":"Feature","geometry":{"type":"LineString","coordinates":[[-123.858399,46.002834],[-123.859987,46.009462],[-123.857809,46.012941],[-123.858355,46.015634],[-123.857899,46.01716],[-123.859491,46.018904]]},"properties":{"OBJECTID":283,"fhdFtrID":472,"fhdRefID":51505,"fhdRevDt":"20020000","fhdONm":"Joe Sheahan - Walt Weber","fhdOEnt":"ODFW","fhdSpNm":"Chum salmon","fhdRun":"NA","fhdLifeHst":"Anadromous","fhdUseTy":"Historical","fhdBasis":"ConcurProfOpinion","fhdStNm":"Lewis And Clark River","fhdGenus":"Oncorhynchus","fhdSp":"keta","fhdSubSp":null,"fhdOrig":"NativeLocal","fhdProd":"None","fhdComment":"Historic Distribution Only","fhdESH":"NA","fhdBasisD":null,"fhdNMF":"yes","fhdBasisDt":null,"fhdBasisNm":null,"fhdBasisEnt":null,"fhdBasisPrj":null,"fhdBasisMethod":null,"Shape__Length":2868.3938401218966,"fhdAccess":"NA","fhdBarrierFtrID":null,"fhdEndExtent":"Unknown","habitatType":"stream"},"id":283},
{"type":"Feature","geometry":{"type":"LineString","coordinates":[[-123.384162,46.150013],[-123.383316,46.142464],[-123.381923,46.13954],[-123.379997,46.137926],[-123.377643,46.137565],[-123.375333,46.13721],[-123.366329,46.137028],[-123.364143,46.136453],[-123.359651,46.133409],[-123.358438,46.132036],[-123.360299,46.125523],[-123.357685,46.123749],[-123.355389,46.122946],[-123.350177,46.121936],[-123.347746,46.124716],[-123.344273,46.126431],[-123.340162,46.126576],[-123.33795,46.125579],[-123.333549,46.118359],[-123.331441,46.117446],[-123.324672,46.115963],[-123.323354,46.116372],[-123.31891,46.120002],[-123.314783,46.124847],[-123.313508,46.125741],[-123.309128,46.127184],[-123.305711,46.127274],[-123.299898,46.122511],[-123.296479,46.122168],[-123.294234,46.123443],[-123.291807,46.126959],[-123.287743,46.129508],[-123.284907,46.129245],[-123.284005,46.127519],[-123.283826,46.12301],[-123.282573,46.121015],[-123.279765,46.118538],[-123.275834,46.116766],[-123.271911,46.116397],[-123.2698,46.115314]]},"properties":{"OBJECTID":284,"fhdFtrID":473,"fhdRefID":53013,"fhdRevDt":"20160316","fhdONm":"Matt Weeber","fhdOEnt":"ODFW","fhdSpNm":"Chum salmon","fhdRun":"NA","fhdLifeHst":"Anadromous","fhdUseTy":"Migration","fhdBasis":"DownstreamDocObsFish","fhdStNm":"Westport Slough","fhdGenus":"Oncorhynchus","fhdSp":"keta","fhdSubSp":null,"fhdOrig":"NativeLocal","fhdProd":"Natural","fhdComment":null,"fhdESH":"no","fhdBasisD":null,"fhdNMF":"yes","fhdBasisDt":null,"fhdBasisNm":null,"fhdBasisEnt":null,"fhdBasisPrj":null,"fhdBasisMethod":null,"Shape__Length":20994.934442346963,"fhdAccess":"Unassisted","fhdBarrierFtrID":null,"fhdEndExtent":"NA","habitatType":"stream"},"id":284},
{"type":"Feature","geometry":{"type":"LineString","coordinates":[[-123.2698,46.115314],[-123.270031,46.111518],[-123.272108,46.109198]]},"properties":{"OBJECTID":285,"fhdFtrID":474,"fhdRefID":53013,"fhdRevDt":"20160316","fhdONm":"Matt Weeber","fhdOEnt":"ODFW","fhdSpNm":"Chum salmon","fhdRun":"NA","fhdLifeHst":"Anadromous","fhdUseTy":"Spawning","fhdBasis":"DocObsFish","fhdStNm":"Graham Creek","fhdGenus":"Oncorhynchus","fhdSp":"keta","fhdSubSp":null,"fhdOrig":"NativeLocal","fhdProd":"Natural","fhdComment":"Natural spawners reintroduced 2013","fhdESH":"yes","fhdBasisD":"20130000","fhdNMF":"yes","fhdBasisDt":"20170000","fhdBasisNm":null,"fhdBasisEnt":"ODFW","fhdBasisPrj":"OASIS","fhdBasisMethod":null,"Shape__Length":1121.0642147041297,"fhdAccess":"Unassisted","fhdBarrierFtrID":null,"fhdEndExtent":"Unknown","habitatType":"stream"},"id":285},
{"type":"Feature","geometry":{"type":"LineString","coordinates":[[-123.221547,46.121161],[-123.218671,46.122035],[-123.216502,46.12339],[-123.211114,46.122933],[-123.21224,46.125533],[-123.207936,46.127266],[-123.205759,46.126703],[-123.200452,46.119855],[-123.198663,46.1204],[-123.197356,46.122614],[-123.193673,46.124294],[-123.191194,46.124785],[-123.177566,46.130122],[-123.174982,46.132985],[-123.172796,46.134027],[-123.171819,46.132309],[-123.166441,46.133166],[-123.164348,46.13433],[-123.163445,46.131011]]},"properties":{"OBJECTID":286,"fhdFtrID":475,"fhdRefID":53013,"fhdRevDt":"20160316","fhdONm":"Matt Weeber","fhdOEnt":"ODFW","fhdSpNm":"Chum salmon","fhdRun":"NA","fhdLifeHst":"Anadromous","fhdUseTy":"Migration","fhdBasis":"DownstreamDocObsFish","fhdStNm":"Beaver Slough","fhdGenus":"Oncorhynchus","fhdSp":"keta","fhdSubSp":null,"fhdOrig":"NativeLocal","fhdProd":"Natural","fhdComment":null,"fhdESH":"no","fhdBasisD":null,"fhdNMF":"yes","fhdBasisDt":null,"fhdBasisNm":null,"fhdBasisEnt":null,"fhdBasisPrj":null,"fhdBasisMethod":null,"Shape__Length":10232.278966153448,"fhdAccess":"Unassisted","fhdBarrierFtrID":null,"fhdEndExtent":"NA","habitatType":"stream"},"id":286},
{"type":"Feature","geometry":{"type":"LineString","coordinates":[[-123.163445,46.131011],[-123.162233,46.128285],[-123.164167,46.125906],[-123.163385,46.12418],[-123.164778,46.122612],[-123.163215,46.119645],[-123.165426,46.118858],[-123.164138,46.116457],[-123.162648,46.11532],[-123.161797,46.112813],[-123.159753,46.1102]]},"properties":{"OBJECTID":287,"fhdFtrID":476,"fhdRefID":53013,"fhdRevDt":"20160316","fhdONm":"Matt Weeber","fhdOEnt":"ODFW","fhdSpNm":"Chum salmon","fhdRun":"NA","fhdLifeHst":"Anadromous","fhdUseTy":"Migration","fhdBasis":"DownstreamDocObsFish","fhdStNm":"Beaver Creek","fhdGenus":"Oncorhynchus","fhdSp":"keta","fhdSubSp":null,"fhdOrig":"NativeLocal","fhdProd":"Natural","fhdComment":null,"fhdESH":"no","fhdBasisD":null,"fhdNMF":"yes","fhdBasisDt":null,"fhdBasisNm":null,"fhdBasisEnt":null,"fhdBasisPrj":null,"fhdBasisMethod":null,"Shape__Length":4615.921637985595,"fhdAccess":"Unassisted","fhdBarrierFtrID":null,"fhdEndExtent":"NA","habitatType":"stream"},"id":287},
{"type":"Feature","geometry":{"type":"LineString","coordinates":[[-123.159753,46.1102],[-123.157373,46.109767],[-123.156128,46.107648],[-123.153856,46.107944],[-123.153762,46.10638],[-123.15086,46.105919],[-123.15019,46.104382],[-123.147453,46.105193],[-123.142958,46.103897]]},"properties":{"OBJECTID":288,"fhdFtrID":477,"fhdRefID":53013,"fhdRevDt":"20160316","fhdONm":"Matt Weeber","fhdOEnt":"ODFW","fhdSpNm":"Chum salmon","fhdRun":"NA","fhdLifeHst":"Anadromous","fhdUseTy":"Spawning","fhdBasis":"DocObsFish","fhdStNm":"Beaver Creek","fhdGenus":"Oncorhynchus","fhdSp":"keta","fhdSubSp":null,"fhdOrig":"NativeLocal","fhdProd":"Natural","fhdComment":null,"fhdESH":"yes","fhdBasisD":null,"fhdNMF":"yes","fhdBasisDt":null,"fhdBasisNm":null,"fhdBasisEnt":"ODFW","fhdBasisPrj":"OASIS","fhdBasisMethod":null,"Shape__Length":2783.3911694328913,"fhdAccess":"Unassisted","fhdBarrierFtrID":null,"fhdEndExtent":"NA","habitatType":"stream"},"id":288},
{"type":"Feature","geometry":{"type":"LineString","coordinates":[[-123.163445,46.131011],[-123.156629,46.129634],[-123.151569,46.131909],[-123.145649,46.133964]]},"properties":{"OBJECTID":289,"fhdFtrID":478,"fhdRefID":51505,"fhdRevDt":"20160322","fhdONm":"Kris Homel","fhdOEnt":"ODFW","fhdSpNm":"Chum salmon","fhdRun":"NA","fhdLifeHst":"Anadromous","fhdUseTy":"Spawning","fhdBasis":"DocObsFish","fhdStNm":"Stewart Creek","fhdGenus":"Oncorhynchus","fhdSp":"keta","fhdSubSp":null,"fhdOrig":"NativeLocal","fhdProd":"Natural","fhdComment":"Natural spawners reintroduced 2013","fhdESH":"yes","fhdBasisD":null,"fhdNMF":"yes","fhdBasisDt":null,"fhdBasisNm":null,"fhdBasisEnt":null,"fhdBasisPrj":null,"fhdBasisMethod":null,"Shape__Length":2224.2144863570193,"fhdAccess":"Unassisted","fhdBarrierFtrID":null,"fhdEndExtent":"Unknown","habitatType":"stream"},"id":289},
{"type":"Feature","geometry":{"type":"LineString","coordinates":[[-123.179194,46.100376],[-123.182814,46.0999],[-123.186063,46.098342],[-123.187273,46.099296],[-123.191011,46.098775],[-123.193807,46.098986],[-123.19469,46.099957],[-123.199403,46.100885],[-123.202106,46.104156],[-123.205163,46.105302],[-123.206624,46.10836],[-123.209947,46.111018]]},"properties":{"OBJECTID":290,"fhdFtrID":479,"fhdRefID":51505,"fhdRevDt":"20160322","fhdONm":"Kris Homel","fhdOEnt":"ODFW","fhdSpNm":"Chum salmon","fhdRun":"NA","fhdLifeHst":"Anadromous","fhdUseTy":"Migration","fhdBasis":"DocObsFish","fhdStNm":"Clatskanie River","fhdGenus":"Oncorhynchus","fhdSp":"keta","fhdSubSp":null,"fhdOrig":"NativeLocal","fhdProd":"Mixed","fhdComment":null,"fhdESH":"no","fhdBasisD":null,"fhdNMF":"yes","fhdBasisDt":null,"fhdBasisNm":null,"fhdBasisEnt":null,"fhdBasisPrj":null,"fhdBasisMethod":null,"Shape__Length":6459.116507844042,"fhdAccess":"Unassisted","fhdBarrierFtrID":null,"fhdEndExtent":"NA","habitatType":"stream"},"id":290},
{"type":"Feature","geometry":{"type":"LineString","coordinates":[[-123.165602,46.086401],[-123.165207,46.088393],[-123.166216,46.089491],[-123.165923,46.091252],[-123.169558,46.093754],[-123.169888,46.096519],[-123.172136,46.09669],[-123.175219,46.100141],[-123.179194,46.100376]]},"properties":{"OBJECTID":291,"fhdFtrID":480,"fhdRefID":51505,"fhdRevDt":"20160322","fhdONm":"Kris Homel","fhdOEnt":"ODFW","fhdSpNm":"Chum salmon","fhdRun":"NA","fhdLifeHst":"Anadromous","fhdUseTy":"Spawning","fhdBasis":"DocObsFish","fhdStNm":"Clatskanie River","fhdGenus":"Oncorhynchus","fhdSp":"keta","fhdSubSp":null,"fhdOrig":"NativeLocal","fhdProd":"Mixed","fhdComment":null,"fhdESH":"yes","fhdBasisD":null,"fhdNMF":"yes","fhdBasisDt":null,"fhdBasisNm":null,"fhdBasisEnt":null,"fhdBasisPrj":null,"fhdBasisMethod":null,"Shape__Length":4015.9385278942377,"fhdAccess":"Unassisted","fhdBarrierFtrID":null,"fhdEndExtent":"NA","habitatType":"stream"},"id":291},
{"type":"Feature","geometry":{"type":"LineString","coordinates":[[-123.59699,46.185989],[-123.595173,46.185561],[-123.590664,46.187335],[-123.587319,46.196465],[-123.587274,46.201101]]},"properties":{"OBJECTID":292,"fhdFtrID":481,"fhdRefID":51505,"fhdRevDt":"20020000","fhdONm":"Joe Sheahan - Walt Weber","fhdOEnt":"ODFW","fhdSpNm":"Chum salmon","fhdRun":"NA","fhdLifeHst":"Anadromous","fhdUseTy":"Migration","fhdBasis":"ConcurProfOpinion","fhdStNm":"Unnamed trib to Columbia River","fhdGenus":"Oncorhynchus","fhdSp":"keta","fhdSubSp":null,"fhdOrig":"NativeLocal","fhdProd":"Natural","fhdComment":null,"fhdESH":"no","fhdBasisD":null,"fhdNMF":"yes","fhdBasisDt":null,"fhdBasisNm":null,"fhdBasisEnt":null,"fhdBasisPrj":null,"fhdBasisMethod":null,"Shape__Length":3052.315477334928,"fhdAccess":"Unassisted","fhdBarrierFtrID":null,"fhdEndExtent":"NA","habitatType":"stream"},"id":292},
{"type":"Feature","geometry":{"type":"LineString","coordinates":[[-123.667329,46.154303],[-123.666594,46.155822],[-123.664438,46.157353],[-123.667143,46.164622],[-123.668833,46.164842],[-123.668135,46.167287]]},"properties":{"OBJECTID":293,"fhdFtrID":482,"fhdRefID":53013,"fhdRevDt":"20160321","fhdONm":"Matt Weeber","fhdOEnt":"ODFW","fhdSpNm":"Chum salmon","fhdRun":"NA","fhdLifeHst":"Anadromous","fhdUseTy":"Spawning","fhdBasis":"DownstreamDocObsFish","fhdStNm":"Bear Creek","fhdGenus":"Oncorhynchus","fhdSp":"keta","fhdSubSp":null,"fhdOrig":"NativeLocal","fhdProd":"Natural","fhdComment":null,"fhdESH":"yes","fhdBasisD":null,"fhdNMF":"yes","fhdBasisDt":null,"fhdBasisNm":null,"fhdBasisEnt":null,"fhdBasisPrj":null,"fhdBasisMethod":null,"Shape__Length":2622.3957391450567,"fhdAccess":"Unassisted","fhdBarrierFtrID":null,"fhdEndExtent":"NA","habitatType":"stream"},"id":293},
{"type":"Feature","geometry":{"type":"LineString","coordinates":[[-123.832948,45.906659],[-123.835109,45.904756],[-123.839849,45.902562],[-123.84417,45.902491],[-123.845131,45.901315],[-123.848779,45.902923]]},"properties":{"OBJECTID":294,"fhdFtrID":487,"fhdRefID":53013,"fhdRevDt":"20160324","fhdONm":"Matt Weeber","fhdOEnt":"ODFW","fhdSpNm":"Chum salmon","fhdRun":"NA","fhdLifeHst":"Anadromous","fhdUseTy":"Spawning","fhdBasis":"DocObsFish","fhdStNm":"Necanicum River","fhdGenus":"Oncorhynchus","fhdSp":"keta","fhdSubSp":null,"fhdOrig":"NativeLocal","fhdProd":"Natural","fhdComment":null,"fhdESH":"yes","fhdBasisD":"19910000","fhdNMF":"yes","fhdBasisDt":null,"fhdBasisNm":null,"fhdBasisEnt":"ODFW","fhdBasisPrj":"OASIS","fhdBasisMethod":null,"Shape__Length":2443.19681053994,"fhdAccess":"Unassisted","fhdBarrierFtrID":null,"fhdEndExtent":"NA","habitatType":"stream"},"id":294},
{"type":"Feature","geometry":{"type":"LineString","coordinates":[[-123.904251,45.944625],[-123.909229,45.942617],[-123.910903,45.941105],[-123.915147,45.941734]]},"properties":{"OBJECTID":295,"fhdFtrID":488,"fhdRefID":53013,"fhdRevDt":"20160324","fhdONm":"Matt Weeber","fhdOEnt":"ODFW","fhdSpNm":"Chum salmon","fhdRun":"NA","fhdLifeHst":"Anadromous","fhdUseTy":"Spawning","fhdBasis":"DocObsFish","fhdStNm":"Diehl Creek","fhdGenus":"Oncorhynchus","fhdSp":"keta","fhdSubSp":null,"fhdOrig":"NativeLocal","fhdProd":"Natural","fhdComment":null,"fhdESH":"yes","fhdBasisD":null,"fhdNMF":"yes","fhdBasisDt":"20150000","fhdBasisNm":null,"fhdBasisEnt":"ODFW","fhdBasisPrj":"OASIS","fhdBasisMethod":null,"Shape__Length":1584.4532276633552,"fhdAccess":"Unassisted","fhdBarrierFtrID":null,"fhdEndExtent":"Unknown","habitatType":"stream"},"id":295},
{"type":"Feature","geometry":{"type":"LineString","coordinates":[[-123.937665,45.882578],[-123.944247,45.884824],[-123.945604,45.886208],[-123.946507,45.888932],[-123.947965,45.890208],[-123.949398,45.891047],[-123.949628,45.893047],[-123.951562,45.894352],[-123.95178,45.897524],[-123.952803,45.899091],[-123.957135,45.899883],[-123.957426,45.901522],[-123.960097,45.902459],[-123.962132,45.901466],[-123.964543,45.897936]]},"properties":{"OBJECTID":296,"fhdFtrID":489,"fhdRefID":53013,"fhdRevDt":"20160324","fhdONm":"Matt Weeber","fhdOEnt":"ODFW","fhdSpNm":"Chum salmon","fhdRun":"NA","fhdLifeHst":"Anadromous","fhdUseTy":"Spawning","fhdBasis":"DownstreamDocObsFish","fhdStNm":"Ecola Creek","fhdGenus":"Oncorhynchus","fhdSp":"keta","fhdSubSp":null,"fhdOrig":"NativeLocal","fhdProd":"Natural","fhdComment":null,"fhdESH":"yes","fhdBasisD":null,"fhdNMF":"yes","fhdBasisDt":"20150000","fhdBasisNm":null,"fhdBasisEnt":null,"fhdBasisPrj":null,"fhdBasisMethod":null,"Shape__Length":5858.146947975597,"fhdAccess":"Unassisted","fhdBarrierFtrID":null,"fhdEndExtent":"Unknown","habitatType":"stream"},"id":296},
{"type":"Feature","geometry":{"type":"LineString","coordinates":[[-123.934649,45.875831],[-123.93239,45.877269],[-123.932813,45.878356],[-123.935399,45.87832],[-123.93698,45.879078],[-123.937665,45.882578]]},"properties":{"OBJECTID":297,"fhdFtrID":490,"fhdRefID":53013,"fhdRevDt":"20160324","fhdONm":"Matt Weeber","fhdOEnt":"ODFW","fhdSpNm":"Chum salmon","fhdRun":"NA","fhdLifeHst":"Anadromous","fhdUseTy":"Spawning","fhdBasis":"DocObsFish","fhdStNm":"Ecola Creek","fhdGenus":"Oncorhynchus","fhdSp":"keta","fhdSubSp":null,"fhdOrig":"NativeLocal","fhdProd":"Natural","fhdComment":null,"fhdESH":"yes","fhdBasisD":null,"fhdNMF":"yes","fhdBasisDt":"20150000","fhdBasisNm":null,"fhdBasisEnt":"ODFW","fhdBasisPrj":"OASIS","fhdBasisMethod":null,"Shape__Length":1848.7710830254216,"fhdAccess":"Unassisted","fhdBarrierFtrID":null,"fhdEndExtent":"NA","habitatType":"stream"},"id":297},
{"type":"Feature","geometry":{"type":"LineString","coordinates":[[-123.932382,45.659789],[-123.928928,45.657307],[-123.927394,45.657316],[-123.924932,45.659177],[-123.923207,45.659177],[-123.920953,45.660676],[-123.915679,45.662703],[-123.913473,45.661542]]},"properties":{"OBJECTID":298,"fhdFtrID":491,"fhdRefID":53013,"fhdRevDt":"20160324","fhdONm":"Matt Weeber","fhdOEnt":"ODFW","fhdSpNm":"Chum salmon","fhdRun":"NA","fhdLifeHst":"Anadromous","fhdUseTy":"Spawning","fhdBasis":"DocObsFish","fhdStNm":"Jetty Creek","fhdGenus":"Oncorhynchus","fhdSp":"keta","fhdSubSp":null,"fhdOrig":"NativeLocal","fhdProd":"Natural","fhdComment":null,"fhdESH":"yes","fhdBasisD":null,"fhdNMF":"yes","fhdBasisDt":"19940000","fhdBasisNm":null,"fhdBasisEnt":"ODFW","fhdBasisPrj":"OASIS","fhdBasisMethod":null,"Shape__Length":2887.2814482490303,"fhdAccess":"Unassisted","fhdBarrierFtrID":null,"fhdEndExtent":"Unknown","habitatType":"stream"},"id":298},
{"type":"Feature","geometry":{"type":"LineString","coordinates":[[-123.841122,45.680861],[-123.84121,45.683043],[-123.843906,45.686304],[-123.844003,45.68872],[-123.845447,45.690177],[-123.845756,45.694369],[-123.849136,45.697854]]},"properties":{"OBJECTID":299,"fhdFtrID":492,"fhdRefID":53013,"fhdRevDt":"20160324","fhdONm":"Matt Weeber","fhdOEnt":"ODFW","fhdSpNm":"Chum salmon","fhdRun":"NA","fhdLifeHst":"Anadromous","fhdUseTy":"Spawning","fhdBasis":"DocObsFish","fhdStNm":"Foley Creek","fhdGenus":"Oncorhynchus","fhdSp":"keta","fhdSubSp":null,"fhdOrig":"NativeLocal","fhdProd":"Natural","fhdComment":null,"fhdESH":"yes","fhdBasisD":null,"fhdNMF":"yes","fhdBasisDt":"20070000","fhdBasisNm":null,"fhdBasisEnt":"ODFW","fhdBasisPrj":"OASIS","fhdBasisMethod":null,"Shape__Length":3212.4433787586536,"fhdAccess":"Unassisted","fhdBarrierFtrID":null,"fhdEndExtent":"NA","habitatType":"stream"},"id":299},
{"type":"Feature","geometry":{"type":"LineString","coordinates":[[-123.851929,45.649736],[-123.849487,45.651361],[-123.849317,45.653068],[-123.847671,45.653526],[-123.847264,45.655392]]},"properties":{"OBJECTID":300,"fhdFtrID":493,"fhdRefID":53013,"fhdRevDt":"20160324","fhdONm":"Matt Weeber","fhdOEnt":"ODFW","fhdSpNm":"Chum salmon","fhdRun":"NA","fhdLifeHst":"Anadromous","fhdUseTy":"Spawning","fhdBasis":"DocObsFish","fhdStNm":"Foley Creek","fhdGenus":"Oncorhynchus","fhdSp":"keta","fhdSubSp":null,"fhdOrig":"NativeLocal","fhdProd":"Natural","fhdComment":null,"fhdESH":"yes","fhdBasisD":null,"fhdNMF":"yes","fhdBasisDt":"19920000","fhdBasisNm":null,"fhdBasisEnt":"ODFW","fhdBasisPrj":"OASIS","fhdBasisMethod":null,"Shape__Length":1366.443253538243,"fhdAccess":"Unassisted","fhdBarrierFtrID":null,"fhdEndExtent":"NA","habitatType":"stream"},"id":300},
{"type":"Feature","geometry":{"type":"LineString","coordinates":[[-123.853492,45.648563],[-123.851929,45.649736]]},"properties":{"OBJECTID":301,"fhdFtrID":494,"fhdRefID":51505,"fhdRevDt":"20160324","fhdONm":"Joe Sheahan - Walt Weber","fhdOEnt":"ODFW","fhdSpNm":"Chum salmon","fhdRun":"NA","fhdLifeHst":"Anadromous","fhdUseTy":"Spawning","fhdBasis":"UndocObsFish","fhdStNm":"Foley Creek","fhdGenus":"Oncorhynchus","fhdSp":"keta","fhdSubSp":null,"fhdOrig":"NativeLocal","fhdProd":"Natural","fhdComment":null,"fhdESH":"yes","fhdBasisD":null,"fhdNMF":"yes","fhdBasisDt":null,"fhdBasisNm":null,"fhdBasisEnt":null,"fhdBasisPrj":null,"fhdBasisMethod":null,"Shape__Length":321.56169287715926,"fhdAccess":"Unassisted","fhdBarrierFtrID":null,"fhdEndExtent":"Unknown","habitatType":"stream"},"id":301},
{"type":"Feature","geometry":{"type":"LineString","coordinates":[[-123.975455,45.091957],[-123.971391,45.089264],[-123.968158,45.088709],[-123.967544,45.08758],[-123.964457,45.086011],[-123.960426,45.08554]]},"properties":{"OBJECTID":302,"fhdFtrID":495,"fhdRefID":51506,"fhdRevDt":"20020415","fhdONm":"Keith Braun - Rick Klumph","fhdOEnt":"ODFW","fhdSpNm":"Chum salmon","fhdRun":"NA","fhdLifeHst":"Anadromous","fhdUseTy":"Spawning","fhdBasis":"DocObsFish","fhdStNm":"Neskowin Creek","fhdGenus":"Oncorhynchus","fhdSp":"keta","fhdSubSp":null,"fhdOrig":"NativeLocal","fhdProd":"Natural","fhdComment":null,"fhdESH":"yes","fhdBasisD":null,"fhdNMF":"yes","fhdBasisDt":"20060000","fhdBasisNm":null,"fhdBasisEnt":null,"fhdBasisPrj":null,"fhdBasisMethod":null,"Shape__Length":2421.3055928241083,"fhdAccess":"Unassisted","fhdBarrierFtrID":null,"fhdEndExtent":"Unknown","habitatType":"stream"},"id":302},
{"type":"Feature","geometry":{"type":"LineString","coordinates":[[-123.828162,45.406751],[-123.830081,45.403488]]},"properties":{"OBJECTID":303,"fhdFtrID":496,"fhdRefID":53013,"fhdRevDt":"20160324","fhdONm":"Matt Weeber","fhdOEnt":"ODFW","fhdSpNm":"Chum salmon","fhdRun":"NA","fhdLifeHst":"Anadromous","fhdUseTy":"Spawning","fhdBasis":"DownstreamDocObsFish","fhdStNm":"Bewley Creek","fhdGenus":"Oncorhynchus","fhdSp":"keta","fhdSubSp":null,"fhdOrig":"NativeLocal","fhdProd":"Natural","fhdComment":null,"fhdESH":"yes","fhdBasisD":null,"fhdNMF":"yes","fhdBasisDt":null,"fhdBasisNm":null,"fhdBasisEnt":null,"fhdBasisPrj":null,"fhdBasisMethod":null,"Shape__Length":790.7617444098684,"fhdAccess":"Unassisted","fhdBarrierFtrID":null,"fhdEndExtent":"NA","habitatType":"stream"},"id":303},
{"type":"Feature","geometry":{"type":"LineString","coordinates":[[-123.830081,45.403488],[-123.832172,45.402794],[-123.833302,45.398043],[-123.836992,45.396578],[-123.840124,45.394555]]},"properties":{"OBJECTID":304,"fhdFtrID":497,"fhdRefID":53013,"fhdRevDt":"20160324","fhdONm":"Matt Weeber","fhdOEnt":"ODFW","fhdSpNm":"Chum salmon","fhdRun":"NA","fhdLifeHst":"Anadromous","fhdUseTy":"Spawning","fhdBasis":"DocObsFish","fhdStNm":"Bewley Creek","fhdGenus":"Oncorhynchus","fhdSp":"keta","fhdSubSp":null,"fhdOrig":"NativeLocal","fhdProd":"Natural","fhdComment":null,"fhdESH":"yes","fhdBasisD":null,"fhdNMF":"yes","fhdBasisDt":null,"fhdBasisNm":null,"fhdBasisEnt":"ODFW","fhdBasisPrj":"OASIS","fhdBasisMethod":null,"Shape__Length":2834.714934141515,"fhdAccess":"Unassisted","fhdBarrierFtrID":null,"fhdEndExtent":"NA","habitatType":"stream"},"id":304},
{"type":"Feature","geometry":{"type":"LineString","coordinates":[[-123.785962,45.522846],[-123.787138,45.524369],[-123.79469,45.524305]]},"properties":{"OBJECTID":305,"fhdFtrID":498,"fhdRefID":53013,"fhdRevDt":"20160324","fhdONm":"Matt Weeber","fhdOEnt":"ODFW","fhdSpNm":"Chum salmon","fhdRun":"NA","fhdLifeHst":"Anadromous","fhdUseTy":"Spawning","fhdBasis":"DocObsFish","fhdStNm":"Clear Creek","fhdGenus":"Oncorhynchus","fhdSp":"keta","fhdSubSp":null,"fhdOrig":"NativeLocal","fhdProd":"Natural","fhdComment":null,"fhdESH":"yes","fhdBasisD":null,"fhdNMF":"yes","fhdBasisDt":null,"fhdBasisNm":null,"fhdBasisEnt":"ODFW","fhdBasisPrj":"OASIS","fhdBasisMethod":null,"Shape__Length":1365.3532742859975,"fhdAccess":"Unassisted","fhdBarrierFtrID":null,"fhdEndExtent":"NA","habitatType":"stream"},"id":305},
{"type":"Feature","geometry":{"type":"LineString","coordinates":[[-123.771421,45.537211],[-123.774774,45.536845],[-123.777975,45.537496],[-123.78081,45.535441],[-123.78394,45.534859],[-123.785205,45.535465]]},"properties":{"OBJECTID":306,"fhdFtrID":499,"fhdRefID":53013,"fhdRevDt":"20160324","fhdONm":"Matt Weeber","fhdOEnt":"ODFW","fhdSpNm":"Chum salmon","fhdRun":"NA","fhdLifeHst":"Anadromous","fhdUseTy":"Spawning","fhdBasis":"DocObsFish","fhdStNm":"Little South Fork Kilchis Riv","fhdGenus":"Oncorhynchus","fhdSp":"keta","fhdSubSp":null,"fhdOrig":"NativeLocal","fhdProd":"Natural","fhdComment":null,"fhdESH":"yes","fhdBasisD":null,"fhdNMF":"yes","fhdBasisDt":null,"fhdBasisNm":null,"fhdBasisEnt":"ODFW","fhdBasisPrj":"OASIS","fhdBasisMethod":null,"Shape__Length":1887.8494334080056,"fhdAccess":"Unassisted","fhdBarrierFtrID":null,"fhdEndExtent":"NA","habitatType":"stream"},"id":306},
{"type":"Feature","geometry":{"type":"LineString","coordinates":[[-123.838067,45.519046],[-123.841317,45.526635]]},"properties":{"OBJECTID":307,"fhdFtrID":500,"fhdRefID":53013,"fhdRevDt":"20160324","fhdONm":"Matt Weeber","fhdOEnt":"ODFW","fhdSpNm":"Chum salmon","fhdRun":"NA","fhdLifeHst":"Anadromous","fhdUseTy":"Spawning","fhdBasis":"DocObsFish","fhdStNm":"Murphy Creek","fhdGenus":"Oncorhynchus","fhdSp":"keta","fhdSubSp":null,"fhdOrig":"NativeLocal","fhdProd":"Natural","fhdComment":null,"fhdESH":"yes","fhdBasisD":null,"fhdNMF":"yes","fhdBasisDt":null,"fhdBasisNm":null,"fhdBasisEnt":"ODFW","fhdBasisPrj":"OASIS","fhdBasisMethod":null,"Shape__Length":1409.632738821924,"fhdAccess":"Unassisted","fhdBarrierFtrID":null,"fhdEndExtent":"Unknown","habitatType":"stream"},"id":307},
{"type":"Feature","geometry":{"type":"LineString","coordinates":[[-123.869978,45.588374],[-123.868811,45.589],[-123.869612,45.590846],[-123.867696,45.592977],[-123.868342,45.593909],[-123.86766,45.597239]]},"properties":{"OBJECTID":308,"fhdFtrID":501,"fhdRefID":53013,"fhdRevDt":"20160324","fhdONm":"Matt Weeber","fhdOEnt":"ODFW","fhdSpNm":"Chum salmon","fhdRun":"NA","fhdLifeHst":"Anadromous","fhdUseTy":"Spawning","fhdBasis":"DocObsFish","fhdStNm":"Miami River","fhdGenus":"Oncorhynchus","fhdSp":"keta","fhdSubSp":null,"fhdOrig":"NativeLocal","fhdProd":"Natural","fhdComment":null,"fhdESH":"yes","fhdBasisD":null,"fhdNMF":"yes","fhdBasisDt":"20050000","fhdBasisNm":null,"fhdBasisEnt":"ODFW","fhdBasisPrj":"OASIS","fhdBasisMethod":null,"Shape__Length":1621.5652200787877,"fhdAccess":"Unassisted","fhdBarrierFtrID":null,"fhdEndExtent":"NA","habitatType":"stream"},"id":308},
{"type":"Feature","geometry":{"type":"LineString","coordinates":[[-123.86766,45.597239],[-123.869828,45.599064],[-123.870737,45.601498],[-123.87193,45.602395],[-123.874252,45.601937],[-123.877075,45.604706],[-123.874675,45.606387],[-123.874363,45.608925],[-123.870833,45.610091],[-123.869791,45.611024],[-123.867003,45.610311],[-123.862499,45.611197],[-123.860054,45.612586],[-123.859352,45.614388]]},"properties":{"OBJECTID":309,"fhdFtrID":502,"fhdRefID":53013,"fhdRevDt":"20160324","fhdONm":"Matt Weeber","fhdOEnt":"ODFW","fhdSpNm":"Chum salmon","fhdRun":"NA","fhdLifeHst":"Anadromous","fhdUseTy":"Spawning","fhdBasis":"DownstreamDocObsFish","fhdStNm":"Miami River","fhdGenus":"Oncorhynchus","fhdSp":"keta","fhdSubSp":null,"fhdOrig":"NativeLocal","fhdProd":"Natural","fhdComment":null,"fhdESH":"yes","fhdBasisD":null,"fhdNMF":"yes","fhdBasisDt":null,"fhdBasisNm":null,"fhdBasisEnt":null,"fhdBasisPrj":null,"fhdBasisMethod":null,"Shape__Length":4953.873422751584,"fhdAccess":"Unassisted","fhdBarrierFtrID":null,"fhdEndExtent":"NA","habitatType":"stream"},"id":309},
{"type":"Feature","geometry":{"type":"LineString","coordinates":[[-123.859352,45.614388],[-123.857947,45.614557],[-123.85571,45.616858],[-123.853271,45.61619],[-123.851976,45.617156],[-123.840591,45.618313],[-123.837583,45.619806],[-123.836283,45.621743],[-123.834355,45.623128],[-123.831014,45.624346],[-123.827333,45.624915],[-123.826044,45.623528],[-123.819889,45.625139],[-123.817145,45.627595],[-123.80874,45.631235],[-123.804442,45.629196]]},"properties":{"OBJECTID":310,"fhdFtrID":503,"fhdRefID":53013,"fhdRevDt":"20160324","fhdONm":"Matt Weeber","fhdOEnt":"ODFW","fhdSpNm":"Chum salmon","fhdRun":"NA","fhdLifeHst":"Anadromous","fhdUseTy":"Spawning","fhdBasis":"DocObsFish","fhdStNm":"Miami River","fhdGenus":"Oncorhynchus","fhdSp":"keta","fhdSubSp":null,"fhdOrig":"NativeLocal","fhdProd":"Natural","fhdComment":null,"fhdESH":"yes","fhdBasisD":null,"fhdNMF":"yes","fhdBasisDt":"19960000","fhdBasisNm":null,"fhdBasisEnt":"ODFW","fhdBasisPrj":"OASIS","fhdBasisMethod":null,"Shape__Length":8150.213404573108,"fhdAccess":"Unassisted","fhdBarrierFtrID":null,"fhdEndExtent":"Unknown","habitatType":"stream"},"id":310},
{"type":"Feature","geometry":{"type":"LineString","coordinates":[[-123.772143,45.821812],[-123.771125,45.820892],[-123.771503,45.81899],[-123.770489,45.817823],[-123.771011,45.814021],[-123.772111,45.813793]]},"properties":{"OBJECTID":311,"fhdFtrID":504,"fhdRefID":53013,"fhdRevDt":"20231006","fhdONm":"Matt Weeber","fhdOEnt":"ODFW","fhdSpNm":"Chum salmon","fhdRun":"NA","fhdLifeHst":"Anadromous","fhdUseTy":"Spawning","fhdBasis":"DocObsFish","fhdStNm":"Buchanan Creek","fhdGenus":"Oncorhynchus","fhdSp":"keta","fhdSubSp":null,"fhdOrig":"NativeLocal","fhdProd":"Natural","fhdComment":"Habitat use changed in 2023 (ODFW)","fhdESH":"yes","fhdBasisD":null,"fhdNMF":"yes","fhdBasisDt":"19940000","fhdBasisNm":null,"fhdBasisEnt":"ODFW","fhdBasisPrj":"OASIS","fhdBasisMethod":null,"Shape__Length":1502.5728540441728,"fhdAccess":"Unassisted","fhdBarrierFtrID":null,"fhdEndExtent":"NA","habitatType":"stream"},"id":311},
{"type":"Feature","geometry":{"type":"LineString","coordinates":[[-123.779305,45.825031],[-123.77803,45.824855],[-123.772143,45.821812]]},"properties":{"OBJECTID":312,"fhdFtrID":505,"fhdRefID":53013,"fhdRevDt":"20231006","fhdONm":"Matt Weeber","fhdOEnt":"ODFW","fhdSpNm":"Chum salmon","fhdRun":"NA","fhdLifeHst":"Anadromous","fhdUseTy":"Spawning","fhdBasis":"DownstreamDocObsFish","fhdStNm":"Buchanan Creek","fhdGenus":"Oncorhynchus","fhdSp":"keta","fhdSubSp":null,"fhdOrig":"NativeLocal","fhdProd":"Natural","fhdComment":"Habitat use changed in 2023 (ODFW)","fhdESH":"yes","fhdBasisD":null,"fhdNMF":"yes","fhdBasisDt":null,"fhdBasisNm":null,"fhdBasisEnt":null,"fhdBasisPrj":null,"fhdBasisMethod":null,"Shape__Length":1011.0573417372487,"fhdAccess":"Unassisted","fhdBarrierFtrID":null,"fhdEndExtent":"NA","habitatType":"stream"},"id":312},
{"type":"Feature","geometry":{"type":"LineString","coordinates":[[-123.779305,45.825031],[-123.780927,45.827126],[-123.779091,45.829182],[-123.776279,45.831136]]},"properties":{"OBJECTID":313,"fhdFtrID":506,"fhdRefID":53013,"fhdRevDt":"20231006","fhdONm":"Matt Weeber","fhdOEnt":"ODFW","fhdSpNm":"Chum salmon","fhdRun":"NA","fhdLifeHst":"Anadromous","fhdUseTy":"Spawning","fhdBasis":"DocObsFish","fhdStNm":"Soapstone Creek","fhdGenus":"Oncorhynchus","fhdSp":"keta","fhdSubSp":null,"fhdOrig":"NativeLocal","fhdProd":"Natural","fhdComment":"Habitat use changed in 2023 (ODFW)","fhdESH":"yes","fhdBasisD":null,"fhdNMF":"yes","fhdBasisDt":"19930000","fhdBasisNm":null,"fhdBasisEnt":"ODFW","fhdBasisPrj":"OASIS","fhdBasisMethod":null,"Shape__Length":1315.5177717587978,"fhdAccess":"Unassisted","fhdBarrierFtrID":null,"fhdEndExtent":"Unknown","habitatType":"stream"},"id":313},
{"type":"Feature","geometry":{"type":"LineString","coordinates":[[-123.725829,45.683745],[-123.727684,45.68615],[-123.731077,45.686979],[-123.732422,45.68823],[-123.731466,45.68969],[-123.733529,45.692832],[-123.736471,45.695054],[-123.74025,45.69617],[-123.743517,45.697852],[-123.744061,45.698816],[-123.752904,45.701342]]},"properties":{"OBJECTID":314,"fhdFtrID":507,"fhdRefID":53013,"fhdRevDt":"20160324","fhdONm":"Matt Weeber","fhdOEnt":"ODFW","fhdSpNm":"Chum salmon","fhdRun":"NA","fhdLifeHst":"Anadromous","fhdUseTy":"Spawning","fhdBasis":"DownstreamDocObsFish","fhdStNm":"Cook Creek","fhdGenus":"Oncorhynchus","fhdSp":"keta","fhdSubSp":null,"fhdOrig":"NativeLocal","fhdProd":"Natural","fhdComment":null,"fhdESH":"yes","fhdBasisD":null,"fhdNMF":"yes","fhdBasisDt":null,"fhdBasisNm":null,"fhdBasisEnt":null,"fhdBasisPrj":null,"fhdBasisMethod":null,"Shape__Length":4663.455385036192,"fhdAccess":"Unassisted","fhdBarrierFtrID":null,"fhdEndExtent":"NA","habitatType":"stream"},"id":314},
{"type":"Feature","geometry":{"type":"LineString","coordinates":[[-123.707574,45.679084],[-123.709691,45.678828],[-123.713971,45.682253],[-123.718101,45.682673],[-123.721413,45.684462],[-123.725829,45.683745]]},"properties":{"OBJECTID":315,"fhdFtrID":508,"fhdRefID":53013,"fhdRevDt":"20160324","fhdONm":"Matt Weeber","fhdOEnt":"ODFW","fhdSpNm":"Chum salmon","fhdRun":"NA","fhdLifeHst":"Anadromous","fhdUseTy":"Spawning","fhdBasis":"DocObsFish","fhdStNm":"Cook Creek","fhdGenus":"Oncorhynchus","fhdSp":"keta","fhdSubSp":null,"fhdOrig":"NativeLocal","fhdProd":"Natural","fhdComment":null,"fhdESH":"yes","fhdBasisD":null,"fhdNMF":"yes","fhdBasisDt":null,"fhdBasisNm":null,"fhdBasisEnt":"ODFW","fhdBasisPrj":"OASIS","fhdBasisMethod":null,"Shape__Length":2463.1673949085184,"fhdAccess":"Unassisted","fhdBarrierFtrID":null,"fhdEndExtent":"Unknown","habitatType":"stream"},"id":315},
{"type":"Feature","geometry":{"type":"LineString","coordinates":[[-123.899658,45.187476],[-123.89671,45.186213],[-123.896727,45.185204],[-123.894617,45.183623],[-123.893742,45.181477],[-123.893737,45.178569]]},"properties":{"OBJECTID":316,"fhdFtrID":509,"fhdRefID":53013,"fhdRevDt":"20160324","fhdONm":"Matt Weeber","fhdOEnt":"ODFW","fhdSpNm":"Chum salmon","fhdRun":"NA","fhdLifeHst":"Anadromous","fhdUseTy":"Spawning","fhdBasis":"DocObsFish","fhdStNm":"Clear Creek","fhdGenus":"Oncorhynchus","fhdSp":"keta","fhdSubSp":null,"fhdOrig":"NativeLocal","fhdProd":"Natural","fhdComment":null,"fhdESH":"yes","fhdBasisD":null,"fhdNMF":"yes","fhdBasisDt":null,"fhdBasisNm":null,"fhdBasisEnt":"ODFW","fhdBasisPrj":"OASIS","fhdBasisMethod":null,"Shape__Length":1760.3565745777917,"fhdAccess":"Unassisted","fhdBarrierFtrID":null,"fhdEndExtent":"Unknown","habitatType":"stream"},"id":316},
{"type":"Feature","geometry":{"type":"LineString","coordinates":[[-123.927983,45.228663],[-123.926832,45.22583],[-123.926856,45.222016],[-123.925801,45.218966],[-123.928395,45.216184]]},"properties":{"OBJECTID":317,"fhdFtrID":510,"fhdRefID":53013,"fhdRevDt":"20160324","fhdONm":"Matt Weeber","fhdOEnt":"ODFW","fhdSpNm":"Chum salmon","fhdRun":"NA","fhdLifeHst":"Anadromous","fhdUseTy":"Spawning","fhdBasis":"DocObsFish","fhdStNm":"Horn Creek","fhdGenus":"Oncorhynchus","fhdSp":"keta","fhdSubSp":null,"fhdOrig":"NativeLocal","fhdProd":"Natural","fhdComment":null,"fhdESH":"yes","fhdBasisD":null,"fhdNMF":"yes","fhdBasisDt":"19920000","fhdBasisNm":null,"fhdBasisEnt":"ODFW","fhdBasisPrj":"OASIS","fhdBasisMethod":null,"Shape__Length":2348.161022133513,"fhdAccess":"Unassisted","fhdBarrierFtrID":null,"fhdEndExtent":"Unknown","habitatType":"stream"},"id":317},
{"type":"Feature","geometry":{"type":"LineString","coordinates":[[-123.847153,45.251877],[-123.849231,45.252606],[-123.855493,45.253397],[-123.857154,45.253129],[-123.860576,45.253993]]},"properties":{"OBJECTID":318,"fhdFtrID":511,"fhdRefID":53013,"fhdRevDt":"20160324","fhdONm":"Matt Weeber","fhdOEnt":"ODFW","fhdSpNm":"Chum salmon","fhdRun":"NA","fhdLifeHst":"Anadromous","fhdUseTy":"Spawning","fhdBasis":"DocObsFish","fhdStNm":"Farmer Creek","fhdGenus":"Oncorhynchus","fhdSp":"keta","fhdSubSp":null,"fhdOrig":"NativeLocal","fhdProd":"Natural","fhdComment":null,"fhdESH":"yes","fhdBasisD":null,"fhdNMF":"yes","fhdBasisDt":"19920000","fhdBasisNm":null,"fhdBasisEnt":"ODFW","fhdBasisPrj":"OASIS","fhdBasisMethod":null,"Shape__Length":1795.7422377226428,"fhdAccess":"Unassisted","fhdBarrierFtrID":null,"fhdEndExtent":"NA","habitatType":"stream"},"id":318},
{"type":"Feature","geometry":{"type":"LineString","coordinates":[[-123.828162,45.406751],[-123.825363,45.408169],[-123.823096,45.407685],[-123.821753,45.405813],[-123.822186,45.403801],[-123.818512,45.4022],[-123.814768,45.399628]]},"properties":{"OBJECTID":319,"fhdFtrID":512,"fhdRefID":53013,"fhdRevDt":"20160324","fhdONm":"Matt Weeber","fhdOEnt":"ODFW","fhdSpNm":"Chum salmon","fhdRun":"NA","fhdLifeHst":"Anadromous","fhdUseTy":"Spawning","fhdBasis":"DocObsFish","fhdStNm":"Tillamook River","fhdGenus":"Oncorhynchus","fhdSp":"keta","fhdSubSp":null,"fhdOrig":"NativeLocal","fhdProd":"Natural","fhdComment":null,"fhdESH":"yes","fhdBasisD":null,"fhdNMF":"yes","fhdBasisDt":"20130000","fhdBasisNm":null,"fhdBasisEnt":"ODFW","fhdBasisPrj":"OASIS","fhdBasisMethod":null,"Shape__Length":2523.156922327867,"fhdAccess":"Unassisted","fhdBarrierFtrID":null,"fhdEndExtent":"NA","habitatType":"stream"},"id":319},
{"type":"Feature","geometry":{"type":"LineString","coordinates":[[-123.814768,45.399628],[-123.810785,45.399692],[-123.810767,45.397836],[-123.807717,45.397725],[-123.805075,45.396721],[-123.803684,45.395427]]},"properties":{"OBJECTID":320,"fhdFtrID":513,"fhdRefID":53013,"fhdRevDt":"20160324","fhdONm":"Matt Weeber","fhdOEnt":"ODFW","fhdSpNm":"Chum salmon","fhdRun":"NA","fhdLifeHst":"Anadromous","fhdUseTy":"Spawning","fhdBasis":"DownstreamDocObsFish","fhdStNm":"Tillamook River","fhdGenus":"Oncorhynchus","fhdSp":"keta","fhdSubSp":null,"fhdOrig":"NativeLocal","fhdProd":"Natural","fhdComment":null,"fhdESH":"yes","fhdBasisD":null,"fhdNMF":"yes","fhdBasisDt":null,"fhdBasisNm":null,"fhdBasisEnt":null,"fhdBasisPrj":null,"fhdBasisMethod":null,"Shape__Length":1730.1954515725367,"fhdAccess":"Unassisted","fhdBarrierFtrID":null,"fhdEndExtent":"NA","habitatType":"stream"},"id":320},
{"type":"Feature","geometry":{"type":"LineString","coordinates":[[-123.803684,45.395427],[-123.803191,45.394183],[-123.803745,45.389879],[-123.806347,45.389527],[-123.806414,45.388382],[-123.810241,45.386833],[-123.808257,45.383008],[-123.809263,45.381807],[-123.808612,45.379754]]},"properties":{"OBJECTID":321,"fhdFtrID":514,"fhdRefID":53013,"fhdRevDt":"20160324","fhdONm":"Matt Weeber","fhdOEnt":"ODFW","fhdSpNm":"Chum salmon","fhdRun":"NA","fhdLifeHst":"Anadromous","fhdUseTy":"Spawning","fhdBasis":"DocObsFish","fhdStNm":"Tillamook River","fhdGenus":"Oncorhynchus","fhdSp":"keta","fhdSubSp":null,"fhdOrig":"NativeLocal","fhdProd":"Natural","fhdComment":null,"fhdESH":"yes","fhdBasisD":null,"fhdNMF":"yes","fhdBasisDt":"20080000","fhdBasisNm":null,"fhdBasisEnt":"ODFW","fhdBasisPrj":"OASIS","fhdBasisMethod":null,"Shape__Length":3560.153335186934,"fhdAccess":"Unassisted","fhdBarrierFtrID":null,"fhdEndExtent":"NA","habitatType":"stream"},"id":321},
{"type":"Feature","geometry":{"type":"LineString","coordinates":[[-123.808612,45.379754],[-123.808059,45.378852],[-123.810518,45.376282],[-123.809195,45.375695]]},"properties":{"OBJECTID":322,"fhdFtrID":515,"fhdRefID":53013,"fhdRevDt":"20160324","fhdONm":"Matt Weeber","fhdOEnt":"ODFW","fhdSpNm":"Chum salmon","fhdRun":"NA","fhdLifeHst":"Anadromous","fhdUseTy":"Spawning","fhdBasis":"DownstreamDocObsFish","fhdStNm":"Tillamook River","fhdGenus":"Oncorhynchus","fhdSp":"keta","fhdSubSp":null,"fhdOrig":"NativeLocal","fhdProd":"Natural","fhdComment":null,"fhdESH":"yes","fhdBasisD":null,"fhdNMF":"yes","fhdBasisDt":null,"fhdBasisNm":null,"fhdBasisEnt":null,"fhdBasisPrj":null,"fhdBasisMethod":null,"Shape__Length":918.689561604182,"fhdAccess":"Unassisted","fhdBarrierFtrID":null,"fhdEndExtent":"NA","habitatType":"stream"},"id":322},
{"type":"Feature","geometry":{"type":"LineString","coordinates":[[-123.809195,45.375695],[-123.808193,45.373932],[-123.810592,45.373056],[-123.810861,45.371458],[-123.808677,45.370927]]},"properties":{"OBJECTID":323,"fhdFtrID":516,"fhdRefID":53013,"fhdRevDt":"20160324","fhdONm":"Matt Weeber","fhdOEnt":"ODFW","fhdSpNm":"Chum salmon","fhdRun":"NA","fhdLifeHst":"Anadromous","fhdUseTy":"Spawning","fhdBasis":"DocObsFish","fhdStNm":"Tillamook River","fhdGenus":"Oncorhynchus","fhdSp":"keta","fhdSubSp":null,"fhdOrig":"NativeLocal","fhdProd":"Natural","fhdComment":null,"fhdESH":"yes","fhdBasisD":null,"fhdNMF":"yes","fhdBasisDt":"20110000","fhdBasisNm":null,"fhdBasisEnt":"ODFW","fhdBasisPrj":"OASIS","fhdBasisMethod":null,"Shape__Length":1240.217052775625,"fhdAccess":"Unassisted","fhdBarrierFtrID":null,"fhdEndExtent":"NA","habitatType":"stream"},"id":323},
{"type":"Feature","geometry":{"type":"LineString","coordinates":[[-123.808677,45.370927],[-123.810731,45.36936],[-123.808813,45.367309],[-123.808772,45.364723],[-123.811614,45.363528],[-123.813918,45.361132]]},"properties":{"OBJECTID":324,"fhdFtrID":517,"fhdRefID":51506,"fhdRevDt":"20020415","fhdONm":"Keith Braun - Rick Klumph","fhdOEnt":"ODFW","fhdSpNm":"Chum salmon","fhdRun":"NA","fhdLifeHst":"Anadromous","fhdUseTy":"Spawning","fhdBasis":"ConcurProfOpinion","fhdStNm":"Tillamook River","fhdGenus":"Oncorhynchus","fhdSp":"keta","fhdSubSp":null,"fhdOrig":"NativeLocal","fhdProd":"Natural","fhdComment":null,"fhdESH":"yes","fhdBasisD":null,"fhdNMF":"yes","fhdBasisDt":null,"fhdBasisNm":null,"fhdBasisEnt":null,"fhdBasisPrj":null,"fhdBasisMethod":null,"Shape__Length":2735.7538462015323,"fhdAccess":"Unassisted","fhdBarrierFtrID":null,"fhdEndExtent":"Unknown","habitatType":"stream"},"id":324},
{"type":"Feature","geometry":{"type":"LineString","coordinates":[[-123.798368,45.37824],[-123.795785,45.378203],[-123.789823,45.376083],[-123.786563,45.374388],[-123.782249,45.373415],[-123.779239,45.371975],[-123.777937,45.372287],[-123.773491,45.369923],[-123.76986,45.369759],[-123.767328,45.368756],[-123.763748,45.371094],[-123.760724,45.372092]]},"properties":{"OBJECTID":325,"fhdFtrID":518,"fhdRefID":53013,"fhdRevDt":"20160324","fhdONm":"Matt Weeber","fhdOEnt":"ODFW","fhdSpNm":"Chum salmon","fhdRun":"NA","fhdLifeHst":"Anadromous","fhdUseTy":"Spawning","fhdBasis":"DocObsFish","fhdStNm":"Simmons Creek","fhdGenus":"Oncorhynchus","fhdSp":"keta","fhdSubSp":null,"fhdOrig":"NativeLocal","fhdProd":"Natural","fhdComment":null,"fhdESH":"yes","fhdBasisD":null,"fhdNMF":"yes","fhdBasisDt":"19960000","fhdBasisNm":null,"fhdBasisEnt":"ODFW","fhdBasisPrj":"OASIS","fhdBasisMethod":null,"Shape__Length":5125.51924787959,"fhdAccess":"Unassisted","fhdBarrierFtrID":null,"fhdEndExtent":"Unknown","habitatType":"stream"},"id":325},
{"type":"Feature","geometry":{"type":"LineString","coordinates":[[-123.775716,45.383369],[-123.772031,45.383252],[-123.763798,45.385427]]},"properties":{"OBJECTID":326,"fhdFtrID":519,"fhdRefID":53013,"fhdRevDt":"20160324","fhdONm":"Matt Weeber","fhdOEnt":"ODFW","fhdSpNm":"Chum salmon","fhdRun":"NA","fhdLifeHst":"Anadromous","fhdUseTy":"Spawning","fhdBasis":"DocObsFish","fhdStNm":"Fawcett Creek","fhdGenus":"Oncorhynchus","fhdSp":"keta","fhdSubSp":null,"fhdOrig":"NativeLocal","fhdProd":"Natural","fhdComment":null,"fhdESH":"yes","fhdBasisD":null,"fhdNMF":"yes","fhdBasisDt":"19940000","fhdBasisNm":null,"fhdBasisEnt":"ODFW","fhdBasisPrj":"OASIS","fhdBasisMethod":null,"Shape__Length":1447.779964146749,"fhdAccess":"Unassisted","fhdBarrierFtrID":null,"fhdEndExtent":"Unknown","habitatType":"stream"},"id":326},
{"type":"Feature","geometry":{"type":"LineString","coordinates":[[-123.725895,45.503125],[-123.723602,45.503949],[-123.717188,45.503995],[-123.712437,45.506196],[-123.710331,45.509302],[-123.705696,45.511229],[-123.70352,45.514692],[-123.700953,45.515384],[-123.699455,45.517474],[-123.695911,45.518545],[-123.692594,45.520482],[-123.69055,45.522633],[-123.686975,45.523648],[-123.682806,45.528185],[-123.677607,45.52813],[-123.674445,45.529842],[-123.675452,45.531576],[-123.675038,45.532942]]},"properties":{"OBJECTID":327,"fhdFtrID":520,"fhdRefID":53013,"fhdRevDt":"20160324","fhdONm":"Matt Weeber","fhdOEnt":"ODFW","fhdSpNm":"Chum salmon","fhdRun":"NA","fhdLifeHst":"Anadromous","fhdUseTy":"Spawning","fhdBasis":"DocObsFish","fhdStNm":"Little North Fork Wilson River","fhdGenus":"Oncorhynchus","fhdSp":"keta","fhdSubSp":null,"fhdOrig":"NativeLocal","fhdProd":"Natural","fhdComment":null,"fhdESH":"yes","fhdBasisD":null,"fhdNMF":"yes","fhdBasisDt":"20080000","fhdBasisNm":null,"fhdBasisEnt":"ODFW","fhdBasisPrj":"OASIS","fhdBasisMethod":null,"Shape__Length":8710.330211404418,"fhdAccess":"Unassisted","fhdBarrierFtrID":null,"fhdEndExtent":"Unknown","habitatType":"stream"},"id":327},
{"type":"Feature","geometry":{"type":"LineString","coordinates":[[-123.752026,45.547929],[-123.755285,45.54527],[-123.759805,45.545613],[-123.761884,45.545085]]},"properties":{"OBJECTID":328,"fhdFtrID":521,"fhdRefID":53013,"fhdRevDt":"20160324","fhdONm":"Matt Weeber","fhdOEnt":"ODFW","fhdSpNm":"Chum salmon","fhdRun":"NA","fhdLifeHst":"Anadromous","fhdUseTy":"Spawning","fhdBasis":"DocObsFish","fhdStNm":"Little South Fork Kilchis Riv","fhdGenus":"Oncorhynchus","fhdSp":"keta","fhdSubSp":null,"fhdOrig":"NativeLocal","fhdProd":"Natural","fhdComment":null,"fhdESH":"yes","fhdBasisD":null,"fhdNMF":"yes","fhdBasisDt":"20140000","fhdBasisNm":null,"fhdBasisEnt":"ODFW","fhdBasisPrj":"OASIS","fhdBasisMethod":null,"Shape__Length":1638.8597080224083,"fhdAccess":"Unassisted","fhdBarrierFtrID":null,"fhdEndExtent":"NA","habitatType":"stream"},"id":328},
{"type":"Feature","geometry":{"type":"LineString","coordinates":[[-123.725895,45.503125],[-123.724944,45.504552],[-123.72607,45.507866],[-123.725962,45.509825],[-123.724808,45.511395],[-123.721275,45.514518],[-123.7213,45.517069],[-123.724735,45.518917]]},"properties":{"OBJECTID":329,"fhdFtrID":522,"fhdRefID":53013,"fhdRevDt":"20160324","fhdONm":"Matt Weeber","fhdOEnt":"ODFW","fhdSpNm":"Chum salmon","fhdRun":"NA","fhdLifeHst":"Anadromous","fhdUseTy":"Spawning","fhdBasis":"DocObsFish","fhdStNm":"White Creek","fhdGenus":"Oncorhynchus","fhdSp":"keta","fhdSubSp":null,"fhdOrig":"NativeLocal","fhdProd":"Natural","fhdComment":null,"fhdESH":"yes","fhdBasisD":null,"fhdNMF":"yes","fhdBasisDt":"20050000","fhdBasisNm":null,"fhdBasisEnt":"ODFW","fhdBasisPrj":"OASIS","fhdBasisMethod":null,"Shape__Length":3180.1998115799893,"fhdAccess":"Unassisted","fhdBarrierFtrID":null,"fhdEndExtent":"Unknown","habitatType":"stream"},"id":329},
{"type":"Feature","geometry":{"type":"LineString","coordinates":[[-123.882885,44.787421],[-123.885858,44.786517],[-123.886346,44.78464],[-123.89235,44.781871],[-123.893639,44.779983]]},"properties":{"OBJECTID":330,"fhdFtrID":523,"fhdRefID":53013,"fhdRevDt":"20160329","fhdONm":"Matt Weeber","fhdOEnt":"ODFW","fhdSpNm":"Chum salmon","fhdRun":"NA","fhdLifeHst":"Anadromous","fhdUseTy":"Spawning","fhdBasis":"DownstreamDocObsFish","fhdStNm":"Euchre Creek","fhdGenus":"Oncorhynchus","fhdSp":"keta","fhdSubSp":null,"fhdOrig":"NativeLocal","fhdProd":"Natural","fhdComment":null,"fhdESH":"yes","fhdBasisD":null,"fhdNMF":"yes","fhdBasisDt":null,"fhdBasisNm":null,"fhdBasisEnt":null,"fhdBasisPrj":null,"fhdBasisMethod":null,"Shape__Length":2130.0829622365522,"fhdAccess":"Unassisted","fhdBarrierFtrID":null,"fhdEndExtent":"NA","habitatType":"stream"},"id":330},
{"type":"Feature","geometry":{"type":"LineString","coordinates":[[-123.870395,44.794535],[-123.873263,44.793915],[-123.876724,44.791951],[-123.877804,44.793178],[-123.881406,44.790788],[-123.882885,44.787421]]},"properties":{"OBJECTID":331,"fhdFtrID":524,"fhdRefID":53013,"fhdRevDt":"20160329","fhdONm":"Matt Weeber","fhdOEnt":"ODFW","fhdSpNm":"Chum salmon","fhdRun":"NA","fhdLifeHst":"Anadromous","fhdUseTy":"Spawning","fhdBasis":"DocObsFish","fhdStNm":"Euchre Creek","fhdGenus":"Oncorhynchus","fhdSp":"keta","fhdSubSp":null,"fhdOrig":"NativeLocal","fhdProd":"Natural","fhdComment":null,"fhdESH":"yes","fhdBasisD":null,"fhdNMF":"yes","fhdBasisDt":"20100000","fhdBasisNm":null,"fhdBasisEnt":"ODFW","fhdBasisPrj":"OASIS","fhdBasisMethod":null,"Shape__Length":2486.745351879644,"fhdAccess":"Unassisted","fhdBarrierFtrID":null,"fhdEndExtent":"Unknown","habitatType":"stream"},"id":331},
{"type":"Feature","geometry":{"type":"LineString","coordinates":[[-123.920828,44.819614],[-123.921537,44.818337],[-123.925543,44.818576],[-123.931386,44.816763],[-123.934893,44.81697],[-123.93686,44.815827],[-123.937109,44.814321],[-123.940297,44.814087],[-123.940435,44.811392],[-123.944729,44.807578],[-123.944333,44.806048],[-123.94591,44.805045],[-123.945879,44.801654],[-123.947246,44.799781]]},"properties":{"OBJECTID":332,"fhdFtrID":525,"fhdRefID":53013,"fhdRevDt":"20160329","fhdONm":"Matt Weeber","fhdOEnt":"ODFW","fhdSpNm":"Chum salmon","fhdRun":"NA","fhdLifeHst":"Anadromous","fhdUseTy":"Spawning","fhdBasis":"DocObsFish","fhdStNm":"Cedar Creek","fhdGenus":"Oncorhynchus","fhdSp":"keta","fhdSubSp":null,"fhdOrig":"NativeLocal","fhdProd":"Natural","fhdComment":null,"fhdESH":"yes","fhdBasisD":null,"fhdNMF":"yes","fhdBasisDt":"19970000","fhdBasisNm":null,"fhdBasisEnt":"ODFW","fhdBasisPrj":"OASIS","fhdBasisMethod":null,"Shape__Length":5919.295208934445,"fhdAccess":"Unassisted","fhdBarrierFtrID":null,"fhdEndExtent":"NA","habitatType":"stream"},"id":332},
{"type":"Feature","geometry":{"type":"LineString","coordinates":[[-123.1664,46.083629],[-123.164688,46.084997],[-123.165602,46.086401]]},"properties":{"OBJECTID":333,"fhdFtrID":526,"fhdRefID":51505,"fhdRevDt":"20160322","fhdONm":"Kris Homel","fhdOEnt":"ODFW","fhdSpNm":"Chum salmon","fhdRun":"NA","fhdLifeHst":"Anadromous","fhdUseTy":"Spawning","fhdBasis":"DocObsFish","fhdStNm":"Perkins Creek","fhdGenus":"Oncorhynchus","fhdSp":"keta","fhdSubSp":null,"fhdOrig":"NativeLocal","fhdProd":"Mixed","fhdComment":null,"fhdESH":"yes","fhdBasisD":null,"fhdNMF":"yes","fhdBasisDt":null,"fhdBasisNm":null,"fhdBasisEnt":null,"fhdBasisPrj":null,"fhdBasisMethod":null,"Shape__Length":562.0685751603694,"fhdAccess":"Unassisted","fhdBarrierFtrID":null,"fhdEndExtent":"Unknown","habitatType":"stream"},"id":333},
{"type":"Feature","geometry":{"type":"LineString","coordinates":[[-123.862927,44.679582],[-123.855876,44.678048],[-123.852695,44.6757],[-123.851492,44.675506],[-123.850447,44.674029],[-123.850765,44.671875],[-123.852162,44.669328],[-123.850453,44.667826],[-123.849123,44.663843],[-123.850494,44.663034]]},"properties":{"OBJECTID":334,"fhdFtrID":527,"fhdRefID":53013,"fhdRevDt":"20160329","fhdONm":"Matt Weeber","fhdOEnt":"ODFW","fhdSpNm":"Chum salmon","fhdRun":"NA","fhdLifeHst":"Anadromous","fhdUseTy":"Spawning","fhdBasis":"DocObsFish","fhdStNm":"Simpson Creek","fhdGenus":"Oncorhynchus","fhdSp":"keta","fhdSubSp":null,"fhdOrig":"NativeLocal","fhdProd":"Natural","fhdComment":null,"fhdESH":"yes","fhdBasisD":null,"fhdNMF":"yes","fhdBasisDt":"20130000","fhdBasisNm":null,"fhdBasisEnt":"ODFW","fhdBasisPrj":"OASIS","fhdBasisMethod":null,"Shape__Length":3833.6569122803985,"fhdAccess":"Unassisted","fhdBarrierFtrID":null,"fhdEndExtent":"NA","habitatType":"stream"},"id":334},
{"type":"Feature","geometry":{"type":"LineString","coordinates":[[-123.835645,44.671594],[-123.838196,44.668736],[-123.837244,44.667029],[-123.83562,44.6661],[-123.835077,44.663259],[-123.836022,44.662874],[-123.837902,44.659549],[-123.838145,44.657322]]},"properties":{"OBJECTID":335,"fhdFtrID":528,"fhdRefID":53013,"fhdRevDt":"20160329","fhdONm":"Matt Weeber","fhdOEnt":"ODFW","fhdSpNm":"Chum salmon","fhdRun":"NA","fhdLifeHst":"Anadromous","fhdUseTy":"Spawning","fhdBasis":"DownstreamDocObsFish","fhdStNm":"Thornton Creek","fhdGenus":"Oncorhynchus","fhdSp":"keta","fhdSubSp":null,"fhdOrig":"NativeLocal","fhdProd":"Natural","fhdComment":null,"fhdESH":"yes","fhdBasisD":null,"fhdNMF":"yes","fhdBasisDt":null,"fhdBasisNm":null,"fhdBasisEnt":null,"fhdBasisPrj":null,"fhdBasisMethod":null,"Shape__Length":2875.101384495876,"fhdAccess":"Unassisted","fhdBarrierFtrID":null,"fhdEndExtent":"Unknown","habitatType":"stream"},"id":335},
{"type":"Feature","geometry":{"type":"LineString","coordinates":[[-123.823903,44.679138],[-123.826655,44.675645],[-123.830042,44.67436],[-123.832257,44.672317],[-123.835645,44.671594]]},"properties":{"OBJECTID":336,"fhdFtrID":529,"fhdRefID":53013,"fhdRevDt":"20160329","fhdONm":"Matt Weeber","fhdOEnt":"ODFW","fhdSpNm":"Chum salmon","fhdRun":"NA","fhdLifeHst":"Anadromous","fhdUseTy":"Spawning","fhdBasis":"DocObsFish","fhdStNm":"Thornton Creek","fhdGenus":"Oncorhynchus","fhdSp":"keta","fhdSubSp":null,"fhdOrig":"NativeLocal","fhdProd":"Natural","fhdComment":null,"fhdESH":"yes","fhdBasisD":null,"fhdNMF":"yes","fhdBasisDt":"20010000","fhdBasisNm":null,"fhdBasisEnt":"ODFW","fhdBasisPrj":"OASIS","fhdBasisMethod":null,"Shape__Length":2097.616854317935,"fhdAccess":"Unassisted","fhdBarrierFtrID":null,"fhdEndExtent":"Unknown","habitatType":"stream"},"id":336},
{"type":"Feature","geometry":{"type":"LineString","coordinates":[[-123.905906,43.975458],[-123.906301,43.973704],[-123.902083,43.972927],[-123.901,43.967727],[-123.902027,43.967169],[-123.902847,43.96475],[-123.904618,43.963111],[-123.902642,43.96165],[-123.902519,43.957599]]},"properties":{"OBJECTID":337,"fhdFtrID":530,"fhdRefID":53013,"fhdRevDt":"20160329","fhdONm":"Matt Weeber","fhdOEnt":"ODFW","fhdSpNm":"Chum salmon","fhdRun":"NA","fhdLifeHst":"Anadromous","fhdUseTy":"Spawning","fhdBasis":"DocObsFish","fhdStNm":"Sweet Creek","fhdGenus":"Oncorhynchus","fhdSp":"keta","fhdSubSp":null,"fhdOrig":"NativeLocal","fhdProd":"Natural","fhdComment":null,"fhdESH":"yes","fhdBasisD":null,"fhdNMF":"yes","fhdBasisDt":"19900000","fhdBasisNm":null,"fhdBasisEnt":"ODFW","fhdBasisPrj":"OASIS","fhdBasisMethod":null,"Shape__Length":3572.2266603954217,"fhdAccess":"Unassisted","fhdBarrierFtrID":null,"fhdEndExtent":"NA","habitatType":"stream"},"id":337},
{"type":"Feature","geometry":{"type":"LineString","coordinates":[[-123.902519,43.957599],[-123.902015,43.955631],[-123.9032,43.954397],[-123.902234,43.951146],[-123.901286,43.949852],[-123.903038,43.946112]]},"properties":{"OBJECTID":338,"fhdFtrID":531,"fhdRefID":51507,"fhdRevDt":"20020521","fhdONm":"George Westfall","fhdOEnt":"ODFW","fhdSpNm":"Chum salmon","fhdRun":"NA","fhdLifeHst":"Anadromous","fhdUseTy":"Historical","fhdBasis":"UndocObsFish","fhdStNm":"Sweet Creek","fhdGenus":"Oncorhynchus","fhdSp":"keta","fhdSubSp":null,"fhdOrig":"NativeLocal","fhdProd":"None","fhdComment":"formerly spawning","fhdESH":"NA","fhdBasisD":null,"fhdNMF":"yes","fhdBasisDt":null,"fhdBasisNm":null,"fhdBasisEnt":null,"fhdBasisPrj":null,"fhdBasisMethod":null,"Shape__Length":1998.8112883599642,"fhdAccess":"NA","fhdBarrierFtrID":null,"fhdEndExtent":"Unknown","habitatType":"stream"},"id":338},
{"type":"Feature","geometry":{"type":"LineString","coordinates":[[-123.924683,44.389643],[-123.92463,44.391219],[-123.927134,44.393372],[-123.928898,44.396037]]},"properties":{"OBJECTID":339,"fhdFtrID":532,"fhdRefID":53013,"fhdRevDt":"20160329","fhdONm":"Matt Weeber","fhdOEnt":"ODFW","fhdSpNm":"Chum salmon","fhdRun":"NA","fhdLifeHst":"Anadromous","fhdUseTy":"Spawning","fhdBasis":"DownstreamDocObsFish","fhdStNm":"Canal Creek","fhdGenus":"Oncorhynchus","fhdSp":"keta","fhdSubSp":null,"fhdOrig":"NativeLocal","fhdProd":"Natural","fhdComment":null,"fhdESH":"yes","fhdBasisD":null,"fhdNMF":"yes","fhdBasisDt":null,"fhdBasisNm":null,"fhdBasisEnt":null,"fhdBasisPrj":null,"fhdBasisMethod":null,"Shape__Length":1649.7011568026878,"fhdAccess":"Unassisted","fhdBarrierFtrID":null,"fhdEndExtent":"NA","habitatType":"stream"},"id":339},
{"type":"Feature","geometry":{"type":"LineString","coordinates":[[-123.927837,44.38729],[-123.924924,44.386697],[-123.922328,44.387906],[-123.924683,44.389643]]},"properties":{"OBJECTID":340,"fhdFtrID":533,"fhdRefID":53013,"fhdRevDt":"20160329","fhdONm":"Matt Weeber","fhdOEnt":"ODFW","fhdSpNm":"Chum salmon","fhdRun":"NA","fhdLifeHst":"Anadromous","fhdUseTy":"Spawning","fhdBasis":"DocObsFish","fhdStNm":"Canal Creek","fhdGenus":"Oncorhynchus","fhdSp":"keta","fhdSubSp":null,"fhdOrig":"NativeLocal","fhdProd":"Natural","fhdComment":null,"fhdESH":"yes","fhdBasisD":null,"fhdNMF":"yes","fhdBasisDt":"20090000","fhdBasisNm":null,"fhdBasisEnt":"ODFW","fhdBasisPrj":"OASIS","fhdBasisMethod":null,"Shape__Length":1596.2648751741717,"fhdAccess":"Unassisted","fhdBarrierFtrID":null,"fhdEndExtent":"NA","habitatType":"stream"},"id":340},
{"type":"Feature","geometry":{"type":"LineString","coordinates":[[-123.885331,44.641854],[-123.884027,44.637952],[-123.88146,44.634288],[-123.876426,44.632656],[-123.875179,44.630164]]},"properties":{"OBJECTID":341,"fhdFtrID":534,"fhdRefID":53013,"fhdRevDt":"20160329","fhdONm":"Matt Weeber","fhdOEnt":"ODFW","fhdSpNm":"Chum salmon","fhdRun":"NA","fhdLifeHst":"Anadromous","fhdUseTy":"Spawning","fhdBasis":"DocObsFish","fhdStNm":null,"fhdGenus":"Oncorhynchus","fhdSp":"keta","fhdSubSp":null,"fhdOrig":"NativeLocal","fhdProd":"Natural","fhdComment":null,"fhdESH":"yes","fhdBasisD":null,"fhdNMF":"yes","fhdBasisDt":null,"fhdBasisNm":null,"fhdBasisEnt":"ODFW","fhdBasisPrj":"OASIS","fhdBasisMethod":null,"Shape__Length":2554.433220649907,"fhdAccess":"Unassisted","fhdBarrierFtrID":null,"fhdEndExtent":"Unknown","habitatType":"stream"},"id":341},
{"type":"Feature","geometry":{"type":"LineString","coordinates":[[-123.844471,44.589053],[-123.847499,44.591996],[-123.848931,44.597515],[-123.850825,44.597493],[-123.852284,44.595601],[-123.854159,44.597119],[-123.85393,44.599766],[-123.852051,44.602484],[-123.853412,44.608404],[-123.857743,44.612999],[-123.859168,44.618542],[-123.860269,44.621172],[-123.861156,44.621938],[-123.861387,44.622236],[-123.861656,44.62302],[-123.862517,44.623439],[-123.864464,44.623397],[-123.865867,44.622146],[-123.8666,44.618584],[-123.865394,44.614533],[-123.865606,44.613502],[-123.86863,44.612763],[-123.870437,44.613872],[-123.87232,44.617282],[-123.87217,44.620018],[-123.875253,44.62162]]},"properties":{"OBJECTID":342,"fhdFtrID":535,"fhdRefID":53013,"fhdRevDt":"20160329","fhdONm":"Matt Weeber","fhdOEnt":"ODFW","fhdSpNm":"Chum salmon","fhdRun":"NA","fhdLifeHst":"Anadromous","fhdUseTy":"Rearing","fhdBasis":"DownstreamDocObsFish","fhdStNm":"Big Elk Creek","fhdGenus":"Oncorhynchus","fhdSp":"keta","fhdSubSp":null,"fhdOrig":"NativeLocal","fhdProd":"Natural","fhdComment":null,"fhdESH":"yes","fhdBasisD":null,"fhdNMF":"yes","fhdBasisDt":null,"fhdBasisNm":null,"fhdBasisEnt":null,"fhdBasisPrj":null,"fhdBasisMethod":null,"Shape__Length":10902.989857736457,"fhdAccess":"Unassisted","fhdBarrierFtrID":null,"fhdEndExtent":"NA","habitatType":"stream"},"id":342},
{"type":"Feature","geometry":{"type":"LineString","coordinates":[[-123.839172,44.588056],[-123.835567,44.588066],[-123.833664,44.589437],[-123.833201,44.591029],[-123.833844,44.592845],[-123.831757,44.594274],[-123.830532,44.596159]]},"properties":{"OBJECTID":343,"fhdFtrID":536,"fhdRefID":53013,"fhdRevDt":"20160329","fhdONm":"Matt Weeber","fhdOEnt":"ODFW","fhdSpNm":"Chum salmon","fhdRun":"NA","fhdLifeHst":"Anadromous","fhdUseTy":"Spawning","fhdBasis":"DocObsFish","fhdStNm":"Bear Creek","fhdGenus":"Oncorhynchus","fhdSp":"keta","fhdSubSp":null,"fhdOrig":"NativeLocal","fhdProd":"Natural","fhdComment":null,"fhdESH":"yes","fhdBasisD":null,"fhdNMF":"yes","fhdBasisDt":"19990000","fhdBasisNm":null,"fhdBasisEnt":"ODFW","fhdBasisPrj":"OASIS","fhdBasisMethod":null,"Shape__Length":2252.9636225418276,"fhdAccess":"Unassisted","fhdBarrierFtrID":null,"fhdEndExtent":"Unknown","habitatType":"stream"},"id":343},
{"type":"Feature","geometry":{"type":"LineString","coordinates":[[-123.853723,44.625975],[-123.858887,44.621596],[-123.859584,44.621514],[-123.860474,44.622031],[-123.861264,44.622109]]},"properties":{"OBJECTID":344,"fhdFtrID":537,"fhdRefID":53013,"fhdRevDt":"20160329","fhdONm":"Matt Weeber","fhdOEnt":"ODFW","fhdSpNm":"Chum salmon","fhdRun":"NA","fhdLifeHst":"Anadromous","fhdUseTy":"Spawning","fhdBasis":"DocObsFish","fhdStNm":"Devils Well Creek","fhdGenus":"Oncorhynchus","fhdSp":"keta","fhdSubSp":null,"fhdOrig":"NativeLocal","fhdProd":"Natural","fhdComment":null,"fhdESH":"yes","fhdBasisD":null,"fhdNMF":"yes","fhdBasisDt":"20120000","fhdBasisNm":null,"fhdBasisEnt":"ODFW","fhdBasisPrj":"OASIS","fhdBasisMethod":null,"Shape__Length":1288.6403280232234,"fhdAccess":"Unassisted","fhdBarrierFtrID":null,"fhdEndExtent":"Unknown","habitatType":"stream"},"id":344},
{"type":"Feature","geometry":{"type":"LineString","coordinates":[[-123.946851,45.043336],[-123.949552,45.041012]]},"properties":{"OBJECTID":345,"fhdFtrID":538,"fhdRefID":53013,"fhdRevDt":"20160329","fhdONm":"Matt Weeber","fhdOEnt":"ODFW","fhdSpNm":"Chum salmon","fhdRun":"NA","fhdLifeHst":"Anadromous","fhdUseTy":"Spawning","fhdBasis":"DocObsFish","fhdStNm":"Salmon Creek","fhdGenus":"Oncorhynchus","fhdSp":"keta","fhdSubSp":null,"fhdOrig":"NativeLocal","fhdProd":"Natural","fhdComment":null,"fhdESH":"yes","fhdBasisD":null,"fhdNMF":"yes","fhdBasisDt":"20060000","fhdBasisNm":null,"fhdBasisEnt":"ODFW","fhdBasisPrj":"OASIS","fhdBasisMethod":null,"Shape__Length":633.8764554655911,"fhdAccess":"Unassisted","fhdBarrierFtrID":null,"fhdEndExtent":"NA","habitatType":"stream"},"id":345},
{"type":"Feature","geometry":{"type":"LineString","coordinates":[[-124.348937,43.35659],[-124.336326,43.353357],[-124.333961,43.352574],[-124.328783,43.353279],[-124.322394,43.355206],[-124.320003,43.357848],[-124.31804,43.362095],[-124.316505,43.364272],[-124.292865,43.382192],[-124.290422,43.384842],[-124.284057,43.395322],[-124.280098,43.40122],[-124.278605,43.40524],[-124.277693,43.410854],[-124.276669,43.414368],[-124.274096,43.4177],[-124.268281,43.421917],[-124.259458,43.423516],[-124.252744,43.42414],[-124.250558,43.424664],[-124.245248,43.425124],[-124.241041,43.425969],[-124.227562,43.427872],[-124.225985,43.427694],[-124.219827,43.425862],[-124.216611,43.423211],[-124.216092,43.421454],[-124.217297,43.415638],[-124.218652,43.410878],[-124.219136,43.40534],[-124.21587,43.396372],[-124.219301,43.385759],[-124.218502,43.382974],[-124.215,43.378916],[-124.210373,43.375662],[-124.202409,43.375088],[-124.200544,43.374432],[-124.197019,43.374199],[-124.188035,43.374157],[-124.183671,43.375163],[-124.179151,43.374992],[-124.177767,43.374304],[-124.176004,43.369873],[-124.175839,43.364892],[-124.174218,43.363076],[-124.171967,43.361998],[-124.169067,43.361527],[-124.164537,43.359988],[-124.161924,43.360159],[-124.158498,43.361743],[-124.153151,43.366119]]},"properties":{"OBJECTID":346,"fhdFtrID":539,"fhdRefID":53013,"fhdRevDt":"20160330","fhdONm":"Matt Weeber","fhdOEnt":"ODFW","fhdSpNm":"Chum salmon","fhdRun":"NA","fhdLifeHst":"Anadromous","fhdUseTy":"Migration","fhdBasis":"DownstreamDocObsFish","fhdStNm":"Coos Bay","fhdGenus":"Oncorhynchus","fhdSp":"keta","fhdSubSp":null,"fhdOrig":"NativeLocal","fhdProd":"Natural","fhdComment":null,"fhdESH":"no","fhdBasisD":null,"fhdNMF":"yes","fhdBasisDt":null,"fhdBasisNm":null,"fhdBasisEnt":null,"fhdBasisPrj":null,"fhdBasisMethod":null,"Shape__Length":37610.94468317381,"fhdAccess":"Unassisted","fhdBarrierFtrID":null,"fhdEndExtent":"Unknown","habitatType":"stream"},"id":346},
{"type":"Feature","geometry":{"type":"LineString","coordinates":[[-124.153151,43.366119],[-124.149508,43.369289],[-124.143596,43.37259],[-124.13762,43.375135],[-124.126764,43.378196],[-124.125135,43.378212],[-124.116959,43.376671],[-124.113545,43.376272],[-124.110685,43.376516],[-124.103797,43.377879],[-124.099449,43.377741]]},"properties":{"OBJECTID":347,"fhdFtrID":540,"fhdRefID":53013,"fhdRevDt":"20160330","fhdONm":"Matt Weeber","fhdOEnt":"ODFW","fhdSpNm":"Chum salmon","fhdRun":"NA","fhdLifeHst":"Anadromous","fhdUseTy":"Migration","fhdBasis":"DownstreamDocObsFish","fhdStNm":"Coos River","fhdGenus":"Oncorhynchus","fhdSp":"keta","fhdSubSp":null,"fhdOrig":"NativeLocal","fhdProd":"Natural","fhdComment":null,"fhdESH":"no","fhdBasisD":null,"fhdNMF":"yes","fhdBasisDt":null,"fhdBasisNm":null,"fhdBasisEnt":null,"fhdBasisPrj":null,"fhdBasisMethod":null,"Shape__Length":6677.503088083353,"fhdAccess":"Unassisted","fhdBarrierFtrID":null,"fhdEndExtent":"NA","habitatType":"stream"},"id":347},
{"type":"Feature","geometry":{"type":"LineString","coordinates":[[-124.099449,43.377741],[-124.09762,43.37973],[-124.095325,43.379899],[-124.090888,43.37688],[-124.088481,43.376903],[-124.086742,43.378],[-124.08659,43.37987],[-124.089581,43.384862],[-124.090168,43.388345],[-124.087413,43.389654],[-124.083901,43.390026],[-124.080829,43.390865],[-124.079704,43.391821],[-124.079644,43.393668],[-124.077148,43.39565],[-124.073646,43.396673],[-124.071336,43.398721],[-124.067239,43.40101],[-124.061597,43.40498],[-124.059477,43.405562],[-124.055479,43.404721],[-124.052556,43.40351],[-124.050735,43.403572],[-124.046284,43.405053],[-124.044367,43.406669],[-124.043579,43.409378],[-124.044347,43.410901],[-124.047199,43.411573],[-124.051682,43.413693],[-124.054122,43.415471],[-124.054302,43.416956],[-124.051837,43.419072],[-124.048751,43.419213],[-124.046885,43.418419],[-124.042768,43.41427],[-124.039009,43.414777],[-124.041061,43.419193],[-124.041241,43.422478],[-124.040065,43.424155],[-124.0379,43.423994],[-124.029679,43.418148],[-124.026356,43.417097],[-124.024194,43.417049],[-124.023077,43.41859],[-124.024735,43.419858],[-124.025788,43.42183],[-124.029923,43.42406]]},"properties":{"OBJECTID":348,"fhdFtrID":541,"fhdRefID":53013,"fhdRevDt":"20160330","fhdONm":"Matt Weeber","fhdOEnt":"ODFW","fhdSpNm":"Chum salmon","fhdRun":"NA","fhdLifeHst":"Anadromous","fhdUseTy":"Migration","fhdBasis":"DownstreamDocObsFish","fhdStNm":"Millicoma River","fhdGenus":"Oncorhynchus","fhdSp":"keta","fhdSubSp":null,"fhdOrig":"NativeLocal","fhdProd":"Natural","fhdComment":null,"fhdESH":"no","fhdBasisD":null,"fhdNMF":"yes","fhdBasisDt":null,"fhdBasisNm":null,"fhdBasisEnt":null,"fhdBasisPrj":null,"fhdBasisMethod":null,"Shape__Length":19913.75039855148,"fhdAccess":"Unassisted","fhdBarrierFtrID":null,"fhdEndExtent":"NA","habitatType":"stream"},"id":348},
{"type":"Feature","geometry":{"type":"LineString","coordinates":[[-124.025484,43.434089],[-124.027644,43.432979],[-124.029801,43.430866],[-124.029622,43.429382],[-124.030594,43.426627],[-124.029923,43.42406]]},"properties":{"OBJECTID":349,"fhdFtrID":542,"fhdRefID":53013,"fhdRevDt":"20160330","fhdONm":"Matt Weeber","fhdOEnt":"ODFW","fhdSpNm":"Chum salmon","fhdRun":"NA","fhdLifeHst":"Anadromous","fhdUseTy":"Spawning","fhdBasis":"DownstreamDocObsFish","fhdStNm":"East Fork Millicoma River","fhdGenus":"Oncorhynchus","fhdSp":"keta","fhdSubSp":null,"fhdOrig":"NativeLocal","fhdProd":"Natural","fhdComment":null,"fhdESH":"yes","fhdBasisD":null,"fhdNMF":"yes","fhdBasisDt":null,"fhdBasisNm":null,"fhdBasisEnt":null,"fhdBasisPrj":null,"fhdBasisMethod":null,"Shape__Length":1839.7804917838591,"fhdAccess":"Unassisted","fhdBarrierFtrID":null,"fhdEndExtent":"NA","habitatType":"stream"},"id":349},
{"type":"Feature","geometry":{"type":"LineString","coordinates":[[-124.025484,43.434089],[-124.025476,43.436286],[-124.02351,43.437213],[-124.025406,43.439316],[-124.023293,43.4408]]},"properties":{"OBJECTID":350,"fhdFtrID":543,"fhdRefID":53013,"fhdRevDt":"20160330","fhdONm":"Matt Weeber","fhdOEnt":"ODFW","fhdSpNm":"Chum salmon","fhdRun":"NA","fhdLifeHst":"Anadromous","fhdUseTy":"Spawning","fhdBasis":"DocObsFish","fhdStNm":"Marlow Creek","fhdGenus":"Oncorhynchus","fhdSp":"keta","fhdSubSp":null,"fhdOrig":"NativeLocal","fhdProd":"Natural","fhdComment":null,"fhdESH":"yes","fhdBasisD":null,"fhdNMF":"yes","fhdBasisDt":"19950000","fhdBasisNm":null,"fhdBasisEnt":"ODFW","fhdBasisPrj":"OASIS","fhdBasisMethod":null,"Shape__Length":1578.7873518829206,"fhdAccess":"Unassisted","fhdBarrierFtrID":null,"fhdEndExtent":"Unknown","habitatType":"stream"},"id":350},
{"type":"Feature","geometry":{"type":"LineString","coordinates":[[-124.029923,43.42406],[-124.031552,43.424794],[-124.036447,43.425673],[-124.041652,43.42844]]},"properties":{"OBJECTID":351,"fhdFtrID":544,"fhdRefID":53013,"fhdRevDt":"20160330","fhdONm":"Matt Weeber","fhdOEnt":"ODFW","fhdSpNm":"Chum salmon","fhdRun":"NA","fhdLifeHst":"Anadromous","fhdUseTy":"Rearing","fhdBasis":"DownstreamDocObsFish","fhdStNm":"West Fork Millicoma River","fhdGenus":"Oncorhynchus","fhdSp":"keta","fhdSubSp":null,"fhdOrig":"NativeLocal","fhdProd":"Natural","fhdComment":null,"fhdESH":"yes","fhdBasisD":null,"fhdNMF":"yes","fhdBasisDt":null,"fhdBasisNm":null,"fhdBasisEnt":null,"fhdBasisPrj":null,"fhdBasisMethod":null,"Shape__Length":1530.5064004192643,"fhdAccess":"Unassisted","fhdBarrierFtrID":null,"fhdEndExtent":"NA","habitatType":"stream"},"id":351},
{"type":"Feature","geometry":{"type":"LineString","coordinates":[[-124.041652,43.42844],[-124.042191,43.429268],[-124.046338,43.429725],[-124.048955,43.431007],[-124.048712,43.434836],[-124.04777,43.437524]]},"properties":{"OBJECTID":352,"fhdFtrID":544,"fhdRefID":53013,"fhdRevDt":"20160330","fhdONm":"Matt Weeber","fhdOEnt":"ODFW","fhdSpNm":"Chum salmon","fhdRun":"NA","fhdLifeHst":"Anadromous","fhdUseTy":"Spawning","fhdBasis":"DownstreamDocObsFish","fhdStNm":"West Fork Millicoma River","fhdGenus":"Oncorhynchus","fhdSp":"keta","fhdSubSp":null,"fhdOrig":"NativeLocal","fhdProd":"Natural","fhdComment":null,"fhdESH":"yes","fhdBasisD":null,"fhdNMF":"yes","fhdBasisDt":null,"fhdBasisNm":null,"fhdBasisEnt":null,"fhdBasisPrj":null,"fhdBasisMethod":null,"Shape__Length":2037.511426621212,"fhdAccess":"Unassisted","fhdBarrierFtrID":null,"fhdEndExtent":"NA","habitatType":"stream"},"id":352},
{"type":"Feature","geometry":{"type":"LineString","coordinates":[[-124.04777,43.437524],[-124.048798,43.439833],[-124.051978,43.439714],[-124.050723,43.437049]]},"properties":{"OBJECTID":353,"fhdFtrID":545,"fhdRefID":53013,"fhdRevDt":"20160330","fhdONm":"Matt Weeber","fhdOEnt":"ODFW","fhdSpNm":"Chum salmon","fhdRun":"NA","fhdLifeHst":"Anadromous","fhdUseTy":"Spawning","fhdBasis":"DocObsFish","fhdStNm":"West Fork Millicoma River","fhdGenus":"Oncorhynchus","fhdSp":"keta","fhdSubSp":null,"fhdOrig":"NativeLocal","fhdProd":"Natural","fhdComment":null,"fhdESH":"yes","fhdBasisD":null,"fhdNMF":"yes","fhdBasisDt":null,"fhdBasisNm":null,"fhdBasisEnt":"ODFW","fhdBasisPrj":"OASIS","fhdBasisMethod":null,"Shape__Length":1295.9651751831564,"fhdAccess":"Unassisted","fhdBarrierFtrID":null,"fhdEndExtent":"Unknown","habitatType":"stream"},"id":353},
{"type":"Feature","geometry":{"type":"LineString","coordinates":[[-123.879603,45.731809],[-123.884408,45.735278],[-123.88568,45.737361],[-123.888324,45.738861]]},"properties":{"OBJECTID":354,"fhdFtrID":546,"fhdRefID":53013,"fhdRevDt":"20160324","fhdONm":"Matt Weeber","fhdOEnt":"ODFW","fhdSpNm":"Chum salmon","fhdRun":"NA","fhdLifeHst":"Anadromous","fhdUseTy":"Spawning","fhdBasis":"DocObsFish","fhdStNm":"Bobs Creek","fhdGenus":"Oncorhynchus","fhdSp":"keta","fhdSubSp":null,"fhdOrig":"NativeLocal","fhdProd":"Natural","fhdComment":null,"fhdESH":"yes","fhdBasisD":null,"fhdNMF":"yes","fhdBasisDt":null,"fhdBasisNm":null,"fhdBasisEnt":"ODFW","fhdBasisPrj":"OASIS","fhdBasisMethod":null,"Shape__Length":1599.6780614813104,"fhdAccess":"Unassisted","fhdBarrierFtrID":null,"fhdEndExtent":"NA","habitatType":"stream"},"id":354},
{"type":"Feature","geometry":{"type":"LineString","coordinates":[[-123.655176,46.141562],[-123.657909,46.142593],[-123.658539,46.144245],[-123.661308,46.147301],[-123.664505,46.148772],[-123.66564,46.153172],[-123.667329,46.154303]]},"properties":{"OBJECTID":355,"fhdFtrID":547,"fhdRefID":53013,"fhdRevDt":"20160321","fhdONm":"Matt Weeber","fhdOEnt":"ODFW","fhdSpNm":"Chum salmon","fhdRun":"NA","fhdLifeHst":"Anadromous","fhdUseTy":"Spawning","fhdBasis":"DocObsFish","fhdStNm":"Bear Creek","fhdGenus":"Oncorhynchus","fhdSp":"keta","fhdSubSp":null,"fhdOrig":"NativeLocal","fhdProd":"Natural","fhdComment":null,"fhdESH":"yes","fhdBasisD":null,"fhdNMF":"yes","fhdBasisDt":"20170000","fhdBasisNm":null,"fhdBasisEnt":"ODFW","fhdBasisPrj":"OASIS","fhdBasisMethod":null,"Shape__Length":2664.057024059823,"fhdAccess":"Unassisted","fhdBarrierFtrID":null,"fhdEndExtent":"NA","habitatType":"stream"},"id":355},
{"type":"Feature","geometry":{"type":"LineString","coordinates":[[-123.668135,46.167287],[-123.668018,46.16928],[-123.666044,46.170152],[-123.665443,46.172363]]},"properties":{"OBJECTID":356,"fhdFtrID":548,"fhdRefID":53013,"fhdRevDt":"20160321","fhdONm":"Matt Weeber","fhdOEnt":"ODFW","fhdSpNm":"Chum salmon","fhdRun":"NA","fhdLifeHst":"Anadromous","fhdUseTy":"Migration","fhdBasis":"DownstreamDocObsFish","fhdStNm":"Bear Creek","fhdGenus":"Oncorhynchus","fhdSp":"keta","fhdSubSp":null,"fhdOrig":"NativeLocal","fhdProd":"Natural","fhdComment":null,"fhdESH":"no","fhdBasisD":null,"fhdNMF":"yes","fhdBasisDt":null,"fhdBasisNm":null,"fhdBasisEnt":null,"fhdBasisPrj":null,"fhdBasisMethod":null,"Shape__Length":981.0928190386085,"fhdAccess":"Unassisted","fhdBarrierFtrID":null,"fhdEndExtent":"NA","habitatType":"stream"},"id":356},
{"type":"Feature","geometry":{"type":"LineString","coordinates":[[-123.986567,44.558086],[-123.989573,44.558448],[-123.993954,44.557017],[-123.996168,44.55778],[-123.999536,44.555415],[-124.002609,44.555203],[-124.005498,44.555768],[-124.006695,44.55679],[-124.005971,44.559717],[-124.002045,44.560664],[-124.000341,44.562722],[-124.003295,44.564654],[-124.004485,44.567188],[-124.006028,44.566689],[-124.006267,44.569769]]},"properties":{"OBJECTID":357,"fhdFtrID":549,"fhdRefID":53013,"fhdRevDt":"20160329","fhdONm":"Matt Weeber","fhdOEnt":"ODFW","fhdSpNm":"Chum salmon","fhdRun":"NA","fhdLifeHst":"Anadromous","fhdUseTy":"Spawning","fhdBasis":"DownstreamDocObsFish","fhdStNm":"Poole Slough","fhdGenus":"Oncorhynchus","fhdSp":"keta","fhdSubSp":null,"fhdOrig":"NativeLocal","fhdProd":"Natural","fhdComment":null,"fhdESH":"yes","fhdBasisD":null,"fhdNMF":"yes","fhdBasisDt":null,"fhdBasisNm":null,"fhdBasisEnt":null,"fhdBasisPrj":null,"fhdBasisMethod":null,"Shape__Length":6602.491471925192,"fhdAccess":"Unassisted","fhdBarrierFtrID":null,"fhdEndExtent":"NA","habitatType":"stream"},"id":357},
{"type":"Feature","geometry":{"type":"LineString","coordinates":[[-123.955251,44.558535],[-123.951461,44.556811],[-123.946097,44.555649],[-123.943282,44.557149],[-123.938523,44.558439]]},"properties":{"OBJECTID":358,"fhdFtrID":550,"fhdRefID":53013,"fhdRevDt":"20160329","fhdONm":"Matt Weeber","fhdOEnt":"ODFW","fhdSpNm":"Chum salmon","fhdRun":"NA","fhdLifeHst":"Anadromous","fhdUseTy":"Spawning","fhdBasis":"DocObsFish","fhdStNm":"Wright Creek","fhdGenus":"Oncorhynchus","fhdSp":"keta","fhdSubSp":null,"fhdOrig":"NativeLocal","fhdProd":"Natural","fhdComment":null,"fhdESH":"yes","fhdBasisD":null,"fhdNMF":"yes","fhdBasisDt":"20110000","fhdBasisNm":null,"fhdBasisEnt":"ODFW","fhdBasisPrj":"OASIS","fhdBasisMethod":null,"Shape__Length":2141.413033550254,"fhdAccess":"Unassisted","fhdBarrierFtrID":null,"fhdEndExtent":"Unknown","habitatType":"stream"},"id":358},
{"type":"Feature","geometry":{"type":"LineString","coordinates":[[-123.785208,45.535515],[-123.785205,45.535465],[-123.785375,45.533509],[-123.787539,45.533251],[-123.788232,45.530613],[-123.790743,45.5278],[-123.793432,45.526884],[-123.79469,45.524305],[-123.796979,45.523771],[-123.799187,45.525511],[-123.801787,45.524895],[-123.805679,45.522907],[-123.807301,45.52422],[-123.812626,45.523328],[-123.816901,45.523107],[-123.825694,45.521425],[-123.82895,45.519998],[-123.828454,45.518703],[-123.826154,45.517212],[-123.826335,45.515478],[-123.828043,45.513404],[-123.830108,45.513271],[-123.830986,45.511442],[-123.832551,45.510558],[-123.836631,45.506983],[-123.837733,45.504777],[-123.832038,45.505311],[-123.833753,45.503384],[-123.83366,45.501164]]},"properties":{"OBJECTID":359,"fhdFtrID":551,"fhdRefID":53013,"fhdRevDt":"20160324","fhdONm":"Matt Weeber","fhdOEnt":"ODFW","fhdSpNm":"Chum salmon","fhdRun":"NA","fhdLifeHst":"Anadromous","fhdUseTy":"Spawning","fhdBasis":"DownstreamDocObsFish","fhdStNm":"Kilchis River","fhdGenus":"Oncorhynchus","fhdSp":"keta","fhdSubSp":null,"fhdOrig":"NativeLocal","fhdProd":"Natural","fhdComment":null,"fhdESH":"yes","fhdBasisD":null,"fhdNMF":"yes","fhdBasisDt":null,"fhdBasisNm":null,"fhdBasisEnt":null,"fhdBasisPrj":null,"fhdBasisMethod":null,"Shape__Length":12438.478620354826,"fhdAccess":"Unassisted","fhdBarrierFtrID":null,"fhdEndExtent":"NA","habitatType":"stream"},"id":359},
{"type":"Feature","geometry":{"type":"LineString","coordinates":[[-123.786143,45.546999],[-123.787401,45.546247],[-123.787098,45.541538],[-123.783706,45.539385],[-123.783505,45.538329],[-123.785208,45.535515]]},"properties":{"OBJECTID":360,"fhdFtrID":552,"fhdRefID":51506,"fhdRevDt":"20020415","fhdONm":"Keith Braun - Rick Klumph","fhdOEnt":"ODFW","fhdSpNm":"Chum salmon","fhdRun":"NA","fhdLifeHst":"Anadromous","fhdUseTy":"Spawning","fhdBasis":"ConcurProfOpinion","fhdStNm":"Kilchis River","fhdGenus":"Oncorhynchus","fhdSp":"keta","fhdSubSp":null,"fhdOrig":"NativeLocal","fhdProd":"Natural","fhdComment":null,"fhdESH":"yes","fhdBasisD":null,"fhdNMF":"yes","fhdBasisDt":null,"fhdBasisNm":null,"fhdBasisEnt":null,"fhdBasisPrj":null,"fhdBasisMethod":null,"Shape__Length":2312.1574416191775,"fhdAccess":"Unassisted","fhdBarrierFtrID":null,"fhdEndExtent":"Unknown","habitatType":"stream"},"id":360},
{"type":"Feature","geometry":{"type":"LineString","coordinates":[[-123.882447,45.221187],[-123.881715,45.223272],[-123.884345,45.225479],[-123.885166,45.228151],[-123.884146,45.23096],[-123.884579,45.233106],[-123.882324,45.236287],[-123.878806,45.236406],[-123.87692,45.235341],[-123.872816,45.234702],[-123.871398,45.23499],[-123.870532,45.237918],[-123.867686,45.242589],[-123.86561,45.243908],[-123.863514,45.243461],[-123.861507,45.240928],[-123.856873,45.240337],[-123.85326,45.241386],[-123.846625,45.243134],[-123.848034,45.248777],[-123.846925,45.251266],[-123.847153,45.251877]]},"properties":{"OBJECTID":361,"fhdFtrID":553,"fhdRefID":53013,"fhdRevDt":"20160324","fhdONm":"Matt Weeber","fhdOEnt":"ODFW","fhdSpNm":"Chum salmon","fhdRun":"NA","fhdLifeHst":"Anadromous","fhdUseTy":"Spawning","fhdBasis":"DownstreamDocObsFish","fhdStNm":"Nestucca River","fhdGenus":"Oncorhynchus","fhdSp":"keta","fhdSubSp":null,"fhdOrig":"NativeLocal","fhdProd":"Natural","fhdComment":null,"fhdESH":"yes","fhdBasisD":null,"fhdNMF":"yes","fhdBasisDt":null,"fhdBasisNm":null,"fhdBasisEnt":null,"fhdBasisPrj":null,"fhdBasisMethod":null,"Shape__Length":9725.47658344209,"fhdAccess":"Unassisted","fhdBarrierFtrID":null,"fhdEndExtent":"NA","habitatType":"stream"},"id":361},
{"type":"Feature","geometry":{"type":"LineString","coordinates":[[-123.847153,45.251877],[-123.845208,45.255039],[-123.844741,45.25701],[-123.848108,45.259453],[-123.849031,45.261039],[-123.848152,45.263796],[-123.848612,45.266442],[-123.842958,45.265518],[-123.836258,45.265051],[-123.835154,45.264011],[-123.832076,45.264007],[-123.831438,45.265307],[-123.834785,45.269687],[-123.835315,45.271765],[-123.83287,45.274481],[-123.829326,45.275218],[-123.827546,45.275138],[-123.826365,45.275059]]},"properties":{"OBJECTID":362,"fhdFtrID":554,"fhdRefID":51506,"fhdRevDt":"20020415","fhdONm":"Keith Braun - Rick Klumph","fhdOEnt":"ODFW","fhdSpNm":"Chum salmon","fhdRun":"NA","fhdLifeHst":"Anadromous","fhdUseTy":"Spawning","fhdBasis":"ConcurProfOpinion","fhdStNm":"Nestucca River","fhdGenus":"Oncorhynchus","fhdSp":"keta","fhdSubSp":null,"fhdOrig":"NativeLocal","fhdProd":"Natural","fhdComment":null,"fhdESH":"yes","fhdBasisD":null,"fhdNMF":"yes","fhdBasisDt":null,"fhdBasisNm":null,"fhdBasisEnt":null,"fhdBasisPrj":null,"fhdBasisMethod":null,"Shape__Length":7407.835153000086,"fhdAccess":"Unassisted","fhdBarrierFtrID":null,"fhdEndExtent":"Unknown","habitatType":"stream"},"id":362},
{"type":"Feature","geometry":{"type":"LineString","coordinates":[[-123.909193,45.150186],[-123.906735,45.148423],[-123.905492,45.14666],[-123.905464,45.142848],[-123.900879,45.141561],[-123.90044,45.140845]]},"properties":{"OBJECTID":363,"fhdFtrID":555,"fhdRefID":53013,"fhdRevDt":"20160324","fhdONm":"Matt Weeber","fhdOEnt":"ODFW","fhdSpNm":"Chum salmon","fhdRun":"NA","fhdLifeHst":"Anadromous","fhdUseTy":"Spawning","fhdBasis":"DownstreamDocObsFish","fhdStNm":"Little Nestucca River","fhdGenus":"Oncorhynchus","fhdSp":"keta","fhdSubSp":null,"fhdOrig":"NativeLocal","fhdProd":"Natural","fhdComment":null,"fhdESH":"yes","fhdBasisD":null,"fhdNMF":"yes","fhdBasisDt":null,"fhdBasisNm":null,"fhdBasisEnt":null,"fhdBasisPrj":null,"fhdBasisMethod":null,"Shape__Length":2254.6720749372134,"fhdAccess":"Unassisted","fhdBarrierFtrID":null,"fhdEndExtent":"NA","habitatType":"stream"},"id":363},
{"type":"Feature","geometry":{"type":"LineString","coordinates":[[-123.90044,45.140845],[-123.899846,45.135648],[-123.896002,45.136014],[-123.895248,45.134783]]},"properties":{"OBJECTID":364,"fhdFtrID":556,"fhdRefID":51506,"fhdRevDt":"20160324","fhdONm":"Keith Braun - Rick Klumph","fhdOEnt":"ODFW","fhdSpNm":"Chum salmon","fhdRun":"NA","fhdLifeHst":"Anadromous","fhdUseTy":"Spawning","fhdBasis":"ConcurProfOpinion","fhdStNm":"Little Nestucca River","fhdGenus":"Oncorhynchus","fhdSp":"keta","fhdSubSp":null,"fhdOrig":"NativeLocal","fhdProd":"Natural","fhdComment":null,"fhdESH":"yes","fhdBasisD":null,"fhdNMF":"yes","fhdBasisDt":null,"fhdBasisNm":null,"fhdBasisEnt":null,"fhdBasisPrj":null,"fhdBasisMethod":null,"Shape__Length":1546.6531431093997,"fhdAccess":"Unassisted","fhdBarrierFtrID":null,"fhdEndExtent":"NA","habitatType":"stream"},"id":364},
{"type":"Feature","geometry":{"type":"LineString","coordinates":[[-123.957177,45.439573],[-123.95431,45.437544],[-123.953192,45.435902],[-123.951455,45.430537],[-123.950075,45.428276],[-123.947719,45.425778],[-123.944649,45.424302],[-123.944197,45.423446],[-123.945649,45.417521],[-123.945054,45.41557],[-123.938272,45.411334],[-123.936226,45.408503],[-123.937344,45.406337],[-123.944364,45.404315],[-123.945815,45.402316],[-123.945934,45.399842],[-123.947219,45.398128]]},"properties":{"OBJECTID":365,"fhdFtrID":557,"fhdRefID":53013,"fhdRevDt":"20160324","fhdONm":"Matt Weeber","fhdOEnt":"ODFW","fhdSpNm":"Chum salmon","fhdRun":"NA","fhdLifeHst":"Anadromous","fhdUseTy":"Migration","fhdBasis":"DownstreamDocObsFish","fhdStNm":"Netarts Bay","fhdGenus":"Oncorhynchus","fhdSp":"keta","fhdSubSp":null,"fhdOrig":"NativeLocal","fhdProd":"Natural","fhdComment":null,"fhdESH":"no","fhdBasisD":null,"fhdNMF":"yes","fhdBasisDt":null,"fhdBasisNm":null,"fhdBasisEnt":null,"fhdBasisPrj":null,"fhdBasisMethod":null,"Shape__Length":8161.841806721008,"fhdAccess":"Unassisted","fhdBarrierFtrID":null,"fhdEndExtent":"Unknown","habitatType":"stream"},"id":365},
{"type":"Feature","geometry":{"type":"LineString","coordinates":[[-123.519348,45.590423],[-123.524956,45.589292],[-123.530422,45.589593],[-123.533291,45.5882],[-123.535104,45.588897],[-123.53651,45.590587],[-123.53951,45.591384],[-123.540019,45.588361],[-123.542208,45.586956],[-123.546914,45.589054],[-123.552316,45.589508],[-123.553289,45.588079],[-123.556587,45.587062],[-123.560236,45.587018],[-123.561877,45.58574],[-123.56194,45.583326],[-123.560643,45.581317],[-123.560025,45.57695],[-123.565096,45.572708],[-123.569549,45.571825],[-123.57176,45.569893],[-123.570642,45.565931],[-123.57293,45.564258],[-123.57779,45.565437],[-123.580234,45.564131],[-123.584655,45.563943],[-123.587631,45.561874],[-123.589943,45.562241],[-123.594893,45.558382],[-123.597674,45.559666],[-123.600439,45.558842],[-123.603165,45.558907],[-123.604538,45.55771],[-123.60467,45.555767],[-123.603159,45.551022],[-123.603203,45.547647],[-123.605107,45.546094],[-123.608823,45.544967],[-123.612193,45.540549],[-123.612137,45.538903],[-123.609621,45.537455],[-123.608253,45.534926],[-123.606308,45.533182],[-123.607055,45.531042],[-123.612853,45.527314],[-123.616058,45.521571],[-123.618067,45.51913],[-123.619031,45.515668],[-123.620504,45.513285],[-123.618528,45.512024],[-123.614633,45.51083],[-123.615067,45.508262],[-123.612685,45.506293],[-123.610929,45.505773],[-123.607595,45.502849],[-123.607765,45.500205],[-123.601366,45.49805],[-123.601154,45.49659],[-123.607941,45.495397],[-123.619543,45.496171],[-123.621657,45.495994],[-123.633691,45.493988],[-123.636017,45.49254],[-123.636331,45.49011],[-123.637832,45.487213],[-123.644688,45.487402],[-123.651629,45.491317],[-123.653938,45.491778],[-123.65638,45.490967],[-123.663058,45.49082],[-123.663407,45.4942],[-123.664654,45.495645],[-123.674415,45.496265],[-123.677669,45.4953],[-123.67997,45.492205],[-123.682724,45.491245],[-123.686602,45.49141],[-123.686453,45.488123],[-123.687038,45.486033],[-123.68974,45.484155],[-123.692813,45.483701],[-123.693558,45.482458],[-123.696788,45.480276],[-123.701093,45.48055],[-123.704143,45.481664],[-123.709026,45.482497],[-123.71189,45.484126],[-123.713692,45.483901],[-123.716344,45.481237],[-123.721206,45.480153],[-123.725648,45.47444],[-123.728903,45.473673],[-123.731659,45.472228],[-123.735105,45.471558],[-123.738346,45.472891]]},"properties":{"OBJECTID":366,"fhdFtrID":558,"fhdRefID":53013,"fhdRevDt":"20190513","fhdONm":"Matt Weeber","fhdOEnt":"ODFW","fhdSpNm":"Chum salmon","fhdRun":"NA","fhdLifeHst":"Anadromous","fhdUseTy":"Spawning","fhdBasis":"DownstreamDocObsFish","fhdStNm":"Wilson River","fhdGenus":"Oncorhynchus","fhdSp":"keta","fhdSubSp":null,"fhdOrig":"NativeLocal","fhdProd":"Natural","fhdComment":null,"fhdESH":"yes","fhdBasisD":null,"fhdNMF":"yes","fhdBasisDt":null,"fhdBasisNm":null,"fhdBasisEnt":null,"fhdBasisPrj":null,"fhdBasisMethod":null,"Shape__Length":48107.06331436246,"fhdAccess":"Unassisted","fhdBarrierFtrID":null,"fhdEndExtent":"NA","habitatType":"stream"},"id":366},
{"type":"Feature","geometry":{"type":"LineString","coordinates":[[-123.824373,45.429497],[-123.82143,45.429129],[-123.818105,45.430448],[-123.815655,45.429692],[-123.813307,45.431156],[-123.805187,45.429304]]},"properties":{"OBJECTID":367,"fhdFtrID":559,"fhdRefID":53013,"fhdRevDt":"20160324","fhdONm":"Matt Weeber","fhdOEnt":"ODFW","fhdSpNm":"Chum salmon","fhdRun":"NA","fhdLifeHst":"Anadromous","fhdUseTy":"Spawning","fhdBasis":"DownstreamDocObsFish","fhdStNm":"Trask River","fhdGenus":"Oncorhynchus","fhdSp":"keta","fhdSubSp":null,"fhdOrig":"NativeLocal","fhdProd":"Natural","fhdComment":null,"fhdESH":"yes","fhdBasisD":null,"fhdNMF":"yes","fhdBasisDt":null,"fhdBasisNm":null,"fhdBasisEnt":null,"fhdBasisPrj":null,"fhdBasisMethod":null,"Shape__Length":2422.6019517922027,"fhdAccess":"Unassisted","fhdBarrierFtrID":null,"fhdEndExtent":"NA","habitatType":"stream"},"id":367},
{"type":"Feature","geometry":{"type":"LineString","coordinates":[[-123.846528,45.783765],[-123.844844,45.782675],[-123.842781,45.778338],[-123.84155,45.777911]]},"properties":{"OBJECTID":368,"fhdFtrID":560,"fhdRefID":53013,"fhdRevDt":"20160324","fhdONm":"Matt Weeber","fhdOEnt":"ODFW","fhdSpNm":"Chum salmon","fhdRun":"NA","fhdLifeHst":"Anadromous","fhdUseTy":"Spawning","fhdBasis":"DocObsFish","fhdStNm":"Henderson Creek","fhdGenus":"Oncorhynchus","fhdSp":"keta","fhdSubSp":null,"fhdOrig":"NativeLocal","fhdProd":"Natural","fhdComment":null,"fhdESH":"yes","fhdBasisD":null,"fhdNMF":"yes","fhdBasisDt":null,"fhdBasisNm":null,"fhdBasisEnt":"ODFW","fhdBasisPrj":"OASIS","fhdBasisMethod":null,"Shape__Length":1169.4451278247477,"fhdAccess":"Unassisted","fhdBarrierFtrID":null,"fhdEndExtent":"NA","habitatType":"stream"},"id":368},
{"type":"Feature","geometry":{"type":"LineString","coordinates":[[-123.841803,45.759461],[-123.839284,45.761384],[-123.836482,45.760095]]},"properties":{"OBJECTID":369,"fhdFtrID":561,"fhdRefID":53013,"fhdRevDt":"20160324","fhdONm":"Matt Weeber","fhdOEnt":"ODFW","fhdSpNm":"Chum salmon","fhdRun":"NA","fhdLifeHst":"Anadromous","fhdUseTy":"Spawning","fhdBasis":"DocObsFish","fhdStNm":"Big Rackheap Creek","fhdGenus":"Oncorhynchus","fhdSp":"keta","fhdSubSp":null,"fhdOrig":"NativeLocal","fhdProd":"Natural","fhdComment":null,"fhdESH":"yes","fhdBasisD":null,"fhdNMF":"yes","fhdBasisDt":"19900000","fhdBasisNm":null,"fhdBasisEnt":"ODFW","fhdBasisPrj":"OASIS","fhdBasisMethod":null,"Shape__Length":883.7495798263222,"fhdAccess":"Unassisted","fhdBarrierFtrID":null,"fhdEndExtent":"NA","habitatType":"stream"},"id":369},
{"type":"Feature","geometry":{"type":"LineString","coordinates":[[-123.835233,44.377745],[-123.835789,44.379262],[-123.834681,44.381409],[-123.830718,44.383774],[-123.830306,44.385834],[-123.833723,44.387965],[-123.835206,44.388157],[-123.842066,44.387544],[-123.844877,44.388041],[-123.847052,44.390352],[-123.847037,44.393674],[-123.843891,44.394013],[-123.835462,44.392855],[-123.832215,44.392721],[-123.830333,44.393935],[-123.829021,44.395929],[-123.8306,44.398832],[-123.832,44.399794],[-123.835526,44.399521],[-123.838898,44.397371],[-123.843612,44.396545],[-123.846994,44.397267],[-123.852103,44.399263],[-123.857351,44.399805],[-123.867926,44.398375],[-123.872301,44.399674],[-123.881064,44.405292],[-123.883216,44.406315],[-123.888082,44.406345],[-123.890074,44.405776],[-123.893501,44.403858],[-123.895116,44.40241],[-123.889967,44.398736],[-123.889543,44.397727],[-123.891682,44.391908],[-123.893817,44.390311],[-123.896935,44.38908],[-123.899301,44.389224],[-123.902374,44.39096],[-123.905443,44.395437],[-123.905147,44.399806],[-123.89978,44.402684],[-123.898985,44.404189],[-123.900878,44.406065],[-123.90181,44.410185]]},"properties":{"OBJECTID":370,"fhdFtrID":562,"fhdRefID":53013,"fhdRevDt":"20160324","fhdONm":"Matt Weeber","fhdOEnt":"ODFW","fhdSpNm":"Chum salmon","fhdRun":"NA","fhdLifeHst":"Anadromous","fhdUseTy":"Spawning","fhdBasis":"DownstreamDocObsFish","fhdStNm":"Alsea River","fhdGenus":"Oncorhynchus","fhdSp":"keta","fhdSubSp":null,"fhdOrig":"NativeLocal","fhdProd":"Natural","fhdComment":null,"fhdESH":"yes","fhdBasisD":null,"fhdNMF":"yes","fhdBasisDt":null,"fhdBasisNm":null,"fhdBasisEnt":null,"fhdBasisPrj":null,"fhdBasisMethod":null,"Shape__Length":22214.602794104227,"fhdAccess":"Unassisted","fhdBarrierFtrID":null,"fhdEndExtent":"NA","habitatType":"stream"},"id":370},
{"type":"Feature","geometry":{"type":"LineString","coordinates":[[-123.838179,44.657182],[-123.840495,44.65719],[-123.84037,44.655028],[-123.84205,44.650286],[-123.843722,44.650307],[-123.846577,44.652817],[-123.846326,44.656624],[-123.849192,44.659651],[-123.850494,44.663034],[-123.851337,44.664476],[-123.853678,44.665166],[-123.854088,44.663402],[-123.853295,44.659603],[-123.852213,44.658376],[-123.851288,44.655428],[-123.852912,44.653719],[-123.8578,44.654059],[-123.858741,44.65317],[-123.857977,44.651198],[-123.855896,44.650197],[-123.857798,44.645181],[-123.859482,44.643942],[-123.862113,44.643502],[-123.864046,44.64472],[-123.866372,44.647635]]},"properties":{"OBJECTID":371,"fhdFtrID":563,"fhdRefID":53013,"fhdRevDt":"20160329","fhdONm":"Matt Weeber","fhdOEnt":"ODFW","fhdSpNm":"Chum salmon","fhdRun":"NA","fhdLifeHst":"Anadromous","fhdUseTy":"Spawning","fhdBasis":"DownstreamDocObsFish","fhdStNm":"Yaquina River","fhdGenus":"Oncorhynchus","fhdSp":"keta","fhdSubSp":null,"fhdOrig":"NativeLocal","fhdProd":"Natural","fhdComment":null,"fhdESH":"yes","fhdBasisD":null,"fhdNMF":"yes","fhdBasisDt":null,"fhdBasisNm":null,"fhdBasisEnt":null,"fhdBasisPrj":null,"fhdBasisMethod":null,"Shape__Length":10053.74239704654,"fhdAccess":"Unassisted","fhdBarrierFtrID":null,"fhdEndExtent":"NA","habitatType":"stream"},"id":371},
{"type":"Feature","geometry":{"type":"LineString","coordinates":[[-123.752904,45.701342],[-123.753543,45.700632],[-123.759357,45.700179],[-123.761683,45.698467],[-123.763492,45.698032],[-123.766248,45.698886],[-123.7703,45.69854],[-123.778689,45.695922],[-123.782498,45.696274],[-123.788327,45.694604],[-123.795068,45.693433],[-123.801207,45.694141],[-123.807194,45.693469],[-123.812701,45.691544],[-123.817886,45.691327],[-123.826228,45.692991],[-123.830152,45.693043],[-123.82854,45.695809],[-123.825293,45.6964],[-123.82615,45.698918],[-123.829875,45.702046],[-123.832813,45.702641],[-123.83608,45.702244]]},"properties":{"OBJECTID":372,"fhdFtrID":564,"fhdRefID":51505,"fhdRevDt":"19990713","fhdONm":"Joe Sheahan - Walt Weber","fhdOEnt":"ODFW","fhdSpNm":"Chum salmon","fhdRun":"NA","fhdLifeHst":"Anadromous","fhdUseTy":"Spawning","fhdBasis":"UndocObsFish","fhdStNm":"Nehalem River","fhdGenus":"Oncorhynchus","fhdSp":"keta","fhdSubSp":null,"fhdOrig":"NativeLocal","fhdProd":"Natural","fhdComment":null,"fhdESH":"yes","fhdBasisD":null,"fhdNMF":"yes","fhdBasisDt":null,"fhdBasisNm":null,"fhdBasisEnt":null,"fhdBasisPrj":null,"fhdBasisMethod":null,"Shape__Length":11896.280753304884,"fhdAccess":"Unassisted","fhdBarrierFtrID":null,"fhdEndExtent":"NA","habitatType":"stream"},"id":372},
{"type":"Feature","geometry":{"type":"LineString","coordinates":[[-123.890095,45.749343],[-123.887651,45.747044],[-123.883724,45.745832],[-123.879008,45.742755],[-123.875647,45.741435],[-123.875116,45.740449],[-123.870637,45.739529],[-123.868868,45.737275]]},"properties":{"OBJECTID":373,"fhdFtrID":565,"fhdRefID":53013,"fhdRevDt":"20160324","fhdONm":"Matt Weeber","fhdOEnt":"ODFW","fhdSpNm":"Chum salmon","fhdRun":"NA","fhdLifeHst":"Anadromous","fhdUseTy":"Spawning","fhdBasis":"DocObsFish","fhdStNm":"Anderson Creek","fhdGenus":"Oncorhynchus","fhdSp":"keta","fhdSubSp":null,"fhdOrig":"NativeLocal","fhdProd":"Natural","fhdComment":null,"fhdESH":"yes","fhdBasisD":null,"fhdNMF":"yes","fhdBasisDt":"19910000","fhdBasisNm":null,"fhdBasisEnt":"ODFW","fhdBasisPrj":"OASIS","fhdBasisMethod":null,"Shape__Length":3521.4238746335955,"fhdAccess":"Unassisted","fhdBarrierFtrID":null,"fhdEndExtent":"Unknown","habitatType":"stream"},"id":373},
{"type":"Feature","geometry":{"type":"LineString","coordinates":[[-122.114232,45.58376],[-122.130077,45.582598],[-122.143035,45.581717],[-122.166119,45.575392],[-122.177692,45.568377],[-122.193331,45.564059],[-122.212954,45.558355],[-122.22707,45.556137],[-122.235282,45.553658],[-122.249056,45.550236],[-122.258121,45.548217],[-122.266853,45.546969],[-122.284731,45.545189],[-122.299869,45.54441],[-122.308185,45.544421],[-122.312648,45.545439]]},"properties":{"OBJECTID":374,"fhdFtrID":566,"fhdRefID":53013,"fhdRevDt":"20160316","fhdONm":"Matt Weeber","fhdOEnt":"ODFW","fhdSpNm":"Chum salmon","fhdRun":"NA","fhdLifeHst":"Anadromous","fhdUseTy":"Spawning","fhdBasis":"DownstreamDocObsFish","fhdStNm":"Columbia River","fhdGenus":"Oncorhynchus","fhdSp":"keta","fhdSubSp":null,"fhdOrig":"NativeLocal","fhdProd":"Natural","fhdComment":"Fish Passage Center","fhdESH":"yes","fhdBasisD":null,"fhdNMF":"yes","fhdBasisDt":null,"fhdBasisNm":null,"fhdBasisEnt":null,"fhdBasisPrj":null,"fhdBasisMethod":null,"Shape__Length":23355.732363418207,"fhdAccess":"Unassisted","fhdBarrierFtrID":null,"fhdEndExtent":"NA","habitatType":"stream"},"id":374},
{"type":"Feature","geometry":{"type":"LineString","coordinates":[[-123.871782,44.041292],[-123.868303,44.041138],[-123.865023,44.03947],[-123.860136,44.035802],[-123.85801,44.032158],[-123.85772,44.03117],[-123.854541,44.027173],[-123.854571,44.02463],[-123.855327,44.021005],[-123.856315,44.017522],[-123.858003,44.015889],[-123.861242,44.01482],[-123.865939,44.014713],[-123.87059,44.016109],[-123.877412,44.020338],[-123.881893,44.022559],[-123.884518,44.023047],[-123.895411,44.022112],[-123.906956,44.02217],[-123.909351,44.020818],[-123.914597,44.01401]]},"properties":{"OBJECTID":375,"fhdFtrID":567,"fhdRefID":51507,"fhdRevDt":"20020521","fhdONm":"George Westfall","fhdOEnt":"ODFW","fhdSpNm":"Chum salmon","fhdRun":"NA","fhdLifeHst":"Anadromous","fhdUseTy":"Historical","fhdBasis":"UndocObsFish","fhdStNm":"Siuslaw River","fhdGenus":"Oncorhynchus","fhdSp":"keta","fhdSubSp":null,"fhdOrig":"NativeLocal","fhdProd":"None","fhdComment":"formerly rearing","fhdESH":"NA","fhdBasisD":null,"fhdNMF":"yes","fhdBasisDt":null,"fhdBasisNm":null,"fhdBasisEnt":null,"fhdBasisPrj":null,"fhdBasisMethod":null,"Shape__Length":12435.005393411497,"fhdAccess":"NA","fhdBarrierFtrID":null,"fhdEndExtent":"NA","habitatType":"stream"},"id":375},
{"type":"Feature","geometry":{"type":"LineString","coordinates":[[-123.591648,46.181698],[-123.593046,46.182007],[-123.593727,46.18424],[-123.595449,46.184245],[-123.59699,46.185989]]},"properties":{"OBJECTID":376,"fhdFtrID":568,"fhdRefID":53013,"fhdRevDt":"20160321","fhdONm":"Matt Weeber","fhdOEnt":"ODFW","fhdSpNm":"Chum salmon","fhdRun":"NA","fhdLifeHst":"Anadromous","fhdUseTy":"Migration","fhdBasis":"DownstreamDocObsFish","fhdStNm":"Big Creek","fhdGenus":"Oncorhynchus","fhdSp":"keta","fhdSubSp":null,"fhdOrig":"NativeLocal","fhdProd":"Natural","fhdComment":null,"fhdESH":"no","fhdBasisD":null,"fhdNMF":"yes","fhdBasisDt":null,"fhdBasisNm":null,"fhdBasisEnt":null,"fhdBasisPrj":null,"fhdBasisMethod":null,"Shape__Length":1360.219995121253,"fhdAccess":"Unassisted","fhdBarrierFtrID":null,"fhdEndExtent":"NA","habitatType":"stream"},"id":376},
{"type":"Feature","geometry":{"type":"LineString","coordinates":[[-123.596622,46.162525],[-123.59717,46.158363],[-123.595294,46.156808],[-123.596603,46.15528]]},"properties":{"OBJECTID":377,"fhdFtrID":569,"fhdRefID":53013,"fhdRevDt":"20160322","fhdONm":"Matt Weeber","fhdOEnt":"ODFW","fhdSpNm":"Chum salmon","fhdRun":"NA","fhdLifeHst":"Anadromous","fhdUseTy":"Spawning","fhdBasis":"DocObsFish","fhdStNm":"Little Creek","fhdGenus":"Oncorhynchus","fhdSp":"keta","fhdSubSp":null,"fhdOrig":"NativeLocal","fhdProd":"Natural","fhdComment":null,"fhdESH":"yes","fhdBasisD":null,"fhdNMF":"yes","fhdBasisDt":"2010","fhdBasisNm":null,"fhdBasisEnt":"ODFW","fhdBasisPrj":"OASIS","fhdBasisMethod":null,"Shape__Length":1361.2981158388704,"fhdAccess":"Unassisted","fhdBarrierFtrID":null,"fhdEndExtent":"NA","habitatType":"stream"},"id":377},
{"type":"Feature","geometry":{"type":"LineString","coordinates":[[-123.602605,46.150966],[-123.601208,46.152543],[-123.597326,46.154345],[-123.596603,46.15528]]},"properties":{"OBJECTID":378,"fhdFtrID":570,"fhdRefID":51505,"fhdRevDt":"20020000","fhdONm":"Joe Sheahan - Walt Weber","fhdOEnt":"ODFW","fhdSpNm":"Chum salmon","fhdRun":"NA","fhdLifeHst":"Anadromous","fhdUseTy":"Historical","fhdBasis":"ConcurProfOpinion","fhdStNm":"Little Creek","fhdGenus":"Oncorhynchus","fhdSp":"keta","fhdSubSp":null,"fhdOrig":"NativeLocal","fhdProd":"None","fhdComment":"Historic Distribution Only","fhdESH":"NA","fhdBasisD":null,"fhdNMF":"yes","fhdBasisDt":null,"fhdBasisNm":null,"fhdBasisEnt":null,"fhdBasisPrj":null,"fhdBasisMethod":null,"Shape__Length":999.9317008774989,"fhdAccess":"NA","fhdBarrierFtrID":null,"fhdEndExtent":"Unknown","habitatType":"stream"},"id":378},
{"type":"Feature","geometry":{"type":"LineString","coordinates":[[-123.840184,45.669274],[-123.839758,45.671865],[-123.840763,45.673321],[-123.842347,45.679628],[-123.841122,45.680861]]},"properties":{"OBJECTID":379,"fhdFtrID":571,"fhdRefID":53013,"fhdRevDt":"20160324","fhdONm":"Matt Weeber","fhdOEnt":"ODFW","fhdSpNm":"Chum salmon","fhdRun":"NA","fhdLifeHst":"Anadromous","fhdUseTy":"Spawning","fhdBasis":"DocObsFish","fhdStNm":"Foley Creek","fhdGenus":"Oncorhynchus","fhdSp":"keta","fhdSubSp":null,"fhdOrig":"NativeLocal","fhdProd":"Natural","fhdComment":null,"fhdESH":"yes","fhdBasisD":null,"fhdNMF":"yes","fhdBasisDt":"19980000","fhdBasisNm":null,"fhdBasisEnt":"ODFW","fhdBasisPrj":"OASIS","fhdBasisMethod":null,"Shape__Length":2350.7783625805628,"fhdAccess":"Unassisted","fhdBarrierFtrID":null,"fhdEndExtent":"NA","habitatType":"stream"},"id":379},
{"type":"Feature","geometry":{"type":"LineString","coordinates":[[-123.839172,44.588056],[-123.844471,44.589053]]},"properties":{"OBJECTID":380,"fhdFtrID":572,"fhdRefID":53013,"fhdRevDt":"20160329","fhdONm":"Matt Weeber","fhdOEnt":"ODFW","fhdSpNm":"Chum salmon","fhdRun":"NA","fhdLifeHst":"Anadromous","fhdUseTy":"Spawning","fhdBasis":"DownstreamDocObsFish","fhdStNm":"Big Elk Creek","fhdGenus":"Oncorhynchus","fhdSp":"keta","fhdSubSp":null,"fhdOrig":"NativeLocal","fhdProd":"Natural","fhdComment":null,"fhdESH":"yes","fhdBasisD":null,"fhdNMF":"yes","fhdBasisDt":null,"fhdBasisNm":null,"fhdBasisEnt":null,"fhdBasisPrj":null,"fhdBasisMethod":null,"Shape__Length":628.1803618148482,"fhdAccess":"Unassisted","fhdBarrierFtrID":null,"fhdEndExtent":"NA","habitatType":"stream"},"id":380},
{"type":"Feature","geometry":{"type":"LineString","coordinates":[[-122.394881,45.563908],[-122.393672,45.561883],[-122.391057,45.56005],[-122.383452,45.557423],[-122.38154,45.556095],[-122.381659,45.554152],[-122.384964,45.551866],[-122.386639,45.548706],[-122.384902,45.543581],[-122.382459,45.542559],[-122.382515,45.541484],[-122.377068,45.538754],[-122.372669,45.535755],[-122.372192,45.534658],[-122.372891,45.531925],[-122.372108,45.528968],[-122.373924,45.526887],[-122.374079,45.525148],[-122.369862,45.523301],[-122.369227,45.520492],[-122.369716,45.518259],[-122.373327,45.515546],[-122.373755,45.514284],[-122.37063,45.511509],[-122.367446,45.510759],[-122.359997,45.516277],[-122.354612,45.515851],[-122.352598,45.514633],[-122.342663,45.514187],[-122.339682,45.515427],[-122.337551,45.514188],[-122.339225,45.506747],[-122.338654,45.503856],[-122.336281,45.501777],[-122.332879,45.501371],[-122.330982,45.500031],[-122.327899,45.49894],[-122.325137,45.4986],[-122.32264,45.497322],[-122.320479,45.49832],[-122.316742,45.49848],[-122.313241,45.499968],[-122.311111,45.502547],[-122.306163,45.5054],[-122.302176,45.505087],[-122.299219,45.503485],[-122.2989,45.500385],[-122.303705,45.496921],[-122.306975,45.493486],[-122.306944,45.491434],[-122.30199,45.490934],[-122.300516,45.489848],[-122.298667,45.490051],[-122.296342,45.491735],[-122.295085,45.495328],[-122.293563,45.497183],[-122.290012,45.498856],[-122.284028,45.49813],[-122.280123,45.496347]]},"properties":{"OBJECTID":381,"fhdFtrID":573,"fhdRefID":53013,"fhdRevDt":"20190603","fhdONm":"Matt Weeber","fhdOEnt":"ODFW","fhdSpNm":"Chum salmon","fhdRun":"NA","fhdLifeHst":"Anadromous","fhdUseTy":"Spawning","fhdBasis":"DownstreamDocObsFish","fhdStNm":"Sandy River","fhdGenus":"Oncorhynchus","fhdSp":"keta","fhdSubSp":null,"fhdOrig":"NativeLocal","fhdProd":"Natural","fhdComment":null,"fhdESH":"yes","fhdBasisD":null,"fhdNMF":"yes","fhdBasisDt":null,"fhdBasisNm":null,"fhdBasisEnt":"ODFW","fhdBasisPrj":"OASIS","fhdBasisMethod":null,"Shape__Length":28841.41263897149,"fhdAccess":"Unassisted","fhdBarrierFtrID":null,"fhdEndExtent":"NA","habitatType":"stream"},"id":381},
{"type":"Feature","geometry":{"type":"LineString","coordinates":[[-123.955251,44.558535],[-123.95722,44.55715],[-123.961377,44.555603],[-123.963009,44.554482],[-123.964558,44.556503],[-123.96872,44.557184],[-123.972328,44.556653],[-123.97431,44.558401],[-123.981393,44.557728],[-123.983253,44.55834],[-123.986567,44.558086]]},"properties":{"OBJECTID":382,"fhdFtrID":574,"fhdRefID":53013,"fhdRevDt":"20160329","fhdONm":"Matt Weeber","fhdOEnt":"ODFW","fhdSpNm":"Chum salmon","fhdRun":"NA","fhdLifeHst":"Anadromous","fhdUseTy":"Spawning","fhdBasis":"DownstreamDocObsFish","fhdStNm":"Wright Creek","fhdGenus":"Oncorhynchus","fhdSp":"keta","fhdSubSp":null,"fhdOrig":"NativeLocal","fhdProd":"Natural","fhdComment":null,"fhdESH":"yes","fhdBasisD":null,"fhdNMF":"yes","fhdBasisDt":null,"fhdBasisNm":null,"fhdBasisEnt":null,"fhdBasisPrj":null,"fhdBasisMethod":null,"Shape__Length":5423.477177329835,"fhdAccess":"Unassisted","fhdBarrierFtrID":null,"fhdEndExtent":"NA","habitatType":"stream"},"id":382},
{"type":"Feature","geometry":{"type":"LineString","coordinates":[[-122.379271,45.537345],[-122.382689,45.53936],[-122.382515,45.541484]]},"properties":{"OBJECTID":383,"fhdFtrID":575,"fhdRefID":53013,"fhdRevDt":"20190603","fhdONm":"Matt Weeber","fhdOEnt":"ODFW","fhdSpNm":"Chum salmon","fhdRun":"NA","fhdLifeHst":"Anadromous","fhdUseTy":"Spawning","fhdBasis":"DownstreamDocObsFish","fhdStNm":"Beaver Creek","fhdGenus":"Oncorhynchus","fhdSp":"keta","fhdSubSp":null,"fhdOrig":"NativeLocal","fhdProd":"Natural","fhdComment":null,"fhdESH":"yes","fhdBasisD":null,"fhdNMF":"yes","fhdBasisDt":null,"fhdBasisNm":null,"fhdBasisEnt":"ODFW","fhdBasisPrj":"OASIS","fhdBasisMethod":null,"Shape__Length":1026.9413756393567,"fhdAccess":"Unassisted","fhdBarrierFtrID":null,"fhdEndExtent":"NA","habitatType":"stream"},"id":383},
{"type":"Feature","geometry":{"type":"LineString","coordinates":[[-122.381011,45.531189],[-122.377923,45.534765],[-122.379271,45.537345]]},"properties":{"OBJECTID":384,"fhdFtrID":576,"fhdRefID":53013,"fhdRevDt":"20190603","fhdONm":"Matt Weeber","fhdOEnt":"ODFW","fhdSpNm":"Chum salmon","fhdRun":"NA","fhdLifeHst":"Anadromous","fhdUseTy":"Spawning","fhdBasis":"DocObsFish","fhdStNm":"Beaver Creek","fhdGenus":"Oncorhynchus","fhdSp":"keta","fhdSubSp":null,"fhdOrig":"NativeLocal","fhdProd":"Natural","fhdComment":null,"fhdESH":"yes","fhdBasisD":null,"fhdNMF":"yes","fhdBasisDt":"20170000","fhdBasisNm":null,"fhdBasisEnt":"ODFW","fhdBasisPrj":"OASIS","fhdBasisMethod":null,"Shape__Length":1242.9813541283402,"fhdAccess":"Unassisted","fhdBarrierFtrID":null,"fhdEndExtent":"Unknown","habitatType":"stream"},"id":384},
{"type":"Feature","geometry":{"type":"LineString","coordinates":[[-122.283308,45.488747],[-122.280086,45.489602],[-122.276799,45.493129]]},"properties":{"OBJECTID":385,"fhdFtrID":577,"fhdRefID":53013,"fhdRevDt":"20190603","fhdONm":"Matt Weeber","fhdOEnt":"ODFW","fhdSpNm":"Chum salmon","fhdRun":"NA","fhdLifeHst":"Anadromous","fhdUseTy":"Spawning","fhdBasis":"DownstreamDocObsFish","fhdStNm":"Trout Creek","fhdGenus":"Oncorhynchus","fhdSp":"keta","fhdSubSp":null,"fhdOrig":"NativeLocal","fhdProd":"Natural","fhdComment":null,"fhdESH":"yes","fhdBasisD":null,"fhdNMF":"yes","fhdBasisDt":null,"fhdBasisNm":null,"fhdBasisEnt":"ODFW","fhdBasisPrj":"OASIS","fhdBasisMethod":null,"Shape__Length":1070.8626454852833,"fhdAccess":"Unassisted","fhdBarrierFtrID":null,"fhdEndExtent":"NA","habitatType":"stream"},"id":385},
{"type":"Feature","geometry":{"type":"LineString","coordinates":[[-122.28197,45.486902],[-122.283308,45.488747]]},"properties":{"OBJECTID":386,"fhdFtrID":578,"fhdRefID":53013,"fhdRevDt":"20190603","fhdONm":"Matt Weeber","fhdOEnt":"ODFW","fhdSpNm":"Chum salmon","fhdRun":"NA","fhdLifeHst":"Anadromous","fhdUseTy":"Spawning","fhdBasis":"DocObsFish","fhdStNm":"Trout Creek","fhdGenus":"Oncorhynchus","fhdSp":"keta","fhdSubSp":null,"fhdOrig":"NativeLocal","fhdProd":"Natural","fhdComment":null,"fhdESH":"yes","fhdBasisD":null,"fhdNMF":"yes","fhdBasisDt":"20170000","fhdBasisNm":null,"fhdBasisEnt":"ODFW","fhdBasisPrj":"OASIS","fhdBasisMethod":null,"Shape__Length":358.3266578902219,"fhdAccess":"Unassisted","fhdBarrierFtrID":null,"fhdEndExtent":"Unknown","habitatType":"stream"},"id":386},
{"type":"Feature","geometry":{"type":"LineString","coordinates":[[-122.280123,45.496347],[-122.276717,45.49525],[-122.276799,45.493129]]},"properties":{"OBJECTID":387,"fhdFtrID":609,"fhdRefID":53013,"fhdRevDt":"20220204","fhdONm":"Matt Weeber","fhdOEnt":"ODFW","fhdSpNm":"Chum salmon","fhdRun":"NA","fhdLifeHst":"Anadromous","fhdUseTy":"Spawning","fhdBasis":"DownstreamDocObsFish","fhdStNm":"Gordon Creek","fhdGenus":"Oncorhynchus","fhdSp":"keta","fhdSubSp":null,"fhdOrig":"NativeLocal","fhdProd":"Natural","fhdComment":null,"fhdESH":"yes","fhdBasisD":null,"fhdNMF":"yes","fhdBasisDt":null,"fhdBasisNm":null,"fhdBasisEnt":"ODFW","fhdBasisPrj":"OASIS","fhdBasisMethod":null,"Shape__Length":827.5166855520073,"fhdAccess":"Unassisted","fhdBarrierFtrID":null,"fhdEndExtent":"NA","habitatType":"stream"},"id":387},
{"type":"Feature","geometry":{"type":"LineString","coordinates":[[-123.156629,46.129634],[-123.152174,46.127087],[-123.1486,46.123096],[-123.144987,46.12152]]},"properties":{"OBJECTID":388,"fhdFtrID":610,"fhdRefID":53013,"fhdRevDt":"20220902","fhdONm":"Matt Weeber","fhdOEnt":"ODFW","fhdSpNm":"Chum salmon","fhdRun":"NA","fhdLifeHst":"Anadromous","fhdUseTy":"Spawning","fhdBasis":"DocObsFish","fhdStNm":"Stewart Creek","fhdGenus":"Oncorhynchus","fhdSp":"keta","fhdSubSp":null,"fhdOrig":"NativeLocalReintro","fhdProd":"Mixed","fhdComment":"Natural spawners reintroduced 2013","fhdESH":"yes","fhdBasisD":null,"fhdNMF":"yes","fhdBasisDt":null,"fhdBasisNm":null,"fhdBasisEnt":"ODFW","fhdBasisPrj":"OASIS","fhdBasisMethod":"spawning survey","Shape__Length":1898.257410511506,"fhdAccess":"Unassisted","fhdBarrierFtrID":null,"fhdEndExtent":"Unknown","habitatType":"stream"},"id":388},
{"type":"Feature","geometry":{"type":"LineString","coordinates":[[-123.142958,46.103897],[-123.141554,46.104127],[-123.137122,46.103104],[-123.135403,46.102132],[-123.13212,46.103876],[-123.129487,46.103199],[-123.127687,46.104197],[-123.124104,46.104389]]},"properties":{"OBJECTID":389,"fhdFtrID":611,"fhdRefID":53013,"fhdRevDt":"20221128","fhdONm":"Matt Weeber","fhdOEnt":"ODFW","fhdSpNm":"Chum salmon","fhdRun":"NA","fhdLifeHst":"Anadromous","fhdUseTy":"Spawning","fhdBasis":"DocObsFish","fhdStNm":"Beaver Creek","fhdGenus":"Oncorhynchus","fhdSp":"keta","fhdSubSp":null,"fhdOrig":"NativeLocalReintro","fhdProd":"Mixed","fhdComment":"Habitat ends at impassable Beaver Falls","fhdESH":"yes","fhdBasisD":null,"fhdNMF":"yes","fhdBasisDt":null,"fhdBasisNm":null,"fhdBasisEnt":"ODFW","fhdBasisPrj":"OASIS","fhdBasisMethod":"spawning survey","Shape__Length":2502.0065292828076,"fhdAccess":"Unassisted","fhdBarrierFtrID":7490,"fhdEndExtent":"NaturalOther","habitatType":"stream"},"id":389},
{"type":"Feature","geometry":{"type":"LineString","coordinates":[[-123.598317,46.173588],[-123.598216,46.171963],[-123.596046,46.167873],[-123.596259,46.165887],[-123.597466,46.164943],[-123.596476,46.162813]]},"properties":{"OBJECTID":390,"fhdFtrID":612,"fhdRefID":53013,"fhdRevDt":"20220902","fhdONm":"Matt Weeber","fhdOEnt":"ODFW","fhdSpNm":"Chum salmon","fhdRun":"NA","fhdLifeHst":"Anadromous","fhdUseTy":"Spawning","fhdBasis":"DocObsFish","fhdStNm":null,"fhdGenus":"Oncorhynchus","fhdSp":"keta","fhdSubSp":null,"fhdOrig":"NativeLocalReintro","fhdProd":"Mixed","fhdComment":null,"fhdESH":"yes","fhdBasisD":null,"fhdNMF":"yes","fhdBasisDt":null,"fhdBasisNm":null,"fhdBasisEnt":"ODFW","fhdBasisPrj":"OASIS","fhdBasisMethod":"spawning survey","Shape__Length":1890.2596199681298,"fhdAccess":"Unassisted","fhdBarrierFtrID":null,"fhdEndExtent":"NA","habitatType":"stream"},"id":390},
{"type":"Feature","geometry":{"type":"LineString","coordinates":[[-123.597965,46.179131],[-123.598317,46.173588]]},"properties":{"OBJECTID":391,"fhdFtrID":613,"fhdRefID":53013,"fhdRevDt":"20220902","fhdONm":"Matt Weeber","fhdOEnt":"ODFW","fhdSpNm":"Chum salmon","fhdRun":"NA","fhdLifeHst":"Anadromous","fhdUseTy":"Spawning","fhdBasis":"DownstreamDocObsFish","fhdStNm":null,"fhdGenus":"Oncorhynchus","fhdSp":"keta","fhdSubSp":null,"fhdOrig":"NativeLocalReintro","fhdProd":"Mixed","fhdComment":null,"fhdESH":"yes","fhdBasisD":null,"fhdNMF":"yes","fhdBasisDt":null,"fhdBasisNm":null,"fhdBasisEnt":"ODFW","fhdBasisPrj":"OASIS","fhdBasisMethod":"spawning survey","Shape__Length":939.0662760660261,"fhdAccess":"Unassisted","fhdBarrierFtrID":null,"fhdEndExtent":"NA","habitatType":"stream"},"id":391},
{"type":"Feature","geometry":{"type":"LineString","coordinates":[[-123.595449,46.184245],[-123.599003,46.183415],[-123.597965,46.179131]]},"properties":{"OBJECTID":392,"fhdFtrID":614,"fhdRefID":53013,"fhdRevDt":"20220902","fhdONm":"Matt Weeber","fhdOEnt":"ODFW","fhdSpNm":"Chum salmon","fhdRun":"NA","fhdLifeHst":"Anadromous","fhdUseTy":"Migration","fhdBasis":"DownstreamDocObsFish","fhdStNm":null,"fhdGenus":"Oncorhynchus","fhdSp":"keta","fhdSubSp":null,"fhdOrig":"NativeLocalReintro","fhdProd":"Mixed","fhdComment":null,"fhdESH":"no","fhdBasisD":null,"fhdNMF":"yes","fhdBasisDt":null,"fhdBasisNm":null,"fhdBasisEnt":"ODFW","fhdBasisPrj":"OASIS","fhdBasisMethod":"spawning survey","Shape__Length":1633.0660676984564,"fhdAccess":"Unassisted","fhdBarrierFtrID":null,"fhdEndExtent":"NA","habitatType":"stream"},"id":392},
{"type":"Feature","geometry":{"type":"LineString","coordinates":[[-123.719261,46.090863],[-123.718827,46.089192]]},"properties":{"OBJECTID":393,"fhdFtrID":615,"fhdRefID":53013,"fhdRevDt":"20220902","fhdONm":"Matt Weeber","fhdOEnt":"ODFW","fhdSpNm":"Chum salmon","fhdRun":"NA","fhdLifeHst":"Anadromous","fhdUseTy":"Spawning","fhdBasis":"DocObsFish","fhdStNm":"North Fork Klaskanine River","fhdGenus":"Oncorhynchus","fhdSp":"keta","fhdSubSp":null,"fhdOrig":"NativeLocalReintro","fhdProd":"Mixed","fhdComment":null,"fhdESH":"yes","fhdBasisD":null,"fhdNMF":"yes","fhdBasisDt":null,"fhdBasisNm":null,"fhdBasisEnt":"ODFW","fhdBasisPrj":"OASIS","fhdBasisMethod":"spawning survey","Shape__Length":361.23192279972244,"fhdAccess":"Unassisted","fhdBarrierFtrID":null,"fhdEndExtent":"Unknown","habitatType":"stream"},"id":393},
{"type":"Feature","geometry":{"type":"LineString","coordinates":[[-123.743732,46.085867],[-123.73961,46.086686],[-123.735667,46.086419],[-123.733426,46.084779],[-123.732724,46.082773]]},"properties":{"OBJECTID":394,"fhdFtrID":616,"fhdRefID":53013,"fhdRevDt":"20220902","fhdONm":"Matt Weeber","fhdOEnt":"ODFW","fhdSpNm":"Chum salmon","fhdRun":"NA","fhdLifeHst":"Anadromous","fhdUseTy":"Spawning","fhdBasis":"DocObsFish","fhdStNm":null,"fhdGenus":"Oncorhynchus","fhdSp":"keta","fhdSubSp":null,"fhdOrig":"NativeLocalReintro","fhdProd":"Mixed","fhdComment":null,"fhdESH":"yes","fhdBasisD":null,"fhdNMF":"yes","fhdBasisDt":null,"fhdBasisNm":null,"fhdBasisEnt":"ODFW","fhdBasisPrj":"OASIS","fhdBasisMethod":"spawning survey","Shape__Length":1701.9574719428897,"fhdAccess":"Unassisted","fhdBarrierFtrID":null,"fhdEndExtent":"Unknown","habitatType":"stream"},"id":394},
{"type":"Feature","geometry":{"type":"LineString","coordinates":[[-123.831985,46.068093],[-123.831783,46.06738],[-123.826979,46.066546]]},"properties":{"OBJECTID":395,"fhdFtrID":617,"fhdRefID":53013,"fhdRevDt":"20220902","fhdONm":"Matt Weeber","fhdOEnt":"ODFW","fhdSpNm":"Chum salmon","fhdRun":"NA","fhdLifeHst":"Anadromous","fhdUseTy":"Spawning","fhdBasis":"DocObsFish","fhdStNm":"Stavebolt Creek","fhdGenus":"Oncorhynchus","fhdSp":"keta","fhdSubSp":null,"fhdOrig":"NativeLocalReintro","fhdProd":"Mixed","fhdComment":null,"fhdESH":"yes","fhdBasisD":null,"fhdNMF":"yes","fhdBasisDt":null,"fhdBasisNm":null,"fhdBasisEnt":"ODFW","fhdBasisPrj":"OASIS","fhdBasisMethod":"spawning survey","Shape__Length":677.8261636345304,"fhdAccess":"Unassisted","fhdBarrierFtrID":null,"fhdEndExtent":"Unknown","habitatType":"stream"},"id":395},
{"type":"Feature","geometry":{"type":"LineString","coordinates":[[-123.708567,46.046443],[-123.704367,46.04561],[-123.697701,46.041814],[-123.693084,46.040443],[-123.686236,46.040818]]},"properties":{"OBJECTID":396,"fhdFtrID":618,"fhdRefID":53013,"fhdRevDt":"20220902","fhdONm":"Matt Weeber","fhdOEnt":"ODFW","fhdSpNm":"Chum salmon","fhdRun":"NA","fhdLifeHst":"Anadromous","fhdUseTy":"Spawning","fhdBasis":"DocObsFish","fhdStNm":"South Fork Klaskanine River","fhdGenus":"Oncorhynchus","fhdSp":"keta","fhdSubSp":null,"fhdOrig":"NativeLocalReintro","fhdProd":"Mixed","fhdComment":null,"fhdESH":"yes","fhdBasisD":null,"fhdNMF":"yes","fhdBasisDt":null,"fhdBasisNm":null,"fhdBasisEnt":"ODFW","fhdBasisPrj":"OASIS","fhdBasisMethod":"spawning survey","Shape__Length":3051.3591265392215,"fhdAccess":"Unassisted","fhdBarrierFtrID":null,"fhdEndExtent":"Unknown","habitatType":"stream"},"id":396},
{"type":"Feature","geometry":{"type":"LineString","coordinates":[[-123.527341,46.177869],[-123.526761,46.176135]]},"properties":{"OBJECTID":397,"fhdFtrID":619,"fhdRefID":53013,"fhdRevDt":"20220902","fhdONm":"Matt Weeber","fhdOEnt":"ODFW","fhdSpNm":"Chum salmon","fhdRun":"NA","fhdLifeHst":"Anadromous","fhdUseTy":"Spawning","fhdBasis":"DocObsFish","fhdStNm":"Rock Creek","fhdGenus":"Oncorhynchus","fhdSp":"keta","fhdSubSp":null,"fhdOrig":"NativeLocalReintro","fhdProd":"Mixed","fhdComment":"2021 outplantings","fhdESH":"yes","fhdBasisD":null,"fhdNMF":"yes","fhdBasisDt":null,"fhdBasisNm":null,"fhdBasisEnt":"ODFW","fhdBasisPrj":"OASIS","fhdBasisMethod":"spawning survey","Shape__Length":288.85911571700103,"fhdAccess":"Unassisted","fhdBarrierFtrID":null,"fhdEndExtent":"Unknown","habitatType":"stream"},"id":397},
{"type":"Feature","geometry":{"type":"LineString","coordinates":[[-123.165602,46.086401],[-123.162858,46.0856],[-123.162583,46.083641],[-123.164902,46.082599],[-123.163128,46.081101],[-123.163264,46.077491],[-123.165149,46.076399],[-123.164881,46.07494],[-123.162989,46.073886],[-123.163968,46.072712],[-123.163409,46.070227],[-123.165191,46.069711],[-123.164293,46.067336],[-123.16524,46.065476],[-123.162655,46.063456],[-123.163736,46.061597],[-123.163863,46.059479],[-123.160128,46.058622],[-123.158994,46.056861],[-123.159176,46.05528],[-123.15259,46.052003],[-123.151251,46.050774],[-123.14824,46.050915],[-123.14624,46.04996],[-123.143198,46.049553],[-123.136936,46.047306],[-123.136511,46.046329],[-123.13291,46.046844],[-123.130339,46.049064],[-123.125958,46.049946],[-123.123782,46.048559],[-123.121994,46.048801],[-123.118943,46.047842],[-123.117335,46.04662],[-123.114805,46.046511],[-123.109903,46.044966]]},"properties":{"OBJECTID":398,"fhdFtrID":620,"fhdRefID":53013,"fhdRevDt":"20220902","fhdONm":"Matt Weeber","fhdOEnt":"ODFW","fhdSpNm":"Chum salmon","fhdRun":"NA","fhdLifeHst":"Anadromous","fhdUseTy":"Spawning","fhdBasis":"DownstreamDocObsFish","fhdStNm":"Clatskanie River","fhdGenus":"Oncorhynchus","fhdSp":"keta","fhdSubSp":null,"fhdOrig":"NativeLocalReintro","fhdProd":"Mixed","fhdComment":"2021 outplantings","fhdESH":"yes","fhdBasisD":null,"fhdNMF":"yes","fhdBasisDt":null,"fhdBasisNm":null,"fhdBasisEnt":"ODFW","fhdBasisPrj":"OASIS","fhdBasisMethod":"spawning survey","Shape__Length":14450.919979916773,"fhdAccess":"Unassisted","fhdBarrierFtrID":null,"fhdEndExtent":"NA","habitatType":"stream"},"id":398},
{"type":"Feature","geometry":{"type":"LineString","coordinates":[[-123.109903,46.044966],[-123.105664,46.045006],[-123.103425,46.042675],[-123.098446,46.04316],[-123.096556,46.044998],[-123.094286,46.043748]]},"properties":{"OBJECTID":399,"fhdFtrID":621,"fhdRefID":53013,"fhdRevDt":"20220902","fhdONm":"Matt Weeber","fhdOEnt":"ODFW","fhdSpNm":"Chum salmon","fhdRun":"NA","fhdLifeHst":"Anadromous","fhdUseTy":"Spawning","fhdBasis":"DocObsFish","fhdStNm":"Clatskanie River","fhdGenus":"Oncorhynchus","fhdSp":"keta","fhdSubSp":null,"fhdOrig":"NativeLocalReintro","fhdProd":"Mixed","fhdComment":"2021 outplantings","fhdESH":"yes","fhdBasisD":null,"fhdNMF":"yes","fhdBasisDt":null,"fhdBasisNm":null,"fhdBasisEnt":"ODFW","fhdBasisPrj":"OASIS","fhdBasisMethod":"spawning survey","Shape__Length":2351.4785645033294,"fhdAccess":"Unassisted","fhdBarrierFtrID":null,"fhdEndExtent":"NA","habitatType":"stream"},"id":399},
{"type":"Feature","geometry":{"type":"LineString","coordinates":[[-123.094286,46.043748],[-123.088881,46.043431],[-123.083854,46.044085],[-123.083467,46.041248]]},"properties":{"OBJECTID":400,"fhdFtrID":622,"fhdRefID":53013,"fhdRevDt":"20220902","fhdONm":"Matt Weeber","fhdOEnt":"ODFW","fhdSpNm":"Chum salmon","fhdRun":"NA","fhdLifeHst":"Anadromous","fhdUseTy":"Spawning","fhdBasis":"DownstreamDocObsFish","fhdStNm":"Clatskanie River","fhdGenus":"Oncorhynchus","fhdSp":"keta","fhdSubSp":null,"fhdOrig":"NativeLocalReintro","fhdProd":"Mixed","fhdComment":"2021 outplantings","fhdESH":"yes","fhdBasisD":null,"fhdNMF":"yes","fhdBasisDt":null,"fhdBasisNm":null,"fhdBasisEnt":"ODFW","fhdBasisPrj":"OASIS","fhdBasisMethod":"spawning survey","Shape__Length":1799.4395915826287,"fhdAccess":"Unassisted","fhdBarrierFtrID":null,"fhdEndExtent":"NA","habitatType":"stream"},"id":400},
{"type":"Feature","geometry":{"type":"LineString","coordinates":[[-123.083467,46.041248],[-123.083758,46.040036],[-123.082748,46.036629],[-123.08333,46.034006],[-123.085016,46.03354],[-123.08533,46.030039],[-123.088377,46.02814],[-123.088203,46.026214],[-123.089541,46.024414]]},"properties":{"OBJECTID":401,"fhdFtrID":623,"fhdRefID":53013,"fhdRevDt":"20220902","fhdONm":"Matt Weeber","fhdOEnt":"ODFW","fhdSpNm":"Chum salmon","fhdRun":"NA","fhdLifeHst":"Anadromous","fhdUseTy":"Spawning","fhdBasis":"DocObsFish","fhdStNm":"Carcus Creek","fhdGenus":"Oncorhynchus","fhdSp":"keta","fhdSubSp":null,"fhdOrig":"NativeLocalReintro","fhdProd":"Mixed","fhdComment":"2021 outplantings","fhdESH":"yes","fhdBasisD":null,"fhdNMF":"yes","fhdBasisDt":null,"fhdBasisNm":null,"fhdBasisEnt":"ODFW","fhdBasisPrj":"OASIS","fhdBasisMethod":"spawning survey","Shape__Length":3174.377109651612,"fhdAccess":"Unassisted","fhdBarrierFtrID":null,"fhdEndExtent":"Unknown","habitatType":"stream"},"id":401},
{"type":"Feature","geometry":{"type":"LineString","coordinates":[[-123.911435,45.294261],[-123.90946,45.29432],[-123.906123,45.293395]]},"properties":{"OBJECTID":402,"fhdFtrID":624,"fhdRefID":53013,"fhdRevDt":"20220902","fhdONm":"Matt Weeber","fhdOEnt":"ODFW","fhdSpNm":"Chum salmon","fhdRun":"NA","fhdLifeHst":"Anadromous","fhdUseTy":"Spawning","fhdBasis":"DocObsFish","fhdStNm":"Jewel Creek","fhdGenus":"Oncorhynchus","fhdSp":"keta","fhdSubSp":null,"fhdOrig":"NativeLocal","fhdProd":"Natural","fhdComment":null,"fhdESH":"yes","fhdBasisD":null,"fhdNMF":"yes","fhdBasisDt":null,"fhdBasisNm":null,"fhdBasisEnt":"ODFW","fhdBasisPrj":"OASIS","fhdBasisMethod":"spawning survey","Shape__Length":729.8651763985229,"fhdAccess":"Unassisted","fhdBarrierFtrID":null,"fhdEndExtent":"Unknown","habitatType":"stream"},"id":402},
{"type":"Feature","geometry":{"type":"LineString","coordinates":[[-123.889968,45.128333],[-123.892149,45.125702],[-123.895113,45.124379]]},"properties":{"OBJECTID":403,"fhdFtrID":625,"fhdRefID":53013,"fhdRevDt":"20220902","fhdONm":"Matt Weeber","fhdOEnt":"ODFW","fhdSpNm":"Chum salmon","fhdRun":"NA","fhdLifeHst":"Anadromous","fhdUseTy":"Spawning","fhdBasis":"DocObsFish","fhdStNm":"Nestucca Bobb Creek","fhdGenus":"Oncorhynchus","fhdSp":"keta","fhdSubSp":null,"fhdOrig":"NativeLocal","fhdProd":"Natural","fhdComment":null,"fhdESH":"yes","fhdBasisD":null,"fhdNMF":"yes","fhdBasisDt":null,"fhdBasisNm":null,"fhdBasisEnt":"ODFW","fhdBasisPrj":"OASIS","fhdBasisMethod":"spawning survey","Shape__Length":960.1889560191654,"fhdAccess":"Unassisted","fhdBarrierFtrID":null,"fhdEndExtent":"Unknown","habitatType":"stream"},"id":403},
{"type":"Feature","geometry":{"type":"LineString","coordinates":[[-123.895248,45.134783],[-123.893274,45.132879]]},"properties":{"OBJECTID":404,"fhdFtrID":626,"fhdRefID":53013,"fhdRevDt":"20220902","fhdONm":"Matt Weeber","fhdOEnt":"ODFW","fhdSpNm":"Chum salmon","fhdRun":"NA","fhdLifeHst":"Anadromous","fhdUseTy":"Spawning","fhdBasis":"DocObsFish","fhdStNm":"Little Nestucca River","fhdGenus":"Oncorhynchus","fhdSp":"keta","fhdSubSp":null,"fhdOrig":"NativeLocal","fhdProd":"Natural","fhdComment":null,"fhdESH":"yes","fhdBasisD":null,"fhdNMF":"yes","fhdBasisDt":null,"fhdBasisNm":null,"fhdBasisEnt":"ODFW","fhdBasisPrj":"OASIS","fhdBasisMethod":"spawning survey","Shape__Length":379.3923200293202,"fhdAccess":"Unassisted","fhdBarrierFtrID":null,"fhdEndExtent":"NA","habitatType":"stream"},"id":404},
{"type":"Feature","geometry":{"type":"LineString","coordinates":[[-123.893274,45.132879],[-123.890637,45.131596],[-123.889968,45.128333]]},"properties":{"OBJECTID":405,"fhdFtrID":626,"fhdRefID":53013,"fhdRevDt":"20220902","fhdONm":"Matt Weeber","fhdOEnt":"ODFW","fhdSpNm":"Chum salmon","fhdRun":"NA","fhdLifeHst":"Anadromous","fhdUseTy":"Spawning","fhdBasis":"DownstreamDocObsFish","fhdStNm":"Little Nestucca River","fhdGenus":"Oncorhynchus","fhdSp":"keta","fhdSubSp":null,"fhdOrig":"NativeLocal","fhdProd":"Natural","fhdComment":null,"fhdESH":"yes","fhdBasisD":null,"fhdNMF":"yes","fhdBasisDt":null,"fhdBasisNm":null,"fhdBasisEnt":"ODFW","fhdBasisPrj":"OASIS","fhdBasisMethod":"spawning survey","Shape__Length":923.9799801420457,"fhdAccess":"Unassisted","fhdBarrierFtrID":null,"fhdEndExtent":"NA","habitatType":"stream"},"id":405},
{"type":"Feature","geometry":{"type":"LineString","coordinates":[[-123.929602,45.032255],[-123.926781,45.031942]]},"properties":{"OBJECTID":406,"fhdFtrID":627,"fhdRefID":53013,"fhdRevDt":"20220902","fhdONm":"Matt Weeber","fhdOEnt":"ODFW","fhdSpNm":"Chum salmon","fhdRun":"NA","fhdLifeHst":"Anadromous","fhdUseTy":"Spawning","fhdBasis":"DocObsFish","fhdStNm":"Deer Creek","fhdGenus":"Oncorhynchus","fhdSp":"keta","fhdSubSp":null,"fhdOrig":"NativeLocal","fhdProd":"Natural","fhdComment":null,"fhdESH":"yes","fhdBasisD":null,"fhdNMF":"yes","fhdBasisDt":null,"fhdBasisNm":null,"fhdBasisEnt":"ODFW","fhdBasisPrj":"OASIS","fhdBasisMethod":"spawning survey","Shape__Length":353.39810646698896,"fhdAccess":"Unassisted","fhdBarrierFtrID":null,"fhdEndExtent":"Unknown","habitatType":"stream"},"id":406},
{"type":"Feature","geometry":{"type":"LineString","coordinates":[[-123.946851,45.043336],[-123.943189,45.045443]]},"properties":{"OBJECTID":407,"fhdFtrID":628,"fhdRefID":53013,"fhdRevDt":"20220902","fhdONm":"Matt Weeber","fhdOEnt":"ODFW","fhdSpNm":"Chum salmon","fhdRun":"NA","fhdLifeHst":"Anadromous","fhdUseTy":"Spawning","fhdBasis":"DocObsFish","fhdStNm":"Telephone Creek","fhdGenus":"Oncorhynchus","fhdSp":"keta","fhdSubSp":null,"fhdOrig":"NativeLocal","fhdProd":"Natural","fhdComment":null,"fhdESH":"yes","fhdBasisD":null,"fhdNMF":"yes","fhdBasisDt":null,"fhdBasisNm":null,"fhdBasisEnt":"ODFW","fhdBasisPrj":"OASIS","fhdBasisMethod":"spawning survey","Shape__Length":608.9512259998544,"fhdAccess":"Unassisted","fhdBarrierFtrID":null,"fhdEndExtent":"Unknown","habitatType":"stream"},"id":407},
{"type":"Feature","geometry":{"type":"LineString","coordinates":[[-123.99161,45.041654],[-123.988622,45.044599],[-123.9885,45.046054],[-123.986566,45.047839]]},"properties":{"OBJECTID":408,"fhdFtrID":629,"fhdRefID":53013,"fhdRevDt":"20220902","fhdONm":"Matt Weeber","fhdOEnt":"ODFW","fhdSpNm":"Chum salmon","fhdRun":"NA","fhdLifeHst":"Anadromous","fhdUseTy":"Spawning","fhdBasis":"DocObsFish","fhdStNm":"Crowley Creek","fhdGenus":"Oncorhynchus","fhdSp":"keta","fhdSubSp":null,"fhdOrig":"NativeLocal","fhdProd":"Natural","fhdComment":null,"fhdESH":"yes","fhdBasisD":null,"fhdNMF":"yes","fhdBasisDt":null,"fhdBasisNm":null,"fhdBasisEnt":"ODFW","fhdBasisPrj":"OASIS","fhdBasisMethod":"spawning survey","Shape__Length":1239.9803254489052,"fhdAccess":"Unassisted","fhdBarrierFtrID":null,"fhdEndExtent":"Unknown","habitatType":"stream"},"id":408},
{"type":"Feature","geometry":{"type":"LineString","coordinates":[[-123.992746,45.039763],[-123.99161,45.041654]]},"properties":{"OBJECTID":409,"fhdFtrID":630,"fhdRefID":53013,"fhdRevDt":"20220902","fhdONm":"Matt Weeber","fhdOEnt":"ODFW","fhdSpNm":"Chum salmon","fhdRun":"NA","fhdLifeHst":"Anadromous","fhdUseTy":"Rearing","fhdBasis":"DocObsFish","fhdStNm":"Crowley Creek","fhdGenus":"Oncorhynchus","fhdSp":"keta","fhdSubSp":null,"fhdOrig":"NativeLocal","fhdProd":"Natural","fhdComment":null,"fhdESH":"yes","fhdBasisD":null,"fhdNMF":"yes","fhdBasisDt":null,"fhdBasisNm":null,"fhdBasisEnt":"ODFW","fhdBasisPrj":"OASIS","fhdBasisMethod":"spawning survey","Shape__Length":341.7170048047713,"fhdAccess":"Unassisted","fhdBarrierFtrID":null,"fhdEndExtent":"NA","habitatType":"stream"},"id":409},
{"type":"Feature","geometry":{"type":"LineString","coordinates":[[-123.947338,44.851261],[-123.945438,44.852049],[-123.93662,44.850129]]},"properties":{"OBJECTID":410,"fhdFtrID":631,"fhdRefID":53013,"fhdRevDt":"20220902","fhdONm":"Matt Weeber","fhdOEnt":"ODFW","fhdSpNm":"Chum salmon","fhdRun":"NA","fhdLifeHst":"Anadromous","fhdUseTy":"Spawning","fhdBasis":"DocObsFish","fhdStNm":"Reed Creek","fhdGenus":"Oncorhynchus","fhdSp":"keta","fhdSubSp":null,"fhdOrig":"NativeLocal","fhdProd":"Natural","fhdComment":null,"fhdESH":"yes","fhdBasisD":null,"fhdNMF":"yes","fhdBasisDt":null,"fhdBasisNm":null,"fhdBasisEnt":"ODFW","fhdBasisPrj":"OASIS","fhdBasisMethod":"spawning survey","Shape__Length":1426.424075731925,"fhdAccess":"Unassisted","fhdBarrierFtrID":null,"fhdEndExtent":"Unknown","habitatType":"stream"},"id":410},
{"type":"Feature","geometry":{"type":"LineString","coordinates":[[-123.956218,44.857358],[-123.95718,44.855687],[-123.953812,44.852184],[-123.953316,44.850983],[-123.949188,44.850228],[-123.947338,44.851261]]},"properties":{"OBJECTID":411,"fhdFtrID":632,"fhdRefID":53013,"fhdRevDt":"20220902","fhdONm":"Matt Weeber","fhdOEnt":"ODFW","fhdSpNm":"Chum salmon","fhdRun":"NA","fhdLifeHst":"Anadromous","fhdUseTy":"Spawning","fhdBasis":"DownstreamDocObsFish","fhdStNm":"Reed Creek","fhdGenus":"Oncorhynchus","fhdSp":"keta","fhdSubSp":null,"fhdOrig":"NativeLocal","fhdProd":"Natural","fhdComment":null,"fhdESH":"yes","fhdBasisD":null,"fhdNMF":"yes","fhdBasisDt":null,"fhdBasisNm":null,"fhdBasisEnt":"ODFW","fhdBasisPrj":"OASIS","fhdBasisMethod":"spawning survey","Shape__Length":2135.9303949070145,"fhdAccess":"Unassisted","fhdBarrierFtrID":null,"fhdEndExtent":"NA","habitatType":"stream"},"id":411},
{"type":"Feature","geometry":{"type":"LineString","coordinates":[[-123.793191,44.666845],[-123.791692,44.666496],[-123.785167,44.666726],[-123.782616,44.668266],[-123.782357,44.66939]]},"properties":{"OBJECTID":412,"fhdFtrID":633,"fhdRefID":53013,"fhdRevDt":"20220902","fhdONm":"Matt Weeber","fhdOEnt":"ODFW","fhdSpNm":"Chum salmon","fhdRun":"NA","fhdLifeHst":"Anadromous","fhdUseTy":"Spawning","fhdBasis":"DocObsFish","fhdStNm":"Hayes Creek","fhdGenus":"Oncorhynchus","fhdSp":"keta","fhdSubSp":null,"fhdOrig":"NativeLocal","fhdProd":"Natural","fhdComment":null,"fhdESH":"yes","fhdBasisD":null,"fhdNMF":"yes","fhdBasisDt":null,"fhdBasisNm":null,"fhdBasisEnt":"ODFW","fhdBasisPrj":"OASIS","fhdBasisMethod":"spawning survey","Shape__Length":1646.3315800665812,"fhdAccess":"Unassisted","fhdBarrierFtrID":null,"fhdEndExtent":"Unknown","habitatType":"stream"},"id":412},
{"type":"Feature","geometry":{"type":"LineString","coordinates":[[-123.862927,44.679582],[-123.872364,44.676942]]},"properties":{"OBJECTID":413,"fhdFtrID":634,"fhdRefID":53013,"fhdRevDt":"20220902","fhdONm":"Matt Weeber","fhdOEnt":"ODFW","fhdSpNm":"Chum salmon","fhdRun":"NA","fhdLifeHst":"Anadromous","fhdUseTy":"Spawning","fhdBasis":"DocObsFish","fhdStNm":"Simpson Creek","fhdGenus":"Oncorhynchus","fhdSp":"keta","fhdSubSp":null,"fhdOrig":"NativeLocal","fhdProd":"Natural","fhdComment":null,"fhdESH":"yes","fhdBasisD":null,"fhdNMF":"yes","fhdBasisDt":null,"fhdBasisNm":null,"fhdBasisEnt":"ODFW","fhdBasisPrj":"OASIS","fhdBasisMethod":"spawning survey","Shape__Length":1203.2985229047497,"fhdAccess":"Unassisted","fhdBarrierFtrID":null,"fhdEndExtent":"Unknown","habitatType":"stream"},"id":413},
{"type":"Feature","geometry":{"type":"LineString","coordinates":[[-123.858563,44.688317],[-123.858704,44.688605]]},"properties":{"OBJECTID":414,"fhdFtrID":635,"fhdRefID":53013,"fhdRevDt":"20220902","fhdONm":"Matt Weeber","fhdOEnt":"ODFW","fhdSpNm":"Chum salmon","fhdRun":"NA","fhdLifeHst":"Anadromous","fhdUseTy":"Spawning","fhdBasis":"DocObsFish","fhdStNm":"Cook Creek","fhdGenus":"Oncorhynchus","fhdSp":"keta","fhdSubSp":null,"fhdOrig":"NativeLocal","fhdProd":"Natural","fhdComment":null,"fhdESH":"yes","fhdBasisD":null,"fhdNMF":"yes","fhdBasisDt":null,"fhdBasisNm":null,"fhdBasisEnt":"ODFW","fhdBasisPrj":"OASIS","fhdBasisMethod":"spawning survey","Shape__Length":48.00609781752462,"fhdAccess":"Unassisted","fhdBarrierFtrID":null,"fhdEndExtent":"Unknown","habitatType":"stream"},"id":414},
{"type":"Feature","geometry":{"type":"LineString","coordinates":[[-123.864709,44.647276],[-123.863807,44.650917],[-123.869223,44.653255]]},"properties":{"OBJECTID":415,"fhdFtrID":636,"fhdRefID":53013,"fhdRevDt":"20220902","fhdONm":"Matt Weeber","fhdOEnt":"ODFW","fhdSpNm":"Chum salmon","fhdRun":"NA","fhdLifeHst":"Anadromous","fhdUseTy":"Spawning","fhdBasis":"DocObsFish","fhdStNm":"Bear Creek","fhdGenus":"Oncorhynchus","fhdSp":"keta","fhdSubSp":null,"fhdOrig":"NativeLocal","fhdProd":"Natural","fhdComment":null,"fhdESH":"yes","fhdBasisD":null,"fhdNMF":"yes","fhdBasisDt":null,"fhdBasisNm":null,"fhdBasisEnt":"ODFW","fhdBasisPrj":"OASIS","fhdBasisMethod":"spawning survey","Shape__Length":1398.0338384847823,"fhdAccess":"Unassisted","fhdBarrierFtrID":null,"fhdEndExtent":"Unknown","habitatType":"stream"},"id":415},
{"type":"Feature","geometry":{"type":"LineString","coordinates":[[-123.866372,44.647635],[-123.864709,44.647276]]},"properties":{"OBJECTID":416,"fhdFtrID":637,"fhdRefID":53013,"fhdRevDt":"20220902","fhdONm":"Matt Weeber","fhdOEnt":"ODFW","fhdSpNm":"Chum salmon","fhdRun":"NA","fhdLifeHst":"Anadromous","fhdUseTy":"Spawning","fhdBasis":"DocObsFish","fhdStNm":"Bear Creek","fhdGenus":"Oncorhynchus","fhdSp":"keta","fhdSubSp":null,"fhdOrig":"NativeLocal","fhdProd":"Natural","fhdComment":null,"fhdESH":"yes","fhdBasisD":null,"fhdNMF":"yes","fhdBasisDt":null,"fhdBasisNm":null,"fhdBasisEnt":"ODFW","fhdBasisPrj":"OASIS","fhdBasisMethod":"spawning survey","Shape__Length":210.05753149328245,"fhdAccess":"Unassisted","fhdBarrierFtrID":null,"fhdEndExtent":"NA","habitatType":"stream"},"id":416},
{"type":"Feature","geometry":{"type":"LineString","coordinates":[[-123.888008,44.585997],[-123.886639,44.586448],[-123.885522,44.590204],[-123.88266,44.593205]]},"properties":{"OBJECTID":417,"fhdFtrID":638,"fhdRefID":53013,"fhdRevDt":"20220902","fhdONm":"Matt Weeber","fhdOEnt":"ODFW","fhdSpNm":"Chum salmon","fhdRun":"NA","fhdLifeHst":"Anadromous","fhdUseTy":"Spawning","fhdBasis":"DocObsFish","fhdStNm":null,"fhdGenus":"Oncorhynchus","fhdSp":"keta","fhdSubSp":null,"fhdOrig":"NativeLocal","fhdProd":"Natural","fhdComment":null,"fhdESH":"yes","fhdBasisD":null,"fhdNMF":"yes","fhdBasisDt":null,"fhdBasisNm":null,"fhdBasisEnt":"ODFW","fhdBasisPrj":"OASIS","fhdBasisMethod":"spawning survey","Shape__Length":1368.1570284735699,"fhdAccess":"Unassisted","fhdBarrierFtrID":null,"fhdEndExtent":"Unknown","habitatType":"stream"},"id":417},
{"type":"Feature","geometry":{"type":"LineString","coordinates":[[-123.991706,44.64228],[-123.990155,44.642813],[-123.987431,44.64506],[-123.985248,44.648237],[-123.986327,44.650326],[-123.985404,44.657624],[-123.983949,44.658655]]},"properties":{"OBJECTID":418,"fhdFtrID":639,"fhdRefID":53013,"fhdRevDt":"20220902","fhdONm":"Matt Weeber","fhdOEnt":"ODFW","fhdSpNm":"Chum salmon","fhdRun":"NA","fhdLifeHst":"Anadromous","fhdUseTy":"Spawning","fhdBasis":"DocObsFish","fhdStNm":"Beaver Creek","fhdGenus":"Oncorhynchus","fhdSp":"keta","fhdSubSp":null,"fhdOrig":"NativeLocal","fhdProd":"Natural","fhdComment":null,"fhdESH":"yes","fhdBasisD":null,"fhdNMF":"yes","fhdBasisDt":null,"fhdBasisNm":null,"fhdBasisEnt":"ODFW","fhdBasisPrj":"OASIS","fhdBasisMethod":"spawning survey","Shape__Length":3099.2986433185215,"fhdAccess":"Unassisted","fhdBarrierFtrID":null,"fhdEndExtent":"Unknown","habitatType":"stream"},"id":418},
{"type":"Feature","geometry":{"type":"LineString","coordinates":[[-123.952822,44.628666],[-123.956033,44.626366],[-123.962268,44.628857],[-123.967798,44.625973],[-123.972507,44.626794],[-123.975458,44.626238],[-123.975852,44.624672],[-123.979794,44.624052],[-123.984042,44.625777],[-123.986161,44.62751],[-123.990028,44.62889],[-123.9916,44.631407],[-123.993281,44.631749],[-123.993372,44.633376],[-123.991303,44.635851],[-123.990976,44.638545],[-123.991706,44.64228]]},"properties":{"OBJECTID":419,"fhdFtrID":640,"fhdRefID":53013,"fhdRevDt":"20220902","fhdONm":"Matt Weeber","fhdOEnt":"ODFW","fhdSpNm":"Chum salmon","fhdRun":"NA","fhdLifeHst":"Anadromous","fhdUseTy":"Spawning","fhdBasis":"DownstreamDocObsFish","fhdStNm":"Beaver Creek","fhdGenus":"Oncorhynchus","fhdSp":"keta","fhdSubSp":null,"fhdOrig":"NativeLocal","fhdProd":"Natural","fhdComment":null,"fhdESH":"yes","fhdBasisD":null,"fhdNMF":"yes","fhdBasisDt":null,"fhdBasisNm":null,"fhdBasisEnt":"ODFW","fhdBasisPrj":"OASIS","fhdBasisMethod":"spawning survey","Shape__Length":10070.137771320546,"fhdAccess":"Unassisted","fhdBarrierFtrID":null,"fhdEndExtent":"NA","habitatType":"stream"},"id":419},
{"type":"Feature","geometry":{"type":"LineString","coordinates":[[-123.945699,44.621896],[-123.94762,44.62244],[-123.950357,44.62549],[-123.948898,44.626673],[-123.945954,44.627476],[-123.947495,44.630443],[-123.949095,44.630743],[-123.952822,44.628666]]},"properties":{"OBJECTID":420,"fhdFtrID":641,"fhdRefID":53013,"fhdRevDt":"20220902","fhdONm":"Matt Weeber","fhdOEnt":"ODFW","fhdSpNm":"Chum salmon","fhdRun":"NA","fhdLifeHst":"Anadromous","fhdUseTy":"Rearing","fhdBasis":"DownstreamDocObsFish","fhdStNm":"Depot Slough","fhdGenus":"Oncorhynchus","fhdSp":"keta","fhdSubSp":null,"fhdOrig":"NativeLocal","fhdProd":"Natural","fhdComment":null,"fhdESH":"yes","fhdBasisD":null,"fhdNMF":"yes","fhdBasisDt":null,"fhdBasisNm":null,"fhdBasisEnt":"ODFW","fhdBasisPrj":"OASIS","fhdBasisMethod":"spawning survey","Shape__Length":2813.1397989434904,"fhdAccess":"Unassisted","fhdBarrierFtrID":null,"fhdEndExtent":"NA","habitatType":"stream"},"id":420},
{"type":"Feature","geometry":{"type":"LineString","coordinates":[[-124.032603,44.404159],[-124.031141,44.399857]]},"properties":{"OBJECTID":421,"fhdFtrID":642,"fhdRefID":53013,"fhdRevDt":"20220902","fhdONm":"Matt Weeber","fhdOEnt":"ODFW","fhdSpNm":"Chum salmon","fhdRun":"NA","fhdLifeHst":"Anadromous","fhdUseTy":"Spawning","fhdBasis":"DocObsFish","fhdStNm":"Eckman Creek","fhdGenus":"Oncorhynchus","fhdSp":"keta","fhdSubSp":null,"fhdOrig":"NativeLocal","fhdProd":"Natural","fhdComment":null,"fhdESH":"yes","fhdBasisD":null,"fhdNMF":"yes","fhdBasisDt":null,"fhdBasisNm":null,"fhdBasisEnt":"ODFW","fhdBasisPrj":"OASIS","fhdBasisMethod":"spawning survey","Shape__Length":714.9367602772986,"fhdAccess":"Unassisted","fhdBarrierFtrID":null,"fhdEndExtent":"Unknown","habitatType":"stream"},"id":421},
{"type":"Feature","geometry":{"type":"LineString","coordinates":[[-124.031764,44.408216],[-124.032603,44.404159]]},"properties":{"OBJECTID":422,"fhdFtrID":643,"fhdRefID":53013,"fhdRevDt":"20220902","fhdONm":"Matt Weeber","fhdOEnt":"ODFW","fhdSpNm":"Chum salmon","fhdRun":"NA","fhdLifeHst":"Anadromous","fhdUseTy":"Spawning","fhdBasis":"DownstreamDocObsFish","fhdStNm":"Eckman Creek","fhdGenus":"Oncorhynchus","fhdSp":"keta","fhdSubSp":null,"fhdOrig":"NativeLocal","fhdProd":"Natural","fhdComment":null,"fhdESH":"yes","fhdBasisD":null,"fhdNMF":"yes","fhdBasisDt":null,"fhdBasisNm":null,"fhdBasisEnt":"ODFW","fhdBasisPrj":"OASIS","fhdBasisMethod":"spawning survey","Shape__Length":757.9653141990563,"fhdAccess":"Unassisted","fhdBarrierFtrID":null,"fhdEndExtent":"NA","habitatType":"stream"},"id":422},
{"type":"Feature","geometry":{"type":"LineString","coordinates":[[-124.030882,44.418698],[-124.03351,44.417398],[-124.034101,44.413675],[-124.031764,44.408216]]},"properties":{"OBJECTID":423,"fhdFtrID":644,"fhdRefID":53013,"fhdRevDt":"20220902","fhdONm":"Matt Weeber","fhdOEnt":"ODFW","fhdSpNm":"Chum salmon","fhdRun":"NA","fhdLifeHst":"Anadromous","fhdUseTy":"Rearing","fhdBasis":"DownstreamDocObsFish","fhdStNm":"Eckman Creek","fhdGenus":"Oncorhynchus","fhdSp":"keta","fhdSubSp":null,"fhdOrig":"NativeLocal","fhdProd":"Natural","fhdComment":null,"fhdESH":"yes","fhdBasisD":null,"fhdNMF":"yes","fhdBasisDt":null,"fhdBasisNm":null,"fhdBasisEnt":"ODFW","fhdBasisPrj":"OASIS","fhdBasisMethod":"spawning survey","Shape__Length":1902.4332666103196,"fhdAccess":"Unassisted","fhdBarrierFtrID":null,"fhdEndExtent":"NA","habitatType":"stream"},"id":423},
{"type":"Feature","geometry":{"type":"LineString","coordinates":[[-123.988761,44.411757],[-123.990287,44.409827],[-123.991211,44.407181],[-123.991416,44.40356],[-123.990532,44.402447],[-123.990004,44.399562],[-123.991655,44.397666],[-123.991878,44.395192],[-123.992884,44.394284]]},"properties":{"OBJECTID":424,"fhdFtrID":645,"fhdRefID":53013,"fhdRevDt":"20220902","fhdONm":"Matt Weeber","fhdOEnt":"ODFW","fhdSpNm":"Chum salmon","fhdRun":"NA","fhdLifeHst":"Anadromous","fhdUseTy":"Spawning","fhdBasis":"DocObsFish","fhdStNm":"Southworth Creek","fhdGenus":"Oncorhynchus","fhdSp":"keta","fhdSubSp":null,"fhdOrig":"NativeLocal","fhdProd":"Natural","fhdComment":null,"fhdESH":"yes","fhdBasisD":null,"fhdNMF":"yes","fhdBasisDt":null,"fhdBasisNm":null,"fhdBasisEnt":"ODFW","fhdBasisPrj":"OASIS","fhdBasisMethod":"spawning survey","Shape__Length":3013.7483132410484,"fhdAccess":"Unassisted","fhdBarrierFtrID":null,"fhdEndExtent":"Unknown","habitatType":"stream"},"id":424},
{"type":"Feature","geometry":{"type":"LineString","coordinates":[[-123.986822,44.413518],[-123.988761,44.411757]]},"properties":{"OBJECTID":425,"fhdFtrID":646,"fhdRefID":53013,"fhdRevDt":"20220902","fhdONm":"Matt Weeber","fhdOEnt":"ODFW","fhdSpNm":"Chum salmon","fhdRun":"NA","fhdLifeHst":"Anadromous","fhdUseTy":"Migration","fhdBasis":"DownstreamDocObsFish","fhdStNm":"Southworth Creek","fhdGenus":"Oncorhynchus","fhdSp":"keta","fhdSubSp":null,"fhdOrig":"NativeLocal","fhdProd":"Natural","fhdComment":null,"fhdESH":"no","fhdBasisD":null,"fhdNMF":"yes","fhdBasisDt":null,"fhdBasisNm":null,"fhdBasisEnt":"ODFW","fhdBasisPrj":"OASIS","fhdBasisMethod":"spawning survey","Shape__Length":452.65816731487234,"fhdAccess":"Unassisted","fhdBarrierFtrID":null,"fhdEndExtent":"NA","habitatType":"stream"},"id":425},
{"type":"Feature","geometry":{"type":"LineString","coordinates":[[-123.949505,44.40661],[-123.950487,44.403852],[-123.9482,44.402333],[-123.949458,44.401454],[-123.950978,44.398583],[-123.950267,44.396995],[-123.951038,44.394123]]},"properties":{"OBJECTID":426,"fhdFtrID":647,"fhdRefID":53013,"fhdRevDt":"20220902","fhdONm":"Matt Weeber","fhdOEnt":"ODFW","fhdSpNm":"Chum salmon","fhdRun":"NA","fhdLifeHst":"Anadromous","fhdUseTy":"Spawning","fhdBasis":"DocObsFish","fhdStNm":"Arnold Creek","fhdGenus":"Oncorhynchus","fhdSp":"keta","fhdSubSp":null,"fhdOrig":"NativeLocal","fhdProd":"Natural","fhdComment":null,"fhdESH":"yes","fhdBasisD":null,"fhdNMF":"yes","fhdBasisDt":null,"fhdBasisNm":null,"fhdBasisEnt":"ODFW","fhdBasisPrj":"OASIS","fhdBasisMethod":"spawning survey","Shape__Length":2378.61347734581,"fhdAccess":"Unassisted","fhdBarrierFtrID":null,"fhdEndExtent":"Unknown","habitatType":"stream"},"id":426},
{"type":"Feature","geometry":{"type":"LineString","coordinates":[[-123.927453,44.379384],[-123.93175,44.377944],[-123.934233,44.378536],[-123.935473,44.377468],[-123.939597,44.376674],[-123.942078,44.37777]]},"properties":{"OBJECTID":427,"fhdFtrID":648,"fhdRefID":53013,"fhdRevDt":"20220902","fhdONm":"Matt Weeber","fhdOEnt":"ODFW","fhdSpNm":"Chum salmon","fhdRun":"NA","fhdLifeHst":"Anadromous","fhdUseTy":"Spawning","fhdBasis":"DocObsFish","fhdStNm":"Bear Creek","fhdGenus":"Oncorhynchus","fhdSp":"keta","fhdSubSp":null,"fhdOrig":"NativeLocal","fhdProd":"Natural","fhdComment":null,"fhdESH":"yes","fhdBasisD":null,"fhdNMF":"yes","fhdBasisDt":null,"fhdBasisNm":null,"fhdBasisEnt":"ODFW","fhdBasisPrj":"OASIS","fhdBasisMethod":"spawning survey","Shape__Length":1868.98225247178,"fhdAccess":"Unassisted","fhdBarrierFtrID":null,"fhdEndExtent":"Unknown","habitatType":"stream"},"id":427},
{"type":"Feature","geometry":{"type":"LineString","coordinates":[[-123.934233,44.378536],[-123.934559,44.379376]]},"properties":{"OBJECTID":428,"fhdFtrID":649,"fhdRefID":53013,"fhdRevDt":"20220902","fhdONm":"Matt Weeber","fhdOEnt":"ODFW","fhdSpNm":"Chum salmon","fhdRun":"NA","fhdLifeHst":"Anadromous","fhdUseTy":"Spawning","fhdBasis":"DocObsFish","fhdStNm":null,"fhdGenus":"Oncorhynchus","fhdSp":"keta","fhdSubSp":null,"fhdOrig":"NativeLocal","fhdProd":"Natural","fhdComment":null,"fhdESH":"yes","fhdBasisD":null,"fhdNMF":"yes","fhdBasisDt":null,"fhdBasisNm":null,"fhdBasisEnt":"ODFW","fhdBasisPrj":"OASIS","fhdBasisMethod":"spawning survey","Shape__Length":135.8852341704127,"fhdAccess":"Unassisted","fhdBarrierFtrID":null,"fhdEndExtent":"Unknown","habitatType":"stream"},"id":428},
{"type":"Feature","geometry":{"type":"LineString","coordinates":[[-123.87602,46.098945],[-123.873443,46.100449],[-123.872397,46.102792],[-123.873708,46.104075],[-123.871935,46.105464],[-123.872189,46.107637],[-123.871213,46.108828],[-123.874873,46.109479],[-123.875601,46.111535],[-123.87334,46.113517],[-123.872053,46.116472]]},"properties":{"OBJECTID":429,"fhdFtrID":650,"fhdRefID":53013,"fhdRevDt":"20221013","fhdONm":"Matt Weeber","fhdOEnt":"ODFW","fhdSpNm":"Chum salmon","fhdRun":"NA","fhdLifeHst":"Anadromous","fhdUseTy":"Spawning","fhdBasis":"DownstreamDocObsFish","fhdStNm":"Johnson Slough","fhdGenus":"Oncorhynchus","fhdSp":"keta","fhdSubSp":null,"fhdOrig":"NativeLocal","fhdProd":"Natural","fhdComment":"Habitat use, production and basis updated 2022 by ODFW (spawning ground survey observation - OASIS; Kelcee L. Smith ODFW)","fhdESH":"yes","fhdBasisD":null,"fhdNMF":"yes","fhdBasisDt":null,"fhdBasisNm":null,"fhdBasisEnt":"ODFW","fhdBasisPrj":"OASIS","fhdBasisMethod":"spawning survey","Shape__Length":4378.359482405758,"fhdAccess":"Unassisted","fhdBarrierFtrID":null,"fhdEndExtent":"NA","habitatType":"stream"},"id":429},
{"type":"Feature","geometry":{"type":"LineString","coordinates":[[-123.87602,46.098945],[-123.879084,46.100626],[-123.881781,46.101188]]},"properties":{"OBJECTID":430,"fhdFtrID":651,"fhdRefID":53013,"fhdRevDt":"20221013","fhdONm":"Matt Weeber","fhdOEnt":"ODFW","fhdSpNm":"Chum salmon","fhdRun":"NA","fhdLifeHst":"Anadromous","fhdUseTy":"Spawning","fhdBasis":"DocObsFish","fhdStNm":"Abercrombie Creek","fhdGenus":"Oncorhynchus","fhdSp":"keta","fhdSubSp":null,"fhdOrig":"NativeLocal","fhdProd":"Natural","fhdComment":"Habitat use, production and basis updated 2022 by ODFW (spawning ground survey observation - OASIS; Kelcee L. Smith ODFW)","fhdESH":"yes","fhdBasisD":null,"fhdNMF":"yes","fhdBasisDt":null,"fhdBasisNm":null,"fhdBasisEnt":"ODFW","fhdBasisPrj":"OASIS","fhdBasisMethod":"spawning survey","Shape__Length":786.9374209360703,"fhdAccess":"Unassisted","fhdBarrierFtrID":null,"fhdEndExtent":"Unknown","habitatType":"stream"},"id":430},
{"type":"Feature","geometry":{"type":"LineString","coordinates":[[-122.394571,45.571472],[-122.394978,45.56945],[-122.397456,45.567882],[-122.397418,45.56662],[-122.394881,45.563908]]},"properties":{"OBJECTID":431,"fhdFtrID":652,"fhdRefID":53013,"fhdRevDt":"20230110","fhdONm":"Matt Weeber","fhdOEnt":"ODFW","fhdSpNm":"Chum salmon","fhdRun":"NA","fhdLifeHst":"Anadromous","fhdUseTy":"Rearing","fhdBasis":"DownstreamDocObsFish","fhdStNm":"Sandy River","fhdGenus":"Oncorhynchus","fhdSp":"keta","fhdSubSp":null,"fhdOrig":"NativeLocal","fhdProd":"Natural","fhdComment":"ODFW changed habitat to rearing in 2023","fhdESH":"yes","fhdBasisD":null,"fhdNMF":"yes","fhdBasisDt":null,"fhdBasisNm":null,"fhdBasisEnt":"ODFW","fhdBasisPrj":"OASIS","fhdBasisMethod":null,"Shape__Length":1445.627638724253,"fhdAccess":"Unassisted","fhdBarrierFtrID":null,"fhdEndExtent":"NA","habitatType":"stream"},"id":431}
]}
