{"type":"FeatureCollection","features":[
{"type":"Feature","geometry":{"type":"LineString","coordinates":[[-123.100291,44.119212],[-123.121582,44.137839],[-123.119897,44.145477],[-123.12771,44.150545],[-123.136076,44.167615],[-123.129076,44.180471],[-123.136382,44.180534],[-123.145505,44.186681],[-123.149186,44.197337],[-123.161993,44.198378],[-123.165042,44.203731],[-123.157833,44.21137],[-123.159121,44.216999],[-123.150907,44.224171],[-123.15577,44.232742],[-123.165059,44.235236],[-123.167232,44.241644],[-123.179638,44.253367],[-123.174477,44.258579],[-123.176101,44.278231],[-123.188364,44.286266],[-123.194097,44.307108],[-123.213966,44.309629],[-123.218357,44.316932],[-123.216982,44.325037],[-123.221869,44.330501],[-123.239023,44.329531],[-123.243617,44.336363],[-123.229689,44.341614],[-123.232796,44.357746],[-123.219273,44.361045],[-123.223434,44.369201],[-123.240902,44.375965],[-123.240102,44.384879],[-123.225191,44.390585],[-123.223215,44.39442],[-123.229477,44.414889],[-123.223174,44.422922],[-123.226713,44.434427],[-123.208479,44.435862],[-123.205565,44.444925],[-123.216766,44.468986],[-123.214379,44.479889],[-123.220052,44.486458],[-123.211769,44.501272],[-123.21837,44.51056],[-123.225222,44.512722],[-123.237623,44.527902],[-123.253304,44.528828],[-123.241912,44.544116],[-123.243917,44.54914],[-123.260747,44.555951],[-123.253867,44.572179],[-123.228216,44.583154],[-123.205166,44.586097],[-123.185432,44.58686],[-123.18492,44.594853],[-123.195005,44.596457],[-123.1977,44.603366],[-123.183153,44.609945],[-123.182824,44.617615],[-123.170585,44.621703],[-123.170672,44.634451],[-123.163923,44.637522],[-123.133461,44.637885],[-123.121001,44.640797],[-123.109433,44.639231],[-123.093108,44.641546],[-123.077823,44.646646],[-123.074904,44.659551],[-123.084227,44.665184],[-123.093693,44.676016],[-123.112105,44.674676],[-123.116746,44.676751],[-123.121699,44.691836],[-123.144337,44.709079],[-123.150515,44.723029],[-123.147882,44.730437],[-123.13327,44.73871],[-123.132706,44.743437],[-123.143759,44.750633],[-123.14819,44.764239],[-123.144151,44.775751],[-123.135869,44.780297],[-123.123194,44.793301],[-123.101729,44.797375],[-123.091321,44.808212],[-123.092657,44.813666],[-123.111414,44.821696],[-123.12835,44.826595],[-123.146582,44.825798],[-123.157146,44.830384],[-123.167694,44.828423],[-123.178617,44.833819],[-123.183247,44.847279],[-123.180651,44.855443],[-123.168503,44.864394],[-123.154218,44.859603],[-123.147538,44.862699],[-123.145031,44.877364],[-123.13483,44.889095],[-123.128561,44.904508],[-123.122495,44.911239],[-123.107273,44.920815],[-123.10982,44.930815],[-123.073479,44.927932],[-123.059289,44.938486],[-123.044028,44.944237],[-123.039424,44.950665],[-123.03695,44.967049],[-123.039144,44.987213],[-123.04889,44.991206],[-123.064263,44.989722],[-123.075742,45.014413],[-123.074502,45.03133],[-123.070641,45.03682],[-123.065876,45.066459],[-123.069137,45.076138],[-123.059439,45.084245],[-123.043779,45.091594],[-123.042699,45.100118],[-123.035519,45.10419],[-123.013973,45.102806],[-122.997175,45.120411],[-123.010349,45.129484],[-123.014776,45.136649],[-123.027751,45.141076],[-123.033097,45.148672],[-123.029115,45.160705],[-123.020114,45.163339],[-123.005214,45.160127],[-123.000736,45.166464],[-123.014524,45.17583],[-123.0192,45.188731],[-123.018712,45.197067],[-123.027638,45.202101],[-123.045854,45.200706],[-123.043832,45.219795],[-123.026772,45.223171],[-123.004303,45.221878],[-122.996915,45.229862],[-123.001196,45.258532],[-122.990477,45.272395],[-122.963758,45.284847],[-122.952498,45.2708],[-122.944393,45.26752],[-122.920121,45.268262],[-122.912425,45.26624],[-122.899949,45.256868],[-122.882721,45.255267],[-122.869244,45.253057],[-122.858841,45.254584],[-122.845897,45.262344],[-122.82726,45.2796],[-122.797643,45.28748],[-122.787126,45.292495],[-122.76513,45.291642],[-122.742535,45.300977],[-122.724638,45.302704],[-122.71977,45.300383],[-122.71273,45.296626],[-122.687709,45.299571],[-122.681835,45.292871],[-122.668415,45.28484],[-122.660435,45.292456],[-122.666198,45.30406],[-122.666058,45.318648],[-122.659332,45.329908],[-122.648962,45.337683],[-122.624842,45.348894],[-122.60397,45.36535],[-122.607392,45.371639],[-122.619749,45.377236],[-122.629356,45.394029],[-122.658235,45.409761],[-122.656074,45.42373],[-122.649078,45.429797],[-122.645833,45.439922],[-122.656714,45.450589],[-122.665095,45.463281],[-122.669234,45.489517],[-122.665506,45.502914],[-122.670581,45.513556],[-122.667953,45.526423],[-122.697971,45.550344],[-122.722669,45.560354],[-122.749739,45.578796],[-122.764148,45.584804],[-122.782788,45.604652],[-122.79086,45.619485],[-122.788736,45.633],[-122.771544,45.645382],[-122.764025,45.657479]]},"properties":{"OBJECTID":1,"fhdFtrID":1,"fhdRefID":53710,"fhdRevDt":"20190318","fhdONm":"Stan Gregory","fhdOEnt":"OSU","fhdSpNm":"LMbass","fhdRun":"NA","fhdLifeHst":"FluvRes","fhdUseTy":"Unknown","fhdBasis":"DocObsFish","fhdStNm":"Willamette River","fhdGenus":"Micropterus","fhdSp":"salmoides","fhdSubSp":null,"fhdOrig":"NonNative","fhdProd":"Natural","fhdComment":null,"fhdESH":"NA","fhdBasisD":null,"fhdNMF":"no","fhdBasisDt":"20110000","fhdBasisNm":"Randy Wildman, Stan Gregory","fhdBasisEnt":null,"fhdBasisPrj":null,"fhdBasisMethod":"Electrofisher","fhdAccess":null,"fhdBarrierFtrID":null,"fhdEndExtent":null,"Shape__Length":400733.4189731449,"habitatType":"stream"},"id":1},
{"type":"Feature","geometry":{"type":"LineString","coordinates":[[-121.109752,42.438381],[-121.121425,42.437405],[-121.138018,42.443646],[-121.161823,42.449137],[-121.166268,42.44317],[-121.175142,42.445243],[-121.187723,42.441607],[-121.206374,42.442467],[-121.218877,42.439617],[-121.221114,42.446236],[-121.241896,42.446638],[-121.267575,42.461927],[-121.287643,42.460463],[-121.288963,42.453044],[-121.31023,42.450357],[-121.331708,42.46549],[-121.349835,42.466788],[-121.36547,42.459042],[-121.375743,42.466748],[-121.390285,42.466273],[-121.399904,42.46136],[-121.412341,42.461533],[-121.427905,42.465827],[-121.452554,42.466167],[-121.45156,42.461254],[-121.46598,42.457296],[-121.478956,42.463787],[-121.50293,42.46186],[-121.52162,42.46729],[-121.523216,42.476721],[-121.53589,42.469382],[-121.546266,42.474579],[-121.53771,42.490789],[-121.556873,42.492995],[-121.557943,42.483111],[-121.565882,42.474016]]},"properties":{"OBJECTID":2,"fhdFtrID":2,"fhdRefID":53684,"fhdRevDt":"20190318","fhdONm":"Peter Robinson","fhdOEnt":"ODFW","fhdSpNm":"LMbass","fhdRun":"NA","fhdLifeHst":"FluvRes","fhdUseTy":"Unknown","fhdBasis":"UndocObsFish","fhdStNm":"Sprague River","fhdGenus":"Micropterus","fhdSp":"salmoides","fhdSubSp":null,"fhdOrig":"NonNative","fhdProd":"Natural","fhdComment":null,"fhdESH":"NA","fhdBasisD":null,"fhdNMF":"no","fhdBasisDt":null,"fhdBasisNm":null,"fhdBasisEnt":null,"fhdBasisPrj":null,"fhdBasisMethod":null,"fhdAccess":null,"fhdBarrierFtrID":null,"fhdEndExtent":null,"Shape__Length":94419.382698367,"habitatType":"stream"},"id":2},
{"type":"Feature","geometry":{"type":"LineString","coordinates":[[-117.205653,43.700183],[-117.191285,43.701504],[-117.198462,43.720941],[-117.203887,43.728305],[-117.17758,43.737993],[-117.168523,43.735611],[-117.163144,43.741532],[-117.143589,43.747981],[-117.144134,43.757326],[-117.15509,43.757015],[-117.152188,43.773712],[-117.1438,43.773561],[-117.128169,43.785735],[-117.111912,43.785563],[-117.095688,43.782283],[-117.069579,43.773928],[-117.052225,43.785611],[-117.053829,43.794385],[-117.040968,43.801143],[-117.037473,43.807817],[-117.025665,43.812765]]},"properties":{"OBJECTID":3,"fhdFtrID":3,"fhdRefID":53580,"fhdRevDt":"20190318","fhdONm":"Jay Stevens","fhdOEnt":"BLM","fhdSpNm":"LMbass","fhdRun":"NA","fhdLifeHst":"FluvRes","fhdUseTy":"Unknown","fhdBasis":"UndocObsFish","fhdStNm":"Owyhee River","fhdGenus":"Micropterus","fhdSp":"salmoides","fhdSubSp":null,"fhdOrig":"NonNative","fhdProd":"Natural","fhdComment":null,"fhdESH":"NA","fhdBasisD":null,"fhdNMF":"no","fhdBasisDt":null,"fhdBasisNm":null,"fhdBasisEnt":null,"fhdBasisPrj":null,"fhdBasisMethod":null,"fhdAccess":null,"fhdBarrierFtrID":null,"fhdEndExtent":null,"Shape__Length":44787.30772294464,"habitatType":"stream"},"id":3},
{"type":"Feature","geometry":{"type":"LineString","coordinates":[[-117.352529,43.559807],[-117.356751,43.565445],[-117.376503,43.565165],[-117.392863,43.560609],[-117.403077,43.56096],[-117.405399,43.568259]]},"properties":{"OBJECTID":4,"fhdFtrID":4,"fhdRefID":53580,"fhdRevDt":"20190318","fhdONm":"Jay Stevens","fhdOEnt":"BLM","fhdSpNm":"LMbass","fhdRun":"NA","fhdLifeHst":"FluvRes","fhdUseTy":"Unknown","fhdBasis":"UndocObsFish","fhdStNm":"Dry Creek","fhdGenus":"Micropterus","fhdSp":"salmoides","fhdSubSp":null,"fhdOrig":"NonNative","fhdProd":"Natural","fhdComment":null,"fhdESH":"NA","fhdBasisD":null,"fhdNMF":"no","fhdBasisDt":null,"fhdBasisNm":null,"fhdBasisEnt":null,"fhdBasisPrj":null,"fhdBasisMethod":null,"fhdAccess":null,"fhdBarrierFtrID":null,"fhdEndExtent":null,"Shape__Length":7636.358253155762,"habitatType":"stream"},"id":4},
{"type":"Feature","geometry":{"type":"LineString","coordinates":[[-117.027717,43.681425],[-117.038369,43.684792],[-117.053668,43.685444],[-117.073098,43.674907],[-117.085659,43.679148],[-117.089507,43.692996],[-117.085753,43.710117],[-117.074109,43.729472],[-117.0579,43.741937],[-117.038595,43.750028],[-117.023919,43.76177],[-117.02575,43.770625],[-117.032764,43.782147],[-117.026357,43.794538],[-117.029296,43.805378],[-117.01998,43.821143],[-117.031762,43.828603],[-117.03192,43.835173],[-117.022847,43.842325],[-117.015314,43.840047],[-117.010036,43.848762],[-117.021433,43.857743],[-117.009112,43.863689],[-116.99059,43.864001],[-116.982273,43.869631],[-116.983659,43.881385],[-116.976177,43.895406],[-116.979083,43.916145],[-116.961858,43.917771],[-116.959252,43.927054],[-116.968944,43.940649],[-116.962698,43.94667],[-116.961938,43.956271],[-116.978096,43.958991],[-116.974837,43.966864],[-116.960968,43.969617],[-116.9504,43.984132],[-116.934465,43.987927],[-116.944408,44.004598],[-116.936546,44.011884],[-116.934538,44.022532],[-116.944557,44.036339],[-116.959158,44.045644],[-116.973073,44.049092],[-116.977201,44.085935],[-116.968317,44.090777],[-116.943992,44.093792],[-116.933641,44.100026],[-116.927932,44.108397],[-116.927319,44.116781],[-116.916064,44.124729],[-116.911543,44.139375],[-116.895047,44.151966],[-116.8949,44.16994],[-116.903102,44.179888],[-116.914634,44.182762],[-116.926575,44.191977],[-116.94838,44.191541],[-116.96324,44.1943],[-116.97205,44.20066],[-116.97466,44.215894],[-116.972459,44.23796],[-116.976374,44.243124],[-116.995577,44.247565],[-117.010094,44.24634],[-117.031759,44.248659],[-117.042308,44.242868],[-117.048301,44.229286],[-117.057362,44.231615],[-117.063562,44.239665],[-117.070387,44.239544],[-117.086536,44.252142],[-117.09469,44.270808],[-117.09531,44.278087],[-117.107478,44.280592],[-117.120416,44.277698],[-117.12688,44.26574],[-117.148011,44.25574],[-117.172944,44.259372],[-117.193143,44.27031],[-117.206649,44.282364],[-117.219496,44.290784],[-117.224634,44.304068],[-117.203096,44.31327],[-117.189734,44.337817],[-117.193919,44.344004],[-117.211987,44.358629],[-117.2353,44.374271],[-117.243211,44.395443],[-117.226622,44.404984],[-117.21505,44.426312],[-117.216696,44.457837],[-117.225051,44.474278],[-117.220917,44.484946],[-117.199993,44.492146],[-117.192414,44.50335],[-117.190442,44.513382],[-117.184334,44.52131],[-117.160483,44.526437],[-117.149036,44.535694],[-117.142969,44.556371],[-117.148119,44.561478],[-117.145034,44.570012],[-117.135411,44.573955],[-117.125665,44.582796],[-117.124296,44.604251],[-117.116346,44.622471],[-117.10884,44.626831],[-117.098105,44.64021],[-117.095739,44.664828],[-117.081974,44.67314],[-117.078397,44.679268],[-117.079045,44.691826],[-117.064899,44.702251],[-117.058291,44.730414],[-117.050705,44.73215],[-117.046446,44.743667],[-117.037708,44.74804],[-117.002691,44.75612],[-116.986144,44.761548],[-116.970361,44.774602],[-116.948469,44.777488],[-116.935471,44.783247],[-116.931207,44.791891],[-116.930985,44.806397],[-116.916196,44.818388],[-116.898346,44.842247],[-116.895753,44.855793],[-116.885739,44.857012],[-116.865773,44.870538],[-116.852299,44.889016],[-116.837727,44.924239],[-116.832449,44.931712],[-116.83531,44.939309],[-116.851847,44.960032],[-116.837085,44.969876],[-116.827253,44.9804],[-116.839195,44.983127],[-116.847203,44.972665],[-116.857623,44.976756],[-116.857628,44.983184],[-116.844335,45.002687],[-116.847634,45.023104],[-116.842585,45.029983],[-116.826384,45.037548],[-116.81788,45.045736],[-116.799102,45.057901],[-116.783119,45.078594],[-116.783432,45.093097],[-116.773135,45.10662],[-116.754129,45.114309],[-116.752129,45.123572],[-116.743972,45.126462],[-116.729575,45.141885],[-116.723989,45.161608],[-116.724855,45.173065],[-116.71825,45.182465],[-116.708022,45.20655],[-116.70983,45.215507],[-116.701032,45.243014]]},"properties":{"OBJECTID":5,"fhdFtrID":5,"fhdRefID":53684,"fhdRevDt":"20190318","fhdONm":"Peter Robinson","fhdOEnt":"ODFW","fhdSpNm":"LMbass","fhdRun":"NA","fhdLifeHst":"FluvRes","fhdUseTy":"Unknown","fhdBasis":"UndocObsFish","fhdStNm":"Snake River","fhdGenus":"Micropterus","fhdSp":"salmoides","fhdSubSp":null,"fhdOrig":"NonNative","fhdProd":"Natural","fhdComment":null,"fhdESH":"NA","fhdBasisD":null,"fhdNMF":"no","fhdBasisDt":null,"fhdBasisNm":null,"fhdBasisEnt":null,"fhdBasisPrj":null,"fhdBasisMethod":null,"fhdAccess":null,"fhdBarrierFtrID":null,"fhdEndExtent":null,"Shape__Length":364755.0032117869,"habitatType":"stream"},"id":5},
{"type":"Feature","geometry":{"type":"LineString","coordinates":[[-119.887337,42.186336],[-119.885849,42.200321],[-119.873408,42.210415],[-119.869188,42.219031],[-119.865628,42.235929],[-119.859904,42.241857],[-119.852201,42.241753],[-119.837649,42.255508],[-119.835297,42.291859],[-119.817072,42.307886],[-119.813311,42.324711],[-119.827109,42.330561],[-119.839727,42.344086],[-119.837259,42.351242],[-119.869997,42.378645],[-119.869848,42.391428],[-119.863004,42.402983],[-119.85631,42.40759],[-119.851361,42.423914],[-119.835026,42.437439],[-119.855731,42.445165],[-119.850565,42.450302],[-119.848121,42.474662]]},"properties":{"OBJECTID":6,"fhdFtrID":6,"fhdRefID":53580,"fhdRevDt":"20190318","fhdONm":"Jay Stevens","fhdOEnt":"BLM","fhdSpNm":"LMbass","fhdRun":"NA","fhdLifeHst":"FluvRes","fhdUseTy":"Unknown","fhdBasis":"UndocObsFish","fhdStNm":null,"fhdGenus":"Micropterus","fhdSp":"salmoides","fhdSubSp":null,"fhdOrig":"NonNative","fhdProd":"Natural","fhdComment":null,"fhdESH":"NA","fhdBasisD":null,"fhdNMF":"no","fhdBasisDt":null,"fhdBasisNm":null,"fhdBasisEnt":null,"fhdBasisPrj":null,"fhdBasisMethod":null,"fhdAccess":null,"fhdBarrierFtrID":null,"fhdEndExtent":null,"Shape__Length":55126.35340041533,"habitatType":"stream"},"id":6},
{"type":"Feature","geometry":{"type":"LineString","coordinates":[[-119.873408,42.210415],[-119.869858,42.195447],[-119.869728,42.182726]]},"properties":{"OBJECTID":7,"fhdFtrID":7,"fhdRefID":53580,"fhdRevDt":"20190318","fhdONm":"Jay Stevens","fhdOEnt":"BLM","fhdSpNm":"LMbass","fhdRun":"NA","fhdLifeHst":"FluvRes","fhdUseTy":"Unknown","fhdBasis":"UndocObsFish","fhdStNm":null,"fhdGenus":"Micropterus","fhdSp":"salmoides","fhdSubSp":null,"fhdOrig":"NonNative","fhdProd":"Natural","fhdComment":null,"fhdESH":"NA","fhdBasisD":null,"fhdNMF":"no","fhdBasisDt":null,"fhdBasisNm":null,"fhdBasisEnt":null,"fhdBasisPrj":null,"fhdBasisMethod":null,"fhdAccess":null,"fhdBarrierFtrID":null,"fhdEndExtent":null,"Shape__Length":4336.321007721097,"habitatType":"stream"},"id":7},
{"type":"Feature","geometry":{"type":"LineString","coordinates":[[-120.975914,42.381041],[-120.979199,42.389634],[-121.001319,42.404603],[-121.017229,42.413354],[-121.020362,42.418738],[-121.035865,42.41813],[-121.056327,42.42004],[-121.076213,42.427334],[-121.093029,42.439909],[-121.109752,42.438381]]},"properties":{"OBJECTID":8,"fhdFtrID":8,"fhdRefID":53580,"fhdRevDt":"20190318","fhdONm":"Jay Stevens","fhdOEnt":"BLM","fhdSpNm":"LMbass","fhdRun":"NA","fhdLifeHst":"FluvRes","fhdUseTy":"Unknown","fhdBasis":"UndocObsFish","fhdStNm":"Sprague River","fhdGenus":"Micropterus","fhdSp":"salmoides","fhdSubSp":null,"fhdOrig":"NonNative","fhdProd":"Natural","fhdComment":null,"fhdESH":"NA","fhdBasisD":null,"fhdNMF":"no","fhdBasisDt":null,"fhdBasisNm":null,"fhdBasisEnt":null,"fhdBasisPrj":null,"fhdBasisMethod":null,"fhdAccess":null,"fhdBarrierFtrID":null,"fhdEndExtent":null,"Shape__Length":20849.858655740507,"habitatType":"stream"},"id":8},
{"type":"Feature","geometry":{"type":"LineString","coordinates":[[-122.002395,42.447464],[-122.03135,42.441111],[-122.056267,42.434326],[-122.062282,42.430612],[-122.076411,42.430261]]},"properties":{"OBJECTID":9,"fhdFtrID":9,"fhdRefID":53580,"fhdRevDt":"20190318","fhdONm":"Jay Stevens","fhdOEnt":"BLM","fhdSpNm":"LMbass","fhdRun":"NA","fhdLifeHst":"FluvRes","fhdUseTy":"Unknown","fhdBasis":"UndocObsFish","fhdStNm":"Odessa Creek","fhdGenus":"Micropterus","fhdSp":"salmoides","fhdSubSp":null,"fhdOrig":"NonNative","fhdProd":"Natural","fhdComment":null,"fhdESH":"NA","fhdBasisD":null,"fhdNMF":"no","fhdBasisDt":null,"fhdBasisNm":null,"fhdBasisEnt":null,"fhdBasisPrj":null,"fhdBasisMethod":null,"fhdAccess":null,"fhdBarrierFtrID":null,"fhdEndExtent":null,"Shape__Length":8917.724996366243,"habitatType":"stream"},"id":9},
{"type":"Feature","geometry":{"type":"LineString","coordinates":[[-122.002395,42.447464],[-122.020231,42.422928],[-122.029365,42.417062],[-122.039957,42.417394],[-122.052679,42.413485]]},"properties":{"OBJECTID":10,"fhdFtrID":10,"fhdRefID":53580,"fhdRevDt":"20190318","fhdONm":"Jay Stevens","fhdOEnt":"BLM","fhdSpNm":"LMbass","fhdRun":"NA","fhdLifeHst":"FluvRes","fhdUseTy":"Unknown","fhdBasis":"UndocObsFish","fhdStNm":"Unnamed trib to Upper Klamath Lake","fhdGenus":"Micropterus","fhdSp":"salmoides","fhdSubSp":null,"fhdOrig":"NonNative","fhdProd":"Natural","fhdComment":null,"fhdESH":"NA","fhdBasisD":null,"fhdNMF":"no","fhdBasisDt":null,"fhdBasisNm":null,"fhdBasisEnt":null,"fhdBasisPrj":null,"fhdBasisMethod":null,"fhdAccess":null,"fhdBarrierFtrID":null,"fhdEndExtent":null,"Shape__Length":8413.545693254982,"habitatType":"stream"},"id":10},
{"type":"Feature","geometry":{"type":"LineString","coordinates":[[-122.002395,42.447464],[-122.012672,42.45734],[-122.003366,42.49798],[-122.00351,42.51278],[-121.971478,42.531781],[-121.952614,42.564373],[-121.941441,42.576477],[-121.941568,42.581869]]},"properties":{"OBJECTID":11,"fhdFtrID":11,"fhdRefID":53580,"fhdRevDt":"20190318","fhdONm":"Jay Stevens","fhdOEnt":"BLM","fhdSpNm":"LMbass","fhdRun":"NA","fhdLifeHst":"FluvRes","fhdUseTy":"Unknown","fhdBasis":"UndocObsFish","fhdStNm":"Wood River","fhdGenus":"Micropterus","fhdSp":"salmoides","fhdSubSp":null,"fhdOrig":"NonNative","fhdProd":"Natural","fhdComment":null,"fhdESH":"NA","fhdBasisD":null,"fhdNMF":"no","fhdBasisDt":null,"fhdBasisNm":null,"fhdBasisEnt":null,"fhdBasisPrj":null,"fhdBasisMethod":null,"fhdAccess":null,"fhdBarrierFtrID":null,"fhdEndExtent":null,"Shape__Length":23346.807513551164,"habitatType":"stream"},"id":11},
{"type":"Feature","geometry":{"type":"LineString","coordinates":[[-121.805648,42.238241],[-121.81158,42.237632],[-121.826246,42.246045],[-121.851919,42.287945],[-121.862822,42.298349],[-121.858413,42.328223],[-121.86229,42.356144],[-121.872308,42.365714],[-121.891279,42.395232],[-121.920335,42.431212],[-121.957747,42.440513],[-122.002395,42.447464]]},"properties":{"OBJECTID":12,"fhdFtrID":12,"fhdRefID":53580,"fhdRevDt":"20190318","fhdONm":"Jay Stevens","fhdOEnt":"BLM","fhdSpNm":"LMbass","fhdRun":"NA","fhdLifeHst":"FluvRes","fhdUseTy":"Unknown","fhdBasis":"UndocObsFish","fhdStNm":"Upper Klamath Lake","fhdGenus":"Micropterus","fhdSp":"salmoides","fhdSubSp":null,"fhdOrig":"NonNative","fhdProd":"Natural","fhdComment":null,"fhdESH":"NA","fhdBasisD":null,"fhdNMF":"no","fhdBasisDt":null,"fhdBasisNm":null,"fhdBasisEnt":null,"fhdBasisPrj":null,"fhdBasisMethod":null,"fhdAccess":null,"fhdBarrierFtrID":null,"fhdEndExtent":null,"Shape__Length":43103.97115616658,"habitatType":"stream"},"id":12},
{"type":"Feature","geometry":{"type":"LineString","coordinates":[[-122.673935,42.672763],[-122.663533,42.672733],[-122.643654,42.685047],[-122.628188,42.684572],[-122.621288,42.689676],[-122.600748,42.694178],[-122.597034,42.699755],[-122.57509,42.703186],[-122.569836,42.711824],[-122.558492,42.709579],[-122.548233,42.712505],[-122.535668,42.716235]]},"properties":{"OBJECTID":13,"fhdFtrID":13,"fhdRefID":53580,"fhdRevDt":"20190318","fhdONm":"Jay Stevens","fhdOEnt":"BLM","fhdSpNm":"LMbass","fhdRun":"NA","fhdLifeHst":"FluvRes","fhdUseTy":"Unknown","fhdBasis":"UndocObsFish","fhdStNm":"Rogue River","fhdGenus":"Micropterus","fhdSp":"salmoides","fhdSubSp":null,"fhdOrig":"NonNative","fhdProd":"Natural","fhdComment":null,"fhdESH":"NA","fhdBasisD":null,"fhdNMF":"no","fhdBasisDt":null,"fhdBasisNm":null,"fhdBasisEnt":null,"fhdBasisPrj":null,"fhdBasisMethod":null,"fhdAccess":null,"fhdBarrierFtrID":null,"fhdEndExtent":null,"Shape__Length":18902.97815963636,"habitatType":"stream"},"id":13},
{"type":"Feature","geometry":{"type":"LineString","coordinates":[[-122.532816,42.71197],[-122.548233,42.712505]]},"properties":{"OBJECTID":14,"fhdFtrID":14,"fhdRefID":53580,"fhdRevDt":"20190318","fhdONm":"Jay Stevens","fhdOEnt":"BLM","fhdSpNm":"LMbass","fhdRun":"NA","fhdLifeHst":"FluvRes","fhdUseTy":"Unknown","fhdBasis":"UndocObsFish","fhdStNm":"South Fork Rogue River","fhdGenus":"Micropterus","fhdSp":"salmoides","fhdSubSp":null,"fhdOrig":"NonNative","fhdProd":"Natural","fhdComment":null,"fhdESH":"NA","fhdBasisD":null,"fhdNMF":"no","fhdBasisDt":null,"fhdBasisNm":null,"fhdBasisEnt":null,"fhdBasisPrj":null,"fhdBasisMethod":null,"fhdAccess":null,"fhdBarrierFtrID":null,"fhdEndExtent":null,"Shape__Length":1939.9108504808669,"habitatType":"stream"},"id":14},
{"type":"Feature","geometry":{"type":"LineString","coordinates":[[-122.576287,42.138498],[-122.589567,42.141162],[-122.604647,42.163473],[-122.626758,42.176858],[-122.638137,42.189991],[-122.647303,42.193881],[-122.658106,42.191326],[-122.66602,42.19443]]},"properties":{"OBJECTID":15,"fhdFtrID":15,"fhdRefID":53580,"fhdRevDt":"20190318","fhdONm":"Jay Stevens","fhdOEnt":"BLM","fhdSpNm":"LMbass","fhdRun":"NA","fhdLifeHst":"FluvRes","fhdUseTy":"Unknown","fhdBasis":"UndocObsFish","fhdStNm":"Emigrant Creek","fhdGenus":"Micropterus","fhdSp":"salmoides","fhdSubSp":null,"fhdOrig":"NonNative","fhdProd":"Natural","fhdComment":null,"fhdESH":"NA","fhdBasisD":null,"fhdNMF":"no","fhdBasisDt":null,"fhdBasisNm":null,"fhdBasisEnt":null,"fhdBasisPrj":null,"fhdBasisMethod":null,"fhdAccess":null,"fhdBarrierFtrID":null,"fhdEndExtent":null,"Shape__Length":16254.77773859175,"habitatType":"stream"},"id":15},
{"type":"Feature","geometry":{"type":"LineString","coordinates":[[-122.66602,42.19443],[-122.686634,42.197325],[-122.704105,42.205383],[-122.710629,42.215275],[-122.720711,42.215394],[-122.729629,42.221183],[-122.73601,42.21978],[-122.770785,42.239008],[-122.791162,42.261943],[-122.812028,42.27314],[-122.824154,42.288621],[-122.839383,42.297227],[-122.855372,42.320319],[-122.867568,42.324657],[-122.875384,42.339476],[-122.87739,42.356736],[-122.897155,42.375167],[-122.898945,42.381158],[-122.909781,42.389791],[-122.920601,42.391737],[-122.927316,42.397161],[-122.936767,42.411609],[-122.96041,42.429703],[-122.968988,42.432764]]},"properties":{"OBJECTID":16,"fhdFtrID":16,"fhdRefID":53580,"fhdRevDt":"20190318","fhdONm":"Jay Stevens","fhdOEnt":"BLM","fhdSpNm":"LMbass","fhdRun":"NA","fhdLifeHst":"FluvRes","fhdUseTy":"Unknown","fhdBasis":"UndocObsFish","fhdStNm":"Bear Creek","fhdGenus":"Micropterus","fhdSp":"salmoides","fhdSubSp":null,"fhdOrig":"NonNative","fhdProd":"Natural","fhdComment":null,"fhdESH":"NA","fhdBasisD":null,"fhdNMF":"no","fhdBasisDt":null,"fhdBasisNm":null,"fhdBasisEnt":null,"fhdBasisPrj":null,"fhdBasisMethod":null,"fhdAccess":null,"fhdBarrierFtrID":null,"fhdEndExtent":null,"Shape__Length":58080.36773036941,"habitatType":"stream"},"id":16},
{"type":"Feature","geometry":{"type":"LineString","coordinates":[[-122.785418,45.433551],[-122.763427,45.423273],[-122.753539,45.413738]]},"properties":{"OBJECTID":17,"fhdFtrID":17,"fhdRefID":53585,"fhdRevDt":"20190325","fhdONm":"Wayne Wood","fhdOEnt":"OSU","fhdSpNm":"LMbass","fhdRun":"NA","fhdLifeHst":"FluvRes","fhdUseTy":"Unknown","fhdBasis":"DocObsFish","fhdStNm":"Fanno Creek","fhdGenus":"Micropterus","fhdSp":"salmoides","fhdSubSp":null,"fhdOrig":"NonNative","fhdProd":"Natural","fhdComment":null,"fhdESH":"NA","fhdBasisD":null,"fhdNMF":"no","fhdBasisDt":"19820000","fhdBasisNm":null,"fhdBasisEnt":null,"fhdBasisPrj":null,"fhdBasisMethod":null,"fhdAccess":null,"fhdBarrierFtrID":null,"fhdEndExtent":null,"Shape__Length":7048.758133799419,"habitatType":"stream"},"id":17},
{"type":"Feature","geometry":{"type":"LineString","coordinates":[[-117.358148,43.931694],[-117.35931,43.926261],[-117.347562,43.92426],[-117.332624,43.912431],[-117.316205,43.916421],[-117.296108,43.925085],[-117.281885,43.928308],[-117.279792,43.936336],[-117.256763,43.948559],[-117.259594,43.950457],[-117.243125,43.964376],[-117.238564,43.976791],[-117.213765,43.991555],[-117.21088,43.986879],[-117.196679,43.987992],[-117.184163,43.984032],[-117.163198,43.993485],[-117.160538,44.00047],[-117.146188,43.999157],[-117.13806,44.003827],[-117.123741,44.001367],[-117.114364,44.006037],[-117.107998,44.003904],[-117.089601,44.005811],[-117.079845,44.009555],[-117.074305,44.018742],[-117.06034,44.028181],[-117.036479,44.036272],[-117.02537,44.034497]]},"properties":{"OBJECTID":18,"fhdFtrID":18,"fhdRefID":53714,"fhdRevDt":"20190326","fhdONm":"H. Lavigne, et al.","fhdOEnt":"OSU","fhdSpNm":"LMbass","fhdRun":"NA","fhdLifeHst":"FluvRes","fhdUseTy":"Unknown","fhdBasis":"DocObsFish","fhdStNm":"Malheur River","fhdGenus":"Micropterus","fhdSp":"salmoides","fhdSubSp":null,"fhdOrig":"NonNative","fhdProd":"Natural","fhdComment":null,"fhdESH":"NA","fhdBasisD":null,"fhdNMF":"no","fhdBasisDt":"20070000","fhdBasisNm":null,"fhdBasisEnt":null,"fhdBasisPrj":null,"fhdBasisMethod":"Electrofishing","fhdAccess":null,"fhdBarrierFtrID":null,"fhdEndExtent":null,"Shape__Length":62769.89930174619,"habitatType":"stream"},"id":18},
{"type":"Feature","geometry":{"type":"LineString","coordinates":[[-117.442524,45.932371],[-117.438016,45.945028],[-117.425528,45.953558],[-117.419277,45.962612],[-117.409462,45.961897],[-117.404734,45.971039],[-117.3952,45.975259],[-117.394241,45.989255],[-117.38487,45.989719],[-117.383792,45.996257],[-117.363701,46.007091],[-117.363996,46.014979],[-117.357094,46.019249],[-117.347425,46.017137],[-117.33424,46.025479],[-117.324105,46.025378],[-117.320121,46.032666],[-117.310512,46.027261],[-117.293156,46.031641],[-117.292249,46.040229],[-117.275652,46.034596],[-117.253718,46.042675],[-117.227026,46.03916],[-117.204548,46.031264],[-117.186944,46.030133],[-117.170612,46.026243],[-117.163152,46.028391],[-117.141234,46.027984],[-117.14115,46.034814],[-117.133281,46.041225],[-117.119319,46.039485],[-117.115897,46.034952],[-117.100058,46.044499],[-117.075196,46.038983],[-117.063804,46.045362],[-117.048599,46.039564],[-117.034879,46.048642],[-117.015335,46.050725],[-117.004582,46.063693],[-116.983967,46.065206],[-116.987494,46.077335],[-116.979361,46.080392]]},"properties":{"OBJECTID":19,"fhdFtrID":20,"fhdRefID":53713,"fhdRevDt":"20190326","fhdONm":"Matthew Neilson","fhdOEnt":"USGS","fhdSpNm":"LMbass","fhdRun":"NA","fhdLifeHst":"FluvRes","fhdUseTy":"Unknown","fhdBasis":"UndocObsFish","fhdStNm":"Grande Ronde River","fhdGenus":"Micropterus","fhdSp":"salmoides","fhdSubSp":null,"fhdOrig":"NonNative","fhdProd":"Natural","fhdComment":null,"fhdESH":"NA","fhdBasisD":null,"fhdNMF":"no","fhdBasisDt":null,"fhdBasisNm":null,"fhdBasisEnt":null,"fhdBasisPrj":null,"fhdBasisMethod":null,"fhdAccess":null,"fhdBarrierFtrID":null,"fhdEndExtent":null,"Shape__Length":109157.23137857583,"habitatType":"stream"},"id":19},
{"type":"Feature","geometry":{"type":"LineString","coordinates":[[-124.141638,43.080578],[-124.147907,43.088691],[-124.15793,43.090481],[-124.162354,43.098325],[-124.181242,43.09516],[-124.188823,43.100241],[-124.177391,43.105789],[-124.183753,43.110721],[-124.179695,43.122109],[-124.196988,43.12763],[-124.178064,43.143287],[-124.184538,43.166932],[-124.190378,43.173683],[-124.210493,43.178902],[-124.222992,43.176857],[-124.240755,43.182063],[-124.26908,43.200062],[-124.280191,43.195994],[-124.273834,43.182355],[-124.273357,43.169785],[-124.276106,43.157053],[-124.28194,43.151914],[-124.294553,43.153978],[-124.298124,43.145743]]},"properties":{"OBJECTID":20,"fhdFtrID":21,"fhdRefID":53713,"fhdRevDt":"20190326","fhdONm":"Matthew Neilson","fhdOEnt":"USGS","fhdSpNm":"LMbass","fhdRun":"NA","fhdLifeHst":"FluvRes","fhdUseTy":"Unknown","fhdBasis":"UndocObsFish","fhdStNm":"Coquille River","fhdGenus":"Micropterus","fhdSp":"salmoides","fhdSubSp":null,"fhdOrig":"NonNative","fhdProd":"Natural","fhdComment":null,"fhdESH":"NA","fhdBasisD":null,"fhdNMF":"no","fhdBasisDt":null,"fhdBasisNm":null,"fhdBasisEnt":null,"fhdBasisPrj":null,"fhdBasisMethod":null,"fhdAccess":null,"fhdBarrierFtrID":null,"fhdEndExtent":null,"Shape__Length":48543.94973308803,"habitatType":"stream"},"id":20},
{"type":"Feature","geometry":{"type":"LineString","coordinates":[[-123.193361,44.853572],[-123.180651,44.855443]]},"properties":{"OBJECTID":21,"fhdFtrID":22,"fhdRefID":53585,"fhdRevDt":"20190325","fhdONm":"Wayne Wood","fhdOEnt":"OSU","fhdSpNm":"LMbass","fhdRun":"NA","fhdLifeHst":"FluvRes","fhdUseTy":"Unknown","fhdBasis":"DocObsFish","fhdStNm":"Ash Creek","fhdGenus":"Micropterus","fhdSp":"salmoides","fhdSubSp":null,"fhdOrig":"NonNative","fhdProd":"Natural","fhdComment":null,"fhdESH":"NA","fhdBasisD":null,"fhdNMF":"no","fhdBasisDt":null,"fhdBasisNm":null,"fhdBasisEnt":null,"fhdBasisPrj":null,"fhdBasisMethod":null,"fhdAccess":null,"fhdBarrierFtrID":null,"fhdEndExtent":null,"Shape__Length":2427.4696331665177,"habitatType":"stream"},"id":21},
{"type":"Feature","geometry":{"type":"LineString","coordinates":[[-123.210713,44.838188],[-123.195135,44.847322],[-123.193361,44.853572]]},"properties":{"OBJECTID":22,"fhdFtrID":23,"fhdRefID":53585,"fhdRevDt":"20190325","fhdONm":"Wayne Wood","fhdOEnt":"OSU","fhdSpNm":"LMbass","fhdRun":"NA","fhdLifeHst":"FluvRes","fhdUseTy":"Unknown","fhdBasis":"DocObsFish","fhdStNm":"South Fork Ash Creek","fhdGenus":"Micropterus","fhdSp":"salmoides","fhdSubSp":null,"fhdOrig":"NonNative","fhdProd":"Natural","fhdComment":null,"fhdESH":"NA","fhdBasisD":null,"fhdNMF":"no","fhdBasisDt":null,"fhdBasisNm":null,"fhdBasisEnt":null,"fhdBasisPrj":null,"fhdBasisMethod":null,"fhdAccess":null,"fhdBarrierFtrID":null,"fhdEndExtent":null,"Shape__Length":4336.469872647338,"habitatType":"stream"},"id":22},
{"type":"Feature","geometry":{"type":"LineString","coordinates":[[-122.734828,45.26595],[-122.737679,45.273423],[-122.729634,45.282249],[-122.716274,45.285222],[-122.71977,45.300383]]},"properties":{"OBJECTID":23,"fhdFtrID":24,"fhdRefID":53585,"fhdRevDt":"20190325","fhdONm":"Wayne Wood","fhdOEnt":"OSU","fhdSpNm":"LMbass","fhdRun":"NA","fhdLifeHst":"FluvRes","fhdUseTy":"Unknown","fhdBasis":"DocObsFish","fhdStNm":"Molalla River","fhdGenus":"Micropterus","fhdSp":"salmoides","fhdSubSp":null,"fhdOrig":"NonNative","fhdProd":"Natural","fhdComment":null,"fhdESH":"NA","fhdBasisD":null,"fhdNMF":"no","fhdBasisDt":"20030000","fhdBasisNm":null,"fhdBasisEnt":null,"fhdBasisPrj":null,"fhdBasisMethod":null,"fhdAccess":null,"fhdBarrierFtrID":null,"fhdEndExtent":null,"Shape__Length":10245.087741644826,"habitatType":"stream"},"id":23},
{"type":"Feature","geometry":{"type":"LineString","coordinates":[[-122.663231,45.156601],[-122.696194,45.166904],[-122.703678,45.171816]]},"properties":{"OBJECTID":24,"fhdFtrID":25,"fhdRefID":53585,"fhdRevDt":"20190325","fhdONm":"Wayne Wood","fhdOEnt":"OSU","fhdSpNm":"LMbass","fhdRun":"NA","fhdLifeHst":"FluvRes","fhdUseTy":"Unknown","fhdBasis":"DocObsFish","fhdStNm":"Unnamed trib to Bear Creek","fhdGenus":"Micropterus","fhdSp":"salmoides","fhdSubSp":null,"fhdOrig":"NonNative","fhdProd":"Natural","fhdComment":null,"fhdESH":"NA","fhdBasisD":null,"fhdNMF":"no","fhdBasisDt":"19970000","fhdBasisNm":null,"fhdBasisEnt":null,"fhdBasisPrj":null,"fhdBasisMethod":null,"fhdAccess":null,"fhdBarrierFtrID":null,"fhdEndExtent":null,"Shape__Length":5657.966186499867,"habitatType":"stream"},"id":24},
{"type":"Feature","geometry":{"type":"LineString","coordinates":[[-122.904501,45.216623],[-122.892635,45.239265],[-122.882375,45.247613],[-122.882721,45.255267]]},"properties":{"OBJECTID":25,"fhdFtrID":26,"fhdRefID":53585,"fhdRevDt":"20190325","fhdONm":"Wayne Wood","fhdOEnt":"OSU","fhdSpNm":"LMbass","fhdRun":"NA","fhdLifeHst":"FluvRes","fhdUseTy":"Unknown","fhdBasis":"DocObsFish","fhdStNm":"Champoeg Creek","fhdGenus":"Micropterus","fhdSp":"salmoides","fhdSubSp":null,"fhdOrig":"NonNative","fhdProd":"Natural","fhdComment":null,"fhdESH":"NA","fhdBasisD":null,"fhdNMF":"no","fhdBasisDt":null,"fhdBasisNm":null,"fhdBasisEnt":null,"fhdBasisPrj":null,"fhdBasisMethod":null,"fhdAccess":null,"fhdBarrierFtrID":null,"fhdEndExtent":null,"Shape__Length":11118.481110503262,"habitatType":"stream"},"id":25},
{"type":"Feature","geometry":{"type":"LineString","coordinates":[[-122.896128,45.252725],[-122.882375,45.247613]]},"properties":{"OBJECTID":26,"fhdFtrID":27,"fhdRefID":53585,"fhdRevDt":"20190325","fhdONm":"Wayne Wood","fhdOEnt":"OSU","fhdSpNm":"LMbass","fhdRun":"NA","fhdLifeHst":"FluvRes","fhdUseTy":"Unknown","fhdBasis":"DocObsFish","fhdStNm":"Mission Creek","fhdGenus":"Micropterus","fhdSp":"salmoides","fhdSubSp":null,"fhdOrig":"NonNative","fhdProd":"Natural","fhdComment":null,"fhdESH":"NA","fhdBasisD":null,"fhdNMF":"no","fhdBasisDt":"19960000","fhdBasisNm":null,"fhdBasisEnt":null,"fhdBasisPrj":null,"fhdBasisMethod":null,"fhdAccess":null,"fhdBarrierFtrID":null,"fhdEndExtent":null,"Shape__Length":2024.206306565721,"habitatType":"stream"},"id":26},
{"type":"Feature","geometry":{"type":"LineString","coordinates":[[-123.054893,44.925692],[-123.044636,44.93608],[-123.044028,44.944237]]},"properties":{"OBJECTID":27,"fhdFtrID":28,"fhdRefID":53585,"fhdRevDt":"20190325","fhdONm":"Wayne Wood","fhdOEnt":"OSU","fhdSpNm":"LMbass","fhdRun":"NA","fhdLifeHst":"FluvRes","fhdUseTy":"Unknown","fhdBasis":"DocObsFish","fhdStNm":"Willamette River side channel","fhdGenus":"Micropterus","fhdSp":"salmoides","fhdSubSp":null,"fhdOrig":"NonNative","fhdProd":"Natural","fhdComment":null,"fhdESH":"NA","fhdBasisD":null,"fhdNMF":"no","fhdBasisDt":null,"fhdBasisNm":null,"fhdBasisEnt":null,"fhdBasisPrj":null,"fhdBasisMethod":null,"fhdAccess":null,"fhdBarrierFtrID":null,"fhdEndExtent":null,"Shape__Length":3352.7103618645506,"habitatType":"stream"},"id":27},
{"type":"Feature","geometry":{"type":"LineString","coordinates":[[-123.144634,45.225827],[-123.124491,45.226843],[-123.124792,45.2362],[-123.12025,45.242394],[-123.105834,45.234313],[-123.106797,45.224732],[-123.096777,45.223974],[-123.078777,45.227057],[-123.069803,45.221592],[-123.058945,45.221871],[-123.050165,45.23596],[-123.04253,45.23933],[-123.034013,45.235025],[-123.019543,45.234509],[-123.004268,45.229089],[-122.996915,45.229862]]},"properties":{"OBJECTID":28,"fhdFtrID":29,"fhdRefID":53713,"fhdRevDt":"20190326","fhdONm":"Matthew Neilson","fhdOEnt":"USGS","fhdSpNm":"LMbass","fhdRun":"NA","fhdLifeHst":"FluvRes","fhdUseTy":"Unknown","fhdBasis":"UndocObsFish","fhdStNm":"Yamhill River","fhdGenus":"Micropterus","fhdSp":"salmoides","fhdSubSp":null,"fhdOrig":"NonNative","fhdProd":"Natural","fhdComment":null,"fhdESH":"NA","fhdBasisD":null,"fhdNMF":"no","fhdBasisDt":null,"fhdBasisNm":null,"fhdBasisEnt":null,"fhdBasisPrj":null,"fhdBasisMethod":null,"fhdAccess":null,"fhdBarrierFtrID":null,"fhdEndExtent":null,"Shape__Length":25842.994410946343,"habitatType":"stream"},"id":28},
{"type":"Feature","geometry":{"type":"LineString","coordinates":[[-123.077155,45.210333],[-123.077997,45.214612]]},"properties":{"OBJECTID":29,"fhdFtrID":30,"fhdRefID":53585,"fhdRevDt":"20190325","fhdONm":"Wayne Wood","fhdOEnt":"OSU","fhdSpNm":"LMbass","fhdRun":"NA","fhdLifeHst":"FluvRes","fhdUseTy":"Unknown","fhdBasis":"DocObsFish","fhdStNm":"Palmer Creek","fhdGenus":"Micropterus","fhdSp":"salmoides","fhdSubSp":null,"fhdOrig":"NonNative","fhdProd":"Natural","fhdComment":null,"fhdESH":"NA","fhdBasisD":null,"fhdNMF":"no","fhdBasisDt":null,"fhdBasisNm":null,"fhdBasisEnt":null,"fhdBasisPrj":null,"fhdBasisMethod":null,"fhdAccess":null,"fhdBarrierFtrID":null,"fhdEndExtent":null,"Shape__Length":763.6639646868717,"habitatType":"stream"},"id":29},
{"type":"Feature","geometry":{"type":"LineString","coordinates":[[-123.077997,45.214612],[-123.069803,45.221592]]},"properties":{"OBJECTID":30,"fhdFtrID":30,"fhdRefID":53585,"fhdRevDt":"20190325","fhdONm":"Wayne Wood","fhdOEnt":"OSU","fhdSpNm":"LMbass","fhdRun":"NA","fhdLifeHst":"FluvRes","fhdUseTy":"Unknown","fhdBasis":"DocObsFish","fhdStNm":"Palmer Creek","fhdGenus":"Micropterus","fhdSp":"salmoides","fhdSubSp":null,"fhdOrig":"NonNative","fhdProd":"Natural","fhdComment":null,"fhdESH":"NA","fhdBasisD":null,"fhdNMF":"no","fhdBasisDt":"19970000","fhdBasisNm":null,"fhdBasisEnt":null,"fhdBasisPrj":null,"fhdBasisMethod":null,"fhdAccess":null,"fhdBarrierFtrID":null,"fhdEndExtent":null,"Shape__Length":1867.3475711271558,"habitatType":"stream"},"id":30},
{"type":"Feature","geometry":{"type":"LineString","coordinates":[[-123.296063,45.032981],[-123.293201,45.04852]]},"properties":{"OBJECTID":31,"fhdFtrID":31,"fhdRefID":53585,"fhdRevDt":"20190325","fhdONm":"Wayne Wood","fhdOEnt":"OSU","fhdSpNm":"LMbass","fhdRun":"NA","fhdLifeHst":"FluvRes","fhdUseTy":"Unknown","fhdBasis":"DocObsFish","fhdStNm":"Salt Creek","fhdGenus":"Micropterus","fhdSp":"salmoides","fhdSubSp":null,"fhdOrig":"NonNative","fhdProd":"Natural","fhdComment":null,"fhdESH":"NA","fhdBasisD":null,"fhdNMF":"no","fhdBasisDt":"19970000","fhdBasisNm":null,"fhdBasisEnt":null,"fhdBasisPrj":null,"fhdBasisMethod":null,"fhdAccess":null,"fhdBarrierFtrID":null,"fhdEndExtent":null,"Shape__Length":4708.8751929288765,"habitatType":"stream"},"id":31},
{"type":"Feature","geometry":{"type":"LineString","coordinates":[[-123.130865,45.519],[-123.115889,45.512623],[-123.109907,45.504349]]},"properties":{"OBJECTID":32,"fhdFtrID":32,"fhdRefID":53585,"fhdRevDt":"20190325","fhdONm":"Wayne Wood","fhdOEnt":"OSU","fhdSpNm":"LMbass","fhdRun":"NA","fhdLifeHst":"FluvRes","fhdUseTy":"Unknown","fhdBasis":"DocObsFish","fhdStNm":"Gales Creek","fhdGenus":"Micropterus","fhdSp":"salmoides","fhdSubSp":null,"fhdOrig":"NonNative","fhdProd":"Natural","fhdComment":null,"fhdESH":"NA","fhdBasisD":null,"fhdNMF":"no","fhdBasisDt":"19970000","fhdBasisNm":null,"fhdBasisEnt":null,"fhdBasisPrj":null,"fhdBasisMethod":null,"fhdAccess":null,"fhdBarrierFtrID":null,"fhdEndExtent":null,"Shape__Length":6192.662534751359,"habitatType":"stream"},"id":32},
{"type":"Feature","geometry":{"type":"LineString","coordinates":[[-123.766811,45.439065],[-123.759261,45.44214]]},"properties":{"OBJECTID":33,"fhdFtrID":33,"fhdRefID":53585,"fhdRevDt":"20190325","fhdONm":"Wayne Wood","fhdOEnt":"OSU","fhdSpNm":"LMbass","fhdRun":"NA","fhdLifeHst":"FluvRes","fhdUseTy":"Unknown","fhdBasis":"DocObsFish","fhdStNm":"Green Creek","fhdGenus":"Micropterus","fhdSp":"salmoides","fhdSubSp":null,"fhdOrig":"NonNative","fhdProd":"Natural","fhdComment":null,"fhdESH":"NA","fhdBasisD":null,"fhdNMF":"no","fhdBasisDt":null,"fhdBasisNm":null,"fhdBasisEnt":null,"fhdBasisPrj":null,"fhdBasisMethod":null,"fhdAccess":null,"fhdBarrierFtrID":null,"fhdEndExtent":null,"Shape__Length":1063.0266629470561,"habitatType":"stream"},"id":33},
{"type":"Feature","geometry":{"type":"LineString","coordinates":[[-123.077823,44.646646],[-123.070345,44.643112],[-123.068652,44.635639],[-123.051506,44.637777]]},"properties":{"OBJECTID":34,"fhdFtrID":34,"fhdRefID":53585,"fhdRevDt":"20190325","fhdONm":"Wayne Wood","fhdOEnt":"OSU","fhdSpNm":"LMbass","fhdRun":"NA","fhdLifeHst":"FluvRes","fhdUseTy":"Unknown","fhdBasis":"DocObsFish","fhdStNm":"Cox Creek","fhdGenus":"Micropterus","fhdSp":"salmoides","fhdSubSp":null,"fhdOrig":"NonNative","fhdProd":"Natural","fhdComment":null,"fhdESH":"NA","fhdBasisD":null,"fhdNMF":"no","fhdBasisDt":"19960000","fhdBasisNm":null,"fhdBasisEnt":null,"fhdBasisPrj":null,"fhdBasisMethod":null,"fhdAccess":null,"fhdBarrierFtrID":null,"fhdEndExtent":null,"Shape__Length":5731.280252117182,"habitatType":"stream"},"id":34},
{"type":"Feature","geometry":{"type":"LineString","coordinates":[[-123.168348,44.654228],[-123.162145,44.650462],[-123.170635,44.641979],[-123.170672,44.634451]]},"properties":{"OBJECTID":35,"fhdFtrID":35,"fhdRefID":53585,"fhdRevDt":"20190325","fhdONm":"Wayne Wood","fhdOEnt":"OSU","fhdSpNm":"LMbass","fhdRun":"NA","fhdLifeHst":"FluvRes","fhdUseTy":"Unknown","fhdBasis":"DocObsFish","fhdStNm":"Bowers Slough","fhdGenus":"Micropterus","fhdSp":"salmoides","fhdSubSp":null,"fhdOrig":"NonNative","fhdProd":"Natural","fhdComment":null,"fhdESH":"NA","fhdBasisD":null,"fhdNMF":"no","fhdBasisDt":"19970000","fhdBasisNm":null,"fhdBasisEnt":null,"fhdBasisPrj":null,"fhdBasisMethod":null,"fhdAccess":null,"fhdBarrierFtrID":null,"fhdEndExtent":null,"Shape__Length":4284.8699818293135,"habitatType":"stream"},"id":35},
{"type":"Feature","geometry":{"type":"LineString","coordinates":[[-123.277978,44.555068],[-123.260747,44.555951]]},"properties":{"OBJECTID":36,"fhdFtrID":36,"fhdRefID":53585,"fhdRevDt":"20190325","fhdONm":"Wayne Wood","fhdOEnt":"OSU","fhdSpNm":"LMbass","fhdRun":"NA","fhdLifeHst":"FluvRes","fhdUseTy":"Unknown","fhdBasis":"DocObsFish","fhdStNm":"Marys River","fhdGenus":"Micropterus","fhdSp":"salmoides","fhdSubSp":null,"fhdOrig":"NonNative","fhdProd":"Natural","fhdComment":null,"fhdESH":"NA","fhdBasisD":null,"fhdNMF":"no","fhdBasisDt":"20020000","fhdBasisNm":null,"fhdBasisEnt":null,"fhdBasisPrj":null,"fhdBasisMethod":null,"fhdAccess":null,"fhdBarrierFtrID":null,"fhdEndExtent":null,"Shape__Length":2286.879797293245,"habitatType":"stream"},"id":36},
{"type":"Feature","geometry":{"type":"LineString","coordinates":[[-123.096314,44.502312],[-123.111307,44.508618]]},"properties":{"OBJECTID":37,"fhdFtrID":37,"fhdRefID":53585,"fhdRevDt":"20190325","fhdONm":"Wayne Wood","fhdOEnt":"OSU","fhdSpNm":"LMbass","fhdRun":"NA","fhdLifeHst":"FluvRes","fhdUseTy":"Unknown","fhdBasis":"DocObsFish","fhdStNm":"Calapooia River","fhdGenus":"Micropterus","fhdSp":"salmoides","fhdSubSp":null,"fhdOrig":"NonNative","fhdProd":"Natural","fhdComment":null,"fhdESH":"NA","fhdBasisD":null,"fhdNMF":"no","fhdBasisDt":"19970000","fhdBasisNm":null,"fhdBasisEnt":null,"fhdBasisPrj":null,"fhdBasisMethod":null,"fhdAccess":null,"fhdBarrierFtrID":null,"fhdEndExtent":null,"Shape__Length":2819.468587426312,"habitatType":"stream"},"id":37},
{"type":"Feature","geometry":{"type":"LineString","coordinates":[[-123.081735,44.394701],[-123.080935,44.381634]]},"properties":{"OBJECTID":38,"fhdFtrID":38,"fhdRefID":53585,"fhdRevDt":"20190325","fhdONm":"Wayne Wood","fhdOEnt":"OSU","fhdSpNm":"LMbass","fhdRun":"NA","fhdLifeHst":"FluvRes","fhdUseTy":"Unknown","fhdBasis":"DocObsFish","fhdStNm":"Spoon Creek","fhdGenus":"Micropterus","fhdSp":"salmoides","fhdSubSp":null,"fhdOrig":"NonNative","fhdProd":"Natural","fhdComment":null,"fhdESH":"NA","fhdBasisD":null,"fhdNMF":"no","fhdBasisDt":"19970000","fhdBasisNm":null,"fhdBasisEnt":null,"fhdBasisPrj":null,"fhdBasisMethod":null,"fhdAccess":null,"fhdBarrierFtrID":null,"fhdEndExtent":null,"Shape__Length":2121.447589698608,"habitatType":"stream"},"id":38},
{"type":"Feature","geometry":{"type":"LineString","coordinates":[[-123.284697,44.366106],[-123.27343,44.370615],[-123.26669,44.36775],[-123.257459,44.3807],[-123.248348,44.380014],[-123.240102,44.384879]]},"properties":{"OBJECTID":39,"fhdFtrID":39,"fhdRefID":53585,"fhdRevDt":"20190325","fhdONm":"Wayne Wood","fhdOEnt":"OSU","fhdSpNm":"LMbass","fhdRun":"NA","fhdLifeHst":"FluvRes","fhdUseTy":"Unknown","fhdBasis":"DocObsFish","fhdStNm":"Long Tom River","fhdGenus":"Micropterus","fhdSp":"salmoides","fhdSubSp":null,"fhdOrig":"NonNative","fhdProd":"Natural","fhdComment":null,"fhdESH":"NA","fhdBasisD":null,"fhdNMF":"no","fhdBasisDt":"19980000","fhdBasisNm":null,"fhdBasisEnt":null,"fhdBasisPrj":null,"fhdBasisMethod":null,"fhdAccess":null,"fhdBarrierFtrID":null,"fhdEndExtent":null,"Shape__Length":7885.547168860446,"habitatType":"stream"},"id":39},
{"type":"Feature","geometry":{"type":"LineString","coordinates":[[-122.984366,43.936824],[-122.988033,43.948376]]},"properties":{"OBJECTID":40,"fhdFtrID":40,"fhdRefID":53585,"fhdRevDt":"20190325","fhdONm":"Wayne Wood","fhdOEnt":"OSU","fhdSpNm":"LMbass","fhdRun":"NA","fhdLifeHst":"FluvRes","fhdUseTy":"Unknown","fhdBasis":"DocObsFish","fhdStNm":"Coast Fork Willamette River","fhdGenus":"Micropterus","fhdSp":"salmoides","fhdSubSp":null,"fhdOrig":"NonNative","fhdProd":"Natural","fhdComment":null,"fhdESH":"NA","fhdBasisD":null,"fhdNMF":"no","fhdBasisDt":null,"fhdBasisNm":null,"fhdBasisEnt":null,"fhdBasisPrj":null,"fhdBasisMethod":null,"fhdAccess":null,"fhdBarrierFtrID":null,"fhdEndExtent":null,"Shape__Length":2280.7000160815087,"habitatType":"stream"},"id":40},
{"type":"Feature","geometry":{"type":"LineString","coordinates":[[-122.927663,45.406718],[-122.920716,45.414771],[-122.907462,45.407362],[-122.903075,45.395072],[-122.890501,45.395979],[-122.875377,45.406495],[-122.859756,45.398267],[-122.857138,45.387759],[-122.842226,45.389252],[-122.838143,45.396294],[-122.8222,45.39592],[-122.814862,45.389535],[-122.791647,45.397299],[-122.780104,45.398762],[-122.774145,45.393566],[-122.763838,45.392789],[-122.762062,45.386845],[-122.750524,45.387603],[-122.734064,45.383542],[-122.710573,45.383566],[-122.697071,45.378913],[-122.695424,45.37178],[-122.68653,45.365734],[-122.677622,45.349156],[-122.663887,45.340475],[-122.648962,45.337683]]},"properties":{"OBJECTID":41,"fhdFtrID":41,"fhdRefID":53713,"fhdRevDt":"20190326","fhdONm":"Matthew Neilson","fhdOEnt":"USGS","fhdSpNm":"LMbass","fhdRun":"NA","fhdLifeHst":"FluvRes","fhdUseTy":"Unknown","fhdBasis":"UndocObsFish","fhdStNm":"Tualatin River","fhdGenus":"Micropterus","fhdSp":"salmoides","fhdSubSp":null,"fhdOrig":"NonNative","fhdProd":"Natural","fhdComment":null,"fhdESH":"NA","fhdBasisD":null,"fhdNMF":"no","fhdBasisDt":null,"fhdBasisNm":null,"fhdBasisEnt":null,"fhdBasisPrj":null,"fhdBasisMethod":null,"fhdAccess":null,"fhdBarrierFtrID":null,"fhdEndExtent":null,"Shape__Length":64956.62869975919,"habitatType":"stream"},"id":41},
{"type":"Feature","geometry":{"type":"LineString","coordinates":[[-122.79086,45.619485],[-122.803564,45.620027],[-122.820305,45.632661],[-122.824682,45.645023],[-122.842344,45.653872],[-122.867066,45.674944],[-122.865605,45.683421],[-122.868633,45.694267],[-122.866772,45.717257],[-122.855989,45.732498],[-122.839797,45.73782],[-122.839322,45.745178],[-122.825248,45.747463],[-122.818201,45.762044],[-122.819498,45.769677],[-122.800983,45.792502],[-122.800675,45.799953],[-122.823472,45.806247],[-122.825727,45.817988],[-122.817511,45.823476],[-122.811343,45.834669],[-122.802719,45.8421],[-122.795078,45.856126],[-122.784759,45.862843]]},"properties":{"OBJECTID":42,"fhdFtrID":42,"fhdRefID":53713,"fhdRevDt":"20190326","fhdONm":"Matthew Neilson","fhdOEnt":"USGS","fhdSpNm":"LMbass","fhdRun":"NA","fhdLifeHst":"FluvRes","fhdUseTy":"Unknown","fhdBasis":"UndocObsFish","fhdStNm":"Multnomah Channel","fhdGenus":"Micropterus","fhdSp":"salmoides","fhdSubSp":null,"fhdOrig":"NonNative","fhdProd":"Natural","fhdComment":null,"fhdESH":"NA","fhdBasisD":null,"fhdNMF":"no","fhdBasisDt":null,"fhdBasisNm":null,"fhdBasisEnt":null,"fhdBasisPrj":null,"fhdBasisMethod":null,"fhdAccess":null,"fhdBarrierFtrID":null,"fhdEndExtent":null,"Shape__Length":50487.869100071344,"habitatType":"stream"},"id":42},
{"type":"Feature","geometry":{"type":"LineString","coordinates":[[-122.842083,45.779825],[-122.823472,45.806247]]},"properties":{"OBJECTID":43,"fhdFtrID":43,"fhdRefID":53713,"fhdRevDt":"20190326","fhdONm":"Matthew Neilson","fhdOEnt":"USGS","fhdSpNm":"LMbass","fhdRun":"NA","fhdLifeHst":"FluvRes","fhdUseTy":"Unknown","fhdBasis":"UndocObsFish","fhdStNm":"Santosh Slough","fhdGenus":"Micropterus","fhdSp":"salmoides","fhdSubSp":null,"fhdOrig":"NonNative","fhdProd":"Natural","fhdComment":null,"fhdESH":"NA","fhdBasisD":null,"fhdNMF":"no","fhdBasisDt":null,"fhdBasisNm":null,"fhdBasisEnt":null,"fhdBasisPrj":null,"fhdBasisMethod":null,"fhdAccess":null,"fhdBarrierFtrID":null,"fhdEndExtent":null,"Shape__Length":5742.611379754318,"habitatType":"stream"},"id":43},
{"type":"Feature","geometry":{"type":"LineString","coordinates":[[-122.517131,45.560182],[-122.528759,45.561126],[-122.552756,45.566638],[-122.57016,45.568544],[-122.589428,45.57413],[-122.617837,45.578927],[-122.634725,45.578128],[-122.664794,45.586307],[-122.688396,45.589933],[-122.712704,45.596442],[-122.71949,45.600463],[-122.736609,45.604084],[-122.762724,45.615175],[-122.75938,45.632444],[-122.771544,45.645382]]},"properties":{"OBJECTID":44,"fhdFtrID":44,"fhdRefID":53713,"fhdRevDt":"20190326","fhdONm":"Matthew Neilson","fhdOEnt":"USGS","fhdSpNm":"LMbass","fhdRun":"NA","fhdLifeHst":"FluvRes","fhdUseTy":"Unknown","fhdBasis":"UndocObsFish","fhdStNm":"Columbia Slough","fhdGenus":"Micropterus","fhdSp":"salmoides","fhdSubSp":null,"fhdOrig":"NonNative","fhdProd":"Natural","fhdComment":null,"fhdESH":"NA","fhdBasisD":null,"fhdNMF":"no","fhdBasisDt":null,"fhdBasisNm":null,"fhdBasisEnt":null,"fhdBasisPrj":null,"fhdBasisMethod":null,"fhdAccess":null,"fhdBarrierFtrID":null,"fhdEndExtent":null,"Shape__Length":35810.95302905941,"habitatType":"stream"},"id":44},
{"type":"Feature","geometry":{"type":"LineString","coordinates":[[-122.857799,45.800513],[-122.851404,45.809626],[-122.835594,45.825806],[-122.818799,45.834685],[-122.811366,45.838762],[-122.802719,45.8421]]},"properties":{"OBJECTID":45,"fhdFtrID":45,"fhdRefID":53713,"fhdRevDt":"20190326","fhdONm":"Matthew Neilson","fhdOEnt":"USGS","fhdSpNm":"LMbass","fhdRun":"NA","fhdLifeHst":"FluvRes","fhdUseTy":"Unknown","fhdBasis":"UndocObsFish","fhdStNm":"Scappoose Bay","fhdGenus":"Micropterus","fhdSp":"salmoides","fhdSubSp":null,"fhdOrig":"NonNative","fhdProd":"Natural","fhdComment":null,"fhdESH":"NA","fhdBasisD":null,"fhdNMF":"no","fhdBasisDt":null,"fhdBasisNm":null,"fhdBasisEnt":null,"fhdBasisPrj":null,"fhdBasisMethod":null,"fhdAccess":null,"fhdBarrierFtrID":null,"fhdEndExtent":null,"Shape__Length":9716.10566985911,"habitatType":"stream"},"id":45},
{"type":"Feature","geometry":{"type":"LineString","coordinates":[[-122.800983,45.792502],[-122.79853,45.783262],[-122.806679,45.775022],[-122.80247,45.766034],[-122.808563,45.750457],[-122.804245,45.742432],[-122.804819,45.73109],[-122.792271,45.723095]]},"properties":{"OBJECTID":46,"fhdFtrID":46,"fhdRefID":53713,"fhdRevDt":"20190326","fhdONm":"Matthew Neilson","fhdOEnt":"USGS","fhdSpNm":"LMbass","fhdRun":"NA","fhdLifeHst":"FluvRes","fhdUseTy":"Unknown","fhdBasis":"UndocObsFish","fhdStNm":null,"fhdGenus":"Micropterus","fhdSp":"salmoides","fhdSubSp":null,"fhdOrig":"NonNative","fhdProd":"Natural","fhdComment":null,"fhdESH":"NA","fhdBasisD":null,"fhdNMF":"no","fhdBasisDt":null,"fhdBasisNm":null,"fhdBasisEnt":null,"fhdBasisPrj":null,"fhdBasisMethod":null,"fhdAccess":null,"fhdBarrierFtrID":null,"fhdEndExtent":null,"Shape__Length":14265.673521131184,"habitatType":"stream"},"id":46},
{"type":"Feature","geometry":{"type":"LineString","coordinates":[[-123.448947,45.08698],[-123.443075,45.091702],[-123.429071,45.095185],[-123.418752,45.091713],[-123.403779,45.098599],[-123.386463,45.097687],[-123.365727,45.092597],[-123.352647,45.092098],[-123.345647,45.088285],[-123.333778,45.092533],[-123.318744,45.090281],[-123.314591,45.083757],[-123.297659,45.089797],[-123.289524,45.086794],[-123.278673,45.089467],[-123.272304,45.10675],[-123.259173,45.11055],[-123.266764,45.119094],[-123.255991,45.132432],[-123.263448,45.144675],[-123.233632,45.160079],[-123.220259,45.162015],[-123.212834,45.169703],[-123.197303,45.161389],[-123.184608,45.174283],[-123.175558,45.179025],[-123.155754,45.18148],[-123.174375,45.192765],[-123.184635,45.193319],[-123.187547,45.205964],[-123.172273,45.203982],[-123.173456,45.212917],[-123.164603,45.215603],[-123.162055,45.206176],[-123.148408,45.210229],[-123.142372,45.218975],[-123.144634,45.225827]]},"properties":{"OBJECTID":47,"fhdFtrID":47,"fhdRefID":53713,"fhdRevDt":"20190326","fhdONm":"Matthew Neilson","fhdOEnt":"USGS","fhdSpNm":"LMbass","fhdRun":"NA","fhdLifeHst":"FluvRes","fhdUseTy":"Unknown","fhdBasis":"UndocObsFish","fhdStNm":"South Yamhill River","fhdGenus":"Micropterus","fhdSp":"salmoides","fhdSubSp":null,"fhdOrig":"NonNative","fhdProd":"Natural","fhdComment":null,"fhdESH":"NA","fhdBasisD":null,"fhdNMF":"no","fhdBasisDt":null,"fhdBasisNm":null,"fhdBasisEnt":null,"fhdBasisPrj":null,"fhdBasisMethod":null,"fhdAccess":null,"fhdBarrierFtrID":null,"fhdEndExtent":null,"Shape__Length":95770.95365207964,"habitatType":"stream"},"id":47},
{"type":"Feature","geometry":{"type":"LineString","coordinates":[[-123.338189,44.066386],[-123.332549,44.080823],[-123.31199,44.09659],[-123.301893,44.110759],[-123.300037,44.124431],[-123.303503,44.135395],[-123.290494,44.152265],[-123.293609,44.159151],[-123.288981,44.169185],[-123.277438,44.172462],[-123.274089,44.186216],[-123.286002,44.202072],[-123.274404,44.206736],[-123.267154,44.2172],[-123.264802,44.226842],[-123.266771,44.260351],[-123.269877,44.264702],[-123.283064,44.267086],[-123.287347,44.286249],[-123.27614,44.295467],[-123.281589,44.302497],[-123.290736,44.306615],[-123.296446,44.315171],[-123.292623,44.323032],[-123.295998,44.345855],[-123.284697,44.366106]]},"properties":{"OBJECTID":48,"fhdFtrID":48,"fhdRefID":53713,"fhdRevDt":"20190326","fhdONm":"Matthew Neilson","fhdOEnt":"USGS","fhdSpNm":"LMbass","fhdRun":"NA","fhdLifeHst":"FluvRes","fhdUseTy":"Unknown","fhdBasis":"UndocObsFish","fhdStNm":"Long Tom River","fhdGenus":"Micropterus","fhdSp":"salmoides","fhdSubSp":null,"fhdOrig":"NonNative","fhdProd":"Natural","fhdComment":null,"fhdESH":"NA","fhdBasisD":null,"fhdNMF":"no","fhdBasisDt":null,"fhdBasisNm":null,"fhdBasisEnt":null,"fhdBasisPrj":null,"fhdBasisMethod":null,"fhdAccess":null,"fhdBarrierFtrID":null,"fhdEndExtent":null,"Shape__Length":56927.493912094986,"habitatType":"stream"},"id":48},
{"type":"Feature","geometry":{"type":"LineString","coordinates":[[-123.006698,44.686965],[-123.018662,44.69885],[-123.013974,44.71867],[-123.023791,44.725556],[-123.034278,44.720691],[-123.042004,44.725171],[-123.039476,44.734033],[-123.047251,44.738623],[-123.060671,44.738146],[-123.061656,44.748255],[-123.074801,44.743979],[-123.105313,44.749141],[-123.108096,44.755863],[-123.117616,44.759203],[-123.122072,44.751312],[-123.143759,44.750633]]},"properties":{"OBJECTID":49,"fhdFtrID":49,"fhdRefID":53713,"fhdRevDt":"20190326","fhdONm":"Matthew Neilson","fhdOEnt":"USGS","fhdSpNm":"LMbass","fhdRun":"NA","fhdLifeHst":"FluvRes","fhdUseTy":"Unknown","fhdBasis":"UndocObsFish","fhdStNm":"Santiam River","fhdGenus":"Micropterus","fhdSp":"salmoides","fhdSubSp":null,"fhdOrig":"NonNative","fhdProd":"Natural","fhdComment":null,"fhdESH":"NA","fhdBasisD":null,"fhdNMF":"no","fhdBasisDt":null,"fhdBasisNm":null,"fhdBasisEnt":null,"fhdBasisPrj":null,"fhdBasisMethod":null,"fhdAccess":null,"fhdBarrierFtrID":null,"fhdEndExtent":null,"Shape__Length":27617.815290757942,"habitatType":"stream"},"id":49},
{"type":"Feature","geometry":{"type":"LineString","coordinates":[[-119.041484,46.192627],[-119.017379,46.178585],[-119.007811,46.168373],[-119.000709,46.154255],[-118.987826,46.142738],[-118.973319,46.125663],[-118.943183,46.078056],[-118.941912,46.065396],[-118.94822,46.047662],[-118.941507,46.02604],[-118.964961,46.018045],[-118.969688,46.010129],[-118.981307,45.999863],[-118.989613,45.997467],[-119.003536,45.984783],[-119.027561,45.967102],[-119.065873,45.955852],[-119.117395,45.929708],[-119.171085,45.927263],[-119.192354,45.927056],[-119.21316,45.929427],[-119.256657,45.93833],[-119.312777,45.935853],[-119.339687,45.92696],[-119.359354,45.922297],[-119.38242,45.920929],[-119.414655,45.917166],[-119.423833,45.919082],[-119.448954,45.918704],[-119.50346,45.903686],[-119.521534,45.905487],[-119.542562,45.91153],[-119.5606,45.920981],[-119.57447,45.925362],[-119.604114,45.918555],[-119.626148,45.901073],[-119.656999,45.865399],[-119.667151,45.857444],[-119.686866,45.855904],[-119.713514,45.84899],[-119.741325,45.850301],[-119.801535,45.849875],[-119.859042,45.838754],[-119.900785,45.82676],[-119.943076,45.826162],[-119.96658,45.821798],[-119.98297,45.821315],[-120.014853,45.805883],[-120.034332,45.798592],[-120.050459,45.790157],[-120.093674,45.781578],[-120.114864,45.778949],[-120.134624,45.774344],[-120.141926,45.775976],[-120.163306,45.770822],[-120.169296,45.762532],[-120.182702,45.753447],[-120.19204,45.736383],[-120.209453,45.725288],[-120.265076,45.719701],[-120.284906,45.72041],[-120.305506,45.714963],[-120.342054,45.708056],[-120.375543,45.703262],[-120.382989,45.700268],[-120.464588,45.695591],[-120.48999,45.693148],[-120.52913,45.714157],[-120.544478,45.724373],[-120.547984,45.731844],[-120.578223,45.742534],[-120.601443,45.746308],[-120.630619,45.74479],[-120.643586,45.7419],[-120.682404,45.719181],[-120.692264,45.714966],[-120.728638,45.705327],[-120.788587,45.686433],[-120.855428,45.671738],[-120.895843,45.64293],[-120.917443,45.638727],[-120.936073,45.655061],[-120.949103,45.657374],[-120.981279,45.648821],[-121.040595,45.657996],[-121.077303,45.650298],[-121.101177,45.637565],[-121.138664,45.610004],[-121.148208,45.606689],[-121.175024,45.604236],[-121.185927,45.608307],[-121.195709,45.616758],[-121.194266,45.629333],[-121.197535,45.649862],[-121.212504,45.670564],[-121.256937,45.681629],[-121.285892,45.687297],[-121.302196,45.69672],[-121.338104,45.704131],[-121.371876,45.703514],[-121.397446,45.69139],[-121.45918,45.700976],[-121.485157,45.712859],[-121.506707,45.720385],[-121.53748,45.722246],[-121.564467,45.716585],[-121.614102,45.710191],[-121.64433,45.705086],[-121.680651,45.702455],[-121.690417,45.695543],[-121.730719,45.694612],[-121.780321,45.700184],[-121.811169,45.707164],[-121.867093,45.693878],[-121.885254,45.685582],[-121.899249,45.674303],[-121.90058,45.664065],[-121.908936,45.654277],[-121.930854,45.644835],[-121.951732,45.644775],[-121.965735,45.631364],[-121.999213,45.618678],[-122.021202,45.615575],[-122.039647,45.610857],[-122.070674,45.597758],[-122.111359,45.583966],[-122.143035,45.581717],[-122.166119,45.575392],[-122.177692,45.568377],[-122.212954,45.558355],[-122.22707,45.556137],[-122.261442,45.547741],[-122.284731,45.545189],[-122.308185,45.544421],[-122.331355,45.550851],[-122.350567,45.567892],[-122.368502,45.57293],[-122.396725,45.571286],[-122.439803,45.564186],[-122.453544,45.567614],[-122.480217,45.582148],[-122.5241,45.586181],[-122.546736,45.59631],[-122.639221,45.60954],[-122.688481,45.625787],[-122.713902,45.637834],[-122.747638,45.646683],[-122.764025,45.657479],[-122.775693,45.679097],[-122.776235,45.688644],[-122.759695,45.734233],[-122.760424,45.759334],[-122.769869,45.781658],[-122.795149,45.810339],[-122.795121,45.825142],[-122.784484,45.846061],[-122.784759,45.862843],[-122.784647,45.868495],[-122.801573,45.889097],[-122.808186,45.901922],[-122.806838,45.915978],[-122.804741,45.929044],[-122.806207,45.94832],[-122.8142,45.961365],[-122.837341,45.980861],[-122.855144,46.013626],[-122.876729,46.031116],[-122.884718,46.064014],[-122.892909,46.075969],[-122.904614,46.084526],[-122.961884,46.105518],[-122.988977,46.119469],[-123.005041,46.13509],[-123.034471,46.144316],[-123.056928,46.156777],[-123.074266,46.161343],[-123.120139,46.18676],[-123.166871,46.189428],[-123.231714,46.167164],[-123.242439,46.16203],[-123.264736,46.151461],[-123.313644,46.14302],[-123.384162,46.150013],[-123.390127,46.150622],[-123.427959,46.180166],[-123.429188,46.19116],[-123.423994,46.214222]]},"properties":{"OBJECTID":50,"fhdFtrID":50,"fhdRefID":53713,"fhdRevDt":"20190326","fhdONm":"Matthew Neilson","fhdOEnt":"USGS","fhdSpNm":"LMbass","fhdRun":"NA","fhdLifeHst":"FluvRes","fhdUseTy":"Unknown","fhdBasis":"UndocObsFish","fhdStNm":"Columbia River","fhdGenus":"Micropterus","fhdSp":"salmoides","fhdSubSp":null,"fhdOrig":"NonNative","fhdProd":"Natural","fhdComment":null,"fhdESH":"NA","fhdBasisD":null,"fhdNMF":"no","fhdBasisDt":null,"fhdBasisNm":null,"fhdBasisEnt":null,"fhdBasisPrj":null,"fhdBasisMethod":null,"fhdAccess":null,"fhdBarrierFtrID":null,"fhdEndExtent":null,"Shape__Length":664365.3702153758,"habitatType":"stream"},"id":50},
{"type":"Feature","geometry":{"type":"LineString","coordinates":[[-122.261442,45.547741],[-122.249077,45.543019]]},"properties":{"OBJECTID":51,"fhdFtrID":51,"fhdRefID":53713,"fhdRevDt":"20190326","fhdONm":"Matthew Neilson","fhdOEnt":"USGS","fhdSpNm":"LMbass","fhdRun":"NA","fhdLifeHst":"FluvRes","fhdUseTy":"Unknown","fhdBasis":"UndocObsFish","fhdStNm":"Rooster Rock Slough","fhdGenus":"Micropterus","fhdSp":"salmoides","fhdSubSp":null,"fhdOrig":"NonNative","fhdProd":"Natural","fhdComment":null,"fhdESH":"NA","fhdBasisD":null,"fhdNMF":"no","fhdBasisDt":null,"fhdBasisNm":null,"fhdBasisEnt":null,"fhdBasisPrj":null,"fhdBasisMethod":null,"fhdAccess":null,"fhdBarrierFtrID":null,"fhdEndExtent":null,"Shape__Length":2214.532759759078,"habitatType":"stream"},"id":51},
{"type":"Feature","geometry":{"type":"LineString","coordinates":[[-123.519411,46.234236],[-123.526447,46.231174],[-123.517227,46.223682],[-123.526182,46.21207],[-123.521883,46.201107],[-123.534123,46.199646],[-123.551307,46.202952],[-123.579231,46.20271],[-123.587274,46.201101]]},"properties":{"OBJECTID":52,"fhdFtrID":52,"fhdRefID":53713,"fhdRevDt":"20190326","fhdONm":"Matthew Neilson","fhdOEnt":"USGS","fhdSpNm":"LMbass","fhdRun":"NA","fhdLifeHst":"FluvRes","fhdUseTy":"Unknown","fhdBasis":"UndocObsFish","fhdStNm":"Blind Slough","fhdGenus":"Micropterus","fhdSp":"salmoides","fhdSubSp":null,"fhdOrig":"NonNative","fhdProd":"Natural","fhdComment":null,"fhdESH":"NA","fhdBasisD":null,"fhdNMF":"no","fhdBasisDt":null,"fhdBasisNm":null,"fhdBasisEnt":null,"fhdBasisPrj":null,"fhdBasisMethod":null,"fhdAccess":null,"fhdBarrierFtrID":null,"fhdEndExtent":null,"Shape__Length":19299.007067997292,"habitatType":"stream"},"id":52},
{"type":"Feature","geometry":{"type":"LineString","coordinates":[[-123.244446,46.125006],[-123.271911,46.116397],[-123.279765,46.118538],[-123.287743,46.129508],[-123.294234,46.123443],[-123.305711,46.127274],[-123.314783,46.124847],[-123.324672,46.115963],[-123.333549,46.118359],[-123.33795,46.125579],[-123.350177,46.121936],[-123.360299,46.125523],[-123.364143,46.136453],[-123.379997,46.137926],[-123.384162,46.150013]]},"properties":{"OBJECTID":53,"fhdFtrID":53,"fhdRefID":53713,"fhdRevDt":"20190326","fhdONm":"Matthew Neilson","fhdOEnt":"USGS","fhdSpNm":"LMbass","fhdRun":"NA","fhdLifeHst":"FluvRes","fhdUseTy":"Unknown","fhdBasis":"UndocObsFish","fhdStNm":"Westport Slough","fhdGenus":"Micropterus","fhdSp":"salmoides","fhdSubSp":null,"fhdOrig":"NonNative","fhdProd":"Natural","fhdComment":null,"fhdESH":"NA","fhdBasisD":null,"fhdNMF":"no","fhdBasisDt":null,"fhdBasisNm":null,"fhdBasisEnt":null,"fhdBasisPrj":null,"fhdBasisMethod":null,"fhdAccess":null,"fhdBarrierFtrID":null,"fhdEndExtent":null,"Shape__Length":23918.968129116372,"habitatType":"stream"},"id":53},
{"type":"Feature","geometry":{"type":"LineString","coordinates":[[-123.177739,46.131168],[-123.194468,46.129261],[-123.216163,46.135729],[-123.213229,46.12535],[-123.220736,46.121306]]},"properties":{"OBJECTID":54,"fhdFtrID":54,"fhdRefID":53713,"fhdRevDt":"20190326","fhdONm":"Matthew Neilson","fhdOEnt":"USGS","fhdSpNm":"LMbass","fhdRun":"NA","fhdLifeHst":"FluvRes","fhdUseTy":"Unknown","fhdBasis":"UndocObsFish","fhdStNm":"Beaver Slough","fhdGenus":"Micropterus","fhdSp":"salmoides","fhdSubSp":null,"fhdOrig":"NonNative","fhdProd":"Natural","fhdComment":null,"fhdESH":"NA","fhdBasisD":null,"fhdNMF":"no","fhdBasisDt":null,"fhdBasisNm":null,"fhdBasisEnt":null,"fhdBasisPrj":null,"fhdBasisMethod":null,"fhdAccess":null,"fhdBarrierFtrID":null,"fhdEndExtent":null,"Shape__Length":10024.874227662565,"habitatType":"stream"},"id":54},
{"type":"Feature","geometry":{"type":"LineString","coordinates":[[-123.190028,46.098776],[-123.198728,46.100418],[-123.224281,46.122763],[-123.221597,46.126449],[-123.230855,46.139379],[-123.230229,46.150027],[-123.242439,46.16203]]},"properties":{"OBJECTID":55,"fhdFtrID":55,"fhdRefID":53713,"fhdRevDt":"20190326","fhdONm":"Matthew Neilson","fhdOEnt":"USGS","fhdSpNm":"LMbass","fhdRun":"NA","fhdLifeHst":"FluvRes","fhdUseTy":"Unknown","fhdBasis":"UndocObsFish","fhdStNm":"Clatskanie River","fhdGenus":"Micropterus","fhdSp":"salmoides","fhdSubSp":null,"fhdOrig":"NonNative","fhdProd":"Natural","fhdComment":null,"fhdESH":"NA","fhdBasisD":null,"fhdNMF":"no","fhdBasisDt":null,"fhdBasisNm":null,"fhdBasisEnt":null,"fhdBasisPrj":null,"fhdBasisMethod":null,"fhdAccess":null,"fhdBarrierFtrID":null,"fhdEndExtent":null,"Shape__Length":14705.633175774918,"habitatType":"stream"},"id":55},
{"type":"Feature","geometry":{"type":"LineString","coordinates":[[-123.167957,46.138178],[-123.15994,46.15456],[-123.148147,46.159471]]},"properties":{"OBJECTID":56,"fhdFtrID":56,"fhdRefID":53713,"fhdRevDt":"20190326","fhdONm":"Matthew Neilson","fhdOEnt":"USGS","fhdSpNm":"LMbass","fhdRun":"NA","fhdLifeHst":"FluvRes","fhdUseTy":"Unknown","fhdBasis":"UndocObsFish","fhdStNm":"Dobbins Slugh","fhdGenus":"Micropterus","fhdSp":"salmoides","fhdSubSp":null,"fhdOrig":"NonNative","fhdProd":"Natural","fhdComment":null,"fhdESH":"NA","fhdBasisD":null,"fhdNMF":"no","fhdBasisDt":null,"fhdBasisNm":null,"fhdBasisEnt":null,"fhdBasisPrj":null,"fhdBasisMethod":null,"fhdAccess":null,"fhdBarrierFtrID":null,"fhdEndExtent":null,"Shape__Length":6840.907035053447,"habitatType":"stream"},"id":56},
{"type":"Feature","geometry":{"type":"LineString","coordinates":[[-123.169401,46.164069],[-123.176597,46.152889],[-123.191256,46.143577],[-123.190989,46.133992]]},"properties":{"OBJECTID":57,"fhdFtrID":57,"fhdRefID":53713,"fhdRevDt":"20190326","fhdONm":"Matthew Neilson","fhdOEnt":"USGS","fhdSpNm":"LMbass","fhdRun":"NA","fhdLifeHst":"FluvRes","fhdUseTy":"Unknown","fhdBasis":"UndocObsFish","fhdStNm":"McLean Slough","fhdGenus":"Micropterus","fhdSp":"salmoides","fhdSubSp":null,"fhdOrig":"NonNative","fhdProd":"Natural","fhdComment":null,"fhdESH":"NA","fhdBasisD":null,"fhdNMF":"no","fhdBasisDt":null,"fhdBasisNm":null,"fhdBasisEnt":null,"fhdBasisPrj":null,"fhdBasisMethod":null,"fhdAccess":null,"fhdBarrierFtrID":null,"fhdEndExtent":null,"Shape__Length":13590.669753051785,"habitatType":"stream"},"id":57},
{"type":"Feature","geometry":{"type":"LineString","coordinates":[[-122.964138,46.095334],[-122.994822,46.102371],[-123.009379,46.108473],[-123.034646,46.123931]]},"properties":{"OBJECTID":58,"fhdFtrID":58,"fhdRefID":53713,"fhdRevDt":"20190326","fhdONm":"Matthew Neilson","fhdOEnt":"USGS","fhdSpNm":"LMbass","fhdRun":"NA","fhdLifeHst":"FluvRes","fhdUseTy":"Unknown","fhdBasis":"UndocObsFish","fhdStNm":"Rinearson Slough","fhdGenus":"Micropterus","fhdSp":"salmoides","fhdSubSp":null,"fhdOrig":"NonNative","fhdProd":"Natural","fhdComment":null,"fhdESH":"NA","fhdBasisD":null,"fhdNMF":"no","fhdBasisDt":null,"fhdBasisNm":null,"fhdBasisEnt":null,"fhdBasisPrj":null,"fhdBasisMethod":null,"fhdAccess":null,"fhdBarrierFtrID":null,"fhdEndExtent":null,"Shape__Length":13027.678052627716,"habitatType":"stream"},"id":58},
{"type":"Feature","geometry":{"type":"LineString","coordinates":[[-122.806838,45.915978],[-122.817383,45.914025],[-122.828177,45.918931],[-122.838357,45.930422],[-122.846496,45.945782],[-122.858912,45.94573]]},"properties":{"OBJECTID":59,"fhdFtrID":59,"fhdRefID":53713,"fhdRevDt":"20190326","fhdONm":"Matthew Neilson","fhdOEnt":"USGS","fhdSpNm":"LMbass","fhdRun":"NA","fhdLifeHst":"FluvRes","fhdUseTy":"Unknown","fhdBasis":"UndocObsFish","fhdStNm":null,"fhdGenus":"Micropterus","fhdSp":"salmoides","fhdSubSp":null,"fhdOrig":"NonNative","fhdProd":"Natural","fhdComment":null,"fhdESH":"NA","fhdBasisD":null,"fhdNMF":"no","fhdBasisDt":null,"fhdBasisNm":null,"fhdBasisEnt":null,"fhdBasisPrj":null,"fhdBasisMethod":null,"fhdAccess":null,"fhdBarrierFtrID":null,"fhdEndExtent":null,"Shape__Length":9007.752940493014,"habitatType":"stream"},"id":59},
{"type":"Feature","geometry":{"type":"LineString","coordinates":[[-122.866667,45.996848],[-122.863648,45.987249],[-122.856249,45.984638],[-122.854707,45.966599],[-122.847312,45.947332]]},"properties":{"OBJECTID":60,"fhdFtrID":60,"fhdRefID":53713,"fhdRevDt":"20190326","fhdONm":"Matthew Neilson","fhdOEnt":"USGS","fhdSpNm":"LMbass","fhdRun":"NA","fhdLifeHst":"FluvRes","fhdUseTy":"Unknown","fhdBasis":"UndocObsFish","fhdStNm":null,"fhdGenus":"Micropterus","fhdSp":"salmoides","fhdSubSp":null,"fhdOrig":"NonNative","fhdProd":"Natural","fhdComment":null,"fhdESH":"NA","fhdBasisD":null,"fhdNMF":"no","fhdBasisDt":null,"fhdBasisNm":null,"fhdBasisEnt":null,"fhdBasisPrj":null,"fhdBasisMethod":null,"fhdAccess":null,"fhdBarrierFtrID":null,"fhdEndExtent":null,"Shape__Length":8941.342364335522,"habitatType":"stream"},"id":60},
{"type":"Feature","geometry":{"type":"LineString","coordinates":[[-123.538907,46.208733],[-123.542148,46.204701],[-123.560338,46.209914],[-123.566788,46.203254]]},"properties":{"OBJECTID":61,"fhdFtrID":61,"fhdRefID":53713,"fhdRevDt":"20190326","fhdONm":"Matthew Neilson","fhdOEnt":"USGS","fhdSpNm":"LMbass","fhdRun":"NA","fhdLifeHst":"FluvRes","fhdUseTy":"Unknown","fhdBasis":"UndocObsFish","fhdStNm":"Grizzly Slough","fhdGenus":"Micropterus","fhdSp":"salmoides","fhdSubSp":null,"fhdOrig":"NonNative","fhdProd":"Natural","fhdComment":null,"fhdESH":"NA","fhdBasisD":null,"fhdNMF":"no","fhdBasisDt":null,"fhdBasisNm":null,"fhdBasisEnt":null,"fhdBasisPrj":null,"fhdBasisMethod":null,"fhdAccess":null,"fhdBarrierFtrID":null,"fhdEndExtent":null,"Shape__Length":6250.460179904216,"habitatType":"stream"},"id":61},
{"type":"Feature","geometry":{"type":"LineString","coordinates":[[-119.536588,43.556834],[-119.536574,43.554162],[-119.501267,43.550517],[-119.485017,43.540268],[-119.461226,43.512779],[-119.449322,43.509429],[-119.442527,43.496797],[-119.440264,43.481721],[-119.432775,43.472339],[-119.436526,43.465229],[-119.428376,43.460664],[-119.427879,43.437509],[-119.423483,43.426741],[-119.41323,43.415882],[-119.400728,43.40707],[-119.390163,43.405995],[-119.37349,43.400291],[-119.366178,43.388821],[-119.352039,43.384975],[-119.346504,43.376121],[-119.348035,43.361762]]},"properties":{"OBJECTID":62,"fhdFtrID":62,"fhdRefID":53585,"fhdRevDt":"20190325","fhdONm":"Wayne Wood","fhdOEnt":"OSU","fhdSpNm":"LMbass","fhdRun":"NA","fhdLifeHst":"FluvRes","fhdUseTy":"Unknown","fhdBasis":"DocObsFish","fhdStNm":"Silver Creek","fhdGenus":"Micropterus","fhdSp":"salmoides","fhdSubSp":null,"fhdOrig":"NonNative","fhdProd":"Natural","fhdComment":null,"fhdESH":"NA","fhdBasisD":null,"fhdNMF":"no","fhdBasisDt":"19770000","fhdBasisNm":null,"fhdBasisEnt":null,"fhdBasisPrj":null,"fhdBasisMethod":null,"fhdAccess":null,"fhdBarrierFtrID":null,"fhdEndExtent":null,"Shape__Length":49556.87421721403,"habitatType":"stream"},"id":62},
{"type":"Feature","geometry":{"type":"LineString","coordinates":[[-121.173886,41.989642],[-121.208355,41.99685],[-121.221491,42.002062],[-121.233078,42.015123],[-121.232101,42.049352],[-121.232607,42.078081],[-121.241997,42.091107],[-121.259394,42.109714],[-121.272072,42.113625],[-121.276559,42.121447],[-121.288163,42.124489],[-121.294244,42.134571],[-121.308942,42.137626],[-121.324854,42.14451],[-121.325283,42.152333],[-121.317714,42.167825],[-121.32513,42.179029],[-121.335673,42.184228],[-121.349172,42.186659],[-121.355707,42.194507],[-121.379418,42.195987],[-121.391942,42.201964],[-121.404749,42.192462],[-121.411187,42.194784],[-121.423214,42.188394],[-121.438228,42.188032],[-121.446628,42.18077],[-121.448541,42.171844],[-121.455927,42.167846],[-121.454816,42.159509],[-121.475226,42.152879],[-121.495388,42.149363],[-121.510828,42.152086],[-121.530598,42.163594],[-121.535552,42.169268],[-121.560914,42.169163],[-121.568667,42.166376],[-121.59355,42.179261],[-121.616844,42.174091],[-121.632478,42.164381],[-121.659677,42.158429],[-121.671645,42.142585],[-121.687865,42.136525],[-121.692044,42.127125],[-121.686785,42.12175],[-121.694106,42.112679],[-121.68462,42.108654],[-121.68649,42.102741],[-121.672812,42.102257],[-121.66786,42.085622],[-121.65357,42.076957],[-121.643996,42.067576],[-121.64477,42.063015],[-121.623993,42.051577],[-121.620348,42.044095],[-121.61889,42.025511],[-121.606845,42.021457],[-121.596531,42.023317],[-121.584363,42.019164],[-121.582135,42.012927]]},"properties":{"OBJECTID":63,"fhdFtrID":63,"fhdRefID":53713,"fhdRevDt":"20190326","fhdONm":"Matthew Neilson","fhdOEnt":"USGS","fhdSpNm":"LMbass","fhdRun":"NA","fhdLifeHst":"FluvRes","fhdUseTy":"Unknown","fhdBasis":"UndocObsFish","fhdStNm":"Lost River","fhdGenus":"Micropterus","fhdSp":"salmoides","fhdSubSp":null,"fhdOrig":"NonNative","fhdProd":"Natural","fhdComment":null,"fhdESH":"NA","fhdBasisD":null,"fhdNMF":"no","fhdBasisDt":null,"fhdBasisNm":null,"fhdBasisEnt":null,"fhdBasisPrj":null,"fhdBasisMethod":null,"fhdAccess":null,"fhdBarrierFtrID":null,"fhdEndExtent":null,"Shape__Length":128367.92794210555,"habitatType":"stream"},"id":63},
{"type":"Feature","geometry":{"type":"LineString","coordinates":[[-121.692566,42.590433],[-121.683485,42.59331],[-121.679743,42.603795],[-121.69356,42.608703],[-121.715467,42.606443],[-121.722187,42.611178],[-121.733018,42.598992],[-121.74156,42.593408],[-121.757738,42.594026],[-121.764524,42.600061],[-121.766114,42.61365],[-121.775812,42.610439],[-121.780018,42.599732],[-121.798562,42.608587],[-121.809631,42.606784],[-121.818866,42.595168],[-121.851977,42.580163],[-121.840523,42.563536],[-121.84814,42.54938],[-121.856301,42.55101],[-121.864247,42.566629],[-121.873558,42.571696]]},"properties":{"OBJECTID":64,"fhdFtrID":64,"fhdRefID":53713,"fhdRevDt":"20190326","fhdONm":"Matthew Neilson","fhdOEnt":"USGS","fhdSpNm":"LMbass","fhdRun":"NA","fhdLifeHst":"FluvRes","fhdUseTy":"Unknown","fhdBasis":"UndocObsFish","fhdStNm":"Sprague River","fhdGenus":"Micropterus","fhdSp":"salmoides","fhdSubSp":null,"fhdOrig":"NonNative","fhdProd":"Natural","fhdComment":null,"fhdESH":"NA","fhdBasisD":null,"fhdNMF":"no","fhdBasisDt":null,"fhdBasisNm":null,"fhdBasisEnt":null,"fhdBasisPrj":null,"fhdBasisMethod":null,"fhdAccess":null,"fhdBarrierFtrID":null,"fhdEndExtent":null,"Shape__Length":51008.94256096845,"habitatType":"stream"},"id":64},
{"type":"Feature","geometry":{"type":"LineString","coordinates":[[-121.670751,42.559199],[-121.67914,42.56106]]},"properties":{"OBJECTID":65,"fhdFtrID":65,"fhdRefID":53585,"fhdRevDt":"20190325","fhdONm":"Wayne Wood","fhdOEnt":"OSU","fhdSpNm":"LMbass","fhdRun":"NA","fhdLifeHst":"FluvRes","fhdUseTy":"Unknown","fhdBasis":"DocObsFish","fhdStNm":"Sprague River","fhdGenus":"Micropterus","fhdSp":"salmoides","fhdSubSp":null,"fhdOrig":"NonNative","fhdProd":"Natural","fhdComment":null,"fhdESH":"NA","fhdBasisD":null,"fhdNMF":"no","fhdBasisDt":null,"fhdBasisNm":null,"fhdBasisEnt":null,"fhdBasisPrj":null,"fhdBasisMethod":null,"fhdAccess":null,"fhdBarrierFtrID":null,"fhdEndExtent":null,"Shape__Length":1508.0050508631614,"habitatType":"stream"},"id":65},
{"type":"Feature","geometry":{"type":"LineString","coordinates":[[-121.67914,42.56106],[-121.679593,42.585809],[-121.692566,42.590433]]},"properties":{"OBJECTID":66,"fhdFtrID":65,"fhdRefID":53585,"fhdRevDt":"20190325","fhdONm":"Wayne Wood","fhdOEnt":"OSU","fhdSpNm":"LMbass","fhdRun":"NA","fhdLifeHst":"FluvRes","fhdUseTy":"Unknown","fhdBasis":"DocObsFish","fhdStNm":"Sprague River","fhdGenus":"Micropterus","fhdSp":"salmoides","fhdSubSp":null,"fhdOrig":"NonNative","fhdProd":"Natural","fhdComment":null,"fhdESH":"NA","fhdBasisD":null,"fhdNMF":"no","fhdBasisDt":"20020000","fhdBasisNm":null,"fhdBasisEnt":null,"fhdBasisPrj":null,"fhdBasisMethod":null,"fhdAccess":null,"fhdBarrierFtrID":null,"fhdEndExtent":null,"Shape__Length":13358.075992113116,"habitatType":"stream"},"id":66},
{"type":"Feature","geometry":{"type":"LineString","coordinates":[[-121.565882,42.474016],[-121.579623,42.485876],[-121.58123,42.497739],[-121.597419,42.499315],[-121.615399,42.506977],[-121.605286,42.530774],[-121.606973,42.542501],[-121.631023,42.555183],[-121.640024,42.551521],[-121.644595,42.558118],[-121.670751,42.559199]]},"properties":{"OBJECTID":67,"fhdFtrID":66,"fhdRefID":53713,"fhdRevDt":"20190326","fhdONm":"Matthew Neilson","fhdOEnt":"USGS","fhdSpNm":"LMbass","fhdRun":"NA","fhdLifeHst":"FluvRes","fhdUseTy":"Unknown","fhdBasis":"UndocObsFish","fhdStNm":"Sprague River","fhdGenus":"Micropterus","fhdSp":"salmoides","fhdSubSp":null,"fhdOrig":"NonNative","fhdProd":"Natural","fhdComment":null,"fhdESH":"NA","fhdBasisD":null,"fhdNMF":"no","fhdBasisDt":null,"fhdBasisNm":null,"fhdBasisEnt":null,"fhdBasisPrj":null,"fhdBasisMethod":null,"fhdAccess":null,"fhdBarrierFtrID":null,"fhdEndExtent":null,"Shape__Length":26777.99714692295,"habitatType":"stream"},"id":67},
{"type":"Feature","geometry":{"type":"LineString","coordinates":[[-120.409669,42.60119],[-120.401948,42.589651],[-120.386658,42.582469],[-120.367751,42.579343],[-120.324086,42.562055],[-120.319813,42.55197],[-120.294283,42.540979],[-120.282016,42.530968],[-120.275974,42.530937],[-120.271,42.517431],[-120.255386,42.511075],[-120.249759,42.522298]]},"properties":{"OBJECTID":68,"fhdFtrID":67,"fhdRefID":53713,"fhdRevDt":"20190326","fhdONm":"Matthew Neilson","fhdOEnt":"USGS","fhdSpNm":"LMbass","fhdRun":"NA","fhdLifeHst":"FluvRes","fhdUseTy":"Unknown","fhdBasis":"UndocObsFish","fhdStNm":"Chewaucan River","fhdGenus":"Micropterus","fhdSp":"salmoides","fhdSubSp":null,"fhdOrig":"NonNative","fhdProd":"Natural","fhdComment":null,"fhdESH":"NA","fhdBasisD":null,"fhdNMF":"no","fhdBasisDt":null,"fhdBasisNm":null,"fhdBasisEnt":null,"fhdBasisPrj":null,"fhdBasisMethod":null,"fhdAccess":null,"fhdBarrierFtrID":null,"fhdEndExtent":null,"Shape__Length":32895.14591080404,"habitatType":"stream"},"id":68},
{"type":"Feature","geometry":{"type":"LineString","coordinates":[[-117.943191,45.350318],[-117.937588,45.342362],[-117.924456,45.335344],[-117.917823,45.325675],[-117.908027,45.318298],[-117.891853,45.314457],[-117.882496,45.307622],[-117.867306,45.318695],[-117.86263,45.325886],[-117.846217,45.337997],[-117.845834,45.362744],[-117.856985,45.36798],[-117.87158,45.367655],[-117.884821,45.374467],[-117.885751,45.385125],[-117.904407,45.386871],[-117.90987,45.392793],[-117.900857,45.397537],[-117.906491,45.404381],[-117.916252,45.403763],[-117.929539,45.407676],[-117.92364,45.417097],[-117.935357,45.422996],[-117.93298,45.430173],[-117.941187,45.441553],[-117.956838,45.441886],[-117.957107,45.455625],[-117.940556,45.461459],[-117.92623,45.479615],[-117.933654,45.494353],[-117.92214,45.50903],[-117.917762,45.532453],[-117.928728,45.545029],[-117.916864,45.552819],[-117.908886,45.56209],[-117.91481,45.571436],[-117.913893,45.578897],[-117.903592,45.584003],[-117.901342,45.609458],[-117.890069,45.614381],[-117.880722,45.626821],[-117.887654,45.639377],[-117.872703,45.64824],[-117.863582,45.658384],[-117.868228,45.680383]]},"properties":{"OBJECTID":69,"fhdFtrID":68,"fhdRefID":53713,"fhdRevDt":"20190326","fhdONm":"Matthew Neilson","fhdOEnt":"USGS","fhdSpNm":"LMbass","fhdRun":"NA","fhdLifeHst":"FluvRes","fhdUseTy":"Unknown","fhdBasis":"UndocObsFish","fhdStNm":"Grande Ronde River","fhdGenus":"Micropterus","fhdSp":"salmoides","fhdSubSp":null,"fhdOrig":"NonNative","fhdProd":"Natural","fhdComment":null,"fhdESH":"NA","fhdBasisD":null,"fhdNMF":"no","fhdBasisDt":null,"fhdBasisNm":null,"fhdBasisEnt":null,"fhdBasisPrj":null,"fhdBasisMethod":null,"fhdAccess":null,"fhdBarrierFtrID":null,"fhdEndExtent":null,"Shape__Length":139634.92867892026,"habitatType":"stream"},"id":69},
{"type":"Feature","geometry":{"type":"LineString","coordinates":[[-121.885834,42.088303],[-121.887213,42.100761],[-121.896111,42.109313],[-121.906532,42.113808],[-121.907937,42.122179],[-121.923689,42.120707],[-121.926977,42.126574],[-121.942379,42.137488],[-121.948866,42.134613]]},"properties":{"OBJECTID":70,"fhdFtrID":69,"fhdRefID":53684,"fhdRevDt":"20190326","fhdONm":"Peter Robinson","fhdOEnt":"ODFW","fhdSpNm":"LMbass","fhdRun":"NA","fhdLifeHst":"FluvRes","fhdUseTy":"Unknown","fhdBasis":"UndocObsFish","fhdStNm":"Klamath River","fhdGenus":"Micropterus","fhdSp":"salmoides","fhdSubSp":null,"fhdOrig":"NonNative","fhdProd":"Natural","fhdComment":null,"fhdESH":"NA","fhdBasisD":null,"fhdNMF":"no","fhdBasisDt":null,"fhdBasisNm":null,"fhdBasisEnt":null,"fhdBasisPrj":null,"fhdBasisMethod":null,"fhdAccess":null,"fhdBarrierFtrID":null,"fhdEndExtent":null,"Shape__Length":13752.422642264837,"habitatType":"stream"},"id":70},
{"type":"Feature","geometry":{"type":"LineString","coordinates":[[-121.864571,42.093916],[-121.869815,42.087935],[-121.885834,42.088303]]},"properties":{"OBJECTID":71,"fhdFtrID":70,"fhdRefID":53585,"fhdRevDt":"20190326","fhdONm":"Wayne Wood","fhdOEnt":"OSU","fhdSpNm":"LMbass","fhdRun":"NA","fhdLifeHst":"FluvRes","fhdUseTy":"Unknown","fhdBasis":"DocObsFish","fhdStNm":"Klamath River","fhdGenus":"Micropterus","fhdSp":"salmoides","fhdSubSp":null,"fhdOrig":"NonNative","fhdProd":"Natural","fhdComment":null,"fhdESH":"NA","fhdBasisD":null,"fhdNMF":"no","fhdBasisDt":"20030000","fhdBasisNm":null,"fhdBasisEnt":null,"fhdBasisPrj":null,"fhdBasisMethod":null,"fhdAccess":null,"fhdBarrierFtrID":null,"fhdEndExtent":null,"Shape__Length":3955.831172792905,"habitatType":"stream"},"id":71},
{"type":"Feature","geometry":{"type":"LineString","coordinates":[[-121.788857,42.218453],[-121.77593,42.206935],[-121.774733,42.198663],[-121.783615,42.190941],[-121.78194,42.184843],[-121.79798,42.177727],[-121.802342,42.169896],[-121.818146,42.168153],[-121.838817,42.157971],[-121.855015,42.140547],[-121.853118,42.127084],[-121.842176,42.119337],[-121.842903,42.113977],[-121.859761,42.104658],[-121.864571,42.093916]]},"properties":{"OBJECTID":72,"fhdFtrID":71,"fhdRefID":53684,"fhdRevDt":"20190326","fhdONm":"Peter Robinson","fhdOEnt":"ODFW","fhdSpNm":"LMbass","fhdRun":"NA","fhdLifeHst":"FluvRes","fhdUseTy":"Unknown","fhdBasis":"UndocObsFish","fhdStNm":"Klamath River","fhdGenus":"Micropterus","fhdSp":"salmoides","fhdSubSp":null,"fhdOrig":"NonNative","fhdProd":"Natural","fhdComment":null,"fhdESH":"NA","fhdBasisD":null,"fhdNMF":"no","fhdBasisDt":null,"fhdBasisNm":null,"fhdBasisEnt":null,"fhdBasisPrj":null,"fhdBasisMethod":null,"fhdAccess":null,"fhdBarrierFtrID":null,"fhdEndExtent":null,"Shape__Length":26602.442973601028,"habitatType":"stream"},"id":72},
{"type":"Feature","geometry":{"type":"LineString","coordinates":[[-121.877277,42.64099],[-121.876825,42.63067],[-121.86751,42.622779],[-121.869327,42.609194],[-121.860917,42.59431],[-121.859993,42.586138],[-121.866621,42.575478],[-121.873558,42.571696],[-121.882084,42.567412],[-121.875449,42.558783],[-121.87559,42.549085],[-121.881197,42.541084],[-121.878081,42.533187],[-121.885865,42.523776],[-121.917722,42.520119],[-121.928318,42.499883],[-121.925393,42.495362],[-121.941427,42.491576],[-121.949185,42.481698],[-121.954599,42.482602],[-121.957327,42.46785],[-121.957747,42.440513]]},"properties":{"OBJECTID":73,"fhdFtrID":72,"fhdRefID":53684,"fhdRevDt":"20190326","fhdONm":"Peter Robinson","fhdOEnt":"ODFW","fhdSpNm":"LMbass","fhdRun":"NA","fhdLifeHst":"FluvRes","fhdUseTy":"Unknown","fhdBasis":"UndocObsFish","fhdStNm":"Williamson River","fhdGenus":"Micropterus","fhdSp":"salmoides","fhdSubSp":null,"fhdOrig":"NonNative","fhdProd":"Natural","fhdComment":null,"fhdESH":"NA","fhdBasisD":null,"fhdNMF":"no","fhdBasisDt":null,"fhdBasisNm":null,"fhdBasisEnt":null,"fhdBasisPrj":null,"fhdBasisMethod":null,"fhdAccess":null,"fhdBarrierFtrID":null,"fhdEndExtent":null,"Shape__Length":40192.843141006626,"habitatType":"stream"},"id":73},
{"type":"Feature","geometry":{"type":"LineString","coordinates":[[-122.753609,45.19034],[-122.750436,45.199109],[-122.758973,45.204638],[-122.745431,45.216248],[-122.748168,45.220302],[-122.74551,45.232798],[-122.751815,45.242294],[-122.741239,45.257151],[-122.743964,45.263477],[-122.734828,45.26595]]},"properties":{"OBJECTID":74,"fhdFtrID":73,"fhdRefID":53684,"fhdRevDt":"20190326","fhdONm":"Peter Robinson","fhdOEnt":"ODFW","fhdSpNm":"LMbass","fhdRun":"NA","fhdLifeHst":"FluvRes","fhdUseTy":"Unknown","fhdBasis":"UndocObsFish","fhdStNm":"Pudding River","fhdGenus":"Micropterus","fhdSp":"salmoides","fhdSubSp":null,"fhdOrig":"NonNative","fhdProd":"Natural","fhdComment":null,"fhdESH":"NA","fhdBasisD":null,"fhdNMF":"no","fhdBasisDt":null,"fhdBasisNm":null,"fhdBasisEnt":null,"fhdBasisPrj":null,"fhdBasisMethod":null,"fhdAccess":null,"fhdBarrierFtrID":null,"fhdEndExtent":null,"Shape__Length":28208.034067948258,"habitatType":"stream"},"id":74},
{"type":"Feature","geometry":{"type":"LineString","coordinates":[[-122.89219,45.867152],[-122.87448,45.860896],[-122.864888,45.866179],[-122.837865,45.869546],[-122.810369,45.8495],[-122.811366,45.838762]]},"properties":{"OBJECTID":75,"fhdFtrID":74,"fhdRefID":53684,"fhdRevDt":"20190326","fhdONm":"Peter Robinson","fhdOEnt":"ODFW","fhdSpNm":"LMbass","fhdRun":"NA","fhdLifeHst":"FluvRes","fhdUseTy":"Unknown","fhdBasis":"UndocObsFish","fhdStNm":"Milton Creek","fhdGenus":"Micropterus","fhdSp":"salmoides","fhdSubSp":null,"fhdOrig":"NonNative","fhdProd":"Natural","fhdComment":null,"fhdESH":"NA","fhdBasisD":null,"fhdNMF":"no","fhdBasisDt":null,"fhdBasisNm":null,"fhdBasisEnt":null,"fhdBasisPrj":null,"fhdBasisMethod":null,"fhdAccess":null,"fhdBarrierFtrID":null,"fhdEndExtent":null,"Shape__Length":16691.275009496723,"habitatType":"stream"},"id":75},
{"type":"Feature","geometry":{"type":"LineString","coordinates":[[-122.870463,45.833475],[-122.859262,45.834007],[-122.857086,45.841415],[-122.839409,45.846254],[-122.826762,45.846273],[-122.818799,45.834685]]},"properties":{"OBJECTID":76,"fhdFtrID":75,"fhdRefID":53684,"fhdRevDt":"20190326","fhdONm":"Peter Robinson","fhdOEnt":"ODFW","fhdSpNm":"LMbass","fhdRun":"NA","fhdLifeHst":"FluvRes","fhdUseTy":"Unknown","fhdBasis":"UndocObsFish","fhdStNm":"McNulty Creek","fhdGenus":"Micropterus","fhdSp":"salmoides","fhdSubSp":null,"fhdOrig":"NonNative","fhdProd":"Natural","fhdComment":null,"fhdESH":"NA","fhdBasisD":null,"fhdNMF":"no","fhdBasisDt":null,"fhdBasisNm":null,"fhdBasisEnt":null,"fhdBasisPrj":null,"fhdBasisMethod":null,"fhdAccess":null,"fhdBarrierFtrID":null,"fhdEndExtent":null,"Shape__Length":10067.368729184931,"habitatType":"stream"},"id":76},
{"type":"Feature","geometry":{"type":"LineString","coordinates":[[-117.461077,43.325777],[-117.447896,43.321174],[-117.440893,43.311258],[-117.419483,43.302563],[-117.410415,43.310719],[-117.372181,43.299482],[-117.358455,43.305762],[-117.346082,43.302326],[-117.336471,43.313006],[-117.327706,43.318135],[-117.333046,43.325807],[-117.318658,43.332014],[-117.318237,43.346403],[-117.314907,43.356767],[-117.304194,43.361966],[-117.313648,43.36622],[-117.315322,43.373566],[-117.309621,43.390794],[-117.318002,43.395101],[-117.328251,43.40998],[-117.335796,43.410568],[-117.33734,43.425554],[-117.346661,43.443858],[-117.343605,43.462165],[-117.332135,43.469431],[-117.350816,43.474227],[-117.350075,43.482182],[-117.340265,43.486926],[-117.340497,43.498048],[-117.348451,43.503072],[-117.349259,43.52225],[-117.368412,43.533517],[-117.353915,43.537533],[-117.350072,43.543459],[-117.352529,43.559807],[-117.347453,43.56176],[-117.345399,43.573498],[-117.337691,43.573935],[-117.337456,43.58324],[-117.326777,43.58703],[-117.328206,43.59599],[-117.320457,43.602574],[-117.29906,43.605944],[-117.293422,43.612998],[-117.277874,43.617445],[-117.273708,43.614315],[-117.258989,43.624395],[-117.247584,43.626978],[-117.23686,43.633034],[-117.233571,43.63962],[-117.243221,43.642234]]},"properties":{"OBJECTID":77,"fhdFtrID":76,"fhdRefID":53580,"fhdRevDt":"20190318","fhdONm":"Jay Stevens","fhdOEnt":"BLM","fhdSpNm":"LMbass","fhdRun":"NA","fhdLifeHst":"FluvRes","fhdUseTy":"Unknown","fhdBasis":"UndocObsFish","fhdStNm":"Owyhee River","fhdGenus":"Micropterus","fhdSp":"salmoides","fhdSubSp":null,"fhdOrig":"NonNative","fhdProd":"Natural","fhdComment":null,"fhdESH":"NA","fhdBasisD":null,"fhdNMF":"no","fhdBasisDt":null,"fhdBasisNm":null,"fhdBasisEnt":null,"fhdBasisPrj":null,"fhdBasisMethod":null,"fhdAccess":null,"fhdBarrierFtrID":null,"fhdEndExtent":null,"Shape__Length":101269.52594236667,"habitatType":"stream"},"id":77},
{"type":"Feature","geometry":{"type":"LineString","coordinates":[[-121.689025,43.684334],[-121.685563,43.687765],[-121.659473,43.689352],[-121.660901,43.693011],[-121.64002,43.70853],[-121.629922,43.712745],[-121.631255,43.729805],[-121.623123,43.730292],[-121.616736,43.737306],[-121.606778,43.73958],[-121.609931,43.747073],[-121.593962,43.746684],[-121.580935,43.754964],[-121.579209,43.765792],[-121.557031,43.763135],[-121.548713,43.767654],[-121.538341,43.766187],[-121.525862,43.774706],[-121.515214,43.776703],[-121.519171,43.783239],[-121.508584,43.788293]]},"properties":{"OBJECTID":78,"fhdFtrID":77,"fhdRefID":53742,"fhdRevDt":"20190418","fhdONm":"S. J. Starcevich and B. Bailey","fhdOEnt":"ODFW","fhdSpNm":"LMbass","fhdRun":"NA","fhdLifeHst":"FluvRes","fhdUseTy":"Unknown","fhdBasis":"DocObsFish","fhdStNm":"Deschutes River","fhdGenus":"Micropterus","fhdSp":"salmoides","fhdSubSp":null,"fhdOrig":"NonNative","fhdProd":"Natural","fhdComment":null,"fhdESH":"NA","fhdBasisD":null,"fhdNMF":"no","fhdBasisDt":"20150000","fhdBasisNm":null,"fhdBasisEnt":null,"fhdBasisPrj":null,"fhdBasisMethod":null,"fhdAccess":null,"fhdBarrierFtrID":null,"fhdEndExtent":null,"Shape__Length":48517.19101761551,"habitatType":"stream"},"id":78},
{"type":"Feature","geometry":{"type":"LineString","coordinates":[[-121.299107,44.188107],[-121.293978,44.197935],[-121.2759,44.204715],[-121.25767,44.223905],[-121.244282,44.234786],[-121.251859,44.244772],[-121.246199,44.258253],[-121.257081,44.268298],[-121.259333,44.27635],[-121.251798,44.287125],[-121.238588,44.292285],[-121.229928,44.308165],[-121.243963,44.312505],[-121.26658,44.329539],[-121.27069,44.339108],[-121.260705,44.348965],[-121.259908,44.363532],[-121.270203,44.361941],[-121.285741,44.355116],[-121.296398,44.362089],[-121.293249,44.37378]]},"properties":{"OBJECTID":79,"fhdFtrID":78,"fhdRefID":53742,"fhdRevDt":"20190418","fhdONm":"S. J. Starcevich and B. Bailey","fhdOEnt":"ODFW","fhdSpNm":"LMbass","fhdRun":"NA","fhdLifeHst":"FluvRes","fhdUseTy":"Unknown","fhdBasis":"DocObsFish","fhdStNm":"Deschutes River","fhdGenus":"Micropterus","fhdSp":"salmoides","fhdSubSp":null,"fhdOrig":"NonNative","fhdProd":"Natural","fhdComment":null,"fhdESH":"NA","fhdBasisD":null,"fhdNMF":"no","fhdBasisDt":"20150000","fhdBasisNm":null,"fhdBasisEnt":null,"fhdBasisPrj":null,"fhdBasisMethod":null,"fhdAccess":null,"fhdBarrierFtrID":null,"fhdEndExtent":null,"Shape__Length":47597.027239660936,"habitatType":"stream"},"id":79},
{"type":"Feature","geometry":{"type":"LineString","coordinates":[[-123.111307,44.508618],[-123.112906,44.51217],[-123.129553,44.517459],[-123.128243,44.522344],[-123.139324,44.526196],[-123.150393,44.538356],[-123.153548,44.548435],[-123.14923,44.565833],[-123.140406,44.571658],[-123.141743,44.586639],[-123.135447,44.590585],[-123.133184,44.603948],[-123.125603,44.606256],[-123.127737,44.614131],[-123.133981,44.624648],[-123.128701,44.630893],[-123.112295,44.635479],[-123.109433,44.639231]]},"properties":{"OBJECTID":80,"fhdFtrID":79,"fhdRefID":53745,"fhdRevDt":"20190422","fhdONm":"J. Runyon et al.","fhdOEnt":"Calapooia Watershed Council","fhdSpNm":"LMbass","fhdRun":"NA","fhdLifeHst":"FluvRes","fhdUseTy":"Unknown","fhdBasis":"DocObsFish","fhdStNm":"Calapooia River","fhdGenus":"Micropterus","fhdSp":"salmoides","fhdSubSp":null,"fhdOrig":"NonNative","fhdProd":"Natural","fhdComment":null,"fhdESH":"NA","fhdBasisD":null,"fhdNMF":"no","fhdBasisDt":"20040000","fhdBasisNm":null,"fhdBasisEnt":null,"fhdBasisPrj":null,"fhdBasisMethod":null,"fhdAccess":null,"fhdBarrierFtrID":null,"fhdEndExtent":null,"Shape__Length":42046.23634017592,"habitatType":"stream"},"id":80},
{"type":"Feature","geometry":{"type":"LineString","coordinates":[[-123.020919,44.409865],[-123.042004,44.406453],[-123.057659,44.414956],[-123.063393,44.420643],[-123.068129,44.433043],[-123.075826,44.436985],[-123.077398,44.456949],[-123.08698,44.468775],[-123.080971,44.48521],[-123.093059,44.490735],[-123.096314,44.502312]]},"properties":{"OBJECTID":81,"fhdFtrID":80,"fhdRefID":53745,"fhdRevDt":"20190422","fhdONm":"J. Runyon et al.","fhdOEnt":"Calapooia Watershed Council","fhdSpNm":"LMbass","fhdRun":"NA","fhdLifeHst":"FluvRes","fhdUseTy":"Unknown","fhdBasis":"DocObsFish","fhdStNm":"Calapooia River","fhdGenus":"Micropterus","fhdSp":"salmoides","fhdSubSp":null,"fhdOrig":"NonNative","fhdProd":"Natural","fhdComment":null,"fhdESH":"NA","fhdBasisD":null,"fhdNMF":"no","fhdBasisDt":"20040000","fhdBasisNm":null,"fhdBasisEnt":null,"fhdBasisPrj":null,"fhdBasisMethod":null,"fhdAccess":null,"fhdBarrierFtrID":null,"fhdEndExtent":null,"Shape__Length":30097.127093804753,"habitatType":"stream"},"id":81},
{"type":"Feature","geometry":{"type":"LineString","coordinates":[[-123.127737,44.614131],[-123.114926,44.603362],[-123.095174,44.599829],[-123.09236,44.59595],[-123.07355,44.597029],[-123.064683,44.590358],[-123.057191,44.590175]]},"properties":{"OBJECTID":82,"fhdFtrID":81,"fhdRefID":53745,"fhdRevDt":"20190422","fhdONm":"J. Runyon et al.","fhdOEnt":"Calapooia Watershed Council","fhdSpNm":"LMbass","fhdRun":"NA","fhdLifeHst":"FluvRes","fhdUseTy":"Unknown","fhdBasis":"DocObsFish","fhdStNm":"Oak Creek","fhdGenus":"Micropterus","fhdSp":"salmoides","fhdSubSp":null,"fhdOrig":"NonNative","fhdProd":"Natural","fhdComment":null,"fhdESH":"NA","fhdBasisD":null,"fhdNMF":"no","fhdBasisDt":null,"fhdBasisNm":null,"fhdBasisEnt":null,"fhdBasisPrj":null,"fhdBasisMethod":null,"fhdAccess":null,"fhdBarrierFtrID":null,"fhdEndExtent":null,"Shape__Length":12019.235347816712,"habitatType":"stream"},"id":82},
{"type":"Feature","geometry":{"type":"LineString","coordinates":[[-123.102214,44.525311],[-123.123128,44.534653],[-123.133621,44.5633],[-123.140406,44.571658]]},"properties":{"OBJECTID":83,"fhdFtrID":82,"fhdRefID":53745,"fhdRevDt":"20190422","fhdONm":"J. Runyon et al.","fhdOEnt":"Calapooia Watershed Council","fhdSpNm":"LMbass","fhdRun":"NA","fhdLifeHst":"FluvRes","fhdUseTy":"Unknown","fhdBasis":"UndocObsFish","fhdStNm":"Lake Creek","fhdGenus":"Micropterus","fhdSp":"salmoides","fhdSubSp":null,"fhdOrig":"NonNative","fhdProd":"Natural","fhdComment":null,"fhdESH":"NA","fhdBasisD":null,"fhdNMF":"no","fhdBasisDt":null,"fhdBasisNm":null,"fhdBasisEnt":null,"fhdBasisPrj":null,"fhdBasisMethod":null,"fhdAccess":null,"fhdBarrierFtrID":null,"fhdEndExtent":null,"Shape__Length":11336.426118800035,"habitatType":"stream"},"id":83},
{"type":"Feature","geometry":{"type":"LineString","coordinates":[[-122.964383,44.471848],[-122.971022,44.4747],[-122.987684,44.474376],[-123.013776,44.461619],[-123.020819,44.461212],[-123.03947,44.463593],[-123.053946,44.467964],[-123.071404,44.479733],[-123.080971,44.48521]]},"properties":{"OBJECTID":84,"fhdFtrID":83,"fhdRefID":53745,"fhdRevDt":"20190422","fhdONm":"J. Runyon et al.","fhdOEnt":"Calapooia Watershed Council","fhdSpNm":"LMbass","fhdRun":"NA","fhdLifeHst":"FluvRes","fhdUseTy":"Unknown","fhdBasis":"UndocObsFish","fhdStNm":"Butte Creek","fhdGenus":"Micropterus","fhdSp":"salmoides","fhdSubSp":null,"fhdOrig":"NonNative","fhdProd":"Natural","fhdComment":null,"fhdESH":"NA","fhdBasisD":null,"fhdNMF":"no","fhdBasisDt":null,"fhdBasisNm":null,"fhdBasisEnt":null,"fhdBasisPrj":null,"fhdBasisMethod":null,"fhdAccess":null,"fhdBarrierFtrID":null,"fhdEndExtent":null,"Shape__Length":16149.632941077984,"habitatType":"stream"},"id":84},
{"type":"Feature","geometry":{"type":"LineString","coordinates":[[-123.042004,44.406453],[-123.0502,44.419547],[-123.047015,44.431145],[-123.059054,44.453235],[-123.074965,44.47206],[-123.071404,44.479733]]},"properties":{"OBJECTID":85,"fhdFtrID":84,"fhdRefID":53745,"fhdRevDt":"20190422","fhdONm":"J. Runyon et al.","fhdOEnt":"Calapooia Watershed Council","fhdSpNm":"LMbass","fhdRun":"NA","fhdLifeHst":"FluvRes","fhdUseTy":"Unknown","fhdBasis":"UndocObsFish","fhdStNm":"Sodom Ditch","fhdGenus":"Micropterus","fhdSp":"salmoides","fhdSubSp":null,"fhdOrig":"NonNative","fhdProd":"Natural","fhdComment":null,"fhdESH":"NA","fhdBasisD":null,"fhdNMF":"no","fhdBasisDt":null,"fhdBasisNm":null,"fhdBasisEnt":null,"fhdBasisPrj":null,"fhdBasisMethod":null,"fhdAccess":null,"fhdBarrierFtrID":null,"fhdEndExtent":null,"Shape__Length":13114.880758178379,"habitatType":"stream"},"id":85},
{"type":"Feature","geometry":{"type":"LineString","coordinates":[[-122.952662,44.433394],[-122.986806,44.423539],[-123.004154,44.436297],[-123.006177,44.442773],[-123.020819,44.461212]]},"properties":{"OBJECTID":86,"fhdFtrID":85,"fhdRefID":53745,"fhdRevDt":"20190422","fhdONm":"J. Runyon et al.","fhdOEnt":"Calapooia Watershed Council","fhdSpNm":"LMbass","fhdRun":"NA","fhdLifeHst":"FluvRes","fhdUseTy":"Unknown","fhdBasis":"UndocObsFish","fhdStNm":"Cochran Creek","fhdGenus":"Micropterus","fhdSp":"salmoides","fhdSubSp":null,"fhdOrig":"NonNative","fhdProd":"Natural","fhdComment":null,"fhdESH":"NA","fhdBasisD":null,"fhdNMF":"no","fhdBasisDt":null,"fhdBasisNm":null,"fhdBasisEnt":null,"fhdBasisPrj":null,"fhdBasisMethod":null,"fhdAccess":null,"fhdBarrierFtrID":null,"fhdEndExtent":null,"Shape__Length":11923.066724162958,"habitatType":"stream"},"id":86},
{"type":"Feature","geometry":{"type":"LineString","coordinates":[[-123.121846,44.480501],[-123.116938,44.486529],[-123.114945,44.503666],[-123.111307,44.508618]]},"properties":{"OBJECTID":87,"fhdFtrID":86,"fhdRefID":53745,"fhdRevDt":"20190422","fhdONm":"J. Runyon et al.","fhdOEnt":"Calapooia Watershed Council","fhdSpNm":"LMbass","fhdRun":"NA","fhdLifeHst":"FluvRes","fhdUseTy":"Unknown","fhdBasis":"UndocObsFish","fhdStNm":"Shedd Slough","fhdGenus":"Micropterus","fhdSp":"salmoides","fhdSubSp":null,"fhdOrig":"NonNative","fhdProd":"Natural","fhdComment":null,"fhdESH":"NA","fhdBasisD":null,"fhdNMF":"no","fhdBasisDt":null,"fhdBasisNm":null,"fhdBasisEnt":null,"fhdBasisPrj":null,"fhdBasisMethod":null,"fhdAccess":null,"fhdBarrierFtrID":null,"fhdEndExtent":null,"Shape__Length":4920.371761929064,"habitatType":"stream"},"id":87},
{"type":"Feature","geometry":{"type":"LineString","coordinates":[[-123.084647,44.420089],[-123.089635,44.428584],[-123.08414,44.440791],[-123.085894,44.447673],[-123.077398,44.456949]]},"properties":{"OBJECTID":88,"fhdFtrID":87,"fhdRefID":53745,"fhdRevDt":"20190422","fhdONm":"J. Runyon et al.","fhdOEnt":"Calapooia Watershed Council","fhdSpNm":"LMbass","fhdRun":"NA","fhdLifeHst":"FluvRes","fhdUseTy":"Unknown","fhdBasis":"UndocObsFish","fhdStNm":"Walton Slough","fhdGenus":"Micropterus","fhdSp":"salmoides","fhdSubSp":null,"fhdOrig":"NonNative","fhdProd":"Natural","fhdComment":null,"fhdESH":"NA","fhdBasisD":null,"fhdNMF":"no","fhdBasisDt":null,"fhdBasisNm":null,"fhdBasisEnt":null,"fhdBasisPrj":null,"fhdBasisMethod":null,"fhdAccess":null,"fhdBarrierFtrID":null,"fhdEndExtent":null,"Shape__Length":7800.935603202351,"habitatType":"stream"},"id":88},
{"type":"Feature","geometry":{"type":"LineString","coordinates":[[-123.063393,44.420643],[-123.076114,44.418482]]},"properties":{"OBJECTID":89,"fhdFtrID":88,"fhdRefID":53745,"fhdRevDt":"20190422","fhdONm":"J. Runyon et al.","fhdOEnt":"Calapooia Watershed Council","fhdSpNm":"LMbass","fhdRun":"NA","fhdLifeHst":"FluvRes","fhdUseTy":"Unknown","fhdBasis":"UndocObsFish","fhdStNm":"Wright Slough","fhdGenus":"Micropterus","fhdSp":"salmoides","fhdSubSp":null,"fhdOrig":"NonNative","fhdProd":"Natural","fhdComment":null,"fhdESH":"NA","fhdBasisD":null,"fhdNMF":"no","fhdBasisDt":null,"fhdBasisNm":null,"fhdBasisEnt":null,"fhdBasisPrj":null,"fhdBasisMethod":null,"fhdAccess":null,"fhdBarrierFtrID":null,"fhdEndExtent":null,"Shape__Length":1758.3569432765723,"habitatType":"stream"},"id":89},
{"type":"Feature","geometry":{"type":"LineString","coordinates":[[-119.337024,43.342051],[-119.323168,43.336046],[-119.320212,43.327646]]},"properties":{"OBJECTID":90,"fhdFtrID":89,"fhdRefID":53585,"fhdRevDt":"20190325","fhdONm":"Wayne Wood","fhdOEnt":"OSU","fhdSpNm":"LMbass","fhdRun":"NA","fhdLifeHst":"FluvRes","fhdUseTy":"Unknown","fhdBasis":"DocObsFish","fhdStNm":"Silver Creek","fhdGenus":"Micropterus","fhdSp":"salmoides","fhdSubSp":null,"fhdOrig":"NonNative","fhdProd":"Natural","fhdComment":null,"fhdESH":"NA","fhdBasisD":null,"fhdNMF":"no","fhdBasisDt":"19770000","fhdBasisNm":null,"fhdBasisEnt":null,"fhdBasisPrj":null,"fhdBasisMethod":null,"fhdAccess":null,"fhdBarrierFtrID":null,"fhdEndExtent":null,"Shape__Length":4104.56508789406,"habitatType":"stream"},"id":90},
{"type":"Feature","geometry":{"type":"LineString","coordinates":[[-119.280232,43.302424],[-119.269953,43.299228],[-119.260395,43.2908],[-119.247275,43.28594],[-119.248361,43.275816],[-119.232898,43.275203],[-119.223764,43.271837],[-119.208776,43.274008]]},"properties":{"OBJECTID":91,"fhdFtrID":90,"fhdRefID":53585,"fhdRevDt":"20190325","fhdONm":"Wayne Wood","fhdOEnt":"OSU","fhdSpNm":"LMbass","fhdRun":"NA","fhdLifeHst":"FluvRes","fhdUseTy":"Unknown","fhdBasis":"DocObsFish","fhdStNm":"Silver Creek","fhdGenus":"Micropterus","fhdSp":"salmoides","fhdSubSp":null,"fhdOrig":"NonNative","fhdProd":"Natural","fhdComment":null,"fhdESH":"NA","fhdBasisD":null,"fhdNMF":"no","fhdBasisDt":"19770000","fhdBasisNm":null,"fhdBasisEnt":null,"fhdBasisPrj":null,"fhdBasisMethod":null,"fhdAccess":null,"fhdBarrierFtrID":null,"fhdEndExtent":null,"Shape__Length":14776.00037759586,"habitatType":"stream"},"id":91},
{"type":"Feature","geometry":{"type":"Polygon","coordinates":[[[-121.10048,42.239821],[-121.100222,42.229531],[-121.104113,42.222892],[-121.106018,42.221986],[-121.105821,42.21912],[-121.108532,42.216035],[-121.112858,42.214606],[-121.115088,42.21477],[-121.116659,42.212728],[-121.122397,42.21349],[-121.128251,42.217301],[-121.131013,42.217099],[-121.13225,42.220519],[-121.128983,42.223859],[-121.137265,42.229382],[-121.139305,42.226669],[-121.143213,42.224782],[-121.142366,42.222076],[-121.136798,42.222096],[-121.129761,42.213841],[-121.1268,42.213863],[-121.125027,42.208032],[-121.120892,42.207149],[-121.12354,42.204128],[-121.123206,42.202526],[-121.126533,42.199906],[-121.120158,42.195963],[-121.119441,42.194103],[-121.116096,42.192156],[-121.113558,42.193354],[-121.110181,42.189008],[-121.11047,42.180265],[-121.108435,42.172385],[-121.102021,42.1686],[-121.10122,42.167451],[-121.096951,42.167685],[-121.09379,42.169418],[-121.095994,42.171692],[-121.09644,42.17656],[-121.089348,42.176578],[-121.086405,42.179334],[-121.083276,42.180614],[-121.087587,42.183577],[-121.0869,42.186285],[-121.084585,42.187479],[-121.081367,42.18624],[-121.079248,42.184017],[-121.073018,42.18251],[-121.070451,42.178546],[-121.06206,42.178881],[-121.069455,42.181713],[-121.070112,42.186323],[-121.072311,42.18483],[-121.078001,42.186366],[-121.079546,42.193726],[-121.080631,42.196202],[-121.085756,42.201481],[-121.089964,42.204125],[-121.08973,42.209455],[-121.092375,42.213614],[-121.090376,42.217183],[-121.092289,42.220266],[-121.098767,42.223316],[-121.092852,42.223543],[-121.094752,42.22908],[-121.096666,42.230397],[-121.098211,42.233459],[-121.098901,42.238847],[-121.10048,42.239821]],[[-121.11581,42.201795],[-121.113883,42.20313],[-121.111457,42.197917],[-121.113204,42.194787],[-121.115109,42.196425],[-121.11478,42.199271],[-121.11581,42.201795]]]},"properties":{"OBJECTID":1,"fhdFtrID":1,"fhdRefID":53684,"fhdRevDt":"20190201","fhdONm":"Peter Robinson","fhdOEnt":"ODFW","fhdSpNm":"LMbass","fhdRun":"NA","fhdLifeHst":"Resident","fhdUseTy":"ResidentMultipleUses","fhdBasis":"UndocObsFish","fhdStNm":"Gerber Reservoir","fhdGenus":"Micropterus","fhdSp":"salmoides","fhdSubSp":null,"fhdOrig":"NonNative","fhdProd":"Natural","fhdComment":null,"fhdESH":"NA","fhdBasisD":null,"fhdNMF":"no","fhdBasisDt":null,"fhdBasisNm":null,"fhdBasisEnt":null,"fhdBasisPrj":null,"fhdBasisMethod":null,"fhdAccess":null,"fhdBarrierFtrID":null,"fhdEndExtent":null,"Shape__Area":28128431.30408254,"Shape__Length":62900.03493764147,"habitatType":"lake"},"id":92},
{"type":"Feature","geometry":{"type":"Polygon","coordinates":[[[-121.78163,43.743947],[-121.780425,43.743601],[-121.782057,43.740314],[-121.782058,43.739062],[-121.780013,43.737834],[-121.78694,43.734432],[-121.788397,43.731206],[-121.790641,43.728943],[-121.791526,43.725963],[-121.788741,43.726015],[-121.788962,43.723028],[-121.78591,43.722446],[-121.788642,43.719891],[-121.787047,43.717524],[-121.780996,43.715434],[-121.780867,43.712623],[-121.778296,43.710489],[-121.772513,43.708581],[-121.770377,43.705848],[-121.767157,43.705255],[-121.767706,43.703226],[-121.765067,43.701496],[-121.766135,43.695718],[-121.765227,43.694457],[-121.771987,43.689568],[-121.773368,43.69205],[-121.777282,43.691417],[-121.785384,43.689091],[-121.788924,43.689894],[-121.792387,43.688481],[-121.800147,43.688356],[-121.802656,43.68731],[-121.801924,43.684602],[-121.803573,43.682224],[-121.805922,43.681726],[-121.809348,43.678854],[-121.81156,43.6746],[-121.816,43.673773],[-121.823043,43.67444],[-121.820678,43.672047],[-121.814955,43.672195],[-121.812606,43.670055],[-121.810866,43.664653],[-121.815261,43.66315],[-121.816145,43.661016],[-121.810866,43.662177],[-121.805976,43.664989],[-121.802016,43.665587],[-121.798797,43.667912],[-121.80036,43.671052],[-121.804717,43.670207],[-121.807501,43.672415],[-121.805182,43.674867],[-121.807654,43.675685],[-121.804862,43.678465],[-121.800093,43.680441],[-121.799567,43.685477],[-121.797233,43.685885],[-121.788665,43.680716],[-121.78208,43.682015],[-121.779174,43.679354],[-121.775412,43.679566],[-121.771323,43.680963],[-121.767417,43.680957],[-121.767447,43.677761],[-121.768675,43.674731],[-121.769087,43.668297],[-121.764426,43.665825],[-121.759367,43.66695],[-121.756637,43.666146],[-121.751975,43.666617],[-121.749106,43.665991],[-121.745612,43.663099],[-121.74095,43.660941],[-121.73638,43.660341],[-121.733367,43.658264],[-121.727797,43.657157],[-121.721983,43.655319],[-121.716331,43.655805],[-121.713507,43.65724],[-121.71324,43.652799],[-121.709891,43.6487],[-121.708228,43.644819],[-121.703208,43.645617],[-121.705901,43.642442],[-121.703681,43.636321],[-121.701034,43.634437],[-121.697951,43.634077],[-121.69702,43.631248],[-121.692954,43.631265],[-121.691192,43.633415],[-121.690977,43.639787],[-121.689284,43.643477],[-121.689498,43.649593],[-121.687911,43.652186],[-121.678657,43.65596],[-121.675315,43.65675],[-121.672537,43.658789],[-121.674864,43.664875],[-121.673942,43.666881],[-121.676681,43.669137],[-121.686057,43.672432],[-121.688727,43.676632],[-121.688544,43.682572],[-121.717711,43.707349],[-121.716651,43.704591],[-121.719603,43.703021],[-121.721847,43.703379],[-121.724303,43.708674],[-121.726401,43.711687],[-121.729636,43.71012],[-121.732764,43.711712],[-121.734397,43.70821],[-121.737967,43.709222],[-121.744521,43.700525],[-121.747695,43.70516],[-121.753387,43.703926],[-121.760741,43.705357],[-121.763762,43.703067],[-121.764037,43.707292],[-121.772307,43.711163],[-121.775031,43.71474],[-121.773406,43.717054],[-121.775191,43.718433],[-121.780761,43.719177],[-121.785216,43.725653],[-121.784987,43.728586],[-121.7871,43.730598],[-121.786383,43.732878],[-121.783355,43.732782],[-121.779372,43.735252],[-121.77767,43.737295],[-121.778555,43.7416],[-121.77989,43.742703],[-121.779952,43.743731],[-121.78163,43.743947]],[[-121.705573,43.668459],[-121.708907,43.665922],[-121.712164,43.667445],[-121.705573,43.668459]]]},"properties":{"OBJECTID":2,"fhdFtrID":2,"fhdRefID":53718,"fhdRevDt":"20190412","fhdONm":"Kevin Stertz","fhdOEnt":"ODFW","fhdSpNm":"LMbass","fhdRun":"NA","fhdLifeHst":"Resident","fhdUseTy":"ResidentMultipleUses","fhdBasis":"DocObsFish","fhdStNm":"Wickiup Reservoir","fhdGenus":"Micropterus","fhdSp":"salmoides","fhdSubSp":null,"fhdOrig":"NonNative","fhdProd":"Natural","fhdComment":null,"fhdESH":"NA","fhdBasisD":null,"fhdNMF":"no","fhdBasisDt":null,"fhdBasisNm":null,"fhdBasisEnt":null,"fhdBasisPrj":null,"fhdBasisMethod":null,"fhdAccess":null,"fhdBarrierFtrID":null,"fhdEndExtent":null,"Shape__Area":78712282.22606444,"Shape__Length":118346.22901059683,"habitatType":"lake"},"id":93},
{"type":"Feature","geometry":{"type":"Polygon","coordinates":[[[-122.20662,42.355555],[-122.208245,42.359808],[-122.206697,42.363985],[-122.208993,42.368855],[-122.203294,42.375894],[-122.208146,42.377972],[-122.211214,42.377588],[-122.213312,42.378935],[-122.214746,42.38171],[-122.215105,42.385252],[-122.218149,42.388199],[-122.223711,42.387625],[-122.226991,42.384513],[-122.224985,42.380852],[-122.222795,42.378847],[-122.221368,42.368597],[-122.223085,42.361323],[-122.223039,42.356181],[-122.221574,42.349038],[-122.214448,42.347963],[-122.211922,42.348756],[-122.207002,42.353108],[-122.20662,42.355555]]]},"properties":{"OBJECTID":3,"fhdFtrID":3,"fhdRefID":53684,"fhdRevDt":"20190201","fhdONm":"Peter Robinson","fhdOEnt":"ODFW","fhdSpNm":"LMbass","fhdRun":"NA","fhdLifeHst":"Resident","fhdUseTy":"ResidentMultipleUses","fhdBasis":"UndocObsFish","fhdStNm":"Lake of the Woods","fhdGenus":"Micropterus","fhdSp":"salmoides","fhdSubSp":null,"fhdOrig":"NonNative","fhdProd":"Natural","fhdComment":null,"fhdESH":"NA","fhdBasisD":null,"fhdNMF":"no","fhdBasisDt":null,"fhdBasisNm":null,"fhdBasisEnt":null,"fhdBasisPrj":null,"fhdBasisMethod":null,"fhdAccess":null,"fhdBarrierFtrID":null,"fhdEndExtent":null,"Shape__Area":9110674.089643095,"Shape__Length":17792.341731765933,"habitatType":"lake"},"id":94},
{"type":"Feature","geometry":{"type":"Polygon","coordinates":[[[-120.956891,42.317628],[-120.956985,42.318935],[-120.96013,42.321233],[-120.962485,42.315777],[-120.959108,42.312998],[-120.955273,42.312344],[-120.956891,42.317628]]]},"properties":{"OBJECTID":4,"fhdFtrID":4,"fhdRefID":53684,"fhdRevDt":"20190201","fhdONm":"Peter Robinson","fhdOEnt":"ODFW","fhdSpNm":"LMbass","fhdRun":"NA","fhdLifeHst":"Resident","fhdUseTy":"ResidentMultipleUses","fhdBasis":"UndocObsFish","fhdStNm":"Devil Lake","fhdGenus":"Micropterus","fhdSp":"salmoides","fhdSubSp":null,"fhdOrig":"NonNative","fhdProd":"Natural","fhdComment":null,"fhdESH":"NA","fhdBasisD":null,"fhdNMF":"no","fhdBasisDt":null,"fhdBasisNm":null,"fhdBasisEnt":null,"fhdBasisPrj":null,"fhdBasisMethod":null,"fhdAccess":null,"fhdBarrierFtrID":null,"fhdEndExtent":null,"Shape__Area":694768.71469741,"Shape__Length":4017.9410479701637,"habitatType":"lake"},"id":95},
{"type":"Feature","geometry":{"type":"Polygon","coordinates":[[[-122.487698,42.162152],[-122.487785,42.160234],[-122.485381,42.159565],[-122.487698,42.162152]]]},"properties":{"OBJECTID":5,"fhdFtrID":5,"fhdRefID":53684,"fhdRevDt":"20190201","fhdONm":"Peter Robinson","fhdOEnt":"ODFW","fhdSpNm":"LMbass","fhdRun":"NA","fhdLifeHst":"Resident","fhdUseTy":"ResidentMultipleUses","fhdBasis":"UndocObsFish","fhdStNm":"Little Hyatt Reservoir","fhdGenus":"Micropterus","fhdSp":"salmoides","fhdSubSp":null,"fhdOrig":"NonNative","fhdProd":"Natural","fhdComment":null,"fhdESH":"NA","fhdBasisD":null,"fhdNMF":"no","fhdBasisDt":null,"fhdBasisNm":null,"fhdBasisEnt":null,"fhdBasisPrj":null,"fhdBasisMethod":null,"fhdAccess":null,"fhdBarrierFtrID":null,"fhdEndExtent":null,"Shape__Area":78215.45008609,"Shape__Length":1499.7522664735586,"habitatType":"lake"},"id":96},
{"type":"Feature","geometry":{"type":"Polygon","coordinates":[[[-122.004822,42.495693],[-122.008175,42.490957],[-122.012231,42.491634],[-122.021079,42.494575],[-122.025106,42.494801],[-122.033733,42.496396],[-122.038118,42.494525],[-122.040654,42.494613],[-122.049371,42.491661],[-122.052962,42.48951],[-122.055544,42.485997],[-122.056976,42.480842],[-122.057555,42.475062],[-122.059253,42.470775],[-122.058186,42.469704],[-122.060707,42.467135],[-122.059736,42.464884],[-122.061382,42.460959],[-122.06391,42.459274],[-122.069374,42.458763],[-122.074475,42.460865],[-122.076989,42.463171],[-122.079549,42.47124],[-122.085313,42.475909],[-122.087501,42.475794],[-122.090567,42.470722],[-122.086273,42.468483],[-122.087889,42.466957],[-122.084188,42.463181],[-122.079888,42.463599],[-122.07962,42.460826],[-122.077291,42.456984],[-122.072591,42.453246],[-122.066193,42.448981],[-122.064295,42.448388],[-122.060723,42.444106],[-122.053023,42.437869],[-122.051319,42.435415],[-122.04743,42.43321],[-122.042604,42.432428],[-122.037937,42.42898],[-122.035716,42.425526],[-122.036213,42.422386],[-122.040845,42.419752],[-122.040424,42.416118],[-122.035508,42.40802],[-122.025721,42.399085],[-122.021078,42.397113],[-122.016325,42.394235],[-122.009607,42.394912],[-122.00308,42.397467],[-122.002429,42.404664],[-122.007431,42.410222],[-122.008066,42.413192],[-122.007301,42.415338],[-122.004062,42.416928],[-121.993583,42.417251],[-121.988037,42.412686],[-121.979384,42.411421],[-121.974817,42.406504],[-121.973509,42.397952],[-121.974371,42.390667],[-121.97371,42.38773],[-121.971221,42.385996],[-121.969353,42.3816],[-121.964482,42.384878],[-121.961929,42.389177],[-121.958412,42.390292],[-121.954829,42.393932],[-121.952726,42.398604],[-121.953712,42.401091],[-121.952802,42.404187],[-121.958235,42.414946],[-121.962363,42.419995],[-121.965307,42.426181],[-121.965649,42.42824],[-121.964227,42.430836],[-121.957401,42.427626],[-121.950924,42.421726],[-121.948819,42.418806],[-121.946218,42.41307],[-121.944898,42.405576],[-121.943135,42.399077],[-121.941564,42.395899],[-121.939357,42.393868],[-121.934907,42.387933],[-121.934655,42.386468],[-121.931227,42.383015],[-121.924711,42.379572],[-121.919365,42.373708],[-121.910542,42.367503],[-121.905185,42.362912],[-121.901811,42.360715],[-121.899836,42.358189],[-121.894842,42.355602],[-121.894075,42.352132],[-121.898152,42.353742],[-121.901231,42.35275],[-121.910868,42.350996],[-121.918515,42.347193],[-121.925716,42.345784],[-121.931362,42.342853],[-121.938918,42.341771],[-121.941145,42.340877],[-121.941278,42.338659],[-121.943735,42.33323],[-121.945361,42.323343],[-121.943083,42.320307],[-121.942002,42.317277],[-121.94252,42.314549],[-121.941647,42.310898],[-121.938777,42.30688],[-121.936218,42.304794],[-121.930104,42.293929],[-121.927753,42.28805],[-121.924877,42.288538],[-121.929002,42.292332],[-121.928772,42.298387],[-121.926368,42.303064],[-121.925087,42.308449],[-121.919784,42.310666],[-121.913245,42.312196],[-121.903444,42.313259],[-121.897023,42.314947],[-121.897435,42.317928],[-121.892892,42.319211],[-121.886837,42.315349],[-121.88599,42.311764],[-121.886716,42.309876],[-121.885431,42.307521],[-121.880222,42.301902],[-121.876646,42.298843],[-121.875664,42.296522],[-121.876008,42.293118],[-121.874873,42.289018],[-121.863178,42.282244],[-121.859659,42.281741],[-121.856877,42.278953],[-121.855426,42.275973],[-121.85232,42.273312],[-121.849655,42.265792],[-121.845609,42.260474],[-121.844477,42.257032],[-121.840647,42.254415],[-121.843328,42.250906],[-121.842947,42.248057],[-121.841373,42.24713],[-121.841423,42.244061],[-121.839953,42.242914],[-121.836133,42.242794],[-121.834802,42.240758],[-121.832047,42.240297],[-121.828965,42.236746],[-121.823543,42.235742],[-121.819657,42.236017],[-121.814294,42.234941],[-121.809329,42.234957],[-121.807157,42.240145],[-121.812417,42.240738],[-121.814242,42.242632],[-121.815978,42.249197],[-121.81307,42.252047],[-121.812782,42.255318],[-121.81409,42.260028],[-121.817977,42.263805],[-121.820113,42.264645],[-121.824608,42.269135],[-121.827321,42.270545],[-121.831875,42.275496],[-121.835019,42.28272],[-121.835287,42.287507],[-121.833174,42.290307],[-121.830867,42.290148],[-121.828325,42.296577],[-121.830404,42.301116],[-121.818054,42.301304],[-121.818626,42.328965],[-121.820846,42.333439],[-121.825597,42.338132],[-121.829416,42.343319],[-121.829143,42.346822],[-121.826806,42.352097],[-121.81473,42.381392],[-121.815419,42.38653],[-121.819026,42.391515],[-121.825152,42.401412],[-121.828908,42.404628],[-121.838897,42.414491],[-121.844018,42.417937],[-121.850815,42.423204],[-121.857651,42.430541],[-121.864509,42.434315],[-121.867922,42.438727],[-121.868585,42.442849],[-121.87173,42.446235],[-121.879793,42.447841],[-121.886035,42.446703],[-121.892144,42.444718],[-121.894329,42.447387],[-121.894236,42.452558],[-121.893458,42.458204],[-121.895908,42.459624],[-121.899986,42.463606],[-121.903711,42.465817],[-121.908084,42.46577],[-121.908616,42.469991],[-121.911331,42.471537],[-121.913753,42.475744],[-121.922157,42.476812],[-121.924493,42.478343],[-121.925185,42.480804],[-121.927134,42.482141],[-121.927751,42.486854],[-121.929607,42.48958],[-121.934779,42.487746],[-121.938276,42.48872],[-121.943512,42.487963],[-121.944896,42.490014],[-121.943336,42.491977],[-121.94818,42.494182],[-121.948991,42.492875],[-121.953205,42.493108],[-121.955331,42.49523],[-121.957405,42.494732],[-122.000084,42.495473],[-122.004822,42.495693]],[[-121.819869,42.329026],[-121.819032,42.325825],[-121.818921,42.320391],[-121.821702,42.318508],[-121.822257,42.315252],[-121.821369,42.312266],[-121.825266,42.310158],[-121.829999,42.309603],[-121.833446,42.310739],[-121.831309,42.312369],[-121.833115,42.316261],[-121.830786,42.32045],[-121.83132,42.323184],[-121.828643,42.327438],[-121.824233,42.325869],[-121.823701,42.328515],[-121.819869,42.329026]],[[-121.852803,42.301226],[-121.847632,42.297352],[-121.846041,42.293872],[-121.84646,42.290924],[-121.848538,42.290237],[-121.852317,42.29297],[-121.85775,42.300906],[-121.856538,42.301938],[-121.852803,42.301226]],[[-121.935394,42.418334],[-121.938247,42.4198],[-121.938461,42.42238],[-121.936424,42.423906],[-121.934527,42.427095],[-121.931207,42.427447],[-121.927347,42.423812],[-121.927903,42.421995],[-121.933623,42.420179],[-121.935394,42.418334]],[[-121.821006,42.308127],[-121.818713,42.307622],[-121.819193,42.301298],[-121.82877,42.301303],[-121.828112,42.303598],[-121.825686,42.303411],[-121.820828,42.307216],[-121.821006,42.308127]],[[-121.822544,42.308292],[-121.823424,42.306453],[-121.827588,42.306524],[-121.831515,42.309334],[-121.822544,42.308292]],[[-121.84184,42.308761],[-121.842159,42.312027],[-121.838897,42.31166],[-121.84184,42.308761]]]},"properties":{"OBJECTID":6,"fhdFtrID":6,"fhdRefID":53684,"fhdRevDt":"20190201","fhdONm":"Peter Robinson","fhdOEnt":"ODFW","fhdSpNm":"LMbass","fhdRun":"NA","fhdLifeHst":"Resident","fhdUseTy":"ResidentMultipleUses","fhdBasis":"UndocObsFish","fhdStNm":"Upper Klamath Lake","fhdGenus":"Micropterus","fhdSp":"salmoides","fhdSubSp":null,"fhdOrig":"NonNative","fhdProd":"Natural","fhdComment":null,"fhdESH":"NA","fhdBasisD":null,"fhdNMF":"no","fhdBasisDt":null,"fhdBasisNm":null,"fhdBasisEnt":null,"fhdBasisPrj":null,"fhdBasisMethod":null,"fhdAccess":null,"fhdBarrierFtrID":null,"fhdEndExtent":null,"Shape__Area":461074607.09581786,"Shape__Length":369212.49486474745,"habitatType":"lake"},"id":97},
{"type":"Feature","geometry":{"type":"Polygon","coordinates":[[[-121.02437,42.113702],[-121.021217,42.115204],[-121.024199,42.12014],[-121.026789,42.116106],[-121.02437,42.113702]]]},"properties":{"OBJECTID":7,"fhdFtrID":7,"fhdRefID":53684,"fhdRevDt":"20190201","fhdONm":"Peter Robinson","fhdOEnt":"ODFW","fhdSpNm":"LMbass","fhdRun":"NA","fhdLifeHst":"Resident","fhdUseTy":"ResidentMultipleUses","fhdBasis":"UndocObsFish","fhdStNm":"Upper Midway Reservoir","fhdGenus":"Micropterus","fhdSp":"salmoides","fhdSubSp":null,"fhdOrig":"NonNative","fhdProd":"Natural","fhdComment":null,"fhdESH":"NA","fhdBasisD":null,"fhdNMF":"no","fhdBasisDt":null,"fhdBasisNm":null,"fhdBasisEnt":null,"fhdBasisPrj":null,"fhdBasisMethod":null,"fhdAccess":null,"fhdBarrierFtrID":null,"fhdEndExtent":null,"Shape__Area":364028.906889515,"Shape__Length":2541.3669496885086,"habitatType":"lake"},"id":98},
{"type":"Feature","geometry":{"type":"Polygon","coordinates":[[[-122.430241,42.265229],[-122.429419,42.268595],[-122.43291,42.268755],[-122.433278,42.265002],[-122.435812,42.264901],[-122.440181,42.266834],[-122.443636,42.267114],[-122.443079,42.262303],[-122.436715,42.261038],[-122.4332,42.259059],[-122.423487,42.255905],[-122.422617,42.25382],[-122.420238,42.253797],[-122.416145,42.249572],[-122.409944,42.241461],[-122.410076,42.238783],[-122.413069,42.227167],[-122.411203,42.224079],[-122.404871,42.224465],[-122.403091,42.219771],[-122.396305,42.212324],[-122.39068,42.208295],[-122.387991,42.205023],[-122.382852,42.202673],[-122.379591,42.205462],[-122.378618,42.208253],[-122.376187,42.209733],[-122.377991,42.215071],[-122.377158,42.217875],[-122.378783,42.220416],[-122.383055,42.221978],[-122.384348,42.223921],[-122.383426,42.22574],[-122.389189,42.225253],[-122.392398,42.22633],[-122.390483,42.228578],[-122.398582,42.231448],[-122.40098,42.234808],[-122.401408,42.238622],[-122.400687,42.242502],[-122.401827,42.245229],[-122.406224,42.250594],[-122.409883,42.251861],[-122.412271,42.254175],[-122.411534,42.256468],[-122.413054,42.258412],[-122.415944,42.257016],[-122.421717,42.256094],[-122.426454,42.259501],[-122.430698,42.260668],[-122.430241,42.265229]]]},"properties":{"OBJECTID":8,"fhdFtrID":8,"fhdRefID":53718,"fhdRevDt":"20190201","fhdONm":"Kevin Stertz","fhdOEnt":"ODFW","fhdSpNm":"LMbass","fhdRun":"NA","fhdLifeHst":"Resident","fhdUseTy":"ResidentMultipleUses","fhdBasis":"DocObsFish","fhdStNm":"Howard Prairie Reservoir","fhdGenus":"Micropterus","fhdSp":"salmoides","fhdSubSp":null,"fhdOrig":"NonNative","fhdProd":"Natural","fhdComment":null,"fhdESH":"NA","fhdBasisD":null,"fhdNMF":"no","fhdBasisDt":"20170000","fhdBasisNm":null,"fhdBasisEnt":null,"fhdBasisPrj":null,"fhdBasisMethod":"Electrofisher","fhdAccess":null,"fhdBarrierFtrID":null,"fhdEndExtent":null,"Shape__Area":14552457.986369215,"Shape__Length":44363.17900609062,"habitatType":"lake"},"id":99},
{"type":"Feature","geometry":{"type":"Polygon","coordinates":[[[-121.106281,42.054375],[-121.104733,42.058119],[-121.108137,42.060582],[-121.10883,42.056767],[-121.106281,42.054375]]]},"properties":{"OBJECTID":9,"fhdFtrID":9,"fhdRefID":53684,"fhdRevDt":"20190201","fhdONm":"Peter Robinson","fhdOEnt":"ODFW","fhdSpNm":"LMbass","fhdRun":"NA","fhdLifeHst":"Resident","fhdUseTy":"ResidentMultipleUses","fhdBasis":"UndocObsFish","fhdStNm":"Bumphead Reservoir","fhdGenus":"Micropterus","fhdSp":"salmoides","fhdSubSp":null,"fhdOrig":"NonNative","fhdProd":"Natural","fhdComment":null,"fhdESH":"NA","fhdBasisD":null,"fhdNMF":"no","fhdBasisDt":null,"fhdBasisNm":null,"fhdBasisEnt":null,"fhdBasisPrj":null,"fhdBasisMethod":null,"fhdAccess":null,"fhdBarrierFtrID":null,"fhdEndExtent":null,"Shape__Area":312292.871164985,"Shape__Length":2395.704627282051,"habitatType":"lake"},"id":100},
{"type":"Feature","geometry":{"type":"Polygon","coordinates":[[[-121.004501,42.468634],[-121.00066,42.468171],[-120.995984,42.470232],[-120.999251,42.47228],[-121.002705,42.471935],[-121.006595,42.472795],[-121.006961,42.470838],[-121.004501,42.468634]]]},"properties":{"OBJECTID":10,"fhdFtrID":10,"fhdRefID":53684,"fhdRevDt":"20190201","fhdONm":"Peter Robinson","fhdOEnt":"ODFW","fhdSpNm":"LMbass","fhdRun":"NA","fhdLifeHst":"Resident","fhdUseTy":"ResidentMultipleUses","fhdBasis":"UndocObsFish","fhdStNm":"Obenchain Reservoir","fhdGenus":"Micropterus","fhdSp":"salmoides","fhdSubSp":null,"fhdOrig":"NonNative","fhdProd":"Natural","fhdComment":null,"fhdESH":"NA","fhdBasisD":null,"fhdNMF":"no","fhdBasisDt":null,"fhdBasisNm":null,"fhdBasisEnt":null,"fhdBasisPrj":null,"fhdBasisMethod":null,"fhdAccess":null,"fhdBarrierFtrID":null,"fhdEndExtent":null,"Shape__Area":530471.93722295,"Shape__Length":3390.1782571089802,"habitatType":"lake"},"id":101},
{"type":"Feature","geometry":{"type":"Polygon","coordinates":[[[-120.966855,42.425368],[-120.965683,42.422492],[-120.967009,42.418356],[-120.961868,42.415035],[-120.960513,42.412863],[-120.954819,42.41196],[-120.95356,42.414083],[-120.96286,42.424468],[-120.966855,42.425368]]]},"properties":{"OBJECTID":11,"fhdFtrID":11,"fhdRefID":53684,"fhdRevDt":"20190201","fhdONm":"Peter Robinson","fhdOEnt":"ODFW","fhdSpNm":"LMbass","fhdRun":"NA","fhdLifeHst":"Resident","fhdUseTy":"ResidentMultipleUses","fhdBasis":"UndocObsFish","fhdStNm":"Campbell Reservoir","fhdGenus":"Micropterus","fhdSp":"salmoides","fhdSubSp":null,"fhdOrig":"NonNative","fhdProd":"Natural","fhdComment":null,"fhdESH":"NA","fhdBasisD":null,"fhdNMF":"no","fhdBasisDt":null,"fhdBasisNm":null,"fhdBasisEnt":null,"fhdBasisPrj":null,"fhdBasisMethod":null,"fhdAccess":null,"fhdBarrierFtrID":null,"fhdEndExtent":null,"Shape__Area":1535387.42547529,"Shape__Length":5990.021024688841,"habitatType":"lake"},"id":102},
{"type":"Feature","geometry":{"type":"Polygon","coordinates":[[[-121.112488,42.016444],[-121.114262,42.017027],[-121.114993,42.019684],[-121.117359,42.022531],[-121.119198,42.021043],[-121.119769,42.018167],[-121.116909,42.01269],[-121.115999,42.007608],[-121.109571,42.003154],[-121.100974,41.997948],[-121.104133,42.004797],[-121.103267,42.008272],[-121.104939,42.009824],[-121.103454,42.011614],[-121.098205,42.010117],[-121.09733,42.011506],[-121.097906,42.015271],[-121.105621,42.016735],[-121.10545,42.014248],[-121.112488,42.016444]]]},"properties":{"OBJECTID":12,"fhdFtrID":12,"fhdRefID":53684,"fhdRevDt":"20190201","fhdONm":"Peter Robinson","fhdOEnt":"ODFW","fhdSpNm":"LMbass","fhdRun":"NA","fhdLifeHst":"Resident","fhdUseTy":"ResidentMultipleUses","fhdBasis":"UndocObsFish","fhdStNm":"Willow Valley Reservoir","fhdGenus":"Micropterus","fhdSp":"salmoides","fhdSubSp":null,"fhdOrig":"NonNative","fhdProd":"Natural","fhdComment":null,"fhdESH":"NA","fhdBasisD":null,"fhdNMF":"no","fhdBasisDt":null,"fhdBasisNm":null,"fhdBasisEnt":null,"fhdBasisPrj":null,"fhdBasisMethod":null,"fhdAccess":null,"fhdBarrierFtrID":null,"fhdEndExtent":null,"Shape__Area":3984589.57296903,"Shape__Length":14973.395195935786,"habitatType":"lake"},"id":103},
{"type":"Feature","geometry":{"type":"Polygon","coordinates":[[[-122.446183,42.202573],[-122.451842,42.198689],[-122.456795,42.199817],[-122.458753,42.196891],[-122.458129,42.194967],[-122.454854,42.192403],[-122.455095,42.188303],[-122.456272,42.186391],[-122.465093,42.180069],[-122.468314,42.176963],[-122.468587,42.172378],[-122.46226,42.171143],[-122.456602,42.173078],[-122.456472,42.178381],[-122.453576,42.181331],[-122.449532,42.181668],[-122.440758,42.185651],[-122.438882,42.187832],[-122.440217,42.189358],[-122.445033,42.188629],[-122.442846,42.194585],[-122.445905,42.195779],[-122.444527,42.200274],[-122.446183,42.202573]]]},"properties":{"OBJECTID":13,"fhdFtrID":13,"fhdRefID":53718,"fhdRevDt":"20190509","fhdONm":"Kevin Stertz","fhdOEnt":"ODFW","fhdSpNm":"LMbass","fhdRun":"NA","fhdLifeHst":"Resident","fhdUseTy":"ResidentMultipleUses","fhdBasis":"DocObsFish","fhdStNm":"Hyatt Reservoir","fhdGenus":"Micropterus","fhdSp":"salmoides","fhdSubSp":null,"fhdOrig":"NonNative","fhdProd":"Natural","fhdComment":null,"fhdESH":"NA","fhdBasisD":null,"fhdNMF":"no","fhdBasisDt":"20170000","fhdBasisNm":"Kevin Stertz","fhdBasisEnt":null,"fhdBasisPrj":null,"fhdBasisMethod":"Electrofisher","fhdAccess":null,"fhdBarrierFtrID":null,"fhdEndExtent":null,"Shape__Area":5970134.58451086,"Shape__Length":16727.218299607943,"habitatType":"lake"},"id":104},
{"type":"Feature","geometry":{"type":"Polygon","coordinates":[[[-122.014939,42.150056],[-122.021705,42.150639],[-122.026448,42.149512],[-122.03491,42.149821],[-122.036696,42.147615],[-122.037989,42.143267],[-122.035837,42.1391],[-122.033131,42.136766],[-122.030999,42.137984],[-122.033491,42.140022],[-122.033939,42.143102],[-122.03624,42.144694],[-122.034483,42.148718],[-122.028699,42.148046],[-122.024804,42.148347],[-122.021087,42.149927],[-122.014939,42.150056]]]},"properties":{"OBJECTID":14,"fhdFtrID":14,"fhdRefID":53684,"fhdRevDt":"20190201","fhdONm":"Peter Robinson","fhdOEnt":"ODFW","fhdSpNm":"LMbass","fhdRun":"NA","fhdLifeHst":"Resident","fhdUseTy":"ResidentMultipleUses","fhdBasis":"UndocObsFish","fhdStNm":"John C Boyle Reservoir","fhdGenus":"Micropterus","fhdSp":"salmoides","fhdSubSp":null,"fhdOrig":"NonNative","fhdProd":"Natural","fhdComment":null,"fhdESH":"NA","fhdBasisD":null,"fhdNMF":"no","fhdBasisDt":null,"fhdBasisNm":null,"fhdBasisEnt":null,"fhdBasisPrj":null,"fhdBasisMethod":null,"fhdAccess":null,"fhdBarrierFtrID":null,"fhdEndExtent":null,"Shape__Area":1352961.49781106,"Shape__Length":15250.925992162362,"habitatType":"lake"},"id":105},
{"type":"Feature","geometry":{"type":"Polygon","coordinates":[[[-121.085077,42.141832],[-121.086405,42.139103],[-121.083224,42.130476],[-121.08,42.132203],[-121.079018,42.129241],[-121.074611,42.129582],[-121.071743,42.134193],[-121.070719,42.137382],[-121.072636,42.139687],[-121.085077,42.141832]]]},"properties":{"OBJECTID":15,"fhdFtrID":15,"fhdRefID":53684,"fhdRevDt":"20190201","fhdONm":"Peter Robinson","fhdOEnt":"ODFW","fhdSpNm":"LMbass","fhdRun":"NA","fhdLifeHst":"Resident","fhdUseTy":"ResidentMultipleUses","fhdBasis":"UndocObsFish","fhdStNm":"Round Valley Reservoir","fhdGenus":"Micropterus","fhdSp":"salmoides","fhdSubSp":null,"fhdOrig":"NonNative","fhdProd":"Natural","fhdComment":null,"fhdESH":"NA","fhdBasisD":null,"fhdNMF":"no","fhdBasisDt":null,"fhdBasisNm":null,"fhdBasisEnt":null,"fhdBasisPrj":null,"fhdBasisMethod":null,"fhdAccess":null,"fhdBarrierFtrID":null,"fhdEndExtent":null,"Shape__Area":2286682.914148585,"Shape__Length":7355.667477198186,"habitatType":"lake"},"id":106},
{"type":"Feature","geometry":{"type":"Polygon","coordinates":[[[-121.345859,42.104668],[-121.352897,42.105224],[-121.353624,42.100948],[-121.347623,42.099254],[-121.341993,42.100145],[-121.345859,42.104668]]]},"properties":{"OBJECTID":16,"fhdFtrID":16,"fhdRefID":53684,"fhdRevDt":"20190201","fhdONm":"Peter Robinson","fhdOEnt":"ODFW","fhdSpNm":"LMbass","fhdRun":"NA","fhdLifeHst":"Resident","fhdUseTy":"ResidentMultipleUses","fhdBasis":"UndocObsFish","fhdStNm":"Harpold Reservoir","fhdGenus":"Micropterus","fhdSp":"salmoides","fhdSubSp":null,"fhdOrig":"NonNative","fhdProd":"Natural","fhdComment":null,"fhdESH":"NA","fhdBasisD":null,"fhdNMF":"no","fhdBasisDt":null,"fhdBasisNm":null,"fhdBasisEnt":null,"fhdBasisPrj":null,"fhdBasisMethod":null,"fhdAccess":null,"fhdBarrierFtrID":null,"fhdEndExtent":null,"Shape__Area":900424.88051233,"Shape__Length":4241.6214964742185,"habitatType":"lake"},"id":107},
{"type":"Feature","geometry":{"type":"Polygon","coordinates":[[[-116.701875,45.236909],[-116.700389,45.242403],[-116.702999,45.243297],[-116.706749,45.237817],[-116.705282,45.234058],[-116.706655,45.227379],[-116.710882,45.221827],[-116.711583,45.215194],[-116.709814,45.210951],[-116.709968,45.204311],[-116.710942,45.201575],[-116.715638,45.193619],[-116.717666,45.186338],[-116.721826,45.179636],[-116.726524,45.174467],[-116.726851,45.172399],[-116.725341,45.161835],[-116.728725,45.156556],[-116.730448,45.150976],[-116.731245,45.14272],[-116.732493,45.14085],[-116.745554,45.134235],[-116.746985,45.132522],[-116.746461,45.12774],[-116.753559,45.123023],[-116.755268,45.115055],[-116.759314,45.112198],[-116.767405,45.11022],[-116.775547,45.10696],[-116.780236,45.101232],[-116.784584,45.094352],[-116.785218,45.091397],[-116.785297,45.084265],[-116.786609,45.080008],[-116.78502,45.07846],[-116.788771,45.073694],[-116.791102,45.072049],[-116.79675,45.06478],[-116.797708,45.061286],[-116.801784,45.057761],[-116.805915,45.055396],[-116.810876,45.051391],[-116.812392,45.051133],[-116.8212,45.045006],[-116.826005,45.039425],[-116.832989,45.035776],[-116.842809,45.03143],[-116.844175,45.028286],[-116.849371,45.022797],[-116.849632,45.020435],[-116.846883,45.018081],[-116.845708,45.014351],[-116.848953,45.011915],[-116.846531,45.008125],[-116.845376,45.002036],[-116.848563,44.998655],[-116.852852,44.992643],[-116.856176,44.986222],[-116.858615,44.984408],[-116.859525,44.98009],[-116.858809,44.977019],[-116.85375,44.972117],[-116.8481,44.970874],[-116.843853,44.974939],[-116.838902,44.982263],[-116.836832,44.983574],[-116.83081,44.984394],[-116.826688,44.982595],[-116.831431,44.975655],[-116.834785,44.973404],[-116.833026,44.972159],[-116.830327,44.976543],[-116.827986,44.978655],[-116.825428,44.984074],[-116.83268,44.985385],[-116.838623,44.98449],[-116.840464,44.98354],[-116.845546,44.975361],[-116.849841,44.972385],[-116.853046,44.973103],[-116.857872,44.978334],[-116.856532,44.983405],[-116.851731,44.991463],[-116.848622,44.994444],[-116.847899,44.996451],[-116.844369,45.000356],[-116.843388,45.005459],[-116.844127,45.009536],[-116.845913,45.011691],[-116.843666,45.015845],[-116.845154,45.018185],[-116.846554,45.023173],[-116.842912,45.026373],[-116.841847,45.029213],[-116.83828,45.031402],[-116.834988,45.032145],[-116.823985,45.037644],[-116.820117,45.042217],[-116.817739,45.043107],[-116.816186,45.045822],[-116.807442,45.050415],[-116.796455,45.058499],[-116.794025,45.063958],[-116.791932,45.06517],[-116.786959,45.072224],[-116.782268,45.075597],[-116.78128,45.078634],[-116.782619,45.081341],[-116.782816,45.087908],[-116.78242,45.094007],[-116.776922,45.100198],[-116.774138,45.104613],[-116.765428,45.108669],[-116.759013,45.110631],[-116.753252,45.113273],[-116.750634,45.118783],[-116.745399,45.121653],[-116.740604,45.125974],[-116.740405,45.129702],[-116.736842,45.131556],[-116.733119,45.136774],[-116.728866,45.139904],[-116.727233,45.142832],[-116.727512,45.14495],[-116.726092,45.149239],[-116.72662,45.155042],[-116.723763,45.159108],[-116.722278,45.164702],[-116.723284,45.172031],[-116.720275,45.178483],[-116.717586,45.180926],[-116.715866,45.184205],[-116.712708,45.194925],[-116.70876,45.198754],[-116.706602,45.205514],[-116.706513,45.207782],[-116.708258,45.21641],[-116.702762,45.228063],[-116.701875,45.236909]]]},"properties":{"OBJECTID":17,"fhdFtrID":17,"fhdRefID":53684,"fhdRevDt":"20190212","fhdONm":"Peter Robinson","fhdOEnt":"ODFW","fhdSpNm":"LMbass","fhdRun":"NA","fhdLifeHst":"Resident","fhdUseTy":"ResidentMultipleUses","fhdBasis":"UndocObsFish","fhdStNm":"Hells Canyon Reservoir","fhdGenus":"Micropterus","fhdSp":"salmoides","fhdSubSp":null,"fhdOrig":"NonNative","fhdProd":"Natural","fhdComment":null,"fhdESH":"NA","fhdBasisD":null,"fhdNMF":"no","fhdBasisDt":null,"fhdBasisNm":null,"fhdBasisEnt":null,"fhdBasisPrj":null,"fhdBasisMethod":null,"fhdAccess":null,"fhdBarrierFtrID":null,"fhdEndExtent":null,"Shape__Area":18695910.95635435,"Shape__Length":121775.12852254763,"habitatType":"lake"},"id":108},
{"type":"Feature","geometry":{"type":"Polygon","coordinates":[[[-118.248039,43.667104],[-118.254624,43.667138],[-118.255385,43.662298],[-118.253338,43.660052],[-118.256016,43.658435],[-118.25567,43.656113],[-118.260509,43.654332],[-118.260325,43.649024],[-118.259148,43.646752],[-118.260028,43.643256],[-118.262604,43.643658],[-118.267647,43.641207],[-118.261647,43.641188],[-118.257089,43.641866],[-118.251583,43.639053],[-118.248857,43.639256],[-118.244291,43.637606],[-118.243486,43.633825],[-118.241897,43.631263],[-118.249364,43.626462],[-118.248889,43.6235],[-118.252798,43.62072],[-118.248418,43.620301],[-118.249457,43.617579],[-118.24869,43.61344],[-118.25416,43.610709],[-118.259327,43.610042],[-118.257713,43.607604],[-118.255198,43.607071],[-118.255624,43.604025],[-118.259905,43.605229],[-118.258936,43.598719],[-118.25992,43.596656],[-118.255796,43.596824],[-118.255269,43.595134],[-118.25104,43.595996],[-118.24374,43.60307],[-118.241497,43.602912],[-118.241131,43.599844],[-118.239491,43.59844],[-118.239549,43.595356],[-118.242824,43.59233],[-118.243788,43.590068],[-118.249932,43.588132],[-118.245537,43.587071],[-118.238449,43.589423],[-118.235393,43.591538],[-118.231421,43.591748],[-118.231306,43.589393],[-118.233585,43.587987],[-118.23743,43.581438],[-118.241084,43.580547],[-118.241353,43.578231],[-118.236074,43.575061],[-118.23551,43.577564],[-118.232476,43.578938],[-118.232887,43.583224],[-118.230292,43.585804],[-118.223957,43.586701],[-118.218235,43.588728],[-118.213682,43.588625],[-118.209324,43.585245],[-118.205881,43.586848],[-118.206555,43.590964],[-118.208684,43.592309],[-118.205831,43.594746],[-118.212606,43.598345],[-118.21531,43.598772],[-118.219571,43.602075],[-118.216346,43.602394],[-118.217287,43.610813],[-118.224482,43.616848],[-118.222617,43.618594],[-118.225136,43.622698],[-118.225203,43.625715],[-118.227243,43.627158],[-118.229346,43.630686],[-118.231727,43.631135],[-118.235009,43.634817],[-118.23523,43.636672],[-118.238868,43.640742],[-118.24139,43.647256],[-118.245609,43.648802],[-118.249355,43.652949],[-118.250831,43.655604],[-118.249725,43.659831],[-118.252383,43.662],[-118.252554,43.665288],[-118.248028,43.664541],[-118.248039,43.667104]]]},"properties":{"OBJECTID":18,"fhdFtrID":18,"fhdRefID":53684,"fhdRevDt":"20190219","fhdONm":"Peter Robinson","fhdOEnt":"ODFW","fhdSpNm":"LMbass","fhdRun":"NA","fhdLifeHst":"Resident","fhdUseTy":"ResidentMultipleUses","fhdBasis":"UndocObsFish","fhdStNm":"Warm Springs Reservoir","fhdGenus":"Micropterus","fhdSp":"salmoides","fhdSubSp":null,"fhdOrig":"NonNative","fhdProd":"Natural","fhdComment":null,"fhdESH":"NA","fhdBasisD":null,"fhdNMF":"no","fhdBasisDt":null,"fhdBasisNm":null,"fhdBasisEnt":null,"fhdBasisPrj":null,"fhdBasisMethod":null,"fhdAccess":null,"fhdBarrierFtrID":null,"fhdEndExtent":null,"Shape__Area":31964369.911938075,"Shape__Length":71794.61772522835,"habitatType":"lake"},"id":109},
{"type":"Feature","geometry":{"type":"Polygon","coordinates":[[[-116.837628,44.968133],[-116.834555,44.969631],[-116.836998,44.971282],[-116.842231,44.968409],[-116.845592,44.96818],[-116.852068,44.964849],[-116.85394,44.961655],[-116.849957,44.95272],[-116.846719,44.950222],[-116.842704,44.944131],[-116.835297,44.936955],[-116.833737,44.932911],[-116.834506,44.929915],[-116.838241,44.926814],[-116.839642,44.924404],[-116.840047,44.920011],[-116.842946,44.916208],[-116.844918,44.908694],[-116.849151,44.903343],[-116.851011,44.899088],[-116.854194,44.887875],[-116.857748,44.88472],[-116.858653,44.882228],[-116.865413,44.874904],[-116.865877,44.871758],[-116.867851,44.870023],[-116.878221,44.866415],[-116.879752,44.8627],[-116.884872,44.858346],[-116.894041,44.855419],[-116.88932,44.854375],[-116.884102,44.856759],[-116.881507,44.859282],[-116.876442,44.862539],[-116.868336,44.868772],[-116.863507,44.87109],[-116.861495,44.873725],[-116.860666,44.877117],[-116.858651,44.877835],[-116.854778,44.882538],[-116.854888,44.884068],[-116.850518,44.889122],[-116.850508,44.893038],[-116.848156,44.896545],[-116.848414,44.899453],[-116.844108,44.904029],[-116.841191,44.909778],[-116.840341,44.914683],[-116.837675,44.916587],[-116.835831,44.923408],[-116.833552,44.926825],[-116.831661,44.927786],[-116.830588,44.9308],[-116.830743,44.934167],[-116.833429,44.938744],[-116.834569,44.943085],[-116.836471,44.943114],[-116.839868,44.947566],[-116.845472,44.951715],[-116.843983,44.953693],[-116.849386,44.957932],[-116.850139,44.96075],[-116.846948,44.96378],[-116.843091,44.964449],[-116.840574,44.96693],[-116.837628,44.968133]]]},"properties":{"OBJECTID":19,"fhdFtrID":19,"fhdRefID":53684,"fhdRevDt":"20190201","fhdONm":"Peter Robinson","fhdOEnt":"ODFW","fhdSpNm":"LMbass","fhdRun":"NA","fhdLifeHst":"Resident","fhdUseTy":"ResidentMultipleUses","fhdBasis":"UndocObsFish","fhdStNm":"Oxbow Reservoir","fhdGenus":"Micropterus","fhdSp":"salmoides","fhdSubSp":null,"fhdOrig":"NonNative","fhdProd":"Natural","fhdComment":null,"fhdESH":"NA","fhdBasisD":null,"fhdNMF":"no","fhdBasisDt":null,"fhdBasisNm":null,"fhdBasisEnt":null,"fhdBasisPrj":null,"fhdBasisMethod":null,"fhdAccess":null,"fhdBarrierFtrID":null,"fhdEndExtent":null,"Shape__Area":8922295.49513655,"Shape__Length":57451.92246342264,"habitatType":"lake"},"id":110},
{"type":"Feature","geometry":{"type":"Polygon","coordinates":[[[-117.238128,43.643285],[-117.243341,43.641465],[-117.238766,43.639102],[-117.237531,43.634508],[-117.240945,43.633101],[-117.246892,43.632583],[-117.252871,43.6311],[-117.253507,43.628987],[-117.26263,43.626746],[-117.265322,43.62408],[-117.265741,43.620946],[-117.26871,43.616331],[-117.274882,43.617716],[-117.277033,43.620697],[-117.278893,43.618892],[-117.286894,43.618839],[-117.290226,43.619822],[-117.292923,43.618736],[-117.295999,43.616047],[-117.300064,43.610487],[-117.302361,43.611234],[-117.303079,43.607502],[-117.308903,43.608726],[-117.310852,43.611322],[-117.313096,43.608786],[-117.317145,43.608528],[-117.321457,43.606091],[-117.322159,43.599049],[-117.325708,43.598983],[-117.328647,43.601392],[-117.332255,43.595238],[-117.332368,43.59301],[-117.330969,43.58841],[-117.33186,43.586511],[-117.336564,43.58595],[-117.34166,43.583446],[-117.344134,43.578643],[-117.34238,43.575086],[-117.345913,43.574355],[-117.349507,43.574898],[-117.35075,43.571203],[-117.355106,43.571097],[-117.352385,43.566153],[-117.362693,43.570019],[-117.365023,43.567773],[-117.370105,43.568895],[-117.369353,43.571794],[-117.370804,43.573396],[-117.369961,43.576338],[-117.372604,43.576347],[-117.37229,43.572325],[-117.374893,43.57117],[-117.372059,43.568373],[-117.37504,43.567224],[-117.378735,43.567087],[-117.382581,43.564638],[-117.38728,43.56465],[-117.393583,43.562197],[-117.400614,43.561358],[-117.394035,43.558922],[-117.388523,43.560215],[-117.386066,43.559746],[-117.374794,43.563322],[-117.367911,43.563704],[-117.364114,43.564474],[-117.358573,43.563478],[-117.35911,43.554822],[-117.357454,43.551304],[-117.355702,43.550135],[-117.355653,43.544432],[-117.356711,43.537472],[-117.357834,43.535803],[-117.362732,43.536942],[-117.367559,43.535354],[-117.369248,43.533629],[-117.369826,43.530528],[-117.368073,43.527856],[-117.368749,43.524996],[-117.364005,43.526222],[-117.361401,43.524033],[-117.360091,43.528029],[-117.357814,43.5287],[-117.354875,43.523558],[-117.349789,43.520277],[-117.351457,43.5101],[-117.354125,43.507382],[-117.356352,43.501031],[-117.352265,43.498235],[-117.346863,43.500436],[-117.343726,43.497996],[-117.341678,43.493742],[-117.342305,43.487281],[-117.352064,43.482146],[-117.354302,43.479785],[-117.353793,43.475311],[-117.348937,43.47175],[-117.341008,43.470188],[-117.342973,43.467344],[-117.337969,43.46739],[-117.339287,43.465177],[-117.348156,43.463885],[-117.350649,43.461408],[-117.353509,43.456033],[-117.352654,43.450797],[-117.348629,43.448542],[-117.350465,43.445484],[-117.357268,43.444818],[-117.358719,43.441436],[-117.362438,43.438508],[-117.362788,43.433952],[-117.355522,43.426248],[-117.352985,43.427858],[-117.348194,43.42585],[-117.345295,43.427481],[-117.340993,43.425385],[-117.34438,43.421207],[-117.349779,43.419652],[-117.34672,43.417183],[-117.341453,43.410043],[-117.342077,43.408078],[-117.338282,43.408079],[-117.338261,43.410093],[-117.330821,43.408349],[-117.325173,43.402948],[-117.320851,43.396411],[-117.321641,43.395016],[-117.315972,43.392854],[-117.316349,43.390532],[-117.31254,43.390367],[-117.313421,43.386876],[-117.3126,43.385515],[-117.314346,43.378527],[-117.317627,43.376002],[-117.316204,43.372219],[-117.318153,43.367443],[-117.316498,43.364122],[-117.313315,43.36129],[-117.312781,43.357898],[-117.319589,43.354692],[-117.321191,43.352924],[-117.32213,43.347429],[-117.324348,43.344152],[-117.323731,43.340062],[-117.318924,43.335808],[-117.319797,43.333569],[-117.32227,43.33246],[-117.330805,43.330576],[-117.334353,43.326876],[-117.329779,43.319784],[-117.331688,43.317116],[-117.337197,43.314068],[-117.338421,43.311883],[-117.342689,43.307244],[-117.343146,43.305037],[-117.347159,43.303093],[-117.35564,43.307745],[-117.357067,43.306361],[-117.364425,43.305113],[-117.366574,43.30389],[-117.375042,43.300991],[-117.381542,43.303887],[-117.387593,43.303471],[-117.387868,43.307368],[-117.393624,43.308925],[-117.396757,43.311237],[-117.401952,43.310618],[-117.402688,43.311658],[-117.408618,43.314056],[-117.411287,43.31353],[-117.414836,43.310989],[-117.417145,43.306514],[-117.419724,43.306324],[-117.427901,43.3084],[-117.433681,43.311546],[-117.433824,43.31253],[-117.440409,43.31462],[-117.445078,43.317314],[-117.446846,43.321287],[-117.444749,43.325086],[-117.447057,43.327374],[-117.451749,43.327166],[-117.449681,43.324253],[-117.452274,43.322974],[-117.452063,43.320974],[-117.446732,43.314357],[-117.442943,43.313004],[-117.441454,43.310959],[-117.432983,43.306739],[-117.43151,43.302845],[-117.431728,43.300348],[-117.424926,43.302492],[-117.418357,43.302257],[-117.414161,43.307279],[-117.409268,43.307107],[-117.402421,43.305972],[-117.400624,43.30691],[-117.39658,43.30673],[-117.393448,43.303761],[-117.388692,43.300952],[-117.384316,43.303126],[-117.380641,43.302392],[-117.377923,43.299547],[-117.370395,43.299368],[-117.363918,43.30126],[-117.361047,43.303653],[-117.355345,43.304265],[-117.352284,43.301988],[-117.344865,43.301518],[-117.340132,43.303885],[-117.33769,43.306971],[-117.335039,43.312949],[-117.326147,43.318099],[-117.325456,43.320109],[-117.328472,43.32551],[-117.328112,43.32748],[-117.323518,43.328452],[-117.316382,43.332268],[-117.315488,43.333997],[-117.317255,43.336939],[-117.315496,43.339371],[-117.316872,43.34059],[-117.314338,43.345942],[-117.304906,43.347215],[-117.303476,43.349015],[-117.302039,43.354417],[-117.303761,43.357046],[-117.303407,43.361608],[-117.306694,43.365961],[-117.30695,43.368267],[-117.310108,43.375233],[-117.3102,43.377462],[-117.308137,43.383517],[-117.305375,43.388402],[-117.305939,43.39113],[-117.309318,43.392695],[-117.310342,43.395061],[-117.30712,43.397487],[-117.297914,43.396031],[-117.303356,43.398969],[-117.309092,43.399414],[-117.313842,43.398113],[-117.317351,43.400264],[-117.319693,43.405408],[-117.325724,43.410413],[-117.330702,43.413629],[-117.330402,43.416802],[-117.326299,43.419805],[-117.326043,43.42176],[-117.327437,43.425514],[-117.335029,43.426501],[-117.333735,43.431217],[-117.335055,43.434082],[-117.337647,43.436348],[-117.341987,43.438455],[-117.345067,43.437916],[-117.343633,43.446804],[-117.342782,43.44816],[-117.344127,43.453923],[-117.343736,43.456915],[-117.335312,43.457861],[-117.327717,43.460283],[-117.324441,43.465251],[-117.33038,43.468258],[-117.331278,43.472369],[-117.332847,43.474922],[-117.336247,43.476667],[-117.345563,43.476577],[-117.348135,43.478222],[-117.341541,43.481342],[-117.338435,43.482177],[-117.333559,43.48495],[-117.335618,43.487552],[-117.338068,43.492448],[-117.338194,43.496493],[-117.339409,43.498804],[-117.337483,43.502107],[-117.333867,43.504221],[-117.340293,43.506442],[-117.342919,43.509323],[-117.345018,43.513154],[-117.345661,43.516156],[-117.344193,43.521997],[-117.347439,43.526464],[-117.352306,43.528131],[-117.354647,43.531561],[-117.35277,43.532786],[-117.35103,43.537765],[-117.346761,43.539945],[-117.343806,43.545358],[-117.347589,43.54977],[-117.347116,43.552954],[-117.349434,43.554666],[-117.348688,43.556609],[-117.345232,43.55773],[-117.347309,43.559743],[-117.344207,43.561402],[-117.343508,43.56677],[-117.342241,43.568434],[-117.33578,43.571904],[-117.330617,43.573667],[-117.334778,43.575445],[-117.337777,43.579885],[-117.33392,43.583102],[-117.330794,43.582976],[-117.32535,43.584552],[-117.324663,43.587478],[-117.327429,43.593021],[-117.32647,43.595607],[-117.319001,43.592193],[-117.314938,43.594922],[-117.312808,43.593884],[-117.311358,43.597205],[-117.312725,43.600784],[-117.315981,43.60276],[-117.314153,43.604132],[-117.306789,43.600674],[-117.301992,43.602068],[-117.297452,43.604136],[-117.293712,43.609087],[-117.289247,43.610947],[-117.288142,43.614371],[-117.275519,43.613879],[-117.273435,43.611936],[-117.261621,43.610169],[-117.256846,43.610985],[-117.253861,43.612443],[-117.254296,43.614749],[-117.25647,43.616945],[-117.245777,43.620349],[-117.241389,43.622667],[-117.23814,43.622328],[-117.236419,43.625446],[-117.234515,43.626254],[-117.23176,43.630075],[-117.229736,43.631229],[-117.229377,43.636235],[-117.23,43.639736],[-117.233198,43.641914],[-117.238128,43.643285]]]},"properties":{"OBJECTID":20,"fhdFtrID":20,"fhdRefID":53718,"fhdRevDt":"20190219","fhdONm":"Kevin Stertz","fhdOEnt":"ODFW","fhdSpNm":"LMbass","fhdRun":"NA","fhdLifeHst":"Resident","fhdUseTy":"ResidentMultipleUses","fhdBasis":"DocObsFish","fhdStNm":"Owyhee Reservoir","fhdGenus":"Micropterus","fhdSp":"salmoides","fhdSubSp":null,"fhdOrig":"NonNative","fhdProd":"Natural","fhdComment":null,"fhdESH":"NA","fhdBasisD":null,"fhdNMF":"no","fhdBasisDt":"20170000","fhdBasisNm":null,"fhdBasisEnt":null,"fhdBasisPrj":null,"fhdBasisMethod":"Electrofisher","fhdAccess":null,"fhdBarrierFtrID":null,"fhdEndExtent":null,"Shape__Area":85251208.81921154,"Shape__Length":319417.8155288524,"habitatType":"lake"},"id":111},
{"type":"Feature","geometry":{"type":"Polygon","coordinates":[[[-117.421056,44.03461],[-117.426967,44.036642],[-117.432636,44.035534],[-117.436158,44.032383],[-117.434584,44.028036],[-117.424778,44.029287],[-117.421605,44.03134],[-117.417202,44.027261],[-117.411703,44.025394],[-117.410397,44.020393],[-117.406921,44.019146],[-117.404641,44.016649],[-117.399335,44.012882],[-117.397958,44.013518],[-117.395254,44.019269],[-117.397747,44.021696],[-117.401025,44.021571],[-117.407306,44.025074],[-117.405213,44.026802],[-117.40735,44.029372],[-117.409852,44.029652],[-117.414933,44.031843],[-117.415952,44.034385],[-117.421056,44.03461]]]},"properties":{"OBJECTID":21,"fhdFtrID":21,"fhdRefID":53684,"fhdRevDt":"20190219","fhdONm":"Peter Robinson","fhdOEnt":"ODFW","fhdSpNm":"LMbass","fhdRun":"NA","fhdLifeHst":"Resident","fhdUseTy":"ResidentMultipleUses","fhdBasis":"UndocObsFish","fhdStNm":"Bully Creek Reservoir","fhdGenus":"Micropterus","fhdSp":"salmoides","fhdSubSp":null,"fhdOrig":"NonNative","fhdProd":"Natural","fhdComment":null,"fhdESH":"NA","fhdBasisD":null,"fhdNMF":"no","fhdBasisDt":null,"fhdBasisNm":null,"fhdBasisEnt":null,"fhdBasisPrj":null,"fhdBasisMethod":null,"fhdAccess":null,"fhdBarrierFtrID":null,"fhdEndExtent":null,"Shape__Area":4786584.97927659,"Shape__Length":20134.498932298662,"habitatType":"lake"},"id":112},
{"type":"Feature","geometry":{"type":"Polygon","coordinates":[[[-117.814744,45.025335],[-117.810815,45.023995],[-117.809678,45.026173],[-117.81165,45.030119],[-117.808582,45.030375],[-117.805617,45.028047],[-117.805528,45.026229],[-117.801937,45.024481],[-117.80115,45.021777],[-117.796421,45.016661],[-117.7905,45.01429],[-117.7875,45.015751],[-117.788141,45.019941],[-117.781124,45.023824],[-117.780303,45.025972],[-117.787148,45.024359],[-117.792102,45.031112],[-117.798537,45.033795],[-117.806906,45.03397],[-117.813311,45.032655],[-117.81393,45.03157],[-117.81269,45.026457],[-117.814744,45.025335]]]},"properties":{"OBJECTID":22,"fhdFtrID":22,"fhdRefID":53684,"fhdRevDt":"20190219","fhdONm":"Peter Robinson","fhdOEnt":"ODFW","fhdSpNm":"LMbass","fhdRun":"NA","fhdLifeHst":"Resident","fhdUseTy":"ResidentMultipleUses","fhdBasis":"UndocObsFish","fhdStNm":"Thief Valley Reservoir","fhdGenus":"Micropterus","fhdSp":"salmoides","fhdSubSp":null,"fhdOrig":"NonNative","fhdProd":"Natural","fhdComment":null,"fhdESH":"NA","fhdBasisD":null,"fhdNMF":"no","fhdBasisDt":null,"fhdBasisNm":null,"fhdBasisEnt":null,"fhdBasisPrj":null,"fhdBasisMethod":null,"fhdAccess":null,"fhdBarrierFtrID":null,"fhdEndExtent":null,"Shape__Area":6084278.27210642,"Shape__Length":24183.899712153077,"habitatType":"lake"},"id":113},
{"type":"Feature","geometry":{"type":"Polygon","coordinates":[[[-117.048689,44.743379],[-117.052984,44.744364],[-117.052256,44.741807],[-117.05529,44.737856],[-117.054829,44.73548],[-117.057716,44.732347],[-117.062051,44.730887],[-117.063367,44.729081],[-117.064291,44.724175],[-117.063329,44.723199],[-117.064468,44.717277],[-117.066523,44.712492],[-117.066653,44.707322],[-117.070916,44.702202],[-117.076017,44.699924],[-117.081541,44.695796],[-117.083909,44.691965],[-117.084499,44.68578],[-117.081398,44.682082],[-117.081113,44.68048],[-117.082889,44.676588],[-117.086456,44.673811],[-117.090832,44.671988],[-117.098742,44.665527],[-117.10096,44.65826],[-117.101646,44.649852],[-117.104166,44.646921],[-117.105247,44.643359],[-117.109215,44.635092],[-117.111625,44.631244],[-117.117555,44.627504],[-117.122221,44.62107],[-117.124519,44.613962],[-117.124883,44.609401],[-117.127078,44.605483],[-117.126391,44.601608],[-117.131007,44.594098],[-117.129994,44.585832],[-117.13062,44.581321],[-117.133279,44.579095],[-117.138687,44.576743],[-117.14109,44.576815],[-117.148134,44.5728],[-117.151384,44.568966],[-117.150873,44.562237],[-117.146901,44.557538],[-117.146428,44.554097],[-117.148058,44.548829],[-117.150746,44.546695],[-117.153373,44.542942],[-117.157127,44.539958],[-117.158986,44.53621],[-117.163691,44.533258],[-117.166338,44.533275],[-117.17062,44.529972],[-117.177134,44.526845],[-117.183671,44.525062],[-117.18763,44.522651],[-117.191495,44.51903],[-117.193858,44.518415],[-117.196519,44.516023],[-117.199472,44.511511],[-117.199056,44.505249],[-117.199707,44.501353],[-117.204429,44.493732],[-117.21057,44.491096],[-117.210515,44.488961],[-117.215307,44.488582],[-117.224498,44.486477],[-117.229578,44.482293],[-117.230179,44.475801],[-117.225558,44.467191],[-117.221693,44.463044],[-117.217135,44.449939],[-117.218504,44.445526],[-117.21827,44.438024],[-117.217448,44.43359],[-117.21832,44.431685],[-117.217567,44.426499],[-117.219395,44.421548],[-117.22117,44.419067],[-117.224928,44.416311],[-117.226335,44.41412],[-117.22751,44.407611],[-117.236929,44.400714],[-117.241873,44.39945],[-117.244977,44.395222],[-117.245271,44.390978],[-117.23864,44.378601],[-117.237106,44.374244],[-117.232542,44.370141],[-117.2315,44.367803],[-117.228254,44.365444],[-117.221689,44.363109],[-117.217234,44.359405],[-117.213569,44.357897],[-117.206033,44.352459],[-117.203859,44.349551],[-117.198314,44.346429],[-117.195545,44.343411],[-117.19416,44.340409],[-117.191024,44.337599],[-117.192094,44.330821],[-117.197217,44.327116],[-117.197858,44.324536],[-117.200236,44.322154],[-117.201641,44.318076],[-117.205737,44.312829],[-117.220235,44.308226],[-117.223825,44.305744],[-117.228607,44.30099],[-117.224769,44.298357],[-117.22346,44.295196],[-117.218053,44.287662],[-117.21508,44.285369],[-117.209494,44.282999],[-117.207805,44.280958],[-117.206443,44.275909],[-117.201217,44.271343],[-117.19474,44.26861],[-117.192066,44.265175],[-117.188614,44.263232],[-117.181175,44.260312],[-117.174073,44.258215],[-117.158778,44.256324],[-117.153983,44.255154],[-117.149471,44.252809],[-117.14366,44.25279],[-117.14013,44.256104],[-117.132453,44.260316],[-117.134851,44.263548],[-117.140538,44.260638],[-117.145129,44.25941],[-117.156936,44.258552],[-117.164649,44.260585],[-117.168513,44.260091],[-117.171698,44.261008],[-117.173324,44.263023],[-117.181144,44.266498],[-117.183848,44.268199],[-117.19089,44.271069],[-117.199424,44.277677],[-117.203244,44.280113],[-117.205124,44.283494],[-117.209931,44.28582],[-117.210038,44.287274],[-117.214121,44.29403],[-117.216162,44.295571],[-117.215775,44.300736],[-117.214874,44.302328],[-117.209702,44.306813],[-117.205453,44.308614],[-117.199783,44.315629],[-117.198148,44.320815],[-117.196535,44.32166],[-117.195213,44.325349],[-117.190236,44.329526],[-117.18846,44.336607],[-117.191342,44.340069],[-117.192637,44.344045],[-117.194982,44.347797],[-117.2007,44.349874],[-117.202927,44.353311],[-117.20924,44.358853],[-117.215009,44.36114],[-117.217336,44.364098],[-117.222058,44.367263],[-117.226168,44.36915],[-117.230257,44.372825],[-117.233856,44.378033],[-117.23346,44.379388],[-117.236654,44.383591],[-117.238916,44.388639],[-117.240318,44.389336],[-117.240299,44.39366],[-117.241372,44.39529],[-117.230643,44.399866],[-117.224652,44.403864],[-117.22183,44.408946],[-117.222154,44.41258],[-117.219744,44.416543],[-117.217049,44.417702],[-117.214723,44.420232],[-117.212804,44.428366],[-117.2143,44.433157],[-117.211905,44.438316],[-117.212917,44.441797],[-117.211915,44.444342],[-117.213083,44.451899],[-117.212256,44.4546],[-117.214825,44.458084],[-117.216099,44.462441],[-117.214353,44.464791],[-117.21689,44.465954],[-117.218326,44.471222],[-117.221763,44.475979],[-117.220103,44.482242],[-117.21647,44.483927],[-117.209333,44.484423],[-117.201583,44.488507],[-117.195581,44.494309],[-117.190083,44.503329],[-117.188527,44.50846],[-117.18891,44.510919],[-117.186486,44.514503],[-117.179652,44.520018],[-117.161869,44.523643],[-117.156644,44.525463],[-117.150611,44.529106],[-117.148,44.533693],[-117.142954,44.539382],[-117.141931,44.542417],[-117.139426,44.546065],[-117.13681,44.554049],[-117.137068,44.556738],[-117.139836,44.561624],[-117.142091,44.56331],[-117.143156,44.566197],[-117.140061,44.56827],[-117.135384,44.569184],[-117.135168,44.57043],[-117.129048,44.571975],[-117.122937,44.576809],[-117.123207,44.577901],[-117.120294,44.582683],[-117.120758,44.586096],[-117.122497,44.589613],[-117.122648,44.594678],[-117.120318,44.5998],[-117.12161,44.601764],[-117.118474,44.607594],[-117.118086,44.611627],[-117.116912,44.612813],[-117.115464,44.617457],[-117.111442,44.623347],[-117.106818,44.626175],[-117.102526,44.631412],[-117.099693,44.637132],[-117.096513,44.640382],[-117.095339,44.644125],[-117.095564,44.647121],[-117.093083,44.651386],[-117.092855,44.657285],[-117.094273,44.663119],[-117.089106,44.665266],[-117.082925,44.670211],[-117.077335,44.67306],[-117.074337,44.682462],[-117.075491,44.683702],[-117.075092,44.688235],[-117.068084,44.697054],[-117.062129,44.702125],[-117.058796,44.70826],[-117.059843,44.713172],[-117.058649,44.716876],[-117.056309,44.719543],[-117.05523,44.72631],[-117.053529,44.72817],[-117.047461,44.732247],[-117.045442,44.740061],[-117.043532,44.741674],[-117.038895,44.743133],[-117.034505,44.74587],[-117.031208,44.746802],[-117.027541,44.749139],[-117.024045,44.748671],[-117.016304,44.750685],[-117.011959,44.752571],[-117.010409,44.754151],[-117.006266,44.753671],[-116.997003,44.75417],[-116.990728,44.755841],[-116.984316,44.761288],[-116.973036,44.768371],[-116.969762,44.769014],[-116.967806,44.771759],[-116.965226,44.772352],[-116.956597,44.772628],[-116.945858,44.777074],[-116.940934,44.778139],[-116.930547,44.784779],[-116.930046,44.787023],[-116.924828,44.791193],[-116.924511,44.793696],[-116.918437,44.79398],[-116.917874,44.795879],[-116.925913,44.797806],[-116.925673,44.801176],[-116.924323,44.80381],[-116.916689,44.811288],[-116.913582,44.811886],[-116.913179,44.816506],[-116.909815,44.82106],[-116.907115,44.822223],[-116.904976,44.827008],[-116.902592,44.829553],[-116.901842,44.832895],[-116.899835,44.835199],[-116.904676,44.838131],[-116.909013,44.83467],[-116.909639,44.832897],[-116.915232,44.828454],[-116.91558,44.825792],[-116.918466,44.821353],[-116.92078,44.8194],[-116.924204,44.814807],[-116.928438,44.811394],[-116.9321,44.810132],[-116.936286,44.805995],[-116.937543,44.80122],[-116.937459,44.79401],[-116.936041,44.792028],[-116.938199,44.788796],[-116.940263,44.788895],[-116.943948,44.783034],[-116.948147,44.781283],[-116.953194,44.78064],[-116.960158,44.777429],[-116.965205,44.777379],[-116.967324,44.779282],[-116.970259,44.776708],[-116.972978,44.775621],[-116.983051,44.768708],[-116.984637,44.76851],[-116.992936,44.761998],[-116.996024,44.760734],[-117.000284,44.761341],[-117.001638,44.760386],[-117.008123,44.760582],[-117.01608,44.760025],[-117.017276,44.758171],[-117.023093,44.755347],[-117.031281,44.753797],[-117.039147,44.749592],[-117.043398,44.749291],[-117.045694,44.746855],[-117.047981,44.74687],[-117.048634,44.749687],[-117.047809,44.753164],[-117.043934,44.754255],[-117.045096,44.75836],[-117.047536,44.761308],[-117.051442,44.762373],[-117.052388,44.764744],[-117.057696,44.765918],[-117.062048,44.770303],[-117.07184,44.77005],[-117.07372,44.773381],[-117.078574,44.773524],[-117.08124,44.775395],[-117.084885,44.775888],[-117.092381,44.775766],[-117.095955,44.773899],[-117.095745,44.770431],[-117.099065,44.769738],[-117.101915,44.767948],[-117.108456,44.769054],[-117.11045,44.768011],[-117.115643,44.768129],[-117.118029,44.765714],[-117.117379,44.762701],[-117.118664,44.76073],[-117.122768,44.759614],[-117.125538,44.756715],[-117.130482,44.755287],[-117.13915,44.755592],[-117.142693,44.757442],[-117.14528,44.756467],[-117.151661,44.756548],[-117.157217,44.7552],[-117.161229,44.753205],[-117.161389,44.751647],[-117.157344,44.749553],[-117.157061,44.746814],[-117.152333,44.744936],[-117.148159,44.746548],[-117.146496,44.74573],[-117.14276,44.747199],[-117.138247,44.747444],[-117.136482,44.749337],[-117.131815,44.749279],[-117.127372,44.754156],[-117.122289,44.758138],[-117.119016,44.759271],[-117.115657,44.757549],[-117.111968,44.758001],[-117.110676,44.760882],[-117.114861,44.763394],[-117.115479,44.765397],[-117.107939,44.767611],[-117.102931,44.766592],[-117.096199,44.768268],[-117.093811,44.769827],[-117.092457,44.773905],[-117.084483,44.774291],[-117.082094,44.772047],[-117.077587,44.771016],[-117.075483,44.767476],[-117.071192,44.766083],[-117.066871,44.767548],[-117.063797,44.767461],[-117.053853,44.761917],[-117.053437,44.760013],[-117.049925,44.757944],[-117.049849,44.755112],[-117.05196,44.75301],[-117.051444,44.751007],[-117.055049,44.749737],[-117.05299,44.744367],[-117.048689,44.743379],[-117.047889,44.743589],[-117.048689,44.743379]]]},"properties":{"OBJECTID":23,"fhdFtrID":23,"fhdRefID":53713,"fhdRevDt":"20190219","fhdONm":"Matthew Neilson","fhdOEnt":"USGS","fhdSpNm":"LMbass","fhdRun":"NA","fhdLifeHst":"Resident","fhdUseTy":"ResidentMultipleUses","fhdBasis":"DocObsFish","fhdStNm":"Brownlee Reservoir","fhdGenus":"Micropterus","fhdSp":"salmoides","fhdSubSp":null,"fhdOrig":"NonNative","fhdProd":"Natural","fhdComment":null,"fhdESH":"NA","fhdBasisD":null,"fhdNMF":"no","fhdBasisDt":"20130000","fhdBasisNm":null,"fhdBasisEnt":null,"fhdBasisPrj":null,"fhdBasisMethod":null,"fhdAccess":null,"fhdBarrierFtrID":null,"fhdEndExtent":null,"Shape__Area":110800209.22666524,"Shape__Length":373252.30659661227,"habitatType":"lake"},"id":114},
{"type":"Feature","geometry":{"type":"Polygon","coordinates":[[[-118.288283,43.862222],[-118.289648,43.864598],[-118.292038,43.863045],[-118.288283,43.862222]]]},"properties":{"OBJECTID":24,"fhdFtrID":24,"fhdRefID":53684,"fhdRevDt":"20190219","fhdONm":"Peter Robinson","fhdOEnt":"ODFW","fhdSpNm":"LMbass","fhdRun":"NA","fhdLifeHst":"Resident","fhdUseTy":"ResidentMultipleUses","fhdBasis":"UndocObsFish","fhdStNm":"Altnow Reservoir","fhdGenus":"Micropterus","fhdSp":"salmoides","fhdSubSp":null,"fhdOrig":"NonNative","fhdProd":"Natural","fhdComment":null,"fhdESH":"NA","fhdBasisD":null,"fhdNMF":"no","fhdBasisDt":null,"fhdBasisNm":null,"fhdBasisEnt":null,"fhdBasisPrj":null,"fhdBasisMethod":null,"fhdAccess":null,"fhdBarrierFtrID":null,"fhdEndExtent":null,"Shape__Area":124845.54664818,"Shape__Length":1495.0173363243257,"habitatType":"lake"},"id":115},
{"type":"Feature","geometry":{"type":"Polygon","coordinates":[[[-117.313619,43.110899],[-117.320894,43.109329],[-117.318429,43.105646],[-117.31926,43.104295],[-117.325988,43.104718],[-117.331232,43.103855],[-117.33312,43.105474],[-117.335854,43.103574],[-117.344911,43.102441],[-117.344864,43.099658],[-117.340991,43.099006],[-117.336257,43.099276],[-117.334121,43.097092],[-117.329942,43.09925],[-117.324294,43.099706],[-117.319476,43.095869],[-117.315012,43.097039],[-117.311813,43.094442],[-117.31218,43.092279],[-117.305754,43.090522],[-117.300968,43.090599],[-117.298525,43.093162],[-117.295042,43.09404],[-117.297213,43.099063],[-117.297317,43.102988],[-117.304936,43.10508],[-117.312196,43.108748],[-117.313619,43.110899]]]},"properties":{"OBJECTID":25,"fhdFtrID":25,"fhdRefID":53684,"fhdRevDt":"20190219","fhdONm":"Peter Robinson","fhdOEnt":"ODFW","fhdSpNm":"LMbass","fhdRun":"NA","fhdLifeHst":"Resident","fhdUseTy":"ResidentMultipleUses","fhdBasis":"UndocObsFish","fhdStNm":"Cow Lakes","fhdGenus":"Micropterus","fhdSp":"salmoides","fhdSubSp":null,"fhdOrig":"NonNative","fhdProd":"Natural","fhdComment":null,"fhdESH":"NA","fhdBasisD":null,"fhdNMF":"no","fhdBasisDt":null,"fhdBasisNm":null,"fhdBasisEnt":null,"fhdBasisPrj":null,"fhdBasisMethod":null,"fhdAccess":null,"fhdBarrierFtrID":null,"fhdEndExtent":null,"Shape__Area":7936151.21547595,"Shape__Length":23213.031564203116,"habitatType":"lake"},"id":116},
{"type":"Feature","geometry":{"type":"Polygon","coordinates":[[[-120.734971,44.29999],[-120.734958,44.299456],[-120.732271,44.298797],[-120.732284,44.299445],[-120.73336,44.299387],[-120.734971,44.29999]]]},"properties":{"OBJECTID":26,"fhdFtrID":26,"fhdRefID":53684,"fhdRevDt":"20190219","fhdONm":"Peter Robinson","fhdOEnt":"ODFW","fhdSpNm":"LMbass","fhdRun":"NA","fhdLifeHst":"Resident","fhdUseTy":"ResidentMultipleUses","fhdBasis":"UndocObsFish","fhdStNm":"Ochoco Ponds ","fhdGenus":"Micropterus","fhdSp":"salmoides","fhdSubSp":null,"fhdOrig":"NonNative","fhdProd":"Natural","fhdComment":null,"fhdESH":"NA","fhdBasisD":null,"fhdNMF":"no","fhdBasisDt":null,"fhdBasisNm":null,"fhdBasisEnt":null,"fhdBasisPrj":null,"fhdBasisMethod":null,"fhdAccess":null,"fhdBarrierFtrID":null,"fhdEndExtent":null,"Shape__Area":29142.668050125,"Shape__Length":1032.1330798470553,"habitatType":"lake"},"id":117},
{"type":"Feature","geometry":{"type":"Polygon","coordinates":[[[-119.311048,45.915369],[-119.311323,45.914167],[-119.310419,45.914442],[-119.310215,45.915358],[-119.311048,45.915369]]]},"properties":{"OBJECTID":27,"fhdFtrID":27,"fhdRefID":53684,"fhdRevDt":"20190219","fhdONm":"Peter Robinson","fhdOEnt":"ODFW","fhdSpNm":"LMbass","fhdRun":"NA","fhdLifeHst":"Resident","fhdUseTy":"ResidentMultipleUses","fhdBasis":"UndocObsFish","fhdStNm":"Power City Ponds","fhdGenus":"Micropterus","fhdSp":"salmoides","fhdSubSp":null,"fhdOrig":"NonNative","fhdProd":"Natural","fhdComment":null,"fhdESH":"NA","fhdBasisD":null,"fhdNMF":"no","fhdBasisDt":null,"fhdBasisNm":null,"fhdBasisEnt":null,"fhdBasisPrj":null,"fhdBasisMethod":null,"fhdAccess":null,"fhdBarrierFtrID":null,"fhdEndExtent":null,"Shape__Area":34692.812062345,"Shape__Length":1148.5371694117964,"habitatType":"lake"},"id":118},
{"type":"Feature","geometry":{"type":"Polygon","coordinates":[[[-119.541383,45.347392],[-119.545802,45.345061],[-119.546763,45.340704],[-119.545265,45.340348],[-119.541904,45.344117],[-119.539104,45.343196],[-119.528946,45.341275],[-119.525404,45.343011],[-119.534975,45.345116],[-119.541383,45.347392]]]},"properties":{"OBJECTID":28,"fhdFtrID":28,"fhdRefID":53684,"fhdRevDt":"20190219","fhdONm":"Peter Robinson","fhdOEnt":"ODFW","fhdSpNm":"LMbass","fhdRun":"NA","fhdLifeHst":"Resident","fhdUseTy":"ResidentMultipleUses","fhdBasis":"UndocObsFish","fhdStNm":"Willow Creek Reservoir","fhdGenus":"Micropterus","fhdSp":"salmoides","fhdSubSp":null,"fhdOrig":"NonNative","fhdProd":"Natural","fhdComment":null,"fhdESH":"NA","fhdBasisD":null,"fhdNMF":"no","fhdBasisDt":null,"fhdBasisNm":null,"fhdBasisEnt":null,"fhdBasisPrj":null,"fhdBasisMethod":null,"fhdAccess":null,"fhdBarrierFtrID":null,"fhdEndExtent":null,"Shape__Area":1259414.525644945,"Shape__Length":8646.776002966564,"habitatType":"lake"},"id":119},
{"type":"Feature","geometry":{"type":"Polygon","coordinates":[[[-119.133022,45.873813],[-119.137419,45.873788],[-119.141041,45.872044],[-119.146161,45.870889],[-119.157523,45.869807],[-119.161473,45.868881],[-119.165131,45.870242],[-119.168549,45.864554],[-119.171265,45.865712],[-119.173644,45.862679],[-119.17286,45.859355],[-119.175106,45.855489],[-119.173269,45.853645],[-119.168458,45.851972],[-119.165388,45.853551],[-119.162147,45.851845],[-119.158512,45.853489],[-119.157632,45.856133],[-119.150216,45.852999],[-119.146573,45.853705],[-119.142948,45.851987],[-119.139881,45.849019],[-119.133728,45.848369],[-119.131363,45.850864],[-119.136761,45.853351],[-119.141099,45.857954],[-119.141276,45.861421],[-119.136689,45.864447],[-119.133934,45.86433],[-119.133617,45.866689],[-119.131409,45.869194],[-119.126134,45.870011],[-119.126938,45.872489],[-119.133022,45.873813]]]},"properties":{"OBJECTID":29,"fhdFtrID":29,"fhdRefID":53684,"fhdRevDt":"20190219","fhdONm":"Peter Robinson","fhdOEnt":"ODFW","fhdSpNm":"LMbass","fhdRun":"NA","fhdLifeHst":"Resident","fhdUseTy":"ResidentMultipleUses","fhdBasis":"UndocObsFish","fhdStNm":"Cold Springs Reservoir","fhdGenus":"Micropterus","fhdSp":"salmoides","fhdSubSp":null,"fhdOrig":"NonNative","fhdProd":"Natural","fhdComment":null,"fhdESH":"NA","fhdBasisD":null,"fhdNMF":"no","fhdBasisDt":null,"fhdBasisNm":null,"fhdBasisEnt":null,"fhdBasisPrj":null,"fhdBasisMethod":null,"fhdAccess":null,"fhdBarrierFtrID":null,"fhdEndExtent":null,"Shape__Area":12015915.16537001,"Shape__Length":27144.181979585923,"habitatType":"lake"},"id":120},
{"type":"Feature","geometry":{"type":"Polygon","coordinates":[[[-121.170478,44.266159],[-121.169402,44.266861],[-121.170196,44.267426],[-121.171395,44.26696],[-121.170478,44.266159]]]},"properties":{"OBJECTID":30,"fhdFtrID":30,"fhdRefID":53684,"fhdRevDt":"20190219","fhdONm":"Peter Robinson","fhdOEnt":"ODFW","fhdSpNm":"LMbass","fhdRun":"NA","fhdLifeHst":"Resident","fhdUseTy":"ResidentMultipleUses","fhdBasis":"UndocObsFish","fhdStNm":"Lions Lake","fhdGenus":"Micropterus","fhdSp":"salmoides","fhdSubSp":null,"fhdOrig":"NonNative","fhdProd":"Natural","fhdComment":null,"fhdESH":"NA","fhdBasisD":null,"fhdNMF":"no","fhdBasisDt":null,"fhdBasisNm":null,"fhdBasisEnt":null,"fhdBasisPrj":null,"fhdBasisMethod":null,"fhdAccess":null,"fhdBarrierFtrID":null,"fhdEndExtent":null,"Shape__Area":29725.937130845,"Shape__Length":699.65283502407,"habitatType":"lake"},"id":121},
{"type":"Feature","geometry":{"type":"Polygon","coordinates":[[[-121.79785,43.81216],[-121.797736,43.809079],[-121.799903,43.808004],[-121.800933,43.805259],[-121.804778,43.803769],[-121.806647,43.799458],[-121.810431,43.79703],[-121.819266,43.793305],[-121.823485,43.790476],[-121.828017,43.789217],[-121.831478,43.785173],[-121.827864,43.782616],[-121.830871,43.775588],[-121.833441,43.773939],[-121.835417,43.770997],[-121.833327,43.769346],[-121.825446,43.766501],[-121.82498,43.761283],[-121.827918,43.759468],[-121.826002,43.755829],[-121.824156,43.758223],[-121.818091,43.762734],[-121.814772,43.767273],[-121.808265,43.76825],[-121.802412,43.765812],[-121.799811,43.763849],[-121.79595,43.762574],[-121.794554,43.760174],[-121.791411,43.766632],[-121.792601,43.767905],[-121.790298,43.769826],[-121.78723,43.770513],[-121.788702,43.773491],[-121.787466,43.775396],[-121.791465,43.779724],[-121.79077,43.783183],[-121.788184,43.784542],[-121.785887,43.783644],[-121.779708,43.786793],[-121.78179,43.791065],[-121.778891,43.792979],[-121.774947,43.792603],[-121.773261,43.795556],[-121.774703,43.796589],[-121.774131,43.799347],[-121.772017,43.801107],[-121.769294,43.801348],[-121.767478,43.79951],[-121.764144,43.799365],[-121.762122,43.79775],[-121.756667,43.798771],[-121.75614,43.801781],[-121.764182,43.805209],[-121.764586,43.807978],[-121.766761,43.812323],[-121.770491,43.812363],[-121.774558,43.808329],[-121.777671,43.809136],[-121.780128,43.802878],[-121.784857,43.803397],[-121.784957,43.806378],[-121.792792,43.808532],[-121.797247,43.809146],[-121.79785,43.81216]]]},"properties":{"OBJECTID":31,"fhdFtrID":31,"fhdRefID":53718,"fhdRevDt":"20190219","fhdONm":"Kevin Stertz","fhdOEnt":"ODFW","fhdSpNm":"LMbass","fhdRun":"NA","fhdLifeHst":"Resident","fhdUseTy":"ResidentMultipleUses","fhdBasis":"DocObsFish","fhdStNm":"Crane Prairie Reservoir","fhdGenus":"Micropterus","fhdSp":"salmoides","fhdSubSp":null,"fhdOrig":"NonNative","fhdProd":"Natural","fhdComment":null,"fhdESH":"NA","fhdBasisD":null,"fhdNMF":"no","fhdBasisDt":"20170000","fhdBasisNm":null,"fhdBasisEnt":null,"fhdBasisPrj":null,"fhdBasisMethod":"Electrofisher","fhdAccess":null,"fhdBarrierFtrID":null,"fhdEndExtent":null,"Shape__Area":32200264.319435526,"Shape__Length":51128.12768886754,"habitatType":"lake"},"id":122},
{"type":"Feature","geometry":{"type":"Polygon","coordinates":[[[-119.887269,44.988189],[-119.887244,44.990437],[-119.89005,44.990049],[-119.887269,44.988189]]]},"properties":{"OBJECTID":32,"fhdFtrID":32,"fhdRefID":53684,"fhdRevDt":"20190219","fhdONm":"Peter Robinson","fhdOEnt":"ODFW","fhdSpNm":"LMbass","fhdRun":"NA","fhdLifeHst":"Resident","fhdUseTy":"ResidentMultipleUses","fhdBasis":"UndocObsFish","fhdStNm":"Wineland Lake","fhdGenus":"Micropterus","fhdSp":"salmoides","fhdSubSp":null,"fhdOrig":"NonNative","fhdProd":"Natural","fhdComment":null,"fhdESH":"NA","fhdBasisD":null,"fhdNMF":"no","fhdBasisDt":null,"fhdBasisNm":null,"fhdBasisEnt":null,"fhdBasisPrj":null,"fhdBasisMethod":null,"fhdAccess":null,"fhdBarrierFtrID":null,"fhdEndExtent":null,"Shape__Area":106885.74249318,"Shape__Length":1467.3564731871345,"habitatType":"lake"},"id":123},
{"type":"Feature","geometry":{"type":"Polygon","coordinates":[[[-120.799509,45.206677],[-120.803575,45.205871],[-120.802062,45.204741],[-120.799509,45.206677]]]},"properties":{"OBJECTID":33,"fhdFtrID":33,"fhdRefID":53684,"fhdRevDt":"20190219","fhdONm":"Peter Robinson","fhdOEnt":"ODFW","fhdSpNm":"LMbass","fhdRun":"NA","fhdLifeHst":"Resident","fhdUseTy":"ResidentMultipleUses","fhdBasis":"UndocObsFish","fhdStNm":"Bibby Pond","fhdGenus":"Micropterus","fhdSp":"salmoides","fhdSubSp":null,"fhdOrig":"NonNative","fhdProd":"Natural","fhdComment":null,"fhdESH":"NA","fhdBasisD":null,"fhdNMF":"no","fhdBasisDt":null,"fhdBasisNm":null,"fhdBasisEnt":null,"fhdBasisPrj":null,"fhdBasisMethod":null,"fhdAccess":null,"fhdBarrierFtrID":null,"fhdEndExtent":null,"Shape__Area":80424.97272717,"Shape__Length":1455.2820585870638,"habitatType":"lake"},"id":124},
{"type":"Feature","geometry":{"type":"Polygon","coordinates":[[[-121.0135,44.059454],[-121.015002,44.05898],[-121.013878,44.057804],[-121.011653,44.058952],[-121.0135,44.059454]]]},"properties":{"OBJECTID":34,"fhdFtrID":34,"fhdRefID":53684,"fhdRevDt":"20190219","fhdONm":"Peter Robinson","fhdOEnt":"ODFW","fhdSpNm":"LMbass","fhdRun":"NA","fhdLifeHst":"Resident","fhdUseTy":"ResidentMultipleUses","fhdBasis":"UndocObsFish","fhdStNm":"Reynolds Pond","fhdGenus":"Micropterus","fhdSp":"salmoides","fhdSubSp":null,"fhdOrig":"NonNative","fhdProd":"Natural","fhdComment":null,"fhdESH":"NA","fhdBasisD":null,"fhdNMF":"no","fhdBasisDt":null,"fhdBasisNm":null,"fhdBasisEnt":null,"fhdBasisPrj":null,"fhdBasisMethod":null,"fhdAccess":null,"fhdBarrierFtrID":null,"fhdEndExtent":null,"Shape__Area":73275.977720965,"Shape__Length":1534.3797034176002,"habitatType":"lake"},"id":125},
{"type":"Feature","geometry":{"type":"Polygon","coordinates":[[[-121.322528,45.695857],[-121.326239,45.69645],[-121.331883,45.696048],[-121.329706,45.694178],[-121.322246,45.69414],[-121.322528,45.695857]]]},"properties":{"OBJECTID":35,"fhdFtrID":35,"fhdRefID":53684,"fhdRevDt":"20190219","fhdONm":"Peter Robinson","fhdOEnt":"ODFW","fhdSpNm":"LMbass","fhdRun":"NA","fhdLifeHst":"Resident","fhdUseTy":"ResidentMultipleUses","fhdBasis":"UndocObsFish","fhdStNm":"McClure Lake","fhdGenus":"Micropterus","fhdSp":"salmoides","fhdSubSp":null,"fhdOrig":"NonNative","fhdProd":"Natural","fhdComment":null,"fhdESH":"NA","fhdBasisD":null,"fhdNMF":"no","fhdBasisDt":null,"fhdBasisNm":null,"fhdBasisEnt":null,"fhdBasisPrj":null,"fhdBasisMethod":null,"fhdAccess":null,"fhdBarrierFtrID":null,"fhdEndExtent":null,"Shape__Area":447526.444337235,"Shape__Length":4336.19005930949,"habitatType":"lake"},"id":126},
{"type":"Feature","geometry":{"type":"Polygon","coordinates":[[[-121.153526,44.499338],[-121.157009,44.497967],[-121.155955,44.496572],[-121.160058,44.494987],[-121.158907,44.491768],[-121.155065,44.492897],[-121.147879,44.492763],[-121.146848,44.491449],[-121.141608,44.491439],[-121.144626,44.497814],[-121.150012,44.499389],[-121.153526,44.499338]]]},"properties":{"OBJECTID":36,"fhdFtrID":36,"fhdRefID":53684,"fhdRevDt":"20190219","fhdONm":"Peter Robinson","fhdOEnt":"ODFW","fhdSpNm":"LMbass","fhdRun":"NA","fhdLifeHst":"Resident","fhdUseTy":"ResidentMultipleUses","fhdBasis":"UndocObsFish","fhdStNm":"Haystack Reservoir","fhdGenus":"Micropterus","fhdSp":"salmoides","fhdSubSp":null,"fhdOrig":"NonNative","fhdProd":"Natural","fhdComment":null,"fhdESH":"NA","fhdBasisD":null,"fhdNMF":"no","fhdBasisDt":null,"fhdBasisNm":null,"fhdBasisEnt":null,"fhdBasisPrj":null,"fhdBasisMethod":null,"fhdAccess":null,"fhdBarrierFtrID":null,"fhdEndExtent":null,"Shape__Area":1742342.885076705,"Shape__Length":6729.18357050104,"habitatType":"lake"},"id":127},
{"type":"Feature","geometry":{"type":"Polygon","coordinates":[[[-121.205214,45.645436],[-121.208548,45.643508],[-121.207687,45.641946],[-121.204556,45.644363],[-121.205214,45.645436]]]},"properties":{"OBJECTID":37,"fhdFtrID":37,"fhdRefID":53684,"fhdRevDt":"20190219","fhdONm":"Peter Robinson","fhdOEnt":"ODFW","fhdSpNm":"LMbass","fhdRun":"NA","fhdLifeHst":"Resident","fhdUseTy":"ResidentMultipleUses","fhdBasis":"UndocObsFish","fhdStNm":"Taylor Lake","fhdGenus":"Micropterus","fhdSp":"salmoides","fhdSubSp":null,"fhdOrig":"NonNative","fhdProd":"Natural","fhdComment":null,"fhdESH":"NA","fhdBasisD":null,"fhdNMF":"no","fhdBasisDt":null,"fhdBasisNm":null,"fhdBasisEnt":null,"fhdBasisPrj":null,"fhdBasisMethod":null,"fhdAccess":null,"fhdBarrierFtrID":null,"fhdEndExtent":null,"Shape__Area":208136.427824205,"Shape__Length":3751.9617307708504,"habitatType":"lake"},"id":128},
{"type":"Feature","geometry":{"type":"Polygon","coordinates":[[[-121.297735,45.252898],[-121.301219,45.253589],[-121.304811,45.251599],[-121.297448,45.246718],[-121.296423,45.244786],[-121.291331,45.242072],[-121.289274,45.243985],[-121.284987,45.245397],[-121.289967,45.248028],[-121.292278,45.252123],[-121.297735,45.252898]]]},"properties":{"OBJECTID":38,"fhdFtrID":38,"fhdRefID":53684,"fhdRevDt":"20190219","fhdONm":"Peter Robinson","fhdOEnt":"ODFW","fhdSpNm":"LMbass","fhdRun":"NA","fhdLifeHst":"Resident","fhdUseTy":"ResidentMultipleUses","fhdBasis":"UndocObsFish","fhdStNm":"Pine Hollow Reservoir","fhdGenus":"Micropterus","fhdSp":"salmoides","fhdSubSp":null,"fhdOrig":"NonNative","fhdProd":"Natural","fhdComment":null,"fhdESH":"NA","fhdBasisD":null,"fhdNMF":"no","fhdBasisDt":null,"fhdBasisNm":null,"fhdBasisEnt":null,"fhdBasisPrj":null,"fhdBasisMethod":null,"fhdAccess":null,"fhdBarrierFtrID":null,"fhdEndExtent":null,"Shape__Area":1854772.23950116,"Shape__Length":7283.188145074788,"habitatType":"lake"},"id":129},
{"type":"Feature","geometry":{"type":"Polygon","coordinates":[[[-118.989751,44.423269],[-118.992018,44.423068],[-118.991849,44.422522],[-118.990525,44.422401],[-118.989751,44.423269]]]},"properties":{"OBJECTID":39,"fhdFtrID":39,"fhdRefID":53684,"fhdRevDt":"20190219","fhdONm":"Peter Robinson","fhdOEnt":"ODFW","fhdSpNm":"LMbass","fhdRun":"NA","fhdLifeHst":"Resident","fhdUseTy":"ResidentMultipleUses","fhdBasis":"UndocObsFish","fhdStNm":"Carpenter Pond","fhdGenus":"Micropterus","fhdSp":"salmoides","fhdSubSp":null,"fhdOrig":"NonNative","fhdProd":"Natural","fhdComment":null,"fhdESH":"NA","fhdBasisD":null,"fhdNMF":"no","fhdBasisDt":null,"fhdBasisNm":null,"fhdBasisEnt":null,"fhdBasisPrj":null,"fhdBasisMethod":null,"fhdAccess":null,"fhdBarrierFtrID":null,"fhdEndExtent":null,"Shape__Area":31125.610063615,"Shape__Length":795.8285868737357,"habitatType":"lake"},"id":130},
{"type":"Feature","geometry":{"type":"Polygon","coordinates":[[[-121.351145,45.222959],[-121.352862,45.223929],[-121.353568,45.222859],[-121.351145,45.222959]]]},"properties":{"OBJECTID":40,"fhdFtrID":40,"fhdRefID":53684,"fhdRevDt":"20190219","fhdONm":"Peter Robinson","fhdOEnt":"ODFW","fhdSpNm":"LMbass","fhdRun":"NA","fhdLifeHst":"Resident","fhdUseTy":"ResidentMultipleUses","fhdBasis":"UndocObsFish","fhdStNm":"Cody Ponds","fhdGenus":"Micropterus","fhdSp":"salmoides","fhdSubSp":null,"fhdOrig":"NonNative","fhdProd":"Natural","fhdComment":null,"fhdESH":"NA","fhdBasisD":null,"fhdNMF":"no","fhdBasisDt":null,"fhdBasisNm":null,"fhdBasisEnt":null,"fhdBasisPrj":null,"fhdBasisMethod":null,"fhdAccess":null,"fhdBarrierFtrID":null,"fhdEndExtent":null,"Shape__Area":29586.826987425,"Shape__Length":731.61693263915,"habitatType":"lake"},"id":131},
{"type":"Feature","geometry":{"type":"Polygon","coordinates":[[[-119.707827,45.836083],[-119.708267,45.837086],[-119.709844,45.836965],[-119.707827,45.836083]]]},"properties":{"OBJECTID":41,"fhdFtrID":41,"fhdRefID":53684,"fhdRevDt":"20190219","fhdONm":"Peter Robinson","fhdOEnt":"ODFW","fhdSpNm":"LMbass","fhdRun":"NA","fhdLifeHst":"Resident","fhdUseTy":"ResidentMultipleUses","fhdBasis":"UndocObsFish","fhdStNm":"Messner Pond #2","fhdGenus":"Micropterus","fhdSp":"salmoides","fhdSubSp":null,"fhdOrig":"NonNative","fhdProd":"Natural","fhdComment":null,"fhdESH":"NA","fhdBasisD":null,"fhdNMF":"no","fhdBasisDt":null,"fhdBasisNm":null,"fhdBasisEnt":null,"fhdBasisPrj":null,"fhdBasisMethod":null,"fhdAccess":null,"fhdBarrierFtrID":null,"fhdEndExtent":null,"Shape__Area":22729.277997265,"Shape__Length":695.9091372764744,"habitatType":"lake"},"id":132},
{"type":"Feature","geometry":{"type":"Polygon","coordinates":[[[-119.148222,45.914686],[-119.146548,45.915251],[-119.147191,45.916041],[-119.148111,45.915482],[-119.148222,45.914686]]]},"properties":{"OBJECTID":42,"fhdFtrID":42,"fhdRefID":53684,"fhdRevDt":"20190219","fhdONm":"Peter Robinson","fhdOEnt":"ODFW","fhdSpNm":"LMbass","fhdRun":"NA","fhdLifeHst":"Resident","fhdUseTy":"ResidentMultipleUses","fhdBasis":"UndocObsFish","fhdStNm":"Dodd Ponds","fhdGenus":"Micropterus","fhdSp":"salmoides","fhdSubSp":null,"fhdOrig":"NonNative","fhdProd":"Natural","fhdComment":null,"fhdESH":"NA","fhdBasisD":null,"fhdNMF":"no","fhdBasisDt":null,"fhdBasisNm":null,"fhdBasisEnt":null,"fhdBasisPrj":null,"fhdBasisMethod":null,"fhdAccess":null,"fhdBarrierFtrID":null,"fhdEndExtent":null,"Shape__Area":78408.42340624,"Shape__Length":2730.3298789633313,"habitatType":"lake"},"id":133},
{"type":"Feature","geometry":{"type":"Polygon","coordinates":[[[-119.024128,46.202282],[-119.027075,46.203138],[-119.025281,46.205688],[-119.026899,46.206659],[-119.022409,46.21137],[-119.019732,46.210047],[-119.01804,46.211483],[-119.020385,46.214018],[-119.017587,46.214785],[-119.012338,46.218107],[-119.003753,46.221854],[-118.994248,46.224789],[-118.98759,46.228622],[-118.985339,46.229341],[-118.978269,46.234427],[-118.974065,46.23589],[-118.968563,46.235539],[-118.956162,46.236544],[-118.951087,46.236276],[-118.931516,46.239871],[-118.917468,46.241048],[-118.914479,46.242043],[-118.908954,46.24187],[-118.904233,46.242902],[-118.903016,46.24412],[-118.896429,46.245966],[-118.884253,46.247612],[-118.880071,46.247483],[-118.880197,46.250481],[-118.885051,46.251064],[-118.894694,46.249798],[-118.904501,46.247668],[-118.910659,46.246985],[-118.928092,46.243623],[-118.931895,46.243442],[-118.953761,46.240942],[-118.96127,46.241821],[-118.969041,46.241287],[-118.97817,46.239869],[-118.986199,46.237349],[-118.997608,46.232799],[-119.005997,46.230011],[-119.009619,46.227704],[-119.011985,46.224551],[-119.0197,46.220676],[-119.023368,46.218133],[-119.032357,46.209535],[-119.033953,46.208455],[-119.039017,46.198348],[-119.035458,46.19433],[-119.035269,46.192694],[-119.032362,46.189711],[-119.027243,46.192465],[-119.027326,46.19262],[-119.028796,46.193955],[-119.030903,46.198641],[-119.030402,46.199059],[-119.030082,46.199157],[-119.029629,46.199359],[-119.029399,46.199503],[-119.02901,46.199685],[-119.02863,46.199737],[-119.027153,46.20023],[-119.026891,46.200407],[-119.024328,46.201774],[-119.024128,46.202282]],[[-118.994437,46.231293],[-118.989375,46.234365],[-118.987389,46.233238],[-118.99095,46.23044],[-118.994437,46.231293]]]},"properties":{"OBJECTID":43,"fhdFtrID":43,"fhdRefID":53684,"fhdRevDt":"20190219","fhdONm":"Peter Robinson","fhdOEnt":"ODFW","fhdSpNm":"LMbass","fhdRun":"NA","fhdLifeHst":"Resident","fhdUseTy":"ResidentMultipleUses","fhdBasis":"UndocObsFish","fhdStNm":"Lake Wallula","fhdGenus":"Micropterus","fhdSp":"salmoides","fhdSubSp":null,"fhdOrig":"NonNative","fhdProd":"Natural","fhdComment":null,"fhdESH":"NA","fhdBasisD":null,"fhdNMF":"no","fhdBasisDt":null,"fhdBasisNm":null,"fhdBasisEnt":null,"fhdBasisPrj":null,"fhdBasisMethod":null,"fhdAccess":null,"fhdBarrierFtrID":null,"fhdEndExtent":null,"Shape__Area":16630197.08352501,"Shape__Length":80679.66388100637,"habitatType":"lake"},"id":134},
{"type":"Feature","geometry":{"type":"Polygon","coordinates":[[[-118.789735,45.605936],[-118.792595,45.607593],[-118.799373,45.602975],[-118.790773,45.587213],[-118.784291,45.581188],[-118.781948,45.580112],[-118.778053,45.573824],[-118.780204,45.568833],[-118.778825,45.562765],[-118.77413,45.563812],[-118.770914,45.562412],[-118.767646,45.565927],[-118.770179,45.573849],[-118.77259,45.578497],[-118.778774,45.583595],[-118.779404,45.588],[-118.778175,45.592449],[-118.775838,45.5936],[-118.776795,45.601615],[-118.782217,45.604047],[-118.784875,45.603208],[-118.789735,45.605936]]]},"properties":{"OBJECTID":44,"fhdFtrID":44,"fhdRefID":53684,"fhdRevDt":"20190219","fhdONm":"Peter Robinson","fhdOEnt":"ODFW","fhdSpNm":"LMbass","fhdRun":"NA","fhdLifeHst":"Resident","fhdUseTy":"ResidentMultipleUses","fhdBasis":"UndocObsFish","fhdStNm":"McKay Reservoir","fhdGenus":"Micropterus","fhdSp":"salmoides","fhdSubSp":null,"fhdOrig":"NonNative","fhdProd":"Natural","fhdComment":null,"fhdESH":"NA","fhdBasisD":null,"fhdNMF":"no","fhdBasisDt":null,"fhdBasisNm":null,"fhdBasisEnt":null,"fhdBasisPrj":null,"fhdBasisMethod":null,"fhdAccess":null,"fhdBarrierFtrID":null,"fhdEndExtent":null,"Shape__Area":9700393.30579944,"Shape__Length":26763.49791374728,"habitatType":"lake"},"id":135},
{"type":"Feature","geometry":{"type":"Polygon","coordinates":[[[-121.386834,45.223923],[-121.390618,45.220174],[-121.387313,45.217056],[-121.384487,45.218491],[-121.382947,45.22305],[-121.386834,45.223923]]]},"properties":{"OBJECTID":45,"fhdFtrID":45,"fhdRefID":53684,"fhdRevDt":"20190219","fhdONm":"Peter Robinson","fhdOEnt":"ODFW","fhdSpNm":"LMbass","fhdRun":"NA","fhdLifeHst":"Resident","fhdUseTy":"ResidentMultipleUses","fhdBasis":"UndocObsFish","fhdStNm":"Rock Creek Reservoir","fhdGenus":"Micropterus","fhdSp":"salmoides","fhdSubSp":null,"fhdOrig":"NonNative","fhdProd":"Natural","fhdComment":null,"fhdESH":"NA","fhdBasisD":null,"fhdNMF":"no","fhdBasisDt":null,"fhdBasisNm":null,"fhdBasisEnt":null,"fhdBasisPrj":null,"fhdBasisMethod":null,"fhdAccess":null,"fhdBarrierFtrID":null,"fhdEndExtent":null,"Shape__Area":717711.499852895,"Shape__Length":4316.272082072748,"habitatType":"lake"},"id":136},
{"type":"Feature","geometry":{"type":"Polygon","coordinates":[[[-123.907164,46.091655],[-123.907035,46.083086],[-123.90323,46.076814],[-123.896757,46.079166],[-123.900571,46.081509],[-123.901798,46.086261],[-123.904715,46.087507],[-123.904524,46.089932],[-123.907164,46.091655]]]},"properties":{"OBJECTID":46,"fhdFtrID":46,"fhdRefID":53684,"fhdRevDt":"20190219","fhdONm":"Peter Robinson","fhdOEnt":"ODFW","fhdSpNm":"LMbass","fhdRun":"NA","fhdLifeHst":"Resident","fhdUseTy":"ResidentMultipleUses","fhdBasis":"UndocObsFish","fhdStNm":"Cullaby Lake","fhdGenus":"Micropterus","fhdSp":"salmoides","fhdSubSp":null,"fhdOrig":"NonNative","fhdProd":"Natural","fhdComment":null,"fhdESH":"NA","fhdBasisD":null,"fhdNMF":"no","fhdBasisDt":null,"fhdBasisNm":null,"fhdBasisEnt":null,"fhdBasisPrj":null,"fhdBasisMethod":null,"fhdAccess":null,"fhdBarrierFtrID":null,"fhdEndExtent":null,"Shape__Area":1636555.44524015,"Shape__Length":14281.805200586636,"habitatType":"lake"},"id":137},
{"type":"Feature","geometry":{"type":"Polygon","coordinates":[[[-122.227257,45.543582],[-122.230271,45.543642],[-122.238586,45.542278],[-122.241585,45.543078],[-122.24519,45.541342],[-122.236329,45.541642],[-122.227257,45.543582]]]},"properties":{"OBJECTID":47,"fhdFtrID":47,"fhdRefID":53684,"fhdRevDt":"20190219","fhdONm":"Peter Robinson","fhdOEnt":"ODFW","fhdSpNm":"LMbass","fhdRun":"NA","fhdLifeHst":"Resident","fhdUseTy":"ResidentMultipleUses","fhdBasis":"UndocObsFish","fhdStNm":"Mirror Pond","fhdGenus":"Micropterus","fhdSp":"salmoides","fhdSubSp":null,"fhdOrig":"NonNative","fhdProd":"Natural","fhdComment":null,"fhdESH":"NA","fhdBasisD":null,"fhdNMF":"no","fhdBasisDt":null,"fhdBasisNm":null,"fhdBasisEnt":null,"fhdBasisPrj":null,"fhdBasisMethod":null,"fhdAccess":null,"fhdBarrierFtrID":null,"fhdEndExtent":null,"Shape__Area":285601.220385745,"Shape__Length":6442.146456840715,"habitatType":"lake"},"id":138},
{"type":"Feature","geometry":{"type":"Polygon","coordinates":[[[-123.937885,46.14915],[-123.937759,46.150061],[-123.940056,46.153177],[-123.940806,46.152463],[-123.937885,46.14915]]]},"properties":{"OBJECTID":48,"fhdFtrID":48,"fhdRefID":53684,"fhdRevDt":"20190219","fhdONm":"Peter Robinson","fhdOEnt":"ODFW","fhdSpNm":"LMbass","fhdRun":"NA","fhdLifeHst":"Resident","fhdUseTy":"ResidentMultipleUses","fhdBasis":"UndocObsFish","fhdStNm":"Cemetery Lake","fhdGenus":"Micropterus","fhdSp":"salmoides","fhdSubSp":null,"fhdOrig":"NonNative","fhdProd":"Natural","fhdComment":null,"fhdESH":"NA","fhdBasisD":null,"fhdNMF":"no","fhdBasisDt":null,"fhdBasisNm":null,"fhdBasisEnt":null,"fhdBasisPrj":null,"fhdBasisMethod":null,"fhdAccess":null,"fhdBarrierFtrID":null,"fhdEndExtent":null,"Shape__Area":83390.48976121,"Shape__Length":1552.0270834589605,"habitatType":"lake"},"id":139},
{"type":"Feature","geometry":{"type":"Polygon","coordinates":[[[-123.942608,46.169585],[-123.942151,46.173393],[-123.943461,46.172734],[-123.942608,46.169585]]]},"properties":{"OBJECTID":49,"fhdFtrID":49,"fhdRefID":53684,"fhdRevDt":"20190219","fhdONm":"Peter Robinson","fhdOEnt":"ODFW","fhdSpNm":"LMbass","fhdRun":"NA","fhdLifeHst":"Resident","fhdUseTy":"ResidentMultipleUses","fhdBasis":"UndocObsFish","fhdStNm":"Clear Lake","fhdGenus":"Micropterus","fhdSp":"salmoides","fhdSubSp":null,"fhdOrig":"NonNative","fhdProd":"Natural","fhdComment":null,"fhdESH":"NA","fhdBasisD":null,"fhdNMF":"no","fhdBasisDt":null,"fhdBasisNm":null,"fhdBasisEnt":null,"fhdBasisPrj":null,"fhdBasisMethod":null,"fhdAccess":null,"fhdBarrierFtrID":null,"fhdEndExtent":null,"Shape__Area":71877.8214539,"Shape__Length":1744.3251591422006,"habitatType":"lake"},"id":140},
{"type":"Feature","geometry":{"type":"Polygon","coordinates":[[[-122.120183,45.578454],[-122.123754,45.578836],[-122.124994,45.576701],[-122.120589,45.577608],[-122.120183,45.578454]]]},"properties":{"OBJECTID":50,"fhdFtrID":50,"fhdRefID":53684,"fhdRevDt":"20190219","fhdONm":"Peter Robinson","fhdOEnt":"ODFW","fhdSpNm":"LMbass","fhdRun":"NA","fhdLifeHst":"Resident","fhdUseTy":"ResidentMultipleUses","fhdBasis":"UndocObsFish","fhdStNm":"Benson Lake","fhdGenus":"Micropterus","fhdSp":"salmoides","fhdSubSp":null,"fhdOrig":"NonNative","fhdProd":"Natural","fhdComment":null,"fhdESH":"NA","fhdBasisD":null,"fhdNMF":"no","fhdBasisDt":null,"fhdBasisNm":null,"fhdBasisEnt":null,"fhdBasisPrj":null,"fhdBasisMethod":null,"fhdAccess":null,"fhdBarrierFtrID":null,"fhdEndExtent":null,"Shape__Area":190530.223523615,"Shape__Length":1873.0431266569778,"habitatType":"lake"},"id":141},
{"type":"Feature","geometry":{"type":"Polygon","coordinates":[[[-123.938447,46.161949],[-123.936307,46.162503],[-123.937294,46.164472],[-123.938889,46.164023],[-123.938447,46.161949]]]},"properties":{"OBJECTID":51,"fhdFtrID":51,"fhdRefID":53684,"fhdRevDt":"20190219","fhdONm":"Peter Robinson","fhdOEnt":"ODFW","fhdSpNm":"LMbass","fhdRun":"NA","fhdLifeHst":"Resident","fhdUseTy":"ResidentMultipleUses","fhdBasis":"UndocObsFish","fhdStNm":"Burke Lake","fhdGenus":"Micropterus","fhdSp":"salmoides","fhdSubSp":null,"fhdOrig":"NonNative","fhdProd":"Natural","fhdComment":null,"fhdESH":"NA","fhdBasisD":null,"fhdNMF":"no","fhdBasisDt":null,"fhdBasisNm":null,"fhdBasisEnt":null,"fhdBasisPrj":null,"fhdBasisMethod":null,"fhdAccess":null,"fhdBarrierFtrID":null,"fhdEndExtent":null,"Shape__Area":110481.482971675,"Shape__Length":1268.8006238069063,"habitatType":"lake"},"id":142},
{"type":"Feature","geometry":{"type":"Polygon","coordinates":[[[-123.937215,46.147943],[-123.938028,46.146599],[-123.934421,46.138518],[-123.933182,46.140213],[-123.937215,46.147943]]]},"properties":{"OBJECTID":52,"fhdFtrID":52,"fhdRefID":53684,"fhdRevDt":"20190219","fhdONm":"Peter Robinson","fhdOEnt":"ODFW","fhdSpNm":"LMbass","fhdRun":"NA","fhdLifeHst":"Resident","fhdUseTy":"ResidentMultipleUses","fhdBasis":"UndocObsFish","fhdStNm":"Smith Lake","fhdGenus":"Micropterus","fhdSp":"salmoides","fhdSubSp":null,"fhdOrig":"NonNative","fhdProd":"Natural","fhdComment":null,"fhdESH":"NA","fhdBasisD":null,"fhdNMF":"no","fhdBasisDt":null,"fhdBasisNm":null,"fhdBasisEnt":null,"fhdBasisPrj":null,"fhdBasisMethod":null,"fhdAccess":null,"fhdBarrierFtrID":null,"fhdEndExtent":null,"Shape__Area":371773.45582826,"Shape__Length":5336.1357325247845,"habitatType":"lake"},"id":143},
{"type":"Feature","geometry":{"type":"Polygon","coordinates":[[[-123.943041,46.15564],[-123.944288,46.155047],[-123.942464,46.151959],[-123.942227,46.15395],[-123.943041,46.15564]]]},"properties":{"OBJECTID":53,"fhdFtrID":53,"fhdRefID":53684,"fhdRevDt":"20190219","fhdONm":"Peter Robinson","fhdOEnt":"ODFW","fhdSpNm":"LMbass","fhdRun":"NA","fhdLifeHst":"Resident","fhdUseTy":"ResidentMultipleUses","fhdBasis":"UndocObsFish","fhdStNm":"Wild Ace Lake","fhdGenus":"Micropterus","fhdSp":"salmoides","fhdSubSp":null,"fhdOrig":"NonNative","fhdProd":"Natural","fhdComment":null,"fhdESH":"NA","fhdBasisD":null,"fhdNMF":"no","fhdBasisDt":null,"fhdBasisNm":null,"fhdBasisEnt":null,"fhdBasisPrj":null,"fhdBasisMethod":null,"fhdAccess":null,"fhdBarrierFtrID":null,"fhdEndExtent":null,"Shape__Area":98271.774879135,"Shape__Length":1723.4409401893272,"habitatType":"lake"},"id":144},
{"type":"Feature","geometry":{"type":"Polygon","coordinates":[[[-123.949753,46.162019],[-123.950013,46.163215],[-123.951593,46.165508],[-123.952265,46.166951],[-123.953679,46.169074],[-123.954595,46.169359],[-123.952691,46.166424],[-123.95153,46.164104],[-123.950614,46.163457],[-123.949753,46.162019]]]},"properties":{"OBJECTID":54,"fhdFtrID":54,"fhdRefID":53684,"fhdRevDt":"20190219","fhdONm":"Peter Robinson","fhdOEnt":"ODFW","fhdSpNm":"LMbass","fhdRun":"NA","fhdLifeHst":"Resident","fhdUseTy":"ResidentMultipleUses","fhdBasis":"UndocObsFish","fhdStNm":"Crabapple Lake","fhdGenus":"Micropterus","fhdSp":"salmoides","fhdSubSp":null,"fhdOrig":"NonNative","fhdProd":"Natural","fhdComment":null,"fhdESH":"NA","fhdBasisD":null,"fhdNMF":"no","fhdBasisDt":null,"fhdBasisNm":null,"fhdBasisEnt":null,"fhdBasisPrj":null,"fhdBasisMethod":null,"fhdAccess":null,"fhdBarrierFtrID":null,"fhdEndExtent":null,"Shape__Area":84855.79064739,"Shape__Length":2712.8208387249315,"habitatType":"lake"},"id":145},
{"type":"Feature","geometry":{"type":"Polygon","coordinates":[[[-122.132968,45.577306],[-122.139071,45.576404],[-122.135595,45.575524],[-122.131875,45.576225],[-122.132968,45.577306]]]},"properties":{"OBJECTID":55,"fhdFtrID":55,"fhdRefID":53684,"fhdRevDt":"20190219","fhdONm":"Peter Robinson","fhdOEnt":"ODFW","fhdSpNm":"LMbass","fhdRun":"NA","fhdLifeHst":"Resident","fhdUseTy":"ResidentMultipleUses","fhdBasis":"UndocObsFish","fhdStNm":"Wahkeena Rearing Lake","fhdGenus":"Micropterus","fhdSp":"salmoides","fhdSubSp":null,"fhdOrig":"NonNative","fhdProd":"Natural","fhdComment":null,"fhdESH":"NA","fhdBasisD":null,"fhdNMF":"no","fhdBasisDt":null,"fhdBasisNm":null,"fhdBasisEnt":null,"fhdBasisPrj":null,"fhdBasisMethod":null,"fhdAccess":null,"fhdBarrierFtrID":null,"fhdEndExtent":null,"Shape__Area":157430.717617665,"Shape__Length":1911.85754371111,"habitatType":"lake"},"id":146},
{"type":"Feature","geometry":{"type":"Polygon","coordinates":[[[-123.196243,44.70822],[-123.195663,44.709752],[-123.19692,44.710496],[-123.196243,44.70822]]]},"properties":{"OBJECTID":56,"fhdFtrID":56,"fhdRefID":53684,"fhdRevDt":"20190219","fhdONm":"Peter Robinson","fhdOEnt":"ODFW","fhdSpNm":"LMbass","fhdRun":"NA","fhdLifeHst":"Resident","fhdUseTy":"ResidentMultipleUses","fhdBasis":"UndocObsFish","fhdStNm":"G P Reservoir","fhdGenus":"Micropterus","fhdSp":"salmoides","fhdSubSp":null,"fhdOrig":"NonNative","fhdProd":"Natural","fhdComment":null,"fhdESH":"NA","fhdBasisD":null,"fhdNMF":"no","fhdBasisDt":null,"fhdBasisNm":null,"fhdBasisEnt":null,"fhdBasisPrj":null,"fhdBasisMethod":null,"fhdAccess":null,"fhdBarrierFtrID":null,"fhdEndExtent":null,"Shape__Area":40249.294142715,"Shape__Length":1019.7798032096998,"habitatType":"lake"},"id":147},
{"type":"Feature","geometry":{"type":"Polygon","coordinates":[[[-122.704053,45.252147],[-122.704186,45.252943],[-122.704667,45.252849],[-122.704512,45.252356],[-122.704053,45.252147]]]},"properties":{"OBJECTID":57,"fhdFtrID":57,"fhdRefID":53684,"fhdRevDt":"20190219","fhdONm":"Peter Robinson","fhdOEnt":"ODFW","fhdSpNm":"LMbass","fhdRun":"NA","fhdLifeHst":"Resident","fhdUseTy":"ResidentMultipleUses","fhdBasis":"UndocObsFish","fhdStNm":"Canby Pond","fhdGenus":"Micropterus","fhdSp":"salmoides","fhdSubSp":null,"fhdOrig":"NonNative","fhdProd":"Natural","fhdComment":null,"fhdESH":"NA","fhdBasisD":null,"fhdNMF":"no","fhdBasisDt":null,"fhdBasisNm":null,"fhdBasisEnt":null,"fhdBasisPrj":null,"fhdBasisMethod":null,"fhdAccess":null,"fhdBarrierFtrID":null,"fhdEndExtent":null,"Shape__Area":8426.08792313,"Shape__Length":399.6238540228263,"habitatType":"lake"},"id":148},
{"type":"Feature","geometry":{"type":"Polygon","coordinates":[[[-123.021655,44.918576],[-123.024404,44.918923],[-123.024637,44.917648],[-123.022919,44.917527],[-123.021655,44.918576]]]},"properties":{"OBJECTID":58,"fhdFtrID":58,"fhdRefID":53684,"fhdRevDt":"20190219","fhdONm":"Peter Robinson","fhdOEnt":"ODFW","fhdSpNm":"LMbass","fhdRun":"NA","fhdLifeHst":"Resident","fhdUseTy":"ResidentMultipleUses","fhdBasis":"UndocObsFish","fhdStNm":"Walling Pond ","fhdGenus":"Micropterus","fhdSp":"salmoides","fhdSubSp":null,"fhdOrig":"NonNative","fhdProd":"Natural","fhdComment":null,"fhdESH":"NA","fhdBasisD":null,"fhdNMF":"no","fhdBasisDt":null,"fhdBasisNm":null,"fhdBasisEnt":null,"fhdBasisPrj":null,"fhdBasisMethod":null,"fhdAccess":null,"fhdBarrierFtrID":null,"fhdEndExtent":null,"Shape__Area":81388.60048627,"Shape__Length":1551.5212573292436,"habitatType":"lake"},"id":149},
{"type":"Feature","geometry":{"type":"Polygon","coordinates":[[[-123.065931,44.59192],[-123.063028,44.590274],[-123.057114,44.589857],[-123.057221,44.591788],[-123.060939,44.591789],[-123.063035,44.590455],[-123.065931,44.59192]]]},"properties":{"OBJECTID":59,"fhdFtrID":59,"fhdRefID":53684,"fhdRevDt":"20190219","fhdONm":"Peter Robinson","fhdOEnt":"ODFW","fhdSpNm":"LMbass","fhdRun":"NA","fhdLifeHst":"Resident","fhdUseTy":"ResidentMultipleUses","fhdBasis":"UndocObsFish","fhdStNm":"Freeway Lakes","fhdGenus":"Micropterus","fhdSp":"salmoides","fhdSubSp":null,"fhdOrig":"NonNative","fhdProd":"Natural","fhdComment":null,"fhdESH":"NA","fhdBasisD":null,"fhdNMF":"no","fhdBasisDt":null,"fhdBasisNm":null,"fhdBasisEnt":null,"fhdBasisPrj":null,"fhdBasisMethod":null,"fhdAccess":null,"fhdBarrierFtrID":null,"fhdEndExtent":null,"Shape__Area":305078.344354025,"Shape__Length":4134.62192345138,"habitatType":"lake"},"id":150},
{"type":"Feature","geometry":{"type":"Polygon","coordinates":[[[-122.816396,45.814659],[-122.818899,45.811767],[-122.815839,45.805369],[-122.81245,45.804332],[-122.80979,45.805688],[-122.806699,45.804502],[-122.804267,45.806785],[-122.808284,45.807613],[-122.810938,45.809179],[-122.811657,45.811603],[-122.816396,45.814659]]]},"properties":{"OBJECTID":60,"fhdFtrID":60,"fhdRefID":53684,"fhdRevDt":"20190219","fhdONm":"Peter Robinson","fhdOEnt":"ODFW","fhdSpNm":"LMbass","fhdRun":"NA","fhdLifeHst":"Resident","fhdUseTy":"ResidentMultipleUses","fhdBasis":"UndocObsFish","fhdStNm":"Cunningham Lake","fhdGenus":"Micropterus","fhdSp":"salmoides","fhdSubSp":null,"fhdOrig":"NonNative","fhdProd":"Natural","fhdComment":null,"fhdESH":"NA","fhdBasisD":null,"fhdNMF":"no","fhdBasisDt":null,"fhdBasisNm":null,"fhdBasisEnt":null,"fhdBasisPrj":null,"fhdBasisMethod":null,"fhdAccess":null,"fhdBarrierFtrID":null,"fhdEndExtent":null,"Shape__Area":1306224.60492618,"Shape__Length":12327.574047686607,"habitatType":"lake"},"id":151},
{"type":"Feature","geometry":{"type":"Polygon","coordinates":[[[-123.05345,44.63826],[-123.053804,44.638886],[-123.056256,44.638227],[-123.055956,44.637728],[-123.05345,44.63826]]]},"properties":{"OBJECTID":61,"fhdFtrID":61,"fhdRefID":53684,"fhdRevDt":"20190219","fhdONm":"Peter Robinson","fhdOEnt":"ODFW","fhdSpNm":"LMbass","fhdRun":"NA","fhdLifeHst":"Resident","fhdUseTy":"ResidentMultipleUses","fhdBasis":"UndocObsFish","fhdStNm":"Timber-Linn Lake","fhdGenus":"Micropterus","fhdSp":"salmoides","fhdSubSp":null,"fhdOrig":"NonNative","fhdProd":"Natural","fhdComment":null,"fhdESH":"NA","fhdBasisD":null,"fhdNMF":"no","fhdBasisDt":null,"fhdBasisNm":null,"fhdBasisEnt":null,"fhdBasisPrj":null,"fhdBasisMethod":null,"fhdAccess":null,"fhdBarrierFtrID":null,"fhdEndExtent":null,"Shape__Area":50989.335330445,"Shape__Length":1211.3820771206479,"habitatType":"lake"},"id":152},
{"type":"Feature","geometry":{"type":"Polygon","coordinates":[[[-123.055365,43.716645],[-123.058682,43.716406],[-123.065126,43.713291],[-123.066291,43.711532],[-123.07343,43.706941],[-123.076922,43.70268],[-123.076643,43.695632],[-123.078366,43.692099],[-123.074961,43.688228],[-123.076269,43.686255],[-123.07488,43.684272],[-123.071167,43.682843],[-123.070877,43.685087],[-123.068432,43.688194],[-123.06804,43.694865],[-123.066551,43.697381],[-123.06432,43.697845],[-123.054622,43.702686],[-123.050814,43.707155],[-123.047818,43.708236],[-123.049592,43.715874],[-123.055365,43.716645]]]},"properties":{"OBJECTID":62,"fhdFtrID":62,"fhdRefID":53718,"fhdRevDt":"20190219","fhdONm":"Kevin Stertz","fhdOEnt":"ODFW","fhdSpNm":"LMbass","fhdRun":"NA","fhdLifeHst":"Resident","fhdUseTy":"ResidentMultipleUses","fhdBasis":"DocObsFish","fhdStNm":"Cottage Grove Reservoir","fhdGenus":"Micropterus","fhdSp":"salmoides","fhdSubSp":null,"fhdOrig":"NonNative","fhdProd":"Natural","fhdComment":null,"fhdESH":"NA","fhdBasisD":null,"fhdNMF":"no","fhdBasisDt":"20170000","fhdBasisNm":null,"fhdBasisEnt":null,"fhdBasisPrj":null,"fhdBasisMethod":"Electrofisher","fhdAccess":null,"fhdBarrierFtrID":null,"fhdEndExtent":null,"Shape__Area":7949340.124322945,"Shape__Length":23674.51012774601,"habitatType":"lake"},"id":153},
{"type":"Feature","geometry":{"type":"Polygon","coordinates":[[[-123.294811,44.12095],[-123.297409,44.119886],[-123.284687,44.117441],[-123.283703,44.119143],[-123.294811,44.12095]]]},"properties":{"OBJECTID":63,"fhdFtrID":63,"fhdRefID":53684,"fhdRevDt":"20190219","fhdONm":"Peter Robinson","fhdOEnt":"ODFW","fhdSpNm":"LMbass","fhdRun":"NA","fhdLifeHst":"Resident","fhdUseTy":"ResidentMultipleUses","fhdBasis":"UndocObsFish","fhdStNm":"Kirk Pond","fhdGenus":"Micropterus","fhdSp":"salmoides","fhdSubSp":null,"fhdOrig":"NonNative","fhdProd":"Natural","fhdComment":null,"fhdESH":"NA","fhdBasisD":null,"fhdNMF":"no","fhdBasisDt":null,"fhdBasisNm":null,"fhdBasisEnt":null,"fhdBasisPrj":null,"fhdBasisMethod":null,"fhdAccess":null,"fhdBarrierFtrID":null,"fhdEndExtent":null,"Shape__Area":405791.98043621,"Shape__Length":5776.310026661573,"habitatType":"lake"},"id":154},
{"type":"Feature","geometry":{"type":"Polygon","coordinates":[[[-123.04849,45.078024],[-123.045973,45.078764],[-123.043734,45.080613],[-123.04268,45.082819],[-123.043871,45.087637],[-123.044801,45.087583],[-123.043772,45.083654],[-123.043896,45.082046],[-123.045577,45.079884],[-123.04849,45.078024]]]},"properties":{"OBJECTID":64,"fhdFtrID":64,"fhdRefID":53684,"fhdRevDt":"20190219","fhdONm":"Peter Robinson","fhdOEnt":"ODFW","fhdSpNm":"LMbass","fhdRun":"NA","fhdLifeHst":"Resident","fhdUseTy":"ResidentMultipleUses","fhdBasis":"UndocObsFish","fhdStNm":"Mission Lake","fhdGenus":"Micropterus","fhdSp":"salmoides","fhdSubSp":null,"fhdOrig":"NonNative","fhdProd":"Natural","fhdComment":null,"fhdESH":"NA","fhdBasisD":null,"fhdNMF":"no","fhdBasisDt":null,"fhdBasisNm":null,"fhdBasisEnt":null,"fhdBasisPrj":null,"fhdBasisMethod":null,"fhdAccess":null,"fhdBarrierFtrID":null,"fhdEndExtent":null,"Shape__Area":234955.69232847,"Shape__Length":5165.616184276207,"habitatType":"lake"},"id":155},
{"type":"Feature","geometry":{"type":"Polygon","coordinates":[[[-123.489378,44.6794],[-123.48886,44.680476],[-123.489317,44.681198],[-123.489877,44.679747],[-123.489378,44.6794]]]},"properties":{"OBJECTID":65,"fhdFtrID":65,"fhdRefID":53684,"fhdRevDt":"20190219","fhdONm":"Peter Robinson","fhdOEnt":"ODFW","fhdSpNm":"LMbass","fhdRun":"NA","fhdLifeHst":"Resident","fhdUseTy":"ResidentMultipleUses","fhdBasis":"UndocObsFish","fhdStNm":"Bonner Lake","fhdGenus":"Micropterus","fhdSp":"salmoides","fhdSubSp":null,"fhdOrig":"NonNative","fhdProd":"Natural","fhdComment":null,"fhdESH":"NA","fhdBasisD":null,"fhdNMF":"no","fhdBasisDt":null,"fhdBasisNm":null,"fhdBasisEnt":null,"fhdBasisPrj":null,"fhdBasisMethod":null,"fhdAccess":null,"fhdBarrierFtrID":null,"fhdEndExtent":null,"Shape__Area":26930.37437181,"Shape__Length":863.118149566485,"habitatType":"lake"},"id":156},
{"type":"Feature","geometry":{"type":"Polygon","coordinates":[[[-123.074293,44.645796],[-123.07246,44.647853],[-123.072698,44.649335],[-123.074689,44.646239],[-123.074293,44.645796]]]},"properties":{"OBJECTID":66,"fhdFtrID":66,"fhdRefID":53684,"fhdRevDt":"20190219","fhdONm":"Peter Robinson","fhdOEnt":"ODFW","fhdSpNm":"LMbass","fhdRun":"NA","fhdLifeHst":"Resident","fhdUseTy":"ResidentMultipleUses","fhdBasis":"UndocObsFish","fhdStNm":"First Lake","fhdGenus":"Micropterus","fhdSp":"salmoides","fhdSubSp":null,"fhdOrig":"NonNative","fhdProd":"Natural","fhdComment":null,"fhdESH":"NA","fhdBasisD":null,"fhdNMF":"no","fhdBasisDt":null,"fhdBasisNm":null,"fhdBasisEnt":null,"fhdBasisPrj":null,"fhdBasisMethod":null,"fhdAccess":null,"fhdBarrierFtrID":null,"fhdEndExtent":null,"Shape__Area":77442.249152675,"Shape__Length":1744.607698551434,"habitatType":"lake"},"id":157},
{"type":"Feature","geometry":{"type":"Polygon","coordinates":[[[-123.027104,43.793601],[-123.027767,43.794073],[-123.027839,43.79379],[-123.027104,43.793601]]]},"properties":{"OBJECTID":67,"fhdFtrID":67,"fhdRefID":53684,"fhdRevDt":"20190219","fhdONm":"Peter Robinson","fhdOEnt":"ODFW","fhdSpNm":"LMbass","fhdRun":"NA","fhdLifeHst":"Resident","fhdUseTy":"ResidentMultipleUses","fhdBasis":"UndocObsFish","fhdStNm":"Cottage Grove Ponds","fhdGenus":"Micropterus","fhdSp":"salmoides","fhdSubSp":null,"fhdOrig":"NonNative","fhdProd":"Natural","fhdComment":null,"fhdESH":"NA","fhdBasisD":null,"fhdNMF":"no","fhdBasisDt":null,"fhdBasisNm":null,"fhdBasisEnt":null,"fhdBasisPrj":null,"fhdBasisMethod":null,"fhdAccess":null,"fhdBarrierFtrID":null,"fhdEndExtent":null,"Shape__Area":3787.416901935,"Shape__Length":269.4548097812908,"habitatType":"lake"},"id":158},
{"type":"Feature","geometry":{"type":"Polygon","coordinates":[[[-123.053916,44.705811],[-123.053824,44.705943],[-123.0541,44.706925],[-123.054324,44.706826],[-123.053916,44.705811]]]},"properties":{"OBJECTID":68,"fhdFtrID":68,"fhdRefID":53684,"fhdRevDt":"20190219","fhdONm":"Peter Robinson","fhdOEnt":"ODFW","fhdSpNm":"LMbass","fhdRun":"NA","fhdLifeHst":"Resident","fhdUseTy":"ResidentMultipleUses","fhdBasis":"UndocObsFish","fhdStNm":"Jefferson Junction Borrow Pit ","fhdGenus":"Micropterus","fhdSp":"salmoides","fhdSubSp":null,"fhdOrig":"NonNative","fhdProd":"Natural","fhdComment":null,"fhdESH":"NA","fhdBasisD":null,"fhdNMF":"no","fhdBasisDt":null,"fhdBasisNm":null,"fhdBasisEnt":null,"fhdBasisPrj":null,"fhdBasisMethod":null,"fhdAccess":null,"fhdBarrierFtrID":null,"fhdEndExtent":null,"Shape__Area":4894.373073565,"Shape__Length":398.36628948022593,"habitatType":"lake"},"id":159},
{"type":"Feature","geometry":{"type":"Polygon","coordinates":[[[-123.250895,44.048877],[-123.250164,44.050056],[-123.250915,44.050527],[-123.252386,44.049544],[-123.250895,44.048877]]]},"properties":{"OBJECTID":69,"fhdFtrID":69,"fhdRefID":53684,"fhdRevDt":"20190219","fhdONm":"Peter Robinson","fhdOEnt":"ODFW","fhdSpNm":"LMbass","fhdRun":"NA","fhdLifeHst":"Resident","fhdUseTy":"ResidentMultipleUses","fhdBasis":"UndocObsFish","fhdStNm":"Cleary Pond","fhdGenus":"Micropterus","fhdSp":"salmoides","fhdSubSp":null,"fhdOrig":"NonNative","fhdProd":"Natural","fhdComment":null,"fhdESH":"NA","fhdBasisD":null,"fhdNMF":"no","fhdBasisDt":null,"fhdBasisNm":null,"fhdBasisEnt":null,"fhdBasisPrj":null,"fhdBasisMethod":null,"fhdAccess":null,"fhdBarrierFtrID":null,"fhdEndExtent":null,"Shape__Area":47950.86870422,"Shape__Length":813.4651338262495,"habitatType":"lake"},"id":160},
{"type":"Feature","geometry":{"type":"Polygon","coordinates":[[[-123.234687,45.497914],[-123.237426,45.49776],[-123.231738,45.492916],[-123.230564,45.490524],[-123.226771,45.487795],[-123.231191,45.485819],[-123.233595,45.4832],[-123.228024,45.48399],[-123.22373,45.482207],[-123.223932,45.47934],[-123.219155,45.475645],[-123.218023,45.471552],[-123.214225,45.471635],[-123.210213,45.470099],[-123.207205,45.471257],[-123.202465,45.470451],[-123.199548,45.474943],[-123.203188,45.476669],[-123.210512,45.481571],[-123.21227,45.483543],[-123.211166,45.488527],[-123.215452,45.486395],[-123.216695,45.489367],[-123.220877,45.493419],[-123.222252,45.497129],[-123.227297,45.495841],[-123.229895,45.497159],[-123.234687,45.497914]]]},"properties":{"OBJECTID":70,"fhdFtrID":70,"fhdRefID":53684,"fhdRevDt":"20190219","fhdONm":"Peter Robinson","fhdOEnt":"ODFW","fhdSpNm":"LMbass","fhdRun":"NA","fhdLifeHst":"Resident","fhdUseTy":"ResidentMultipleUses","fhdBasis":"UndocObsFish","fhdStNm":"Henry Hagg Lake","fhdGenus":"Micropterus","fhdSp":"salmoides","fhdSubSp":null,"fhdOrig":"NonNative","fhdProd":"Natural","fhdComment":null,"fhdESH":"NA","fhdBasisD":null,"fhdNMF":"no","fhdBasisDt":null,"fhdBasisNm":null,"fhdBasisEnt":null,"fhdBasisPrj":null,"fhdBasisMethod":null,"fhdAccess":null,"fhdBarrierFtrID":null,"fhdEndExtent":null,"Shape__Area":7338566.494593225,"Shape__Length":24360.73132895802,"habitatType":"lake"},"id":161},
{"type":"Feature","geometry":{"type":"Polygon","coordinates":[[[-122.456515,45.555482],[-122.456908,45.554321],[-122.45059,45.552392],[-122.444486,45.552472],[-122.440645,45.554265],[-122.450797,45.554362],[-122.456515,45.555482]]]},"properties":{"OBJECTID":71,"fhdFtrID":71,"fhdRefID":53684,"fhdRevDt":"20190211","fhdONm":"Peter Robinson","fhdOEnt":"ODFW","fhdSpNm":"LMbass","fhdRun":"NA","fhdLifeHst":"Resident","fhdUseTy":"ResidentMultipleUses","fhdBasis":"UndocObsFish","fhdStNm":"Blue Lake","fhdGenus":"Micropterus","fhdSp":"salmoides","fhdSubSp":null,"fhdOrig":"NonNative","fhdProd":"Natural","fhdComment":null,"fhdESH":"NA","fhdBasisD":null,"fhdNMF":"no","fhdBasisDt":null,"fhdBasisNm":null,"fhdBasisEnt":null,"fhdBasisPrj":null,"fhdBasisMethod":null,"fhdAccess":null,"fhdBarrierFtrID":null,"fhdEndExtent":null,"Shape__Area":544933.781376635,"Shape__Length":4580.39469051574,"habitatType":"lake"},"id":162},
{"type":"Feature","geometry":{"type":"Polygon","coordinates":[[[-122.949762,43.78998],[-122.955271,43.787386],[-122.953967,43.785126],[-122.95428,43.78123],[-122.950554,43.780397],[-122.944845,43.777041],[-122.93584,43.772897],[-122.928143,43.770977],[-122.923895,43.767764],[-122.920311,43.762211],[-122.917143,43.761514],[-122.913407,43.758035],[-122.909486,43.756286],[-122.906732,43.753051],[-122.902725,43.751177],[-122.89827,43.751483],[-122.901471,43.75401],[-122.897994,43.758273],[-122.900169,43.76195],[-122.900693,43.765637],[-122.903168,43.768027],[-122.901642,43.769366],[-122.904102,43.771122],[-122.908441,43.77151],[-122.911033,43.774476],[-122.913316,43.775299],[-122.916716,43.774669],[-122.921449,43.776134],[-122.923715,43.780448],[-122.92301,43.784653],[-122.927652,43.784412],[-122.933075,43.786884],[-122.934844,43.789444],[-122.942418,43.786927],[-122.94691,43.789799],[-122.949762,43.78998]]]},"properties":{"OBJECTID":72,"fhdFtrID":72,"fhdRefID":53718,"fhdRevDt":"20190219","fhdONm":"Kevin Stertz","fhdOEnt":"ODFW","fhdSpNm":"LMbass","fhdRun":"NA","fhdLifeHst":"Resident","fhdUseTy":"ResidentMultipleUses","fhdBasis":"DocObsFish","fhdStNm":"Dorena Reservoir","fhdGenus":"Micropterus","fhdSp":"salmoides","fhdSubSp":null,"fhdOrig":"NonNative","fhdProd":"Natural","fhdComment":null,"fhdESH":"NA","fhdBasisD":null,"fhdNMF":"no","fhdBasisDt":"20170000","fhdBasisNm":null,"fhdBasisEnt":null,"fhdBasisPrj":null,"fhdBasisMethod":"Electrofisher","fhdAccess":null,"fhdBarrierFtrID":null,"fhdEndExtent":null,"Shape__Area":13243070.627173545,"Shape__Length":26273.16951746651,"habitatType":"lake"},"id":163},
{"type":"Feature","geometry":{"type":"Polygon","coordinates":[[[-122.825659,45.135936],[-122.824519,45.136441],[-122.825124,45.137654],[-122.825667,45.137802],[-122.825031,45.136617],[-122.825659,45.135936]]]},"properties":{"OBJECTID":73,"fhdFtrID":73,"fhdRefID":53684,"fhdRevDt":"20190219","fhdONm":"Peter Robinson","fhdOEnt":"ODFW","fhdSpNm":"LMbass","fhdRun":"NA","fhdLifeHst":"Resident","fhdUseTy":"ResidentMultipleUses","fhdBasis":"UndocObsFish","fhdStNm":"Serres Reservoir","fhdGenus":"Micropterus","fhdSp":"salmoides","fhdSubSp":null,"fhdOrig":"NonNative","fhdProd":"Natural","fhdComment":null,"fhdESH":"NA","fhdBasisD":null,"fhdNMF":"no","fhdBasisDt":null,"fhdBasisNm":null,"fhdBasisEnt":null,"fhdBasisPrj":null,"fhdBasisMethod":null,"fhdAccess":null,"fhdBarrierFtrID":null,"fhdEndExtent":null,"Shape__Area":16019.190280215,"Shape__Length":837.687723790015,"habitatType":"lake"},"id":164},
{"type":"Feature","geometry":{"type":"Polygon","coordinates":[[[-122.815403,45.70719],[-122.815505,45.709127],[-122.816546,45.70899],[-122.815403,45.70719]]]},"properties":{"OBJECTID":74,"fhdFtrID":74,"fhdRefID":53684,"fhdRevDt":"20190219","fhdONm":"Peter Robinson","fhdOEnt":"ODFW","fhdSpNm":"LMbass","fhdRun":"NA","fhdLifeHst":"Resident","fhdUseTy":"ResidentMultipleUses","fhdBasis":"UndocObsFish","fhdStNm":"Haldeman Pond","fhdGenus":"Micropterus","fhdSp":"salmoides","fhdSubSp":null,"fhdOrig":"NonNative","fhdProd":"Natural","fhdComment":null,"fhdESH":"NA","fhdBasisD":null,"fhdNMF":"no","fhdBasisDt":null,"fhdBasisNm":null,"fhdBasisEnt":null,"fhdBasisPrj":null,"fhdBasisMethod":null,"fhdAccess":null,"fhdBarrierFtrID":null,"fhdEndExtent":null,"Shape__Area":39095.5336646,"Shape__Length":848.4282429162174,"habitatType":"lake"},"id":165},
{"type":"Feature","geometry":{"type":"Polygon","coordinates":[[[-122.872915,45.557403],[-122.874172,45.557143],[-122.873991,45.556229],[-122.870087,45.557233],[-122.872915,45.557403]]]},"properties":{"OBJECTID":75,"fhdFtrID":75,"fhdRefID":53684,"fhdRevDt":"20190219","fhdONm":"Peter Robinson","fhdOEnt":"ODFW","fhdSpNm":"LMbass","fhdRun":"NA","fhdLifeHst":"Resident","fhdUseTy":"ResidentMultipleUses","fhdBasis":"UndocObsFish","fhdStNm":"Bethany Lake","fhdGenus":"Micropterus","fhdSp":"salmoides","fhdSubSp":null,"fhdOrig":"NonNative","fhdProd":"Natural","fhdComment":null,"fhdESH":"NA","fhdBasisD":null,"fhdNMF":"no","fhdBasisDt":null,"fhdBasisNm":null,"fhdBasisEnt":null,"fhdBasisPrj":null,"fhdBasisMethod":null,"fhdAccess":null,"fhdBarrierFtrID":null,"fhdEndExtent":null,"Shape__Area":63283.99886014,"Shape__Length":1674.7357245690184,"habitatType":"lake"},"id":166},
{"type":"Feature","geometry":{"type":"Polygon","coordinates":[[[-122.738789,45.615756],[-122.740058,45.613478],[-122.743504,45.610915],[-122.74218,45.608847],[-122.735305,45.604685],[-122.727987,45.603453],[-122.720085,45.603692],[-122.718952,45.605234],[-122.721057,45.608575],[-122.714459,45.609576],[-122.713858,45.612439],[-122.720536,45.614556],[-122.722171,45.615779],[-122.729841,45.614948],[-122.735096,45.616007],[-122.735479,45.616032],[-122.737959,45.615981],[-122.738789,45.615756]]]},"properties":{"OBJECTID":76,"fhdFtrID":76,"fhdRefID":53684,"fhdRevDt":"20190219","fhdONm":"Peter Robinson","fhdOEnt":"ODFW","fhdSpNm":"LMbass","fhdRun":"NA","fhdLifeHst":"Resident","fhdUseTy":"ResidentMultipleUses","fhdBasis":"UndocObsFish","fhdStNm":"Smith Lake","fhdGenus":"Micropterus","fhdSp":"salmoides","fhdSubSp":null,"fhdOrig":"NonNative","fhdProd":"Natural","fhdComment":null,"fhdESH":"NA","fhdBasisD":null,"fhdNMF":"no","fhdBasisDt":null,"fhdBasisNm":null,"fhdBasisEnt":null,"fhdBasisPrj":null,"fhdBasisMethod":null,"fhdAccess":null,"fhdBarrierFtrID":null,"fhdEndExtent":null,"Shape__Area":4204710.042151095,"Shape__Length":19581.304953776194,"habitatType":"lake"},"id":167},
{"type":"Feature","geometry":{"type":"Polygon","coordinates":[[[-123.252591,45.101257],[-123.252386,45.104171],[-123.253587,45.104385],[-123.253388,45.102174],[-123.252591,45.101257]]]},"properties":{"OBJECTID":77,"fhdFtrID":77,"fhdRefID":53684,"fhdRevDt":"20190219","fhdONm":"Peter Robinson","fhdOEnt":"ODFW","fhdSpNm":"LMbass","fhdRun":"NA","fhdLifeHst":"Resident","fhdUseTy":"ResidentMultipleUses","fhdBasis":"UndocObsFish","fhdStNm":"Withy Lake ","fhdGenus":"Micropterus","fhdSp":"salmoides","fhdSubSp":null,"fhdOrig":"NonNative","fhdProd":"Natural","fhdComment":null,"fhdESH":"NA","fhdBasisD":null,"fhdNMF":"no","fhdBasisDt":null,"fhdBasisNm":null,"fhdBasisEnt":null,"fhdBasisPrj":null,"fhdBasisMethod":null,"fhdAccess":null,"fhdBarrierFtrID":null,"fhdEndExtent":null,"Shape__Area":70833.588374645,"Shape__Length":1839.6519994863174,"habitatType":"lake"},"id":168},
{"type":"Feature","geometry":{"type":"Polygon","coordinates":[[[-122.93222,45.116334],[-122.93556,45.115248],[-122.933561,45.114534],[-122.93222,45.116334]]]},"properties":{"OBJECTID":78,"fhdFtrID":78,"fhdRefID":53684,"fhdRevDt":"20190219","fhdONm":"Peter Robinson","fhdOEnt":"ODFW","fhdSpNm":"LMbass","fhdRun":"NA","fhdLifeHst":"Resident","fhdUseTy":"ResidentMultipleUses","fhdBasis":"UndocObsFish","fhdStNm":"St. Louis Ponds","fhdGenus":"Micropterus","fhdSp":"salmoides","fhdSubSp":null,"fhdOrig":"NonNative","fhdProd":"Natural","fhdComment":null,"fhdESH":"NA","fhdBasisD":null,"fhdNMF":"no","fhdBasisDt":null,"fhdBasisNm":null,"fhdBasisEnt":null,"fhdBasisPrj":null,"fhdBasisMethod":null,"fhdAccess":null,"fhdBarrierFtrID":null,"fhdEndExtent":null,"Shape__Area":61327.12517181,"Shape__Length":2579.672103173037,"habitatType":"lake"},"id":169},
{"type":"Feature","geometry":{"type":"Polygon","coordinates":[[[-123.067632,44.641669],[-123.071275,44.640395],[-123.07036,44.639309],[-123.067632,44.641669]]]},"properties":{"OBJECTID":79,"fhdFtrID":79,"fhdRefID":53684,"fhdRevDt":"20190219","fhdONm":"Peter Robinson","fhdOEnt":"ODFW","fhdSpNm":"LMbass","fhdRun":"NA","fhdLifeHst":"Resident","fhdUseTy":"ResidentMultipleUses","fhdBasis":"UndocObsFish","fhdStNm":"Waverly Lake","fhdGenus":"Micropterus","fhdSp":"salmoides","fhdSubSp":null,"fhdOrig":"NonNative","fhdProd":"Natural","fhdComment":null,"fhdESH":"NA","fhdBasisD":null,"fhdNMF":"no","fhdBasisDt":null,"fhdBasisNm":null,"fhdBasisEnt":null,"fhdBasisPrj":null,"fhdBasisMethod":null,"fhdAccess":null,"fhdBarrierFtrID":null,"fhdEndExtent":null,"Shape__Area":81791.14170408,"Shape__Length":1506.1258383266297,"habitatType":"lake"},"id":170},
{"type":"Feature","geometry":{"type":"Polygon","coordinates":[[[-123.010448,43.923323],[-123.010926,43.92241],[-123.008308,43.921877],[-123.00811,43.922488],[-123.010448,43.923323]]]},"properties":{"OBJECTID":80,"fhdFtrID":80,"fhdRefID":53684,"fhdRevDt":"20190219","fhdONm":"Peter Robinson","fhdOEnt":"ODFW","fhdSpNm":"LMbass","fhdRun":"NA","fhdLifeHst":"Resident","fhdUseTy":"ResidentMultipleUses","fhdBasis":"UndocObsFish","fhdStNm":"Garden Lake","fhdGenus":"Micropterus","fhdSp":"salmoides","fhdSubSp":null,"fhdOrig":"NonNative","fhdProd":"Natural","fhdComment":null,"fhdESH":"NA","fhdBasisD":null,"fhdNMF":"no","fhdBasisDt":null,"fhdBasisNm":null,"fhdBasisEnt":null,"fhdBasisPrj":null,"fhdBasisMethod":null,"fhdAccess":null,"fhdBarrierFtrID":null,"fhdEndExtent":null,"Shape__Area":55282.881831415,"Shape__Length":1041.4698771190026,"habitatType":"lake"},"id":171},
{"type":"Feature","geometry":{"type":"Polygon","coordinates":[[[-123.20243,44.179371],[-123.202628,44.180348],[-123.204817,44.180046],[-123.204626,44.179069],[-123.20243,44.179371]]]},"properties":{"OBJECTID":81,"fhdFtrID":81,"fhdRefID":53684,"fhdRevDt":"20190219","fhdONm":"Peter Robinson","fhdOEnt":"ODFW","fhdSpNm":"LMbass","fhdRun":"NA","fhdLifeHst":"Resident","fhdUseTy":"ResidentMultipleUses","fhdBasis":"UndocObsFish","fhdStNm":"Junction City Pond","fhdGenus":"Micropterus","fhdSp":"salmoides","fhdSubSp":null,"fhdOrig":"NonNative","fhdProd":"Natural","fhdComment":null,"fhdESH":"NA","fhdBasisD":null,"fhdNMF":"no","fhdBasisDt":null,"fhdBasisNm":null,"fhdBasisEnt":null,"fhdBasisPrj":null,"fhdBasisMethod":null,"fhdAccess":null,"fhdBarrierFtrID":null,"fhdEndExtent":null,"Shape__Area":49157.960186285,"Shape__Length":891.5237789893262,"habitatType":"lake"},"id":172},
{"type":"Feature","geometry":{"type":"Polygon","coordinates":[[[-122.443553,44.533327],[-122.448433,44.532981],[-122.4521,44.525603],[-122.454017,44.524586],[-122.458382,44.520038],[-122.461984,44.512551],[-122.460534,44.508948],[-122.458985,44.507811],[-122.459755,44.505087],[-122.463207,44.502055],[-122.461197,44.498157],[-122.463608,44.497007],[-122.470139,44.49941],[-122.474279,44.500149],[-122.476865,44.49904],[-122.481028,44.498964],[-122.480747,44.497244],[-122.483391,44.492417],[-122.483152,44.489935],[-122.494857,44.488602],[-122.497733,44.486755],[-122.497643,44.4845],[-122.503003,44.480521],[-122.503615,44.477265],[-122.507992,44.475754],[-122.509436,44.47914],[-122.508051,44.486251],[-122.503773,44.490617],[-122.506406,44.490813],[-122.510063,44.488884],[-122.512435,44.485158],[-122.513022,44.47555],[-122.514919,44.474581],[-122.517508,44.47592],[-122.517669,44.479909],[-122.521833,44.48179],[-122.521089,44.476183],[-122.519425,44.473043],[-122.521859,44.465653],[-122.526767,44.461672],[-122.53016,44.464153],[-122.530706,44.460621],[-122.535281,44.459159],[-122.535918,44.457829],[-122.54001,44.457175],[-122.545566,44.455109],[-122.551198,44.451418],[-122.54697,44.449002],[-122.544579,44.449519],[-122.542601,44.4525],[-122.539482,44.453775],[-122.535214,44.454315],[-122.528603,44.453073],[-122.526969,44.455452],[-122.520087,44.458047],[-122.516762,44.456872],[-122.517595,44.460346],[-122.516276,44.46156],[-122.511547,44.462625],[-122.50923,44.466387],[-122.502109,44.466874],[-122.500156,44.468801],[-122.496363,44.469464],[-122.490721,44.469034],[-122.48711,44.465853],[-122.479834,44.462624],[-122.482136,44.465871],[-122.485593,44.46708],[-122.488623,44.46974],[-122.486286,44.47063],[-122.483051,44.469981],[-122.482245,44.468379],[-122.476358,44.46711],[-122.479142,44.470012],[-122.474199,44.470165],[-122.4699,44.472522],[-122.469035,44.474746],[-122.462825,44.475806],[-122.458052,44.475698],[-122.448144,44.473922],[-122.440362,44.469045],[-122.441195,44.474483],[-122.436747,44.476815],[-122.435901,44.478602],[-122.43021,44.481162],[-122.427713,44.481069],[-122.423274,44.483211],[-122.413645,44.485481],[-122.406198,44.488971],[-122.403803,44.493919],[-122.411503,44.492325],[-122.41572,44.494044],[-122.420068,44.492878],[-122.426043,44.489311],[-122.430167,44.487842],[-122.431991,44.485821],[-122.440088,44.482206],[-122.443395,44.478959],[-122.446264,44.478851],[-122.449544,44.481185],[-122.453923,44.480184],[-122.457371,44.480745],[-122.464049,44.480543],[-122.468987,44.479652],[-122.472071,44.477911],[-122.474952,44.477686],[-122.475926,44.479495],[-122.481203,44.480384],[-122.486421,44.480151],[-122.48979,44.481611],[-122.491838,44.483664],[-122.491766,44.485729],[-122.485831,44.485356],[-122.480594,44.487484],[-122.478927,44.487179],[-122.478605,44.492296],[-122.476468,44.49519],[-122.471656,44.497576],[-122.46568,44.495333],[-122.460085,44.496058],[-122.458338,44.498049],[-122.46157,44.501026],[-122.45647,44.50476],[-122.457325,44.509203],[-122.460147,44.511192],[-122.457487,44.514015],[-122.457676,44.518653],[-122.453537,44.523828],[-122.447459,44.530289],[-122.447166,44.532516],[-122.443553,44.533327]]]},"properties":{"OBJECTID":82,"fhdFtrID":82,"fhdRefID":53684,"fhdRevDt":"20190219","fhdONm":"Peter Robinson","fhdOEnt":"ODFW","fhdSpNm":"LMbass","fhdRun":"NA","fhdLifeHst":"Resident","fhdUseTy":"ResidentMultipleUses","fhdBasis":"UndocObsFish","fhdStNm":"Green Peter Reservoir","fhdGenus":"Micropterus","fhdSp":"salmoides","fhdSubSp":null,"fhdOrig":"NonNative","fhdProd":"Natural","fhdComment":null,"fhdESH":"NA","fhdBasisD":null,"fhdNMF":"no","fhdBasisDt":null,"fhdBasisNm":null,"fhdBasisEnt":null,"fhdBasisPrj":null,"fhdBasisMethod":null,"fhdAccess":null,"fhdBarrierFtrID":null,"fhdEndExtent":null,"Shape__Area":27970537.726991344,"Shape__Length":119978.83226247807,"habitatType":"lake"},"id":173},
{"type":"Feature","geometry":{"type":"Polygon","coordinates":[[[-122.805375,45.512577],[-122.808067,45.512271],[-122.810806,45.511677],[-122.810838,45.510997],[-122.808302,45.511803],[-122.80614,45.51197],[-122.805375,45.512577]]]},"properties":{"OBJECTID":83,"fhdFtrID":83,"fhdRefID":53684,"fhdRevDt":"20190219","fhdONm":"Peter Robinson","fhdOEnt":"ODFW","fhdSpNm":"LMbass","fhdRun":"NA","fhdLifeHst":"Resident","fhdUseTy":"ResidentMultipleUses","fhdBasis":"UndocObsFish","fhdStNm":"Commonwealth Lake","fhdGenus":"Micropterus","fhdSp":"salmoides","fhdSubSp":null,"fhdOrig":"NonNative","fhdProd":"Natural","fhdComment":null,"fhdESH":"NA","fhdBasisD":null,"fhdNMF":"no","fhdBasisDt":null,"fhdBasisNm":null,"fhdBasisEnt":null,"fhdBasisPrj":null,"fhdBasisMethod":null,"fhdAccess":null,"fhdBarrierFtrID":null,"fhdEndExtent":null,"Shape__Area":52690.701846555,"Shape__Length":1626.0965173569398,"habitatType":"lake"},"id":174},
{"type":"Feature","geometry":{"type":"Polygon","coordinates":[[[-122.808326,44.071332],[-122.811058,44.072223],[-122.814509,44.070797],[-122.814836,44.068632],[-122.809433,44.067552],[-122.806838,44.068502],[-122.808326,44.071332]]]},"properties":{"OBJECTID":84,"fhdFtrID":84,"fhdRefID":53684,"fhdRevDt":"20190219","fhdONm":"Peter Robinson","fhdOEnt":"ODFW","fhdSpNm":"LMbass","fhdRun":"NA","fhdLifeHst":"Resident","fhdUseTy":"ResidentMultipleUses","fhdBasis":"UndocObsFish","fhdStNm":"Walterville Reservoir","fhdGenus":"Micropterus","fhdSp":"salmoides","fhdSubSp":null,"fhdOrig":"NonNative","fhdProd":"Natural","fhdComment":null,"fhdESH":"NA","fhdBasisD":null,"fhdNMF":"no","fhdBasisDt":null,"fhdBasisNm":null,"fhdBasisEnt":null,"fhdBasisPrj":null,"fhdBasisMethod":null,"fhdAccess":null,"fhdBarrierFtrID":null,"fhdEndExtent":null,"Shape__Area":476043.477543555,"Shape__Length":2806.9009145042705,"habitatType":"lake"},"id":175},
{"type":"Feature","geometry":{"type":"Polygon","coordinates":[[[-123.043173,45.067646],[-123.044559,45.067356],[-123.045907,45.064985],[-123.045288,45.064683],[-123.043862,45.067213],[-123.043173,45.067646]]]},"properties":{"OBJECTID":85,"fhdFtrID":85,"fhdRefID":53684,"fhdRevDt":"20190326","fhdONm":"Peter Robinson","fhdOEnt":"ODFW","fhdSpNm":"LMbass","fhdRun":"NA","fhdLifeHst":"Resident","fhdUseTy":"ResidentMultipleUses","fhdBasis":"UndocObsFish","fhdStNm":"Goose Lake","fhdGenus":"Micropterus","fhdSp":"salmoides","fhdSubSp":null,"fhdOrig":"NonNative","fhdProd":"Natural","fhdComment":null,"fhdESH":"NA","fhdBasisD":null,"fhdNMF":"no","fhdBasisDt":null,"fhdBasisNm":null,"fhdBasisEnt":null,"fhdBasisPrj":null,"fhdBasisMethod":null,"fhdAccess":null,"fhdBarrierFtrID":null,"fhdEndExtent":null,"Shape__Area":94504.702903785,"Shape__Length":2831.789897366108,"habitatType":"lake"},"id":176},
{"type":"Feature","geometry":{"type":"Polygon","coordinates":[[[-122.447343,45.52742],[-122.449658,45.526494],[-122.4477,45.525872],[-122.447343,45.52742]]]},"properties":{"OBJECTID":86,"fhdFtrID":86,"fhdRefID":53684,"fhdRevDt":"20190219","fhdONm":"Peter Robinson","fhdOEnt":"ODFW","fhdSpNm":"LMbass","fhdRun":"NA","fhdLifeHst":"Resident","fhdUseTy":"ResidentMultipleUses","fhdBasis":"UndocObsFish","fhdStNm":"Salish Ponds","fhdGenus":"Micropterus","fhdSp":"salmoides","fhdSubSp":null,"fhdOrig":"NonNative","fhdProd":"Natural","fhdComment":null,"fhdESH":"NA","fhdBasisD":null,"fhdNMF":"no","fhdBasisDt":null,"fhdBasisNm":null,"fhdBasisEnt":null,"fhdBasisPrj":null,"fhdBasisMethod":null,"fhdAccess":null,"fhdBarrierFtrID":null,"fhdEndExtent":null,"Shape__Area":98686.209672485,"Shape__Length":1603.0370075416445,"habitatType":"lake"},"id":177},
{"type":"Feature","geometry":{"type":"Polygon","coordinates":[[[-123.474743,45.080016],[-123.474804,45.081126],[-123.478309,45.079692],[-123.476249,45.078961],[-123.474743,45.080016]]]},"properties":{"OBJECTID":87,"fhdFtrID":87,"fhdRefID":53684,"fhdRevDt":"20190219","fhdONm":"Peter Robinson","fhdOEnt":"ODFW","fhdSpNm":"LMbass","fhdRun":"NA","fhdLifeHst":"Resident","fhdUseTy":"ResidentMultipleUses","fhdBasis":"UndocObsFish","fhdStNm":"Pacific Plywood Log Pond","fhdGenus":"Micropterus","fhdSp":"salmoides","fhdSubSp":null,"fhdOrig":"NonNative","fhdProd":"Natural","fhdComment":null,"fhdESH":"NA","fhdBasisD":null,"fhdNMF":"no","fhdBasisDt":null,"fhdBasisNm":null,"fhdBasisEnt":null,"fhdBasisPrj":null,"fhdBasisMethod":null,"fhdAccess":null,"fhdBarrierFtrID":null,"fhdEndExtent":null,"Shape__Area":80461.67964366,"Shape__Length":1345.7960461687799,"habitatType":"lake"},"id":178},
{"type":"Feature","geometry":{"type":"Polygon","coordinates":[[[-122.41994,43.709245],[-122.428289,43.707072],[-122.428373,43.704786],[-122.433237,43.695788],[-122.430362,43.691425],[-122.432181,43.687994],[-122.43636,43.68697],[-122.440203,43.687295],[-122.442199,43.686189],[-122.441476,43.683835],[-122.437326,43.683112],[-122.432462,43.684484],[-122.43256,43.680712],[-122.430202,43.675558],[-122.431451,43.673332],[-122.429058,43.670609],[-122.430332,43.668338],[-122.433408,43.668407],[-122.434802,43.66519],[-122.437694,43.662341],[-122.438674,43.659663],[-122.43489,43.659869],[-122.432314,43.663404],[-122.428958,43.664126],[-122.428741,43.659524],[-122.429857,43.658224],[-122.4285,43.653553],[-122.431392,43.651991],[-122.436252,43.646766],[-122.435654,43.644467],[-122.437518,43.642684],[-122.439312,43.637768],[-122.440745,43.631616],[-122.44073,43.62525],[-122.439343,43.623829],[-122.441089,43.621299],[-122.447269,43.617754],[-122.446809,43.615249],[-122.450261,43.611808],[-122.451275,43.607959],[-122.453676,43.605548],[-122.448372,43.605622],[-122.445812,43.607698],[-122.444308,43.612337],[-122.445183,43.614205],[-122.441657,43.617556],[-122.438493,43.619287],[-122.437114,43.622234],[-122.432632,43.626984],[-122.431485,43.630337],[-122.4316,43.633876],[-122.429721,43.638549],[-122.42905,43.642642],[-122.430356,43.647448],[-122.424885,43.650392],[-122.423021,43.652093],[-122.422224,43.654989],[-122.425529,43.656923],[-122.422727,43.66205],[-122.417269,43.660798],[-122.422412,43.665119],[-122.419804,43.666754],[-122.41687,43.671295],[-122.416874,43.674672],[-122.41455,43.678919],[-122.418028,43.678549],[-122.420366,43.683027],[-122.416259,43.686941],[-122.41705,43.692546],[-122.419764,43.695288],[-122.418292,43.701277],[-122.4201,43.704186],[-122.405785,43.704634],[-122.403899,43.703382],[-122.398815,43.702932],[-122.391019,43.699433],[-122.387607,43.700486],[-122.389015,43.703654],[-122.393848,43.705562],[-122.399661,43.706412],[-122.406232,43.708409],[-122.409963,43.708978],[-122.41994,43.709245]]]},"properties":{"OBJECTID":88,"fhdFtrID":88,"fhdRefID":53684,"fhdRevDt":"20190219","fhdONm":"Peter Robinson","fhdOEnt":"ODFW","fhdSpNm":"LMbass","fhdRun":"NA","fhdLifeHst":"Resident","fhdUseTy":"ResidentMultipleUses","fhdBasis":"UndocObsFish","fhdStNm":"Hills Creek Reservoir","fhdGenus":"Micropterus","fhdSp":"salmoides","fhdSubSp":null,"fhdOrig":"NonNative","fhdProd":"Natural","fhdComment":null,"fhdESH":"NA","fhdBasisD":null,"fhdNMF":"no","fhdBasisDt":null,"fhdBasisNm":null,"fhdBasisEnt":null,"fhdBasisPrj":null,"fhdBasisMethod":null,"fhdAccess":null,"fhdBarrierFtrID":null,"fhdEndExtent":null,"Shape__Area":20055010.836727004,"Shape__Length":62149.61010364579,"habitatType":"lake"},"id":179},
{"type":"Feature","geometry":{"type":"Polygon","coordinates":[[[-122.782134,45.266371],[-122.784084,45.266563],[-122.784494,45.264534],[-122.783151,45.264808],[-122.782134,45.266371]]]},"properties":{"OBJECTID":89,"fhdFtrID":89,"fhdRefID":53684,"fhdRevDt":"20190219","fhdONm":"Peter Robinson","fhdOEnt":"ODFW","fhdSpNm":"LMbass","fhdRun":"NA","fhdLifeHst":"Resident","fhdUseTy":"ResidentMultipleUses","fhdBasis":"UndocObsFish","fhdStNm":"Wilsonville Pond ","fhdGenus":"Micropterus","fhdSp":"salmoides","fhdSubSp":null,"fhdOrig":"NonNative","fhdProd":"Natural","fhdComment":null,"fhdESH":"NA","fhdBasisD":null,"fhdNMF":"no","fhdBasisDt":null,"fhdBasisNm":null,"fhdBasisEnt":null,"fhdBasisPrj":null,"fhdBasisMethod":null,"fhdAccess":null,"fhdBarrierFtrID":null,"fhdEndExtent":null,"Shape__Area":56311.84361882,"Shape__Length":1172.9189183346864,"habitatType":"lake"},"id":180},
{"type":"Feature","geometry":{"type":"Polygon","coordinates":[[[-122.79849,45.75367],[-122.797129,45.755631],[-122.798472,45.757115],[-122.801722,45.756567],[-122.804964,45.754388],[-122.803983,45.751533],[-122.804866,45.748689],[-122.809284,45.744182],[-122.803924,45.743469],[-122.80307,45.74157],[-122.804802,45.739815],[-122.803894,45.734893],[-122.801528,45.731897],[-122.801881,45.729153],[-122.795787,45.726832],[-122.796257,45.724769],[-122.802109,45.72669],[-122.804404,45.728534],[-122.80655,45.73858],[-122.805922,45.74055],[-122.812066,45.741269],[-122.816454,45.740237],[-122.817559,45.742394],[-122.821462,45.742311],[-122.829243,45.74079],[-122.831766,45.740988],[-122.833881,45.738875],[-122.830832,45.736949],[-122.830244,45.73363],[-122.831778,45.730014],[-122.829231,45.727617],[-122.82978,45.724783],[-122.831674,45.724193],[-122.830529,45.7178],[-122.827223,45.714673],[-122.823518,45.714224],[-122.825039,45.721752],[-122.824514,45.725082],[-122.821773,45.729368],[-122.821359,45.732429],[-122.816571,45.732331],[-122.815153,45.72471],[-122.815607,45.719536],[-122.811448,45.708364],[-122.810094,45.700973],[-122.815912,45.697539],[-122.814158,45.695135],[-122.808051,45.69401],[-122.803923,45.698498],[-122.803218,45.700809],[-122.793484,45.703413],[-122.792874,45.70135],[-122.795013,45.698695],[-122.799577,45.70027],[-122.802577,45.69829],[-122.807526,45.691926],[-122.800322,45.695958],[-122.794465,45.698185],[-122.793008,45.700039],[-122.788959,45.701591],[-122.787368,45.703291],[-122.786857,45.707247],[-122.790569,45.708828],[-122.791304,45.710782],[-122.795228,45.711008],[-122.796582,45.712687],[-122.792454,45.714749],[-122.791856,45.722529],[-122.78634,45.723851],[-122.783433,45.726335],[-122.784873,45.727993],[-122.785355,45.73551],[-122.787673,45.738385],[-122.786722,45.743351],[-122.788923,45.747922],[-122.791031,45.748383],[-122.79121,45.752732],[-122.79849,45.75367]],[[-122.794993,45.710481],[-122.791368,45.708949],[-122.793851,45.707578],[-122.794993,45.710481]]]},"properties":{"OBJECTID":90,"fhdFtrID":90,"fhdRefID":53684,"fhdRevDt":"20190219","fhdONm":"Peter Robinson","fhdOEnt":"ODFW","fhdSpNm":"LMbass","fhdRun":"NA","fhdLifeHst":"Resident","fhdUseTy":"ResidentMultipleUses","fhdBasis":"UndocObsFish","fhdStNm":"Sturgeon Lake","fhdGenus":"Micropterus","fhdSp":"salmoides","fhdSubSp":null,"fhdOrig":"NonNative","fhdProd":"Natural","fhdComment":null,"fhdESH":"NA","fhdBasisD":null,"fhdNMF":"no","fhdBasisDt":null,"fhdBasisNm":null,"fhdBasisEnt":null,"fhdBasisPrj":null,"fhdBasisMethod":null,"fhdAccess":null,"fhdBarrierFtrID":null,"fhdEndExtent":null,"Shape__Area":26283117.452131316,"Shape__Length":89255.07772463848,"habitatType":"lake"},"id":181},
{"type":"Feature","geometry":{"type":"Polygon","coordinates":[[[-123.482934,44.906065],[-123.481554,44.904585],[-123.477694,44.905242],[-123.473725,44.903221],[-123.469758,44.903824],[-123.470832,44.905497],[-123.47546,44.904834],[-123.477068,44.906134],[-123.482934,44.906065]]]},"properties":{"OBJECTID":91,"fhdFtrID":91,"fhdRefID":53684,"fhdRevDt":"20190219","fhdONm":"Peter Robinson","fhdOEnt":"ODFW","fhdSpNm":"LMbass","fhdRun":"NA","fhdLifeHst":"Resident","fhdUseTy":"ResidentMultipleUses","fhdBasis":"UndocObsFish","fhdStNm":"Aaron Mercer Reservoir","fhdGenus":"Micropterus","fhdSp":"salmoides","fhdSubSp":null,"fhdOrig":"NonNative","fhdProd":"Natural","fhdComment":null,"fhdESH":"NA","fhdBasisD":null,"fhdNMF":"no","fhdBasisDt":null,"fhdBasisNm":null,"fhdBasisEnt":null,"fhdBasisPrj":null,"fhdBasisMethod":null,"fhdAccess":null,"fhdBarrierFtrID":null,"fhdEndExtent":null,"Shape__Area":421276.117604715,"Shape__Length":7046.71649977354,"habitatType":"lake"},"id":182},
{"type":"Feature","geometry":{"type":"Polygon","coordinates":[[[-122.61672,44.426949],[-122.620121,44.42692],[-122.622463,44.425649],[-122.6261,44.425377],[-122.627392,44.42404],[-122.631697,44.423271],[-122.635322,44.419754],[-122.638401,44.420236],[-122.644649,44.419189],[-122.652275,44.420563],[-122.659612,44.417637],[-122.665126,44.419525],[-122.670072,44.41854],[-122.66979,44.413269],[-122.668076,44.411666],[-122.6632,44.409549],[-122.6532,44.410879],[-122.643846,44.408405],[-122.639007,44.409056],[-122.637051,44.412719],[-122.63097,44.413825],[-122.626209,44.413449],[-122.62386,44.414319],[-122.617052,44.414017],[-122.623733,44.417645],[-122.621139,44.418802],[-122.622095,44.421178],[-122.620463,44.42499],[-122.613217,44.422913],[-122.612928,44.425167],[-122.61672,44.426949]]]},"properties":{"OBJECTID":92,"fhdFtrID":92,"fhdRefID":53684,"fhdRevDt":"20190219","fhdONm":"Peter Robinson","fhdOEnt":"ODFW","fhdSpNm":"LMbass","fhdRun":"NA","fhdLifeHst":"Resident","fhdUseTy":"ResidentMultipleUses","fhdBasis":"UndocObsFish","fhdStNm":"Foster Reservoir","fhdGenus":"Micropterus","fhdSp":"salmoides","fhdSubSp":null,"fhdOrig":"NonNative","fhdProd":"Natural","fhdComment":null,"fhdESH":"NA","fhdBasisD":null,"fhdNMF":"no","fhdBasisDt":null,"fhdBasisNm":null,"fhdBasisEnt":null,"fhdBasisPrj":null,"fhdBasisMethod":null,"fhdAccess":null,"fhdBarrierFtrID":null,"fhdEndExtent":null,"Shape__Area":8343843.88449824,"Shape__Length":24726.40161282303,"habitatType":"lake"},"id":183},
{"type":"Feature","geometry":{"type":"Polygon","coordinates":[[[-122.804692,43.924498],[-122.806507,43.922147],[-122.811412,43.918824],[-122.811458,43.915294],[-122.805422,43.913051],[-122.798801,43.913013],[-122.785896,43.908316],[-122.778987,43.908722],[-122.770446,43.908079],[-122.767515,43.909523],[-122.761396,43.909618],[-122.757127,43.911828],[-122.754861,43.915263],[-122.76197,43.912847],[-122.772424,43.91412],[-122.772545,43.915475],[-122.778733,43.915951],[-122.779895,43.914387],[-122.785642,43.915811],[-122.788154,43.920115],[-122.791996,43.921315],[-122.796803,43.920905],[-122.800128,43.923644],[-122.804692,43.924498]]]},"properties":{"OBJECTID":93,"fhdFtrID":93,"fhdRefID":53718,"fhdRevDt":"20190509","fhdONm":"Kevin Stertz","fhdOEnt":"ODFW","fhdSpNm":"LMbass","fhdRun":"NA","fhdLifeHst":"Resident","fhdUseTy":"ResidentMultipleUses","fhdBasis":"DocObsFish","fhdStNm":"Dexter Reservoir","fhdGenus":"Micropterus","fhdSp":"salmoides","fhdSubSp":null,"fhdOrig":"NonNative","fhdProd":"Natural","fhdComment":null,"fhdESH":"NA","fhdBasisD":null,"fhdNMF":"no","fhdBasisDt":"20180000","fhdBasisNm":"Kevin Stertz","fhdBasisEnt":null,"fhdBasisPrj":null,"fhdBasisMethod":"Electrofisher","fhdAccess":null,"fhdBarrierFtrID":null,"fhdEndExtent":null,"Shape__Area":6897421.247125815,"Shape__Length":19203.89747799104,"habitatType":"lake"},"id":184},
{"type":"Feature","geometry":{"type":"Polygon","coordinates":[[[-122.735096,45.616007],[-122.730312,45.617669],[-122.733919,45.621624],[-122.736843,45.620728],[-122.740691,45.621802],[-122.743513,45.62078],[-122.748127,45.621162],[-122.749864,45.622363],[-122.747484,45.62496],[-122.750971,45.625276],[-122.752188,45.627241],[-122.754878,45.627922],[-122.753983,45.623439],[-122.757323,45.622261],[-122.750675,45.620678],[-122.74792,45.617535],[-122.743195,45.615205],[-122.738789,45.615756],[-122.737959,45.615981],[-122.735479,45.616032],[-122.735096,45.616007]]]},"properties":{"OBJECTID":94,"fhdFtrID":94,"fhdRefID":53684,"fhdRevDt":"20190219","fhdONm":"Peter Robinson","fhdOEnt":"ODFW","fhdSpNm":"LMbass","fhdRun":"NA","fhdLifeHst":"Resident","fhdUseTy":"ResidentMultipleUses","fhdBasis":"UndocObsFish","fhdStNm":"Bybee Lake","fhdGenus":"Micropterus","fhdSp":"salmoides","fhdSubSp":null,"fhdOrig":"NonNative","fhdProd":"Natural","fhdComment":null,"fhdESH":"NA","fhdBasisD":null,"fhdNMF":"no","fhdBasisDt":null,"fhdBasisNm":null,"fhdBasisEnt":null,"fhdBasisPrj":null,"fhdBasisMethod":null,"fhdAccess":null,"fhdBarrierFtrID":null,"fhdEndExtent":null,"Shape__Area":1916145.08317101,"Shape__Length":17285.852429924096,"habitatType":"lake"},"id":185},
{"type":"Feature","geometry":{"type":"Polygon","coordinates":[[[-123.058696,44.33215],[-123.060081,44.329229],[-123.058606,44.324531],[-123.058696,44.33215]]]},"properties":{"OBJECTID":95,"fhdFtrID":95,"fhdRefID":53684,"fhdRevDt":"20190219","fhdONm":"Peter Robinson","fhdOEnt":"ODFW","fhdSpNm":"LMbass","fhdRun":"NA","fhdLifeHst":"Resident","fhdUseTy":"ResidentMultipleUses","fhdBasis":"UndocObsFish","fhdStNm":"Bond Butte Pond ","fhdGenus":"Micropterus","fhdSp":"salmoides","fhdSubSp":null,"fhdOrig":"NonNative","fhdProd":"Natural","fhdComment":null,"fhdESH":"NA","fhdBasisD":null,"fhdNMF":"no","fhdBasisDt":null,"fhdBasisNm":null,"fhdBasisEnt":null,"fhdBasisPrj":null,"fhdBasisMethod":null,"fhdAccess":null,"fhdBarrierFtrID":null,"fhdEndExtent":null,"Shape__Area":217061.21930719,"Shape__Length":3715.3723875804076,"habitatType":"lake"},"id":186},
{"type":"Feature","geometry":{"type":"Polygon","coordinates":[[[-122.683612,45.59784],[-122.683515,45.597943],[-122.683149,45.598135],[-122.683199,45.598177],[-122.683478,45.598048],[-122.683612,45.597938],[-122.683612,45.59784]]]},"properties":{"OBJECTID":96,"fhdFtrID":96,"fhdRefID":53684,"fhdRevDt":"20190219","fhdONm":"Peter Robinson","fhdOEnt":"ODFW","fhdSpNm":"LMbass","fhdRun":"NA","fhdLifeHst":"Resident","fhdUseTy":"ResidentMultipleUses","fhdBasis":"UndocObsFish","fhdStNm":"Delta Park Ponds ","fhdGenus":"Micropterus","fhdSp":"salmoides","fhdSubSp":null,"fhdOrig":"NonNative","fhdProd":"Natural","fhdComment":null,"fhdESH":"NA","fhdBasisD":null,"fhdNMF":"no","fhdBasisDt":null,"fhdBasisNm":null,"fhdBasisEnt":null,"fhdBasisPrj":null,"fhdBasisMethod":null,"fhdAccess":null,"fhdBarrierFtrID":null,"fhdEndExtent":null,"Shape__Area":3510.29518264,"Shape__Length":778.4914602709579,"habitatType":"lake"},"id":187},
{"type":"Feature","geometry":{"type":"Polygon","coordinates":[[[-122.988042,44.909417],[-122.988468,44.910838],[-122.990924,44.911742],[-122.989005,44.907166],[-122.988042,44.909417]]]},"properties":{"OBJECTID":97,"fhdFtrID":97,"fhdRefID":53684,"fhdRevDt":"20190219","fhdONm":"Peter Robinson","fhdOEnt":"ODFW","fhdSpNm":"LMbass","fhdRun":"NA","fhdLifeHst":"Resident","fhdUseTy":"ResidentMultipleUses","fhdBasis":"UndocObsFish","fhdStNm":"Wirth Lake","fhdGenus":"Micropterus","fhdSp":"salmoides","fhdSubSp":null,"fhdOrig":"NonNative","fhdProd":"Natural","fhdComment":null,"fhdESH":"NA","fhdBasisD":null,"fhdNMF":"no","fhdBasisDt":null,"fhdBasisNm":null,"fhdBasisEnt":null,"fhdBasisPrj":null,"fhdBasisMethod":null,"fhdAccess":null,"fhdBarrierFtrID":null,"fhdEndExtent":null,"Shape__Area":143453.98414238,"Shape__Length":2338.135376262992,"habitatType":"lake"},"id":188},
{"type":"Feature","geometry":{"type":"Polygon","coordinates":[[[-122.958687,45.264106],[-122.962967,45.261443],[-122.957257,45.262191],[-122.958687,45.264106]]]},"properties":{"OBJECTID":98,"fhdFtrID":98,"fhdRefID":53684,"fhdRevDt":"20190219","fhdONm":"Peter Robinson","fhdOEnt":"ODFW","fhdSpNm":"LMbass","fhdRun":"NA","fhdLifeHst":"Resident","fhdUseTy":"ResidentMultipleUses","fhdBasis":"UndocObsFish","fhdStNm":"Skookum Lakes","fhdGenus":"Micropterus","fhdSp":"salmoides","fhdSubSp":null,"fhdOrig":"NonNative","fhdProd":"Natural","fhdComment":null,"fhdESH":"NA","fhdBasisD":null,"fhdNMF":"no","fhdBasisDt":null,"fhdBasisNm":null,"fhdBasisEnt":null,"fhdBasisPrj":null,"fhdBasisMethod":null,"fhdAccess":null,"fhdBarrierFtrID":null,"fhdEndExtent":null,"Shape__Area":237843.475578635,"Shape__Length":2340.786512040427,"habitatType":"lake"},"id":189},
{"type":"Feature","geometry":{"type":"Polygon","coordinates":[[[-122.992171,44.915671],[-122.992913,44.915275],[-122.993205,44.91392],[-122.991553,44.914508],[-122.992171,44.915671]]]},"properties":{"OBJECTID":99,"fhdFtrID":99,"fhdRefID":53684,"fhdRevDt":"20190219","fhdONm":"Peter Robinson","fhdOEnt":"ODFW","fhdSpNm":"LMbass","fhdRun":"NA","fhdLifeHst":"Resident","fhdUseTy":"ResidentMultipleUses","fhdBasis":"UndocObsFish","fhdStNm":"Blue Gill Lake","fhdGenus":"Micropterus","fhdSp":"salmoides","fhdSubSp":null,"fhdOrig":"NonNative","fhdProd":"Natural","fhdComment":null,"fhdESH":"NA","fhdBasisD":null,"fhdNMF":"no","fhdBasisDt":null,"fhdBasisNm":null,"fhdBasisEnt":null,"fhdBasisPrj":null,"fhdBasisMethod":null,"fhdAccess":null,"fhdBarrierFtrID":null,"fhdEndExtent":null,"Shape__Area":41909.572341325,"Shape__Length":1028.5436505085822,"habitatType":"lake"},"id":190},
{"type":"Feature","geometry":{"type":"Polygon","coordinates":[[[-122.749788,43.916918],[-122.752506,43.916568],[-122.751365,43.911645],[-122.751512,43.908692],[-122.74543,43.907625],[-122.741372,43.904347],[-122.737717,43.897118],[-122.733254,43.89275],[-122.73015,43.890662],[-122.725231,43.891011],[-122.720556,43.889622],[-122.711926,43.884855],[-122.710466,43.882934],[-122.705208,43.881282],[-122.704645,43.879407],[-122.700425,43.876974],[-122.697857,43.877742],[-122.695063,43.876249],[-122.694304,43.873897],[-122.690072,43.871445],[-122.68713,43.867628],[-122.686399,43.864565],[-122.679149,43.861114],[-122.676051,43.858791],[-122.670401,43.856623],[-122.664151,43.852688],[-122.661319,43.854003],[-122.648482,43.849174],[-122.643436,43.850293],[-122.637179,43.850075],[-122.635561,43.848242],[-122.626059,43.841711],[-122.62556,43.835839],[-122.623381,43.832347],[-122.622923,43.827996],[-122.619024,43.825012],[-122.604405,43.822153],[-122.594408,43.816463],[-122.594716,43.822398],[-122.599814,43.826243],[-122.605006,43.82726],[-122.61028,43.827098],[-122.612079,43.827843],[-122.613051,43.831412],[-122.61661,43.832964],[-122.619416,43.837772],[-122.617048,43.842374],[-122.61921,43.846685],[-122.619516,43.849351],[-122.626184,43.850963],[-122.634272,43.853542],[-122.63578,43.853006],[-122.641081,43.855103],[-122.649943,43.856706],[-122.65336,43.859778],[-122.658572,43.860145],[-122.664167,43.863169],[-122.663871,43.864978],[-122.670062,43.868363],[-122.663897,43.87138],[-122.666544,43.872207],[-122.670883,43.870833],[-122.675078,43.875185],[-122.674085,43.877136],[-122.677512,43.8809],[-122.681437,43.882622],[-122.684065,43.882242],[-122.68865,43.88402],[-122.689117,43.887505],[-122.693178,43.887039],[-122.696457,43.888561],[-122.697456,43.890445],[-122.700961,43.891652],[-122.702428,43.894636],[-122.704983,43.894283],[-122.7095,43.897365],[-122.71752,43.899834],[-122.720731,43.900211],[-122.723013,43.902215],[-122.726135,43.902952],[-122.72724,43.90652],[-122.736404,43.91244],[-122.743118,43.91539],[-122.749788,43.916918]]]},"properties":{"OBJECTID":100,"fhdFtrID":100,"fhdRefID":53684,"fhdRevDt":"20190219","fhdONm":"Peter Robinson","fhdOEnt":"ODFW","fhdSpNm":"LMbass","fhdRun":"NA","fhdLifeHst":"Resident","fhdUseTy":"ResidentMultipleUses","fhdBasis":"UndocObsFish","fhdStNm":"Lookout Point Reservoir","fhdGenus":"Micropterus","fhdSp":"salmoides","fhdSubSp":null,"fhdOrig":"NonNative","fhdProd":"Natural","fhdComment":null,"fhdESH":"NA","fhdBasisD":null,"fhdNMF":"no","fhdBasisDt":null,"fhdBasisNm":null,"fhdBasisEnt":null,"fhdBasisPrj":null,"fhdBasisMethod":null,"fhdAccess":null,"fhdBarrierFtrID":null,"fhdEndExtent":null,"Shape__Area":31826926.49139867,"Shape__Length":70052.02338603995,"habitatType":"lake"},"id":191},
{"type":"Feature","geometry":{"type":"Polygon","coordinates":[[[-122.662596,43.975523],[-122.665711,43.976154],[-122.670623,43.974444],[-122.674632,43.972195],[-122.679513,43.9713],[-122.681044,43.969031],[-122.692147,43.965284],[-122.695333,43.96292],[-122.695067,43.961042],[-122.699541,43.958898],[-122.703584,43.955838],[-122.706843,43.956851],[-122.711935,43.955436],[-122.716105,43.956437],[-122.717681,43.955374],[-122.72264,43.954729],[-122.725387,43.956004],[-122.732762,43.956316],[-122.733554,43.954765],[-122.73861,43.955686],[-122.743927,43.953298],[-122.74773,43.953608],[-122.752163,43.955874],[-122.755691,43.956408],[-122.756427,43.946892],[-122.757548,43.942033],[-122.756144,43.940229],[-122.752195,43.939226],[-122.751874,43.941912],[-122.746815,43.942347],[-122.746788,43.939871],[-122.74214,43.937114],[-122.73741,43.935951],[-122.734913,43.934171],[-122.72555,43.932754],[-122.72274,43.931657],[-122.718629,43.931539],[-122.717132,43.929266],[-122.713686,43.928069],[-122.708911,43.928823],[-122.704033,43.925136],[-122.701877,43.92541],[-122.706702,43.929735],[-122.709671,43.931427],[-122.716016,43.930776],[-122.718555,43.933844],[-122.72328,43.933405],[-122.726644,43.93616],[-122.728799,43.936138],[-122.732202,43.938757],[-122.735451,43.939368],[-122.741544,43.94229],[-122.740583,43.945484],[-122.733507,43.945009],[-122.727455,43.946885],[-122.728076,43.94993],[-122.718949,43.950862],[-122.715959,43.953169],[-122.712496,43.952872],[-122.707506,43.953917],[-122.702918,43.951533],[-122.699897,43.952425],[-122.697497,43.957101],[-122.690281,43.959868],[-122.690426,43.96139],[-122.685511,43.961719],[-122.678207,43.965039],[-122.674899,43.96597],[-122.669629,43.970286],[-122.666049,43.974759],[-122.662596,43.975523]]]},"properties":{"OBJECTID":101,"fhdFtrID":101,"fhdRefID":53684,"fhdRevDt":"20190219","fhdONm":"Peter Robinson","fhdOEnt":"ODFW","fhdSpNm":"LMbass","fhdRun":"NA","fhdLifeHst":"Resident","fhdUseTy":"ResidentMultipleUses","fhdBasis":"UndocObsFish","fhdStNm":"Fall Creek Reservoir","fhdGenus":"Micropterus","fhdSp":"salmoides","fhdSubSp":null,"fhdOrig":"NonNative","fhdProd":"Natural","fhdComment":null,"fhdESH":"NA","fhdBasisD":null,"fhdNMF":"no","fhdBasisDt":null,"fhdBasisNm":null,"fhdBasisEnt":null,"fhdBasisPrj":null,"fhdBasisMethod":null,"fhdAccess":null,"fhdBarrierFtrID":null,"fhdEndExtent":null,"Shape__Area":13405141.33083174,"Shape__Length":49377.49752017484,"habitatType":"lake"},"id":192},
{"type":"Feature","geometry":{"type":"Polygon","coordinates":[[[-123.302743,44.120435],[-123.303512,44.121237],[-123.312304,44.121407],[-123.313241,44.120129],[-123.317462,44.119228],[-123.311878,44.116226],[-123.315824,44.112599],[-123.319998,44.113092],[-123.326801,44.110803],[-123.325315,44.108152],[-123.320973,44.108696],[-123.32002,44.104914],[-123.321421,44.102088],[-123.324231,44.100216],[-123.324071,44.0965],[-123.329965,44.096576],[-123.332179,44.089792],[-123.331159,44.08847],[-123.335955,44.086394],[-123.339646,44.081509],[-123.338548,44.078518],[-123.33446,44.078952],[-123.335075,44.075324],[-123.337913,44.071065],[-123.338748,44.066399],[-123.336038,44.063979],[-123.332612,44.064117],[-123.33269,44.06741],[-123.329836,44.071011],[-123.325505,44.074689],[-123.325361,44.07684],[-123.322172,44.079568],[-123.317154,44.082461],[-123.309449,44.083691],[-123.306267,44.080782],[-123.305133,44.075096],[-123.305438,44.071786],[-123.307357,44.067099],[-123.306832,44.063916],[-123.307601,44.057769],[-123.306901,44.055008],[-123.302342,44.056028],[-123.289023,44.057256],[-123.289298,44.054193],[-123.288119,44.052794],[-123.270692,44.052679],[-123.269733,44.053266],[-123.269595,44.054577],[-123.271618,44.056257],[-123.27346,44.056203],[-123.275117,44.059969],[-123.277909,44.061874],[-123.278022,44.063318],[-123.280883,44.06553],[-123.283897,44.065438],[-123.284101,44.068495],[-123.279183,44.070135],[-123.279395,44.07216],[-123.276493,44.073833],[-123.281011,44.082391],[-123.280979,44.084537],[-123.278693,44.087945],[-123.273934,44.087246],[-123.270465,44.083118],[-123.271791,44.081098],[-123.26941,44.077953],[-123.26812,44.082749],[-123.262206,44.080502],[-123.263787,44.083324],[-123.261776,44.084311],[-123.26089,44.087867],[-123.255699,44.085427],[-123.253527,44.086804],[-123.259876,44.089359],[-123.259575,44.093629],[-123.262582,44.095277],[-123.272997,44.099633],[-123.277693,44.10559],[-123.278511,44.11356],[-123.2803,44.115706],[-123.300906,44.119656],[-123.302743,44.120435]],[[-123.28418,44.062743],[-123.281614,44.065328],[-123.278821,44.06356],[-123.278023,44.061649],[-123.277079,44.061226],[-123.274577,44.058251],[-123.273863,44.056006],[-123.272265,44.055967],[-123.269747,44.054303],[-123.271704,44.05308],[-123.285912,44.053227],[-123.286717,44.057854],[-123.284585,44.059577],[-123.281358,44.060284],[-123.28418,44.062743]]]},"properties":{"OBJECTID":102,"fhdFtrID":102,"fhdRefID":53684,"fhdRevDt":"20190219","fhdONm":"Peter Robinson","fhdOEnt":"ODFW","fhdSpNm":"LMbass","fhdRun":"NA","fhdLifeHst":"Resident","fhdUseTy":"ResidentMultipleUses","fhdBasis":"UndocObsFish","fhdStNm":"Fern Ridge Lake","fhdGenus":"Micropterus","fhdSp":"salmoides","fhdSubSp":null,"fhdOrig":"NonNative","fhdProd":"Natural","fhdComment":null,"fhdESH":"NA","fhdBasisD":null,"fhdNMF":"no","fhdBasisDt":null,"fhdBasisNm":null,"fhdBasisEnt":null,"fhdBasisPrj":null,"fhdBasisMethod":null,"fhdAccess":null,"fhdBarrierFtrID":null,"fhdEndExtent":null,"Shape__Area":49935184.18302248,"Shape__Length":99754.73773583688,"habitatType":"lake"},"id":193},
{"type":"Feature","geometry":{"type":"Polygon","coordinates":[[[-123.218844,44.666162],[-123.219744,44.666573],[-123.220152,44.666172],[-123.218844,44.666162]]]},"properties":{"OBJECTID":103,"fhdFtrID":103,"fhdRefID":53684,"fhdRevDt":"20190219","fhdONm":"Peter Robinson","fhdOEnt":"ODFW","fhdSpNm":"LMbass","fhdRun":"NA","fhdLifeHst":"Resident","fhdUseTy":"ResidentMultipleUses","fhdBasis":"UndocObsFish","fhdStNm":"Adair Pond","fhdGenus":"Micropterus","fhdSp":"salmoides","fhdSubSp":null,"fhdOrig":"NonNative","fhdProd":"Natural","fhdComment":null,"fhdESH":"NA","fhdBasisD":null,"fhdNMF":"no","fhdBasisDt":null,"fhdBasisNm":null,"fhdBasisEnt":null,"fhdBasisPrj":null,"fhdBasisMethod":null,"fhdAccess":null,"fhdBarrierFtrID":null,"fhdEndExtent":null,"Shape__Area":6389.66913352,"Shape__Length":358.8373531182482,"habitatType":"lake"},"id":194},
{"type":"Feature","geometry":{"type":"Polygon","coordinates":[[[-124.503191,42.903285],[-124.507449,42.902783],[-124.510214,42.900253],[-124.51027,42.895254],[-124.509477,42.892234],[-124.500034,42.889864],[-124.497044,42.895004],[-124.501798,42.89564],[-124.502487,42.89872],[-124.504265,42.901146],[-124.503191,42.903285]]]},"properties":{"OBJECTID":104,"fhdFtrID":104,"fhdRefID":53684,"fhdRevDt":"20190219","fhdONm":"Peter Robinson","fhdOEnt":"ODFW","fhdSpNm":"LMbass","fhdRun":"NA","fhdLifeHst":"Resident","fhdUseTy":"ResidentMultipleUses","fhdBasis":"UndocObsFish","fhdStNm":"Floras Lake","fhdGenus":"Micropterus","fhdSp":"salmoides","fhdSubSp":null,"fhdOrig":"NonNative","fhdProd":"Natural","fhdComment":null,"fhdESH":"NA","fhdBasisD":null,"fhdNMF":"no","fhdBasisDt":null,"fhdBasisNm":null,"fhdBasisEnt":null,"fhdBasisPrj":null,"fhdBasisMethod":null,"fhdAccess":null,"fhdBarrierFtrID":null,"fhdEndExtent":null,"Shape__Area":2055160.30491575,"Shape__Length":12108.67096317704,"habitatType":"lake"},"id":195},
{"type":"Feature","geometry":{"type":"Polygon","coordinates":[[[-123.579728,42.265358],[-123.580291,42.263788],[-123.58491,42.260883],[-123.585224,42.257837],[-123.580925,42.257462],[-123.575416,42.259629],[-123.571388,42.257673],[-123.570174,42.259565],[-123.579728,42.265358]]]},"properties":{"OBJECTID":105,"fhdFtrID":105,"fhdRefID":53718,"fhdRevDt":"20190509","fhdONm":"Kevin Stertz","fhdOEnt":"ODFW","fhdSpNm":"LMbass","fhdRun":"NA","fhdLifeHst":"Resident","fhdUseTy":"ResidentMultipleUses","fhdBasis":"DocObsFish","fhdStNm":"Lake Selmac","fhdGenus":"Micropterus","fhdSp":"salmoides","fhdSubSp":null,"fhdOrig":"NonNative","fhdProd":"Natural","fhdComment":null,"fhdESH":"NA","fhdBasisD":null,"fhdNMF":"no","fhdBasisDt":"20180000","fhdBasisNm":"Kevin Stertz","fhdBasisEnt":null,"fhdBasisPrj":null,"fhdBasisMethod":"Electrofisher","fhdAccess":null,"fhdBarrierFtrID":null,"fhdEndExtent":null,"Shape__Area":1032499.082302755,"Shape__Length":7614.554058973567,"habitatType":"lake"},"id":196},
{"type":"Feature","geometry":{"type":"Polygon","coordinates":[[[-122.76644,42.414813],[-122.768853,42.415726],[-122.775174,42.414488],[-122.774999,42.410376],[-122.770299,42.403418],[-122.76732,42.403887],[-122.767786,42.406415],[-122.764344,42.408768],[-122.764485,42.412081],[-122.76644,42.414813]]]},"properties":{"OBJECTID":106,"fhdFtrID":106,"fhdRefID":53684,"fhdRevDt":"20190219","fhdONm":"Peter Robinson","fhdOEnt":"ODFW","fhdSpNm":"LMbass","fhdRun":"NA","fhdLifeHst":"Resident","fhdUseTy":"ResidentMultipleUses","fhdBasis":"UndocObsFish","fhdStNm":"Agate Reservoir","fhdGenus":"Micropterus","fhdSp":"salmoides","fhdSubSp":null,"fhdOrig":"NonNative","fhdProd":"Natural","fhdComment":null,"fhdESH":"NA","fhdBasisD":null,"fhdNMF":"no","fhdBasisDt":null,"fhdBasisNm":null,"fhdBasisEnt":null,"fhdBasisPrj":null,"fhdBasisMethod":null,"fhdAccess":null,"fhdBarrierFtrID":null,"fhdEndExtent":null,"Shape__Area":1518822.048751095,"Shape__Length":7153.578969228619,"habitatType":"lake"},"id":197},
{"type":"Feature","geometry":{"type":"Polygon","coordinates":[[[-122.874012,42.420625],[-122.879713,42.419957],[-122.875473,42.417616],[-122.871473,42.416376],[-122.8703,42.419486],[-122.874012,42.420625]]]},"properties":{"OBJECTID":107,"fhdFtrID":107,"fhdRefID":53684,"fhdRevDt":"20190219","fhdONm":"Peter Robinson","fhdOEnt":"ODFW","fhdSpNm":"LMbass","fhdRun":"NA","fhdLifeHst":"Resident","fhdUseTy":"ResidentMultipleUses","fhdBasis":"UndocObsFish","fhdStNm":"Denman Management Area Ponds","fhdGenus":"Micropterus","fhdSp":"salmoides","fhdSubSp":null,"fhdOrig":"NonNative","fhdProd":"Natural","fhdComment":null,"fhdESH":"NA","fhdBasisD":null,"fhdNMF":"no","fhdBasisDt":null,"fhdBasisNm":null,"fhdBasisEnt":null,"fhdBasisPrj":null,"fhdBasisMethod":null,"fhdAccess":null,"fhdBarrierFtrID":null,"fhdEndExtent":null,"Shape__Area":526706.729183675,"Shape__Length":4451.641162765432,"habitatType":"lake"},"id":198},
{"type":"Feature","geometry":{"type":"Polygon","coordinates":[[[-124.25494,43.432409],[-124.255483,43.432881],[-124.256209,43.431932],[-124.255302,43.431735],[-124.25494,43.432409]]]},"properties":{"OBJECTID":108,"fhdFtrID":108,"fhdRefID":53684,"fhdRevDt":"20190219","fhdONm":"Peter Robinson","fhdOEnt":"ODFW","fhdSpNm":"LMbass","fhdRun":"NA","fhdLifeHst":"Resident","fhdUseTy":"ResidentMultipleUses","fhdBasis":"UndocObsFish","fhdStNm":"Jordan Lake","fhdGenus":"Micropterus","fhdSp":"salmoides","fhdSubSp":null,"fhdOrig":"NonNative","fhdProd":"Natural","fhdComment":null,"fhdESH":"NA","fhdBasisD":null,"fhdNMF":"no","fhdBasisDt":null,"fhdBasisNm":null,"fhdBasisEnt":null,"fhdBasisPrj":null,"fhdBasisMethod":null,"fhdAccess":null,"fhdBarrierFtrID":null,"fhdEndExtent":null,"Shape__Area":17911.02885192,"Shape__Length":587.9651463050319,"habitatType":"lake"},"id":199},
{"type":"Feature","geometry":{"type":"Polygon","coordinates":[[[-124.245124,43.487277],[-124.24715,43.487751],[-124.246377,43.484463],[-124.243336,43.485703],[-124.245124,43.487277]]]},"properties":{"OBJECTID":109,"fhdFtrID":109,"fhdRefID":53684,"fhdRevDt":"20190219","fhdONm":"Peter Robinson","fhdOEnt":"ODFW","fhdSpNm":"LMbass","fhdRun":"NA","fhdLifeHst":"Resident","fhdUseTy":"ResidentMultipleUses","fhdBasis":"UndocObsFish","fhdStNm":"Snag Lake","fhdGenus":"Micropterus","fhdSp":"salmoides","fhdSubSp":null,"fhdOrig":"NonNative","fhdProd":"Natural","fhdComment":null,"fhdESH":"NA","fhdBasisD":null,"fhdNMF":"no","fhdBasisDt":null,"fhdBasisNm":null,"fhdBasisEnt":null,"fhdBasisPrj":null,"fhdBasisMethod":null,"fhdAccess":null,"fhdBarrierFtrID":null,"fhdEndExtent":null,"Shape__Area":245475.03380531,"Shape__Length":2918.883674438951,"habitatType":"lake"},"id":200},
{"type":"Feature","geometry":{"type":"Polygon","coordinates":[[[-122.814465,42.419007],[-122.816221,42.419764],[-122.816391,42.418381],[-122.814465,42.419007]]]},"properties":{"OBJECTID":110,"fhdFtrID":110,"fhdRefID":53684,"fhdRevDt":"20190219","fhdONm":"Peter Robinson","fhdOEnt":"ODFW","fhdSpNm":"LMbass","fhdRun":"NA","fhdLifeHst":"Resident","fhdUseTy":"ResidentMultipleUses","fhdBasis":"UndocObsFish","fhdStNm":"Hoover Reservoirs","fhdGenus":"Micropterus","fhdSp":"salmoides","fhdSubSp":null,"fhdOrig":"NonNative","fhdProd":"Natural","fhdComment":null,"fhdESH":"NA","fhdBasisD":null,"fhdNMF":"no","fhdBasisDt":null,"fhdBasisNm":null,"fhdBasisEnt":null,"fhdBasisPrj":null,"fhdBasisMethod":null,"fhdAccess":null,"fhdBarrierFtrID":null,"fhdEndExtent":null,"Shape__Area":200939.77141344,"Shape__Length":6722.854177161491,"habitatType":"lake"},"id":201},
{"type":"Feature","geometry":{"type":"Polygon","coordinates":[[[-124.114397,43.94729],[-124.115822,43.945633],[-124.117618,43.940623],[-124.11932,43.939219],[-124.119386,43.935156],[-124.117648,43.932839],[-124.117252,43.92976],[-124.113628,43.929565],[-124.114296,43.932564],[-124.117676,43.933053],[-124.119128,43.937132],[-124.115448,43.943197],[-124.114397,43.94729]]]},"properties":{"OBJECTID":111,"fhdFtrID":111,"fhdRefID":53684,"fhdRevDt":"20190219","fhdONm":"Peter Robinson","fhdOEnt":"ODFW","fhdSpNm":"LMbass","fhdRun":"NA","fhdLifeHst":"Resident","fhdUseTy":"ResidentMultipleUses","fhdBasis":"UndocObsFish","fhdStNm":"Cleawox Lake","fhdGenus":"Micropterus","fhdSp":"salmoides","fhdSubSp":null,"fhdOrig":"NonNative","fhdProd":"Natural","fhdComment":null,"fhdESH":"NA","fhdBasisD":null,"fhdNMF":"no","fhdBasisDt":null,"fhdBasisNm":null,"fhdBasisEnt":null,"fhdBasisPrj":null,"fhdBasisMethod":null,"fhdAccess":null,"fhdBarrierFtrID":null,"fhdEndExtent":null,"Shape__Area":562698.6291255,"Shape__Length":12528.545829735653,"habitatType":"lake"},"id":202},
{"type":"Feature","geometry":{"type":"Polygon","coordinates":[[[-124.144943,43.857409],[-124.147974,43.853897],[-124.146818,43.851484],[-124.144943,43.857409]]]},"properties":{"OBJECTID":112,"fhdFtrID":112,"fhdRefID":53684,"fhdRevDt":"20190219","fhdONm":"Peter Robinson","fhdOEnt":"ODFW","fhdSpNm":"LMbass","fhdRun":"NA","fhdLifeHst":"Resident","fhdUseTy":"ResidentMultipleUses","fhdBasis":"UndocObsFish","fhdStNm":"Carter Lake","fhdGenus":"Micropterus","fhdSp":"salmoides","fhdSubSp":null,"fhdOrig":"NonNative","fhdProd":"Natural","fhdComment":null,"fhdESH":"NA","fhdBasisD":null,"fhdNMF":"no","fhdBasisDt":null,"fhdBasisNm":null,"fhdBasisEnt":null,"fhdBasisPrj":null,"fhdBasisMethod":null,"fhdAccess":null,"fhdBarrierFtrID":null,"fhdEndExtent":null,"Shape__Area":213486.45154001,"Shape__Length":5141.9530121962625,"habitatType":"lake"},"id":203},
{"type":"Feature","geometry":{"type":"Polygon","coordinates":[[[-124.10248,43.831659],[-124.104421,43.831532],[-124.104827,43.828074],[-124.107638,43.825197],[-124.110753,43.824998],[-124.110039,43.822649],[-124.11313,43.820391],[-124.115659,43.820716],[-124.117018,43.823142],[-124.117018,43.827686],[-124.119929,43.828981],[-124.12443,43.826671],[-124.119387,43.824242],[-124.117373,43.81881],[-124.118212,43.816438],[-124.121172,43.812749],[-124.124882,43.80958],[-124.126293,43.810813],[-124.126025,43.813928],[-124.129998,43.812815],[-124.127964,43.807798],[-124.130702,43.80517],[-124.132255,43.797553],[-124.13949,43.799143],[-124.140979,43.800286],[-124.141858,43.804001],[-124.140886,43.8061],[-124.142526,43.807663],[-124.146243,43.808525],[-124.15013,43.807039],[-124.146919,43.805578],[-124.14489,43.802592],[-124.146506,43.799365],[-124.140318,43.795828],[-124.136864,43.794586],[-124.135935,43.791699],[-124.133021,43.788251],[-124.129417,43.785554],[-124.13143,43.780391],[-124.136084,43.777981],[-124.131609,43.775194],[-124.126238,43.775169],[-124.123992,43.77069],[-124.118732,43.774469],[-124.114922,43.77532],[-124.111089,43.773847],[-124.107258,43.774979],[-124.103519,43.77936],[-124.094264,43.781618],[-124.097628,43.783138],[-124.106527,43.779737],[-124.107873,43.777607],[-124.115793,43.777848],[-124.117696,43.777005],[-124.120527,43.77907],[-124.12567,43.778043],[-124.127446,43.779544],[-124.126159,43.783267],[-124.126158,43.790038],[-124.127724,43.795982],[-124.126353,43.800254],[-124.118509,43.79999],[-124.114235,43.803033],[-124.111991,43.801118],[-124.110973,43.798023],[-124.108123,43.796921],[-124.103513,43.797715],[-124.102197,43.795063],[-124.095361,43.793028],[-124.092763,43.793348],[-124.091437,43.795705],[-124.087187,43.795928],[-124.086239,43.792822],[-124.082896,43.792919],[-124.07917,43.794892],[-124.078455,43.797913],[-124.073808,43.800329],[-124.072568,43.804231],[-124.06931,43.806708],[-124.072074,43.809613],[-124.073286,43.807039],[-124.076233,43.805914],[-124.074558,43.803449],[-124.075634,43.800809],[-124.078748,43.799805],[-124.084027,43.795424],[-124.08493,43.797883],[-124.086893,43.798546],[-124.091447,43.79804],[-124.094772,43.79681],[-124.099289,43.79778],[-124.100707,43.799723],[-124.096427,43.802013],[-124.097538,43.803517],[-124.101337,43.800963],[-124.106037,43.801425],[-124.10962,43.805016],[-124.104743,43.806],[-124.10812,43.807758],[-124.102629,43.811346],[-124.104353,43.81218],[-124.107857,43.81015],[-124.111077,43.810477],[-124.116704,43.809304],[-124.120092,43.805228],[-124.122144,43.807447],[-124.11954,43.810104],[-124.116278,43.815545],[-124.114377,43.817538],[-124.111101,43.818539],[-124.109302,43.820564],[-124.1048,43.820659],[-124.103299,43.822295],[-124.102635,43.825792],[-124.099375,43.82531],[-124.095488,43.829301],[-124.101514,43.828059],[-124.10248,43.831659]]]},"properties":{"OBJECTID":113,"fhdFtrID":113,"fhdRefID":53718,"fhdRevDt":"20190509","fhdONm":"Kevin Stertz","fhdOEnt":"ODFW","fhdSpNm":"LMbass","fhdRun":"NA","fhdLifeHst":"Resident","fhdUseTy":"ResidentMultipleUses","fhdBasis":"DocObsFish","fhdStNm":"Tahkenitch Lake","fhdGenus":"Micropterus","fhdSp":"salmoides","fhdSubSp":null,"fhdOrig":"NonNative","fhdProd":"Natural","fhdComment":null,"fhdESH":"NA","fhdBasisD":null,"fhdNMF":"no","fhdBasisDt":"20180000","fhdBasisNm":"Kevin Stertz","fhdBasisEnt":null,"fhdBasisPrj":null,"fhdBasisMethod":"Electrofisher","fhdAccess":null,"fhdBarrierFtrID":null,"fhdEndExtent":null,"Shape__Area":15968025.491645545,"Shape__Length":115151.20018983645,"habitatType":"lake"},"id":204},
{"type":"Feature","geometry":{"type":"Polygon","coordinates":[[[-124.076173,42.891938],[-124.078636,42.891271],[-124.080315,42.888716],[-124.075545,42.890283],[-124.076173,42.891938]]]},"properties":{"OBJECTID":114,"fhdFtrID":114,"fhdRefID":53684,"fhdRevDt":"20190219","fhdONm":"Peter Robinson","fhdOEnt":"ODFW","fhdSpNm":"LMbass","fhdRun":"NA","fhdLifeHst":"Resident","fhdUseTy":"ResidentMultipleUses","fhdBasis":"UndocObsFish","fhdStNm":"Powers Pond","fhdGenus":"Micropterus","fhdSp":"salmoides","fhdSubSp":null,"fhdOrig":"NonNative","fhdProd":"Natural","fhdComment":null,"fhdESH":"NA","fhdBasisD":null,"fhdNMF":"no","fhdBasisDt":null,"fhdBasisNm":null,"fhdBasisEnt":null,"fhdBasisPrj":null,"fhdBasisMethod":null,"fhdAccess":null,"fhdBarrierFtrID":null,"fhdEndExtent":null,"Shape__Area":176118.586670475,"Shape__Length":2705.709219813521,"habitatType":"lake"},"id":205},
{"type":"Feature","geometry":{"type":"Polygon","coordinates":[[[-122.165698,43.185172],[-122.169131,43.184279],[-122.171473,43.182189],[-122.169339,43.178004],[-122.168373,43.173954],[-122.165676,43.167802],[-122.165091,43.161953],[-122.166014,43.157413],[-122.165083,43.15266],[-122.165768,43.150198],[-122.165012,43.144339],[-122.162148,43.13969],[-122.161246,43.136406],[-122.156411,43.135749],[-122.144889,43.136663],[-122.137459,43.138651],[-122.135295,43.143903],[-122.134906,43.147943],[-122.136487,43.155285],[-122.135875,43.159413],[-122.133715,43.162594],[-122.132798,43.165685],[-122.134307,43.172062],[-122.13749,43.174022],[-122.138595,43.176831],[-122.142515,43.177212],[-122.148966,43.180457],[-122.158883,43.184114],[-122.165698,43.185172]]]},"properties":{"OBJECTID":115,"fhdFtrID":115,"fhdRefID":53684,"fhdRevDt":"20190219","fhdONm":"Peter Robinson","fhdOEnt":"ODFW","fhdSpNm":"LMbass","fhdRun":"NA","fhdLifeHst":"Resident","fhdUseTy":"ResidentMultipleUses","fhdBasis":"UndocObsFish","fhdStNm":"Diamond Lake","fhdGenus":"Micropterus","fhdSp":"salmoides","fhdSubSp":null,"fhdOrig":"NonNative","fhdProd":"Natural","fhdComment":null,"fhdESH":"NA","fhdBasisD":null,"fhdNMF":"no","fhdBasisDt":null,"fhdBasisNm":null,"fhdBasisEnt":null,"fhdBasisPrj":null,"fhdBasisMethod":null,"fhdAccess":null,"fhdBarrierFtrID":null,"fhdEndExtent":null,"Shape__Area":23132112.66306571,"Shape__Length":20676.89727768572,"habitatType":"lake"},"id":206},
{"type":"Feature","geometry":{"type":"Polygon","coordinates":[[[-123.348758,42.429234],[-123.349254,42.429456],[-123.349751,42.429224],[-123.349058,42.428756],[-123.348758,42.429234]]]},"properties":{"OBJECTID":116,"fhdFtrID":116,"fhdRefID":53684,"fhdRevDt":"20190219","fhdONm":"Peter Robinson","fhdOEnt":"ODFW","fhdSpNm":"LMbass","fhdRun":"NA","fhdLifeHst":"Resident","fhdUseTy":"ResidentMultipleUses","fhdBasis":"UndocObsFish","fhdStNm":"All Sports Park Pond","fhdGenus":"Micropterus","fhdSp":"salmoides","fhdSubSp":null,"fhdOrig":"NonNative","fhdProd":"Natural","fhdComment":null,"fhdESH":"NA","fhdBasisD":null,"fhdNMF":"no","fhdBasisDt":null,"fhdBasisNm":null,"fhdBasisEnt":null,"fhdBasisPrj":null,"fhdBasisMethod":null,"fhdAccess":null,"fhdBarrierFtrID":null,"fhdEndExtent":null,"Shape__Area":10654.62985074,"Shape__Length":618.0002551319974,"habitatType":"lake"},"id":207},
{"type":"Feature","geometry":{"type":"Polygon","coordinates":[[[-124.2197,43.520589],[-124.221981,43.520177],[-124.223397,43.520441],[-124.224343,43.518891],[-124.222416,43.519038],[-124.2197,43.520589]]]},"properties":{"OBJECTID":117,"fhdFtrID":117,"fhdRefID":53684,"fhdRevDt":"20190219","fhdONm":"Peter Robinson","fhdOEnt":"ODFW","fhdSpNm":"LMbass","fhdRun":"NA","fhdLifeHst":"Resident","fhdUseTy":"ResidentMultipleUses","fhdBasis":"UndocObsFish","fhdStNm":"Butterfield Lake","fhdGenus":"Micropterus","fhdSp":"salmoides","fhdSubSp":null,"fhdOrig":"NonNative","fhdProd":"Natural","fhdComment":null,"fhdESH":"NA","fhdBasisD":null,"fhdNMF":"no","fhdBasisDt":null,"fhdBasisNm":null,"fhdBasisEnt":null,"fhdBasisPrj":null,"fhdBasisMethod":null,"fhdAccess":null,"fhdBarrierFtrID":null,"fhdEndExtent":null,"Shape__Area":87778.62480242,"Shape__Length":1911.3517795096036,"habitatType":"lake"},"id":208},
{"type":"Feature","geometry":{"type":"Polygon","coordinates":[[[-124.094032,43.93098],[-124.098087,43.928211],[-124.100867,43.928358],[-124.104731,43.927161],[-124.105155,43.925635],[-124.102086,43.923561],[-124.101568,43.921728],[-124.103138,43.918352],[-124.104138,43.911515],[-124.10902,43.911821],[-124.108217,43.909339],[-124.113802,43.905236],[-124.116119,43.900329],[-124.112187,43.900007],[-124.10781,43.902534],[-124.105873,43.90097],[-124.102279,43.90242],[-124.09991,43.904874],[-124.100617,43.907541],[-124.097949,43.912877],[-124.095673,43.915539],[-124.091945,43.915969],[-124.087089,43.912328],[-124.082977,43.911152],[-124.083851,43.91389],[-124.088264,43.918516],[-124.095326,43.919798],[-124.092117,43.926204],[-124.094677,43.927943],[-124.094032,43.93098]]]},"properties":{"OBJECTID":118,"fhdFtrID":118,"fhdRefID":53718,"fhdRevDt":"20190509","fhdONm":"Kevin Stertz","fhdOEnt":"ODFW","fhdSpNm":"LMbass","fhdRun":"NA","fhdLifeHst":"Resident","fhdUseTy":"ResidentMultipleUses","fhdBasis":"DocObsFish","fhdStNm":"Woahink Lake","fhdGenus":"Micropterus","fhdSp":"salmoides","fhdSubSp":null,"fhdOrig":"NonNative","fhdProd":"Natural","fhdComment":null,"fhdESH":"NA","fhdBasisD":null,"fhdNMF":"no","fhdBasisDt":"20180000","fhdBasisNm":"Kevin Stertz","fhdBasisEnt":null,"fhdBasisPrj":null,"fhdBasisMethod":"Electrofisher","fhdAccess":null,"fhdBarrierFtrID":null,"fhdEndExtent":null,"Shape__Area":5767374.119530805,"Shape__Length":32134.141595000463,"habitatType":"lake"},"id":209},
{"type":"Feature","geometry":{"type":"Polygon","coordinates":[[[-123.947513,45.515612],[-123.948902,45.514498],[-123.947294,45.51058],[-123.954441,45.507858],[-123.957756,45.505026],[-123.954331,45.504045],[-123.949235,45.503985],[-123.943836,45.506767],[-123.945663,45.512677],[-123.947513,45.515612]]]},"properties":{"OBJECTID":119,"fhdFtrID":119,"fhdRefID":53718,"fhdRevDt":"20190219","fhdONm":"Kevin Stertz","fhdOEnt":"ODFW","fhdSpNm":"LMbass","fhdRun":"NA","fhdLifeHst":"Resident","fhdUseTy":"ResidentMultipleUses","fhdBasis":"DocObsFish","fhdStNm":"Cape Meares Lake","fhdGenus":"Micropterus","fhdSp":"salmoides","fhdSubSp":null,"fhdOrig":"NonNative","fhdProd":"Natural","fhdComment":null,"fhdESH":"NA","fhdBasisD":null,"fhdNMF":"no","fhdBasisDt":"2017","fhdBasisNm":null,"fhdBasisEnt":null,"fhdBasisPrj":null,"fhdBasisMethod":"Electrofisher","fhdAccess":null,"fhdBarrierFtrID":null,"fhdEndExtent":null,"Shape__Area":1298367.482674145,"Shape__Length":9016.5602280881,"habitatType":"lake"},"id":210},
{"type":"Feature","geometry":{"type":"Polygon","coordinates":[[[-123.168345,42.8525],[-123.173053,42.852193],[-123.176045,42.849163],[-123.179135,42.848066],[-123.177436,42.844301],[-123.173391,42.844402],[-123.168432,42.845622],[-123.165325,42.842916],[-123.166486,42.839298],[-123.163305,42.835466],[-123.157387,42.835353],[-123.149131,42.836384],[-123.156515,42.838921],[-123.156807,42.845182],[-123.158171,42.848236],[-123.163591,42.850088],[-123.168345,42.8525]]]},"properties":{"OBJECTID":120,"fhdFtrID":120,"fhdRefID":53718,"fhdRevDt":"20190509","fhdONm":"Kevin Stertz","fhdOEnt":"ODFW","fhdSpNm":"LMbass","fhdRun":"NA","fhdLifeHst":"Resident","fhdUseTy":"ResidentMultipleUses","fhdBasis":"DocObsFish","fhdStNm":"Galesville Reservoir","fhdGenus":"Micropterus","fhdSp":"salmoides","fhdSubSp":null,"fhdOrig":"NonNative","fhdProd":"Natural","fhdComment":null,"fhdESH":"NA","fhdBasisD":null,"fhdNMF":"no","fhdBasisDt":"20180000","fhdBasisNm":"Kevin Stertz","fhdBasisEnt":null,"fhdBasisPrj":null,"fhdBasisMethod":"Electrofisher","fhdAccess":null,"fhdBarrierFtrID":null,"fhdEndExtent":null,"Shape__Area":4199699.83910377,"Shape__Length":19957.10202379356,"habitatType":"lake"},"id":211},
{"type":"Feature","geometry":{"type":"Polygon","coordinates":[[[-123.257822,42.936937],[-123.257039,42.938051],[-123.25925,42.93784],[-123.259246,42.936928],[-123.257822,42.936937]]]},"properties":{"OBJECTID":121,"fhdFtrID":121,"fhdRefID":53684,"fhdRevDt":"20190219","fhdONm":"Peter Robinson","fhdOEnt":"ODFW","fhdSpNm":"LMbass","fhdRun":"NA","fhdLifeHst":"Resident","fhdUseTy":"ResidentMultipleUses","fhdBasis":"UndocObsFish","fhdStNm":"Herbert Log Pond","fhdGenus":"Micropterus","fhdSp":"salmoides","fhdSubSp":null,"fhdOrig":"NonNative","fhdProd":"Natural","fhdComment":null,"fhdESH":"NA","fhdBasisD":null,"fhdNMF":"no","fhdBasisDt":null,"fhdBasisNm":null,"fhdBasisEnt":null,"fhdBasisPrj":null,"fhdBasisMethod":null,"fhdAccess":null,"fhdBarrierFtrID":null,"fhdEndExtent":null,"Shape__Area":40489.95834557,"Shape__Length":804.9381556373778,"habitatType":"lake"},"id":212},
{"type":"Feature","geometry":{"type":"Polygon","coordinates":[[[-123.911517,46.072718],[-123.913212,46.072713],[-123.911731,46.069396],[-123.91162,46.067548],[-123.910432,46.067659],[-123.911517,46.072718]]]},"properties":{"OBJECTID":122,"fhdFtrID":122,"fhdRefID":53684,"fhdRevDt":"20190219","fhdONm":"Peter Robinson","fhdOEnt":"ODFW","fhdSpNm":"LMbass","fhdRun":"NA","fhdLifeHst":"Resident","fhdUseTy":"ResidentMultipleUses","fhdBasis":"UndocObsFish","fhdStNm":"West Lake","fhdGenus":"Micropterus","fhdSp":"salmoides","fhdSubSp":null,"fhdOrig":"NonNative","fhdProd":"Natural","fhdComment":null,"fhdESH":"NA","fhdBasisD":null,"fhdNMF":"no","fhdBasisDt":null,"fhdBasisNm":null,"fhdBasisEnt":null,"fhdBasisPrj":null,"fhdBasisMethod":null,"fhdAccess":null,"fhdBarrierFtrID":null,"fhdEndExtent":null,"Shape__Area":152378.32680577,"Shape__Length":3359.711811404707,"habitatType":"lake"},"id":213},
{"type":"Feature","geometry":{"type":"Polygon","coordinates":[[[-123.920853,45.979763],[-123.921925,45.979598],[-123.921293,45.979024],[-123.920853,45.979763]]]},"properties":{"OBJECTID":123,"fhdFtrID":123,"fhdRefID":53684,"fhdRevDt":"20190219","fhdONm":"Peter Robinson","fhdOEnt":"ODFW","fhdSpNm":"LMbass","fhdRun":"NA","fhdLifeHst":"Resident","fhdUseTy":"ResidentMultipleUses","fhdBasis":"UndocObsFish","fhdStNm":"Chapman Ponds","fhdGenus":"Micropterus","fhdSp":"salmoides","fhdSubSp":null,"fhdOrig":"NonNative","fhdProd":"Natural","fhdComment":null,"fhdESH":"NA","fhdBasisD":null,"fhdNMF":"no","fhdBasisDt":null,"fhdBasisNm":null,"fhdBasisEnt":null,"fhdBasisPrj":null,"fhdBasisMethod":null,"fhdAccess":null,"fhdBarrierFtrID":null,"fhdEndExtent":null,"Shape__Area":14499.427906465,"Shape__Length":536.3151832029877,"habitatType":"lake"},"id":214},
{"type":"Feature","geometry":{"type":"Polygon","coordinates":[[[-124.077293,44.039137],[-124.079137,44.038255],[-124.07969,44.032289],[-124.076221,44.032295],[-124.077293,44.039137]]]},"properties":{"OBJECTID":124,"fhdFtrID":124,"fhdRefID":53684,"fhdRevDt":"20190219","fhdONm":"Peter Robinson","fhdOEnt":"ODFW","fhdSpNm":"LMbass","fhdRun":"NA","fhdLifeHst":"Resident","fhdUseTy":"ResidentMultipleUses","fhdBasis":"UndocObsFish","fhdStNm":"Collard Lake","fhdGenus":"Micropterus","fhdSp":"salmoides","fhdSubSp":null,"fhdOrig":"NonNative","fhdProd":"Natural","fhdComment":null,"fhdESH":"NA","fhdBasisD":null,"fhdNMF":"no","fhdBasisDt":null,"fhdBasisNm":null,"fhdBasisEnt":null,"fhdBasisPrj":null,"fhdBasisMethod":null,"fhdAccess":null,"fhdBarrierFtrID":null,"fhdEndExtent":null,"Shape__Area":324267.784598405,"Shape__Length":4884.242798557664,"habitatType":"lake"},"id":215},
{"type":"Feature","geometry":{"type":"Polygon","coordinates":[[[-123.945098,45.595462],[-123.947262,45.592899],[-123.94448,45.592685],[-123.945098,45.595462]]]},"properties":{"OBJECTID":125,"fhdFtrID":125,"fhdRefID":53684,"fhdRevDt":"20190219","fhdONm":"Peter Robinson","fhdOEnt":"ODFW","fhdSpNm":"LMbass","fhdRun":"NA","fhdLifeHst":"Resident","fhdUseTy":"ResidentMultipleUses","fhdBasis":"UndocObsFish","fhdStNm":"Spring Lake","fhdGenus":"Micropterus","fhdSp":"salmoides","fhdSubSp":null,"fhdOrig":"NonNative","fhdProd":"Natural","fhdComment":null,"fhdESH":"NA","fhdBasisD":null,"fhdNMF":"no","fhdBasisDt":null,"fhdBasisNm":null,"fhdBasisEnt":null,"fhdBasisPrj":null,"fhdBasisMethod":null,"fhdAccess":null,"fhdBarrierFtrID":null,"fhdEndExtent":null,"Shape__Area":138420.16146785,"Shape__Length":1666.4908519685453,"habitatType":"lake"},"id":216},
{"type":"Feature","geometry":{"type":"Polygon","coordinates":[[[-124.076487,44.028412],[-124.080106,44.027685],[-124.080392,44.025593],[-124.084398,44.022854],[-124.084787,44.020276],[-124.081834,44.016369],[-124.080465,44.018606],[-124.07518,44.023707],[-124.076487,44.028412]]]},"properties":{"OBJECTID":126,"fhdFtrID":126,"fhdRefID":53684,"fhdRevDt":"20190219","fhdONm":"Peter Robinson","fhdOEnt":"ODFW","fhdSpNm":"LMbass","fhdRun":"NA","fhdLifeHst":"Resident","fhdUseTy":"ResidentMultipleUses","fhdBasis":"UndocObsFish","fhdStNm":"Clear Lake","fhdGenus":"Micropterus","fhdSp":"salmoides","fhdSubSp":null,"fhdOrig":"NonNative","fhdProd":"Natural","fhdComment":null,"fhdESH":"NA","fhdBasisD":null,"fhdNMF":"no","fhdBasisDt":null,"fhdBasisNm":null,"fhdBasisEnt":null,"fhdBasisPrj":null,"fhdBasisMethod":null,"fhdAccess":null,"fhdBarrierFtrID":null,"fhdEndExtent":null,"Shape__Area":1196766.66093377,"Shape__Length":5640.07901618491,"habitatType":"lake"},"id":217},
{"type":"Feature","geometry":{"type":"Polygon","coordinates":[[[-124.077107,44.010931],[-124.083474,44.009817],[-124.085965,44.006174],[-124.082807,44.004682],[-124.077334,44.005535],[-124.077164,44.007184],[-124.0798,44.008762],[-124.077107,44.010931]]]},"properties":{"OBJECTID":127,"fhdFtrID":127,"fhdRefID":53684,"fhdRevDt":"20190219","fhdONm":"Peter Robinson","fhdOEnt":"ODFW","fhdSpNm":"LMbass","fhdRun":"NA","fhdLifeHst":"Resident","fhdUseTy":"ResidentMultipleUses","fhdBasis":"UndocObsFish","fhdStNm":"Munsel Lake","fhdGenus":"Micropterus","fhdSp":"salmoides","fhdSubSp":null,"fhdOrig":"NonNative","fhdProd":"Natural","fhdComment":null,"fhdESH":"NA","fhdBasisD":null,"fhdNMF":"no","fhdBasisDt":null,"fhdBasisNm":null,"fhdBasisEnt":null,"fhdBasisPrj":null,"fhdBasisMethod":null,"fhdAccess":null,"fhdBarrierFtrID":null,"fhdEndExtent":null,"Shape__Area":819451.383059885,"Shape__Length":7066.454660033698,"habitatType":"lake"},"id":218},
{"type":"Feature","geometry":{"type":"Polygon","coordinates":[[[-123.947955,45.582529],[-123.94947,45.578386],[-123.945141,45.574601],[-123.946963,45.582617],[-123.947955,45.582529]]]},"properties":{"OBJECTID":128,"fhdFtrID":128,"fhdRefID":53684,"fhdRevDt":"20190219","fhdONm":"Peter Robinson","fhdOEnt":"ODFW","fhdSpNm":"LMbass","fhdRun":"NA","fhdLifeHst":"Resident","fhdUseTy":"ResidentMultipleUses","fhdBasis":"UndocObsFish","fhdStNm":"Smith Lake","fhdGenus":"Micropterus","fhdSp":"salmoides","fhdSubSp":null,"fhdOrig":"NonNative","fhdProd":"Natural","fhdComment":null,"fhdESH":"NA","fhdBasisD":null,"fhdNMF":"no","fhdBasisDt":null,"fhdBasisNm":null,"fhdBasisEnt":null,"fhdBasisPrj":null,"fhdBasisMethod":null,"fhdAccess":null,"fhdBarrierFtrID":null,"fhdEndExtent":null,"Shape__Area":348118.420507725,"Shape__Length":4655.007677131836,"habitatType":"lake"},"id":219},
{"type":"Feature","geometry":{"type":"Polygon","coordinates":[[[-124.185015,43.653785],[-124.187496,43.649464],[-124.185959,43.64631],[-124.190608,43.643156],[-124.189784,43.639716],[-124.184457,43.63363],[-124.18216,43.634041],[-124.181443,43.636696],[-124.178259,43.638061],[-124.177372,43.640897],[-124.183725,43.639886],[-124.186033,43.64061],[-124.184462,43.643327],[-124.178656,43.644423],[-124.176865,43.646692],[-124.177002,43.649257],[-124.181247,43.646332],[-124.184059,43.648707],[-124.183746,43.652357],[-124.185015,43.653785]]]},"properties":{"OBJECTID":129,"fhdFtrID":129,"fhdRefID":53684,"fhdRevDt":"20190219","fhdONm":"Peter Robinson","fhdOEnt":"ODFW","fhdSpNm":"LMbass","fhdRun":"NA","fhdLifeHst":"Resident","fhdUseTy":"ResidentMultipleUses","fhdBasis":"UndocObsFish","fhdStNm":"Clear Lake","fhdGenus":"Micropterus","fhdSp":"salmoides","fhdSubSp":null,"fhdOrig":"NonNative","fhdProd":"Natural","fhdComment":null,"fhdESH":"NA","fhdBasisD":null,"fhdNMF":"no","fhdBasisDt":null,"fhdBasisNm":null,"fhdBasisEnt":null,"fhdBasisPrj":null,"fhdBasisMethod":null,"fhdAccess":null,"fhdBarrierFtrID":null,"fhdEndExtent":null,"Shape__Area":2396494.894770115,"Shape__Length":18516.138940613644,"habitatType":"lake"},"id":220},
{"type":"Feature","geometry":{"type":"Polygon","coordinates":[[[-123.945458,45.599088],[-123.945341,45.59961],[-123.946068,45.599692],[-123.946083,45.59911],[-123.945458,45.599088]]]},"properties":{"OBJECTID":130,"fhdFtrID":130,"fhdRefID":53684,"fhdRevDt":"20190219","fhdONm":"Peter Robinson","fhdOEnt":"ODFW","fhdSpNm":"LMbass","fhdRun":"NA","fhdLifeHst":"Resident","fhdUseTy":"ResidentMultipleUses","fhdBasis":"UndocObsFish","fhdStNm":"Lake Marie","fhdGenus":"Micropterus","fhdSp":"salmoides","fhdSubSp":null,"fhdOrig":"NonNative","fhdProd":"Natural","fhdComment":null,"fhdESH":"NA","fhdBasisD":null,"fhdNMF":"no","fhdBasisDt":null,"fhdBasisNm":null,"fhdBasisEnt":null,"fhdBasisPrj":null,"fhdBasisMethod":null,"fhdAccess":null,"fhdBarrierFtrID":null,"fhdEndExtent":null,"Shape__Area":8402.621776505,"Shape__Length":342.228215791303,"habitatType":"lake"},"id":221},
{"type":"Feature","geometry":{"type":"Polygon","coordinates":[[[-124.166187,43.571508],[-124.163966,43.575168],[-124.16204,43.576791],[-124.158163,43.576749],[-124.15459,43.57774],[-124.152725,43.581252],[-124.154518,43.581765],[-124.154555,43.585619],[-124.152924,43.588453],[-124.148841,43.585469],[-124.144291,43.585902],[-124.14111,43.584718],[-124.136255,43.580805],[-124.136734,43.58451],[-124.138797,43.584912],[-124.142401,43.588136],[-124.140311,43.589642],[-124.136887,43.588731],[-124.134608,43.589411],[-124.133212,43.596178],[-124.131019,43.597496],[-124.125592,43.596375],[-124.121001,43.597239],[-124.120803,43.595697],[-124.113339,43.592123],[-124.115307,43.596899],[-124.117301,43.597235],[-124.115893,43.602206],[-124.118805,43.606107],[-124.115015,43.608319],[-124.110445,43.607963],[-124.105551,43.608604],[-124.095651,43.6129],[-124.096762,43.613799],[-124.10636,43.609929],[-124.110491,43.609439],[-124.114911,43.610152],[-124.12052,43.606779],[-124.120609,43.60482],[-124.118045,43.601122],[-124.118904,43.599867],[-124.125927,43.599154],[-124.126141,43.601794],[-124.129574,43.603039],[-124.132947,43.601214],[-124.134612,43.59819],[-124.137487,43.596235],[-124.138389,43.592183],[-124.143048,43.592208],[-124.145567,43.591139],[-124.146728,43.598754],[-124.143515,43.607043],[-124.144627,43.611489],[-124.146655,43.60992],[-124.145518,43.606185],[-124.147293,43.603718],[-124.148092,43.600118],[-124.149623,43.598536],[-124.147744,43.593575],[-124.156929,43.592546],[-124.159216,43.583248],[-124.156424,43.582313],[-124.156131,43.579966],[-124.160534,43.577049],[-124.16245,43.576841],[-124.164398,43.575092],[-124.166619,43.571477],[-124.166187,43.571508]]]},"properties":{"OBJECTID":131,"fhdFtrID":131,"fhdRefID":53718,"fhdRevDt":"20190219","fhdONm":"Kevin Stertz","fhdOEnt":"ODFW","fhdSpNm":"LMbass","fhdRun":"NA","fhdLifeHst":"Resident","fhdUseTy":"ResidentMultipleUses","fhdBasis":"DocObsFish","fhdStNm":"North Tenmile Lake","fhdGenus":"Micropterus","fhdSp":"salmoides","fhdSubSp":null,"fhdOrig":"NonNative","fhdProd":"Natural","fhdComment":null,"fhdESH":"NA","fhdBasisD":null,"fhdNMF":"no","fhdBasisDt":"20170000","fhdBasisNm":null,"fhdBasisEnt":null,"fhdBasisPrj":null,"fhdBasisMethod":"Electrofisher","fhdAccess":null,"fhdBarrierFtrID":null,"fhdEndExtent":null,"Shape__Area":7235184.993485575,"Shape__Length":59640.477162137795,"habitatType":"lake"},"id":222},
{"type":"Feature","geometry":{"type":"Polygon","coordinates":[[[-124.234688,43.508605],[-124.236289,43.505229],[-124.234177,43.500524],[-124.231921,43.507608],[-124.234688,43.508605]]]},"properties":{"OBJECTID":132,"fhdFtrID":132,"fhdRefID":53684,"fhdRevDt":"20190219","fhdONm":"Peter Robinson","fhdOEnt":"ODFW","fhdSpNm":"LMbass","fhdRun":"NA","fhdLifeHst":"Resident","fhdUseTy":"ResidentMultipleUses","fhdBasis":"UndocObsFish","fhdStNm":"Beale Lake","fhdGenus":"Micropterus","fhdSp":"salmoides","fhdSubSp":null,"fhdOrig":"NonNative","fhdProd":"Natural","fhdComment":null,"fhdESH":"NA","fhdBasisD":null,"fhdNMF":"no","fhdBasisDt":null,"fhdBasisNm":null,"fhdBasisEnt":null,"fhdBasisPrj":null,"fhdBasisMethod":null,"fhdAccess":null,"fhdBarrierFtrID":null,"fhdEndExtent":null,"Shape__Area":415636.43761064,"Shape__Length":4238.854969140803,"habitatType":"lake"},"id":223},
{"type":"Feature","geometry":{"type":"Polygon","coordinates":[[[-122.433644,42.663683],[-122.436544,42.663603],[-122.437916,42.66207],[-122.435347,42.661404],[-122.433644,42.663683]]]},"properties":{"OBJECTID":133,"fhdFtrID":133,"fhdRefID":53684,"fhdRevDt":"20190219","fhdONm":"Peter Robinson","fhdOEnt":"ODFW","fhdSpNm":"LMbass","fhdRun":"NA","fhdLifeHst":"Resident","fhdUseTy":"ResidentMultipleUses","fhdBasis":"UndocObsFish","fhdStNm":"Medco Pond","fhdGenus":"Micropterus","fhdSp":"salmoides","fhdSubSp":null,"fhdOrig":"NonNative","fhdProd":"Natural","fhdComment":null,"fhdESH":"NA","fhdBasisD":null,"fhdNMF":"no","fhdBasisDt":null,"fhdBasisNm":null,"fhdBasisEnt":null,"fhdBasisPrj":null,"fhdBasisMethod":null,"fhdAccess":null,"fhdBarrierFtrID":null,"fhdEndExtent":null,"Shape__Area":183461.053656335,"Shape__Length":1988.902250719049,"habitatType":"lake"},"id":224},
{"type":"Feature","geometry":{"type":"Polygon","coordinates":[[[-122.904454,42.384187],[-122.904691,42.384896],[-122.907653,42.383941],[-122.904958,42.38276],[-122.904454,42.384187]]]},"properties":{"OBJECTID":134,"fhdFtrID":134,"fhdRefID":53684,"fhdRevDt":"20190219","fhdONm":"Peter Robinson","fhdOEnt":"ODFW","fhdSpNm":"LMbass","fhdRun":"NA","fhdLifeHst":"Resident","fhdUseTy":"ResidentMultipleUses","fhdBasis":"UndocObsFish","fhdStNm":"Exposition Park Ponds","fhdGenus":"Micropterus","fhdSp":"salmoides","fhdSubSp":null,"fhdOrig":"NonNative","fhdProd":"Natural","fhdComment":null,"fhdESH":"NA","fhdBasisD":null,"fhdNMF":"no","fhdBasisDt":null,"fhdBasisNm":null,"fhdBasisEnt":null,"fhdBasisPrj":null,"fhdBasisMethod":null,"fhdAccess":null,"fhdBarrierFtrID":null,"fhdEndExtent":null,"Shape__Area":104426.263545555,"Shape__Length":1715.6417634560014,"habitatType":"lake"},"id":225},
{"type":"Feature","geometry":{"type":"Polygon","coordinates":[[[-123.955623,45.225554],[-123.957859,45.224972],[-123.957005,45.223408],[-123.955188,45.225049],[-123.955623,45.225554]]]},"properties":{"OBJECTID":135,"fhdFtrID":135,"fhdRefID":53718,"fhdRevDt":"20190219","fhdONm":"Kevin Stertz","fhdOEnt":"ODFW","fhdSpNm":"LMbass","fhdRun":"NA","fhdLifeHst":"Resident","fhdUseTy":"ResidentMultipleUses","fhdBasis":"DocObsFish","fhdStNm":"Town Lake","fhdGenus":"Micropterus","fhdSp":"salmoides","fhdSubSp":null,"fhdOrig":"NonNative","fhdProd":"Natural","fhdComment":null,"fhdESH":"NA","fhdBasisD":null,"fhdNMF":"no","fhdBasisDt":"20170000","fhdBasisNm":null,"fhdBasisEnt":null,"fhdBasisPrj":null,"fhdBasisMethod":"Electrofisher","fhdAccess":null,"fhdBarrierFtrID":null,"fhdEndExtent":null,"Shape__Area":80478.43321432,"Shape__Length":1745.1459408897388,"habitatType":"lake"},"id":226},
{"type":"Feature","geometry":{"type":"Polygon","coordinates":[[[-123.17474,45.853571],[-123.171497,45.854309],[-123.172588,45.856778],[-123.175595,45.856634],[-123.17474,45.853571]]]},"properties":{"OBJECTID":136,"fhdFtrID":136,"fhdRefID":53684,"fhdRevDt":"20190219","fhdONm":"Peter Robinson","fhdOEnt":"ODFW","fhdSpNm":"LMbass","fhdRun":"NA","fhdLifeHst":"Resident","fhdUseTy":"ResidentMultipleUses","fhdBasis":"UndocObsFish","fhdStNm":"Vernonia Lake","fhdGenus":"Micropterus","fhdSp":"salmoides","fhdSubSp":null,"fhdOrig":"NonNative","fhdProd":"Natural","fhdComment":null,"fhdESH":"NA","fhdBasisD":null,"fhdNMF":"no","fhdBasisDt":null,"fhdBasisNm":null,"fhdBasisEnt":null,"fhdBasisPrj":null,"fhdBasisMethod":null,"fhdAccess":null,"fhdBarrierFtrID":null,"fhdEndExtent":null,"Shape__Area":268930.519702615,"Shape__Length":2076.514930720309,"habitatType":"lake"},"id":227},
{"type":"Feature","geometry":{"type":"Polygon","coordinates":[[[-124.180457,43.136209],[-124.18251,43.136282],[-124.185516,43.133982],[-124.189668,43.132498],[-124.189443,43.130033],[-124.182151,43.1301],[-124.180719,43.131663],[-124.180457,43.136209]]]},"properties":{"OBJECTID":137,"fhdFtrID":137,"fhdRefID":53684,"fhdRevDt":"20190219","fhdONm":"Peter Robinson","fhdOEnt":"ODFW","fhdSpNm":"LMbass","fhdRun":"NA","fhdLifeHst":"Resident","fhdUseTy":"ResidentMultipleUses","fhdBasis":"UndocObsFish","fhdStNm":"Johnson Log Storage and Storing Reservoir","fhdGenus":"Micropterus","fhdSp":"salmoides","fhdSubSp":null,"fhdOrig":"NonNative","fhdProd":"Natural","fhdComment":null,"fhdESH":"NA","fhdBasisD":null,"fhdNMF":"no","fhdBasisDt":null,"fhdBasisNm":null,"fhdBasisEnt":null,"fhdBasisPrj":null,"fhdBasisMethod":null,"fhdAccess":null,"fhdBarrierFtrID":null,"fhdEndExtent":null,"Shape__Area":671920.234697355,"Shape__Length":3524.7725875397355,"habitatType":"lake"},"id":228},
{"type":"Feature","geometry":{"type":"Polygon","coordinates":[[[-123.385839,42.679642],[-123.386317,42.679612],[-123.386102,42.679198],[-123.385751,42.679102],[-123.385839,42.679642]]]},"properties":{"OBJECTID":138,"fhdFtrID":138,"fhdRefID":53684,"fhdRevDt":"20190219","fhdONm":"Peter Robinson","fhdOEnt":"ODFW","fhdSpNm":"LMbass","fhdRun":"NA","fhdLifeHst":"Resident","fhdUseTy":"ResidentMultipleUses","fhdBasis":"UndocObsFish","fhdStNm":"Dutch Herman","fhdGenus":"Micropterus","fhdSp":"salmoides","fhdSubSp":null,"fhdOrig":"NonNative","fhdProd":"Natural","fhdComment":null,"fhdESH":"NA","fhdBasisD":null,"fhdNMF":"no","fhdBasisDt":null,"fhdBasisNm":null,"fhdBasisEnt":null,"fhdBasisPrj":null,"fhdBasisMethod":null,"fhdAccess":null,"fhdBarrierFtrID":null,"fhdEndExtent":null,"Shape__Area":3986.25652165,"Shape__Length":270.2891038182991,"habitatType":"lake"},"id":229},
{"type":"Feature","geometry":{"type":"Polygon","coordinates":[[[-123.590101,43.05095],[-123.595386,43.050756],[-123.593963,43.049055],[-123.589742,43.050171],[-123.582831,43.045457],[-123.580436,43.044908],[-123.569958,43.045519],[-123.565842,43.046243],[-123.562706,43.045766],[-123.559562,43.046617],[-123.559517,43.043499],[-123.556254,43.040057],[-123.554211,43.041259],[-123.556098,43.046842],[-123.558814,43.049438],[-123.563447,43.048203],[-123.566022,43.049641],[-123.57171,43.047352],[-123.575317,43.047505],[-123.580564,43.04622],[-123.584359,43.0483],[-123.587413,43.048777],[-123.590101,43.05095]]]},"properties":{"OBJECTID":139,"fhdFtrID":139,"fhdRefID":53684,"fhdRevDt":"20190219","fhdONm":"Peter Robinson","fhdOEnt":"ODFW","fhdSpNm":"LMbass","fhdRun":"NA","fhdLifeHst":"Resident","fhdUseTy":"ResidentMultipleUses","fhdBasis":"UndocObsFish","fhdStNm":"Berry Creek Reservoir","fhdGenus":"Micropterus","fhdSp":"salmoides","fhdSubSp":null,"fhdOrig":"NonNative","fhdProd":"Natural","fhdComment":null,"fhdESH":"NA","fhdBasisD":null,"fhdNMF":"no","fhdBasisDt":null,"fhdBasisNm":null,"fhdBasisEnt":null,"fhdBasisPrj":null,"fhdBasisMethod":null,"fhdAccess":null,"fhdBarrierFtrID":null,"fhdEndExtent":null,"Shape__Area":1686187.53484692,"Shape__Length":14846.048560311088,"habitatType":"lake"},"id":230},
{"type":"Feature","geometry":{"type":"Polygon","coordinates":[[[-123.36634,42.528771],[-123.366656,42.528428],[-123.366289,42.528028],[-123.366044,42.528469],[-123.36634,42.528771]]]},"properties":{"OBJECTID":140,"fhdFtrID":140,"fhdRefID":53684,"fhdRevDt":"20190219","fhdONm":"Peter Robinson","fhdOEnt":"ODFW","fhdSpNm":"LMbass","fhdRun":"NA","fhdLifeHst":"Resident","fhdUseTy":"ResidentMultipleUses","fhdBasis":"UndocObsFish","fhdStNm":"Sportsmans Park Pond","fhdGenus":"Micropterus","fhdSp":"salmoides","fhdSubSp":null,"fhdOrig":"NonNative","fhdProd":"Natural","fhdComment":null,"fhdESH":"NA","fhdBasisD":null,"fhdNMF":"no","fhdBasisDt":null,"fhdBasisNm":null,"fhdBasisEnt":null,"fhdBasisPrj":null,"fhdBasisMethod":null,"fhdAccess":null,"fhdBarrierFtrID":null,"fhdEndExtent":null,"Shape__Area":5525.710230045,"Shape__Length":322.8236782450194,"habitatType":"lake"},"id":231},
{"type":"Feature","geometry":{"type":"Polygon","coordinates":[[[-124.032133,44.414732],[-124.034981,44.413833],[-124.035731,44.410802],[-124.031859,44.407749],[-124.032133,44.414732]]]},"properties":{"OBJECTID":141,"fhdFtrID":141,"fhdRefID":53684,"fhdRevDt":"20190219","fhdONm":"Peter Robinson","fhdOEnt":"ODFW","fhdSpNm":"LMbass","fhdRun":"NA","fhdLifeHst":"Resident","fhdUseTy":"ResidentMultipleUses","fhdBasis":"UndocObsFish","fhdStNm":"Eckman Lake","fhdGenus":"Micropterus","fhdSp":"salmoides","fhdSubSp":null,"fhdOrig":"NonNative","fhdProd":"Natural","fhdComment":null,"fhdESH":"NA","fhdBasisD":null,"fhdNMF":"no","fhdBasisDt":null,"fhdBasisNm":null,"fhdBasisEnt":null,"fhdBasisPrj":null,"fhdBasisMethod":null,"fhdAccess":null,"fhdBarrierFtrID":null,"fhdEndExtent":null,"Shape__Area":458880.11174569,"Shape__Length":3712.6196905963548,"habitatType":"lake"},"id":232},
{"type":"Feature","geometry":{"type":"Polygon","coordinates":[[[-123.939024,45.627524],[-123.942301,45.625499],[-123.942506,45.620169],[-123.937814,45.620536],[-123.937596,45.623686],[-123.939024,45.627524]]]},"properties":{"OBJECTID":142,"fhdFtrID":142,"fhdRefID":53684,"fhdRevDt":"20190219","fhdONm":"Peter Robinson","fhdOEnt":"ODFW","fhdSpNm":"LMbass","fhdRun":"NA","fhdLifeHst":"Resident","fhdUseTy":"ResidentMultipleUses","fhdBasis":"UndocObsFish","fhdStNm":"Lake Lytle","fhdGenus":"Micropterus","fhdSp":"salmoides","fhdSubSp":null,"fhdOrig":"NonNative","fhdProd":"Natural","fhdComment":null,"fhdESH":"NA","fhdBasisD":null,"fhdNMF":"no","fhdBasisDt":null,"fhdBasisNm":null,"fhdBasisEnt":null,"fhdBasisPrj":null,"fhdBasisMethod":null,"fhdAccess":null,"fhdBarrierFtrID":null,"fhdEndExtent":null,"Shape__Area":537359.308435165,"Shape__Length":3264.1255180505727,"habitatType":"lake"},"id":233},
{"type":"Feature","geometry":{"type":"Polygon","coordinates":[[[-124.251643,43.464001],[-124.253136,43.463257],[-124.253683,43.459233],[-124.252941,43.454418],[-124.249878,43.451514],[-124.247073,43.453967],[-124.248025,43.455766],[-124.247161,43.458243],[-124.251643,43.464001]]]},"properties":{"OBJECTID":143,"fhdFtrID":143,"fhdRefID":53684,"fhdRevDt":"20190327","fhdONm":"Peter Robinson","fhdOEnt":"ODFW","fhdSpNm":"LMbass","fhdRun":"NA","fhdLifeHst":"Resident","fhdUseTy":"ResidentMultipleUses","fhdBasis":"UndocObsFish","fhdStNm":"Horsfall Lake","fhdGenus":"Micropterus","fhdSp":"salmoides","fhdSubSp":null,"fhdOrig":"NonNative","fhdProd":"Natural","fhdComment":null,"fhdESH":"NA","fhdBasisD":null,"fhdNMF":"no","fhdBasisDt":null,"fhdBasisNm":null,"fhdBasisEnt":null,"fhdBasisPrj":null,"fhdBasisMethod":null,"fhdAccess":null,"fhdBarrierFtrID":null,"fhdEndExtent":null,"Shape__Area":935075.410161325,"Shape__Length":4679.027857087421,"habitatType":"lake"},"id":234},
{"type":"Feature","geometry":{"type":"Polygon","coordinates":[[[-123.805556,42.220033],[-123.805159,42.221238],[-123.80654,42.220729],[-123.805556,42.220033]]]},"properties":{"OBJECTID":144,"fhdFtrID":144,"fhdRefID":53684,"fhdRevDt":"20190219","fhdONm":"Peter Robinson","fhdOEnt":"ODFW","fhdSpNm":"LMbass","fhdRun":"NA","fhdLifeHst":"Resident","fhdUseTy":"ResidentMultipleUses","fhdBasis":"UndocObsFish","fhdStNm":"Babyfoot Lake","fhdGenus":"Micropterus","fhdSp":"salmoides","fhdSubSp":null,"fhdOrig":"NonNative","fhdProd":"Natural","fhdComment":null,"fhdESH":"NA","fhdBasisD":null,"fhdNMF":"no","fhdBasisDt":null,"fhdBasisNm":null,"fhdBasisEnt":null,"fhdBasisPrj":null,"fhdBasisMethod":null,"fhdAccess":null,"fhdBarrierFtrID":null,"fhdEndExtent":null,"Shape__Area":28726.119936795,"Shape__Length":656.1465016228186,"habitatType":"lake"},"id":235},
{"type":"Feature","geometry":{"type":"Polygon","coordinates":[[[-123.978033,44.999563],[-123.982116,44.999393],[-123.986888,44.996516],[-123.992772,44.991973],[-123.993859,44.996897],[-123.995918,44.997113],[-123.996336,44.99269],[-123.99465,44.989086],[-123.990355,44.984226],[-123.994106,44.982519],[-123.993728,44.978976],[-123.995509,44.977826],[-123.996365,44.973795],[-123.999672,44.973622],[-124.000737,44.972181],[-124.007799,44.970884],[-124.009309,44.968026],[-124.007563,44.967323],[-124.001238,44.966966],[-123.996227,44.968026],[-123.993028,44.970007],[-123.991031,44.972644],[-123.990974,44.975201],[-123.986575,44.978264],[-123.988502,44.979732],[-123.986661,44.981819],[-123.982416,44.984304],[-123.984357,44.992442],[-123.978538,44.9972],[-123.978033,44.999563]]]},"properties":{"OBJECTID":145,"fhdFtrID":145,"fhdRefID":53718,"fhdRevDt":"20190509","fhdONm":"Kevin Stertz","fhdOEnt":"ODFW","fhdSpNm":"LMbass","fhdRun":"NA","fhdLifeHst":"Resident","fhdUseTy":"ResidentMultipleUses","fhdBasis":"DocObsFish","fhdStNm":"Devils Lake","fhdGenus":"Micropterus","fhdSp":"salmoides","fhdSubSp":null,"fhdOrig":"NonNative","fhdProd":"Natural","fhdComment":null,"fhdESH":"NA","fhdBasisD":null,"fhdNMF":"no","fhdBasisDt":"20180000","fhdBasisNm":"Kevin Stertz","fhdBasisEnt":null,"fhdBasisPrj":null,"fhdBasisMethod":"Electrofisher","fhdAccess":null,"fhdBarrierFtrID":null,"fhdEndExtent":null,"Shape__Area":5112901.004194045,"Shape__Length":29205.238340746324,"habitatType":"lake"},"id":236},
{"type":"Feature","geometry":{"type":"Polygon","coordinates":[[[-123.017111,42.043503],[-123.01921,42.043593],[-123.024344,42.037278],[-123.020873,42.037063],[-123.017111,42.043503]]]},"properties":{"OBJECTID":146,"fhdFtrID":146,"fhdRefID":53684,"fhdRevDt":"20190219","fhdONm":"Peter Robinson","fhdOEnt":"ODFW","fhdSpNm":"LMbass","fhdRun":"NA","fhdLifeHst":"Resident","fhdUseTy":"ResidentMultipleUses","fhdBasis":"UndocObsFish","fhdStNm":"Squaw Lakes","fhdGenus":"Micropterus","fhdSp":"salmoides","fhdSubSp":null,"fhdOrig":"NonNative","fhdProd":"Natural","fhdComment":null,"fhdESH":"NA","fhdBasisD":null,"fhdNMF":"no","fhdBasisDt":null,"fhdBasisNm":null,"fhdBasisEnt":null,"fhdBasisPrj":null,"fhdBasisMethod":null,"fhdAccess":null,"fhdBarrierFtrID":null,"fhdEndExtent":null,"Shape__Area":403592.7806664,"Shape__Length":3724.7948480374484,"habitatType":"lake"},"id":237},
{"type":"Feature","geometry":{"type":"Polygon","coordinates":[[[-123.926032,44.686648],[-123.931047,44.685381],[-123.929232,44.68329],[-123.921986,44.685671],[-123.922185,44.688108],[-123.926032,44.686648]]]},"properties":{"OBJECTID":147,"fhdFtrID":147,"fhdRefID":53718,"fhdRevDt":"20190509","fhdONm":"Kevin Stertz","fhdOEnt":"ODFW","fhdSpNm":"LMbass","fhdRun":"NA","fhdLifeHst":"Resident","fhdUseTy":"ResidentMultipleUses","fhdBasis":"DocObsFish","fhdStNm":"Olalla Reservoir","fhdGenus":"Micropterus","fhdSp":"salmoides","fhdSubSp":null,"fhdOrig":"NonNative","fhdProd":"Natural","fhdComment":null,"fhdESH":"NA","fhdBasisD":null,"fhdNMF":"no","fhdBasisDt":"20180000","fhdBasisNm":"Kevin Stertz","fhdBasisEnt":"ODFW","fhdBasisPrj":null,"fhdBasisMethod":"Electrofisher","fhdAccess":null,"fhdBarrierFtrID":null,"fhdEndExtent":null,"Shape__Area":770061.587892165,"Shape__Length":9047.700873327389,"habitatType":"lake"},"id":238},
{"type":"Feature","geometry":{"type":"Polygon","coordinates":[[[-123.940087,46.114321],[-123.940493,46.110983],[-123.938628,46.111705],[-123.938155,46.114025],[-123.940087,46.114321]]]},"properties":{"OBJECTID":148,"fhdFtrID":148,"fhdRefID":53684,"fhdRevDt":"20190219","fhdONm":"Peter Robinson","fhdOEnt":"ODFW","fhdSpNm":"LMbass","fhdRun":"NA","fhdLifeHst":"Resident","fhdUseTy":"ResidentMultipleUses","fhdBasis":"UndocObsFish","fhdStNm":"Slusher Lake","fhdGenus":"Micropterus","fhdSp":"salmoides","fhdSubSp":null,"fhdOrig":"NonNative","fhdProd":"Natural","fhdComment":null,"fhdESH":"NA","fhdBasisD":null,"fhdNMF":"no","fhdBasisDt":null,"fhdBasisNm":null,"fhdBasisEnt":null,"fhdBasisPrj":null,"fhdBasisMethod":null,"fhdAccess":null,"fhdBarrierFtrID":null,"fhdEndExtent":null,"Shape__Area":163448.018215525,"Shape__Length":2055.836099394606,"habitatType":"lake"},"id":239},
{"type":"Feature","geometry":{"type":"Polygon","coordinates":[[[-124.259627,43.397767],[-124.262862,43.397155],[-124.262316,43.394667],[-124.258268,43.396548],[-124.259627,43.397767]]]},"properties":{"OBJECTID":149,"fhdFtrID":149,"fhdRefID":53684,"fhdRevDt":"20190219","fhdONm":"Peter Robinson","fhdOEnt":"ODFW","fhdSpNm":"LMbass","fhdRun":"NA","fhdLifeHst":"Resident","fhdUseTy":"ResidentMultipleUses","fhdBasis":"UndocObsFish","fhdStNm":"Lower Empire Lake","fhdGenus":"Micropterus","fhdSp":"salmoides","fhdSubSp":null,"fhdOrig":"NonNative","fhdProd":"Natural","fhdComment":null,"fhdESH":"NA","fhdBasisD":null,"fhdNMF":"no","fhdBasisDt":null,"fhdBasisNm":null,"fhdBasisEnt":null,"fhdBasisPrj":null,"fhdBasisMethod":null,"fhdAccess":null,"fhdBarrierFtrID":null,"fhdEndExtent":null,"Shape__Area":169598.490982075,"Shape__Length":3609.300809429159,"habitatType":"lake"},"id":240},
{"type":"Feature","geometry":{"type":"Polygon","coordinates":[[[-123.573648,44.177855],[-123.578931,44.177283],[-123.581344,44.175856],[-123.580808,44.173308],[-123.57769,44.168785],[-123.573526,44.16636],[-123.569192,44.167148],[-123.56925,44.169697],[-123.563837,44.172411],[-123.563385,44.173926],[-123.568299,44.176393],[-123.573648,44.177855]]]},"properties":{"OBJECTID":150,"fhdFtrID":150,"fhdRefID":53684,"fhdRevDt":"20190618","fhdONm":"Peter Robinson","fhdOEnt":"ODFW","fhdSpNm":"LMbass","fhdRun":"NA","fhdLifeHst":"Resident","fhdUseTy":"ResidentMultipleUses","fhdBasis":"UndocObsFish","fhdStNm":"Triangle Lake","fhdGenus":"Micropterus","fhdSp":"salmoides","fhdSubSp":null,"fhdOrig":"NonNative","fhdProd":"Unknown","fhdComment":null,"fhdESH":"NA","fhdBasisD":null,"fhdNMF":"no","fhdBasisDt":null,"fhdBasisNm":null,"fhdBasisEnt":null,"fhdBasisPrj":null,"fhdBasisMethod":null,"fhdAccess":null,"fhdBarrierFtrID":null,"fhdEndExtent":null,"Shape__Area":2397590.807928095,"Shape__Length":9888.023355413172,"habitatType":"lake"},"id":241},
{"type":"Feature","geometry":{"type":"Polygon","coordinates":[[[-123.846589,43.595968],[-123.848255,43.59433],[-123.845956,43.591811],[-123.842273,43.590861],[-123.84047,43.586846],[-123.842316,43.585755],[-123.842264,43.582572],[-123.832653,43.580474],[-123.826717,43.58067],[-123.827217,43.583018],[-123.835116,43.583375],[-123.83915,43.584254],[-123.835854,43.586547],[-123.835678,43.592116],[-123.838893,43.593938],[-123.843518,43.593333],[-123.846589,43.595968]]]},"properties":{"OBJECTID":151,"fhdFtrID":151,"fhdRefID":53684,"fhdRevDt":"20190219","fhdONm":"Peter Robinson","fhdOEnt":"ODFW","fhdSpNm":"LMbass","fhdRun":"NA","fhdLifeHst":"Resident","fhdUseTy":"ResidentMultipleUses","fhdBasis":"UndocObsFish","fhdStNm":"Loon Lake","fhdGenus":"Micropterus","fhdSp":"salmoides","fhdSubSp":null,"fhdOrig":"NonNative","fhdProd":"Natural","fhdComment":null,"fhdESH":"NA","fhdBasisD":null,"fhdNMF":"no","fhdBasisDt":null,"fhdBasisNm":null,"fhdBasisEnt":null,"fhdBasisPrj":null,"fhdBasisMethod":null,"fhdAccess":null,"fhdBarrierFtrID":null,"fhdEndExtent":null,"Shape__Area":1993759.18652279,"Shape__Length":11683.135092555392,"habitatType":"lake"},"id":242},
{"type":"Feature","geometry":{"type":"Polygon","coordinates":[[[-123.937906,45.634509],[-123.939642,45.633208],[-123.935818,45.632682],[-123.937906,45.634509]]]},"properties":{"OBJECTID":152,"fhdFtrID":152,"fhdRefID":53684,"fhdRevDt":"20190219","fhdONm":"Peter Robinson","fhdOEnt":"ODFW","fhdSpNm":"LMbass","fhdRun":"NA","fhdLifeHst":"Resident","fhdUseTy":"ResidentMultipleUses","fhdBasis":"UndocObsFish","fhdStNm":"Crescent Lake","fhdGenus":"Micropterus","fhdSp":"salmoides","fhdSubSp":null,"fhdOrig":"NonNative","fhdProd":"Natural","fhdComment":null,"fhdESH":"NA","fhdBasisD":null,"fhdNMF":"no","fhdBasisDt":null,"fhdBasisNm":null,"fhdBasisEnt":null,"fhdBasisPrj":null,"fhdBasisMethod":null,"fhdAccess":null,"fhdBarrierFtrID":null,"fhdEndExtent":null,"Shape__Area":133560.7497762,"Shape__Length":2773.7679947188794,"habitatType":"lake"},"id":243},
{"type":"Feature","geometry":{"type":"Polygon","coordinates":[[[-124.148575,43.78743],[-124.149817,43.786911],[-124.146929,43.785141],[-124.146251,43.785592],[-124.148575,43.78743]]]},"properties":{"OBJECTID":153,"fhdFtrID":153,"fhdRefID":53684,"fhdRevDt":"20190219","fhdONm":"Peter Robinson","fhdOEnt":"ODFW","fhdSpNm":"LMbass","fhdRun":"NA","fhdLifeHst":"Resident","fhdUseTy":"ResidentMultipleUses","fhdBasis":"UndocObsFish","fhdStNm":"Elbow Lake","fhdGenus":"Micropterus","fhdSp":"salmoides","fhdSubSp":null,"fhdOrig":"NonNative","fhdProd":"Natural","fhdComment":null,"fhdESH":"NA","fhdBasisD":null,"fhdNMF":"no","fhdBasisDt":null,"fhdBasisNm":null,"fhdBasisEnt":null,"fhdBasisPrj":null,"fhdBasisMethod":null,"fhdAccess":null,"fhdBarrierFtrID":null,"fhdEndExtent":null,"Shape__Area":139728.889529005,"Shape__Length":2624.7958168290006,"habitatType":"lake"},"id":244},
{"type":"Feature","geometry":{"type":"Polygon","coordinates":[[[-124.089698,43.904298],[-124.093273,43.900788],[-124.091412,43.897045],[-124.092427,43.893439],[-124.091036,43.88873],[-124.092938,43.883165],[-124.097119,43.88419],[-124.095838,43.886006],[-124.098753,43.888854],[-124.09805,43.892461],[-124.09964,43.893442],[-124.108638,43.8936],[-124.11014,43.893082],[-124.10936,43.88592],[-124.113556,43.885177],[-124.113363,43.881418],[-124.110805,43.88092],[-124.111259,43.878477],[-124.108745,43.875789],[-124.109846,43.873537],[-124.112402,43.873278],[-124.113628,43.869337],[-124.108772,43.860801],[-124.105926,43.859498],[-124.106237,43.857096],[-124.100654,43.85656],[-124.09745,43.850804],[-124.098853,43.849914],[-124.092608,43.844494],[-124.0907,43.845875],[-124.091457,43.847715],[-124.094976,43.848801],[-124.093083,43.852545],[-124.096067,43.853965],[-124.098576,43.856835],[-124.097997,43.86092],[-124.095445,43.85924],[-124.094587,43.856984],[-124.089422,43.857013],[-124.088148,43.858753],[-124.0844,43.855807],[-124.078507,43.85755],[-124.073955,43.8578],[-124.072015,43.856341],[-124.073683,43.853959],[-124.070797,43.851091],[-124.062757,43.854418],[-124.063388,43.855636],[-124.069231,43.855271],[-124.069139,43.857028],[-124.07156,43.859837],[-124.07731,43.860868],[-124.0802,43.860017],[-124.082967,43.860887],[-124.08278,43.86427],[-124.08376,43.866301],[-124.082615,43.868249],[-124.075007,43.872257],[-124.075668,43.874299],[-124.070954,43.87656],[-124.06622,43.881418],[-124.065446,43.884118],[-124.064741,43.893981],[-124.059778,43.894749],[-124.058692,43.897197],[-124.056514,43.897894],[-124.055777,43.90196],[-124.061901,43.902517],[-124.059497,43.899233],[-124.060172,43.89691],[-124.065083,43.896236],[-124.068354,43.894343],[-124.069408,43.892262],[-124.072394,43.892538],[-124.077201,43.888003],[-124.081132,43.887399],[-124.086316,43.88866],[-124.085125,43.891701],[-124.08594,43.898067],[-124.085076,43.90141],[-124.087956,43.901671],[-124.089698,43.904298]],[[-124.108578,43.867884],[-124.103672,43.866218],[-124.101212,43.862279],[-124.104021,43.862392],[-124.105593,43.865617],[-124.108578,43.867884]]]},"properties":{"OBJECTID":154,"fhdFtrID":154,"fhdRefID":53718,"fhdRevDt":"20190509","fhdONm":"Kevin Stertz","fhdOEnt":"ODFW","fhdSpNm":"LMbass","fhdRun":"NA","fhdLifeHst":"Resident","fhdUseTy":"ResidentMultipleUses","fhdBasis":"DocObsFish","fhdStNm":"Siltcoos Lake","fhdGenus":"Micropterus","fhdSp":"salmoides","fhdSubSp":null,"fhdOrig":"NonNative","fhdProd":"Natural","fhdComment":null,"fhdESH":"NA","fhdBasisD":null,"fhdNMF":"no","fhdBasisDt":"20180000","fhdBasisNm":"Kevin Stertz","fhdBasisEnt":null,"fhdBasisPrj":null,"fhdBasisMethod":"Electrofisher","fhdAccess":null,"fhdBarrierFtrID":null,"fhdEndExtent":null,"Shape__Area":24193832.514073506,"Shape__Length":71550.49603910773,"habitatType":"lake"},"id":245},
{"type":"Feature","geometry":{"type":"Polygon","coordinates":[[[-124.15198,43.6234],[-124.157069,43.622475],[-124.156886,43.616813],[-124.160643,43.613659],[-124.161236,43.61034],[-124.164755,43.605208],[-124.16699,43.604131],[-124.171417,43.606238],[-124.168676,43.608004],[-124.171985,43.610617],[-124.171373,43.613532],[-124.176165,43.613987],[-124.174897,43.606761],[-124.176451,43.603233],[-124.17324,43.602474],[-124.170328,43.603125],[-124.167464,43.60174],[-124.162276,43.604477],[-124.162383,43.606195],[-124.158247,43.608902],[-124.158962,43.612587],[-124.156513,43.61543],[-124.155215,43.62144],[-124.15198,43.6234]]]},"properties":{"OBJECTID":155,"fhdFtrID":155,"fhdRefID":53684,"fhdRevDt":"20190219","fhdONm":"Peter Robinson","fhdOEnt":"ODFW","fhdSpNm":"LMbass","fhdRun":"NA","fhdLifeHst":"Resident","fhdUseTy":"ResidentMultipleUses","fhdBasis":"UndocObsFish","fhdStNm":"Eel Lake","fhdGenus":"Micropterus","fhdSp":"salmoides","fhdSubSp":null,"fhdOrig":"NonNative","fhdProd":"Natural","fhdComment":null,"fhdESH":"NA","fhdBasisD":null,"fhdNMF":"no","fhdBasisDt":null,"fhdBasisNm":null,"fhdBasisEnt":null,"fhdBasisPrj":null,"fhdBasisMethod":null,"fhdAccess":null,"fhdBarrierFtrID":null,"fhdEndExtent":null,"Shape__Area":2683196.66709386,"Shape__Length":25898.555311113836,"habitatType":"lake"},"id":246},
{"type":"Feature","geometry":{"type":"Polygon","coordinates":[[[-122.44365,42.479592],[-122.453856,42.47847],[-122.457304,42.470796],[-122.455791,42.468555],[-122.452521,42.472412],[-122.446921,42.46872],[-122.446953,42.472079],[-122.441759,42.466542],[-122.440607,42.468905],[-122.441673,42.472117],[-122.440316,42.472822],[-122.44365,42.479592]]]},"properties":{"OBJECTID":156,"fhdFtrID":156,"fhdRefID":53684,"fhdRevDt":"20190219","fhdONm":"Peter Robinson","fhdOEnt":"ODFW","fhdSpNm":"LMbass","fhdRun":"NA","fhdLifeHst":"Resident","fhdUseTy":"ResidentMultipleUses","fhdBasis":"UndocObsFish","fhdStNm":"Willow Lake","fhdGenus":"Micropterus","fhdSp":"salmoides","fhdSubSp":null,"fhdOrig":"NonNative","fhdProd":"Natural","fhdComment":null,"fhdESH":"NA","fhdBasisD":null,"fhdNMF":"no","fhdBasisDt":null,"fhdBasisNm":null,"fhdBasisEnt":null,"fhdBasisPrj":null,"fhdBasisMethod":null,"fhdAccess":null,"fhdBarrierFtrID":null,"fhdEndExtent":null,"Shape__Area":2321100.7733018,"Shape__Length":9904.143149544061,"habitatType":"lake"},"id":247},
{"type":"Feature","geometry":{"type":"Polygon","coordinates":[[[-124.188181,43.606768],[-124.190246,43.604666],[-124.188374,43.60401],[-124.188181,43.606768]]]},"properties":{"OBJECTID":157,"fhdFtrID":157,"fhdRefID":53684,"fhdRevDt":"20190219","fhdONm":"Peter Robinson","fhdOEnt":"ODFW","fhdSpNm":"LMbass","fhdRun":"NA","fhdLifeHst":"Resident","fhdUseTy":"ResidentMultipleUses","fhdBasis":"UndocObsFish","fhdStNm":"Hall Lake","fhdGenus":"Micropterus","fhdSp":"salmoides","fhdSubSp":null,"fhdOrig":"NonNative","fhdProd":"Natural","fhdComment":null,"fhdESH":"NA","fhdBasisD":null,"fhdNMF":"no","fhdBasisDt":null,"fhdBasisNm":null,"fhdBasisEnt":null,"fhdBasisPrj":null,"fhdBasisMethod":null,"fhdAccess":null,"fhdBarrierFtrID":null,"fhdEndExtent":null,"Shape__Area":91577.35831328,"Shape__Length":1394.683714804714,"habitatType":"lake"},"id":248},
{"type":"Feature","geometry":{"type":"Polygon","coordinates":[[[-124.217577,43.536261],[-124.220575,43.534527],[-124.219714,43.531709],[-124.22061,43.528728],[-124.217764,43.528902],[-124.216579,43.530507],[-124.219065,43.534552],[-124.217577,43.536261]]]},"properties":{"OBJECTID":158,"fhdFtrID":158,"fhdRefID":53684,"fhdRevDt":"20190219","fhdONm":"Peter Robinson","fhdOEnt":"ODFW","fhdSpNm":"LMbass","fhdRun":"NA","fhdLifeHst":"Resident","fhdUseTy":"ResidentMultipleUses","fhdBasis":"UndocObsFish","fhdStNm":"Saunders Lake","fhdGenus":"Micropterus","fhdSp":"salmoides","fhdSubSp":null,"fhdOrig":"NonNative","fhdProd":"Natural","fhdComment":null,"fhdESH":"NA","fhdBasisD":null,"fhdNMF":"no","fhdBasisDt":null,"fhdBasisNm":null,"fhdBasisEnt":null,"fhdBasisPrj":null,"fhdBasisMethod":null,"fhdAccess":null,"fhdBarrierFtrID":null,"fhdEndExtent":null,"Shape__Area":432543.91275857,"Shape__Length":10058.345048884401,"habitatType":"lake"},"id":249},
{"type":"Feature","geometry":{"type":"Polygon","coordinates":[[[-124.068956,44.064983],[-124.072727,44.065262],[-124.071283,44.062742],[-124.066697,44.059102],[-124.067715,44.052624],[-124.069925,44.052657],[-124.076133,44.05024],[-124.082362,44.052252],[-124.081293,44.048994],[-124.078334,44.048337],[-124.077688,44.046169],[-124.072609,44.045762],[-124.07259,44.048274],[-124.070658,44.049202],[-124.062892,44.0476],[-124.058729,44.05047],[-124.053425,44.056078],[-124.05654,44.057895],[-124.05937,44.052688],[-124.064487,44.050106],[-124.065108,44.055858],[-124.063553,44.057115],[-124.065431,44.061324],[-124.069705,44.063243],[-124.068956,44.064983]]]},"properties":{"OBJECTID":159,"fhdFtrID":159,"fhdRefID":53684,"fhdRevDt":"20190219","fhdONm":"Peter Robinson","fhdOEnt":"ODFW","fhdSpNm":"LMbass","fhdRun":"NA","fhdLifeHst":"Resident","fhdUseTy":"ResidentMultipleUses","fhdBasis":"UndocObsFish","fhdStNm":"Mercer Lake","fhdGenus":"Micropterus","fhdSp":"salmoides","fhdSubSp":null,"fhdOrig":"NonNative","fhdProd":"Natural","fhdComment":null,"fhdESH":"NA","fhdBasisD":null,"fhdNMF":"no","fhdBasisDt":null,"fhdBasisNm":null,"fhdBasisEnt":null,"fhdBasisPrj":null,"fhdBasisMethod":null,"fhdAccess":null,"fhdBarrierFtrID":null,"fhdEndExtent":null,"Shape__Area":2745219.17266368,"Shape__Length":20227.92438077049,"habitatType":"lake"},"id":250},
{"type":"Feature","geometry":{"type":"Polygon","coordinates":[[[-124.195157,43.660594],[-124.196112,43.659333],[-124.193507,43.658694],[-124.195157,43.660594]]]},"properties":{"OBJECTID":160,"fhdFtrID":160,"fhdRefID":53684,"fhdRevDt":"20190219","fhdONm":"Peter Robinson","fhdOEnt":"ODFW","fhdSpNm":"LMbass","fhdRun":"NA","fhdLifeHst":"Resident","fhdUseTy":"ResidentMultipleUses","fhdBasis":"UndocObsFish","fhdStNm":"Lake Marie","fhdGenus":"Micropterus","fhdSp":"salmoides","fhdSubSp":null,"fhdOrig":"NonNative","fhdProd":"Natural","fhdComment":null,"fhdESH":"NA","fhdBasisD":null,"fhdNMF":"no","fhdBasisDt":null,"fhdBasisNm":null,"fhdBasisEnt":null,"fhdBasisPrj":null,"fhdBasisMethod":null,"fhdAccess":null,"fhdBarrierFtrID":null,"fhdEndExtent":null,"Shape__Area":108701.48039553,"Shape__Length":1808.3263280198075,"habitatType":"lake"},"id":251},
{"type":"Feature","geometry":{"type":"Polygon","coordinates":[[[-124.086952,44.064664],[-124.092201,44.062278],[-124.091478,44.057923],[-124.094183,44.058847],[-124.099017,44.057985],[-124.098171,44.05491],[-124.095398,44.053874],[-124.093178,44.056673],[-124.088373,44.057052],[-124.088677,44.060493],[-124.086952,44.064664]]]},"properties":{"OBJECTID":161,"fhdFtrID":161,"fhdRefID":53684,"fhdRevDt":"20190219","fhdONm":"Peter Robinson","fhdOEnt":"ODFW","fhdSpNm":"LMbass","fhdRun":"NA","fhdLifeHst":"Resident","fhdUseTy":"ResidentMultipleUses","fhdBasis":"UndocObsFish","fhdStNm":"Sutton Lake","fhdGenus":"Micropterus","fhdSp":"salmoides","fhdSubSp":null,"fhdOrig":"NonNative","fhdProd":"Natural","fhdComment":null,"fhdESH":"NA","fhdBasisD":null,"fhdNMF":"no","fhdBasisDt":null,"fhdBasisNm":null,"fhdBasisEnt":null,"fhdBasisPrj":null,"fhdBasisMethod":null,"fhdAccess":null,"fhdBarrierFtrID":null,"fhdEndExtent":null,"Shape__Area":893763.39322878,"Shape__Length":7850.055638732848,"habitatType":"lake"},"id":252},
{"type":"Feature","geometry":{"type":"Polygon","coordinates":[[[-123.493547,44.246903],[-123.496521,44.244581],[-123.495214,44.242462],[-123.492463,44.241664],[-123.493547,44.246903]]]},"properties":{"OBJECTID":162,"fhdFtrID":162,"fhdRefID":53684,"fhdRevDt":"20190219","fhdONm":"Peter Robinson","fhdOEnt":"ODFW","fhdSpNm":"LMbass","fhdRun":"NA","fhdLifeHst":"Resident","fhdUseTy":"ResidentMultipleUses","fhdBasis":"UndocObsFish","fhdStNm":"Hult Log Storage Reservoir","fhdGenus":"Micropterus","fhdSp":"salmoides","fhdSubSp":null,"fhdOrig":"NonNative","fhdProd":"Natural","fhdComment":null,"fhdESH":"NA","fhdBasisD":null,"fhdNMF":"no","fhdBasisDt":null,"fhdBasisNm":null,"fhdBasisEnt":null,"fhdBasisPrj":null,"fhdBasisMethod":null,"fhdAccess":null,"fhdBarrierFtrID":null,"fhdEndExtent":null,"Shape__Area":325339.1859367,"Shape__Length":3500.376849962695,"habitatType":"lake"},"id":253},
{"type":"Feature","geometry":{"type":"Polygon","coordinates":[[[-123.357433,42.713165],[-123.357841,42.715195],[-123.358743,42.713396],[-123.357433,42.713165]]]},"properties":{"OBJECTID":163,"fhdFtrID":163,"fhdRefID":53684,"fhdRevDt":"20190219","fhdONm":"Peter Robinson","fhdOEnt":"ODFW","fhdSpNm":"LMbass","fhdRun":"NA","fhdLifeHst":"Resident","fhdUseTy":"ResidentMultipleUses","fhdBasis":"UndocObsFish","fhdStNm":"Strong Reservoir","fhdGenus":"Micropterus","fhdSp":"salmoides","fhdSubSp":null,"fhdOrig":"NonNative","fhdProd":"Natural","fhdComment":null,"fhdESH":"NA","fhdBasisD":null,"fhdNMF":"no","fhdBasisDt":null,"fhdBasisNm":null,"fhdBasisEnt":null,"fhdBasisPrj":null,"fhdBasisMethod":null,"fhdAccess":null,"fhdBarrierFtrID":null,"fhdEndExtent":null,"Shape__Area":30032.9849606,"Shape__Length":902.4638523592341,"habitatType":"lake"},"id":254},
{"type":"Feature","geometry":{"type":"Polygon","coordinates":[[[-123.113066,42.051184],[-123.114104,42.052867],[-123.112715,42.055535],[-123.116805,42.056584],[-123.117377,42.055026],[-123.123038,42.053471],[-123.1257,42.051774],[-123.13169,42.04993],[-123.130904,42.04822],[-123.130293,42.041844],[-123.135665,42.041901],[-123.135993,42.040775],[-123.144141,42.038351],[-123.146132,42.038691],[-123.149031,42.031563],[-123.147963,42.028745],[-123.152968,42.02419],[-123.157225,42.022203],[-123.162131,42.021088],[-123.160864,42.017262],[-123.157782,42.017744],[-123.153929,42.020775],[-123.148711,42.021962],[-123.147544,42.024287],[-123.142943,42.02822],[-123.143401,42.031507],[-123.141883,42.032373],[-123.144088,42.035658],[-123.138159,42.035602],[-123.135153,42.034939],[-123.131949,42.035646],[-123.127707,42.039766],[-123.125121,42.037211],[-123.116729,42.033609],[-123.112624,42.034757],[-123.110518,42.034317],[-123.108023,42.036202],[-123.112891,42.037134],[-123.117972,42.03676],[-123.123816,42.042815],[-123.126288,42.042488],[-123.123656,42.048156],[-123.118575,42.047909],[-123.117285,42.050342],[-123.115119,42.050543],[-123.112647,42.048492],[-123.112784,42.046753],[-123.105307,42.047445],[-123.11138,42.049511],[-123.113066,42.051184]]]},"properties":{"OBJECTID":164,"fhdFtrID":164,"fhdRefID":53684,"fhdRevDt":"20190219","fhdONm":"Peter Robinson","fhdOEnt":"ODFW","fhdSpNm":"LMbass","fhdRun":"NA","fhdLifeHst":"Resident","fhdUseTy":"ResidentMultipleUses","fhdBasis":"UndocObsFish","fhdStNm":"Applegate Reservoir","fhdGenus":"Micropterus","fhdSp":"salmoides","fhdSubSp":null,"fhdOrig":"NonNative","fhdProd":"Natural","fhdComment":null,"fhdESH":"NA","fhdBasisD":null,"fhdNMF":"no","fhdBasisDt":null,"fhdBasisNm":null,"fhdBasisEnt":null,"fhdBasisPrj":null,"fhdBasisMethod":null,"fhdAccess":null,"fhdBarrierFtrID":null,"fhdEndExtent":null,"Shape__Area":6971189.686030145,"Shape__Length":41929.872675770544,"habitatType":"lake"},"id":255},
{"type":"Feature","geometry":{"type":"Polygon","coordinates":[[[-123.28031,43.383449],[-123.282026,43.379158],[-123.278214,43.378654],[-123.268046,43.378511],[-123.262178,43.374668],[-123.258851,43.375606],[-123.263012,43.378063],[-123.26743,43.379815],[-123.272417,43.380084],[-123.277352,43.37954],[-123.280055,43.381187],[-123.28031,43.383449]]]},"properties":{"OBJECTID":165,"fhdFtrID":165,"fhdRefID":53684,"fhdRevDt":"20190219","fhdONm":"Peter Robinson","fhdOEnt":"ODFW","fhdSpNm":"LMbass","fhdRun":"NA","fhdLifeHst":"Resident","fhdUseTy":"ResidentMultipleUses","fhdBasis":"UndocObsFish","fhdStNm":"Cooper Creek Reservoir","fhdGenus":"Micropterus","fhdSp":"salmoides","fhdSubSp":null,"fhdOrig":"NonNative","fhdProd":"Natural","fhdComment":null,"fhdESH":"NA","fhdBasisD":null,"fhdNMF":"no","fhdBasisDt":null,"fhdBasisNm":null,"fhdBasisEnt":null,"fhdBasisPrj":null,"fhdBasisMethod":null,"fhdAccess":null,"fhdBarrierFtrID":null,"fhdEndExtent":null,"Shape__Area":1000669.25557759,"Shape__Length":12243.833388107852,"habitatType":"lake"},"id":256},
{"type":"Feature","geometry":{"type":"Polygon","coordinates":[[[-123.242146,43.396816],[-123.245477,43.397054],[-123.252318,43.395602],[-123.254495,43.393009],[-123.254209,43.389951],[-123.250795,43.387012],[-123.247975,43.38825],[-123.247737,43.391831],[-123.244287,43.393282],[-123.242146,43.396816]]]},"properties":{"OBJECTID":166,"fhdFtrID":166,"fhdRefID":53684,"fhdRevDt":"20190219","fhdONm":"Peter Robinson","fhdOEnt":"ODFW","fhdSpNm":"LMbass","fhdRun":"NA","fhdLifeHst":"Resident","fhdUseTy":"ResidentMultipleUses","fhdBasis":"UndocObsFish","fhdStNm":"Plat I Reservoir","fhdGenus":"Micropterus","fhdSp":"salmoides","fhdSubSp":null,"fhdOrig":"NonNative","fhdProd":"Natural","fhdComment":null,"fhdESH":"NA","fhdBasisD":null,"fhdNMF":"no","fhdBasisDt":null,"fhdBasisNm":null,"fhdBasisEnt":null,"fhdBasisPrj":null,"fhdBasisMethod":null,"fhdAccess":null,"fhdBarrierFtrID":null,"fhdEndExtent":null,"Shape__Area":1181553.87647294,"Shape__Length":5986.754224822508,"habitatType":"lake"},"id":257},
{"type":"Feature","geometry":{"type":"Polygon","coordinates":[[[-119.007227,43.584726],[-119.006766,43.585483],[-119.007717,43.58556],[-119.007227,43.584726]]]},"properties":{"OBJECTID":167,"fhdFtrID":167,"fhdRefID":53684,"fhdRevDt":"20190219","fhdONm":"Peter Robinson","fhdOEnt":"ODFW","fhdSpNm":"LMbass","fhdRun":"NA","fhdLifeHst":"Resident","fhdUseTy":"ResidentMultipleUses","fhdBasis":"UndocObsFish","fhdStNm":"Burns Pond","fhdGenus":"Micropterus","fhdSp":"salmoides","fhdSubSp":null,"fhdOrig":"NonNative","fhdProd":"Natural","fhdComment":null,"fhdESH":"NA","fhdBasisD":null,"fhdNMF":"no","fhdBasisDt":null,"fhdBasisNm":null,"fhdBasisEnt":null,"fhdBasisPrj":null,"fhdBasisMethod":null,"fhdAccess":null,"fhdBarrierFtrID":null,"fhdEndExtent":null,"Shape__Area":15384.888194735,"Shape__Length":485.99607919984373,"habitatType":"lake"},"id":258},
{"type":"Feature","geometry":{"type":"Polygon","coordinates":[[[-121.089174,42.964084],[-121.08968,42.960243],[-121.09375,42.957222],[-121.092269,42.955793],[-121.096847,42.953991],[-121.101101,42.956845],[-121.104109,42.956674],[-121.107853,42.953751],[-121.107202,42.950017],[-121.102807,42.946247],[-121.10507,42.944038],[-121.099197,42.94146],[-121.100258,42.93983],[-121.098085,42.937146],[-121.094339,42.93667],[-121.090546,42.932834],[-121.091979,42.931169],[-121.096138,42.929537],[-121.093917,42.927397],[-121.09096,42.928892],[-121.088326,42.927196],[-121.089201,42.92373],[-121.086982,42.922711],[-121.083561,42.916702],[-121.080602,42.91609],[-121.077922,42.913681],[-121.078982,42.908922],[-121.070803,42.909978],[-121.069002,42.914702],[-121.072237,42.91762],[-121.078291,42.918775],[-121.081852,42.920474],[-121.085689,42.924581],[-121.085459,42.926585],[-121.082779,42.930358],[-121.08338,42.932259],[-121.078897,42.933449],[-121.075983,42.930222],[-121.071825,42.932295],[-121.066184,42.933753],[-121.067294,42.936676],[-121.066001,42.944794],[-121.063642,42.947001],[-121.069422,42.946595],[-121.073169,42.949516],[-121.076451,42.951111],[-121.080661,42.956409],[-121.082511,42.956985],[-121.085842,42.960791],[-121.087831,42.96123],[-121.089174,42.964084]],[[-121.083664,42.949139],[-121.079457,42.948663],[-121.077837,42.946254],[-121.081304,42.945097],[-121.083941,42.947374],[-121.083664,42.949139]]]},"properties":{"OBJECTID":168,"fhdFtrID":168,"fhdRefID":53684,"fhdRevDt":"20190219","fhdONm":"Peter Robinson","fhdOEnt":"ODFW","fhdSpNm":"LMbass","fhdRun":"NA","fhdLifeHst":"Resident","fhdUseTy":"ResidentMultipleUses","fhdBasis":"UndocObsFish","fhdStNm":"Thompson Reservoir","fhdGenus":"Micropterus","fhdSp":"salmoides","fhdSubSp":null,"fhdOrig":"NonNative","fhdProd":"Natural","fhdComment":null,"fhdESH":"NA","fhdBasisD":null,"fhdNMF":"no","fhdBasisDt":null,"fhdBasisNm":null,"fhdBasisEnt":null,"fhdBasisPrj":null,"fhdBasisMethod":null,"fhdAccess":null,"fhdBarrierFtrID":null,"fhdEndExtent":null,"Shape__Area":16311488.983961824,"Shape__Length":58638.153750986814,"habitatType":"lake"},"id":259},
{"type":"Feature","geometry":{"type":"Polygon","coordinates":[[[-118.823746,43.045015],[-118.823267,43.042699],[-118.819001,43.038628],[-118.816667,43.036927],[-118.814198,43.035461],[-118.812066,43.034814],[-118.806912,43.031614],[-118.801555,43.029808],[-118.799169,43.028173],[-118.79605,43.028496],[-118.806508,43.031944],[-118.817946,43.037914],[-118.819607,43.040131],[-118.821029,43.040779],[-118.823746,43.045015]]]},"properties":{"OBJECTID":169,"fhdFtrID":169,"fhdRefID":53684,"fhdRevDt":"20190219","fhdONm":"Peter Robinson","fhdOEnt":"ODFW","fhdSpNm":"LMbass","fhdRun":"NA","fhdLifeHst":"Resident","fhdUseTy":"ResidentMultipleUses","fhdBasis":"UndocObsFish","fhdStNm":"Diamond Swamp","fhdGenus":"Micropterus","fhdSp":"salmoides","fhdSubSp":null,"fhdOrig":"NonNative","fhdProd":"Natural","fhdComment":null,"fhdESH":"NA","fhdBasisD":null,"fhdNMF":"no","fhdBasisDt":null,"fhdBasisNm":null,"fhdBasisEnt":null,"fhdBasisPrj":null,"fhdBasisMethod":null,"fhdAccess":null,"fhdBarrierFtrID":null,"fhdEndExtent":null,"Shape__Area":565839.67590844,"Shape__Length":13392.212230954501,"habitatType":"lake"},"id":260},
{"type":"Feature","geometry":{"type":"Polygon","coordinates":[[[-120.700357,42.077016],[-120.698093,42.07929],[-120.700312,42.084558],[-120.701054,42.089143],[-120.700129,42.09283],[-120.703506,42.091862],[-120.703413,42.087799],[-120.701978,42.085627],[-120.704013,42.082907],[-120.702763,42.081216],[-120.702671,42.077842],[-120.704196,42.076634],[-120.708774,42.07591],[-120.711453,42.07188],[-120.712607,42.067467],[-120.710112,42.067021],[-120.708909,42.068884],[-120.708911,42.072189],[-120.705535,42.0725],[-120.700357,42.077016]]]},"properties":{"OBJECTID":170,"fhdFtrID":170,"fhdRefID":53684,"fhdRevDt":"20190125","fhdONm":"Peter Robinson","fhdOEnt":"ODFW","fhdSpNm":"LMbass","fhdRun":"NA","fhdLifeHst":"Resident","fhdUseTy":"ResidentMultipleUses","fhdBasis":"UndocObsFish","fhdStNm":"Dog Lake Reservoir","fhdGenus":"Micropterus","fhdSp":"salmoides","fhdSubSp":null,"fhdOrig":"NonNative","fhdProd":"Natural","fhdComment":null,"fhdESH":"NA","fhdBasisD":null,"fhdNMF":"no","fhdBasisDt":null,"fhdBasisNm":null,"fhdBasisEnt":null,"fhdBasisPrj":null,"fhdBasisMethod":null,"fhdAccess":null,"fhdBarrierFtrID":null,"fhdEndExtent":null,"Shape__Area":1530876.210822425,"Shape__Length":10689.19454115802,"habitatType":"lake"},"id":261},
{"type":"Feature","geometry":{"type":"Polygon","coordinates":[[[-119.81818,42.33459],[-119.821862,42.331841],[-119.826534,42.329947],[-119.8228,42.328714],[-119.822799,42.324834],[-119.821342,42.322525],[-119.822118,42.319886],[-119.825348,42.317263],[-119.830087,42.318595],[-119.831188,42.316785],[-119.827439,42.312818],[-119.832723,42.30991],[-119.833049,42.312516],[-119.837551,42.31348],[-119.840218,42.309321],[-119.841526,42.309419],[-119.852322,42.303913],[-119.855149,42.298914],[-119.861582,42.294401],[-119.865578,42.292458],[-119.86534,42.290839],[-119.86185,42.287757],[-119.860921,42.281344],[-119.858947,42.279513],[-119.861473,42.277948],[-119.855479,42.274807],[-119.85361,42.276113],[-119.850629,42.269722],[-119.854753,42.266682],[-119.854075,42.264805],[-119.849211,42.262536],[-119.848284,42.26044],[-119.844511,42.256689],[-119.842856,42.253386],[-119.846424,42.25022],[-119.847465,42.254186],[-119.849819,42.258421],[-119.854337,42.2635],[-119.857524,42.265879],[-119.863408,42.268642],[-119.867294,42.269364],[-119.872797,42.268912],[-119.876613,42.267087],[-119.877025,42.261294],[-119.876254,42.255588],[-119.87431,42.253504],[-119.87462,42.249828],[-119.873535,42.246998],[-119.874616,42.242905],[-119.872521,42.237611],[-119.865985,42.23519],[-119.86595,42.230044],[-119.861375,42.231851],[-119.860661,42.234156],[-119.856765,42.237285],[-119.853154,42.236162],[-119.848562,42.236789],[-119.846562,42.238825],[-119.846107,42.241848],[-119.844344,42.24536],[-119.844729,42.247143],[-119.842758,42.249037],[-119.832887,42.251737],[-119.831787,42.254244],[-119.827778,42.256906],[-119.824256,42.26151],[-119.819633,42.265641],[-119.819441,42.267024],[-119.815932,42.270305],[-119.815659,42.272247],[-119.813125,42.274601],[-119.816295,42.27786],[-119.812993,42.28282],[-119.807163,42.282677],[-119.804747,42.28598],[-119.807082,42.287341],[-119.804295,42.292789],[-119.800888,42.295762],[-119.805492,42.297205],[-119.805137,42.300113],[-119.803459,42.302785],[-119.805026,42.304245],[-119.80425,42.306971],[-119.8051,42.309352],[-119.803525,42.312408],[-119.801625,42.318361],[-119.800168,42.320056],[-119.800966,42.325883],[-119.805158,42.328237],[-119.807472,42.330991],[-119.810511,42.332862],[-119.812989,42.332209],[-119.81818,42.33459]]]},"properties":{"OBJECTID":171,"fhdFtrID":171,"fhdRefID":53684,"fhdRevDt":"20190219","fhdONm":"Peter Robinson","fhdOEnt":"ODFW","fhdSpNm":"LMbass","fhdRun":"NA","fhdLifeHst":"Resident","fhdUseTy":"ResidentMultipleUses","fhdBasis":"UndocObsFish","fhdStNm":"Crump Lake","fhdGenus":"Micropterus","fhdSp":"salmoides","fhdSubSp":null,"fhdOrig":"NonNative","fhdProd":"Natural","fhdComment":null,"fhdESH":"NA","fhdBasisD":null,"fhdNMF":"no","fhdBasisDt":null,"fhdBasisNm":null,"fhdBasisEnt":null,"fhdBasisPrj":null,"fhdBasisMethod":null,"fhdAccess":null,"fhdBarrierFtrID":null,"fhdEndExtent":null,"Shape__Area":62696596.1854476,"Shape__Length":154287.79646352679,"habitatType":"lake"},"id":262},
{"type":"Feature","geometry":{"type":"Polygon","coordinates":[[[-119.427154,43.461876],[-119.429918,43.463989],[-119.436918,43.460818],[-119.441299,43.461022],[-119.438331,43.455129],[-119.435852,43.453747],[-119.432804,43.454153],[-119.431788,43.452121],[-119.43699,43.448951],[-119.437031,43.447162],[-119.432641,43.443423],[-119.428496,43.440822],[-119.430284,43.437083],[-119.428821,43.435782],[-119.425488,43.435755],[-119.425618,43.430013],[-119.424699,43.42605],[-119.420492,43.421018],[-119.415509,43.420238],[-119.416083,43.417018],[-119.414172,43.413649],[-119.412396,43.413813],[-119.405323,43.409005],[-119.404301,43.407699],[-119.398613,43.404998],[-119.397814,43.407527],[-119.401884,43.40896],[-119.41259,43.417154],[-119.41295,43.421719],[-119.415509,43.422855],[-119.418459,43.422527],[-119.42147,43.4251],[-119.422809,43.429396],[-119.421834,43.431413],[-119.423643,43.436929],[-119.427566,43.437714],[-119.425813,43.439684],[-119.425813,43.442448],[-119.428292,43.444399],[-119.42626,43.450902],[-119.427398,43.455698],[-119.427154,43.461876]]]},"properties":{"OBJECTID":172,"fhdFtrID":172,"fhdRefID":53684,"fhdRevDt":"20190219","fhdONm":"Peter Robinson","fhdOEnt":"ODFW","fhdSpNm":"LMbass","fhdRun":"NA","fhdLifeHst":"Resident","fhdUseTy":"ResidentMultipleUses","fhdBasis":"UndocObsFish","fhdStNm":"Moon Reservoir","fhdGenus":"Micropterus","fhdSp":"salmoides","fhdSubSp":null,"fhdOrig":"NonNative","fhdProd":"Natural","fhdComment":null,"fhdESH":"NA","fhdBasisD":null,"fhdNMF":"no","fhdBasisDt":null,"fhdBasisNm":null,"fhdBasisEnt":null,"fhdBasisPrj":null,"fhdBasisMethod":null,"fhdAccess":null,"fhdBarrierFtrID":null,"fhdEndExtent":null,"Shape__Area":5565661.639135725,"Shape__Length":26443.544620945755,"habitatType":"lake"},"id":263},
{"type":"Feature","geometry":{"type":"Polygon","coordinates":[[[-121.836257,43.64037],[-121.838683,43.637671],[-121.842596,43.639615],[-121.845557,43.638677],[-121.847785,43.634607],[-121.852828,43.627392],[-121.862311,43.621697],[-121.869651,43.619429],[-121.872138,43.613961],[-121.867186,43.609483],[-121.863913,43.605524],[-121.853773,43.601668],[-121.847823,43.597786],[-121.84841,43.595181],[-121.842315,43.596393],[-121.834197,43.597355],[-121.829986,43.599824],[-121.823821,43.606937],[-121.823431,43.611223],[-121.8263,43.614211],[-121.821339,43.618441],[-121.821578,43.623513],[-121.824057,43.623007],[-121.828093,43.624021],[-121.830344,43.626615],[-121.829184,43.630051],[-121.830275,43.635068],[-121.833846,43.636591],[-121.836257,43.64037]]]},"properties":{"OBJECTID":173,"fhdFtrID":173,"fhdRefID":53718,"fhdRevDt":"20190509","fhdONm":"Kevin Stertz","fhdOEnt":"ODFW","fhdSpNm":"LMbass","fhdRun":"NA","fhdLifeHst":"Resident","fhdUseTy":"ResidentMultipleUses","fhdBasis":"DocObsFish","fhdStNm":"Davis Lake","fhdGenus":"Micropterus","fhdSp":"salmoides","fhdSubSp":null,"fhdOrig":"NonNative","fhdProd":"Natural","fhdComment":null,"fhdESH":"NA","fhdBasisD":null,"fhdNMF":"no","fhdBasisDt":"20180000","fhdBasisNm":"Kevin Stertz","fhdBasisEnt":null,"fhdBasisPrj":null,"fhdBasisMethod":"Electrofisher","fhdAccess":null,"fhdBarrierFtrID":null,"fhdEndExtent":null,"Shape__Area":23279599.249117546,"Shape__Length":26320.786837558673,"habitatType":"lake"},"id":264},
{"type":"Feature","geometry":{"type":"Polygon","coordinates":[[[-120.086196,42.451283],[-120.089033,42.450152],[-120.08758,42.447305],[-120.084987,42.446823],[-120.082284,42.450307],[-120.086196,42.451283]]]},"properties":{"OBJECTID":174,"fhdFtrID":174,"fhdRefID":53684,"fhdRevDt":"20190219","fhdONm":"Peter Robinson","fhdOEnt":"ODFW","fhdSpNm":"LMbass","fhdRun":"NA","fhdLifeHst":"Resident","fhdUseTy":"ResidentMultipleUses","fhdBasis":"UndocObsFish","fhdStNm":"Luce Reservoir","fhdGenus":"Micropterus","fhdSp":"salmoides","fhdSubSp":null,"fhdOrig":"NonNative","fhdProd":"Natural","fhdComment":null,"fhdESH":"NA","fhdBasisD":null,"fhdNMF":"no","fhdBasisDt":null,"fhdBasisNm":null,"fhdBasisEnt":null,"fhdBasisPrj":null,"fhdBasisMethod":null,"fhdAccess":null,"fhdBarrierFtrID":null,"fhdEndExtent":null,"Shape__Area":371247.071610905,"Shape__Length":2311.065145313967,"habitatType":"lake"},"id":265},
{"type":"Feature","geometry":{"type":"Polygon","coordinates":[[[-120.269969,42.40015],[-120.271142,42.40065],[-120.272434,42.40048],[-120.271637,42.399669],[-120.269969,42.40015]]]},"properties":{"OBJECTID":175,"fhdFtrID":175,"fhdRefID":53684,"fhdRevDt":"20190219","fhdONm":"Peter Robinson","fhdOEnt":"ODFW","fhdSpNm":"LMbass","fhdRun":"NA","fhdLifeHst":"Resident","fhdUseTy":"ResidentMultipleUses","fhdBasis":"UndocObsFish","fhdStNm":"Wilson Lake","fhdGenus":"Micropterus","fhdSp":"salmoides","fhdSubSp":null,"fhdOrig":"NonNative","fhdProd":"Natural","fhdComment":null,"fhdESH":"NA","fhdBasisD":null,"fhdNMF":"no","fhdBasisDt":null,"fhdBasisNm":null,"fhdBasisEnt":null,"fhdBasisPrj":null,"fhdBasisMethod":null,"fhdAccess":null,"fhdBarrierFtrID":null,"fhdEndExtent":null,"Shape__Area":28412.250595125,"Shape__Length":699.8023556080739,"habitatType":"lake"},"id":266},
{"type":"Feature","geometry":{"type":"Polygon","coordinates":[[[-118.805276,42.9576],[-118.808168,42.960619],[-118.81218,42.959806],[-118.808997,42.954406],[-118.803782,42.949659],[-118.7983,42.946009],[-118.796917,42.947886],[-118.799046,42.950399],[-118.801966,42.955772],[-118.805276,42.9576]]]},"properties":{"OBJECTID":176,"fhdFtrID":176,"fhdRefID":53684,"fhdRevDt":"20190219","fhdONm":"Peter Robinson","fhdOEnt":"ODFW","fhdSpNm":"LMbass","fhdRun":"NA","fhdLifeHst":"Resident","fhdUseTy":"ResidentMultipleUses","fhdBasis":"UndocObsFish","fhdStNm":"Krumbo Reservoir","fhdGenus":"Micropterus","fhdSp":"salmoides","fhdSubSp":null,"fhdOrig":"NonNative","fhdProd":"Natural","fhdComment":null,"fhdESH":"NA","fhdBasisD":null,"fhdNMF":"no","fhdBasisDt":null,"fhdBasisNm":null,"fhdBasisEnt":null,"fhdBasisPrj":null,"fhdBasisMethod":null,"fhdAccess":null,"fhdBarrierFtrID":null,"fhdEndExtent":null,"Shape__Area":1655811.84992363,"Shape__Length":8605.195534621193,"habitatType":"lake"},"id":267},
{"type":"Feature","geometry":{"type":"Polygon","coordinates":[[[-124.509786,42.75672],[-124.514325,42.756192],[-124.512173,42.750398],[-124.509458,42.748696],[-124.508653,42.753624],[-124.504601,42.752209],[-124.5007,42.755263],[-124.507402,42.754757],[-124.509786,42.75672]]]},"properties":{"OBJECTID":177,"fhdFtrID":177,"fhdRefID":53718,"fhdRevDt":"20190220","fhdONm":"Kevin Stertz","fhdOEnt":"ODFW","fhdSpNm":"LMbass","fhdRun":"NA","fhdLifeHst":"Resident","fhdUseTy":"ResidentMultipleUses","fhdBasis":"DocObsFish","fhdStNm":"Garrison Lake","fhdGenus":"Micropterus","fhdSp":"salmoides","fhdSubSp":null,"fhdOrig":"NonNative","fhdProd":"Natural","fhdComment":null,"fhdESH":"NA","fhdBasisD":null,"fhdNMF":"no","fhdBasisDt":"20170000","fhdBasisNm":null,"fhdBasisEnt":null,"fhdBasisPrj":null,"fhdBasisMethod":"Electrofisher","fhdAccess":null,"fhdBarrierFtrID":null,"fhdEndExtent":null,"Shape__Area":982838.793867905,"Shape__Length":10342.918403594957,"habitatType":"lake"},"id":268},
{"type":"Feature","geometry":{"type":"Polygon","coordinates":[[[-121.110054,42.120642],[-121.108523,42.116007],[-121.104983,42.11361],[-121.106793,42.119213],[-121.110054,42.120642]]]},"properties":{"OBJECTID":178,"fhdFtrID":178,"fhdRefID":53580,"fhdRevDt":"20190220","fhdONm":"Jay Stevens","fhdOEnt":"BLM","fhdSpNm":"LMbass","fhdRun":"NA","fhdLifeHst":"Resident","fhdUseTy":"ResidentMultipleUses","fhdBasis":"UndocObsFish","fhdStNm":"Dog Hollow Reservoir","fhdGenus":"Micropterus","fhdSp":"salmoides","fhdSubSp":null,"fhdOrig":"NonNative","fhdProd":"Natural","fhdComment":null,"fhdESH":"NA","fhdBasisD":null,"fhdNMF":"no","fhdBasisDt":null,"fhdBasisNm":null,"fhdBasisEnt":null,"fhdBasisPrj":null,"fhdBasisMethod":null,"fhdAccess":null,"fhdBarrierFtrID":null,"fhdEndExtent":null,"Shape__Area":330333.701478285,"Shape__Length":3118.7826772820827,"habitatType":"lake"},"id":269},
{"type":"Feature","geometry":{"type":"Polygon","coordinates":[[[-119.822656,42.440499],[-119.830501,42.443098],[-119.836183,42.444194],[-119.847213,42.44531],[-119.859383,42.444774],[-119.862886,42.443571],[-119.863632,42.441765],[-119.863101,42.435429],[-119.865201,42.431198],[-119.862873,42.428429],[-119.865624,42.423978],[-119.865599,42.42152],[-119.863339,42.418926],[-119.864371,42.414262],[-119.866731,42.412248],[-119.86977,42.408016],[-119.874144,42.39921],[-119.876799,42.396518],[-119.880595,42.39019],[-119.883904,42.389033],[-119.885911,42.386751],[-119.884203,42.385483],[-119.884044,42.380738],[-119.886917,42.378007],[-119.885869,42.374961],[-119.866995,42.362282],[-119.866127,42.360093],[-119.8617,42.35525],[-119.860132,42.355032],[-119.855935,42.351089],[-119.848235,42.350691],[-119.84556,42.355334],[-119.844979,42.360963],[-119.839706,42.363538],[-119.840589,42.36876],[-119.84251,42.37501],[-119.844117,42.378236],[-119.848417,42.379414],[-119.850157,42.381164],[-119.854872,42.382539],[-119.858322,42.384414],[-119.862232,42.387584],[-119.860925,42.391496],[-119.851379,42.393919],[-119.850493,42.39709],[-119.851367,42.398939],[-119.848393,42.400827],[-119.844418,42.400806],[-119.844195,42.39904],[-119.838701,42.396978],[-119.837346,42.394757],[-119.834526,42.39383],[-119.829582,42.395477],[-119.827643,42.397304],[-119.828199,42.40059],[-119.83025,42.402697],[-119.829666,42.405923],[-119.825633,42.409462],[-119.825322,42.412397],[-119.823842,42.414757],[-119.82454,42.421828],[-119.822734,42.424972],[-119.822549,42.428111],[-119.824305,42.431468],[-119.823039,42.434146],[-119.822656,42.440499]]]},"properties":{"OBJECTID":179,"fhdFtrID":179,"fhdRefID":53580,"fhdRevDt":"20190318","fhdONm":"Jay Stevens","fhdOEnt":"BLM","fhdSpNm":"LMbass","fhdRun":"NA","fhdLifeHst":"Resident","fhdUseTy":"ResidentMultipleUses","fhdBasis":"UndocObsFish","fhdStNm":"Hart Lake","fhdGenus":"Micropterus","fhdSp":"salmoides","fhdSubSp":null,"fhdOrig":"NonNative","fhdProd":"Natural","fhdComment":null,"fhdESH":"NA","fhdBasisD":null,"fhdNMF":"no","fhdBasisDt":null,"fhdBasisNm":null,"fhdBasisEnt":null,"fhdBasisPrj":null,"fhdBasisMethod":null,"fhdAccess":null,"fhdBarrierFtrID":null,"fhdEndExtent":null,"Shape__Area":53506689.36506394,"Shape__Length":79711.9683811532,"habitatType":"lake"},"id":270},
{"type":"Feature","geometry":{"type":"Polygon","coordinates":[[[-121.957405,42.494732],[-121.956812,42.498435],[-121.957355,42.503505],[-121.951962,42.507935],[-121.953333,42.513062],[-121.952629,42.515758],[-121.950358,42.51539],[-121.946789,42.516862],[-121.944979,42.520243],[-121.941269,42.521199],[-121.93879,42.520134],[-121.936207,42.521759],[-121.931284,42.518732],[-121.925802,42.521748],[-121.927583,42.522953],[-121.929668,42.53007],[-121.928866,42.535367],[-121.931389,42.538381],[-121.932665,42.546104],[-121.93043,42.551347],[-121.930727,42.553422],[-121.929026,42.559065],[-121.930265,42.563632],[-121.92947,42.570252],[-121.929551,42.574797],[-121.934245,42.577004],[-121.936191,42.574265],[-121.934587,42.571312],[-121.936733,42.569325],[-121.940655,42.571833],[-121.940016,42.574123],[-121.941507,42.576519],[-121.945186,42.576972],[-121.942378,42.581418],[-121.950282,42.583163],[-121.957837,42.585682],[-121.965637,42.584895],[-121.97114,42.581732],[-121.975831,42.576186],[-121.978791,42.569153],[-121.979196,42.563905],[-121.974247,42.559762],[-121.972017,42.554405],[-121.973974,42.548471],[-121.97798,42.544484],[-121.997638,42.543943],[-122.003287,42.539862],[-122.005512,42.53299],[-122.004715,42.528999],[-122.005261,42.523702],[-122.00234,42.520879],[-122.001911,42.519204],[-122.005918,42.51117],[-122.004495,42.509259],[-122.00565,42.503956],[-122.004675,42.499981],[-122.004822,42.495693],[-122.000084,42.495473],[-121.957405,42.494732]],[[-121.977757,42.543968],[-121.977948,42.540938],[-121.97964,42.539537],[-121.979601,42.536573],[-121.983342,42.53605],[-121.98547,42.533798],[-121.988239,42.534538],[-121.987084,42.537564],[-121.985036,42.539162],[-121.988408,42.541373],[-121.99307,42.541651],[-121.997363,42.543125],[-121.977757,42.543968]]]},"properties":{"OBJECTID":180,"fhdFtrID":180,"fhdRefID":53580,"fhdRevDt":"20190318","fhdONm":"Jay Stevens","fhdOEnt":"BLM","fhdSpNm":"LMbass","fhdRun":"NA","fhdLifeHst":"Resident","fhdUseTy":"ResidentMultipleUses","fhdBasis":"UndocObsFish","fhdStNm":"Agency Lake","fhdGenus":"Micropterus","fhdSp":"salmoides","fhdSubSp":null,"fhdOrig":"NonNative","fhdProd":"Natural","fhdComment":null,"fhdESH":"NA","fhdBasisD":null,"fhdNMF":"no","fhdBasisDt":null,"fhdBasisNm":null,"fhdBasisEnt":null,"fhdBasisPrj":null,"fhdBasisMethod":null,"fhdAccess":null,"fhdBarrierFtrID":null,"fhdEndExtent":null,"Shape__Area":76958237.74600038,"Shape__Length":121735.12804735087,"habitatType":"lake"},"id":271},
{"type":"Feature","geometry":{"type":"Polygon","coordinates":[[[-122.666788,42.708026],[-122.670658,42.70659],[-122.671601,42.703182],[-122.667145,42.701504],[-122.664185,42.6977],[-122.666844,42.692652],[-122.671277,42.687799],[-122.668507,42.684728],[-122.665272,42.683459],[-122.664611,42.681395],[-122.667477,42.679674],[-122.674166,42.680373],[-122.675542,42.679225],[-122.674472,42.676497],[-122.674065,42.671201],[-122.676131,42.665351],[-122.671941,42.665021],[-122.670412,42.66628],[-122.660491,42.667064],[-122.652424,42.66485],[-122.647434,42.665572],[-122.644902,42.670524],[-122.640029,42.675856],[-122.638073,42.679444],[-122.635329,42.679772],[-122.624424,42.679431],[-122.621303,42.685271],[-122.620859,42.688067],[-122.615741,42.68896],[-122.610709,42.690984],[-122.600469,42.692624],[-122.597081,42.69477],[-122.595371,42.699641],[-122.590609,42.701334],[-122.584656,42.702298],[-122.57969,42.701122],[-122.575675,42.701924],[-122.573365,42.703798],[-122.57109,42.709519],[-122.573706,42.70888],[-122.575731,42.704171],[-122.579745,42.702833],[-122.586264,42.70463],[-122.590006,42.703436],[-122.5977,42.70194],[-122.600133,42.700115],[-122.599708,42.696957],[-122.603167,42.695217],[-122.607602,42.696435],[-122.613248,42.694068],[-122.616357,42.694083],[-122.617792,42.691921],[-122.620958,42.694418],[-122.623679,42.690308],[-122.62721,42.690229],[-122.628206,42.688545],[-122.635415,42.690463],[-122.635112,42.692765],[-122.640065,42.693053],[-122.642232,42.69473],[-122.642716,42.697785],[-122.646547,42.695295],[-122.652627,42.697638],[-122.653715,42.695175],[-122.658073,42.697292],[-122.659094,42.700579],[-122.65785,42.703339],[-122.658642,42.704904],[-122.664042,42.702293],[-122.667928,42.70528],[-122.666788,42.708026]]]},"properties":{"OBJECTID":181,"fhdFtrID":181,"fhdRefID":53580,"fhdRevDt":"20190318","fhdONm":"Jay Stevens","fhdOEnt":"BLM","fhdSpNm":"LMbass","fhdRun":"NA","fhdLifeHst":"Resident","fhdUseTy":"ResidentMultipleUses","fhdBasis":"UndocObsFish","fhdStNm":"Lost Creek Reservoir","fhdGenus":"Micropterus","fhdSp":"salmoides","fhdSubSp":null,"fhdOrig":"NonNative","fhdProd":"Natural","fhdComment":null,"fhdESH":"NA","fhdBasisD":null,"fhdNMF":"no","fhdBasisDt":null,"fhdBasisNm":null,"fhdBasisEnt":null,"fhdBasisPrj":null,"fhdBasisMethod":null,"fhdAccess":null,"fhdBarrierFtrID":null,"fhdEndExtent":null,"Shape__Area":23643144.7476151,"Shape__Length":63862.79459044005,"habitatType":"lake"},"id":272},
{"type":"Feature","geometry":{"type":"Polygon","coordinates":[[[-122.613447,42.16897],[-122.613181,42.167905],[-122.611402,42.167016],[-122.611196,42.16784],[-122.613447,42.16897]]]},"properties":{"OBJECTID":182,"fhdFtrID":182,"fhdRefID":53580,"fhdRevDt":"20190318","fhdONm":"Jay Stevens","fhdOEnt":"BLM","fhdSpNm":"LMbass","fhdRun":"NA","fhdLifeHst":"Resident","fhdUseTy":"ResidentMultipleUses","fhdBasis":"UndocObsFish","fhdStNm":"Bounds Reservoir","fhdGenus":"Micropterus","fhdSp":"salmoides","fhdSubSp":null,"fhdOrig":"NonNative","fhdProd":"Natural","fhdComment":null,"fhdESH":"NA","fhdBasisD":null,"fhdNMF":"no","fhdBasisDt":null,"fhdBasisNm":null,"fhdBasisEnt":null,"fhdBasisPrj":null,"fhdBasisMethod":null,"fhdAccess":null,"fhdBarrierFtrID":null,"fhdEndExtent":null,"Shape__Area":75353.01987734,"Shape__Length":1416.0761871803622,"habitatType":"lake"},"id":273},
{"type":"Feature","geometry":{"type":"Polygon","coordinates":[[[-122.608434,42.165722],[-122.608574,42.166161],[-122.609438,42.166078],[-122.609172,42.165722],[-122.608434,42.165722]]]},"properties":{"OBJECTID":183,"fhdFtrID":183,"fhdRefID":53580,"fhdRevDt":"20190318","fhdONm":"Jay Stevens","fhdOEnt":"BLM","fhdSpNm":"LMbass","fhdRun":"NA","fhdLifeHst":"Resident","fhdUseTy":"ResidentMultipleUses","fhdBasis":"UndocObsFish","fhdStNm":null,"fhdGenus":"Micropterus","fhdSp":"salmoides","fhdSubSp":null,"fhdOrig":"NonNative","fhdProd":"Natural","fhdComment":null,"fhdESH":"NA","fhdBasisD":null,"fhdNMF":"no","fhdBasisDt":null,"fhdBasisNm":null,"fhdBasisEnt":null,"fhdBasisPrj":null,"fhdBasisMethod":null,"fhdAccess":null,"fhdBarrierFtrID":null,"fhdEndExtent":null,"Shape__Area":8136.895328265,"Shape__Length":350.0057324895225,"habitatType":"lake"},"id":274},
{"type":"Feature","geometry":{"type":"Polygon","coordinates":[[[-122.605405,42.16171],[-122.609611,42.160747],[-122.613366,42.159],[-122.617417,42.159245],[-122.61441,42.154788],[-122.616916,42.151883],[-122.62034,42.152046],[-122.621113,42.150289],[-122.619678,42.145996],[-122.620863,42.143212],[-122.624228,42.144034],[-122.619374,42.136019],[-122.615872,42.137559],[-122.613857,42.137105],[-122.612814,42.133471],[-122.609694,42.133521],[-122.608619,42.136146],[-122.613116,42.141118],[-122.613067,42.14551],[-122.611416,42.146878],[-122.611943,42.150858],[-122.609791,42.154027],[-122.603305,42.154705],[-122.597096,42.147455],[-122.597604,42.145967],[-122.595065,42.142607],[-122.588682,42.139342],[-122.581266,42.141304],[-122.58993,42.142795],[-122.595009,42.14992],[-122.597379,42.151825],[-122.598066,42.154438],[-122.603913,42.158405],[-122.605405,42.16171]]]},"properties":{"OBJECTID":184,"fhdFtrID":184,"fhdRefID":53580,"fhdRevDt":"20190318","fhdONm":"Jay Stevens","fhdOEnt":"BLM","fhdSpNm":"LMbass","fhdRun":"NA","fhdLifeHst":"Resident","fhdUseTy":"ResidentMultipleUses","fhdBasis":"UndocObsFish","fhdStNm":"Emigrant Lake","fhdGenus":"Micropterus","fhdSp":"salmoides","fhdSubSp":null,"fhdOrig":"NonNative","fhdProd":"Natural","fhdComment":null,"fhdESH":"NA","fhdBasisD":null,"fhdNMF":"no","fhdBasisDt":null,"fhdBasisNm":null,"fhdBasisEnt":null,"fhdBasisPrj":null,"fhdBasisMethod":null,"fhdAccess":null,"fhdBarrierFtrID":null,"fhdEndExtent":null,"Shape__Area":5746351.01259549,"Shape__Length":28754.584222983765,"habitatType":"lake"},"id":275},
{"type":"Feature","geometry":{"type":"Polygon","coordinates":[[[-122.450636,45.524598],[-122.451544,45.525967],[-122.452657,45.526516],[-122.452531,45.524003],[-122.450636,45.524598]]]},"properties":{"OBJECTID":185,"fhdFtrID":185,"fhdRefID":53684,"fhdRevDt":"20190211","fhdONm":"Peter Robinson","fhdOEnt":"ODFW","fhdSpNm":"LMbass","fhdRun":"NA","fhdLifeHst":"Resident","fhdUseTy":"ResidentMultipleUses","fhdBasis":"UndocObsFish","fhdStNm":"Salish Ponds","fhdGenus":"Micropterus","fhdSp":"salmoides","fhdSubSp":null,"fhdOrig":"NonNative","fhdProd":"Natural","fhdComment":null,"fhdESH":"NA","fhdBasisD":null,"fhdNMF":"no","fhdBasisDt":null,"fhdBasisNm":null,"fhdBasisEnt":null,"fhdBasisPrj":null,"fhdBasisMethod":null,"fhdAccess":null,"fhdBarrierFtrID":null,"fhdEndExtent":null,"Shape__Area":72914.97399656,"Shape__Length":1511.7890290414605,"habitatType":"lake"},"id":276},
{"type":"Feature","geometry":{"type":"Polygon","coordinates":[[[-122.444409,45.529679],[-122.448375,45.529611],[-122.447509,45.528192],[-122.444409,45.529679]]]},"properties":{"OBJECTID":186,"fhdFtrID":186,"fhdRefID":53684,"fhdRevDt":"20190211","fhdONm":"Peter Robinson","fhdOEnt":"ODFW","fhdSpNm":"LMbass","fhdRun":"NA","fhdLifeHst":"Resident","fhdUseTy":"ResidentMultipleUses","fhdBasis":"UndocObsFish","fhdStNm":"Salish Ponds","fhdGenus":"Micropterus","fhdSp":"salmoides","fhdSubSp":null,"fhdOrig":"NonNative","fhdProd":"Natural","fhdComment":null,"fhdESH":"NA","fhdBasisD":null,"fhdNMF":"no","fhdBasisDt":null,"fhdBasisNm":null,"fhdBasisEnt":null,"fhdBasisPrj":null,"fhdBasisMethod":null,"fhdAccess":null,"fhdBarrierFtrID":null,"fhdEndExtent":null,"Shape__Area":93449.61584237,"Shape__Length":1432.6381873421785,"habitatType":"lake"},"id":277},
{"type":"Feature","geometry":{"type":"Polygon","coordinates":[[[-122.449078,45.528154],[-122.448769,45.529544],[-122.450133,45.529739],[-122.450289,45.528328],[-122.449078,45.528154]]]},"properties":{"OBJECTID":187,"fhdFtrID":187,"fhdRefID":53684,"fhdRevDt":"20190211","fhdONm":"Peter Robinson","fhdOEnt":"ODFW","fhdSpNm":"LMbass","fhdRun":"NA","fhdLifeHst":"Resident","fhdUseTy":"ResidentMultipleUses","fhdBasis":"UndocObsFish","fhdStNm":"Salish Ponds","fhdGenus":"Micropterus","fhdSp":"salmoides","fhdSubSp":null,"fhdOrig":"NonNative","fhdProd":"Natural","fhdComment":null,"fhdESH":"NA","fhdBasisD":null,"fhdNMF":"no","fhdBasisDt":null,"fhdBasisNm":null,"fhdBasisEnt":null,"fhdBasisPrj":null,"fhdBasisMethod":null,"fhdAccess":null,"fhdBarrierFtrID":null,"fhdEndExtent":null,"Shape__Area":46117.276722735,"Shape__Length":801.8159881176798,"habitatType":"lake"},"id":278},
{"type":"Feature","geometry":{"type":"Polygon","coordinates":[[[-118.301208,43.942377],[-118.301919,43.937832],[-118.300274,43.933808],[-118.30113,43.930818],[-118.300155,43.928371],[-118.297324,43.927638],[-118.296494,43.930159],[-118.297147,43.932718],[-118.300121,43.937114],[-118.301208,43.942377]]]},"properties":{"OBJECTID":188,"fhdFtrID":188,"fhdRefID":53713,"fhdRevDt":"20190318","fhdONm":"Matthew Neilson","fhdOEnt":"USGS","fhdSpNm":"LMbass","fhdRun":"NA","fhdLifeHst":"Resident","fhdUseTy":"ResidentMultipleUses","fhdBasis":"UndocObsFish","fhdStNm":"Cottonwood Creek Reservoir","fhdGenus":"Micropterus","fhdSp":"salmoides","fhdSubSp":null,"fhdOrig":"NonNative","fhdProd":"Natural","fhdComment":null,"fhdESH":"NA","fhdBasisD":null,"fhdNMF":"no","fhdBasisDt":"20130000","fhdBasisNm":null,"fhdBasisEnt":null,"fhdBasisPrj":null,"fhdBasisMethod":null,"fhdAccess":null,"fhdBarrierFtrID":null,"fhdEndExtent":null,"Shape__Area":613685.047840535,"Shape__Length":6852.880887395786,"habitatType":"lake"},"id":279},
{"type":"Feature","geometry":{"type":"Polygon","coordinates":[[[-122.687356,45.604058],[-122.690542,45.603308],[-122.691698,45.601406],[-122.689628,45.599289],[-122.685078,45.600478],[-122.685033,45.602916],[-122.687356,45.604058]]]},"properties":{"OBJECTID":189,"fhdFtrID":189,"fhdRefID":53684,"fhdRevDt":"20190219","fhdONm":"Peter Robinson","fhdOEnt":"ODFW","fhdSpNm":"LMbass","fhdRun":"NA","fhdLifeHst":"Resident","fhdUseTy":"ResidentMultipleUses","fhdBasis":"UndocObsFish","fhdStNm":"Delta Park Ponds","fhdGenus":"Micropterus","fhdSp":"salmoides","fhdSubSp":null,"fhdOrig":"NonNative","fhdProd":"Natural","fhdComment":null,"fhdESH":"NA","fhdBasisD":null,"fhdNMF":"no","fhdBasisDt":null,"fhdBasisNm":null,"fhdBasisEnt":null,"fhdBasisPrj":null,"fhdBasisMethod":null,"fhdAccess":null,"fhdBarrierFtrID":null,"fhdEndExtent":null,"Shape__Area":454192.30812559,"Shape__Length":2632.851057344057,"habitatType":"lake"},"id":280},
{"type":"Feature","geometry":{"type":"Polygon","coordinates":[[[-122.696126,45.600692],[-122.695094,45.599785],[-122.693777,45.599434],[-122.692708,45.599539],[-122.692056,45.599189],[-122.691216,45.597939],[-122.690678,45.597928],[-122.691906,45.599462],[-122.693025,45.599905],[-122.693975,45.599796],[-122.695134,45.600114],[-122.696126,45.600692]]]},"properties":{"OBJECTID":190,"fhdFtrID":190,"fhdRefID":53684,"fhdRevDt":"20190219","fhdONm":"Peter Robinson","fhdOEnt":"ODFW","fhdSpNm":"LMbass","fhdRun":"NA","fhdLifeHst":"Resident","fhdUseTy":"ResidentMultipleUses","fhdBasis":"UndocObsFish","fhdStNm":"Delta Park Ponds ","fhdGenus":"Micropterus","fhdSp":"salmoides","fhdSubSp":null,"fhdOrig":"NonNative","fhdProd":"Natural","fhdComment":null,"fhdESH":"NA","fhdBasisD":null,"fhdNMF":"no","fhdBasisDt":null,"fhdBasisNm":null,"fhdBasisEnt":null,"fhdBasisPrj":null,"fhdBasisMethod":null,"fhdAccess":null,"fhdBarrierFtrID":null,"fhdEndExtent":null,"Shape__Area":54547.839766145,"Shape__Length":2436.365934246746,"habitatType":"lake"},"id":281},
{"type":"Feature","geometry":{"type":"Polygon","coordinates":[[[-122.695636,45.599274],[-122.693466,45.597922],[-122.691737,45.596418],[-122.69083,45.59631],[-122.693738,45.598623],[-122.695636,45.599274]]]},"properties":{"OBJECTID":191,"fhdFtrID":191,"fhdRefID":53684,"fhdRevDt":"20190219","fhdONm":"Peter Robinson","fhdOEnt":"ODFW","fhdSpNm":"LMbass","fhdRun":"NA","fhdLifeHst":"Resident","fhdUseTy":"ResidentMultipleUses","fhdBasis":"UndocObsFish","fhdStNm":"Delta Park Ponds ","fhdGenus":"Micropterus","fhdSp":"salmoides","fhdSubSp":null,"fhdOrig":"NonNative","fhdProd":"Natural","fhdComment":null,"fhdESH":"NA","fhdBasisD":null,"fhdNMF":"no","fhdBasisDt":null,"fhdBasisNm":null,"fhdBasisEnt":null,"fhdBasisPrj":null,"fhdBasisMethod":null,"fhdAccess":null,"fhdBarrierFtrID":null,"fhdEndExtent":null,"Shape__Area":74126.280405435,"Shape__Length":2629.8460608921805,"habitatType":"lake"},"id":282},
{"type":"Feature","geometry":{"type":"Polygon","coordinates":[[[-122.682097,45.600551],[-122.682263,45.600413],[-122.682101,45.600259],[-122.682199,45.60011],[-122.682081,45.599782],[-122.681996,45.600218],[-122.682177,45.600458],[-122.682097,45.600551]]]},"properties":{"OBJECTID":192,"fhdFtrID":192,"fhdRefID":53684,"fhdRevDt":"20190219","fhdONm":"Peter Robinson","fhdOEnt":"ODFW","fhdSpNm":"LMbass","fhdRun":"NA","fhdLifeHst":"Resident","fhdUseTy":"ResidentMultipleUses","fhdBasis":"UndocObsFish","fhdStNm":"Delta Park Ponds ","fhdGenus":"Micropterus","fhdSp":"salmoides","fhdSubSp":null,"fhdOrig":"NonNative","fhdProd":"Natural","fhdComment":null,"fhdESH":"NA","fhdBasisD":null,"fhdNMF":"no","fhdBasisDt":null,"fhdBasisNm":null,"fhdBasisEnt":null,"fhdBasisPrj":null,"fhdBasisMethod":null,"fhdAccess":null,"fhdBarrierFtrID":null,"fhdEndExtent":null,"Shape__Area":2732.761363335,"Shape__Length":496.0500049420633,"habitatType":"lake"},"id":283},
{"type":"Feature","geometry":{"type":"Polygon","coordinates":[[[-122.935087,45.114419],[-122.936723,45.113398],[-122.934243,45.112976],[-122.935087,45.114419]]]},"properties":{"OBJECTID":193,"fhdFtrID":193,"fhdRefID":53684,"fhdRevDt":"20190219","fhdONm":"Peter Robinson","fhdOEnt":"ODFW","fhdSpNm":"LMbass","fhdRun":"NA","fhdLifeHst":"Resident","fhdUseTy":"ResidentMultipleUses","fhdBasis":"UndocObsFish","fhdStNm":"St. Louis Ponds","fhdGenus":"Micropterus","fhdSp":"salmoides","fhdSubSp":null,"fhdOrig":"NonNative","fhdProd":"Natural","fhdComment":null,"fhdESH":"NA","fhdBasisD":null,"fhdNMF":"no","fhdBasisDt":null,"fhdBasisNm":null,"fhdBasisEnt":null,"fhdBasisPrj":null,"fhdBasisMethod":null,"fhdAccess":null,"fhdBarrierFtrID":null,"fhdEndExtent":null,"Shape__Area":60810.708173765,"Shape__Length":2474.891465697579,"habitatType":"lake"},"id":284},
{"type":"Feature","geometry":{"type":"Polygon","coordinates":[[[-122.929972,45.11533],[-122.931375,45.115428],[-122.932282,45.114677],[-122.930732,45.114507],[-122.929972,45.11533]]]},"properties":{"OBJECTID":194,"fhdFtrID":194,"fhdRefID":53684,"fhdRevDt":"20190219","fhdONm":"Peter Robinson","fhdOEnt":"ODFW","fhdSpNm":"LMbass","fhdRun":"NA","fhdLifeHst":"Resident","fhdUseTy":"ResidentMultipleUses","fhdBasis":"UndocObsFish","fhdStNm":"St. Louis Ponds","fhdGenus":"Micropterus","fhdSp":"salmoides","fhdSubSp":null,"fhdOrig":"NonNative","fhdProd":"Natural","fhdComment":null,"fhdESH":"NA","fhdBasisD":null,"fhdNMF":"no","fhdBasisDt":null,"fhdBasisNm":null,"fhdBasisEnt":null,"fhdBasisPrj":null,"fhdBasisMethod":null,"fhdAccess":null,"fhdBarrierFtrID":null,"fhdEndExtent":null,"Shape__Area":38138.000854575,"Shape__Length":2062.1122037876553,"habitatType":"lake"},"id":285},
{"type":"Feature","geometry":{"type":"Polygon","coordinates":[[[-122.929384,45.109585],[-122.928121,45.10931],[-122.926997,45.11038],[-122.928593,45.110484],[-122.929384,45.109585]]]},"properties":{"OBJECTID":195,"fhdFtrID":195,"fhdRefID":53684,"fhdRevDt":"20190219","fhdONm":"Peter Robinson","fhdOEnt":"ODFW","fhdSpNm":"LMbass","fhdRun":"NA","fhdLifeHst":"Resident","fhdUseTy":"ResidentMultipleUses","fhdBasis":"UndocObsFish","fhdStNm":"St. Louis Ponds","fhdGenus":"Micropterus","fhdSp":"salmoides","fhdSubSp":null,"fhdOrig":"NonNative","fhdProd":"Natural","fhdComment":null,"fhdESH":"NA","fhdBasisD":null,"fhdNMF":"no","fhdBasisDt":null,"fhdBasisNm":null,"fhdBasisEnt":null,"fhdBasisPrj":null,"fhdBasisMethod":null,"fhdAccess":null,"fhdBarrierFtrID":null,"fhdEndExtent":null,"Shape__Area":73331.64783679,"Shape__Length":2990.852531977683,"habitatType":"lake"},"id":286},
{"type":"Feature","geometry":{"type":"Polygon","coordinates":[[[-122.927702,45.114205],[-122.929352,45.114353],[-122.929569,45.113722],[-122.927981,45.113459],[-122.92833,45.11246],[-122.927818,45.112657],[-122.927725,45.113579],[-122.929267,45.113826],[-122.929205,45.114128],[-122.927717,45.114013],[-122.927702,45.114205]]]},"properties":{"OBJECTID":196,"fhdFtrID":196,"fhdRefID":53684,"fhdRevDt":"20190219","fhdONm":"Peter Robinson","fhdOEnt":"ODFW","fhdSpNm":"LMbass","fhdRun":"NA","fhdLifeHst":"Resident","fhdUseTy":"ResidentMultipleUses","fhdBasis":"UndocObsFish","fhdStNm":"St. Louis Ponds","fhdGenus":"Micropterus","fhdSp":"salmoides","fhdSubSp":null,"fhdOrig":"NonNative","fhdProd":"Natural","fhdComment":null,"fhdESH":"NA","fhdBasisD":null,"fhdNMF":"no","fhdBasisDt":null,"fhdBasisNm":null,"fhdBasisEnt":null,"fhdBasisPrj":null,"fhdBasisMethod":null,"fhdAccess":null,"fhdBarrierFtrID":null,"fhdEndExtent":null,"Shape__Area":31641.299672535,"Shape__Length":2086.626714213839,"habitatType":"lake"},"id":287},
{"type":"Feature","geometry":{"type":"Polygon","coordinates":[[[-122.928871,45.116016],[-122.929329,45.114661],[-122.927934,45.114578],[-122.927655,45.115269],[-122.928871,45.116016]]]},"properties":{"OBJECTID":197,"fhdFtrID":197,"fhdRefID":53684,"fhdRevDt":"20190219","fhdONm":"Peter Robinson","fhdOEnt":"ODFW","fhdSpNm":"LMbass","fhdRun":"NA","fhdLifeHst":"Resident","fhdUseTy":"ResidentMultipleUses","fhdBasis":"UndocObsFish","fhdStNm":"St. Louis Ponds","fhdGenus":"Micropterus","fhdSp":"salmoides","fhdSubSp":null,"fhdOrig":"NonNative","fhdProd":"Natural","fhdComment":null,"fhdESH":"NA","fhdBasisD":null,"fhdNMF":"no","fhdBasisDt":null,"fhdBasisNm":null,"fhdBasisEnt":null,"fhdBasisPrj":null,"fhdBasisMethod":null,"fhdAccess":null,"fhdBarrierFtrID":null,"fhdEndExtent":null,"Shape__Area":60624.10886951,"Shape__Length":3110.8244700458577,"habitatType":"lake"},"id":288},
{"type":"Feature","geometry":{"type":"Polygon","coordinates":[[[-122.930329,45.112592],[-122.930585,45.112268],[-122.927276,45.111856],[-122.927524,45.111198],[-122.928492,45.111225],[-122.928237,45.11066],[-122.927028,45.110622],[-122.926989,45.112125],[-122.92857,45.112235],[-122.930329,45.112592]]]},"properties":{"OBJECTID":198,"fhdFtrID":198,"fhdRefID":53684,"fhdRevDt":"20190219","fhdONm":"Peter Robinson","fhdOEnt":"ODFW","fhdSpNm":"LMbass","fhdRun":"NA","fhdLifeHst":"Resident","fhdUseTy":"ResidentMultipleUses","fhdBasis":"UndocObsFish","fhdStNm":"St. Louis Ponds","fhdGenus":"Micropterus","fhdSp":"salmoides","fhdSubSp":null,"fhdOrig":"NonNative","fhdProd":"Natural","fhdComment":null,"fhdESH":"NA","fhdBasisD":null,"fhdNMF":"no","fhdBasisDt":null,"fhdBasisNm":null,"fhdBasisEnt":null,"fhdBasisPrj":null,"fhdBasisMethod":null,"fhdAccess":null,"fhdBarrierFtrID":null,"fhdEndExtent":null,"Shape__Area":53966.68542063,"Shape__Length":2372.88741990527,"habitatType":"lake"},"id":289},
{"type":"Feature","geometry":{"type":"Polygon","coordinates":[[[-119.032362,46.189711],[-119.036085,46.186723],[-119.026055,46.180042],[-119.018661,46.17412],[-119.014584,46.168744],[-119.0228,46.172027],[-119.027805,46.171469],[-119.018579,46.168208],[-119.013205,46.165754],[-119.014683,46.163977],[-119.012948,46.161914],[-119.009334,46.1607],[-119.006323,46.156377],[-119.001897,46.147434],[-119.005334,46.143043],[-119.005001,46.137223],[-119.00256,46.132636],[-118.992192,46.124862],[-118.988846,46.123372],[-118.978905,46.121023],[-118.973674,46.118068],[-118.971872,46.112787],[-118.967633,46.106535],[-118.966212,46.103492],[-118.971502,46.103068],[-118.968762,46.096135],[-118.966174,46.092735],[-118.957199,46.084395],[-118.953185,46.079344],[-118.952907,46.074105],[-118.951479,46.06675],[-118.950297,46.065664],[-118.951406,46.060766],[-118.955617,46.046839],[-118.95515,46.039077],[-118.958266,46.032253],[-118.988346,46.011022],[-118.995708,46.005308],[-118.999609,45.998026],[-119.007529,45.989249],[-119.012766,45.985099],[-119.02669,45.976575],[-119.035007,45.972628],[-119.062319,45.965451],[-119.06777,45.963498],[-119.078543,45.958352],[-119.090085,45.95242],[-119.100548,45.947541],[-119.115263,45.943119],[-119.125537,45.94149],[-119.137136,45.939134],[-119.147679,45.937388],[-119.15154,45.93728],[-119.168308,45.934749],[-119.180548,45.933868],[-119.200569,45.935128],[-119.209366,45.936032],[-119.220821,45.938547],[-119.228849,45.941429],[-119.234221,45.943818],[-119.240811,45.945768],[-119.250736,45.947857],[-119.263606,45.948206],[-119.275895,45.947042],[-119.29986,45.944348],[-119.296695,45.931969],[-119.2936,45.926501],[-119.269845,45.931442],[-119.260524,45.930928],[-119.258707,45.931777],[-119.255101,45.930552],[-119.249348,45.930527],[-119.230764,45.926784],[-119.219263,45.92319],[-119.213196,45.9225],[-119.206648,45.921141],[-119.197218,45.920084],[-119.187826,45.920255],[-119.183473,45.919783],[-119.1797,45.920572],[-119.174231,45.919771],[-119.170175,45.921169],[-119.164651,45.920104],[-119.158529,45.919774],[-119.150795,45.921242],[-119.145044,45.919139],[-119.142064,45.920268],[-119.138457,45.920173],[-119.129645,45.922928],[-119.12717,45.921819],[-119.12234,45.923101],[-119.118103,45.922215],[-119.114277,45.923292],[-119.095859,45.930912],[-119.063238,45.948721],[-119.060667,45.950411],[-119.047062,45.955358],[-119.040425,45.957276],[-119.02245,45.963355],[-119.01267,45.967843],[-118.995873,45.978693],[-118.993334,45.981366],[-118.983684,45.994041],[-118.975413,46.00156],[-118.965374,46.009225],[-118.947427,46.019107],[-118.943302,46.02219],[-118.941066,46.025048],[-118.936593,46.026578],[-118.933672,46.028585],[-118.937625,46.036577],[-118.940665,46.03876],[-118.941075,46.043],[-118.93998,46.046714],[-118.937137,46.051431],[-118.929983,46.056455],[-118.923246,46.057738],[-118.919109,46.060925],[-118.915721,46.060375],[-118.916232,46.063305],[-118.914687,46.0645],[-118.910597,46.06473],[-118.909215,46.071536],[-118.9094,46.079704],[-118.913526,46.091597],[-118.914029,46.095897],[-118.92203,46.100303],[-118.9249,46.104296],[-118.922769,46.109112],[-118.927342,46.11745],[-118.93097,46.120406],[-118.933387,46.124862],[-118.937529,46.127292],[-118.945111,46.133089],[-118.945979,46.135667],[-118.944985,46.137686],[-118.945459,46.141481],[-118.943479,46.147082],[-118.944482,46.150949],[-118.942904,46.152336],[-118.950396,46.157868],[-118.948761,46.160832],[-118.946615,46.162078],[-118.948281,46.1642],[-118.953547,46.167545],[-118.959608,46.163858],[-118.952211,46.159642],[-118.957231,46.160173],[-118.960388,46.15834],[-118.961547,46.155203],[-118.960677,46.150957],[-118.958869,46.149938],[-118.960935,46.145703],[-118.963223,46.144978],[-118.959158,46.141447],[-118.957997,46.138869],[-118.958515,46.131947],[-118.960849,46.128403],[-118.964472,46.13403],[-118.967152,46.1428],[-118.974018,46.15719],[-118.973128,46.158847],[-118.978745,46.165882],[-118.978596,46.166733],[-118.983139,46.171289],[-118.988029,46.174748],[-119.00045,46.182426],[-119.003279,46.183751],[-119.007948,46.181844],[-119.011035,46.181708],[-119.01198,46.184354],[-119.007677,46.183759],[-119.004651,46.18519],[-119.015101,46.191283],[-119.015542,46.19385],[-119.023808,46.197988],[-119.022747,46.201251],[-119.024128,46.202282],[-119.024328,46.201774],[-119.026891,46.200407],[-119.027153,46.20023],[-119.02863,46.199737],[-119.02901,46.199685],[-119.029399,46.199503],[-119.029629,46.199359],[-119.030082,46.199157],[-119.030402,46.199059],[-119.030903,46.198641],[-119.028796,46.193955],[-119.027326,46.19262],[-119.027243,46.192465],[-119.032362,46.189711]],[[-118.935577,46.103677],[-118.938116,46.107681],[-118.940609,46.113111],[-118.936815,46.111049],[-118.935577,46.103677]]]},"properties":{"OBJECTID":199,"fhdFtrID":199,"fhdRefID":53684,"fhdRevDt":"20190213","fhdONm":"Peter Robinson","fhdOEnt":"ODFW","fhdSpNm":"LMbass","fhdRun":"NA","fhdLifeHst":"Resident","fhdUseTy":"ResidentMultipleUses","fhdBasis":"UndocObsFish","fhdStNm":"Lake Wallula","fhdGenus":"Micropterus","fhdSp":"salmoides","fhdSubSp":null,"fhdOrig":"NonNative","fhdProd":"Natural","fhdComment":null,"fhdESH":"NA","fhdBasisD":null,"fhdNMF":"no","fhdBasisDt":null,"fhdBasisNm":null,"fhdBasisEnt":null,"fhdBasisPrj":null,"fhdBasisMethod":null,"fhdAccess":null,"fhdBarrierFtrID":null,"fhdEndExtent":null,"Shape__Area":221177788.1562376,"Shape__Length":261154.4545908588,"habitatType":"lake"},"id":290},
{"type":"Feature","geometry":{"type":"Polygon","coordinates":[[[-118.091359,44.692439],[-118.092305,44.692169],[-118.092255,44.686647],[-118.095278,44.685596],[-118.095345,44.68388],[-118.091029,44.678534],[-118.083424,44.677548],[-118.074068,44.674315],[-118.069098,44.674798],[-118.063417,44.674545],[-118.058297,44.676461],[-118.058573,44.673956],[-118.053283,44.673073],[-118.05187,44.674301],[-118.044728,44.675294],[-118.039991,44.675342],[-118.033794,44.674565],[-118.030101,44.677556],[-118.020682,44.677717],[-118.016469,44.676584],[-118.015321,44.672611],[-118.012762,44.673111],[-118.008796,44.671872],[-118.00559,44.669897],[-118.000326,44.669259],[-117.998774,44.670632],[-118.005116,44.677117],[-118.013823,44.681046],[-118.013844,44.682958],[-118.019832,44.684778],[-118.020285,44.686596],[-118.023229,44.687817],[-118.025452,44.686658],[-118.027854,44.68304],[-118.0311,44.683754],[-118.03235,44.685664],[-118.037625,44.68716],[-118.040302,44.686722],[-118.042908,44.688292],[-118.044819,44.684273],[-118.054399,44.688645],[-118.059418,44.691961],[-118.064218,44.691529],[-118.068148,44.688652],[-118.070223,44.688692],[-118.072525,44.686203],[-118.074706,44.687668],[-118.085661,44.6909],[-118.09068,44.690834],[-118.091359,44.692439]]]},"properties":{"OBJECTID":200,"fhdFtrID":200,"fhdRefID":53718,"fhdRevDt":"20190325","fhdONm":"Kevin Stertz","fhdOEnt":"ODFW","fhdSpNm":"LMbass","fhdRun":"NA","fhdLifeHst":"Resident","fhdUseTy":"ResidentMultipleUses","fhdBasis":"DocObsFish","fhdStNm":"Phillips Reservoir","fhdGenus":"Micropterus","fhdSp":"salmoides","fhdSubSp":null,"fhdOrig":"NonNative","fhdProd":"Natural","fhdComment":null,"fhdESH":"NA","fhdBasisD":null,"fhdNMF":"no","fhdBasisDt":"20170000","fhdBasisNm":null,"fhdBasisEnt":null,"fhdBasisPrj":null,"fhdBasisMethod":"Electrofisher","fhdAccess":null,"fhdBarrierFtrID":null,"fhdEndExtent":null,"Shape__Area":17976668.12557424,"Shape__Length":45795.92624182651,"habitatType":"lake"},"id":291},
{"type":"Feature","geometry":{"type":"Polygon","coordinates":[[[-117.334187,43.092662],[-117.340847,43.095443],[-117.342884,43.095388],[-117.344635,43.092418],[-117.348311,43.089809],[-117.351098,43.089869],[-117.352492,43.09185],[-117.3567,43.08912],[-117.356271,43.087171],[-117.352428,43.085328],[-117.355392,43.083477],[-117.353231,43.076342],[-117.35117,43.074751],[-117.346393,43.074549],[-117.345211,43.076602],[-117.33934,43.077603],[-117.335837,43.079926],[-117.333133,43.080091],[-117.33177,43.077604],[-117.325156,43.072676],[-117.320761,43.074921],[-117.323398,43.078659],[-117.327884,43.080657],[-117.325646,43.083786],[-117.320366,43.08365],[-117.32017,43.081059],[-117.317235,43.080685],[-117.318456,43.085214],[-117.3211,43.086718],[-117.320262,43.088332],[-117.325272,43.088293],[-117.331944,43.084905],[-117.33396,43.087765],[-117.327085,43.089764],[-117.33134,43.092926],[-117.334187,43.092662]]]},"properties":{"OBJECTID":201,"fhdFtrID":201,"fhdRefID":53684,"fhdRevDt":"20190219","fhdONm":"Peter Robinson","fhdOEnt":"ODFW","fhdSpNm":"LMbass","fhdRun":"NA","fhdLifeHst":"Resident","fhdUseTy":"ResidentMultipleUses","fhdBasis":"UndocObsFish","fhdStNm":"Cow Lakes","fhdGenus":"Micropterus","fhdSp":"salmoides","fhdSubSp":null,"fhdOrig":"NonNative","fhdProd":"Natural","fhdComment":null,"fhdESH":"NA","fhdBasisD":null,"fhdNMF":"no","fhdBasisDt":null,"fhdBasisNm":null,"fhdBasisEnt":null,"fhdBasisPrj":null,"fhdBasisMethod":null,"fhdAccess":null,"fhdBarrierFtrID":null,"fhdEndExtent":null,"Shape__Area":7571850.342258135,"Shape__Length":54417.302223777864,"habitatType":"lake"},"id":292},
{"type":"Feature","geometry":{"type":"Polygon","coordinates":[[[-119.320009,42.692596],[-119.324703,42.693446],[-119.329888,42.691634],[-119.32834,42.689862],[-119.322642,42.687942],[-119.323452,42.683031],[-119.313165,42.685462],[-119.310413,42.684612],[-119.306374,42.685451],[-119.312764,42.688694],[-119.313656,42.689978],[-119.320009,42.692596]]]},"properties":{"OBJECTID":202,"fhdFtrID":202,"fhdRefID":53713,"fhdRevDt":"20190325","fhdONm":"Matthew Neilson","fhdOEnt":"USGS","fhdSpNm":"LMbass","fhdRun":"NA","fhdLifeHst":"Resident","fhdUseTy":"ResidentMultipleUses","fhdBasis":"UndocObsFish","fhdStNm":"Rock Creek Reservoir","fhdGenus":"Micropterus","fhdSp":"salmoides","fhdSubSp":null,"fhdOrig":"NonNative","fhdProd":"Natural","fhdComment":null,"fhdESH":"NA","fhdBasisD":null,"fhdNMF":"no","fhdBasisDt":null,"fhdBasisNm":null,"fhdBasisEnt":null,"fhdBasisPrj":null,"fhdBasisMethod":null,"fhdAccess":null,"fhdBarrierFtrID":null,"fhdEndExtent":null,"Shape__Area":2149927.83825882,"Shape__Length":11336.292081144831,"habitatType":"lake"},"id":293},
{"type":"Feature","geometry":{"type":"Polygon","coordinates":[[[-118.694908,43.117326],[-118.694882,43.119543],[-118.698887,43.121626],[-118.699314,43.117166],[-118.704735,43.116712],[-118.70786,43.117353],[-118.712603,43.114915],[-118.710343,43.110009],[-118.707032,43.108407],[-118.703747,43.10563],[-118.694721,43.111718],[-118.694908,43.117326]]]},"properties":{"OBJECTID":203,"fhdFtrID":203,"fhdRefID":53713,"fhdRevDt":"20190325","fhdONm":"Matthew Neilson","fhdOEnt":"USGS","fhdSpNm":"LMbass","fhdRun":"NA","fhdLifeHst":"Resident","fhdUseTy":"ResidentMultipleUses","fhdBasis":"UndocObsFish","fhdStNm":null,"fhdGenus":"Micropterus","fhdSp":"salmoides","fhdSubSp":null,"fhdOrig":"NonNative","fhdProd":"Natural","fhdComment":null,"fhdESH":"NA","fhdBasisD":null,"fhdNMF":"no","fhdBasisDt":null,"fhdBasisNm":null,"fhdBasisEnt":null,"fhdBasisPrj":null,"fhdBasisMethod":null,"fhdAccess":null,"fhdBarrierFtrID":null,"fhdEndExtent":null,"Shape__Area":2643879.770142745,"Shape__Length":8354.129116966062,"habitatType":"lake"},"id":294},
{"type":"Feature","geometry":{"type":"Polygon","coordinates":[[[-121.229893,44.694068],[-121.233973,44.68909],[-121.238825,44.687573],[-121.242568,44.684823],[-121.244441,44.681064],[-121.242949,44.672856],[-121.248474,44.6696],[-121.249434,44.663624],[-121.256796,44.659268],[-121.258751,44.65748],[-121.262494,44.657701],[-121.260575,44.654859],[-121.263917,44.647843],[-121.26767,44.644272],[-121.266143,44.641753],[-121.271127,44.636362],[-121.27717,44.630669],[-121.283516,44.632031],[-121.284209,44.62999],[-121.276118,44.62984],[-121.268522,44.635329],[-121.267691,44.637206],[-121.264601,44.638708],[-121.262493,44.641752],[-121.264549,44.645088],[-121.261665,44.647529],[-121.260625,44.651287],[-121.257592,44.655993],[-121.250717,44.660366],[-121.246471,44.664308],[-121.245967,44.669217],[-121.238366,44.67276],[-121.240598,44.674909],[-121.241426,44.680423],[-121.24099,44.682755],[-121.238838,44.685231],[-121.231796,44.688015],[-121.230051,44.689739],[-121.229893,44.694068]]]},"properties":{"OBJECTID":204,"fhdFtrID":204,"fhdRefID":53713,"fhdRevDt":"20190325","fhdONm":"Matthew Neilson","fhdOEnt":"USGS","fhdSpNm":"LMbass","fhdRun":"NA","fhdLifeHst":"Resident","fhdUseTy":"ResidentMultipleUses","fhdBasis":"UndocObsFish","fhdStNm":"Lake Simtustus","fhdGenus":"Micropterus","fhdSp":"salmoides","fhdSubSp":null,"fhdOrig":"NonNative","fhdProd":"Natural","fhdComment":null,"fhdESH":"NA","fhdBasisD":null,"fhdNMF":"no","fhdBasisDt":null,"fhdBasisNm":null,"fhdBasisEnt":null,"fhdBasisPrj":null,"fhdBasisMethod":null,"fhdAccess":null,"fhdBarrierFtrID":null,"fhdEndExtent":null,"Shape__Area":4420406.005423405,"Shape__Length":44683.17050216007,"habitatType":"lake"},"id":295},
{"type":"Feature","geometry":{"type":"Polygon","coordinates":[[[-120.637878,44.166833],[-120.642855,44.166687],[-120.653883,44.168019],[-120.656422,44.166928],[-120.657155,44.163576],[-120.655159,44.161897],[-120.658613,44.159078],[-120.66321,44.156621],[-120.669009,44.155251],[-120.671449,44.150034],[-120.674421,44.146984],[-120.679099,44.147154],[-120.68348,44.150967],[-120.686833,44.149585],[-120.692882,44.145717],[-120.692958,44.13808],[-120.693811,44.136314],[-120.69007,44.132408],[-120.690413,44.131261],[-120.688182,44.125243],[-120.690057,44.123934],[-120.694044,44.125413],[-120.700559,44.130174],[-120.700803,44.132484],[-120.707248,44.133454],[-120.715687,44.13168],[-120.72318,44.128567],[-120.724964,44.130366],[-120.730374,44.131917],[-120.73698,44.134827],[-120.744285,44.134462],[-120.747109,44.132452],[-120.749017,44.128655],[-120.748833,44.126696],[-120.745961,44.123954],[-120.740298,44.119798],[-120.739496,44.116358],[-120.742349,44.113076],[-120.742986,44.110925],[-120.749722,44.107614],[-120.75121,44.105184],[-120.758877,44.105908],[-120.760794,44.108263],[-120.765308,44.109329],[-120.770111,44.111515],[-120.772221,44.110808],[-120.778067,44.113252],[-120.784418,44.113347],[-120.786612,44.111828],[-120.783682,44.109737],[-120.781194,44.105149],[-120.776823,44.106037],[-120.772826,44.105536],[-120.770457,44.106632],[-120.768266,44.104634],[-120.760913,44.102837],[-120.757557,44.101118],[-120.756868,44.097239],[-120.753648,44.096606],[-120.753516,44.099487],[-120.749847,44.102737],[-120.747297,44.10344],[-120.745328,44.106963],[-120.740928,44.108342],[-120.735684,44.111093],[-120.732768,44.111758],[-120.729561,44.110289],[-120.724163,44.111168],[-120.7246,44.117044],[-120.729994,44.120241],[-120.729053,44.12271],[-120.723849,44.121883],[-120.719729,44.122285],[-120.714617,44.12598],[-120.713948,44.128032],[-120.709996,44.128631],[-120.710825,44.126019],[-120.709409,44.123637],[-120.703575,44.122123],[-120.699447,44.117109],[-120.697253,44.119929],[-120.691663,44.119562],[-120.685297,44.117411],[-120.681527,44.120313],[-120.681262,44.124974],[-120.683055,44.128578],[-120.68815,44.133763],[-120.687709,44.135771],[-120.685195,44.138783],[-120.689667,44.142442],[-120.688456,44.145898],[-120.685896,44.147819],[-120.683046,44.147802],[-120.679572,44.145289],[-120.675572,44.143566],[-120.67235,44.144054],[-120.670314,44.14695],[-120.669963,44.149419],[-120.665688,44.152074],[-120.663287,44.151914],[-120.659408,44.153405],[-120.65863,44.155737],[-120.656062,44.155983],[-120.651282,44.15952],[-120.65115,44.16308],[-120.647513,44.165477],[-120.639015,44.165819],[-120.637878,44.166833]],[[-120.734781,44.128634],[-120.733332,44.126095],[-120.729891,44.12316],[-120.732882,44.121782],[-120.73797,44.123535],[-120.741931,44.126266],[-120.740144,44.129444],[-120.734781,44.128634]]]},"properties":{"OBJECTID":205,"fhdFtrID":205,"fhdRefID":53718,"fhdRevDt":"20190325","fhdONm":"Kevin Stertz","fhdOEnt":"ODFW","fhdSpNm":"LMbass","fhdRun":"NA","fhdLifeHst":"Resident","fhdUseTy":"ResidentMultipleUses","fhdBasis":"DocObsFish","fhdStNm":"Prineville Reservoir","fhdGenus":"Micropterus","fhdSp":"salmoides","fhdSubSp":null,"fhdOrig":"NonNative","fhdProd":"Natural","fhdComment":null,"fhdESH":"NA","fhdBasisD":null,"fhdNMF":"no","fhdBasisDt":"20170000","fhdBasisNm":null,"fhdBasisEnt":null,"fhdBasisPrj":null,"fhdBasisMethod":"Electrofisher","fhdAccess":null,"fhdBarrierFtrID":null,"fhdEndExtent":null,"Shape__Area":22475405.73573338,"Shape__Length":92386.1152524814,"habitatType":"lake"},"id":296},
{"type":"Feature","geometry":{"type":"Polygon","coordinates":[[[-121.276896,44.603184],[-121.28524,44.602256],[-121.287351,44.601172],[-121.291736,44.595584],[-121.293503,44.594638],[-121.301033,44.594777],[-121.304482,44.592713],[-121.305361,44.590664],[-121.312971,44.588904],[-121.317765,44.585608],[-121.320679,44.585462],[-121.328462,44.586413],[-121.3346,44.588979],[-121.34174,44.590415],[-121.347874,44.588686],[-121.352993,44.59119],[-121.35863,44.591478],[-121.368875,44.594082],[-121.374049,44.594678],[-121.375277,44.593562],[-121.383353,44.592227],[-121.388351,44.59372],[-121.391577,44.595989],[-121.394496,44.59658],[-121.405401,44.595913],[-121.411,44.594353],[-121.422432,44.597437],[-121.42423,44.596643],[-121.430133,44.5964],[-121.433287,44.592059],[-121.433364,44.587766],[-121.439221,44.585162],[-121.437064,44.583484],[-121.431884,44.583325],[-121.429941,44.585283],[-121.430496,44.589014],[-121.428373,44.592081],[-121.426207,44.59297],[-121.420536,44.59209],[-121.416992,44.59268],[-121.415343,44.591712],[-121.409474,44.590685],[-121.403805,44.591147],[-121.398866,44.592545],[-121.396094,44.59256],[-121.389863,44.590077],[-121.390077,44.586935],[-121.386038,44.588334],[-121.379912,44.586813],[-121.377373,44.587534],[-121.373943,44.586288],[-121.371007,44.583607],[-121.363864,44.58274],[-121.357795,44.583967],[-121.351279,44.586322],[-121.347134,44.585011],[-121.34121,44.586887],[-121.338554,44.586813],[-121.335955,44.585199],[-121.328778,44.582439],[-121.320594,44.582301],[-121.317703,44.581637],[-121.314797,44.582368],[-121.311304,44.580759],[-121.310221,44.585119],[-121.302734,44.58742],[-121.29864,44.589988],[-121.288302,44.591526],[-121.285064,44.593242],[-121.277144,44.589693],[-121.276345,44.585189],[-121.271309,44.583375],[-121.269219,44.58121],[-121.270054,44.577252],[-121.272811,44.575187],[-121.2765,44.574388],[-121.282583,44.569258],[-121.283641,44.566681],[-121.283189,44.564064],[-121.284746,44.560369],[-121.287263,44.55956],[-121.287544,44.557278],[-121.285085,44.553523],[-121.286851,44.550858],[-121.287673,44.546855],[-121.290313,44.540961],[-121.29359,44.537365],[-121.295212,44.530096],[-121.29116,44.532674],[-121.289615,44.535559],[-121.285773,44.536113],[-121.284093,44.539311],[-121.283141,44.543429],[-121.281212,44.54737],[-121.278323,44.547993],[-121.280713,44.551936],[-121.283025,44.553366],[-121.283498,44.556119],[-121.281293,44.558327],[-121.281625,44.560736],[-121.280134,44.566889],[-121.276904,44.571774],[-121.275232,44.570822],[-121.27563,44.567173],[-121.273235,44.562131],[-121.271887,44.555782],[-121.269606,44.551597],[-121.269777,44.546666],[-121.272034,44.544855],[-121.268499,44.540948],[-121.267037,44.536343],[-121.263186,44.535457],[-121.26561,44.531838],[-121.265446,44.526317],[-121.263596,44.521662],[-121.265192,44.515798],[-121.267514,44.51388],[-121.272733,44.507549],[-121.270562,44.507822],[-121.265617,44.513788],[-121.262293,44.52148],[-121.263803,44.529965],[-121.261146,44.536344],[-121.26257,44.538814],[-121.262789,44.545417],[-121.261642,44.553519],[-121.262998,44.556178],[-121.264968,44.556829],[-121.267364,44.564779],[-121.263962,44.569066],[-121.260965,44.575809],[-121.265065,44.578563],[-121.26654,44.584059],[-121.268985,44.585707],[-121.27198,44.585798],[-121.272829,44.590753],[-121.274566,44.592508],[-121.278907,44.59441],[-121.282355,44.597955],[-121.274677,44.601512],[-121.276896,44.603184]],[[-121.365829,44.587701],[-121.367254,44.590315],[-121.363177,44.590139],[-121.365829,44.587701]]]},"properties":{"OBJECTID":206,"fhdFtrID":206,"fhdRefID":53713,"fhdRevDt":"20190325","fhdONm":"Matthew Neilson","fhdOEnt":"USGS","fhdSpNm":"LMbass","fhdRun":"NA","fhdLifeHst":"Resident","fhdUseTy":"ResidentMultipleUses","fhdBasis":"UndocObsFish","fhdStNm":"Billy Chinook Reservoir","fhdGenus":"Micropterus","fhdSp":"salmoides","fhdSubSp":null,"fhdOrig":"NonNative","fhdProd":"Natural","fhdComment":null,"fhdESH":"NA","fhdBasisD":null,"fhdNMF":"no","fhdBasisDt":null,"fhdBasisNm":null,"fhdBasisEnt":null,"fhdBasisPrj":null,"fhdBasisMethod":null,"fhdAccess":null,"fhdBarrierFtrID":null,"fhdEndExtent":null,"Shape__Area":28734479.31831793,"Shape__Length":129003.39583595374,"habitatType":"lake"},"id":297},
{"type":"Feature","geometry":{"type":"Polygon","coordinates":[[[-123.012114,42.030606],[-123.015814,42.033483],[-123.016043,42.030696],[-123.012114,42.030606]]]},"properties":{"OBJECTID":207,"fhdFtrID":207,"fhdRefID":53713,"fhdRevDt":"20190325","fhdONm":"Matthew Neilson","fhdOEnt":"USGS","fhdSpNm":"LMbass","fhdRun":"NA","fhdLifeHst":"Resident","fhdUseTy":"ResidentMultipleUses","fhdBasis":"UndocObsFish","fhdStNm":"Squaw Lakes","fhdGenus":"Micropterus","fhdSp":"salmoides","fhdSubSp":null,"fhdOrig":"NonNative","fhdProd":"Natural","fhdComment":null,"fhdESH":"NA","fhdBasisD":null,"fhdNMF":"no","fhdBasisDt":null,"fhdBasisNm":null,"fhdBasisEnt":null,"fhdBasisPrj":null,"fhdBasisMethod":null,"fhdAccess":null,"fhdBarrierFtrID":null,"fhdEndExtent":null,"Shape__Area":178663.849687425,"Shape__Length":2612.792726006812,"habitatType":"lake"},"id":298},
{"type":"Feature","geometry":{"type":"Polygon","coordinates":[[[-124.253057,43.398938],[-124.256954,43.398706],[-124.257722,43.395825],[-124.254093,43.395892],[-124.253057,43.398938]]]},"properties":{"OBJECTID":208,"fhdFtrID":208,"fhdRefID":53713,"fhdRevDt":"20190325","fhdONm":"Matthew Neilson","fhdOEnt":"USGS","fhdSpNm":"LMbass","fhdRun":"NA","fhdLifeHst":"Resident","fhdUseTy":"ResidentMultipleUses","fhdBasis":"UndocObsFish","fhdStNm":"Upper Empire Lake","fhdGenus":"Micropterus","fhdSp":"salmoides","fhdSubSp":null,"fhdOrig":"NonNative","fhdProd":"Natural","fhdComment":null,"fhdESH":"NA","fhdBasisD":null,"fhdNMF":"no","fhdBasisDt":null,"fhdBasisNm":null,"fhdBasisEnt":null,"fhdBasisPrj":null,"fhdBasisMethod":null,"fhdAccess":null,"fhdBarrierFtrID":null,"fhdEndExtent":null,"Shape__Area":199099.568605095,"Shape__Length":4365.035426398767,"habitatType":"lake"},"id":299},
{"type":"Feature","geometry":{"type":"Polygon","coordinates":[[[-124.166619,43.571477],[-124.169103,43.571181],[-124.1747,43.572447],[-124.175709,43.571465],[-124.172587,43.568201],[-124.16947,43.567134],[-124.167404,43.568479],[-124.162529,43.567403],[-124.161123,43.563195],[-124.163006,43.561302],[-124.159412,43.557908],[-124.16004,43.553886],[-124.155826,43.557503],[-124.159164,43.561783],[-124.157667,43.563779],[-124.158333,43.567554],[-124.160484,43.56927],[-124.153725,43.570059],[-124.151149,43.569382],[-124.153404,43.566874],[-124.152487,43.560968],[-124.147913,43.560717],[-124.143902,43.562053],[-124.141589,43.564183],[-124.140093,43.559714],[-124.142016,43.556589],[-124.141646,43.55471],[-124.137293,43.552377],[-124.133737,43.554852],[-124.131248,43.548186],[-124.123278,43.548756],[-124.117728,43.544389],[-124.11551,43.545554],[-124.11847,43.548393],[-124.120614,43.54866],[-124.122291,43.55112],[-124.128526,43.550951],[-124.127354,43.553141],[-124.124725,43.554635],[-124.123634,43.557797],[-124.119952,43.559332],[-124.116544,43.562792],[-124.113994,43.563118],[-124.110014,43.561455],[-124.108212,43.563346],[-124.113014,43.564735],[-124.119149,43.56368],[-124.119985,43.561543],[-124.124164,43.559462],[-124.127543,43.555967],[-124.131772,43.559032],[-124.135281,43.559906],[-124.135952,43.563339],[-124.135108,43.565238],[-124.131208,43.565943],[-124.132587,43.568145],[-124.140879,43.568531],[-124.144777,43.567717],[-124.149186,43.571689],[-124.155801,43.574342],[-124.162077,43.571622],[-124.166187,43.571508],[-124.166619,43.571477]]]},"properties":{"OBJECTID":209,"fhdFtrID":209,"fhdRefID":53718,"fhdRevDt":"20190325","fhdONm":"Kevin Stertz","fhdOEnt":"ODFW","fhdSpNm":"LMbass","fhdRun":"NA","fhdLifeHst":"Resident","fhdUseTy":"ResidentMultipleUses","fhdBasis":"DocObsFish","fhdStNm":"Tenmile Lake","fhdGenus":"Micropterus","fhdSp":"salmoides","fhdSubSp":null,"fhdOrig":"NonNative","fhdProd":"Natural","fhdComment":null,"fhdESH":"NA","fhdBasisD":null,"fhdNMF":"no","fhdBasisDt":"20170000","fhdBasisNm":null,"fhdBasisEnt":null,"fhdBasisPrj":null,"fhdBasisMethod":"Electrofisher","fhdAccess":null,"fhdBarrierFtrID":null,"fhdEndExtent":null,"Shape__Area":9005880.917599645,"Shape__Length":56768.48081251962,"habitatType":"lake"},"id":300},
{"type":"Feature","geometry":{"type":"Polygon","coordinates":[[[-123.928509,46.103366],[-123.928295,46.098834],[-123.92925,46.095823],[-123.927879,46.092218],[-123.928203,46.091398],[-123.927674,46.090531],[-123.927391,46.087873],[-123.928022,46.086002],[-123.926651,46.085302],[-123.926151,46.080558],[-123.925074,46.080411],[-123.926713,46.08739],[-123.927848,46.091357],[-123.927264,46.092695],[-123.927997,46.095888],[-123.926845,46.099295],[-123.928509,46.103366]]]},"properties":{"OBJECTID":210,"fhdFtrID":210,"fhdRefID":53713,"fhdRevDt":"20190325","fhdONm":"Matthew Neilson","fhdOEnt":"USGS","fhdSpNm":"LMbass","fhdRun":"NA","fhdLifeHst":"Resident","fhdUseTy":"ResidentMultipleUses","fhdBasis":"UndocObsFish","fhdStNm":"Sunset Lake","fhdGenus":"Micropterus","fhdSp":"salmoides","fhdSubSp":null,"fhdOrig":"NonNative","fhdProd":"Natural","fhdComment":null,"fhdESH":"NA","fhdBasisD":null,"fhdNMF":"no","fhdBasisDt":null,"fhdBasisNm":null,"fhdBasisEnt":null,"fhdBasisPrj":null,"fhdBasisMethod":null,"fhdAccess":null,"fhdBarrierFtrID":null,"fhdEndExtent":null,"Shape__Area":810905.374264205,"Shape__Length":15734.062969559734,"habitatType":"lake"},"id":301},
{"type":"Feature","geometry":{"type":"Polygon","coordinates":[[[-124.029346,44.658523],[-124.026603,44.657363],[-124.024864,44.65831],[-124.018599,44.656783],[-124.0185,44.657702],[-124.021743,44.658567],[-124.029346,44.658523]]]},"properties":{"OBJECTID":211,"fhdFtrID":211,"fhdRefID":53713,"fhdRevDt":"20190325","fhdONm":"Matthew Neilson","fhdOEnt":"USGS","fhdSpNm":"LMbass","fhdRun":"NA","fhdLifeHst":"Resident","fhdUseTy":"ResidentMultipleUses","fhdBasis":"UndocObsFish","fhdStNm":"Big Creek Reservoir 2","fhdGenus":"Micropterus","fhdSp":"salmoides","fhdSubSp":null,"fhdOrig":"NonNative","fhdProd":"Natural","fhdComment":null,"fhdESH":"NA","fhdBasisD":null,"fhdNMF":"no","fhdBasisDt":null,"fhdBasisNm":null,"fhdBasisEnt":null,"fhdBasisPrj":null,"fhdBasisMethod":null,"fhdAccess":null,"fhdBarrierFtrID":null,"fhdEndExtent":null,"Shape__Area":312855.47714885,"Shape__Length":6941.845111191623,"habitatType":"lake"},"id":302},
{"type":"Feature","geometry":{"type":"Polygon","coordinates":[[[-122.796726,45.785418],[-122.797763,45.777638],[-122.799724,45.774939],[-122.800352,45.771965],[-122.795971,45.766159],[-122.791675,45.766438],[-122.794613,45.770505],[-122.795177,45.774],[-122.791075,45.777341],[-122.794146,45.785138],[-122.796726,45.785418]]]},"properties":{"OBJECTID":212,"fhdFtrID":212,"fhdRefID":53713,"fhdRevDt":"20190325","fhdONm":"Matthew Neilson","fhdOEnt":"USGS","fhdSpNm":"LMbass","fhdRun":"NA","fhdLifeHst":"Resident","fhdUseTy":"ResidentMultipleUses","fhdBasis":"UndocObsFish","fhdStNm":"McNary Lake","fhdGenus":"Micropterus","fhdSp":"salmoides","fhdSubSp":null,"fhdOrig":"NonNative","fhdProd":"Natural","fhdComment":null,"fhdESH":"NA","fhdBasisD":null,"fhdNMF":"no","fhdBasisDt":null,"fhdBasisNm":null,"fhdBasisEnt":null,"fhdBasisPrj":null,"fhdBasisMethod":null,"fhdAccess":null,"fhdBarrierFtrID":null,"fhdEndExtent":null,"Shape__Area":1784280.943621685,"Shape__Length":15031.294592233684,"habitatType":"lake"},"id":303},
{"type":"Feature","geometry":{"type":"Polygon","coordinates":[[[-123.025284,45.211979],[-123.022499,45.209206],[-123.023634,45.206962],[-123.020676,45.206967],[-123.021078,45.209925],[-123.02343,45.210255],[-123.025284,45.211979]]]},"properties":{"OBJECTID":213,"fhdFtrID":213,"fhdRefID":53713,"fhdRevDt":"20190325","fhdONm":"Matthew Neilson","fhdOEnt":"USGS","fhdSpNm":"LMbass","fhdRun":"NA","fhdLifeHst":"Resident","fhdUseTy":"ResidentMultipleUses","fhdBasis":"UndocObsFish","fhdStNm":"Horseshoe Lake","fhdGenus":"Micropterus","fhdSp":"salmoides","fhdSubSp":null,"fhdOrig":"NonNative","fhdProd":"Natural","fhdComment":null,"fhdESH":"NA","fhdBasisD":null,"fhdNMF":"no","fhdBasisDt":null,"fhdBasisNm":null,"fhdBasisEnt":null,"fhdBasisPrj":null,"fhdBasisMethod":null,"fhdAccess":null,"fhdBarrierFtrID":null,"fhdEndExtent":null,"Shape__Area":219165.12378319,"Shape__Length":3325.49857868618,"habitatType":"lake"},"id":304},
{"type":"Feature","geometry":{"type":"Polygon","coordinates":[[[-123.076111,44.919375],[-123.075702,44.920374],[-123.075007,44.923063],[-123.075965,44.922059],[-123.076111,44.919375]]]},"properties":{"OBJECTID":214,"fhdFtrID":214,"fhdRefID":53713,"fhdRevDt":"20190325","fhdONm":"Matthew Neilson","fhdOEnt":"USGS","fhdSpNm":"LMbass","fhdRun":"NA","fhdLifeHst":"Resident","fhdUseTy":"ResidentMultipleUses","fhdBasis":"UndocObsFish","fhdStNm":null,"fhdGenus":"Micropterus","fhdSp":"salmoides","fhdSubSp":null,"fhdOrig":"NonNative","fhdProd":"Natural","fhdComment":null,"fhdESH":"NA","fhdBasisD":null,"fhdNMF":"no","fhdBasisDt":null,"fhdBasisNm":null,"fhdBasisEnt":null,"fhdBasisPrj":null,"fhdBasisMethod":null,"fhdAccess":null,"fhdBarrierFtrID":null,"fhdEndExtent":null,"Shape__Area":49176.363856805,"Shape__Length":1774.5713439288504,"habitatType":"lake"},"id":305},
{"type":"Feature","geometry":{"type":"Polygon","coordinates":[[[-123.061776,44.919261],[-123.060818,44.9197],[-123.061135,44.920391],[-123.062092,44.919936],[-123.061776,44.919261]]]},"properties":{"OBJECTID":215,"fhdFtrID":215,"fhdRefID":53713,"fhdRevDt":"20190325","fhdONm":"Matthew Neilson","fhdOEnt":"USGS","fhdSpNm":"LMbass","fhdRun":"NA","fhdLifeHst":"Resident","fhdUseTy":"ResidentMultipleUses","fhdBasis":"UndocObsFish","fhdStNm":null,"fhdGenus":"Micropterus","fhdSp":"salmoides","fhdSubSp":null,"fhdOrig":"NonNative","fhdProd":"Natural","fhdComment":null,"fhdESH":"NA","fhdBasisD":null,"fhdNMF":"no","fhdBasisDt":null,"fhdBasisNm":null,"fhdBasisEnt":null,"fhdBasisPrj":null,"fhdBasisMethod":null,"fhdAccess":null,"fhdBarrierFtrID":null,"fhdEndExtent":null,"Shape__Area":22348.14705389,"Shape__Length":704.6641051519621,"habitatType":"lake"},"id":306},
{"type":"Feature","geometry":{"type":"Polygon","coordinates":[[[-123.064896,44.919091],[-123.064842,44.919211],[-123.065746,44.919414],[-123.065985,44.919294],[-123.064896,44.919091]]]},"properties":{"OBJECTID":216,"fhdFtrID":216,"fhdRefID":53713,"fhdRevDt":"20190325","fhdONm":"Matthew Neilson","fhdOEnt":"USGS","fhdSpNm":"LMbass","fhdRun":"NA","fhdLifeHst":"Resident","fhdUseTy":"ResidentMultipleUses","fhdBasis":"UndocObsFish","fhdStNm":null,"fhdGenus":"Micropterus","fhdSp":"salmoides","fhdSubSp":null,"fhdOrig":"NonNative","fhdProd":"Natural","fhdComment":null,"fhdESH":"NA","fhdBasisD":null,"fhdNMF":"no","fhdBasisDt":null,"fhdBasisNm":null,"fhdBasisEnt":null,"fhdBasisPrj":null,"fhdBasisMethod":null,"fhdAccess":null,"fhdBarrierFtrID":null,"fhdEndExtent":null,"Shape__Area":4133.693123075,"Shape__Length":438.871343809807,"habitatType":"lake"},"id":307},
{"type":"Feature","geometry":{"type":"Polygon","coordinates":[[[-123.078744,44.916093],[-123.077292,44.917224],[-123.07825,44.917136],[-123.078744,44.916093]]]},"properties":{"OBJECTID":217,"fhdFtrID":217,"fhdRefID":53713,"fhdRevDt":"20190325","fhdONm":"Matthew Neilson","fhdOEnt":"USGS","fhdSpNm":"LMbass","fhdRun":"NA","fhdLifeHst":"Resident","fhdUseTy":"ResidentMultipleUses","fhdBasis":"UndocObsFish","fhdStNm":null,"fhdGenus":"Micropterus","fhdSp":"salmoides","fhdSubSp":null,"fhdOrig":"NonNative","fhdProd":"Natural","fhdComment":null,"fhdESH":"NA","fhdBasisD":null,"fhdNMF":"no","fhdBasisDt":null,"fhdBasisNm":null,"fhdBasisEnt":null,"fhdBasisPrj":null,"fhdBasisMethod":null,"fhdAccess":null,"fhdBarrierFtrID":null,"fhdEndExtent":null,"Shape__Area":21729.66294181,"Shape__Length":784.1004471195669,"habitatType":"lake"},"id":308},
{"type":"Feature","geometry":{"type":"Polygon","coordinates":[[[-123.209875,44.842688],[-123.210492,44.842885],[-123.210885,44.842583],[-123.210006,44.842463],[-123.209875,44.842688]]]},"properties":{"OBJECTID":218,"fhdFtrID":218,"fhdRefID":53713,"fhdRevDt":"20190325","fhdONm":"Matthew Neilson","fhdOEnt":"USGS","fhdSpNm":"LMbass","fhdRun":"NA","fhdLifeHst":"Resident","fhdUseTy":"ResidentMultipleUses","fhdBasis":"UndocObsFish","fhdStNm":"Grossman Pond","fhdGenus":"Micropterus","fhdSp":"salmoides","fhdSubSp":null,"fhdOrig":"NonNative","fhdProd":"Natural","fhdComment":null,"fhdESH":"NA","fhdBasisD":null,"fhdNMF":"no","fhdBasisDt":null,"fhdBasisNm":null,"fhdBasisEnt":null,"fhdBasisPrj":null,"fhdBasisMethod":null,"fhdAccess":null,"fhdBarrierFtrID":null,"fhdEndExtent":null,"Shape__Area":8095.00359199,"Shape__Length":410.39831563618264,"habitatType":"lake"},"id":309},
{"type":"Feature","geometry":{"type":"Polygon","coordinates":[[[-123.149743,44.884648],[-123.15148,44.88517],[-123.153171,44.884715],[-123.155148,44.882839],[-123.155596,44.881226],[-123.154524,44.88122],[-123.153673,44.88313],[-123.151805,44.884413],[-123.149743,44.884648]]]},"properties":{"OBJECTID":219,"fhdFtrID":219,"fhdRefID":53585,"fhdRevDt":"20190326","fhdONm":"Wayne Wood","fhdOEnt":"OSU","fhdSpNm":"LMbass","fhdRun":"NA","fhdLifeHst":"Resident","fhdUseTy":"ResidentMultipleUses","fhdBasis":"DocObsFish","fhdStNm":"Humbug Lake","fhdGenus":"Micropterus","fhdSp":"salmoides","fhdSubSp":null,"fhdOrig":"NonNative","fhdProd":"Natural","fhdComment":null,"fhdESH":"NA","fhdBasisD":null,"fhdNMF":"no","fhdBasisDt":null,"fhdBasisNm":null,"fhdBasisEnt":null,"fhdBasisPrj":null,"fhdBasisMethod":null,"fhdAccess":null,"fhdBarrierFtrID":null,"fhdEndExtent":null,"Shape__Area":173106.141129285,"Shape__Length":3418.804112256813,"habitatType":"lake"},"id":310},
{"type":"Feature","geometry":{"type":"Polygon","coordinates":[[[-123.296749,44.386963],[-123.296215,44.391503],[-123.293518,44.396764],[-123.29503,44.400556],[-123.298949,44.401402],[-123.298438,44.394218],[-123.300958,44.387764],[-123.301487,44.383967],[-123.298327,44.381749],[-123.296749,44.386963]]]},"properties":{"OBJECTID":220,"fhdFtrID":220,"fhdRefID":53585,"fhdRevDt":"20190326","fhdONm":"Wayne Wood","fhdOEnt":"OSU","fhdSpNm":"LMbass","fhdRun":"NA","fhdLifeHst":"Resident","fhdUseTy":"ResidentMultipleUses","fhdBasis":"DocObsFish","fhdStNm":"McFaddens Pond","fhdGenus":"Micropterus","fhdSp":"salmoides","fhdSubSp":null,"fhdOrig":"NonNative","fhdProd":"Natural","fhdComment":null,"fhdESH":"NA","fhdBasisD":null,"fhdNMF":"no","fhdBasisDt":null,"fhdBasisNm":null,"fhdBasisEnt":null,"fhdBasisPrj":null,"fhdBasisMethod":null,"fhdAccess":null,"fhdBarrierFtrID":null,"fhdEndExtent":null,"Shape__Area":1331014.96028999,"Shape__Length":8118.962166364261,"habitatType":"lake"},"id":311},
{"type":"Feature","geometry":{"type":"Polygon","coordinates":[[[-119.310812,45.939106],[-119.31567,45.940203],[-119.321125,45.939297],[-119.327342,45.934783],[-119.332113,45.934799],[-119.337913,45.933141],[-119.348194,45.932595],[-119.34383,45.930408],[-119.35022,45.929485],[-119.361809,45.925937],[-119.365912,45.926374],[-119.371845,45.925708],[-119.370998,45.927491],[-119.361507,45.930358],[-119.364597,45.931547],[-119.367668,45.929511],[-119.380575,45.926857],[-119.389874,45.924448],[-119.394778,45.924175],[-119.409294,45.922156],[-119.417144,45.923254],[-119.434621,45.922532],[-119.448412,45.921166],[-119.472565,45.915891],[-119.484655,45.913528],[-119.488566,45.911075],[-119.500947,45.910696],[-119.506751,45.911935],[-119.520625,45.913488],[-119.523501,45.91265],[-119.535787,45.9159],[-119.540453,45.918923],[-119.546338,45.920503],[-119.558258,45.924623],[-119.55649,45.925631],[-119.551248,45.926212],[-119.546785,45.925872],[-119.544043,45.923826],[-119.543745,45.921874],[-119.540877,45.921259],[-119.54221,45.928877],[-119.538973,45.925668],[-119.532351,45.920802],[-119.528077,45.920422],[-119.528036,45.923384],[-119.535484,45.927022],[-119.537753,45.929929],[-119.528112,45.927217],[-119.525093,45.929717],[-119.53068,45.930196],[-119.533735,45.93431],[-119.537642,45.932885],[-119.546595,45.930714],[-119.550759,45.934378],[-119.554988,45.93457],[-119.556394,45.938881],[-119.562211,45.9374],[-119.570448,45.937373],[-119.57856,45.936719],[-119.589389,45.933629],[-119.599299,45.932661],[-119.606041,45.930855],[-119.609858,45.928396],[-119.614235,45.927769],[-119.62231,45.924634],[-119.627345,45.923747],[-119.630728,45.920261],[-119.634343,45.918908],[-119.637093,45.919452],[-119.644174,45.917289],[-119.645134,45.914958],[-119.65179,45.913019],[-119.658524,45.909808],[-119.658431,45.908453],[-119.672093,45.904047],[-119.678306,45.902655],[-119.685784,45.897747],[-119.696322,45.885276],[-119.70298,45.882665],[-119.706647,45.881974],[-119.712291,45.878502],[-119.715423,45.877267],[-119.745492,45.857516],[-119.751654,45.854215],[-119.759849,45.852371],[-119.770074,45.853488],[-119.774232,45.8552],[-119.774733,45.857295],[-119.772298,45.860019],[-119.771966,45.863162],[-119.759661,45.870385],[-119.747588,45.871197],[-119.750423,45.872286],[-119.759881,45.870511],[-119.764906,45.868955],[-119.771557,45.864878],[-119.772972,45.861698],[-119.778766,45.859089],[-119.780814,45.859528],[-119.781645,45.862161],[-119.784525,45.863028],[-119.792287,45.862513],[-119.797146,45.863013],[-119.798833,45.864395],[-119.812655,45.864982],[-119.818213,45.866287],[-119.825991,45.864805],[-119.827843,45.865106],[-119.833834,45.869273],[-119.842853,45.868519],[-119.849421,45.865929],[-119.856434,45.860991],[-119.861435,45.854759],[-119.862999,45.849818],[-119.865498,45.84572],[-119.870877,45.842389],[-119.879516,45.840296],[-119.885644,45.839625],[-119.889011,45.838283],[-119.894149,45.838142],[-119.904255,45.835447],[-119.916948,45.833892],[-119.923404,45.833871],[-119.928879,45.835429],[-119.936865,45.834579],[-119.941007,45.833345],[-119.948349,45.832752],[-119.959549,45.829844],[-119.9654,45.829947],[-119.976897,45.827706],[-119.991158,45.821542],[-119.99217,45.821629],[-120.003055,45.818089],[-120.005016,45.81792],[-120.014092,45.814119],[-120.020021,45.813134],[-120.022156,45.810761],[-120.025426,45.810801],[-120.029143,45.808954],[-120.032632,45.808977],[-120.044717,45.804176],[-120.049931,45.801584],[-120.060617,45.798459],[-120.064121,45.796995],[-120.06862,45.793711],[-120.073308,45.792729],[-120.091271,45.787626],[-120.101805,45.786889],[-120.109179,45.785181],[-120.11247,45.783907],[-120.121012,45.783848],[-120.126167,45.783278],[-120.130784,45.782008],[-120.134366,45.782114],[-120.143529,45.780654],[-120.150497,45.778803],[-120.15999,45.773717],[-120.167663,45.771339],[-120.17604,45.767266],[-120.177138,45.765654],[-120.185372,45.762166],[-120.187018,45.759863],[-120.185796,45.75795],[-120.190543,45.75319],[-120.197092,45.748359],[-120.200523,45.748545],[-120.204618,45.743248],[-120.209771,45.739979],[-120.214398,45.735827],[-120.220692,45.731526],[-120.224309,45.730242],[-120.224968,45.732249],[-120.230533,45.728946],[-120.242339,45.727143],[-120.252768,45.726879],[-120.263599,45.72542],[-120.272595,45.725424],[-120.277433,45.726254],[-120.290267,45.724426],[-120.309772,45.718577],[-120.314211,45.721259],[-120.314594,45.718912],[-120.32604,45.715314],[-120.340921,45.712696],[-120.341868,45.713568],[-120.349759,45.712798],[-120.364136,45.709684],[-120.36553,45.710215],[-120.374509,45.710118],[-120.384898,45.708122],[-120.38908,45.706309],[-120.39567,45.706937],[-120.40861,45.705175],[-120.41697,45.705331],[-120.432601,45.704182],[-120.46769,45.702309],[-120.476495,45.701462],[-120.48682,45.702911],[-120.494258,45.705085],[-120.503311,45.705766],[-120.505799,45.706776],[-120.509256,45.710469],[-120.524441,45.723282],[-120.535021,45.733629],[-120.54625,45.739357],[-120.555664,45.741821],[-120.558155,45.743274],[-120.564562,45.745353],[-120.58493,45.74969],[-120.587226,45.749558],[-120.59614,45.751297],[-120.607712,45.752072],[-120.622433,45.751807],[-120.625793,45.751356],[-120.639898,45.748277],[-120.649208,45.745363],[-120.658696,45.741615],[-120.667816,45.737449],[-120.67536,45.733501],[-120.679041,45.732202],[-120.685746,45.726822],[-120.688056,45.727047],[-120.692293,45.725187],[-120.692269,45.723624],[-120.696991,45.723103],[-120.699364,45.721606],[-120.696466,45.719302],[-120.688167,45.711059],[-120.682295,45.714174],[-120.672772,45.720678],[-120.658837,45.728501],[-120.652876,45.730265],[-120.650496,45.72999],[-120.646759,45.731711],[-120.64823,45.733763],[-120.645972,45.73595],[-120.641325,45.738307],[-120.633718,45.740415],[-120.627411,45.741053],[-120.616839,45.740807],[-120.607189,45.741612],[-120.594061,45.740584],[-120.583118,45.738124],[-120.579812,45.737768],[-120.57263,45.735799],[-120.56526,45.733063],[-120.557358,45.728938],[-120.551298,45.724714],[-120.540184,45.713508],[-120.532618,45.707237],[-120.523721,45.701678],[-120.510015,45.694587],[-120.501175,45.691642],[-120.49098,45.68899],[-120.484703,45.687858],[-120.471987,45.688103],[-120.469484,45.688757],[-120.463122,45.688698],[-120.441923,45.691102],[-120.419425,45.692016],[-120.408171,45.69317],[-120.391409,45.693005],[-120.388396,45.693251],[-120.36757,45.697699],[-120.353189,45.703529],[-120.341653,45.704141],[-120.334405,45.705097],[-120.32052,45.708229],[-120.303056,45.711404],[-120.283468,45.716582],[-120.2765,45.716711],[-120.266293,45.715726],[-120.251167,45.715946],[-120.245835,45.715187],[-120.241728,45.71736],[-120.234338,45.718356],[-120.217069,45.71966],[-120.209115,45.720791],[-120.209523,45.722853],[-120.205405,45.724038],[-120.202892,45.723232],[-120.199353,45.725607],[-120.191438,45.733016],[-120.187389,45.736339],[-120.179172,45.744755],[-120.175858,45.746817],[-120.169769,45.751823],[-120.169267,45.753715],[-120.163313,45.755929],[-120.156098,45.757188],[-120.146397,45.760848],[-120.142368,45.763501],[-120.137446,45.764996],[-120.137256,45.7668],[-120.133071,45.767933],[-120.130502,45.767635],[-120.121922,45.769191],[-120.116688,45.769517],[-120.105352,45.77121],[-120.103002,45.772401],[-120.094595,45.77327],[-120.09034,45.773222],[-120.079605,45.774743],[-120.066848,45.778291],[-120.065289,45.777677],[-120.060642,45.779618],[-120.049473,45.786175],[-120.045985,45.787069],[-120.034853,45.792599],[-120.028298,45.794708],[-120.024379,45.794789],[-120.012842,45.800975],[-120.004122,45.803784],[-119.99898,45.803981],[-119.98967,45.807495],[-119.981375,45.80871],[-119.97069,45.810852],[-119.968472,45.812059],[-119.958012,45.813427],[-119.956931,45.815944],[-119.953945,45.81912],[-119.944432,45.819763],[-119.937413,45.819719],[-119.934057,45.818474],[-119.928513,45.817887],[-119.915157,45.81969],[-119.9098,45.821274],[-119.907777,45.820571],[-119.895878,45.822394],[-119.890787,45.824487],[-119.886622,45.824732],[-119.884212,45.82654],[-119.871247,45.829634],[-119.863516,45.832435],[-119.861274,45.83379],[-119.853814,45.834704],[-119.849242,45.836109],[-119.84044,45.837264],[-119.831631,45.837874],[-119.823362,45.839614],[-119.799983,45.838255],[-119.797488,45.837394],[-119.788961,45.836658],[-119.784238,45.83715],[-119.779563,45.835433],[-119.771216,45.834789],[-119.75875,45.835453],[-119.753878,45.834908],[-119.727221,45.836521],[-119.717267,45.839184],[-119.717747,45.841548],[-119.710169,45.843798],[-119.707604,45.845959],[-119.702276,45.846854],[-119.701515,45.847847],[-119.691802,45.852827],[-119.688404,45.852449],[-119.680085,45.852619],[-119.673767,45.853414],[-119.67026,45.851187],[-119.665826,45.8518],[-119.66555,45.85497],[-119.661915,45.858276],[-119.652415,45.865601],[-119.647286,45.870842],[-119.63992,45.872753],[-119.629384,45.874858],[-119.619331,45.878411],[-119.618155,45.880117],[-119.614686,45.881616],[-119.607856,45.882825],[-119.608148,45.884624],[-119.613048,45.885367],[-119.612808,45.889261],[-119.605569,45.890487],[-119.606098,45.894068],[-119.60482,45.897885],[-119.602261,45.89935],[-119.598816,45.904457],[-119.599769,45.907429],[-119.596127,45.913551],[-119.590598,45.916064],[-119.590669,45.917791],[-119.586726,45.919311],[-119.576928,45.920772],[-119.568819,45.92001],[-119.559146,45.916698],[-119.536357,45.906796],[-119.52833,45.90505],[-119.512118,45.902214],[-119.50325,45.901804],[-119.49169,45.900758],[-119.483569,45.901907],[-119.474009,45.90173],[-119.468063,45.902971],[-119.456282,45.908551],[-119.445268,45.912221],[-119.433341,45.913483],[-119.420809,45.912281],[-119.414257,45.910788],[-119.408285,45.9123],[-119.396161,45.913333],[-119.387344,45.915375],[-119.384916,45.915073],[-119.369093,45.916791],[-119.364222,45.918154],[-119.352876,45.919113],[-119.350559,45.920819],[-119.341979,45.922708],[-119.336203,45.923258],[-119.326923,45.926002],[-119.328723,45.928196],[-119.323725,45.929535],[-119.314938,45.930385],[-119.313201,45.931959],[-119.303061,45.933248],[-119.297701,45.932271],[-119.298187,45.936346],[-119.299515,45.939824],[-119.303909,45.940005],[-119.310812,45.939106]],[[-119.804414,45.854662],[-119.808856,45.851339],[-119.813321,45.850269],[-119.816232,45.851306],[-119.818986,45.850165],[-119.823459,45.850016],[-119.834616,45.847267],[-119.844933,45.845718],[-119.8515,45.844323],[-119.854754,45.842693],[-119.85776,45.843223],[-119.855555,45.852519],[-119.853502,45.855941],[-119.851289,45.856633],[-119.848074,45.860396],[-119.841751,45.864171],[-119.837905,45.864495],[-119.829899,45.863455],[-119.823172,45.861532],[-119.821523,45.860474],[-119.813408,45.858056],[-119.807051,45.856883],[-119.804414,45.854662]],[[-119.614845,45.916916],[-119.617088,45.913131],[-119.622374,45.911708],[-119.625462,45.912348],[-119.621843,45.914735],[-119.618253,45.915214],[-119.614845,45.916916]],[[-119.611049,45.906866],[-119.613758,45.905269],[-119.616462,45.899432],[-119.620335,45.900445],[-119.615508,45.904336],[-119.611049,45.906866]],[[-119.601022,45.913225],[-119.600856,45.911756],[-119.602965,45.906315],[-119.604719,45.908886],[-119.601022,45.913225]]]},"properties":{"OBJECTID":221,"fhdFtrID":221,"fhdRefID":53713,"fhdRevDt":"20190326","fhdONm":"Matthew Neilson","fhdOEnt":"USGS","fhdSpNm":"LMbass","fhdRun":"NA","fhdLifeHst":"Resident","fhdUseTy":"ResidentMultipleUses","fhdBasis":"UndocObsFish","fhdStNm":"Lake Umatilla","fhdGenus":"Micropterus","fhdSp":"salmoides","fhdSubSp":null,"fhdOrig":"NonNative","fhdProd":"Natural","fhdComment":null,"fhdESH":"NA","fhdBasisD":null,"fhdNMF":"no","fhdBasisDt":null,"fhdBasisNm":null,"fhdBasisEnt":null,"fhdBasisPrj":null,"fhdBasisMethod":null,"fhdAccess":null,"fhdBarrierFtrID":null,"fhdEndExtent":null,"Shape__Area":416891569.81139374,"Shape__Length":553547.0915356288,"habitatType":"lake"},"id":312},
{"type":"Feature","geometry":{"type":"Polygon","coordinates":[[[-121.222562,42.006547],[-121.2242,42.00622],[-121.221802,42.001525],[-121.216842,42.001609],[-121.208568,41.996652],[-121.204714,41.997728],[-121.20171,41.99723],[-121.197661,41.994834],[-121.192353,41.992553],[-121.183474,41.991882],[-121.190052,41.994507],[-121.196931,41.995444],[-121.200332,41.997335],[-121.205045,41.998199],[-121.208365,41.997154],[-121.216562,42.002641],[-121.22139,42.002771],[-121.222562,42.006547]]]},"properties":{"OBJECTID":222,"fhdFtrID":222,"fhdRefID":53713,"fhdRevDt":"20190326","fhdONm":"Matthew Neilson","fhdOEnt":"USGS","fhdSpNm":"LMbass","fhdRun":"NA","fhdLifeHst":"Resident","fhdUseTy":"ResidentMultipleUses","fhdBasis":"UndocObsFish","fhdStNm":"Malone Pool","fhdGenus":"Micropterus","fhdSp":"salmoides","fhdSubSp":null,"fhdOrig":"NonNative","fhdProd":"Natural","fhdComment":null,"fhdESH":"NA","fhdBasisD":null,"fhdNMF":"no","fhdBasisDt":null,"fhdBasisNm":null,"fhdBasisEnt":null,"fhdBasisPrj":null,"fhdBasisMethod":null,"fhdAccess":null,"fhdBarrierFtrID":null,"fhdEndExtent":null,"Shape__Area":911423.52050977,"Shape__Length":24232.63931882378,"habitatType":"lake"},"id":313},
{"type":"Feature","geometry":{"type":"Polygon","coordinates":[[[-121.63256,42.163769],[-121.634968,42.164521],[-121.640423,42.163738],[-121.645824,42.161852],[-121.654288,42.159917],[-121.659252,42.159419],[-121.662744,42.158207],[-121.662818,42.156099],[-121.658332,42.157799],[-121.651987,42.158077],[-121.646799,42.160195],[-121.643419,42.160786],[-121.638816,42.15961],[-121.635141,42.161107],[-121.63256,42.163769]]]},"properties":{"OBJECTID":223,"fhdFtrID":223,"fhdRefID":53713,"fhdRevDt":"20190326","fhdONm":"Matthew Neilson","fhdOEnt":"USGS","fhdSpNm":"LMbass","fhdRun":"NA","fhdLifeHst":"Resident","fhdUseTy":"ResidentMultipleUses","fhdBasis":"UndocObsFish","fhdStNm":"Wilson Reservoir","fhdGenus":"Micropterus","fhdSp":"salmoides","fhdSubSp":null,"fhdOrig":"NonNative","fhdProd":"Natural","fhdComment":null,"fhdESH":"NA","fhdBasisD":null,"fhdNMF":"no","fhdBasisDt":null,"fhdBasisNm":null,"fhdBasisEnt":null,"fhdBasisPrj":null,"fhdBasisMethod":null,"fhdAccess":null,"fhdBarrierFtrID":null,"fhdEndExtent":null,"Shape__Area":1500356.088719275,"Shape__Length":21456.58668663756,"habitatType":"lake"},"id":314},
{"type":"Feature","geometry":{"type":"Polygon","coordinates":[[[-120.842019,42.250687],[-120.843748,42.247248],[-120.842034,42.245428],[-120.839536,42.246286],[-120.841989,42.248557],[-120.842019,42.250687]]]},"properties":{"OBJECTID":224,"fhdFtrID":224,"fhdRefID":53706,"fhdRevDt":"20190326","fhdONm":"Phillip Gaines","fhdOEnt":"USFS","fhdSpNm":"LMbass","fhdRun":"NA","fhdLifeHst":"Resident","fhdUseTy":"ResidentMultipleUses","fhdBasis":"UndocObsFish","fhdStNm":"Big Swamp Reservoir","fhdGenus":"Micropterus","fhdSp":"salmoides","fhdSubSp":null,"fhdOrig":"NonNative","fhdProd":"Natural","fhdComment":null,"fhdESH":"NA","fhdBasisD":null,"fhdNMF":"no","fhdBasisDt":null,"fhdBasisNm":null,"fhdBasisEnt":null,"fhdBasisPrj":null,"fhdBasisMethod":null,"fhdAccess":null,"fhdBarrierFtrID":null,"fhdEndExtent":null,"Shape__Area":271759.63738174,"Shape__Length":3701.0134591781093,"habitatType":"lake"},"id":315},
{"type":"Feature","geometry":{"type":"Polygon","coordinates":[[[-117.812076,44.860749],[-117.814066,44.860735],[-117.815162,44.859957],[-117.815123,44.85867],[-117.813202,44.859269],[-117.812076,44.860749]]]},"properties":{"OBJECTID":225,"fhdFtrID":225,"fhdRefID":53713,"fhdRevDt":"20190327","fhdONm":"Matthew Neilson","fhdOEnt":"USGS","fhdSpNm":"LMbass","fhdRun":"NA","fhdLifeHst":"Resident","fhdUseTy":"ResidentMultipleUses","fhdBasis":"UndocObsFish","fhdStNm":"Highway 203 Pond","fhdGenus":"Micropterus","fhdSp":"salmoides","fhdSubSp":null,"fhdOrig":"NonNative","fhdProd":"Natural","fhdComment":null,"fhdESH":"NA","fhdBasisD":null,"fhdNMF":"no","fhdBasisDt":null,"fhdBasisNm":null,"fhdBasisEnt":null,"fhdBasisPrj":null,"fhdBasisMethod":null,"fhdAccess":null,"fhdBarrierFtrID":null,"fhdEndExtent":null,"Shape__Area":93987.703459375,"Shape__Length":1404.2719486994488,"habitatType":"lake"},"id":316},
{"type":"Feature","geometry":{"type":"Polygon","coordinates":[[[-124.26066,43.448739],[-124.261415,43.448209],[-124.261581,43.445524],[-124.259743,43.446867],[-124.26066,43.448739]]]},"properties":{"OBJECTID":226,"fhdFtrID":226,"fhdRefID":53713,"fhdRevDt":"20190327","fhdONm":"Matthew Neilson","fhdOEnt":"USGS","fhdSpNm":"LMbass","fhdRun":"NA","fhdLifeHst":"Resident","fhdUseTy":"ResidentMultipleUses","fhdBasis":"UndocObsFish","fhdStNm":"Bluebill Lake","fhdGenus":"Micropterus","fhdSp":"salmoides","fhdSubSp":null,"fhdOrig":"NonNative","fhdProd":"Natural","fhdComment":null,"fhdESH":"NA","fhdBasisD":null,"fhdNMF":"no","fhdBasisDt":null,"fhdBasisNm":null,"fhdBasisEnt":null,"fhdBasisPrj":null,"fhdBasisMethod":null,"fhdAccess":null,"fhdBarrierFtrID":null,"fhdEndExtent":null,"Shape__Area":110535.14495837,"Shape__Length":1863.192022105207,"habitatType":"lake"},"id":317},
{"type":"Feature","geometry":{"type":"Polygon","coordinates":[[[-123.369397,43.39556],[-123.372472,43.390727],[-123.363609,43.390634],[-123.36219,43.39378],[-123.365769,43.395393],[-123.369397,43.39556]]]},"properties":{"OBJECTID":227,"fhdFtrID":227,"fhdRefID":53684,"fhdRevDt":"20190327","fhdONm":"Peter Robinson","fhdOEnt":"ODFW","fhdSpNm":"LMbass","fhdRun":"NA","fhdLifeHst":"Resident","fhdUseTy":"ResidentMultipleUses","fhdBasis":"UndocObsFish","fhdStNm":"Ford's Pond","fhdGenus":"Micropterus","fhdSp":"salmoides","fhdSubSp":null,"fhdOrig":"NonNative","fhdProd":"Natural","fhdComment":null,"fhdESH":"NA","fhdBasisD":null,"fhdNMF":"no","fhdBasisDt":null,"fhdBasisNm":null,"fhdBasisEnt":null,"fhdBasisPrj":null,"fhdBasisMethod":null,"fhdAccess":null,"fhdBarrierFtrID":null,"fhdEndExtent":null,"Shape__Area":708860.20809932,"Shape__Length":3720.2581929852436,"habitatType":"lake"},"id":318},
{"type":"Feature","geometry":{"type":"Polygon","coordinates":[[[-123.24728,45.614556],[-123.247504,45.612671],[-123.244802,45.612632],[-123.24728,45.614556]]]},"properties":{"OBJECTID":228,"fhdFtrID":228,"fhdRefID":53713,"fhdRevDt":"20190412","fhdONm":"Matthew Neilson","fhdOEnt":"USGS","fhdSpNm":"LMbass","fhdRun":"NA","fhdLifeHst":"Resident","fhdUseTy":"ResidentMultipleUses","fhdBasis":"UndocObsFish","fhdStNm":"Dorman Pond","fhdGenus":"Micropterus","fhdSp":"salmoides","fhdSubSp":null,"fhdOrig":"NonNative","fhdProd":"Natural","fhdComment":null,"fhdESH":"NA","fhdBasisD":null,"fhdNMF":"no","fhdBasisDt":null,"fhdBasisNm":null,"fhdBasisEnt":null,"fhdBasisPrj":null,"fhdBasisMethod":null,"fhdAccess":null,"fhdBarrierFtrID":null,"fhdEndExtent":null,"Shape__Area":91514.69197452,"Shape__Length":3665.327070273389,"habitatType":"lake"},"id":319},
{"type":"Feature","geometry":{"type":"Polygon","coordinates":[[[-123.088555,44.102292],[-123.087982,44.097085],[-123.085494,44.098358],[-123.085935,44.100811],[-123.088555,44.102292]]]},"properties":{"OBJECTID":229,"fhdFtrID":229,"fhdRefID":53713,"fhdRevDt":"20190412","fhdONm":"Matthew Neilson","fhdOEnt":"USGS","fhdSpNm":"LMbass","fhdRun":"NA","fhdLifeHst":"Resident","fhdUseTy":"ResidentMultipleUses","fhdBasis":"UndocObsFish","fhdStNm":"Ayers Pond","fhdGenus":"Micropterus","fhdSp":"salmoides","fhdSubSp":null,"fhdOrig":"NonNative","fhdProd":"Natural","fhdComment":null,"fhdESH":"NA","fhdBasisD":null,"fhdNMF":"no","fhdBasisDt":null,"fhdBasisNm":null,"fhdBasisEnt":null,"fhdBasisPrj":null,"fhdBasisMethod":null,"fhdAccess":null,"fhdBarrierFtrID":null,"fhdEndExtent":null,"Shape__Area":226545.081709185,"Shape__Length":3004.981368049769,"habitatType":"lake"},"id":320},
{"type":"Feature","geometry":{"type":"Polygon","coordinates":[[[-122.137839,44.748899],[-122.142875,44.748802],[-122.148569,44.744667],[-122.150719,44.741863],[-122.155771,44.740164],[-122.158104,44.740505],[-122.161963,44.735935],[-122.170079,44.730559],[-122.175053,44.729078],[-122.180196,44.72628],[-122.185276,44.725281],[-122.188478,44.719893],[-122.192942,44.713812],[-122.19298,44.712265],[-122.198005,44.70687],[-122.199135,44.703468],[-122.206052,44.70069],[-122.211653,44.69929],[-122.214937,44.697319],[-122.221416,44.697817],[-122.225371,44.699139],[-122.232391,44.703032],[-122.234189,44.709326],[-122.24108,44.714449],[-122.242253,44.717949],[-122.247631,44.723045],[-122.24927,44.723263],[-122.250921,44.719361],[-122.246984,44.715335],[-122.243008,44.709558],[-122.242009,44.702814],[-122.246754,44.700096],[-122.248529,44.697856],[-122.25207,44.69623],[-122.254706,44.692231],[-122.253114,44.69161],[-122.249434,44.695062],[-122.243151,44.697776],[-122.241291,44.69983],[-122.239075,44.699809],[-122.236325,44.696791],[-122.227161,44.69466],[-122.220413,44.692643],[-122.21398,44.689708],[-122.208549,44.689611],[-122.205725,44.688469],[-122.196263,44.682149],[-122.19534,44.680332],[-122.197562,44.675854],[-122.193017,44.678028],[-122.191186,44.679817],[-122.192948,44.683592],[-122.201534,44.69083],[-122.200257,44.693766],[-122.189663,44.697273],[-122.18507,44.700829],[-122.185124,44.702733],[-122.177952,44.706332],[-122.171188,44.707906],[-122.171271,44.71082],[-122.169008,44.712104],[-122.161836,44.711499],[-122.157587,44.713577],[-122.152936,44.718185],[-122.15028,44.719178],[-122.14789,44.724758],[-122.141817,44.724541],[-122.135454,44.722343],[-122.132233,44.71788],[-122.129672,44.715876],[-122.125583,44.716117],[-122.12037,44.712827],[-122.119314,44.71089],[-122.116682,44.711133],[-122.122714,44.71721],[-122.126199,44.7183],[-122.13159,44.721858],[-122.13292,44.723511],[-122.140113,44.727866],[-122.148234,44.728791],[-122.152781,44.732398],[-122.158446,44.733431],[-122.154024,44.73956],[-122.151175,44.738642],[-122.149649,44.74149],[-122.142861,44.746991],[-122.142722,44.748089],[-122.137839,44.748899]],[[-122.166742,44.723067],[-122.161631,44.721727],[-122.160547,44.719916],[-122.169438,44.716724],[-122.174125,44.716319],[-122.177419,44.715205],[-122.177064,44.719327],[-122.173115,44.721757],[-122.166742,44.723067]]]},"properties":{"OBJECTID":230,"fhdFtrID":230,"fhdRefID":53718,"fhdRevDt":"20190419","fhdONm":"Kevin Stertz","fhdOEnt":"ODFW","fhdSpNm":"LMbass","fhdRun":"NA","fhdLifeHst":"Resident","fhdUseTy":"ResidentMultipleUses","fhdBasis":"UndocObsFish","fhdStNm":"Detroit Reservoir","fhdGenus":"Micropterus","fhdSp":"salmoides","fhdSubSp":null,"fhdOrig":"NonNative","fhdProd":"Natural","fhdComment":null,"fhdESH":"NA","fhdBasisD":null,"fhdNMF":"no","fhdBasisDt":null,"fhdBasisNm":null,"fhdBasisEnt":null,"fhdBasisPrj":null,"fhdBasisMethod":null,"fhdAccess":null,"fhdBarrierFtrID":null,"fhdEndExtent":null,"Shape__Area":28791339.550704896,"Shape__Length":86688.2339460645,"habitatType":"lake"},"id":321},
{"type":"Feature","geometry":{"type":"Polygon","coordinates":[[[-118.204865,44.521655],[-118.206,44.526667],[-118.21365,44.520536],[-118.211863,44.518115],[-118.213373,44.51448],[-118.206921,44.5103],[-118.202914,44.506966],[-118.208765,44.504582],[-118.213477,44.507367],[-118.213281,44.504561],[-118.206521,44.501283],[-118.201656,44.503297],[-118.195982,44.502033],[-118.19583,44.499991],[-118.200136,44.495445],[-118.205267,44.49233],[-118.200094,44.490296],[-118.193759,44.492964],[-118.190622,44.49576],[-118.188674,44.49958],[-118.184161,44.502228],[-118.180421,44.503248],[-118.181139,44.505168],[-118.184656,44.506121],[-118.188438,44.50592],[-118.193239,44.508751],[-118.195459,44.509052],[-118.200219,44.51236],[-118.201775,44.514603],[-118.204865,44.521655]]]},"properties":{"OBJECTID":231,"fhdFtrID":231,"fhdRefID":53718,"fhdRevDt":"20190419","fhdONm":"Kevin Stertz","fhdOEnt":"ODFW","fhdSpNm":"LMbass","fhdRun":"NA","fhdLifeHst":"Resident","fhdUseTy":"ResidentMultipleUses","fhdBasis":"DocObsFish","fhdStNm":"Unity Reservoir","fhdGenus":"Micropterus","fhdSp":"salmoides","fhdSubSp":null,"fhdOrig":"NonNative","fhdProd":"Natural","fhdComment":null,"fhdESH":"NA","fhdBasisD":null,"fhdNMF":"no","fhdBasisDt":"20170000","fhdBasisNm":null,"fhdBasisEnt":null,"fhdBasisPrj":null,"fhdBasisMethod":null,"fhdAccess":null,"fhdBarrierFtrID":null,"fhdEndExtent":null,"Shape__Area":7332238.8469085,"Shape__Length":27921.085489732683,"habitatType":"lake"},"id":322},
{"type":"Feature","geometry":{"type":"Polygon","coordinates":[[[-119.315567,45.928751],[-119.319685,45.929091],[-119.32018,45.927138],[-119.315567,45.928751]]]},"properties":{"OBJECTID":232,"fhdFtrID":232,"fhdRefID":53718,"fhdRevDt":"20190501","fhdONm":"Kevin Stertz","fhdOEnt":"ODFW","fhdSpNm":"LMbass","fhdRun":"NA","fhdLifeHst":"Resident","fhdUseTy":"ResidentMultipleUses","fhdBasis":"DocObsFish","fhdStNm":"McNary Ponds","fhdGenus":"Micropterus","fhdSp":"salmoides","fhdSubSp":null,"fhdOrig":"NonNative","fhdProd":"Natural","fhdComment":null,"fhdESH":"NA","fhdBasisD":null,"fhdNMF":"no","fhdBasisDt":"20180000","fhdBasisNm":"Kevin Stertz","fhdBasisEnt":null,"fhdBasisPrj":null,"fhdBasisMethod":"Electrofisher","fhdAccess":null,"fhdBarrierFtrID":null,"fhdEndExtent":null,"Shape__Area":348193.40567923,"Shape__Length":6941.075249917869,"habitatType":"lake"},"id":323},
{"type":"Feature","geometry":{"type":"Polygon","coordinates":[[[-123.590101,43.05095],[-123.595386,43.050756],[-123.593963,43.049055],[-123.589742,43.050171],[-123.582831,43.045457],[-123.580436,43.044908],[-123.569958,43.045519],[-123.565842,43.046243],[-123.562706,43.045766],[-123.559562,43.046617],[-123.559517,43.043499],[-123.556254,43.040057],[-123.554211,43.041259],[-123.556098,43.046842],[-123.558814,43.049438],[-123.563447,43.048203],[-123.566022,43.049641],[-123.57171,43.047352],[-123.575317,43.047505],[-123.580564,43.04622],[-123.584359,43.0483],[-123.587413,43.048777],[-123.590101,43.05095]]]},"properties":{"OBJECTID":233,"fhdFtrID":233,"fhdRefID":53718,"fhdRevDt":"20190509","fhdONm":"Kevin Stertz","fhdOEnt":"ODFW","fhdSpNm":"LMbass","fhdRun":"NA","fhdLifeHst":"Resident","fhdUseTy":"ResidentMultipleUses","fhdBasis":"DocObsFish","fhdStNm":"Ben Irving Reservoir","fhdGenus":"Micropterus","fhdSp":"salmoides","fhdSubSp":null,"fhdOrig":"NonNative","fhdProd":"Natural","fhdComment":null,"fhdESH":"NA","fhdBasisD":null,"fhdNMF":"no","fhdBasisDt":"20180000","fhdBasisNm":"Kevin Stertz","fhdBasisEnt":null,"fhdBasisPrj":null,"fhdBasisMethod":"Electrofisher","fhdAccess":null,"fhdBarrierFtrID":null,"fhdEndExtent":null,"Shape__Area":1686187.53484692,"Shape__Length":14846.048560311088,"habitatType":"lake"},"id":324},
{"type":"Feature","geometry":{"type":"Polygon","coordinates":[[[-122.25848,44.1967],[-122.259228,44.200336],[-122.262586,44.199215],[-122.262274,44.194727],[-122.268424,44.188578],[-122.275426,44.183436],[-122.280167,44.182503],[-122.285804,44.18469],[-122.292351,44.182996],[-122.296425,44.183524],[-122.300232,44.182317],[-122.301543,44.179475],[-122.305385,44.178515],[-122.309637,44.176321],[-122.315491,44.1722],[-122.317313,44.171615],[-122.322886,44.174134],[-122.327763,44.174295],[-122.328716,44.176453],[-122.323379,44.180561],[-122.323633,44.18183],[-122.33038,44.177866],[-122.330647,44.174149],[-122.328754,44.172217],[-122.323034,44.172107],[-122.319832,44.169534],[-122.316373,44.168062],[-122.312098,44.171231],[-122.305565,44.172971],[-122.303426,44.172689],[-122.298384,44.174416],[-122.297489,44.180376],[-122.292961,44.17958],[-122.287106,44.182275],[-122.282864,44.179738],[-122.285178,44.178375],[-122.286663,44.175042],[-122.282068,44.175297],[-122.27924,44.178571],[-122.270942,44.181645],[-122.267327,44.18589],[-122.261855,44.188678],[-122.25785,44.192447],[-122.25848,44.1967]]]},"properties":{"OBJECTID":234,"fhdFtrID":234,"fhdRefID":53718,"fhdRevDt":"20190509","fhdONm":"Kevin Stertz","fhdOEnt":"ODFW","fhdSpNm":"LMbass","fhdRun":"NA","fhdLifeHst":"Resident","fhdUseTy":"ResidentMultipleUses","fhdBasis":"DocObsFish","fhdStNm":"Blue River Reservoir","fhdGenus":"Micropterus","fhdSp":"salmoides","fhdSubSp":null,"fhdOrig":"NonNative","fhdProd":"Natural","fhdComment":null,"fhdESH":"NA","fhdBasisD":null,"fhdNMF":"no","fhdBasisDt":"20180000","fhdBasisNm":"Kevin Stertz","fhdBasisEnt":null,"fhdBasisPrj":null,"fhdBasisMethod":"Electrofisher","fhdAccess":null,"fhdBarrierFtrID":null,"fhdEndExtent":null,"Shape__Area":6406018.395844175,"Shape__Length":36514.72179254292,"habitatType":"lake"},"id":325}
]}
