{"type":"FeatureCollection","features":[
{"type":"Feature","geometry":{"type":"LineString","coordinates":[[-117.358148,43.931694],[-117.355568,43.929543],[-117.358834,43.927857],[-117.35931,43.926261],[-117.35695,43.925296],[-117.353434,43.92474],[-117.349212,43.924915],[-117.347562,43.92426],[-117.344616,43.925145],[-117.343843,43.92061],[-117.339237,43.919029],[-117.337073,43.912931],[-117.332624,43.912431],[-117.329646,43.914547],[-117.325718,43.913667],[-117.323179,43.913971],[-117.321429,43.915218],[-117.317805,43.915147],[-117.316205,43.916421],[-117.310934,43.916139],[-117.30871,43.919271],[-117.305351,43.919983],[-117.303977,43.921715],[-117.296108,43.925085],[-117.287772,43.92462],[-117.285615,43.92684],[-117.281885,43.928308],[-117.280925,43.930877],[-117.277345,43.932668],[-117.279928,43.933364],[-117.279792,43.936336],[-117.277735,43.936098],[-117.274861,43.936888],[-117.273231,43.940187],[-117.26928,43.942709],[-117.265278,43.942286],[-117.263001,43.943156],[-117.264093,43.944774],[-117.261669,43.946238],[-117.258011,43.947435],[-117.256763,43.948559],[-117.259594,43.950457],[-117.25635,43.952409],[-117.254453,43.954817],[-117.250945,43.956499],[-117.248812,43.956018],[-117.24721,43.957534],[-117.24924,43.959934],[-117.245774,43.962858],[-117.243125,43.964376],[-117.245827,43.966586],[-117.241568,43.967648],[-117.241539,43.969782],[-117.238564,43.976791],[-117.23857,43.978222],[-117.236742,43.979333],[-117.235926,43.981172],[-117.232869,43.983825],[-117.230262,43.986829],[-117.228389,43.986357],[-117.226616,43.984688],[-117.220762,43.986713],[-117.217963,43.988554],[-117.215574,43.991867],[-117.213765,43.991555],[-117.212068,43.987845],[-117.21088,43.986879],[-117.205671,43.986053],[-117.198345,43.986226],[-117.196679,43.987992],[-117.190431,43.986559],[-117.187767,43.984796],[-117.184163,43.984032],[-117.181079,43.98557],[-117.180685,43.988486],[-117.176344,43.987965],[-117.171636,43.989511],[-117.169154,43.991287],[-117.166745,43.990643],[-117.163198,43.993485],[-117.162391,43.998636],[-117.160538,44.00047],[-117.157698,44.000335],[-117.153895,44.001151],[-117.149903,44.000751],[-117.146188,43.999157],[-117.141421,44.000852],[-117.140707,44.002293],[-117.13806,44.003827],[-117.134752,44.00275],[-117.131227,44.002237],[-117.127829,44.002871],[-117.123741,44.001367],[-117.121405,44.00263],[-117.120723,44.004792],[-117.117358,44.006078],[-117.114364,44.006037],[-117.110245,44.005073],[-117.107998,44.003904],[-117.105973,44.005414],[-117.102821,44.003819],[-117.09833,44.0038],[-117.097177,44.004342],[-117.096839,44.0072],[-117.089601,44.005811],[-117.085081,44.007052],[-117.083992,44.008921],[-117.079845,44.009555],[-117.076232,44.013001],[-117.073861,44.01271],[-117.072864,44.013926],[-117.074457,44.015231],[-117.074305,44.018742],[-117.070126,44.019735],[-117.066978,44.021763],[-117.067417,44.023586],[-117.063239,44.025479],[-117.060524,44.025278],[-117.06034,44.028181],[-117.056409,44.027981],[-117.052199,44.029761],[-117.049919,44.027264],[-117.047081,44.028413],[-117.047364,44.030596],[-117.048645,44.032644],[-117.046617,44.033725],[-117.044526,44.032128],[-117.044649,44.030327],[-117.042371,44.028685],[-117.040281,44.029203],[-117.037597,44.028776],[-117.035416,44.032671],[-117.036479,44.036272],[-117.030332,44.036229],[-117.02537,44.034497]]},"properties":{"OBJECTID":1,"fhdFtrID":1,"fhdRefID":53714,"fhdRevDt":"20190326","fhdONm":"H. Lavigne, et al.","fhdOEnt":"OSU","fhdSpNm":"PKS","fhdRun":"NA","fhdLifeHst":"Resident","fhdUseTy":"ResidentMultipleUses","fhdBasis":"DocObsFish","fhdStNm":"Malheur River","fhdGenus":"Lepomis","fhdSp":"gibbosus","fhdSubSp":null,"fhdOrig":"NonNative","fhdProd":"Natural","fhdComment":null,"fhdESH":"NA","fhdBasisD":null,"fhdNMF":"no","fhdBasisDt":"20070000","fhdBasisNm":null,"fhdBasisEnt":null,"fhdBasisPrj":null,"fhdBasisMethod":"Electrofishing","fhdAccess":null,"fhdBarrierFtrID":null,"fhdEndExtent":null,"Shape__Length":62769.89930174619,"habitatType":"stream"},"id":1},
{"type":"Feature","geometry":{"type":"LineString","coordinates":[[-123.020919,44.409865],[-123.022632,44.41042],[-123.025551,44.408485],[-123.030122,44.407944],[-123.034193,44.41032],[-123.038009,44.407438],[-123.04111,44.406161],[-123.047756,44.407974],[-123.04831,44.410567],[-123.053085,44.412509],[-123.057659,44.414956],[-123.055753,44.417874],[-123.057112,44.420034],[-123.063393,44.420643],[-123.065954,44.423082],[-123.064303,44.425072],[-123.068228,44.430399],[-123.068129,44.433043],[-123.070645,44.433927],[-123.072307,44.436529],[-123.075826,44.436985],[-123.078141,44.439756],[-123.076837,44.441881],[-123.079102,44.443825],[-123.078902,44.445193],[-123.07624,44.446671],[-123.076694,44.448039],[-123.078757,44.44937],[-123.077101,44.4511],[-123.075056,44.450363],[-123.073149,44.45117],[-123.074489,44.453047],[-123.07423,44.454924],[-123.075487,44.457086],[-123.077398,44.456949],[-123.07656,44.460427],[-123.078522,44.461831],[-123.080653,44.46135],[-123.083503,44.463483],[-123.082752,44.465825],[-123.086675,44.46647],[-123.08698,44.468775],[-123.084549,44.472666],[-123.084072,44.474719],[-123.082364,44.475764],[-123.085132,44.477095],[-123.082671,44.479509],[-123.082928,44.483722],[-123.080516,44.485705],[-123.08087,44.486713],[-123.084588,44.488721],[-123.089533,44.490572],[-123.093059,44.490735],[-123.09206,44.493522],[-123.093806,44.493886],[-123.093878,44.496795],[-123.092258,44.498876],[-123.096589,44.501105],[-123.097196,44.503229],[-123.100457,44.503017],[-123.103036,44.504198],[-123.105236,44.503972],[-123.105774,44.505739],[-123.109219,44.506698],[-123.113201,44.510418],[-123.112906,44.51217],[-123.124573,44.515574],[-123.124399,44.517728],[-123.127701,44.516232],[-123.129553,44.517459],[-123.127707,44.518942],[-123.130529,44.520388],[-123.128243,44.522344],[-123.129392,44.524454],[-123.131639,44.524515],[-123.131291,44.526374],[-123.134073,44.530095],[-123.13541,44.528186],[-123.139324,44.526196],[-123.141371,44.527914],[-123.141416,44.529566],[-123.144313,44.533864],[-123.148723,44.536758],[-123.150393,44.538356],[-123.15314,44.544308],[-123.148872,44.546456],[-123.149668,44.547526],[-123.153548,44.548435],[-123.15201,44.550201],[-123.146552,44.552697],[-123.149071,44.555278],[-123.152645,44.557258],[-123.153093,44.560125],[-123.151066,44.560033],[-123.149661,44.562052],[-123.14923,44.565833],[-123.145842,44.568516],[-123.144385,44.567289],[-123.142581,44.568489],[-123.14448,44.570156],[-123.141396,44.570633],[-123.138497,44.575142],[-123.140708,44.577975],[-123.14309,44.578634],[-123.141158,44.581598],[-123.143804,44.582036],[-123.144779,44.584304],[-123.144964,44.587801],[-123.141743,44.586639],[-123.135447,44.590585],[-123.138187,44.593103],[-123.138147,44.594836],[-123.139825,44.595747],[-123.137846,44.598207],[-123.135683,44.597549],[-123.134186,44.598338],[-123.133184,44.603948],[-123.125603,44.606256],[-123.127683,44.609405],[-123.127245,44.610761],[-123.12941,44.612554],[-123.127915,44.614509],[-123.130481,44.61813],[-123.127969,44.619204],[-123.129473,44.621124],[-123.134198,44.622757],[-123.135917,44.622094],[-123.137732,44.624644],[-123.133981,44.624648],[-123.132618,44.626698],[-123.13046,44.628213],[-123.132143,44.631299],[-123.129939,44.632436],[-123.128701,44.630893],[-123.124511,44.632032],[-123.120541,44.632446],[-123.115471,44.634972],[-123.112295,44.635479],[-123.112433,44.638409],[-123.109433,44.639231]]},"properties":{"OBJECTID":2,"fhdFtrID":2,"fhdRefID":53745,"fhdRevDt":"20190422","fhdONm":"J. Runyon et al.","fhdOEnt":"Calapooia Watershed Council","fhdSpNm":"PKS","fhdRun":"NA","fhdLifeHst":"Resident","fhdUseTy":"ResidentMultipleUses","fhdBasis":"UndocObsFish","fhdStNm":"Calapooia River","fhdGenus":"Lepomis","fhdSp":"gibbosus","fhdSubSp":null,"fhdOrig":"NonNative","fhdProd":"Natural","fhdComment":null,"fhdESH":"NA","fhdBasisD":null,"fhdNMF":"no","fhdBasisDt":"20040000","fhdBasisNm":null,"fhdBasisEnt":null,"fhdBasisPrj":null,"fhdBasisMethod":null,"fhdAccess":null,"fhdBarrierFtrID":null,"fhdEndExtent":null,"Shape__Length":74962.83202140697,"habitatType":"stream"},"id":2},
{"type":"Feature","geometry":{"type":"LineString","coordinates":[[-122.533484,42.711627],[-122.535881,42.710781],[-122.539469,42.711092],[-122.542332,42.710401],[-122.547523,42.711663],[-122.548233,42.712505]]},"properties":{"OBJECTID":3,"fhdFtrID":3,"fhdRefID":53580,"fhdRevDt":"20190807","fhdONm":"Jay Stevens","fhdOEnt":"BLM","fhdSpNm":"PKS","fhdRun":"NA","fhdLifeHst":"Resident","fhdUseTy":"ResidentMultipleUses","fhdBasis":"UndocObsFish","fhdStNm":"South Fork Rogue River","fhdGenus":"Lepomis","fhdSp":"gibbosus","fhdSubSp":null,"fhdOrig":"NonNative","fhdProd":"Natural","fhdComment":null,"fhdESH":"NA","fhdBasisD":null,"fhdNMF":"no","fhdBasisDt":null,"fhdBasisNm":null,"fhdBasisEnt":null,"fhdBasisPrj":null,"fhdBasisMethod":null,"fhdAccess":null,"fhdBarrierFtrID":null,"fhdEndExtent":null,"Shape__Length":1849.164701232207,"habitatType":"stream"},"id":3},
{"type":"Feature","geometry":{"type":"MultiLineString","coordinates":[[[-123.169966,42.430831],[-123.174526,42.433252],[-123.177775,42.433312],[-123.184479,42.430654],[-123.188445,42.427838],[-123.191571,42.424266],[-123.197973,42.419122],[-123.204065,42.419787],[-123.219344,42.419758],[-123.224045,42.419047],[-123.227913,42.419633],[-123.230619,42.421654],[-123.23493,42.423915],[-123.238689,42.424718],[-123.240215,42.423202],[-123.245281,42.422434],[-123.248162,42.422428],[-123.255896,42.423222],[-123.258567,42.425242],[-123.258764,42.428835],[-123.261034,42.431153],[-123.268254,42.430731],[-123.275872,42.429686],[-123.279477,42.428381],[-123.283625,42.426263],[-123.291061,42.425461],[-123.295358,42.424126],[-123.301259,42.422814],[-123.305855,42.422991],[-123.310492,42.424248],[-123.313563,42.425726],[-123.318078,42.429577],[-123.324308,42.430235],[-123.333173,42.430376],[-123.340062,42.43],[-123.342283,42.429291],[-123.346574,42.427008],[-123.349779,42.426242],[-123.355909,42.42679],[-123.360898,42.426754],[-123.364304,42.427734],[-123.368475,42.431616],[-123.37427,42.435997],[-123.377827,42.437379],[-123.384623,42.438364],[-123.389845,42.437776],[-123.395207,42.434913],[-123.405029,42.431815],[-123.408275,42.431884],[-123.412028,42.43133],[-123.427612,42.431306],[-123.433111,42.433239],[-123.436638,42.433492],[-123.437297,42.432567],[-123.44825,42.429915]],[[-123.553804,42.55146],[-123.561493,42.550414],[-123.563072,42.552585],[-123.563779,42.555392],[-123.568568,42.556953],[-123.569722,42.560604]]]},"properties":{"OBJECTID":4,"fhdFtrID":4,"fhdRefID":53580,"fhdRevDt":"20190807","fhdONm":"Jay Stevens","fhdOEnt":"BLM","fhdSpNm":"PKS","fhdRun":"NA","fhdLifeHst":"Resident","fhdUseTy":"ResidentMultipleUses","fhdBasis":"UndocObsFish","fhdStNm":"Rogue River","fhdGenus":"Lepomis","fhdSp":"gibbosus","fhdSubSp":null,"fhdOrig":"NonNative","fhdProd":"Natural","fhdComment":null,"fhdESH":"NA","fhdBasisD":null,"fhdNMF":"no","fhdBasisDt":null,"fhdBasisNm":null,"fhdBasisEnt":null,"fhdBasisPrj":null,"fhdBasisMethod":null,"fhdAccess":null,"fhdBarrierFtrID":null,"fhdEndExtent":null,"Shape__Length":38602.97996884348,"habitatType":"stream"},"id":4},
{"type":"Feature","geometry":{"type":"MultiLineString","coordinates":[[[-123.44825,42.429915],[-123.448967,42.429766],[-123.451179,42.429682],[-123.456141,42.430988],[-123.459601,42.433186],[-123.462876,42.433644],[-123.46532,42.434821],[-123.468983,42.437823],[-123.473057,42.43959],[-123.479784,42.441615],[-123.485345,42.443717],[-123.489164,42.443863],[-123.497098,42.441541],[-123.500604,42.442066],[-123.499179,42.446305],[-123.496863,42.448729],[-123.493599,42.451175],[-123.489794,42.45292],[-123.485618,42.453893],[-123.483889,42.45671],[-123.483212,42.460441],[-123.483807,42.461898],[-123.486698,42.464569],[-123.49019,42.466337],[-123.492579,42.466903],[-123.496853,42.469028],[-123.499227,42.470729],[-123.50127,42.47371],[-123.50008,42.477138],[-123.499812,42.480093],[-123.49466,42.481142],[-123.489722,42.481009],[-123.484499,42.482331],[-123.48326,42.485089],[-123.485915,42.485746],[-123.486725,42.48694],[-123.482951,42.489838],[-123.480151,42.49293],[-123.480526,42.494171],[-123.487431,42.494817],[-123.488643,42.495739],[-123.488738,42.498549],[-123.487753,42.500282],[-123.484949,42.502798],[-123.478916,42.506444],[-123.479347,42.508675],[-123.480913,42.509786],[-123.487554,42.512207],[-123.489927,42.513764],[-123.493247,42.517946],[-123.49323,42.518901],[-123.490957,42.524008],[-123.491525,42.524997],[-123.496606,42.5271],[-123.502165,42.533992],[-123.501911,42.535669],[-123.499937,42.538667],[-123.501333,42.539616],[-123.507648,42.540398],[-123.514075,42.543035],[-123.518393,42.54669],[-123.525474,42.548784],[-123.528733,42.55102],[-123.533931,42.552077],[-123.539555,42.554536],[-123.542562,42.554474],[-123.544511,42.552945],[-123.548388,42.553287],[-123.553804,42.55146]],[[-123.569722,42.560604],[-123.571858,42.562394],[-123.576235,42.564048],[-123.58103,42.563501],[-123.587527,42.559956],[-123.593796,42.558666],[-123.597953,42.559775],[-123.597935,42.562964],[-123.594443,42.564783],[-123.593827,42.566587],[-123.594481,42.568745],[-123.596386,42.57178],[-123.595386,42.574234],[-123.593121,42.574336],[-123.590112,42.578314],[-123.589602,42.581163],[-123.590258,42.583465],[-123.594869,42.586539],[-123.592772,42.589035],[-123.587563,42.589783],[-123.58268,42.591537],[-123.581282,42.593273],[-123.581726,42.596495],[-123.584018,42.599167],[-123.583956,42.600284],[-123.578966,42.603804],[-123.578986,42.605965],[-123.581765,42.608472],[-123.589792,42.60908],[-123.591724,42.609592],[-123.594088,42.612102],[-123.593819,42.614535],[-123.595304,42.61685],[-123.598812,42.619048],[-123.599498,42.621926],[-123.596938,42.624551],[-123.596585,42.628389],[-123.595272,42.63017],[-123.592762,42.631723],[-123.592418,42.635264],[-123.585742,42.63999],[-123.58502,42.641075],[-123.585435,42.64372],[-123.584836,42.648637]]]},"properties":{"OBJECTID":5,"fhdFtrID":4,"fhdRefID":53580,"fhdRevDt":"20190807","fhdONm":"Jay Stevens","fhdOEnt":"BLM","fhdSpNm":"PKS","fhdRun":"NA","fhdLifeHst":"Resident","fhdUseTy":"ResidentMultipleUses","fhdBasis":"UndocObsFish","fhdStNm":"Rogue River","fhdGenus":"Lepomis","fhdSp":"gibbosus","fhdSubSp":null,"fhdOrig":"NonNative","fhdProd":"Natural","fhdComment":null,"fhdESH":"NA","fhdBasisD":null,"fhdNMF":"no","fhdBasisDt":null,"fhdBasisNm":"Steve Brazier","fhdBasisEnt":null,"fhdBasisPrj":null,"fhdBasisMethod":null,"fhdAccess":null,"fhdBarrierFtrID":null,"fhdEndExtent":null,"Shape__Length":56815.13693011584,"habitatType":"stream"},"id":5},
{"type":"Feature","geometry":{"type":"LineString","coordinates":[[-122.673935,42.672763],[-122.663533,42.672733],[-122.658974,42.674989],[-122.650037,42.682175],[-122.643654,42.685047],[-122.637132,42.685162],[-122.631522,42.684177],[-122.628188,42.684572],[-122.623955,42.688098],[-122.621288,42.689676],[-122.617614,42.689754],[-122.610547,42.692745],[-122.600748,42.694178],[-122.598773,42.695242],[-122.597034,42.699755],[-122.59256,42.701972],[-122.586408,42.703145],[-122.583658,42.703129],[-122.57976,42.702094],[-122.57509,42.703186],[-122.571919,42.709546],[-122.569836,42.711824],[-122.565244,42.71203],[-122.558492,42.709579],[-122.554523,42.70994],[-122.552723,42.712488],[-122.548233,42.712505],[-122.547122,42.712409],[-122.539286,42.716036],[-122.535668,42.716235]]},"properties":{"OBJECTID":6,"fhdFtrID":5,"fhdRefID":53580,"fhdRevDt":"20190807","fhdONm":"Jay Stevens","fhdOEnt":"BLM","fhdSpNm":"PKS","fhdRun":"NA","fhdLifeHst":"Resident","fhdUseTy":"ResidentMultipleUses","fhdBasis":"UndocObsFish","fhdStNm":"Rogue River","fhdGenus":"Lepomis","fhdSp":"gibbosus","fhdSubSp":null,"fhdOrig":"NonNative","fhdProd":"Natural","fhdComment":null,"fhdESH":"NA","fhdBasisD":null,"fhdNMF":"no","fhdBasisDt":null,"fhdBasisNm":null,"fhdBasisEnt":null,"fhdBasisPrj":null,"fhdBasisMethod":null,"fhdAccess":null,"fhdBarrierFtrID":null,"fhdEndExtent":null,"Shape__Length":18902.97815963636,"habitatType":"stream"},"id":6},
{"type":"Feature","geometry":{"type":"LineString","coordinates":[[-123.570687,42.25237],[-123.572845,42.253686],[-123.572078,42.257321],[-123.574866,42.260582],[-123.579148,42.261578],[-123.577684,42.265558],[-123.578229,42.267102],[-123.58107,42.269311],[-123.587087,42.270159],[-123.59359,42.275108]]},"properties":{"OBJECTID":7,"fhdFtrID":6,"fhdRefID":53580,"fhdRevDt":"20190807","fhdONm":"Jay Stevens","fhdOEnt":"BLM","fhdSpNm":"PKS","fhdRun":"NA","fhdLifeHst":"Resident","fhdUseTy":"ResidentMultipleUses","fhdBasis":"UndocObsFish","fhdStNm":"McMullin Creek","fhdGenus":"Lepomis","fhdSp":"gibbosus","fhdSubSp":null,"fhdOrig":"NonNative","fhdProd":"Natural","fhdComment":null,"fhdESH":"NA","fhdBasisD":null,"fhdNMF":"no","fhdBasisDt":null,"fhdBasisNm":null,"fhdBasisEnt":null,"fhdBasisPrj":null,"fhdBasisMethod":null,"fhdAccess":null,"fhdBarrierFtrID":null,"fhdEndExtent":null,"Shape__Length":5901.71508933739,"habitatType":"stream"},"id":7},
{"type":"Feature","geometry":{"type":"LineString","coordinates":[[-117.205653,43.700183],[-117.207863,43.703852],[-117.207945,43.70604],[-117.203142,43.706427],[-117.199598,43.704272],[-117.199475,43.701004],[-117.196455,43.699767],[-117.194036,43.699933],[-117.191285,43.701504],[-117.191343,43.70796],[-117.194432,43.711269],[-117.194241,43.712741],[-117.191198,43.716971],[-117.191274,43.721196],[-117.193957,43.721624],[-117.198462,43.720941],[-117.200965,43.723394],[-117.201346,43.72569],[-117.203887,43.728305],[-117.20304,43.731035],[-117.201889,43.732118],[-117.196784,43.73164],[-117.193584,43.732915],[-117.185433,43.735387],[-117.180192,43.73758],[-117.17758,43.737993],[-117.175259,43.736761],[-117.168523,43.735611],[-117.165959,43.736579],[-117.164857,43.738289],[-117.165647,43.739676],[-117.163144,43.741532],[-117.153465,43.745958],[-117.146192,43.74579],[-117.143589,43.747981],[-117.14386,43.752032],[-117.143269,43.754437],[-117.144134,43.757326],[-117.146667,43.756972],[-117.149011,43.755806],[-117.150953,43.755839],[-117.15509,43.757015],[-117.155898,43.759229],[-117.153423,43.763624],[-117.154358,43.766034],[-117.152188,43.773712],[-117.149097,43.774905],[-117.1438,43.773561],[-117.141558,43.77432],[-117.138491,43.776869],[-117.138625,43.778413],[-117.141116,43.78115],[-117.140132,43.783263],[-117.137486,43.783699],[-117.132709,43.781813],[-117.128871,43.782898],[-117.128169,43.785735],[-117.125896,43.786548],[-117.122986,43.785525],[-117.118923,43.786151],[-117.117579,43.785072],[-117.111912,43.785563],[-117.107656,43.782407],[-117.104674,43.782761],[-117.095688,43.782283],[-117.094009,43.781474],[-117.092475,43.778504],[-117.089678,43.777534],[-117.087144,43.778508],[-117.08364,43.778754],[-117.077373,43.776057],[-117.073607,43.775735],[-117.070921,43.773954],[-117.069579,43.773928],[-117.066786,43.776253],[-117.062295,43.779015],[-117.059833,43.781537],[-117.057261,43.783298],[-117.052225,43.785611],[-117.053829,43.794385],[-117.051742,43.796385],[-117.048722,43.796899],[-117.045703,43.79925],[-117.040968,43.801143],[-117.039738,43.802521],[-117.037473,43.807817],[-117.03288,43.810006],[-117.028666,43.812681],[-117.025665,43.812765]]},"properties":{"OBJECTID":8,"fhdFtrID":7,"fhdRefID":53580,"fhdRevDt":"20190423","fhdONm":"Jay Stevens","fhdOEnt":"BLM","fhdSpNm":"PKS","fhdRun":"NA","fhdLifeHst":"Resident","fhdUseTy":"ResidentMultipleUses","fhdBasis":"UndocObsFish","fhdStNm":"Owyhee River","fhdGenus":"Lepomis","fhdSp":"gibbosus","fhdSubSp":null,"fhdOrig":"NonNative","fhdProd":"Natural","fhdComment":null,"fhdESH":"NA","fhdBasisD":null,"fhdNMF":"no","fhdBasisDt":null,"fhdBasisNm":null,"fhdBasisEnt":null,"fhdBasisPrj":null,"fhdBasisMethod":null,"fhdAccess":null,"fhdBarrierFtrID":null,"fhdEndExtent":null,"Shape__Length":44787.307725898216,"habitatType":"stream"},"id":8},
{"type":"Feature","geometry":{"type":"LineString","coordinates":[[-123.687616,42.269359],[-123.68649,42.269433],[-123.683378,42.272046],[-123.683266,42.275163],[-123.678655,42.278351],[-123.676204,42.277051],[-123.672499,42.278784],[-123.67067,42.278993],[-123.665525,42.281031],[-123.660677,42.279015],[-123.657955,42.279697],[-123.650751,42.278837],[-123.64696,42.277023],[-123.644595,42.276955],[-123.639769,42.274686],[-123.637586,42.274644],[-123.635355,42.273495],[-123.633364,42.270804],[-123.62785,42.272428],[-123.618199,42.271373],[-123.616864,42.272434],[-123.616788,42.275893],[-123.614653,42.277012],[-123.611123,42.274845],[-123.609497,42.275376],[-123.608508,42.277477],[-123.603532,42.277439],[-123.602528,42.275868],[-123.598866,42.276171],[-123.595772,42.273764],[-123.59359,42.275108]]},"properties":{"OBJECTID":9,"fhdFtrID":8,"fhdRefID":53580,"fhdRevDt":"20190807","fhdONm":"Jay Stevens","fhdOEnt":"BLM","fhdSpNm":"PKS","fhdRun":"NA","fhdLifeHst":"Resident","fhdUseTy":"ResidentMultipleUses","fhdBasis":"UndocObsFish","fhdStNm":"Deer Creek","fhdGenus":"Lepomis","fhdSp":"gibbosus","fhdSubSp":null,"fhdOrig":"NonNative","fhdProd":"Natural","fhdComment":null,"fhdESH":"NA","fhdBasisD":null,"fhdNMF":"no","fhdBasisDt":null,"fhdBasisNm":null,"fhdBasisEnt":null,"fhdBasisPrj":null,"fhdBasisMethod":null,"fhdAccess":null,"fhdBarrierFtrID":null,"fhdEndExtent":null,"Shape__Length":14054.00915366659,"habitatType":"stream"},"id":9},
{"type":"Feature","geometry":{"type":"LineString","coordinates":[[-122.79086,45.619485],[-122.799348,45.619152],[-122.803564,45.620027],[-122.807058,45.621602],[-122.814013,45.625486],[-122.818699,45.630167],[-122.820305,45.632661],[-122.821979,45.638468],[-122.824682,45.645023],[-122.827124,45.647765],[-122.83118,45.650057],[-122.835156,45.65161],[-122.840272,45.65285],[-122.842344,45.653872],[-122.847055,45.658506],[-122.853146,45.662586],[-122.856631,45.665769],[-122.858387,45.668734],[-122.860189,45.67052],[-122.867066,45.674944],[-122.867637,45.678271],[-122.865605,45.683421],[-122.866467,45.688218],[-122.867504,45.689933],[-122.868633,45.694267],[-122.866815,45.705806],[-122.867732,45.714228],[-122.866772,45.717257],[-122.858698,45.729095],[-122.855989,45.732498],[-122.852332,45.734497],[-122.843596,45.735904],[-122.839797,45.73782],[-122.838646,45.740926],[-122.839322,45.745178],[-122.837897,45.746391],[-122.835044,45.746951],[-122.828673,45.747067],[-122.825248,45.747463],[-122.823776,45.749844],[-122.82387,45.755477],[-122.822413,45.757606],[-122.819764,45.759817],[-122.818201,45.762044],[-122.818973,45.763066],[-122.820023,45.767944],[-122.819498,45.769677],[-122.814752,45.772982],[-122.812042,45.777348],[-122.809689,45.783219],[-122.803744,45.788261],[-122.800943,45.792563],[-122.800096,45.795547],[-122.800675,45.799953],[-122.80626,45.801995],[-122.817471,45.803284],[-122.821087,45.804552],[-122.823472,45.806247],[-122.826078,45.809391],[-122.827177,45.812441],[-122.827036,45.81508],[-122.825727,45.817988],[-122.823514,45.819942],[-122.817511,45.823476],[-122.811343,45.834669],[-122.806287,45.837884],[-122.799051,45.846293],[-122.795078,45.856126],[-122.793883,45.856901]]},"properties":{"OBJECTID":10,"fhdFtrID":9,"fhdRefID":53710,"fhdRevDt":"20190807","fhdONm":"Stan Greogry","fhdOEnt":"OSU","fhdSpNm":"PKS","fhdRun":"NA","fhdLifeHst":"Resident","fhdUseTy":"ResidentMultipleUses","fhdBasis":"DocObsFish","fhdStNm":"Multnomah Channel","fhdGenus":"Lepomis","fhdSp":"gibbosus","fhdSubSp":null,"fhdOrig":"NonNative","fhdProd":"Natural","fhdComment":null,"fhdESH":"NA","fhdBasisD":null,"fhdNMF":"no","fhdBasisDt":"20130000","fhdBasisNm":"Randy Wildman, Stan Gregory","fhdBasisEnt":null,"fhdBasisPrj":null,"fhdBasisMethod":"Electrofisher","fhdAccess":null,"fhdBarrierFtrID":null,"fhdEndExtent":null,"Shape__Length":49097.3556602543,"habitatType":"stream"},"id":10},
{"type":"Feature","geometry":{"type":"LineString","coordinates":[[-123.44879,42.429351],[-123.448967,42.429766]]},"properties":{"OBJECTID":11,"fhdFtrID":10,"fhdRefID":53580,"fhdRevDt":"20190807","fhdONm":"Jay Stevens","fhdOEnt":"BLM","fhdSpNm":"PKS","fhdRun":"NA","fhdLifeHst":"Resident","fhdUseTy":"ResidentMultipleUses","fhdBasis":"UndocObsFish","fhdStNm":"Applegate River","fhdGenus":"Lepomis","fhdSp":"gibbosus","fhdSubSp":null,"fhdOrig":"NonNative","fhdProd":"Natural","fhdComment":null,"fhdESH":"NA","fhdBasisD":null,"fhdNMF":"no","fhdBasisDt":null,"fhdBasisNm":null,"fhdBasisEnt":null,"fhdBasisPrj":null,"fhdBasisMethod":null,"fhdAccess":null,"fhdBarrierFtrID":null,"fhdEndExtent":null,"Shape__Length":65.70613542838328,"habitatType":"stream"},"id":11},
{"type":"Feature","geometry":{"type":"LineString","coordinates":[[-122.605074,42.161617],[-122.604647,42.163473],[-122.609822,42.166259],[-122.612435,42.16809],[-122.616311,42.16921],[-122.621481,42.173287],[-122.622945,42.176147],[-122.626758,42.176858],[-122.627582,42.179318],[-122.6295,42.180999],[-122.630701,42.183756],[-122.633165,42.185185],[-122.635163,42.188491],[-122.638137,42.189991],[-122.643357,42.189592],[-122.646633,42.191767],[-122.647303,42.193881],[-122.651815,42.192801],[-122.655146,42.191435],[-122.658106,42.191326],[-122.660682,42.192913],[-122.662413,42.193094],[-122.664202,42.194709],[-122.66602,42.19443]]},"properties":{"OBJECTID":12,"fhdFtrID":11,"fhdRefID":53580,"fhdRevDt":"20190806","fhdONm":"Jay Stevens","fhdOEnt":"BLM","fhdSpNm":"PKS","fhdRun":"NA","fhdLifeHst":"Resident","fhdUseTy":"ResidentMultipleUses","fhdBasis":"UndocObsFish","fhdStNm":"Emigrant Creek","fhdGenus":"Lepomis","fhdSp":"gibbosus","fhdSubSp":null,"fhdOrig":"NonNative","fhdProd":"Natural","fhdComment":null,"fhdESH":"NA","fhdBasisD":null,"fhdNMF":"no","fhdBasisDt":null,"fhdBasisNm":null,"fhdBasisEnt":null,"fhdBasisPrj":null,"fhdBasisMethod":null,"fhdAccess":null,"fhdBarrierFtrID":null,"fhdEndExtent":null,"Shape__Length":10248.801124620173,"habitatType":"stream"},"id":12},
{"type":"Feature","geometry":{"type":"LineString","coordinates":[[-123.176115,44.247356],[-123.179041,44.251685],[-123.179638,44.253367],[-123.17781,44.256003],[-123.174477,44.258579],[-123.173988,44.259944],[-123.175053,44.262938],[-123.174508,44.267597],[-123.174994,44.275937],[-123.176101,44.278231],[-123.178825,44.280666],[-123.182602,44.283185],[-123.188364,44.286266],[-123.190629,44.289252],[-123.192046,44.293211],[-123.191962,44.298144],[-123.190817,44.300883],[-123.191681,44.304411],[-123.194097,44.307108],[-123.197861,44.307894],[-123.202525,44.30785],[-123.205236,44.308709],[-123.213966,44.309629],[-123.217184,44.311784],[-123.218357,44.316932],[-123.216925,44.323128],[-123.216982,44.325037],[-123.21885,44.328095],[-123.221869,44.330501],[-123.22744,44.331103],[-123.234654,44.329792],[-123.239023,44.329531],[-123.243592,44.330349],[-123.245911,44.332937],[-123.243617,44.336363],[-123.240562,44.337738],[-123.237501,44.337636],[-123.232541,44.339555],[-123.229689,44.341614],[-123.228647,44.344713],[-123.230814,44.347787],[-123.231263,44.349719],[-123.233217,44.352439],[-123.233913,44.355384],[-123.232796,44.357746],[-123.23016,44.359619],[-123.227981,44.36006],[-123.221325,44.35942],[-123.219273,44.361045],[-123.220138,44.364212],[-123.223434,44.369201],[-123.22503,44.369964],[-123.231712,44.371248],[-123.236942,44.373398],[-123.240902,44.375965],[-123.244217,44.380028],[-123.244716,44.382959],[-123.242611,44.384461],[-123.240102,44.384879],[-123.236787,44.384814],[-123.232777,44.386694],[-123.230223,44.388464],[-123.225191,44.390585],[-123.223409,44.392284],[-123.223215,44.39442],[-123.224836,44.398054],[-123.225652,44.401185],[-123.228476,44.408517],[-123.228524,44.411232],[-123.229477,44.414889],[-123.227399,44.418173],[-123.223982,44.419258],[-123.220805,44.421293],[-123.223174,44.422922],[-123.22435,44.425394],[-123.226392,44.427213],[-123.228175,44.431011],[-123.228179,44.432653],[-123.226713,44.434427],[-123.224465,44.434823],[-123.22156,44.433992],[-123.211442,44.434692],[-123.208479,44.435862],[-123.20709,44.438186],[-123.205504,44.442705],[-123.205565,44.444925],[-123.210657,44.449699],[-123.21118,44.45559],[-123.214726,44.462858],[-123.216766,44.468986],[-123.21615,44.471809],[-123.213778,44.474338],[-123.21333,44.476896],[-123.214379,44.479889],[-123.219424,44.481847],[-123.220931,44.484817],[-123.220052,44.486458],[-123.214899,44.4885],[-123.214047,44.489354],[-123.215222,44.493418],[-123.211769,44.501272],[-123.213008,44.505871],[-123.214665,44.507922],[-123.21837,44.51056],[-123.221906,44.510987],[-123.225222,44.512722],[-123.228048,44.516706],[-123.229989,44.520942],[-123.233029,44.524892],[-123.237623,44.527902],[-123.240224,44.528309],[-123.244189,44.526596],[-123.249779,44.526169],[-123.252472,44.527059],[-123.253304,44.528828],[-123.24977,44.532745],[-123.24864,44.536785],[-123.24547,44.539824],[-123.241912,44.544116],[-123.241925,44.547213],[-123.243917,44.54914],[-123.249849,44.551518],[-123.25303,44.553275],[-123.257969,44.554273],[-123.260747,44.555887],[-123.260756,44.558083],[-123.25866,44.562265],[-123.256507,44.565331],[-123.253867,44.572179],[-123.251673,44.57438],[-123.248661,44.575742],[-123.228216,44.583154],[-123.224262,44.584272],[-123.219855,44.584926],[-123.205166,44.586097],[-123.194229,44.585554],[-123.185432,44.58686],[-123.18314,44.589599],[-123.182899,44.592984],[-123.18492,44.594853],[-123.195005,44.596457],[-123.198138,44.5989],[-123.198499,44.601348],[-123.1977,44.603366],[-123.195386,44.605027],[-123.189503,44.607171],[-123.186918,44.607376],[-123.183153,44.609945],[-123.182708,44.61261],[-123.183421,44.615058],[-123.182824,44.617615],[-123.180763,44.619527],[-123.17905,44.619998],[-123.174714,44.619861],[-123.170585,44.621703],[-123.169888,44.625053],[-123.171964,44.628003],[-123.171924,44.63128],[-123.170672,44.634451],[-123.163923,44.637522],[-123.157164,44.637315],[-123.147935,44.637471],[-123.139312,44.63795],[-123.133461,44.637885],[-123.128268,44.638683],[-123.121001,44.640797],[-123.114644,44.640739],[-123.110892,44.640238],[-123.109433,44.639231],[-123.103387,44.639268],[-123.093108,44.641546],[-123.07833,44.646346],[-123.073524,44.650383],[-123.072999,44.653849],[-123.074904,44.659551],[-123.079544,44.662982],[-123.084227,44.665184],[-123.086307,44.66846],[-123.087683,44.673469],[-123.089099,44.674822],[-123.093693,44.676016],[-123.101465,44.675757],[-123.105834,44.674651],[-123.112105,44.674676],[-123.1148,44.675367],[-123.116746,44.676751],[-123.118431,44.680184],[-123.12046,44.689399],[-123.121699,44.691836],[-123.124466,44.693757],[-123.126857,44.696402],[-123.130704,44.698256],[-123.136987,44.702597],[-123.141281,44.706058],[-123.144337,44.709079],[-123.146555,44.712416],[-123.14736,44.716385],[-123.150515,44.723029],[-123.150525,44.726968],[-123.147882,44.730437],[-123.137641,44.736468],[-123.13327,44.73871],[-123.132347,44.740822],[-123.132706,44.743437],[-123.134744,44.745482],[-123.139612,44.747115],[-123.143509,44.749568],[-123.147521,44.754383],[-123.148521,44.760188],[-123.14819,44.764239],[-123.146197,44.770561],[-123.146685,44.77258],[-123.144151,44.775751],[-123.135869,44.780297],[-123.131629,44.78458],[-123.131069,44.786676],[-123.128573,44.789973],[-123.123194,44.793301],[-123.117583,44.794252],[-123.109243,44.79661],[-123.101729,44.797375],[-123.097625,44.799073],[-123.095783,44.800461],[-123.092946,44.80445],[-123.091321,44.808212],[-123.091364,44.811479],[-123.092657,44.813666],[-123.106868,44.820085],[-123.111414,44.821696],[-123.115171,44.821979],[-123.12147,44.823619],[-123.122958,44.825169],[-123.12835,44.826595],[-123.136357,44.826234],[-123.139277,44.825367],[-123.146582,44.825798],[-123.149076,44.828865],[-123.150799,44.829668],[-123.157146,44.830384],[-123.161669,44.82988],[-123.167694,44.828423],[-123.174546,44.830476],[-123.178617,44.833819],[-123.179728,44.836896],[-123.180024,44.840921],[-123.181204,44.841588],[-123.183247,44.847279],[-123.180872,44.849462],[-123.180116,44.852127],[-123.180673,44.856352],[-123.178722,44.860506],[-123.173452,44.863976],[-123.168503,44.864394],[-123.162309,44.861821],[-123.154218,44.859603],[-123.150838,44.86037],[-123.147538,44.862699],[-123.148001,44.866229],[-123.146287,44.870665],[-123.145031,44.877364],[-123.141955,44.882951],[-123.140143,44.885167],[-123.13483,44.889095],[-123.133167,44.891513],[-123.132038,44.896105],[-123.128561,44.904508],[-123.125189,44.909319],[-123.122495,44.911239],[-123.117774,44.913186],[-123.114899,44.913758],[-123.112393,44.915057],[-123.107611,44.918681],[-123.107273,44.920815],[-123.108645,44.922758],[-123.110814,44.924133],[-123.112224,44.926022],[-123.112648,44.928587],[-123.10982,44.930815],[-123.105054,44.930351],[-123.094384,44.930548],[-123.090962,44.930291],[-123.087766,44.928601],[-123.082188,44.926913],[-123.078488,44.926808],[-123.073479,44.927932],[-123.072003,44.92926],[-123.059289,44.938486],[-123.054019,44.941081],[-123.043476,44.94465],[-123.041755,44.947856],[-123.039424,44.950665],[-123.03807,44.95703],[-123.039198,44.960042],[-123.03695,44.967049],[-123.037258,44.974215],[-123.037869,44.976447],[-123.037009,44.98048],[-123.037671,44.984657],[-123.039144,44.987213],[-123.043155,44.990308],[-123.045642,44.991136],[-123.04889,44.991206],[-123.053608,44.98998],[-123.056804,44.989978],[-123.059087,44.989005],[-123.064263,44.989722],[-123.065991,44.991882],[-123.065942,44.99325],[-123.069307,44.998901],[-123.069598,45.00204],[-123.07123,45.007096],[-123.074363,45.011575],[-123.075742,45.014413],[-123.075437,45.020003],[-123.073883,45.026252],[-123.074502,45.03133],[-123.070641,45.03682],[-123.069145,45.041612],[-123.069006,45.046462],[-123.067725,45.050818],[-123.067971,45.058783],[-123.066824,45.061249],[-123.065876,45.066459],[-123.068017,45.071649],[-123.069137,45.076138],[-123.066448,45.079848],[-123.061877,45.083091],[-123.059439,45.084245],[-123.055018,45.085147],[-123.049734,45.087418],[-123.043779,45.091594],[-123.043551,45.096984],[-123.042699,45.100118],[-123.035519,45.10419],[-123.030317,45.105264],[-123.026473,45.104852],[-123.022784,45.102131],[-123.018707,45.10183],[-123.013973,45.102806],[-123.010802,45.105216],[-123.008718,45.108492],[-123.004091,45.112129],[-122.99692,45.114995],[-122.996007,45.117082],[-122.997175,45.120411],[-123.002719,45.124264],[-123.00628,45.12628],[-123.010349,45.129484],[-123.011938,45.134038],[-123.014776,45.136649],[-123.022408,45.139457],[-123.027751,45.141076],[-123.030652,45.143343],[-123.032129,45.145575],[-123.033097,45.148672],[-123.0331,45.153281],[-123.032288,45.156521],[-123.029115,45.160705],[-123.025522,45.162464],[-123.020114,45.163339],[-123.016909,45.16248],[-123.01297,45.160427],[-123.005214,45.160127],[-123.001499,45.163079],[-123.000736,45.166464],[-123.010592,45.172584],[-123.014524,45.17583],[-123.015595,45.17785],[-123.016169,45.181467],[-123.018053,45.186937],[-123.0192,45.188731],[-123.01867,45.193478],[-123.018712,45.197067],[-123.020596,45.199816],[-123.023912,45.201725],[-123.027638,45.202101],[-123.037748,45.199175],[-123.043151,45.198883],[-123.045854,45.200706],[-123.046639,45.204066],[-123.045372,45.206723],[-123.045637,45.209826],[-123.046686,45.21133],[-123.043832,45.219795],[-123.042389,45.219664],[-123.040486,45.221778],[-123.038355,45.222454],[-123.026772,45.223171],[-123.019537,45.222704],[-123.013627,45.222705],[-123.004303,45.221878],[-123.001297,45.222634],[-122.999361,45.223894],[-122.996915,45.229079],[-122.996915,45.23124],[-122.995238,45.234674],[-122.996405,45.238621],[-122.998036,45.240133],[-123.001298,45.252987],[-123.001196,45.258532],[-122.998442,45.262745],[-122.995018,45.265377],[-122.994906,45.267542],[-122.992461,45.27076],[-122.990477,45.272395],[-122.975645,45.279269],[-122.974114,45.280997],[-122.969981,45.283985],[-122.967125,45.2851],[-122.963758,45.284847],[-122.960547,45.282505],[-122.95703,45.27858],[-122.952498,45.2708],[-122.949696,45.268279],[-122.944393,45.26752],[-122.938223,45.268309],[-122.930268,45.268557],[-122.920121,45.268262],[-122.914565,45.267106],[-122.912425,45.26624],[-122.907079,45.261663],[-122.899949,45.256868],[-122.897452,45.256614],[-122.893728,45.257907],[-122.889598,45.257867],[-122.883486,45.255304],[-122.872912,45.253925],[-122.869244,45.253057],[-122.863738,45.25305],[-122.858841,45.254584],[-122.852101,45.25868],[-122.849383,45.259757],[-122.845897,45.262344],[-122.841218,45.267118],[-122.838727,45.268951],[-122.833851,45.275506],[-122.829865,45.278308],[-122.82726,45.2796],[-122.821186,45.281464],[-122.814706,45.282173],[-122.806436,45.28432],[-122.797643,45.28748],[-122.794309,45.289821],[-122.791415,45.291207],[-122.787126,45.292495],[-122.783263,45.29297],[-122.778133,45.293018],[-122.772742,45.292008],[-122.76513,45.291642],[-122.75835,45.293734],[-122.749147,45.298467],[-122.742535,45.300977],[-122.734215,45.302429],[-122.724638,45.302704],[-122.721886,45.302049],[-122.718188,45.299232],[-122.71273,45.296626],[-122.704771,45.296632],[-122.701092,45.297703],[-122.697716,45.299422],[-122.694156,45.299845],[-122.687709,45.299571],[-122.684448,45.297766],[-122.681835,45.292871],[-122.674212,45.287881],[-122.668415,45.28484],[-122.664628,45.284748],[-122.662673,45.286802],[-122.660435,45.292456],[-122.661107,45.297996],[-122.666198,45.30406],[-122.666344,45.305249],[-122.663968,45.312924],[-122.66533,45.315379],[-122.666058,45.318648],[-122.663277,45.321321],[-122.661732,45.325744],[-122.659332,45.329908],[-122.653804,45.334754],[-122.649729,45.337523],[-122.647314,45.337975],[-122.641126,45.341601],[-122.632521,45.345894],[-122.627877,45.347392],[-122.624842,45.348894],[-122.622797,45.3518],[-122.616023,45.356395],[-122.611952,45.357762],[-122.608567,45.35983],[-122.604941,45.363463],[-122.60397,45.36535],[-122.605242,45.369756],[-122.607392,45.371639],[-122.614415,45.374852],[-122.616823,45.374436],[-122.619749,45.377236],[-122.622602,45.383294],[-122.623234,45.38727],[-122.624707,45.38954],[-122.629356,45.394029],[-122.636689,45.39723],[-122.639917,45.400461],[-122.642337,45.399901],[-122.644898,45.400728],[-122.646556,45.403879],[-122.654289,45.408053],[-122.658235,45.409761],[-122.658011,45.413112],[-122.655563,45.417707],[-122.65543,45.420549],[-122.656074,45.42373],[-122.653972,45.426224],[-122.649078,45.429797],[-122.648932,45.432811],[-122.650965,45.436617],[-122.645833,45.439922],[-122.645602,45.442295],[-122.646768,45.443468],[-122.652036,45.445512],[-122.653753,45.446856],[-122.656714,45.450589],[-122.658319,45.453755],[-122.663427,45.460605],[-122.665095,45.463281],[-122.666482,45.468462],[-122.665939,45.475682],[-122.66652,45.477281],[-122.669101,45.480679],[-122.66976,45.485944],[-122.669234,45.489517],[-122.666556,45.495954],[-122.665472,45.500224],[-122.665506,45.502914],[-122.669784,45.510038],[-122.670581,45.513556],[-122.669533,45.517772],[-122.66844,45.51978],[-122.667625,45.523962],[-122.667953,45.526423],[-122.674896,45.53245],[-122.684549,45.53917],[-122.69106,45.544144],[-122.697971,45.550344],[-122.711474,45.555458],[-122.722669,45.560354],[-122.730151,45.565061],[-122.738702,45.572118],[-122.745753,45.576709],[-122.749739,45.578796],[-122.760154,45.582539],[-122.764148,45.584804],[-122.77244,45.591805],[-122.777886,45.598023],[-122.782788,45.604652],[-122.790078,45.616897],[-122.79086,45.619485],[-122.791145,45.625908],[-122.790409,45.629925],[-122.788736,45.633],[-122.785691,45.635966],[-122.780416,45.639854],[-122.773995,45.643435],[-122.770776,45.645993],[-122.766276,45.651208],[-122.765039,45.653344],[-122.764025,45.657479]]},"properties":{"OBJECTID":13,"fhdFtrID":12,"fhdRefID":53710,"fhdRevDt":"20190807","fhdONm":"Stan Gregory","fhdOEnt":"OSU","fhdSpNm":"PKS","fhdRun":"NA","fhdLifeHst":"Resident","fhdUseTy":"ResidentMultipleUses","fhdBasis":"DocObsFish","fhdStNm":"Willamette River","fhdGenus":"Lepomis","fhdSp":"gibbosus","fhdSubSp":null,"fhdOrig":"NonNative","fhdProd":"Natural","fhdComment":null,"fhdESH":"NA","fhdBasisD":null,"fhdNMF":"no","fhdBasisDt":"20130000","fhdBasisNm":"Randy Wildman, Stan Gregory","fhdBasisEnt":null,"fhdBasisPrj":null,"fhdBasisMethod":"Electrofisher","fhdAccess":null,"fhdBarrierFtrID":null,"fhdEndExtent":null,"Shape__Length":373487.7294588893,"habitatType":"stream"},"id":13},
{"type":"Feature","geometry":{"type":"LineString","coordinates":[[-117.021969,43.817411],[-117.020119,43.819803],[-117.01998,43.821143],[-117.023252,43.824974],[-117.026205,43.825655],[-117.031762,43.828603],[-117.032812,43.82972],[-117.031579,43.831642],[-117.03192,43.835173],[-117.026181,43.841207],[-117.022847,43.842325],[-117.015314,43.840047],[-117.012103,43.840941],[-117.010282,43.843712],[-117.010036,43.848762],[-117.013341,43.852069],[-117.019764,43.853632],[-117.021247,43.854883],[-117.021433,43.857743],[-117.018346,43.860157],[-117.009112,43.863689],[-116.997377,43.864896],[-116.99059,43.864001],[-116.988142,43.865459],[-116.983601,43.866905],[-116.982273,43.869631],[-116.982519,43.87267],[-116.983569,43.875039],[-116.984092,43.879463],[-116.983659,43.881385],[-116.978899,43.888624],[-116.978466,43.89059],[-116.976177,43.895406],[-116.976736,43.897702],[-116.976419,43.901847],[-116.97722,43.905848],[-116.979616,43.911117],[-116.98063,43.912117],[-116.980629,43.915085],[-116.979083,43.916145],[-116.97371,43.916817],[-116.963839,43.917248],[-116.961858,43.917771],[-116.960129,43.92521],[-116.959252,43.927054],[-116.959678,43.93026],[-116.961477,43.933207],[-116.966443,43.93423],[-116.969132,43.937731],[-116.968944,43.940649],[-116.964269,43.944537],[-116.962698,43.94667],[-116.961947,43.951451],[-116.960343,43.954668],[-116.961938,43.956271],[-116.967665,43.956774],[-116.97361,43.956856],[-116.976152,43.957505],[-116.978096,43.958991],[-116.978806,43.961449],[-116.97802,43.963637],[-116.974837,43.966864],[-116.970925,43.96839],[-116.966647,43.968825],[-116.964088,43.970315],[-116.960968,43.969617],[-116.957715,43.970876],[-116.956839,43.971982],[-116.955562,43.977694],[-116.953387,43.981345],[-116.9504,43.984132],[-116.940635,43.984294],[-116.937671,43.985647],[-116.934465,43.987927],[-116.940293,43.997349],[-116.943867,44.000845],[-116.944408,44.004598],[-116.943338,44.005774],[-116.938592,44.008574],[-116.936546,44.011884],[-116.936342,44.015969],[-116.934652,44.020398],[-116.934538,44.022532],[-116.936554,44.027935],[-116.941228,44.033853],[-116.944557,44.036339],[-116.953921,44.040602],[-116.956713,44.044425],[-116.959158,44.045644],[-116.966785,44.0472],[-116.973073,44.049092],[-116.974062,44.052326],[-116.973678,44.058066]]},"properties":{"OBJECTID":14,"fhdFtrID":13,"fhdRefID":53580,"fhdRevDt":"20190423","fhdONm":"Jay Stevens","fhdOEnt":"BLM","fhdSpNm":"PKS","fhdRun":"NA","fhdLifeHst":"Resident","fhdUseTy":"ResidentMultipleUses","fhdBasis":"UndocObsFish","fhdStNm":"Snake River","fhdGenus":"Lepomis","fhdSp":"gibbosus","fhdSubSp":null,"fhdOrig":"NonNative","fhdProd":"Natural","fhdComment":null,"fhdESH":"NA","fhdBasisD":null,"fhdNMF":"no","fhdBasisDt":null,"fhdBasisNm":null,"fhdBasisEnt":null,"fhdBasisPrj":null,"fhdBasisMethod":null,"fhdAccess":null,"fhdBarrierFtrID":null,"fhdEndExtent":null,"Shape__Length":55000.175318808986,"habitatType":"stream"},"id":14},
{"type":"Feature","geometry":{"type":"LineString","coordinates":[[-123.025092,43.786885],[-123.025129,43.788863],[-123.023911,43.790762],[-123.025406,43.79374],[-123.027963,43.794527]]},"properties":{"OBJECTID":15,"fhdFtrID":14,"fhdRefID":53751,"fhdRevDt":"20190807","fhdONm":"Shannon Hubler","fhdOEnt":"ODEQ","fhdSpNm":"PKS","fhdRun":"NA","fhdLifeHst":"Resident","fhdUseTy":"ResidentMultipleUses","fhdBasis":"DocObsFish","fhdStNm":"Coast Fork Willamette River","fhdGenus":"Lepomis","fhdSp":"gibbosus","fhdSubSp":null,"fhdOrig":"NonNative","fhdProd":"Natural","fhdComment":null,"fhdESH":"NA","fhdBasisD":null,"fhdNMF":"no","fhdBasisDt":"20060815","fhdBasisNm":null,"fhdBasisEnt":null,"fhdBasisPrj":"NARS","fhdBasisMethod":"Electrofisher","fhdAccess":null,"fhdBarrierFtrID":null,"fhdEndExtent":null,"Shape__Length":1462.1233021717346,"habitatType":"stream"},"id":15},
{"type":"Feature","geometry":{"type":"LineString","coordinates":[[-122.66602,42.19443],[-122.668862,42.195045],[-122.676452,42.195463],[-122.68145,42.197171],[-122.686634,42.197325],[-122.690141,42.199916],[-122.694844,42.200663],[-122.696572,42.201475],[-122.69703,42.203177],[-122.70059,42.204846],[-122.704105,42.205383],[-122.706646,42.208919],[-122.705886,42.210291],[-122.706994,42.211966],[-122.710629,42.215275],[-122.713155,42.215269],[-122.715762,42.216076],[-122.720711,42.215394],[-122.724796,42.217973],[-122.725381,42.219488],[-122.729629,42.221183],[-122.733211,42.220923],[-122.73601,42.21978],[-122.740361,42.221069],[-122.743229,42.223186],[-122.744798,42.223497],[-122.74985,42.226406],[-122.751886,42.230358],[-122.755699,42.23003],[-122.759265,42.231756],[-122.760696,42.234403],[-122.763717,42.235124],[-122.76642,42.237326],[-122.770785,42.239008],[-122.772106,42.241545],[-122.775274,42.243769],[-122.776352,42.245702],[-122.783081,42.25224],[-122.788416,42.253625],[-122.790232,42.25849],[-122.78967,42.259813],[-122.791162,42.261943],[-122.79301,42.261944],[-122.797045,42.265765],[-122.799603,42.265612],[-122.804259,42.268209],[-122.808938,42.273139],[-122.812028,42.27314],[-122.817395,42.277954],[-122.819362,42.280161],[-122.819835,42.283088],[-122.821862,42.286546],[-122.824154,42.288621],[-122.827711,42.289911],[-122.829014,42.293007],[-122.83209,42.292469],[-122.834235,42.293797],[-122.833555,42.296202],[-122.839383,42.297227],[-122.84039,42.299796],[-122.842306,42.301081],[-122.842203,42.303189],[-122.843669,42.305291],[-122.848138,42.30955],[-122.849116,42.312542],[-122.850818,42.313211],[-122.851544,42.315242],[-122.855372,42.320319],[-122.85842,42.32011],[-122.860581,42.320976],[-122.864371,42.323857],[-122.867568,42.324657],[-122.868671,42.325908],[-122.870051,42.329723],[-122.871305,42.331062],[-122.871897,42.334553],[-122.875384,42.339476],[-122.875154,42.344071],[-122.876593,42.348478],[-122.878962,42.349954],[-122.880075,42.351742],[-122.879284,42.355369],[-122.87739,42.356736],[-122.878401,42.358859],[-122.880265,42.35997],[-122.881394,42.362045],[-122.887525,42.365473],[-122.888907,42.366946],[-122.889134,42.369445],[-122.890562,42.370883],[-122.894621,42.372461],[-122.897155,42.375167],[-122.897013,42.377323],[-122.898945,42.381158],[-122.904109,42.385475],[-122.906425,42.384722],[-122.908492,42.387018],[-122.909781,42.389791],[-122.911072,42.390425],[-122.91532,42.390411],[-122.920028,42.391441]]},"properties":{"OBJECTID":16,"fhdFtrID":15,"fhdRefID":53580,"fhdRevDt":"20190806","fhdONm":"Jay Stevens","fhdOEnt":"BLM","fhdSpNm":"PKS","fhdRun":"NA","fhdLifeHst":"Resident","fhdUseTy":"ResidentMultipleUses","fhdBasis":"UndocObsFish","fhdStNm":"Bear Creek","fhdGenus":"Lepomis","fhdSp":"gibbosus","fhdSubSp":null,"fhdOrig":"NonNative","fhdProd":"Natural","fhdComment":null,"fhdESH":"NA","fhdBasisD":null,"fhdNMF":"no","fhdBasisDt":null,"fhdBasisNm":null,"fhdBasisEnt":null,"fhdBasisPrj":null,"fhdBasisMethod":null,"fhdAccess":null,"fhdBarrierFtrID":null,"fhdEndExtent":null,"Shape__Length":48176.49161340883,"habitatType":"stream"},"id":16},
{"type":"Feature","geometry":{"type":"LineString","coordinates":[[-122.968988,42.432764],[-122.96819,42.430291],[-122.963878,42.429048],[-122.96041,42.429703],[-122.957423,42.426856],[-122.95407,42.424631],[-122.954021,42.42315],[-122.952087,42.421755],[-122.949254,42.421494],[-122.948339,42.420082],[-122.949175,42.418668],[-122.947433,42.417098],[-122.943413,42.416643],[-122.940996,42.414756],[-122.940553,42.412912],[-122.936767,42.411609],[-122.93317,42.40685],[-122.933264,42.405002],[-122.931327,42.402674],[-122.928558,42.400961],[-122.927316,42.397161],[-122.923256,42.394489],[-122.920028,42.391441]]},"properties":{"OBJECTID":17,"fhdFtrID":15,"fhdRefID":53580,"fhdRevDt":"20190807","fhdONm":"Jay Stevens","fhdOEnt":"BLM","fhdSpNm":"PKS","fhdRun":"NA","fhdLifeHst":"Resident","fhdUseTy":"ResidentMultipleUses","fhdBasis":"UndocObsFish","fhdStNm":"Bear Creek","fhdGenus":"Lepomis","fhdSp":"gibbosus","fhdSubSp":null,"fhdOrig":"NonNative","fhdProd":"Natural","fhdComment":null,"fhdESH":"NA","fhdBasisD":null,"fhdNMF":"no","fhdBasisDt":null,"fhdBasisNm":null,"fhdBasisEnt":null,"fhdBasisPrj":null,"fhdBasisMethod":null,"fhdAccess":null,"fhdBarrierFtrID":null,"fhdEndExtent":null,"Shape__Length":9914.314338104236,"habitatType":"stream"},"id":17},
{"type":"Feature","geometry":{"type":"MultiLineString","coordinates":[[[-121.495851,42.149678],[-121.496684,42.150108]],[[-121.398971,42.198371],[-121.398531,42.196101],[-121.401986,42.192371],[-121.404749,42.192462]]]},"properties":{"OBJECTID":18,"fhdFtrID":16,"fhdRefID":53580,"fhdRevDt":"20190806","fhdONm":"Jay Stevens","fhdOEnt":"BLM","fhdSpNm":"PKS","fhdRun":"NA","fhdLifeHst":"Resident","fhdUseTy":"ResidentMultipleUses","fhdBasis":"UndocObsFish","fhdStNm":null,"fhdGenus":"Lepomis","fhdSp":"gibbosus","fhdSubSp":null,"fhdOrig":"NonNative","fhdProd":"Natural","fhdComment":null,"fhdESH":"NA","fhdBasisD":null,"fhdNMF":"no","fhdBasisDt":null,"fhdBasisNm":null,"fhdBasisEnt":null,"fhdBasisPrj":null,"fhdBasisMethod":null,"fhdAccess":null,"fhdBarrierFtrID":null,"fhdEndExtent":null,"Shape__Length":1545.698450082011,"habitatType":"stream"},"id":18},
{"type":"Feature","geometry":{"type":"MultiLineString","coordinates":[[[-121.198863,41.99619],[-121.201528,41.997464],[-121.204798,41.997983],[-121.208355,41.99685],[-121.216373,42.002018],[-121.221491,42.002062],[-121.222617,42.003268],[-121.223035,42.005574],[-121.22486,42.008676],[-121.229609,42.010908],[-121.231877,42.012582],[-121.233078,42.015123],[-121.232101,42.049352],[-121.232607,42.078081],[-121.233072,42.079228],[-121.237216,42.084287],[-121.241997,42.091107],[-121.255871,42.106334],[-121.259394,42.109714],[-121.264072,42.110869],[-121.268571,42.113131],[-121.272072,42.113625],[-121.276575,42.117728],[-121.276559,42.121447],[-121.282079,42.122412],[-121.288163,42.124489],[-121.291,42.12762],[-121.293134,42.128566],[-121.29469,42.130543],[-121.294244,42.134571],[-121.29637,42.135801],[-121.299168,42.135716],[-121.300865,42.13716],[-121.304605,42.138287],[-121.308942,42.137626],[-121.31195,42.139183],[-121.316517,42.142654],[-121.318509,42.142589],[-121.324854,42.14451],[-121.325737,42.147959],[-121.325283,42.152333],[-121.322278,42.157049],[-121.320853,42.158068],[-121.31966,42.163126],[-121.317714,42.167825],[-121.319408,42.171034],[-121.321941,42.173025],[-121.321942,42.17457],[-121.323476,42.175853],[-121.32513,42.179029],[-121.327936,42.17866],[-121.335673,42.184228],[-121.342116,42.184997],[-121.343847,42.184439],[-121.348141,42.185576],[-121.349172,42.186659],[-121.350567,42.191691],[-121.352852,42.193457],[-121.355707,42.194507],[-121.36237,42.194192],[-121.366012,42.194354],[-121.370483,42.19519],[-121.379418,42.195987],[-121.384787,42.197788],[-121.388938,42.201263],[-121.391941,42.201964],[-121.394103,42.201544],[-121.398265,42.199553],[-121.398971,42.198371]],[[-121.496684,42.150108],[-121.498929,42.150103],[-121.504367,42.151921],[-121.510828,42.152086],[-121.518188,42.156153],[-121.519611,42.156091],[-121.521175,42.157831],[-121.525259,42.159963],[-121.530598,42.163594],[-121.531911,42.167267],[-121.535552,42.169268],[-121.553219,42.169366],[-121.557747,42.169612],[-121.560914,42.169163],[-121.562725,42.167608],[-121.568667,42.166376],[-121.572829,42.169706],[-121.579753,42.172724],[-121.581673,42.17404],[-121.582341,42.176381],[-121.584207,42.178232],[-121.58843,42.178914],[-121.589836,42.178585],[-121.59355,42.179261],[-121.595574,42.183541],[-121.598197,42.185685],[-121.599322,42.182704],[-121.6029,42.178051],[-121.604898,42.17776],[-121.610721,42.175057],[-121.612881,42.175083],[-121.616844,42.174091],[-121.622307,42.170343],[-121.623534,42.17042],[-121.628195,42.168459],[-121.630605,42.166754],[-121.632478,42.164381],[-121.643159,42.162353],[-121.652418,42.159132],[-121.659677,42.158429],[-121.66148,42.157315],[-121.663109,42.154371],[-121.663133,42.152132],[-121.666225,42.151376],[-121.667876,42.14724],[-121.671645,42.142585],[-121.676279,42.141758],[-121.682755,42.139751],[-121.687865,42.136525],[-121.686654,42.133809],[-121.691058,42.131681],[-121.692044,42.127125],[-121.691611,42.125463],[-121.689509,42.123163],[-121.686785,42.12175],[-121.689469,42.119011],[-121.690921,42.115608],[-121.694039,42.114473],[-121.694106,42.112679],[-121.691859,42.111583],[-121.690242,42.109252],[-121.687444,42.10988],[-121.68462,42.108654],[-121.68649,42.102741],[-121.685012,42.101299],[-121.680187,42.10321],[-121.681303,42.104803],[-121.679774,42.105573],[-121.672812,42.102257],[-121.670938,42.10085],[-121.669493,42.098401],[-121.669787,42.095459],[-121.670955,42.09211],[-121.666936,42.08868],[-121.66786,42.085622],[-121.666706,42.0841],[-121.664498,42.084034],[-121.66079,42.082335],[-121.657967,42.079914],[-121.660394,42.078461],[-121.661639,42.076867],[-121.657086,42.073825],[-121.65357,42.076957],[-121.651382,42.074409],[-121.643996,42.067576],[-121.64477,42.063015],[-121.641615,42.06219],[-121.638486,42.062121],[-121.637234,42.061318],[-121.636223,42.057177],[-121.632544,42.055147],[-121.628273,42.057082],[-121.627253,42.05335],[-121.623993,42.051577],[-121.625098,42.047398],[-121.620348,42.044095],[-121.618997,42.042061],[-121.622691,42.041349],[-121.624514,42.039196],[-121.620439,42.035995],[-121.619595,42.033967],[-121.619215,42.030022],[-121.619788,42.028926],[-121.61889,42.025511],[-121.6161,42.023523],[-121.611416,42.02312],[-121.606845,42.021457],[-121.602863,42.021818],[-121.598521,42.023184],[-121.596531,42.023317],[-121.594452,42.021747],[-121.588943,42.020418],[-121.586453,42.020262],[-121.584363,42.019164],[-121.584285,42.016988],[-121.588922,42.015627],[-121.590181,42.014161],[-121.588603,42.012849],[-121.586427,42.013768],[-121.581756,42.012859],[-121.579208,42.013395],[-121.579298,42.015035],[-121.577166,42.01586],[-121.574397,42.01302],[-121.571159,42.012287],[-121.567254,42.009275],[-121.565661,42.008656],[-121.561563,42.01037],[-121.558375,42.009416],[-121.55646,42.009959],[-121.556955,42.012361],[-121.55272,42.016469],[-121.550081,42.017287],[-121.545017,42.016907],[-121.542777,42.015051],[-121.539497,42.008736],[-121.534596,42.006814],[-121.531101,42.004437],[-121.529457,42.002398],[-121.527271,42.001897],[-121.523994,41.999239],[-121.519437,41.9971],[-121.517555,41.994459],[-121.517651,41.992128],[-121.515641,41.989549],[-121.513811,41.988296],[-121.511144,41.984888],[-121.506649,41.98379],[-121.504839,41.981686],[-121.505365,41.979045],[-121.503719,41.975398],[-121.503996,41.972596],[-121.50248,41.968762],[-121.504258,41.959581],[-121.504969,41.953646],[-121.504834,41.945813],[-121.505122,41.940837]],[[-121.404749,42.192462],[-121.409242,42.194568],[-121.411187,42.194784],[-121.414491,42.193159],[-121.417211,42.191179],[-121.423214,42.188394],[-121.427463,42.187979],[-121.433001,42.188559],[-121.438228,42.188032],[-121.444704,42.183202],[-121.446628,42.18077],[-121.447615,42.17678],[-121.447568,42.173533],[-121.448541,42.171844],[-121.451438,42.171221],[-121.455927,42.167846],[-121.454973,42.165248],[-121.454816,42.159509],[-121.457174,42.158375],[-121.459198,42.158749],[-121.463652,42.158493],[-121.472024,42.155674],[-121.475226,42.152879],[-121.483863,42.153057],[-121.489274,42.149976],[-121.4926,42.150808],[-121.495851,42.149678]]]},"properties":{"OBJECTID":19,"fhdFtrID":16,"fhdRefID":53580,"fhdRevDt":"20190806","fhdONm":"Jay Stevens","fhdOEnt":"BLM","fhdSpNm":"PKS","fhdRun":"NA","fhdLifeHst":"Resident","fhdUseTy":"ResidentMultipleUses","fhdBasis":"UndocObsFish","fhdStNm":"Lost River","fhdGenus":"Lepomis","fhdSp":"gibbosus","fhdSubSp":null,"fhdOrig":"NonNative","fhdProd":"Natural","fhdComment":null,"fhdESH":"NA","fhdBasisD":null,"fhdNMF":"no","fhdBasisDt":null,"fhdBasisNm":null,"fhdBasisEnt":null,"fhdBasisPrj":null,"fhdBasisMethod":null,"fhdAccess":null,"fhdBarrierFtrID":null,"fhdEndExtent":null,"Shape__Length":143485.53862396322,"habitatType":"stream"},"id":19},
{"type":"Feature","geometry":{"type":"LineString","coordinates":[[-123.319325,43.500957],[-123.321777,43.499022],[-123.321002,43.497463],[-123.31712,43.494006]]},"properties":{"OBJECTID":20,"fhdFtrID":17,"fhdRefID":53751,"fhdRevDt":"20190807","fhdONm":"Shannon Hubler","fhdOEnt":"ODEQ","fhdSpNm":"PKS","fhdRun":"NA","fhdLifeHst":"Resident","fhdUseTy":"ResidentMultipleUses","fhdBasis":"DocObsFish","fhdStNm":"Cabin Creek","fhdGenus":"Lepomis","fhdSp":"gibbosus","fhdSubSp":null,"fhdOrig":"NonNative","fhdProd":"Natural","fhdComment":null,"fhdESH":"NA","fhdBasisD":null,"fhdNMF":"no","fhdBasisDt":"19950727","fhdBasisNm":null,"fhdBasisEnt":null,"fhdBasisPrj":"NARS","fhdBasisMethod":"Electrofisher","fhdAccess":null,"fhdBarrierFtrID":null,"fhdEndExtent":null,"Shape__Length":1486.6605100029803,"habitatType":"stream"},"id":20},
{"type":"Feature","geometry":{"type":"LineString","coordinates":[[-123.222701,43.631698],[-123.223051,43.630798],[-123.220232,43.629406],[-123.219142,43.626487]]},"properties":{"OBJECTID":21,"fhdFtrID":18,"fhdRefID":53751,"fhdRevDt":"20190807","fhdONm":"Shannon Hubler","fhdOEnt":"ODEQ","fhdSpNm":"PKS","fhdRun":"NA","fhdLifeHst":"Resident","fhdUseTy":"ResidentMultipleUses","fhdBasis":"DocObsFish","fhdStNm":"Elk Creek","fhdGenus":"Lepomis","fhdSp":"gibbosus","fhdSubSp":null,"fhdOrig":"NonNative","fhdProd":"Natural","fhdComment":null,"fhdESH":"NA","fhdBasisD":null,"fhdNMF":"no","fhdBasisDt":"19960725","fhdBasisNm":null,"fhdBasisEnt":null,"fhdBasisPrj":"NARS","fhdBasisMethod":"Electrofisher","fhdAccess":null,"fhdBarrierFtrID":null,"fhdEndExtent":null,"Shape__Length":1103.5642011090476,"habitatType":"stream"},"id":21},
{"type":"Feature","geometry":{"type":"LineString","coordinates":[[-121.941176,42.618993],[-121.940224,42.619992],[-121.937727,42.619241],[-121.930666,42.619964],[-121.92909,42.621304],[-121.926258,42.621682],[-121.923002,42.62469],[-121.914394,42.630409]]},"properties":{"OBJECTID":22,"fhdFtrID":19,"fhdRefID":53580,"fhdRevDt":"20190806","fhdONm":"Jay Stevens","fhdOEnt":"BLM","fhdSpNm":"PKS","fhdRun":"NA","fhdLifeHst":"Resident","fhdUseTy":"ResidentMultipleUses","fhdBasis":"UndocObsFish","fhdStNm":null,"fhdGenus":"Lepomis","fhdSp":"gibbosus","fhdSubSp":null,"fhdOrig":"NonNative","fhdProd":"Natural","fhdComment":null,"fhdESH":"NA","fhdBasisD":null,"fhdNMF":"no","fhdBasisDt":null,"fhdBasisNm":null,"fhdBasisEnt":null,"fhdBasisPrj":null,"fhdBasisMethod":null,"fhdAccess":null,"fhdBarrierFtrID":null,"fhdEndExtent":null,"Shape__Length":4055.104735301774,"habitatType":"stream"},"id":22},
{"type":"Feature","geometry":{"type":"LineString","coordinates":[[-122.037962,42.74009],[-122.03844,42.738048],[-122.035976,42.735346],[-122.034345,42.735406],[-122.028129,42.731628],[-122.022547,42.729178],[-122.018799,42.722589],[-122.019388,42.720915],[-122.017492,42.71817],[-122.016092,42.718328],[-122.014093,42.714112],[-122.014391,42.713118],[-122.011969,42.707595],[-122.014054,42.707019],[-122.012442,42.703215],[-122.012489,42.699718],[-122.01377,42.698664],[-122.012916,42.696831],[-122.013386,42.695014],[-122.015708,42.69446],[-122.017088,42.690822],[-122.018748,42.690399],[-122.020573,42.687463],[-122.020651,42.681194],[-122.01828,42.678224],[-122.019025,42.67633],[-122.021615,42.6757],[-122.021549,42.674009],[-122.023866,42.671439],[-122.025377,42.666946],[-122.026687,42.666106],[-122.027292,42.660968]]},"properties":{"OBJECTID":23,"fhdFtrID":20,"fhdRefID":53580,"fhdRevDt":"20190806","fhdONm":"Jay Stevens","fhdOEnt":"BLM","fhdSpNm":"PKS","fhdRun":"NA","fhdLifeHst":"Resident","fhdUseTy":"ResidentMultipleUses","fhdBasis":"UndocObsFish","fhdStNm":"Annie Creek Slough","fhdGenus":"Lepomis","fhdSp":"gibbosus","fhdSubSp":null,"fhdOrig":"NonNative","fhdProd":"Natural","fhdComment":null,"fhdESH":"NA","fhdBasisD":null,"fhdNMF":"no","fhdBasisDt":null,"fhdBasisNm":null,"fhdBasisEnt":null,"fhdBasisPrj":null,"fhdBasisMethod":null,"fhdAccess":null,"fhdBarrierFtrID":null,"fhdEndExtent":null,"Shape__Length":16347.074952170879,"habitatType":"stream"},"id":23},
{"type":"Feature","geometry":{"type":"LineString","coordinates":[[-122.073315,42.699542],[-122.071454,42.696067],[-122.072578,42.694426],[-122.071372,42.69312],[-122.072027,42.691511],[-122.068908,42.690084],[-122.068105,42.68802],[-122.071088,42.685863],[-122.070173,42.684188],[-122.06806,42.682772],[-122.068238,42.68101],[-122.070455,42.679402],[-122.070961,42.6763],[-122.070477,42.674801],[-122.073252,42.674488],[-122.074353,42.672924],[-122.073608,42.670991],[-122.073444,42.667132],[-122.071383,42.66536],[-122.068646,42.664739],[-122.067114,42.66323],[-122.063707,42.662143],[-122.061111,42.659332],[-122.06092,42.656192],[-122.059519,42.654064]]},"properties":{"OBJECTID":24,"fhdFtrID":21,"fhdRefID":53580,"fhdRevDt":"20190806","fhdONm":"Jay Stevens","fhdOEnt":"BLM","fhdSpNm":"PKS","fhdRun":"NA","fhdLifeHst":"Resident","fhdUseTy":"ResidentMultipleUses","fhdBasis":"UndocObsFish","fhdStNm":"Sevenmile Creek","fhdGenus":"Lepomis","fhdSp":"gibbosus","fhdSubSp":null,"fhdOrig":"NonNative","fhdProd":"Natural","fhdComment":null,"fhdESH":"NA","fhdBasisD":null,"fhdNMF":"no","fhdBasisDt":null,"fhdBasisNm":null,"fhdBasisEnt":null,"fhdBasisPrj":null,"fhdBasisMethod":null,"fhdAccess":null,"fhdBarrierFtrID":null,"fhdEndExtent":null,"Shape__Length":14469.920256040534,"habitatType":"stream"},"id":24},
{"type":"Feature","geometry":{"type":"LineString","coordinates":[[-121.962267,42.702522],[-121.964881,42.701518],[-121.967501,42.69625],[-121.969079,42.692256],[-121.971156,42.691195],[-121.972036,42.683774],[-121.971753,42.681616],[-121.97359,42.680919],[-121.974489,42.679123],[-121.978647,42.677289],[-121.979337,42.674928],[-121.978473,42.673051],[-121.979826,42.672238]]},"properties":{"OBJECTID":25,"fhdFtrID":22,"fhdRefID":53580,"fhdRevDt":"20190806","fhdONm":"Jay Stevens","fhdOEnt":"BLM","fhdSpNm":"PKS","fhdRun":"NA","fhdLifeHst":"Resident","fhdUseTy":"ResidentMultipleUses","fhdBasis":"UndocObsFish","fhdStNm":"Fort Creek","fhdGenus":"Lepomis","fhdSp":"gibbosus","fhdSubSp":null,"fhdOrig":"NonNative","fhdProd":"Natural","fhdComment":null,"fhdESH":"NA","fhdBasisD":null,"fhdNMF":"no","fhdBasisDt":null,"fhdBasisNm":null,"fhdBasisEnt":null,"fhdBasisPrj":null,"fhdBasisMethod":null,"fhdAccess":null,"fhdBarrierFtrID":null,"fhdEndExtent":null,"Shape__Length":7954.802812539001,"habitatType":"stream"},"id":25},
{"type":"Feature","geometry":{"type":"LineString","coordinates":[[-122.078477,42.719594],[-122.077174,42.718458],[-122.076258,42.71584],[-122.077515,42.711783],[-122.073086,42.711992],[-122.071106,42.713612],[-122.068464,42.714501],[-122.062985,42.715478],[-122.058541,42.715593],[-122.057141,42.715028],[-122.055318,42.711976],[-122.055519,42.710153],[-122.058422,42.707508],[-122.05744,42.704252],[-122.058118,42.70109],[-122.059294,42.699224],[-122.059071,42.696545],[-122.060619,42.693614],[-122.061311,42.690205],[-122.062286,42.689799],[-122.06216,42.683497],[-122.05693,42.678715],[-122.055003,42.677826],[-122.05496,42.661094],[-122.051643,42.660957]]},"properties":{"OBJECTID":26,"fhdFtrID":23,"fhdRefID":53580,"fhdRevDt":"20190806","fhdONm":"Jay Stevens","fhdOEnt":"BLM","fhdSpNm":"PKS","fhdRun":"NA","fhdLifeHst":"Resident","fhdUseTy":"ResidentMultipleUses","fhdBasis":"UndocObsFish","fhdStNm":"Sevenmile Ditch","fhdGenus":"Lepomis","fhdSp":"gibbosus","fhdSubSp":null,"fhdOrig":"NonNative","fhdProd":"Natural","fhdComment":null,"fhdESH":"NA","fhdBasisD":null,"fhdNMF":"no","fhdBasisDt":null,"fhdBasisNm":null,"fhdBasisEnt":null,"fhdBasisPrj":null,"fhdBasisMethod":null,"fhdAccess":null,"fhdBarrierFtrID":null,"fhdEndExtent":null,"Shape__Length":13530.835641472597,"habitatType":"stream"},"id":26},
{"type":"Feature","geometry":{"type":"LineString","coordinates":[[-122.002582,42.655414],[-122.002564,42.659498],[-122.000979,42.661173],[-122.002159,42.662566],[-122.001226,42.665519],[-122.004407,42.668073],[-122.005637,42.673602],[-122.007088,42.67369],[-122.008811,42.676293],[-122.00793,42.679559],[-122.006024,42.680952],[-122.005643,42.682868],[-122.006572,42.684109],[-122.007486,42.686195],[-122.004564,42.691024],[-122.004389,42.69473],[-122.005979,42.698057],[-122.005567,42.700994],[-122.002588,42.702639],[-121.998142,42.704233],[-121.997147,42.706522],[-121.998251,42.709316],[-121.995832,42.710141],[-121.994971,42.712227],[-121.991327,42.716928],[-121.99153,42.71926],[-121.99036,42.722705]]},"properties":{"OBJECTID":27,"fhdFtrID":24,"fhdRefID":53580,"fhdRevDt":"20190806","fhdONm":"Jay Stevens","fhdOEnt":"BLM","fhdSpNm":"PKS","fhdRun":"NA","fhdLifeHst":"Resident","fhdUseTy":"ResidentMultipleUses","fhdBasis":"UndocObsFish","fhdStNm":"Melhase Ditch","fhdGenus":"Lepomis","fhdSp":"gibbosus","fhdSubSp":null,"fhdOrig":"NonNative","fhdProd":"Natural","fhdComment":null,"fhdESH":"NA","fhdBasisD":null,"fhdNMF":"no","fhdBasisDt":null,"fhdBasisNm":null,"fhdBasisEnt":null,"fhdBasisPrj":null,"fhdBasisMethod":null,"fhdAccess":null,"fhdBarrierFtrID":null,"fhdEndExtent":null,"Shape__Length":12997.797131071467,"habitatType":"stream"},"id":27},
{"type":"Feature","geometry":{"type":"LineString","coordinates":[[-123.050989,44.044664],[-123.055586,44.045695],[-123.061313,44.048195]]},"properties":{"OBJECTID":28,"fhdFtrID":25,"fhdRefID":53751,"fhdRevDt":"20190807","fhdONm":"Shannon Hubler","fhdOEnt":"ODEQ","fhdSpNm":"PKS","fhdRun":"NA","fhdLifeHst":"Resident","fhdUseTy":"ResidentMultipleUses","fhdBasis":"DocObsFish","fhdStNm":"Willamette River","fhdGenus":"Lepomis","fhdSp":"gibbosus","fhdSubSp":null,"fhdOrig":"NonNative","fhdProd":"Natural","fhdComment":null,"fhdESH":"NA","fhdBasisD":null,"fhdNMF":"no","fhdBasisDt":"20060822","fhdBasisNm":null,"fhdBasisEnt":null,"fhdBasisPrj":"NARS","fhdBasisMethod":"Electrofisher","fhdAccess":null,"fhdBarrierFtrID":null,"fhdEndExtent":null,"Shape__Length":1314.6581766128536,"habitatType":"stream"},"id":28},
{"type":"Feature","geometry":{"type":"LineString","coordinates":[[-122.19135,41.989953],[-122.19201,41.987651]]},"properties":{"OBJECTID":29,"fhdFtrID":26,"fhdRefID":53580,"fhdRevDt":"20190806","fhdONm":"Jay Stevens","fhdOEnt":"BLM","fhdSpNm":"PKS","fhdRun":"NA","fhdLifeHst":"Resident","fhdUseTy":"ResidentMultipleUses","fhdBasis":"UndocObsFish","fhdStNm":null,"fhdGenus":"Lepomis","fhdSp":"gibbosus","fhdSubSp":null,"fhdOrig":"NonNative","fhdProd":"Natural","fhdComment":null,"fhdESH":"NA","fhdBasisD":null,"fhdNMF":"no","fhdBasisDt":null,"fhdBasisNm":null,"fhdBasisEnt":null,"fhdBasisPrj":null,"fhdBasisMethod":null,"fhdAccess":null,"fhdBarrierFtrID":null,"fhdEndExtent":null,"Shape__Length":406.9290012050552,"habitatType":"stream"},"id":29},
{"type":"Feature","geometry":{"type":"MultiLineString","coordinates":[[[-122.243235,41.962768],[-122.241132,41.963128],[-122.233952,41.966232],[-122.226855,41.96623],[-122.224267,41.967734],[-122.219424,41.966621],[-122.216055,41.966429],[-122.21021,41.970624],[-122.207817,41.97302],[-122.201192,41.97266],[-122.194268,41.980088],[-122.194206,41.982442],[-122.193281,41.984976],[-122.193843,41.986434],[-122.19201,41.987651]],[[-122.19135,41.989953],[-122.190486,41.994111],[-122.191931,42.000735],[-122.190372,42.003724],[-122.190193,42.006397],[-122.188586,42.007386],[-122.185648,42.007716],[-122.180501,42.010679],[-122.177606,42.010442],[-122.175423,42.008373],[-122.173398,42.008034],[-122.165747,42.008573],[-122.15947,42.01204],[-122.157127,42.013887],[-122.152156,42.014391],[-122.149928,42.015779],[-122.140498,42.015175],[-122.138992,42.017254],[-122.140243,42.019274],[-122.139075,42.019859],[-122.134909,42.019801],[-122.131796,42.022209],[-122.129735,42.021897],[-122.128968,42.019215],[-122.125928,42.019409],[-122.120751,42.019045],[-122.116892,42.019419],[-122.112161,42.019249],[-122.107054,42.021722],[-122.107223,42.022477],[-122.104142,42.025239],[-122.102366,42.025252],[-122.100871,42.028429],[-122.100422,42.032046],[-122.099281,42.033253],[-122.099246,42.035765],[-122.096561,42.0385],[-122.089695,42.042121],[-122.089492,42.043632],[-122.090831,42.051424],[-122.089245,42.05555],[-122.084913,42.059645],[-122.085919,42.062761],[-122.084829,42.065454],[-122.085363,42.071186],[-122.084131,42.073635],[-122.083616,42.076684],[-122.08189,42.078211],[-122.077352,42.078471],[-122.076515,42.081167],[-122.075149,42.082858],[-122.072597,42.083702],[-122.074048,42.086253],[-122.074346,42.088201],[-122.072045,42.08929],[-122.072036,42.09237],[-122.069772,42.093406],[-122.06348,42.089518],[-122.061255,42.08542],[-122.058976,42.08505],[-122.057173,42.086791],[-122.054427,42.086066],[-122.053468,42.087112],[-122.053795,42.089519],[-122.055814,42.092778],[-122.055669,42.095236],[-122.058763,42.096259],[-122.062736,42.100671],[-122.063239,42.103458],[-122.060827,42.1046],[-122.059161,42.10691],[-122.056482,42.108914],[-122.056672,42.113212],[-122.053934,42.116756],[-122.052143,42.117606],[-122.048443,42.117494],[-122.048835,42.120442],[-122.049758,42.121801],[-122.046007,42.122634],[-122.042057,42.127114],[-122.038035,42.129025],[-122.031242,42.134183],[-122.03175,42.136538],[-122.034718,42.139535],[-122.036958,42.145038],[-122.035958,42.148678],[-122.033154,42.149221],[-122.029893,42.148816],[-122.024734,42.149015],[-122.021156,42.150309],[-122.013574,42.149865],[-122.00812,42.150332],[-122.00702,42.151052],[-122.004338,42.155352],[-122.00302,42.15607],[-121.999197,42.155382],[-121.996116,42.151767],[-121.993047,42.150606],[-121.99022,42.150338],[-121.98506,42.15059],[-121.980959,42.14893],[-121.976388,42.147919],[-121.973127,42.145296],[-121.971573,42.142607],[-121.968072,42.138113],[-121.964141,42.135272],[-121.963115,42.133588],[-121.957847,42.131649],[-121.953458,42.127124],[-121.947585,42.128853],[-121.948902,42.135242],[-121.949982,42.137233],[-121.948272,42.138227],[-121.942379,42.137488],[-121.937968,42.134925],[-121.933334,42.131352],[-121.932035,42.130872],[-121.926977,42.126574],[-121.92456,42.123561],[-121.923689,42.120707],[-121.922401,42.119578],[-121.919604,42.119047],[-121.915189,42.122536],[-121.911315,42.122679],[-121.907937,42.122179],[-121.903945,42.120736],[-121.903448,42.118678],[-121.906532,42.113808],[-121.906561,42.112151],[-121.903442,42.110644],[-121.898411,42.11056],[-121.896111,42.109313],[-121.894157,42.104791],[-121.887213,42.100761],[-121.887717,42.096839],[-121.887005,42.093266],[-121.88487,42.085392],[-121.883822,42.084445],[-121.881196,42.085284],[-121.880417,42.087563],[-121.878712,42.088465],[-121.872895,42.086809],[-121.869815,42.087935],[-121.868169,42.093564],[-121.862517,42.094035],[-121.860807,42.095671],[-121.860455,42.097878],[-121.861964,42.100879],[-121.859761,42.104658],[-121.848199,42.110067],[-121.842903,42.113977],[-121.842293,42.115556],[-121.842176,42.119337],[-121.846848,42.123239],[-121.849874,42.124458],[-121.853118,42.127084],[-121.854475,42.129655],[-121.854361,42.135959],[-121.855015,42.140547],[-121.853005,42.143963],[-121.848521,42.148331],[-121.84556,42.150413],[-121.8428,42.153096],[-121.838817,42.157971],[-121.830869,42.163569],[-121.824701,42.165995],[-121.818146,42.168153],[-121.814292,42.168642],[-121.805421,42.168974],[-121.802342,42.169896],[-121.799895,42.175067],[-121.79798,42.177727],[-121.796307,42.178781],[-121.793458,42.179318],[-121.786603,42.183186],[-121.782908,42.183795],[-121.78194,42.184843],[-121.782465,42.18892],[-121.783615,42.190941],[-121.782473,42.193009],[-121.775572,42.19697],[-121.774733,42.198663],[-121.77593,42.206935],[-121.777275,42.209754],[-121.779219,42.212297],[-121.783053,42.215805],[-121.788857,42.218453]]]},"properties":{"OBJECTID":30,"fhdFtrID":26,"fhdRefID":53580,"fhdRevDt":"20190806","fhdONm":"Jay Stevens","fhdOEnt":"BLM","fhdSpNm":"PKS","fhdRun":"NA","fhdLifeHst":"Resident","fhdUseTy":"ResidentMultipleUses","fhdBasis":"UndocObsFish","fhdStNm":"Klamath River","fhdGenus":"Lepomis","fhdSp":"gibbosus","fhdSubSp":null,"fhdOrig":"NonNative","fhdProd":"Natural","fhdComment":null,"fhdESH":"NA","fhdBasisD":null,"fhdNMF":"no","fhdBasisDt":null,"fhdBasisNm":null,"fhdBasisEnt":null,"fhdBasisPrj":null,"fhdBasisMethod":null,"fhdAccess":null,"fhdBarrierFtrID":null,"fhdEndExtent":null,"Shape__Length":108376.78948435304,"habitatType":"stream"},"id":30},
{"type":"Feature","geometry":{"type":"LineString","coordinates":[[-121.802128,42.233728],[-121.798796,42.229965],[-121.798284,42.228344],[-121.794634,42.222231],[-121.788857,42.218453]]},"properties":{"OBJECTID":31,"fhdFtrID":27,"fhdRefID":53580,"fhdRevDt":"20190806","fhdONm":"Jay Stevens","fhdOEnt":"BLM","fhdSpNm":"PKS","fhdRun":"NA","fhdLifeHst":"Resident","fhdUseTy":"ResidentMultipleUses","fhdBasis":"UndocObsFish","fhdStNm":"Link River","fhdGenus":"Lepomis","fhdSp":"gibbosus","fhdSubSp":null,"fhdOrig":"NonNative","fhdProd":"Natural","fhdComment":null,"fhdESH":"NA","fhdBasisD":null,"fhdNMF":"no","fhdBasisDt":null,"fhdBasisNm":null,"fhdBasisEnt":null,"fhdBasisPrj":null,"fhdBasisMethod":null,"fhdAccess":null,"fhdBarrierFtrID":null,"fhdEndExtent":null,"Shape__Length":2829.430478399525,"habitatType":"stream"},"id":31},
{"type":"Feature","geometry":{"type":"LineString","coordinates":[[-122.0514,42.611827],[-122.051382,42.610697],[-122.051352,42.591366]]},"properties":{"OBJECTID":32,"fhdFtrID":28,"fhdRefID":53580,"fhdRevDt":"20190806","fhdONm":"Jay Stevens","fhdOEnt":"BLM","fhdSpNm":"PKS","fhdRun":"NA","fhdLifeHst":"Resident","fhdUseTy":"ResidentMultipleUses","fhdBasis":"UndocObsFish","fhdStNm":"Fourmile Canal","fhdGenus":"Lepomis","fhdSp":"gibbosus","fhdSubSp":null,"fhdOrig":"NonNative","fhdProd":"Natural","fhdComment":null,"fhdESH":"NA","fhdBasisD":null,"fhdNMF":"no","fhdBasisDt":null,"fhdBasisNm":null,"fhdBasisEnt":null,"fhdBasisPrj":null,"fhdBasisMethod":null,"fhdAccess":null,"fhdBarrierFtrID":null,"fhdEndExtent":null,"Shape__Length":3094.667502333095,"habitatType":"stream"},"id":32},
{"type":"Feature","geometry":{"type":"LineString","coordinates":[[-123.282316,44.367072],[-123.276289,44.370104],[-123.27343,44.370615],[-123.270967,44.369901],[-123.26669,44.36775],[-123.264385,44.368728],[-123.264294,44.370817],[-123.261343,44.373344],[-123.260897,44.374822],[-123.261962,44.377196],[-123.260015,44.379722],[-123.257459,44.3807],[-123.253087,44.379953],[-123.248348,44.380014],[-123.249172,44.383607],[-123.247953,44.385488],[-123.245426,44.386207],[-123.241445,44.385787],[-123.240102,44.384879]]},"properties":{"OBJECTID":33,"fhdFtrID":29,"fhdRefID":53585,"fhdRevDt":"20190807","fhdONm":"Wayne Wood","fhdOEnt":"OSU","fhdSpNm":"PKS","fhdRun":"NA","fhdLifeHst":"Resident","fhdUseTy":"ResidentMultipleUses","fhdBasis":"DocObsFish","fhdStNm":"Long Tom River","fhdGenus":"Lepomis","fhdSp":"gibbosus","fhdSubSp":null,"fhdOrig":"NonNative","fhdProd":"Natural","fhdComment":null,"fhdESH":"NA","fhdBasisD":null,"fhdNMF":"no","fhdBasisDt":"20000518","fhdBasisNm":null,"fhdBasisEnt":"OSU Ichthyology Collection","fhdBasisPrj":null,"fhdBasisMethod":null,"fhdAccess":null,"fhdBarrierFtrID":null,"fhdEndExtent":null,"Shape__Length":7578.4125017748,"habitatType":"stream"},"id":33},
{"type":"Feature","geometry":{"type":"LineString","coordinates":[[-123.970866,43.774787],[-123.967052,43.776516],[-123.963455,43.778744],[-123.959532,43.783269],[-123.95625,43.789384],[-123.954343,43.791885],[-123.95272,43.792898],[-123.949087,43.793153],[-123.947267,43.79143],[-123.952276,43.787521],[-123.953916,43.784356],[-123.95232,43.78062],[-123.950153,43.779598],[-123.946433,43.780781],[-123.942424,43.783187],[-123.937415,43.783822],[-123.936121,43.782982],[-123.936599,43.779895],[-123.939916,43.77455],[-123.938446,43.771891],[-123.934759,43.770795],[-123.928077,43.770305],[-123.922411,43.771381],[-123.921304,43.772008],[-123.921024,43.775976],[-123.921556,43.781635],[-123.920377,43.784609],[-123.917035,43.786789],[-123.914346,43.786926],[-123.911512,43.78562],[-123.913682,43.781469],[-123.91418,43.778463],[-123.912058,43.775085],[-123.909038,43.773054],[-123.902971,43.771888],[-123.898957,43.773741],[-123.900542,43.775749],[-123.90335,43.777893],[-123.90392,43.780599],[-123.900215,43.781235],[-123.895359,43.780692],[-123.892602,43.780964],[-123.890946,43.78309],[-123.887517,43.785905],[-123.889303,43.78811],[-123.891576,43.79246],[-123.891514,43.794472],[-123.889283,43.796467],[-123.886936,43.797153],[-123.883748,43.795099],[-123.883778,43.789358],[-123.882745,43.78763],[-123.880041,43.786102],[-123.87775,43.785832],[-123.867163,43.78856],[-123.857428,43.787714],[-123.853002,43.788435],[-123.852679,43.789801],[-123.854434,43.792948],[-123.852091,43.794166],[-123.848571,43.792665],[-123.844542,43.791778],[-123.840788,43.792237],[-123.836365,43.793762],[-123.833722,43.793911],[-123.831962,43.792754],[-123.832479,43.791392],[-123.835587,43.789818],[-123.837086,43.78817],[-123.835455,43.785576],[-123.829205,43.783507],[-123.823017,43.782471],[-123.819859,43.782426],[-123.813516,43.783202],[-123.813012,43.784269],[-123.818031,43.787637],[-123.815987,43.788866],[-123.813706,43.78918],[-123.812288,43.790659],[-123.813784,43.792377],[-123.817485,43.793504],[-123.818034,43.794531]]},"properties":{"OBJECTID":34,"fhdFtrID":30,"fhdRefID":53750,"fhdRevDt":"20190807","fhdONm":"Karen Blocksom","fhdOEnt":"EPA","fhdSpNm":"PKS","fhdRun":"NA","fhdLifeHst":"Resident","fhdUseTy":"ResidentMultipleUses","fhdBasis":"DocObsFish","fhdStNm":"Smith River","fhdGenus":"Lepomis","fhdSp":"gibbosus","fhdSubSp":null,"fhdOrig":"NonNative","fhdProd":"Natural","fhdComment":null,"fhdESH":"NA","fhdBasisD":null,"fhdNMF":"no","fhdBasisDt":"20040000","fhdBasisNm":null,"fhdBasisEnt":null,"fhdBasisPrj":"EMAP West","fhdBasisMethod":"Electrofisher","fhdAccess":null,"fhdBarrierFtrID":null,"fhdEndExtent":null,"Shape__Length":40315.96807457043,"habitatType":"stream"},"id":34},
{"type":"Feature","geometry":{"type":"LineString","coordinates":[[-122.606894,45.155664],[-122.616902,45.157279],[-122.61909,45.15815],[-122.623845,45.159037],[-122.630267,45.159169],[-122.632703,45.158808],[-122.63561,45.160636],[-122.641512,45.160908],[-122.64242,45.160562],[-122.647422,45.161201],[-122.647972,45.162331],[-122.658373,45.163657],[-122.663887,45.164745],[-122.668192,45.166271],[-122.670387,45.16558],[-122.675716,45.166344],[-122.680928,45.168045],[-122.684954,45.169829],[-122.689485,45.173483],[-122.689422,45.174718],[-122.692852,45.175865],[-122.693853,45.178224],[-122.69511,45.178532],[-122.696794,45.181083],[-122.703506,45.182366],[-122.707743,45.183908],[-122.712073,45.186277],[-122.71188,45.187166],[-122.716327,45.188954],[-122.719612,45.193299],[-122.722988,45.194226],[-122.725141,45.193326]]},"properties":{"OBJECTID":35,"fhdFtrID":31,"fhdRefID":53749,"fhdRevDt":"20190807","fhdONm":"Alan Herlihy","fhdOEnt":"OSU","fhdSpNm":"PKS","fhdRun":"NA","fhdLifeHst":"Resident","fhdUseTy":"ResidentMultipleUses","fhdBasis":"DocObsFish","fhdStNm":"Bear Creek","fhdGenus":"Lepomis","fhdSp":"gibbosus","fhdSubSp":null,"fhdOrig":"NonNative","fhdProd":"Natural","fhdComment":null,"fhdESH":"NA","fhdBasisD":null,"fhdNMF":"no","fhdBasisDt":"19970000","fhdBasisNm":null,"fhdBasisEnt":null,"fhdBasisPrj":"OSU - EPA","fhdBasisMethod":"Electrofisher","fhdAccess":null,"fhdBarrierFtrID":null,"fhdEndExtent":null,"Shape__Length":18825.404162754487,"habitatType":"stream"},"id":35},
{"type":"Feature","geometry":{"type":"LineString","coordinates":[[-122.051335,42.589738],[-122.051589,42.5809],[-122.051925,42.55935],[-122.051892,42.55045],[-122.051862,42.533227],[-122.051658,42.531018],[-122.045929,42.530352]]},"properties":{"OBJECTID":36,"fhdFtrID":32,"fhdRefID":53580,"fhdRevDt":"20190806","fhdONm":"Jay Stevens","fhdOEnt":"BLM","fhdSpNm":"PKS","fhdRun":"NA","fhdLifeHst":"Resident","fhdUseTy":"ResidentMultipleUses","fhdBasis":"UndocObsFish","fhdStNm":null,"fhdGenus":"Lepomis","fhdSp":"gibbosus","fhdSubSp":null,"fhdOrig":"NonNative","fhdProd":"Natural","fhdComment":null,"fhdESH":"NA","fhdBasisD":null,"fhdNMF":"no","fhdBasisDt":null,"fhdBasisNm":null,"fhdBasisEnt":null,"fhdBasisPrj":null,"fhdBasisMethod":null,"fhdAccess":null,"fhdBarrierFtrID":null,"fhdEndExtent":null,"Shape__Length":9543.11122887101,"habitatType":"stream"},"id":36},
{"type":"Feature","geometry":{"type":"LineString","coordinates":[[-122.082043,42.57468],[-122.051728,42.591374],[-122.051352,42.591366],[-122.051328,42.589872]]},"properties":{"OBJECTID":37,"fhdFtrID":33,"fhdRefID":53580,"fhdRevDt":"20190806","fhdONm":"Jay Stevens","fhdOEnt":"BLM","fhdSpNm":"PKS","fhdRun":"NA","fhdLifeHst":"Resident","fhdUseTy":"ResidentMultipleUses","fhdBasis":"UndocObsFish","fhdStNm":null,"fhdGenus":"Lepomis","fhdSp":"gibbosus","fhdSubSp":null,"fhdOrig":"NonNative","fhdProd":"Natural","fhdComment":null,"fhdESH":"NA","fhdBasisD":null,"fhdNMF":"no","fhdBasisDt":null,"fhdBasisNm":null,"fhdBasisEnt":null,"fhdBasisPrj":null,"fhdBasisMethod":null,"fhdAccess":null,"fhdBarrierFtrID":null,"fhdEndExtent":null,"Shape__Length":4482.050341666702,"habitatType":"stream"},"id":37},
{"type":"Feature","geometry":{"type":"LineString","coordinates":[[-122.040517,42.593772],[-122.039476,42.59544],[-122.040686,42.596719],[-122.040953,42.600079],[-122.043671,42.602122],[-122.045017,42.601743],[-122.046955,42.603396],[-122.047148,42.607184],[-122.048559,42.60759],[-122.049956,42.610006],[-122.051382,42.610697]]},"properties":{"OBJECTID":38,"fhdFtrID":34,"fhdRefID":53580,"fhdRevDt":"20190806","fhdONm":"Jay Stevens","fhdOEnt":"BLM","fhdSpNm":"PKS","fhdRun":"NA","fhdLifeHst":"Resident","fhdUseTy":"ResidentMultipleUses","fhdBasis":"UndocObsFish","fhdStNm":null,"fhdGenus":"Lepomis","fhdSp":"gibbosus","fhdSubSp":null,"fhdOrig":"NonNative","fhdProd":"Natural","fhdComment":null,"fhdESH":"NA","fhdBasisD":null,"fhdNMF":"no","fhdBasisDt":null,"fhdBasisNm":null,"fhdBasisEnt":null,"fhdBasisPrj":null,"fhdBasisMethod":null,"fhdAccess":null,"fhdBarrierFtrID":null,"fhdEndExtent":null,"Shape__Length":3864.06965296235,"habitatType":"stream"},"id":38},
{"type":"Feature","geometry":{"type":"LineString","coordinates":[[-122.739693,45.264187],[-122.740128,45.266222],[-122.735691,45.265588],[-122.734806,45.267152],[-122.736408,45.268024],[-122.734451,45.269501],[-122.736892,45.270778],[-122.737679,45.273423],[-122.733375,45.274686],[-122.730614,45.273222],[-122.730399,45.276323],[-122.733727,45.277655]]},"properties":{"OBJECTID":39,"fhdFtrID":35,"fhdRefID":53585,"fhdRevDt":"20190807","fhdONm":"Wayne Wood","fhdOEnt":"OSU","fhdSpNm":"PKS","fhdRun":"NA","fhdLifeHst":"Resident","fhdUseTy":"ResidentMultipleUses","fhdBasis":"DocObsFish","fhdStNm":"Pudding River","fhdGenus":"Lepomis","fhdSp":"gibbosus","fhdSubSp":null,"fhdOrig":"NonNative","fhdProd":"Natural","fhdComment":null,"fhdESH":"NA","fhdBasisD":null,"fhdNMF":"no","fhdBasisDt":"20030530","fhdBasisNm":null,"fhdBasisEnt":"OSU Ichthyology Collection","fhdBasisPrj":null,"fhdBasisMethod":null,"fhdAccess":null,"fhdBarrierFtrID":null,"fhdEndExtent":null,"Shape__Length":4878.480637420706,"habitatType":"stream"},"id":39},
{"type":"Feature","geometry":{"type":"LineString","coordinates":[[-122.082043,42.57468],[-122.081866,42.570489],[-122.080882,42.56862],[-122.081859,42.567034],[-122.080892,42.56212],[-122.081366,42.560995],[-122.08021,42.558486],[-122.080323,42.553915],[-122.079377,42.552433],[-122.07897,42.54653],[-122.078443,42.544157],[-122.077184,42.542751],[-122.075421,42.5427],[-122.075144,42.540665],[-122.07748,42.539012],[-122.078056,42.536567],[-122.076384,42.534944],[-122.078893,42.534683],[-122.079235,42.532928],[-122.084634,42.530403],[-122.083501,42.528502],[-122.084829,42.527019],[-122.083502,42.525035],[-122.079615,42.522759],[-122.07921,42.520705],[-122.07776,42.518854],[-122.079754,42.516246],[-122.076949,42.51367],[-122.076019,42.511296],[-122.077505,42.509565],[-122.077379,42.508053],[-122.075052,42.506066],[-122.073895,42.503572],[-122.071557,42.503572],[-122.072281,42.500732],[-122.070282,42.499584],[-122.069961,42.497742],[-122.065589,42.491436],[-122.065883,42.489638],[-122.064422,42.48666],[-122.065734,42.484396],[-122.064493,42.479078],[-122.066615,42.478411],[-122.068776,42.475609],[-122.067953,42.47416],[-122.069835,42.472193],[-122.072587,42.468192],[-122.073786,42.467369],[-122.072071,42.464591],[-122.072295,42.463514],[-122.075751,42.462993],[-122.076935,42.46039]]},"properties":{"OBJECTID":40,"fhdFtrID":36,"fhdRefID":53580,"fhdRevDt":"20190806","fhdONm":"Jay Stevens","fhdOEnt":"BLM","fhdSpNm":"PKS","fhdRun":"NA","fhdLifeHst":"Resident","fhdUseTy":"ResidentMultipleUses","fhdBasis":"UndocObsFish","fhdStNm":"Crystal Creek","fhdGenus":"Lepomis","fhdSp":"gibbosus","fhdSubSp":null,"fhdOrig":"NonNative","fhdProd":"Natural","fhdComment":null,"fhdESH":"NA","fhdBasisD":null,"fhdNMF":"no","fhdBasisDt":null,"fhdBasisNm":null,"fhdBasisEnt":null,"fhdBasisPrj":null,"fhdBasisMethod":null,"fhdAccess":null,"fhdBarrierFtrID":null,"fhdEndExtent":null,"Shape__Length":21450.942658609372,"habitatType":"stream"},"id":40},
{"type":"Feature","geometry":{"type":"LineString","coordinates":[[-122.090608,42.470515],[-122.085436,42.47035],[-122.084426,42.470318],[-122.079591,42.465348],[-122.076935,42.46039],[-122.064206,42.453829],[-122.002395,42.447464]]},"properties":{"OBJECTID":41,"fhdFtrID":37,"fhdRefID":53580,"fhdRevDt":"20190806","fhdONm":"Jay Stevens","fhdOEnt":"BLM","fhdSpNm":"PKS","fhdRun":"NA","fhdLifeHst":"Resident","fhdUseTy":"ResidentMultipleUses","fhdBasis":"UndocObsFish","fhdStNm":"Fourmile Creek","fhdGenus":"Lepomis","fhdSp":"gibbosus","fhdSubSp":null,"fhdOrig":"NonNative","fhdProd":"Natural","fhdComment":null,"fhdESH":"NA","fhdBasisD":null,"fhdNMF":"no","fhdBasisDt":null,"fhdBasisNm":null,"fhdBasisEnt":null,"fhdBasisPrj":null,"fhdBasisMethod":null,"fhdAccess":null,"fhdBarrierFtrID":null,"fhdEndExtent":null,"Shape__Length":11095.067385235312,"habitatType":"stream"},"id":41},
{"type":"Feature","geometry":{"type":"LineString","coordinates":[[-121.952614,42.564373],[-121.971854,42.582099],[-121.988892,42.59675],[-121.996289,42.602961],[-121.9964,42.603615],[-122.017636,42.621473],[-122.018113,42.622107],[-122.017855,42.642435],[-122.017379,42.651346],[-122.018859,42.659868],[-122.020583,42.660944],[-122.020451,42.66948],[-122.012347,42.674132],[-122.012985,42.676053],[-122.011302,42.678073],[-122.012817,42.680845],[-122.011871,42.682431],[-122.008776,42.682606],[-122.006572,42.684109]]},"properties":{"OBJECTID":42,"fhdFtrID":38,"fhdRefID":53580,"fhdRevDt":"20190806","fhdONm":"Jay Stevens","fhdOEnt":"BLM","fhdSpNm":"PKS","fhdRun":"NA","fhdLifeHst":"Resident","fhdUseTy":"ResidentMultipleUses","fhdBasis":"UndocObsFish","fhdStNm":null,"fhdGenus":"Lepomis","fhdSp":"gibbosus","fhdSubSp":null,"fhdOrig":"NonNative","fhdProd":"Natural","fhdComment":null,"fhdESH":"NA","fhdBasisD":null,"fhdNMF":"no","fhdBasisDt":null,"fhdBasisNm":null,"fhdBasisEnt":null,"fhdBasisPrj":null,"fhdBasisMethod":null,"fhdAccess":null,"fhdBarrierFtrID":null,"fhdEndExtent":null,"Shape__Length":22283.393658034878,"habitatType":"stream"},"id":42},
{"type":"Feature","geometry":{"type":"LineString","coordinates":[[-122.051892,42.55045],[-122.053602,42.548007],[-122.053178,42.54665],[-122.055817,42.546385],[-122.057513,42.544357],[-122.056832,42.542887],[-122.059913,42.542528],[-122.062254,42.539193],[-122.064862,42.538715],[-122.064235,42.537286],[-122.065898,42.535615],[-122.069576,42.534984],[-122.071093,42.536096],[-122.075748,42.536033],[-122.076384,42.534944]]},"properties":{"OBJECTID":43,"fhdFtrID":39,"fhdRefID":53580,"fhdRevDt":"20190806","fhdONm":"Jay Stevens","fhdOEnt":"BLM","fhdSpNm":"PKS","fhdRun":"NA","fhdLifeHst":"Resident","fhdUseTy":"ResidentMultipleUses","fhdBasis":"UndocObsFish","fhdStNm":"Fourmile Slough","fhdGenus":"Lepomis","fhdSp":"gibbosus","fhdSubSp":null,"fhdOrig":"NonNative","fhdProd":"Natural","fhdComment":null,"fhdESH":"NA","fhdBasisD":null,"fhdNMF":"no","fhdBasisDt":null,"fhdBasisNm":null,"fhdBasisEnt":null,"fhdBasisPrj":null,"fhdBasisMethod":null,"fhdAccess":null,"fhdBarrierFtrID":null,"fhdEndExtent":null,"Shape__Length":5492.526396799831,"habitatType":"stream"},"id":43},
{"type":"Feature","geometry":{"type":"LineString","coordinates":[[-122.066874,42.428713],[-122.063759,42.429024],[-122.06231,42.430605],[-122.059454,42.431388],[-122.059277,42.432335],[-122.056267,42.434326],[-122.053289,42.435057],[-122.03135,42.441111],[-122.002395,42.447464]]},"properties":{"OBJECTID":44,"fhdFtrID":40,"fhdRefID":53580,"fhdRevDt":"20190806","fhdONm":"Jay Stevens","fhdOEnt":"BLM","fhdSpNm":"PKS","fhdRun":"NA","fhdLifeHst":"Resident","fhdUseTy":"ResidentMultipleUses","fhdBasis":"UndocObsFish","fhdStNm":"Odessa Creek","fhdGenus":"Lepomis","fhdSp":"gibbosus","fhdSubSp":null,"fhdOrig":"NonNative","fhdProd":"Natural","fhdComment":null,"fhdESH":"NA","fhdBasisD":null,"fhdNMF":"no","fhdBasisDt":null,"fhdBasisNm":null,"fhdBasisEnt":null,"fhdBasisPrj":null,"fhdBasisMethod":null,"fhdAccess":null,"fhdBarrierFtrID":null,"fhdEndExtent":null,"Shape__Length":7923.846966107771,"habitatType":"stream"},"id":44},
{"type":"Feature","geometry":{"type":"LineString","coordinates":[[-122.085436,42.47035],[-122.086196,42.472912],[-122.08653,42.477349],[-122.082637,42.484466],[-122.083184,42.485805],[-122.08212,42.488862],[-122.080574,42.490364],[-122.079014,42.494973],[-122.079065,42.50249],[-122.078076,42.50391],[-122.075052,42.506066]]},"properties":{"OBJECTID":45,"fhdFtrID":41,"fhdRefID":53580,"fhdRevDt":"20190806","fhdONm":"Jay Stevens","fhdOEnt":"BLM","fhdSpNm":"PKS","fhdRun":"NA","fhdLifeHst":"Resident","fhdUseTy":"ResidentMultipleUses","fhdBasis":"UndocObsFish","fhdStNm":"Recreation Creek","fhdGenus":"Lepomis","fhdSp":"gibbosus","fhdSubSp":null,"fhdOrig":"NonNative","fhdProd":"Natural","fhdComment":null,"fhdESH":"NA","fhdBasisD":null,"fhdNMF":"no","fhdBasisDt":null,"fhdBasisNm":null,"fhdBasisEnt":null,"fhdBasisPrj":null,"fhdBasisMethod":null,"fhdAccess":null,"fhdBarrierFtrID":null,"fhdEndExtent":null,"Shape__Length":6000.077724093777,"habitatType":"stream"},"id":45},
{"type":"Feature","geometry":{"type":"LineString","coordinates":[[-122.011259,42.463116],[-122.035804,42.496038],[-122.034806,42.498968],[-122.032401,42.499672],[-122.032541,42.500952],[-122.037409,42.502963],[-122.036172,42.504783],[-122.031728,42.505189],[-122.030233,42.505952],[-122.029811,42.509167],[-122.031263,42.513587],[-122.034627,42.513927],[-122.034429,42.515988],[-122.035892,42.518816],[-122.038709,42.520189],[-122.03699,42.521555],[-122.03982,42.525378],[-122.044111,42.525389],[-122.045929,42.530352]]},"properties":{"OBJECTID":46,"fhdFtrID":42,"fhdRefID":53580,"fhdRevDt":"20190806","fhdONm":"Jay Stevens","fhdOEnt":"BLM","fhdSpNm":"PKS","fhdRun":"NA","fhdLifeHst":"Resident","fhdUseTy":"ResidentMultipleUses","fhdBasis":"UndocObsFish","fhdStNm":"Thomason Creek","fhdGenus":"Lepomis","fhdSp":"gibbosus","fhdSubSp":null,"fhdOrig":"NonNative","fhdProd":"Natural","fhdComment":null,"fhdESH":"NA","fhdBasisD":null,"fhdNMF":"no","fhdBasisDt":null,"fhdBasisNm":null,"fhdBasisEnt":null,"fhdBasisPrj":null,"fhdBasisMethod":null,"fhdAccess":null,"fhdBarrierFtrID":null,"fhdEndExtent":null,"Shape__Length":13420.464156683262,"habitatType":"stream"},"id":46},
{"type":"Feature","geometry":{"type":"LineString","coordinates":[[-121.802278,42.233854],[-121.805134,42.237755],[-121.807803,42.239454],[-121.81158,42.237632],[-121.826246,42.246045],[-121.851919,42.287945],[-121.859315,42.293876],[-121.862822,42.298349],[-121.86201,42.306577],[-121.858413,42.328223],[-121.86229,42.356144],[-121.872308,42.365714],[-121.891279,42.395232],[-121.920335,42.431212],[-121.949364,42.439206],[-122.002395,42.447464]]},"properties":{"OBJECTID":47,"fhdFtrID":43,"fhdRefID":53580,"fhdRevDt":"20190806","fhdONm":"Jay Stevens","fhdOEnt":"BLM","fhdSpNm":"PKS","fhdRun":"NA","fhdLifeHst":"Resident","fhdUseTy":"ResidentMultipleUses","fhdBasis":"UndocObsFish","fhdStNm":null,"fhdGenus":"Lepomis","fhdSp":"gibbosus","fhdSubSp":null,"fhdOrig":"NonNative","fhdProd":"Natural","fhdComment":null,"fhdESH":"NA","fhdBasisD":null,"fhdNMF":"no","fhdBasisDt":null,"fhdBasisNm":null,"fhdBasisEnt":null,"fhdBasisPrj":null,"fhdBasisMethod":null,"fhdAccess":null,"fhdBarrierFtrID":null,"fhdEndExtent":null,"Shape__Length":43877.15307018285,"habitatType":"stream"},"id":47},
{"type":"Feature","geometry":{"type":"LineString","coordinates":[[-121.802128,42.233728],[-121.802278,42.233854]]},"properties":{"OBJECTID":48,"fhdFtrID":43,"fhdRefID":53580,"fhdRevDt":"20190806","fhdONm":"Jay Stevens","fhdOEnt":"BLM","fhdSpNm":"PKS","fhdRun":"NA","fhdLifeHst":"Resident","fhdUseTy":"ResidentMultipleUses","fhdBasis":"UndocObsFish","fhdStNm":"Link River","fhdGenus":"Lepomis","fhdSp":"gibbosus","fhdSubSp":null,"fhdOrig":"NonNative","fhdProd":"Natural","fhdComment":null,"fhdESH":"NA","fhdBasisD":null,"fhdNMF":"no","fhdBasisDt":null,"fhdBasisNm":null,"fhdBasisEnt":null,"fhdBasisPrj":null,"fhdBasisMethod":null,"fhdAccess":null,"fhdBarrierFtrID":null,"fhdEndExtent":null,"Shape__Length":25.576829129616495,"habitatType":"stream"},"id":48},
{"type":"Feature","geometry":{"type":"LineString","coordinates":[[-122.053752,42.525835],[-122.051288,42.526318],[-122.046891,42.525817],[-122.045391,42.524248],[-122.045683,42.521891],[-122.048256,42.520156],[-122.047436,42.518761],[-122.048322,42.51722],[-122.04563,42.515506],[-122.048788,42.512084],[-122.046801,42.510396],[-122.045293,42.506948],[-122.045607,42.504043],[-122.04136,42.504592],[-122.039191,42.502878],[-122.037409,42.502963]]},"properties":{"OBJECTID":49,"fhdFtrID":44,"fhdRefID":53580,"fhdRevDt":"20190806","fhdONm":"Jay Stevens","fhdOEnt":"BLM","fhdSpNm":"PKS","fhdRun":"NA","fhdLifeHst":"Resident","fhdUseTy":"ResidentMultipleUses","fhdBasis":"UndocObsFish","fhdStNm":"West Fork Thomason Creek","fhdGenus":"Lepomis","fhdSp":"gibbosus","fhdSubSp":null,"fhdOrig":"NonNative","fhdProd":"Natural","fhdComment":null,"fhdESH":"NA","fhdBasisD":null,"fhdNMF":"no","fhdBasisDt":null,"fhdBasisNm":null,"fhdBasisEnt":null,"fhdBasisPrj":null,"fhdBasisMethod":null,"fhdAccess":null,"fhdBarrierFtrID":null,"fhdEndExtent":null,"Shape__Length":6733.426373742495,"habitatType":"stream"},"id":49},
{"type":"Feature","geometry":{"type":"LineString","coordinates":[[-121.964545,42.686345],[-121.966085,42.685104],[-121.964089,42.68158],[-121.964311,42.67715],[-121.961711,42.669334],[-121.956919,42.662478],[-121.955609,42.658109],[-121.95351,42.653959],[-121.95177,42.653251],[-121.948899,42.649881],[-121.946378,42.647839],[-121.945016,42.64386],[-121.946169,42.642965],[-121.943893,42.640281],[-121.944057,42.638332],[-121.941923,42.63668],[-121.942971,42.63505],[-121.941484,42.633699],[-121.94138,42.63197],[-121.939499,42.631059],[-121.940138,42.629291],[-121.939424,42.62653],[-121.94047,42.62468],[-121.939615,42.623341],[-121.943235,42.621518],[-121.941176,42.618993],[-121.941243,42.616495],[-121.939333,42.616172],[-121.939912,42.612817],[-121.93963,42.610435],[-121.942231,42.609359],[-121.940737,42.606186],[-121.940202,42.603123],[-121.944811,42.601129],[-121.945006,42.598542],[-121.942663,42.597297],[-121.943188,42.595613]]},"properties":{"OBJECTID":50,"fhdFtrID":45,"fhdRefID":53580,"fhdRevDt":"20190806","fhdONm":"Jay Stevens","fhdOEnt":"BLM","fhdSpNm":"PKS","fhdRun":"NA","fhdLifeHst":"Resident","fhdUseTy":"ResidentMultipleUses","fhdBasis":"UndocObsFish","fhdStNm":"Crooked Creek","fhdGenus":"Lepomis","fhdSp":"gibbosus","fhdSubSp":null,"fhdOrig":"NonNative","fhdProd":"Natural","fhdComment":null,"fhdESH":"NA","fhdBasisD":null,"fhdNMF":"no","fhdBasisDt":null,"fhdBasisNm":null,"fhdBasisEnt":null,"fhdBasisPrj":null,"fhdBasisMethod":null,"fhdAccess":null,"fhdBarrierFtrID":null,"fhdEndExtent":null,"Shape__Length":24299.073792652347,"habitatType":"stream"},"id":50},
{"type":"Feature","geometry":{"type":"LineString","coordinates":[[-122.444443,45.532457],[-122.446426,45.531973],[-122.448571,45.529499]]},"properties":{"OBJECTID":51,"fhdFtrID":46,"fhdRefID":53751,"fhdRevDt":"20190806","fhdONm":"Shannon Hubler","fhdOEnt":"ODEQ","fhdSpNm":"PKS","fhdRun":"NA","fhdLifeHst":"Resident","fhdUseTy":"ResidentMultipleUses","fhdBasis":"DocObsFish","fhdStNm":"Fairview Creek","fhdGenus":"Lepomis","fhdSp":"gibbosus","fhdSubSp":null,"fhdOrig":"NonNative","fhdProd":"Natural","fhdComment":null,"fhdESH":"NA","fhdBasisD":null,"fhdNMF":"no","fhdBasisDt":"20060925","fhdBasisNm":null,"fhdBasisEnt":null,"fhdBasisPrj":"NARS","fhdBasisMethod":"Electrofisher","fhdAccess":null,"fhdBarrierFtrID":null,"fhdEndExtent":null,"Shape__Length":787.2604297981835,"habitatType":"stream"},"id":51},
{"type":"Feature","geometry":{"type":"LineString","coordinates":[[-122.002395,42.447464],[-122.012672,42.45734],[-122.011259,42.463116],[-122.003366,42.49798],[-122.00351,42.51278],[-121.971478,42.531781],[-121.952614,42.564373],[-121.941441,42.576477],[-121.940825,42.580211],[-121.941547,42.580984],[-121.941004,42.584101],[-121.942984,42.588791],[-121.942027,42.592766],[-121.943188,42.595613],[-121.944174,42.59758],[-121.947259,42.599452],[-121.947455,42.600649],[-121.951304,42.604877],[-121.956075,42.607486],[-121.957473,42.609808],[-121.960989,42.612673],[-121.962284,42.617108],[-121.967108,42.619138],[-121.972113,42.623951],[-121.972236,42.627886],[-121.975123,42.632068],[-121.976143,42.634417],[-121.978241,42.636157],[-121.986339,42.638135],[-121.99023,42.641235],[-121.993093,42.641832],[-121.991689,42.643249],[-121.994158,42.643929],[-121.995617,42.645377],[-121.993513,42.646613],[-121.992951,42.649314],[-121.991963,42.650171],[-121.989292,42.649656],[-121.988961,42.653263],[-121.989467,42.655426],[-121.987853,42.657168],[-121.986031,42.660394],[-121.986837,42.661482],[-121.982534,42.661922],[-121.980348,42.663422],[-121.981361,42.664865],[-121.977771,42.66894],[-121.97778,42.670724],[-121.979826,42.672238],[-121.98159,42.672676],[-121.98671,42.675683],[-121.989515,42.675687],[-121.988349,42.678904],[-121.990314,42.6792],[-121.99225,42.681828],[-121.989746,42.68571],[-121.990106,42.688845],[-121.988789,42.689811],[-121.989916,42.69356],[-121.988697,42.695174],[-121.989996,42.699735],[-121.990005,42.701882],[-121.993291,42.706222],[-121.993292,42.707996],[-121.990362,42.710626],[-121.991279,42.712086],[-121.990231,42.713936],[-121.987196,42.71682],[-121.987249,42.718604],[-121.99036,42.722705],[-121.989855,42.72565],[-121.98837,42.728699],[-121.989772,42.728891],[-121.988322,42.731647],[-121.988513,42.736782],[-121.986859,42.738951],[-121.980969,42.742411],[-121.981512,42.74373]]},"properties":{"OBJECTID":52,"fhdFtrID":47,"fhdRefID":53580,"fhdRevDt":"20190806","fhdONm":"Jay Stevens","fhdOEnt":"BLM","fhdSpNm":"PKS","fhdRun":"NA","fhdLifeHst":"Resident","fhdUseTy":"ResidentMultipleUses","fhdBasis":"UndocObsFish","fhdStNm":"Wood River","fhdGenus":"Lepomis","fhdSp":"gibbosus","fhdSubSp":null,"fhdOrig":"NonNative","fhdProd":"Natural","fhdComment":null,"fhdESH":"NA","fhdBasisD":null,"fhdNMF":"no","fhdBasisDt":null,"fhdBasisNm":null,"fhdBasisEnt":null,"fhdBasisPrj":null,"fhdBasisMethod":null,"fhdAccess":null,"fhdBarrierFtrID":null,"fhdEndExtent":null,"Shape__Length":68194.20500010076,"habitatType":"stream"},"id":52},
{"type":"Feature","geometry":{"type":"LineString","coordinates":[[-123.376058,43.092164],[-123.378416,43.092427],[-123.381547,43.091199],[-123.383558,43.089224],[-123.384058,43.084569],[-123.386778,43.080564],[-123.388833,43.079127],[-123.390345,43.079365],[-123.397849,43.078691],[-123.404197,43.081674],[-123.411717,43.082848],[-123.413686,43.083947],[-123.415429,43.086045],[-123.418984,43.088087],[-123.42664,43.093488],[-123.431933,43.100455],[-123.435227,43.103338],[-123.437213,43.103822],[-123.43886,43.106561],[-123.438101,43.109331],[-123.434741,43.114726],[-123.430638,43.116508],[-123.425735,43.11727],[-123.421454,43.116854],[-123.419193,43.114284],[-123.400443,43.106825],[-123.398122,43.107131],[-123.394246,43.10954],[-123.390794,43.114369],[-123.389105,43.121426],[-123.388017,43.124347],[-123.387778,43.127346],[-123.390966,43.130845],[-123.392927,43.13081],[-123.401178,43.134702],[-123.405138,43.137714],[-123.411525,43.142032],[-123.414218,43.143249],[-123.417557,43.145721],[-123.415021,43.148953],[-123.408566,43.152911],[-123.401984,43.156311],[-123.397641,43.158055],[-123.393191,43.164206],[-123.394818,43.165725],[-123.395491,43.167977],[-123.394932,43.17236],[-123.394234,43.173438],[-123.389551,43.173721],[-123.377807,43.167172],[-123.375258,43.166775],[-123.370909,43.167488],[-123.366847,43.168959],[-123.362732,43.173555],[-123.362534,43.175738],[-123.36492,43.178416],[-123.371088,43.179054],[-123.372991,43.18237],[-123.372339,43.184471],[-123.370142,43.187404],[-123.367444,43.189473],[-123.364293,43.190908],[-123.358134,43.192116],[-123.355554,43.192988],[-123.354602,43.194261],[-123.355339,43.200364],[-123.35754,43.206373],[-123.357118,43.20776],[-123.354591,43.209776],[-123.348648,43.212082],[-123.346387,43.212584],[-123.344448,43.213959],[-123.344557,43.215553],[-123.349936,43.217643],[-123.354338,43.218818],[-123.358329,43.219022],[-123.367405,43.217291],[-123.371386,43.216009],[-123.377084,43.216204],[-123.379161,43.218927],[-123.383466,43.222074],[-123.385573,43.222337],[-123.388412,43.221463],[-123.393332,43.216881],[-123.395078,43.212633],[-123.397704,43.210874],[-123.402483,43.211893],[-123.406335,43.214631],[-123.413505,43.21792],[-123.414652,43.219207],[-123.414453,43.221291],[-123.412816,43.224943],[-123.408549,43.233225],[-123.409309,43.236302],[-123.411203,43.237862],[-123.413677,43.248416],[-123.416409,43.253485],[-123.419095,43.257068],[-123.4224,43.259244],[-123.426761,43.2592],[-123.429451,43.258083],[-123.437616,43.252379],[-123.439931,43.24871],[-123.442198,43.247147],[-123.446185,43.246619],[-123.447335,43.247263],[-123.448063,43.24981],[-123.446706,43.252209],[-123.442958,43.255141],[-123.443315,43.258543],[-123.445437,43.260534],[-123.448367,43.261254],[-123.450851,43.262863],[-123.447497,43.266606],[-123.446499,43.268779]]},"properties":{"OBJECTID":53,"fhdFtrID":48,"fhdRefID":53753,"fhdRevDt":"20190807","fhdONm":"Alan Herlihy","fhdOEnt":"OSU","fhdSpNm":"PKS","fhdRun":"NA","fhdLifeHst":"Resident","fhdUseTy":"ResidentMultipleUses","fhdBasis":"DocObsFish","fhdStNm":"South Umpqua River","fhdGenus":"Lepomis","fhdSp":"gibbosus","fhdSubSp":null,"fhdOrig":"NonNative","fhdProd":"Natural","fhdComment":null,"fhdESH":"NA","fhdBasisD":null,"fhdNMF":"no","fhdBasisDt":"20070000","fhdBasisNm":null,"fhdBasisEnt":null,"fhdBasisPrj":"RIVmap","fhdBasisMethod":"Electrofisher","fhdAccess":null,"fhdBarrierFtrID":null,"fhdEndExtent":null,"Shape__Length":68070.64165625388,"habitatType":"stream"},"id":53},
{"type":"Feature","geometry":{"type":"LineString","coordinates":[[-122.687001,45.589689],[-122.682604,45.58836],[-122.679522,45.588156],[-122.675451,45.586587],[-122.672481,45.587046],[-122.667141,45.584994],[-122.664794,45.586307],[-122.661309,45.585519],[-122.653418,45.583057],[-122.649883,45.582794],[-122.648359,45.583488]]},"properties":{"OBJECTID":54,"fhdFtrID":49,"fhdRefID":53751,"fhdRevDt":"20190806","fhdONm":"Shannon Hubler","fhdOEnt":"ODEQ","fhdSpNm":"PKS","fhdRun":"NA","fhdLifeHst":"Resident","fhdUseTy":"ResidentMultipleUses","fhdBasis":"DocObsFish","fhdStNm":"Columbia Slough","fhdGenus":"Lepomis","fhdSp":"gibbosus","fhdSubSp":null,"fhdOrig":"NonNative","fhdProd":"Natural","fhdComment":null,"fhdESH":"NA","fhdBasisD":null,"fhdNMF":"no","fhdBasisDt":"20060814","fhdBasisNm":null,"fhdBasisEnt":null,"fhdBasisPrj":"NARS","fhdBasisMethod":"Electrofisher","fhdAccess":null,"fhdBarrierFtrID":null,"fhdEndExtent":null,"Shape__Length":4792.608173737718,"habitatType":"stream"},"id":54},
{"type":"Feature","geometry":{"type":"LineString","coordinates":[[-123.446499,43.268779],[-123.446345,43.273042],[-123.446749,43.27719],[-123.448367,43.280521],[-123.450548,43.283205],[-123.454443,43.286208],[-123.460403,43.288547],[-123.464597,43.289051],[-123.466813,43.289859],[-123.470381,43.292762],[-123.47095,43.294698],[-123.470712,43.298476],[-123.468845,43.30076],[-123.46591,43.302069],[-123.457628,43.30424],[-123.455293,43.3055],[-123.45512,43.307893],[-123.456724,43.309433],[-123.459016,43.314388],[-123.461234,43.316781],[-123.461509,43.318416],[-123.460087,43.320837],[-123.455648,43.323893],[-123.4515,43.325591],[-123.443326,43.327462],[-123.440407,43.328817],[-123.44012,43.331392],[-123.442976,43.334122],[-123.445945,43.338049],[-123.45468,43.347233],[-123.456781,43.348725],[-123.463162,43.35958],[-123.469672,43.367291],[-123.474587,43.372103],[-123.478101,43.374851],[-123.480481,43.375481],[-123.488304,43.375286],[-123.495432,43.376525],[-123.508397,43.375304],[-123.511067,43.374648],[-123.513934,43.374822],[-123.519307,43.378908],[-123.525759,43.381984],[-123.531543,43.385164],[-123.538079,43.387123],[-123.543506,43.38999],[-123.54446,43.393223],[-123.542057,43.396474],[-123.538646,43.398274],[-123.535728,43.398642],[-123.530464,43.398585],[-123.525409,43.399236],[-123.523047,43.400727],[-123.523458,43.403329],[-123.527441,43.404865],[-123.535536,43.405288],[-123.542755,43.406767],[-123.546066,43.407076],[-123.553645,43.408801],[-123.558622,43.410365],[-123.562906,43.410533],[-123.574938,43.4085],[-123.581092,43.408335],[-123.58592,43.409045],[-123.588187,43.41011],[-123.589483,43.413203],[-123.588319,43.415348],[-123.585461,43.417403],[-123.579865,43.418768],[-123.572798,43.419074],[-123.568198,43.420481],[-123.566192,43.422839],[-123.565805,43.42909],[-123.566053,43.431869],[-123.567218,43.436631],[-123.568892,43.441242],[-123.572393,43.449117],[-123.573363,43.453125],[-123.573153,43.454943],[-123.571565,43.457237],[-123.569367,43.457693],[-123.561384,43.457184],[-123.558332,43.455875],[-123.556071,43.454197],[-123.553846,43.450818],[-123.553112,43.448289],[-123.550763,43.445315],[-123.547753,43.443269],[-123.544807,43.443118],[-123.541884,43.444671],[-123.540546,43.448295],[-123.539999,43.45349],[-123.540797,43.459635],[-123.544647,43.465761],[-123.547057,43.46766],[-123.553535,43.470625],[-123.555742,43.472158],[-123.555757,43.474999],[-123.552909,43.47598],[-123.547002,43.474016],[-123.542316,43.473814],[-123.535892,43.472055],[-123.531985,43.470056],[-123.529075,43.469666],[-123.520685,43.471486],[-123.518658,43.473035],[-123.51746,43.477008],[-123.514404,43.484073],[-123.513095,43.485504],[-123.508178,43.486183],[-123.503431,43.485426],[-123.49959,43.482148],[-123.49365,43.480701],[-123.490299,43.478895],[-123.485905,43.477501],[-123.481418,43.477255],[-123.479168,43.479366],[-123.481355,43.483787],[-123.487035,43.489599],[-123.489102,43.495322],[-123.495734,43.504203],[-123.4984,43.506507],[-123.516683,43.513051],[-123.519724,43.514348],[-123.523099,43.517972],[-123.526074,43.520255],[-123.527942,43.520691],[-123.530229,43.522998],[-123.534269,43.525002],[-123.53744,43.525473],[-123.54346,43.524994],[-123.559247,43.530105],[-123.563756,43.532153],[-123.567768,43.535515],[-123.573132,43.539391],[-123.576671,43.542843],[-123.576984,43.544349],[-123.575629,43.547034],[-123.573862,43.548943],[-123.570872,43.551011],[-123.566555,43.553208],[-123.562349,43.554474],[-123.558633,43.554819],[-123.55056,43.554318],[-123.547523,43.553788],[-123.544307,43.552379],[-123.540784,43.550037],[-123.537461,43.546409],[-123.534289,43.539846],[-123.531182,43.537371],[-123.526902,43.536006],[-123.519056,43.536015],[-123.512505,43.536477],[-123.505074,43.538571],[-123.503031,43.539987],[-123.501064,43.542471],[-123.500315,43.546264],[-123.501053,43.549902],[-123.502126,43.552174],[-123.505725,43.555754],[-123.509516,43.556822],[-123.51751,43.555193],[-123.520179,43.55562],[-123.522113,43.557612],[-123.523954,43.562627],[-123.525718,43.564941],[-123.528448,43.567182],[-123.534559,43.574266],[-123.536608,43.579352],[-123.535766,43.581775],[-123.534423,43.58245],[-123.530441,43.582443],[-123.526074,43.58178],[-123.520253,43.580046],[-123.518285,43.578447],[-123.517292,43.576188],[-123.515493,43.57459],[-123.512132,43.573076],[-123.510551,43.573058],[-123.503882,43.575756],[-123.502315,43.577157],[-123.501217,43.5814],[-123.501504,43.583652],[-123.506331,43.587932],[-123.511184,43.58896],[-123.516583,43.587645],[-123.523459,43.586476],[-123.526912,43.587196],[-123.529268,43.589867],[-123.531158,43.596376],[-123.533503,43.599407],[-123.536015,43.600192],[-123.539511,43.599544],[-123.546303,43.594466],[-123.548329,43.593354],[-123.551017,43.589996],[-123.555287,43.58839],[-123.557907,43.585945],[-123.563502,43.582476],[-123.570353,43.579447],[-123.576516,43.577846],[-123.578546,43.578137],[-123.583667,43.580666],[-123.589239,43.582765],[-123.594481,43.585159],[-123.600562,43.588647],[-123.606112,43.590924],[-123.615565,43.593221],[-123.617802,43.594562],[-123.620253,43.597632],[-123.620924,43.601351],[-123.618412,43.607748],[-123.611311,43.613887],[-123.607804,43.614875],[-123.604598,43.614141],[-123.587064,43.612285],[-123.582556,43.612696],[-123.577965,43.616154],[-123.575186,43.618702],[-123.568187,43.627296],[-123.566555,43.630389],[-123.56811,43.633482],[-123.570376,43.635586],[-123.573719,43.637636],[-123.577725,43.638833],[-123.58724,43.639973],[-123.595991,43.64039],[-123.598914,43.641266],[-123.605323,43.643983],[-123.612695,43.646113],[-123.621722,43.649557],[-123.626151,43.650167],[-123.632165,43.649999],[-123.635611,43.649493],[-123.640961,43.647155],[-123.645118,43.643598],[-123.648888,43.641909],[-123.654577,43.643251],[-123.657997,43.642149],[-123.662252,43.640152],[-123.667359,43.636565],[-123.669549,43.635932],[-123.672807,43.636104],[-123.674722,43.63767],[-123.674265,43.640821],[-123.67274,43.642633],[-123.663568,43.649809],[-123.660846,43.652966],[-123.655971,43.659693],[-123.65378,43.664612],[-123.653609,43.669456],[-123.653975,43.678843],[-123.655114,43.680953],[-123.658057,43.682643],[-123.664822,43.682793],[-123.668214,43.681618],[-123.677118,43.676469],[-123.680071,43.675227],[-123.683813,43.674382],[-123.687561,43.67268],[-123.690897,43.670521],[-123.704116,43.66019],[-123.708459,43.657857],[-123.711479,43.657177]]},"properties":{"OBJECTID":55,"fhdFtrID":50,"fhdRefID":53753,"fhdRevDt":"20190807","fhdONm":"Alan Herlihy","fhdOEnt":"OSU","fhdSpNm":"PKS","fhdRun":"NA","fhdLifeHst":"Resident","fhdUseTy":"ResidentMultipleUses","fhdBasis":"DocObsFish","fhdStNm":"Umpqua River","fhdGenus":"Lepomis","fhdSp":"gibbosus","fhdSubSp":null,"fhdOrig":"NonNative","fhdProd":"Natural","fhdComment":null,"fhdESH":"NA","fhdBasisD":null,"fhdNMF":"no","fhdBasisDt":"20070000","fhdBasisNm":null,"fhdBasisEnt":null,"fhdBasisPrj":"RIVmap","fhdBasisMethod":"Electrofisher","fhdAccess":null,"fhdBarrierFtrID":null,"fhdEndExtent":null,"Shape__Length":169416.0463166115,"habitatType":"stream"},"id":55},
{"type":"Feature","geometry":{"type":"LineString","coordinates":[[-122.648359,45.583488],[-122.647201,45.585399],[-122.64157,45.589501]]},"properties":{"OBJECTID":56,"fhdFtrID":51,"fhdRefID":53751,"fhdRevDt":"20190806","fhdONm":"Shannon Hubler","fhdOEnt":"ODEQ","fhdSpNm":"PKS","fhdRun":"NA","fhdLifeHst":"Resident","fhdUseTy":"ResidentMultipleUses","fhdBasis":"DocObsFish","fhdStNm":"Peninsula Slough","fhdGenus":"Lepomis","fhdSp":"gibbosus","fhdSubSp":null,"fhdOrig":"NonNative","fhdProd":"Natural","fhdComment":null,"fhdESH":"NA","fhdBasisD":null,"fhdNMF":"no","fhdBasisDt":"20060817","fhdBasisNm":null,"fhdBasisEnt":null,"fhdBasisPrj":"NARS","fhdBasisMethod":"Electrofisher","fhdAccess":null,"fhdBarrierFtrID":null,"fhdEndExtent":null,"Shape__Length":1245.101788314924,"habitatType":"stream"},"id":56},
{"type":"Feature","geometry":{"type":"LineString","coordinates":[[-122.626105,45.463656],[-122.624796,45.462266],[-122.620244,45.462836]]},"properties":{"OBJECTID":57,"fhdFtrID":52,"fhdRefID":53751,"fhdRevDt":"20190807","fhdONm":"Shannon Hubler","fhdOEnt":"ODEQ","fhdSpNm":"PKS","fhdRun":"NA","fhdLifeHst":"Resident","fhdUseTy":"ResidentMultipleUses","fhdBasis":"DocObsFish","fhdStNm":"Johnson Creek","fhdGenus":"Lepomis","fhdSp":"gibbosus","fhdSubSp":null,"fhdOrig":"NonNative","fhdProd":"Natural","fhdComment":null,"fhdESH":"NA","fhdBasisD":null,"fhdNMF":"no","fhdBasisDt":"20030811","fhdBasisNm":null,"fhdBasisEnt":null,"fhdBasisPrj":"NARS","fhdBasisMethod":"Electrofisher","fhdAccess":null,"fhdBarrierFtrID":null,"fhdEndExtent":null,"Shape__Length":791.2439564746838,"habitatType":"stream"},"id":57},
{"type":"Feature","geometry":{"type":"LineString","coordinates":[[-122.818906,45.392487],[-122.81452,45.389481]]},"properties":{"OBJECTID":58,"fhdFtrID":53,"fhdRefID":53751,"fhdRevDt":"20190807","fhdONm":"Shannon Hubler","fhdOEnt":"ODEQ","fhdSpNm":"PKS","fhdRun":"NA","fhdLifeHst":"Resident","fhdUseTy":"ResidentMultipleUses","fhdBasis":"DocObsFish","fhdStNm":"Tualatin River","fhdGenus":"Lepomis","fhdSp":"gibbosus","fhdSubSp":null,"fhdOrig":"NonNative","fhdProd":"Natural","fhdComment":null,"fhdESH":"NA","fhdBasisD":null,"fhdNMF":"no","fhdBasisDt":"20060919","fhdBasisNm":null,"fhdBasisEnt":null,"fhdBasisPrj":"NARS","fhdBasisMethod":"Electrofisher","fhdAccess":null,"fhdBarrierFtrID":null,"fhdEndExtent":null,"Shape__Length":698.2061706628266,"habitatType":"stream"},"id":58},
{"type":"Feature","geometry":{"type":"LineString","coordinates":[[-121.204699,42.120439],[-121.20495,42.119912]]},"properties":{"OBJECTID":59,"fhdFtrID":55,"fhdRefID":53580,"fhdRevDt":"20190807","fhdONm":"Jay Stevens","fhdOEnt":"BLM","fhdSpNm":"PKS","fhdRun":"NA","fhdLifeHst":"Resident","fhdUseTy":"ResidentMultipleUses","fhdBasis":"UndocObsFish","fhdStNm":"Miller Creek","fhdGenus":"Lepomis","fhdSp":"gibbosus","fhdSubSp":null,"fhdOrig":"NonNative","fhdProd":"Natural","fhdComment":null,"fhdESH":"NA","fhdBasisD":null,"fhdNMF":"no","fhdBasisDt":null,"fhdBasisNm":null,"fhdBasisEnt":null,"fhdBasisPrj":null,"fhdBasisMethod":null,"fhdAccess":null,"fhdBarrierFtrID":null,"fhdEndExtent":null,"Shape__Length":84.65796342125613,"habitatType":"stream"},"id":59},
{"type":"Feature","geometry":{"type":"Polygon","coordinates":[[[-120.703463,42.223429],[-120.702769,42.221848],[-120.707209,42.220338],[-120.709938,42.218547],[-120.710908,42.215419],[-120.710352,42.212737],[-120.70813,42.208613],[-120.705632,42.207856],[-120.701702,42.210916],[-120.6968,42.209922],[-120.696152,42.208135],[-120.702813,42.208408],[-120.704892,42.207135],[-120.702025,42.205416],[-120.695597,42.198956],[-120.692636,42.196582],[-120.686626,42.193489],[-120.685701,42.191768],[-120.686812,42.189193],[-120.691019,42.187611],[-120.691942,42.185343],[-120.689676,42.183933],[-120.685702,42.183416],[-120.682512,42.181285],[-120.681125,42.179086],[-120.680479,42.173035],[-120.677984,42.169013],[-120.678865,42.161516],[-120.676923,42.15918],[-120.677339,42.156361],[-120.675955,42.153919],[-120.672812,42.155499],[-120.667729,42.155188],[-120.664682,42.152096],[-120.666623,42.149416],[-120.66362,42.148449],[-120.657757,42.143053],[-120.653231,42.141091],[-120.658407,42.137482],[-120.66298,42.133289],[-120.659747,42.132773],[-120.652818,42.137377],[-120.649767,42.138305],[-120.643905,42.135519],[-120.635781,42.130426],[-120.633797,42.127679],[-120.633522,42.124927],[-120.631132,42.124787],[-120.626649,42.119926],[-120.623306,42.121068],[-120.617892,42.120069],[-120.616689,42.121345],[-120.62243,42.123135],[-120.624375,42.124683],[-120.626961,42.129906],[-120.628346,42.130457],[-120.631204,42.134276],[-120.63051,42.135446],[-120.635309,42.140192],[-120.636185,42.14284],[-120.639922,42.147208],[-120.643201,42.149441],[-120.645647,42.15312],[-120.648372,42.154874],[-120.648969,42.1578],[-120.651786,42.160825],[-120.654278,42.166018],[-120.656633,42.173234],[-120.655153,42.175059],[-120.657185,42.177019],[-120.663746,42.180287],[-120.665223,42.18441],[-120.663234,42.188228],[-120.667948,42.194142],[-120.665912,42.197063],[-120.670581,42.199058],[-120.67969,42.205416],[-120.681168,42.208098],[-120.686717,42.209507],[-120.691943,42.21226],[-120.691343,42.216075],[-120.693471,42.21941],[-120.703463,42.223429]]]},"properties":{"OBJECTID":1,"fhdFtrID":1,"fhdRefID":53684,"fhdRevDt":"20180314","fhdONm":"Peter Robinson","fhdOEnt":"ODFW","fhdSpNm":"Pumpkinseed","fhdRun":"NA","fhdLifeHst":"Resident","fhdUseTy":"ResidentMultipleUses","fhdBasis":"UndocObsFish","fhdStNm":"Drews Reservoir","fhdGenus":"Lepomis","fhdSp":"gibbosus","fhdSubSp":null,"fhdOrig":"NonNative","fhdProd":"Natural","fhdComment":null,"fhdESH":"NA","fhdBasisD":null,"fhdNMF":"no","fhdBasisDt":null,"fhdBasisNm":null,"fhdBasisEnt":"ODFW","fhdBasisPrj":null,"fhdBasisMethod":null,"fhdAccess":null,"fhdBarrierFtrID":null,"fhdEndExtent":null,"Shape__Area":34605317.33263022,"Shape__Length":64788.83016157339,"habitatType":"lake"},"id":60},
{"type":"Feature","geometry":{"type":"Polygon","coordinates":[[[-116.837628,44.968133],[-116.834555,44.969631],[-116.836998,44.971282],[-116.842231,44.968409],[-116.845592,44.96818],[-116.852068,44.964849],[-116.85394,44.961655],[-116.849957,44.95272],[-116.846719,44.950222],[-116.842704,44.944131],[-116.835297,44.936955],[-116.833737,44.932911],[-116.834506,44.929915],[-116.838241,44.926814],[-116.839642,44.924404],[-116.840047,44.920011],[-116.842946,44.916208],[-116.844918,44.908694],[-116.849151,44.903343],[-116.851011,44.899088],[-116.854194,44.887875],[-116.857748,44.88472],[-116.858653,44.882228],[-116.865413,44.874904],[-116.865877,44.871758],[-116.867851,44.870023],[-116.878221,44.866415],[-116.879752,44.8627],[-116.884872,44.858346],[-116.894041,44.855419],[-116.88932,44.854375],[-116.884102,44.856759],[-116.881507,44.859282],[-116.876442,44.862539],[-116.868336,44.868772],[-116.863507,44.87109],[-116.861495,44.873725],[-116.860666,44.877117],[-116.858651,44.877835],[-116.854778,44.882538],[-116.854888,44.884068],[-116.850518,44.889122],[-116.850508,44.893038],[-116.848156,44.896545],[-116.848414,44.899453],[-116.844108,44.904029],[-116.841191,44.909778],[-116.840341,44.914683],[-116.837675,44.916587],[-116.835831,44.923408],[-116.833552,44.926825],[-116.831661,44.927786],[-116.830588,44.9308],[-116.830743,44.934167],[-116.833429,44.938744],[-116.834569,44.943085],[-116.836471,44.943114],[-116.839868,44.947566],[-116.845472,44.951715],[-116.843983,44.953693],[-116.849386,44.957932],[-116.850139,44.96075],[-116.846948,44.96378],[-116.843091,44.964449],[-116.840574,44.96693],[-116.837628,44.968133]]]},"properties":{"OBJECTID":2,"fhdFtrID":2,"fhdRefID":53684,"fhdRevDt":"20190214","fhdONm":"Peter Robinson","fhdOEnt":"ODFW","fhdSpNm":"PKS","fhdRun":"NA","fhdLifeHst":"Resident","fhdUseTy":"ResidentMultipleUses","fhdBasis":"UndocObsFish","fhdStNm":"Oxbow Reservoir","fhdGenus":"Lepomis","fhdSp":"gibbosus","fhdSubSp":null,"fhdOrig":"NonNative","fhdProd":"Natural","fhdComment":null,"fhdESH":"NA","fhdBasisD":null,"fhdNMF":"no","fhdBasisDt":null,"fhdBasisNm":null,"fhdBasisEnt":null,"fhdBasisPrj":null,"fhdBasisMethod":null,"fhdAccess":null,"fhdBarrierFtrID":null,"fhdEndExtent":null,"Shape__Area":8922295.49513655,"Shape__Length":57451.92246342264,"habitatType":"lake"},"id":61},
{"type":"Feature","geometry":{"type":"Polygon","coordinates":[[[-116.701875,45.236909],[-116.700389,45.242403],[-116.702999,45.243297],[-116.706749,45.237817],[-116.705282,45.234058],[-116.706655,45.227379],[-116.710882,45.221827],[-116.711583,45.215194],[-116.709814,45.210951],[-116.709968,45.204311],[-116.710942,45.201575],[-116.715638,45.193619],[-116.717666,45.186338],[-116.721826,45.179636],[-116.726524,45.174467],[-116.726851,45.172399],[-116.725341,45.161835],[-116.728725,45.156556],[-116.730448,45.150976],[-116.731245,45.14272],[-116.732493,45.14085],[-116.745554,45.134235],[-116.746985,45.132522],[-116.746461,45.12774],[-116.753559,45.123023],[-116.755268,45.115055],[-116.759314,45.112198],[-116.767405,45.11022],[-116.775547,45.10696],[-116.780236,45.101232],[-116.784584,45.094352],[-116.785218,45.091397],[-116.785297,45.084265],[-116.786609,45.080008],[-116.78502,45.07846],[-116.788771,45.073694],[-116.791102,45.072049],[-116.79675,45.06478],[-116.797708,45.061286],[-116.801784,45.057761],[-116.805915,45.055396],[-116.810876,45.051391],[-116.812392,45.051133],[-116.8212,45.045006],[-116.826005,45.039425],[-116.832989,45.035776],[-116.842809,45.03143],[-116.844175,45.028286],[-116.849371,45.022797],[-116.849632,45.020435],[-116.846883,45.018081],[-116.845708,45.014351],[-116.848953,45.011915],[-116.846531,45.008125],[-116.845376,45.002036],[-116.848563,44.998655],[-116.852852,44.992643],[-116.856176,44.986222],[-116.858615,44.984408],[-116.859525,44.98009],[-116.858809,44.977019],[-116.85375,44.972117],[-116.8481,44.970874],[-116.843853,44.974939],[-116.838902,44.982263],[-116.836832,44.983574],[-116.83081,44.984394],[-116.826688,44.982595],[-116.831431,44.975655],[-116.834785,44.973404],[-116.833026,44.972159],[-116.830327,44.976543],[-116.827986,44.978655],[-116.825428,44.984074],[-116.83268,44.985385],[-116.838623,44.98449],[-116.840464,44.98354],[-116.845546,44.975361],[-116.849841,44.972385],[-116.853046,44.973103],[-116.857872,44.978334],[-116.856532,44.983405],[-116.851731,44.991463],[-116.848622,44.994444],[-116.847899,44.996451],[-116.844369,45.000356],[-116.843388,45.005459],[-116.844127,45.009536],[-116.845913,45.011691],[-116.843666,45.015845],[-116.845154,45.018185],[-116.846554,45.023173],[-116.842912,45.026373],[-116.841847,45.029213],[-116.83828,45.031402],[-116.834988,45.032145],[-116.823985,45.037644],[-116.820117,45.042217],[-116.817739,45.043107],[-116.816186,45.045822],[-116.807442,45.050415],[-116.796455,45.058499],[-116.794025,45.063958],[-116.791932,45.06517],[-116.786959,45.072224],[-116.782268,45.075597],[-116.78128,45.078634],[-116.782619,45.081341],[-116.782816,45.087908],[-116.78242,45.094007],[-116.776922,45.100198],[-116.774138,45.104613],[-116.765428,45.108669],[-116.759013,45.110631],[-116.753252,45.113273],[-116.750634,45.118783],[-116.745399,45.121653],[-116.740604,45.125974],[-116.740405,45.129702],[-116.736842,45.131556],[-116.733119,45.136774],[-116.728866,45.139904],[-116.727233,45.142832],[-116.727512,45.14495],[-116.726092,45.149239],[-116.72662,45.155042],[-116.723763,45.159108],[-116.722278,45.164702],[-116.723284,45.172031],[-116.720275,45.178483],[-116.717586,45.180926],[-116.715866,45.184205],[-116.712708,45.194925],[-116.70876,45.198754],[-116.706602,45.205514],[-116.706513,45.207782],[-116.708258,45.21641],[-116.702762,45.228063],[-116.701875,45.236909]]]},"properties":{"OBJECTID":3,"fhdFtrID":3,"fhdRefID":53684,"fhdRevDt":"20190212","fhdONm":"Peter Robinson","fhdOEnt":"ODFW","fhdSpNm":"PKS","fhdRun":"NA","fhdLifeHst":"Resident","fhdUseTy":"ResidentMultipleUses","fhdBasis":"UndocObsFish","fhdStNm":"Hells Canyon Reservoir","fhdGenus":"Lepomis","fhdSp":"gibbosus","fhdSubSp":null,"fhdOrig":"NonNative","fhdProd":"Natural","fhdComment":null,"fhdESH":"NA","fhdBasisD":null,"fhdNMF":"no","fhdBasisDt":null,"fhdBasisNm":null,"fhdBasisEnt":null,"fhdBasisPrj":null,"fhdBasisMethod":null,"fhdAccess":null,"fhdBarrierFtrID":null,"fhdEndExtent":null,"Shape__Area":18695910.95635435,"Shape__Length":121775.12852254763,"habitatType":"lake"},"id":62},
{"type":"Feature","geometry":{"type":"Polygon","coordinates":[[[-119.236019,46.262924],[-119.242641,46.266656],[-119.251139,46.270034],[-119.251141,46.265413],[-119.241015,46.261649],[-119.239124,46.260252],[-119.244255,46.258593],[-119.245287,46.255538],[-119.241933,46.253768],[-119.24363,46.251486],[-119.240024,46.251057],[-119.239048,46.249376],[-119.241519,46.246343],[-119.239039,46.240706],[-119.234582,46.241004],[-119.232486,46.239403],[-119.225348,46.238759],[-119.22553,46.240113],[-119.230553,46.243973],[-119.230335,46.248508],[-119.227245,46.249787],[-119.223876,46.247024],[-119.223303,46.241721],[-119.224786,46.238496],[-119.217625,46.238317],[-119.200598,46.232792],[-119.197974,46.232782],[-119.189336,46.231016],[-119.178525,46.227797],[-119.158778,46.22362],[-119.152418,46.222807],[-119.144673,46.223506],[-119.136757,46.221924],[-119.126441,46.218239],[-119.117005,46.215219],[-119.104924,46.214725],[-119.097282,46.211536],[-119.083565,46.20736],[-119.078082,46.205386],[-119.063514,46.198417],[-119.0544,46.195416],[-119.051849,46.193551],[-119.051297,46.18901],[-119.044853,46.188334],[-119.037896,46.186967],[-119.031327,46.183757],[-119.026055,46.180042],[-119.018661,46.17412],[-119.014584,46.168744],[-119.0228,46.172027],[-119.027805,46.171469],[-119.018579,46.168208],[-119.013205,46.165754],[-119.014683,46.163977],[-119.012948,46.161914],[-119.009334,46.1607],[-119.006323,46.156377],[-119.001897,46.147434],[-119.005334,46.143043],[-119.005001,46.137223],[-119.00256,46.132636],[-118.992192,46.124862],[-118.988846,46.123372],[-118.978905,46.121023],[-118.973674,46.118068],[-118.971872,46.112787],[-118.967633,46.106535],[-118.966212,46.103492],[-118.971502,46.103068],[-118.968762,46.096135],[-118.966174,46.092735],[-118.957199,46.084395],[-118.953185,46.079344],[-118.952907,46.074105],[-118.951479,46.06675],[-118.950297,46.065664],[-118.951406,46.060766],[-118.955617,46.046839],[-118.95515,46.039077],[-118.958266,46.032253],[-118.988346,46.011022],[-118.995708,46.005308],[-118.999609,45.998026],[-119.007529,45.989249],[-119.012766,45.985099],[-119.02669,45.976575],[-119.035007,45.972628],[-119.062319,45.965451],[-119.06777,45.963498],[-119.078543,45.958352],[-119.090085,45.95242],[-119.100548,45.947541],[-119.115263,45.943119],[-119.125537,45.94149],[-119.137136,45.939134],[-119.147679,45.937388],[-119.15154,45.93728],[-119.168308,45.934749],[-119.180548,45.933868],[-119.200569,45.935128],[-119.209366,45.936032],[-119.220821,45.938547],[-119.228849,45.941429],[-119.234221,45.943818],[-119.240811,45.945768],[-119.250736,45.947857],[-119.263606,45.948206],[-119.275895,45.947042],[-119.29986,45.944348],[-119.296695,45.931969],[-119.2936,45.926501],[-119.269845,45.931442],[-119.260524,45.930928],[-119.258707,45.931777],[-119.255101,45.930552],[-119.249348,45.930527],[-119.230764,45.926784],[-119.219263,45.92319],[-119.213196,45.9225],[-119.206648,45.921141],[-119.197218,45.920084],[-119.187826,45.920255],[-119.183473,45.919783],[-119.1797,45.920572],[-119.174231,45.919771],[-119.170175,45.921169],[-119.164651,45.920104],[-119.158529,45.919774],[-119.150795,45.921242],[-119.145044,45.919139],[-119.142064,45.920268],[-119.138457,45.920173],[-119.134817,45.921729],[-119.129645,45.922928],[-119.12717,45.921819],[-119.12234,45.923101],[-119.118103,45.922215],[-119.114277,45.923292],[-119.095859,45.930912],[-119.080259,45.939319],[-119.063238,45.948721],[-119.060667,45.950411],[-119.047062,45.955358],[-119.040425,45.957276],[-119.02245,45.963355],[-119.01267,45.967843],[-118.995873,45.978693],[-118.993334,45.981366],[-118.983684,45.994041],[-118.975413,46.00156],[-118.965374,46.009225],[-118.947427,46.019107],[-118.943302,46.02219],[-118.941066,46.025048],[-118.936593,46.026578],[-118.933672,46.028585],[-118.937625,46.036577],[-118.940665,46.03876],[-118.941075,46.043],[-118.93998,46.046714],[-118.937137,46.051431],[-118.929983,46.056455],[-118.923246,46.057738],[-118.919109,46.060925],[-118.915721,46.060375],[-118.916232,46.063305],[-118.914687,46.0645],[-118.910597,46.06473],[-118.909215,46.071536],[-118.9094,46.079704],[-118.913526,46.091597],[-118.914029,46.095897],[-118.92203,46.100303],[-118.9249,46.104296],[-118.922769,46.109112],[-118.927342,46.11745],[-118.93097,46.120406],[-118.933387,46.124862],[-118.937529,46.127292],[-118.945111,46.133089],[-118.945979,46.135667],[-118.944985,46.137686],[-118.945459,46.141481],[-118.943479,46.147082],[-118.944482,46.150949],[-118.942904,46.152336],[-118.950396,46.157868],[-118.948761,46.160832],[-118.946615,46.162078],[-118.948281,46.1642],[-118.953547,46.167545],[-118.959608,46.163858],[-118.952211,46.159642],[-118.957231,46.160173],[-118.960388,46.15834],[-118.961547,46.155203],[-118.960283,46.153623],[-118.960677,46.150957],[-118.958869,46.149938],[-118.960935,46.145703],[-118.963223,46.144978],[-118.959158,46.141447],[-118.957997,46.138869],[-118.958515,46.131947],[-118.960849,46.128403],[-118.964472,46.13403],[-118.967152,46.1428],[-118.974018,46.15719],[-118.973128,46.158847],[-118.978745,46.165882],[-118.978596,46.166733],[-118.983139,46.171289],[-118.988029,46.174748],[-119.00045,46.182426],[-119.003279,46.183751],[-119.007948,46.181844],[-119.011035,46.181708],[-119.01198,46.184354],[-119.007677,46.183759],[-119.004651,46.18519],[-119.015101,46.191283],[-119.015542,46.19385],[-119.023808,46.197988],[-119.022747,46.201251],[-119.027075,46.203138],[-119.025281,46.205688],[-119.026899,46.206659],[-119.022409,46.21137],[-119.019732,46.210047],[-119.01804,46.211483],[-119.020385,46.214018],[-119.017587,46.214785],[-119.012338,46.218107],[-119.003753,46.221854],[-118.994248,46.224789],[-118.98759,46.228622],[-118.985339,46.229341],[-118.978269,46.234427],[-118.974065,46.23589],[-118.968563,46.235539],[-118.956162,46.236544],[-118.951087,46.236276],[-118.931516,46.239871],[-118.917468,46.241048],[-118.914479,46.242043],[-118.908954,46.24187],[-118.904233,46.242902],[-118.903016,46.24412],[-118.896429,46.245966],[-118.884253,46.247612],[-118.880071,46.247483],[-118.880197,46.250481],[-118.885051,46.251064],[-118.894694,46.249798],[-118.904501,46.247668],[-118.910659,46.246985],[-118.928092,46.243623],[-118.931895,46.243442],[-118.953761,46.240942],[-118.96127,46.241821],[-118.969041,46.241287],[-118.97817,46.239869],[-118.986199,46.237349],[-118.997608,46.232799],[-119.005997,46.230011],[-119.009619,46.227704],[-119.011985,46.224551],[-119.0197,46.220676],[-119.023368,46.218133],[-119.032357,46.209535],[-119.033953,46.208455],[-119.036475,46.203558],[-119.037298,46.200442],[-119.039795,46.198513],[-119.049312,46.203457],[-119.05304,46.206539],[-119.064676,46.209594],[-119.070499,46.211931],[-119.073131,46.215095],[-119.07509,46.213877],[-119.086461,46.217523],[-119.09099,46.219364],[-119.094181,46.218568],[-119.108375,46.221651],[-119.121014,46.225385],[-119.135756,46.227935],[-119.143459,46.230477],[-119.157597,46.231227],[-119.173213,46.234723],[-119.185203,46.236271],[-119.193621,46.238184],[-119.204664,46.242598],[-119.211053,46.24603],[-119.219094,46.248759],[-119.225425,46.253824],[-119.231699,46.259843],[-119.236019,46.262924]],[[-118.936207,46.104308],[-118.940609,46.113111],[-118.936815,46.111049],[-118.936207,46.104308]],[[-119.006397,46.225212],[-119.005572,46.227965],[-118.998246,46.230745],[-118.99769,46.228626],[-119.002767,46.227569],[-119.006397,46.225212]],[[-118.995052,46.229334],[-118.994263,46.231548],[-118.989375,46.234365],[-118.987389,46.233238],[-118.99095,46.23044],[-118.995052,46.229334]]]},"properties":{"OBJECTID":4,"fhdFtrID":4,"fhdRefID":53684,"fhdRevDt":"20190212","fhdONm":"Peter Robinson","fhdOEnt":"ODFW","fhdSpNm":"PKS","fhdRun":"NA","fhdLifeHst":"Resident","fhdUseTy":"ResidentMultipleUses","fhdBasis":"UndocObsFish","fhdStNm":"Lake Wallula","fhdGenus":"Lepomis","fhdSp":"gibbosus","fhdSubSp":null,"fhdOrig":"NonNative","fhdProd":"Natural","fhdComment":null,"fhdESH":"NA","fhdBasisD":null,"fhdNMF":"no","fhdBasisDt":null,"fhdBasisNm":null,"fhdBasisEnt":null,"fhdBasisPrj":null,"fhdBasisMethod":null,"fhdAccess":null,"fhdBarrierFtrID":null,"fhdEndExtent":null,"Shape__Area":273204934.4210888,"Shape__Length":436423.0237358849,"habitatType":"lake"},"id":63},
{"type":"Feature","geometry":{"type":"Polygon","coordinates":[[[-121.322528,45.695857],[-121.326239,45.69645],[-121.331883,45.696048],[-121.329706,45.694178],[-121.322246,45.69414],[-121.322528,45.695857]]]},"properties":{"OBJECTID":5,"fhdFtrID":5,"fhdRefID":53684,"fhdRevDt":"20190212","fhdONm":"Peter Robinson","fhdOEnt":"ODFW","fhdSpNm":"PKS","fhdRun":"NA","fhdLifeHst":"Resident","fhdUseTy":"ResidentMultipleUses","fhdBasis":"UndocObsFish","fhdStNm":"McClure Lake","fhdGenus":"Lepomis","fhdSp":"gibbosus","fhdSubSp":null,"fhdOrig":"NonNative","fhdProd":"Natural","fhdComment":null,"fhdESH":"NA","fhdBasisD":null,"fhdNMF":"no","fhdBasisDt":null,"fhdBasisNm":null,"fhdBasisEnt":null,"fhdBasisPrj":null,"fhdBasisMethod":null,"fhdAccess":null,"fhdBarrierFtrID":null,"fhdEndExtent":null,"Shape__Area":447526.444337235,"Shape__Length":4336.19005930949,"habitatType":"lake"},"id":64},
{"type":"Feature","geometry":{"type":"Polygon","coordinates":[[[-119.541383,45.347392],[-119.545802,45.345061],[-119.546763,45.340704],[-119.545265,45.340348],[-119.541904,45.344117],[-119.539104,45.343196],[-119.528946,45.341275],[-119.524369,45.34108],[-119.525404,45.343011],[-119.534975,45.345116],[-119.541383,45.347392]]]},"properties":{"OBJECTID":6,"fhdFtrID":6,"fhdRefID":53684,"fhdRevDt":"20190212","fhdONm":"Peter Robinson","fhdOEnt":"ODFW","fhdSpNm":"PKS","fhdRun":"NA","fhdLifeHst":"Resident","fhdUseTy":"ResidentMultipleUses","fhdBasis":"UndocObsFish","fhdStNm":"Willow Creek Reservoir","fhdGenus":"Lepomis","fhdSp":"gibbosus","fhdSubSp":null,"fhdOrig":"NonNative","fhdProd":"Natural","fhdComment":null,"fhdESH":"NA","fhdBasisD":null,"fhdNMF":"no","fhdBasisDt":null,"fhdBasisNm":null,"fhdBasisEnt":null,"fhdBasisPrj":null,"fhdBasisMethod":null,"fhdAccess":null,"fhdBarrierFtrID":null,"fhdEndExtent":null,"Shape__Area":1259414.525644945,"Shape__Length":8646.776002966564,"habitatType":"lake"},"id":65},
{"type":"Feature","geometry":{"type":"Polygon","coordinates":[[[-122.120183,45.578454],[-122.123754,45.578836],[-122.124994,45.576701],[-122.120589,45.577608],[-122.120183,45.578454]]]},"properties":{"OBJECTID":7,"fhdFtrID":7,"fhdRefID":53684,"fhdRevDt":"20190213","fhdONm":"Peter Robinson","fhdOEnt":"ODFW","fhdSpNm":"PKS","fhdRun":"NA","fhdLifeHst":"Resident","fhdUseTy":"ResidentMultipleUses","fhdBasis":"UndocObsFish","fhdStNm":"Benson Lake","fhdGenus":"Lepomis","fhdSp":"gibbosus","fhdSubSp":null,"fhdOrig":"NonNative","fhdProd":"Natural","fhdComment":null,"fhdESH":"NA","fhdBasisD":null,"fhdNMF":"no","fhdBasisDt":null,"fhdBasisNm":null,"fhdBasisEnt":null,"fhdBasisPrj":null,"fhdBasisMethod":null,"fhdAccess":null,"fhdBarrierFtrID":null,"fhdEndExtent":null,"Shape__Area":190530.223523615,"Shape__Length":1873.0431266569778,"habitatType":"lake"},"id":66},
{"type":"Feature","geometry":{"type":"Polygon","coordinates":[[[-122.872915,45.557403],[-122.874172,45.557143],[-122.873991,45.556229],[-122.870087,45.557233],[-122.872915,45.557403]]]},"properties":{"OBJECTID":8,"fhdFtrID":8,"fhdRefID":53684,"fhdRevDt":"20190213","fhdONm":"Peter Robinson","fhdOEnt":"ODFW","fhdSpNm":"PKS","fhdRun":"NA","fhdLifeHst":"Resident","fhdUseTy":"ResidentMultipleUses","fhdBasis":"UndocObsFish","fhdStNm":"Bethany Lake","fhdGenus":"Lepomis","fhdSp":"gibbosus","fhdSubSp":null,"fhdOrig":"NonNative","fhdProd":"Natural","fhdComment":null,"fhdESH":"NA","fhdBasisD":null,"fhdNMF":"no","fhdBasisDt":null,"fhdBasisNm":null,"fhdBasisEnt":null,"fhdBasisPrj":null,"fhdBasisMethod":null,"fhdAccess":null,"fhdBarrierFtrID":null,"fhdEndExtent":null,"Shape__Area":63283.99886014,"Shape__Length":1674.7357245690184,"habitatType":"lake"},"id":67},
{"type":"Feature","geometry":{"type":"Polygon","coordinates":[[[-122.456515,45.555482],[-122.456908,45.554321],[-122.45059,45.552392],[-122.444486,45.552472],[-122.440645,45.554265],[-122.450797,45.554362],[-122.456515,45.555482]]]},"properties":{"OBJECTID":9,"fhdFtrID":9,"fhdRefID":53684,"fhdRevDt":"20190211","fhdONm":"Peter Robinson","fhdOEnt":"ODFW","fhdSpNm":"PKS","fhdRun":"NA","fhdLifeHst":"Resident","fhdUseTy":"ResidentMultipleUses","fhdBasis":"UndocObsFish","fhdStNm":"Blue Lake","fhdGenus":"Lepomis","fhdSp":"gibbosus","fhdSubSp":null,"fhdOrig":"NonNative","fhdProd":"Natural","fhdComment":null,"fhdESH":"NA","fhdBasisD":null,"fhdNMF":"no","fhdBasisDt":null,"fhdBasisNm":null,"fhdBasisEnt":null,"fhdBasisPrj":null,"fhdBasisMethod":null,"fhdAccess":null,"fhdBarrierFtrID":null,"fhdEndExtent":null,"Shape__Area":544933.781376635,"Shape__Length":4580.39469051574,"habitatType":"lake"},"id":68},
{"type":"Feature","geometry":{"type":"Polygon","coordinates":[[[-123.168345,42.8525],[-123.173053,42.852193],[-123.176045,42.849163],[-123.179135,42.848066],[-123.177436,42.844301],[-123.173391,42.844402],[-123.168432,42.845622],[-123.165325,42.842916],[-123.166486,42.839298],[-123.163305,42.835466],[-123.157387,42.835353],[-123.149131,42.836384],[-123.156515,42.838921],[-123.156807,42.845182],[-123.158171,42.848236],[-123.163591,42.850088],[-123.168345,42.8525]]]},"properties":{"OBJECTID":10,"fhdFtrID":10,"fhdRefID":53684,"fhdRevDt":"20190213","fhdONm":"Peter Robinson","fhdOEnt":"ODFW","fhdSpNm":"PKS","fhdRun":"NA","fhdLifeHst":"Resident","fhdUseTy":"ResidentMultipleUses","fhdBasis":"UndocObsFish","fhdStNm":"Galesville Reservoir","fhdGenus":"Lepomis","fhdSp":"gibbosus","fhdSubSp":null,"fhdOrig":"NonNative","fhdProd":"Natural","fhdComment":null,"fhdESH":"NA","fhdBasisD":null,"fhdNMF":"no","fhdBasisDt":null,"fhdBasisNm":null,"fhdBasisEnt":null,"fhdBasisPrj":null,"fhdBasisMethod":null,"fhdAccess":null,"fhdBarrierFtrID":null,"fhdEndExtent":null,"Shape__Area":4199699.83910377,"Shape__Length":19957.10202379356,"habitatType":"lake"},"id":69},
{"type":"Feature","geometry":{"type":"Polygon","coordinates":[[[-123.573648,44.177855],[-123.578931,44.177283],[-123.581344,44.175856],[-123.580808,44.173308],[-123.57769,44.168785],[-123.573526,44.16636],[-123.569192,44.167148],[-123.56925,44.169697],[-123.563837,44.172411],[-123.563385,44.173926],[-123.568299,44.176393],[-123.573648,44.177855]]]},"properties":{"OBJECTID":11,"fhdFtrID":11,"fhdRefID":53684,"fhdRevDt":"20190618","fhdONm":"Peter Robinson","fhdOEnt":"ODFW","fhdSpNm":"PKS","fhdRun":"NA","fhdLifeHst":"Resident","fhdUseTy":"ResidentMultipleUses","fhdBasis":"UndocObsFish","fhdStNm":"Triangle Lake","fhdGenus":"Lepomis","fhdSp":"gibbosus","fhdSubSp":null,"fhdOrig":"NonNative","fhdProd":"Natural","fhdComment":null,"fhdESH":"NA","fhdBasisD":null,"fhdNMF":"no","fhdBasisDt":null,"fhdBasisNm":null,"fhdBasisEnt":null,"fhdBasisPrj":null,"fhdBasisMethod":null,"fhdAccess":null,"fhdBarrierFtrID":null,"fhdEndExtent":null,"Shape__Area":2397590.807928095,"Shape__Length":9888.023355413172,"habitatType":"lake"},"id":70},
{"type":"Feature","geometry":{"type":"Polygon","coordinates":[[[-120.700357,42.077016],[-120.698093,42.07929],[-120.700312,42.084558],[-120.701054,42.089143],[-120.700129,42.09283],[-120.703506,42.091862],[-120.703413,42.087799],[-120.701978,42.085627],[-120.704013,42.082907],[-120.702763,42.081216],[-120.702671,42.077842],[-120.704196,42.076634],[-120.708774,42.07591],[-120.711453,42.07188],[-120.712607,42.067467],[-120.710112,42.067021],[-120.708909,42.068884],[-120.708911,42.072189],[-120.705535,42.0725],[-120.700357,42.077016]]]},"properties":{"OBJECTID":12,"fhdFtrID":12,"fhdRefID":53684,"fhdRevDt":"20190125","fhdONm":"Peter Robinson","fhdOEnt":"ODFW","fhdSpNm":"PKS","fhdRun":"NA","fhdLifeHst":"Resident","fhdUseTy":"ResidentMultipleUses","fhdBasis":"UndocObsFish","fhdStNm":"Dog Lake Reservoir","fhdGenus":"Lepomis","fhdSp":"gibbosus","fhdSubSp":null,"fhdOrig":"NonNative","fhdProd":"Natural","fhdComment":null,"fhdESH":"NA","fhdBasisD":null,"fhdNMF":"no","fhdBasisDt":null,"fhdBasisNm":null,"fhdBasisEnt":null,"fhdBasisPrj":null,"fhdBasisMethod":null,"fhdAccess":null,"fhdBarrierFtrID":null,"fhdEndExtent":null,"Shape__Area":1530876.210822425,"Shape__Length":10689.19454115802,"habitatType":"lake"},"id":71},
{"type":"Feature","geometry":{"type":"Polygon","coordinates":[[[-120.269969,42.40015],[-120.271142,42.40065],[-120.272434,42.40048],[-120.271637,42.399669],[-120.269969,42.40015]]]},"properties":{"OBJECTID":13,"fhdFtrID":13,"fhdRefID":53684,"fhdRevDt":"20190213","fhdONm":"Peter Robinson","fhdOEnt":"ODFW","fhdSpNm":"PKS","fhdRun":"NA","fhdLifeHst":"Resident","fhdUseTy":"ResidentMultipleUses","fhdBasis":"UndocObsFish","fhdStNm":"Wilson Reservoir","fhdGenus":"Lepomis","fhdSp":"gibbosus","fhdSubSp":null,"fhdOrig":"NonNative","fhdProd":"Natural","fhdComment":null,"fhdESH":"NA","fhdBasisD":null,"fhdNMF":"no","fhdBasisDt":null,"fhdBasisNm":null,"fhdBasisEnt":null,"fhdBasisPrj":null,"fhdBasisMethod":null,"fhdAccess":null,"fhdBarrierFtrID":null,"fhdEndExtent":null,"Shape__Area":28412.250595125,"Shape__Length":699.8023556080739,"habitatType":"lake"},"id":72},
{"type":"Feature","geometry":{"type":"Polygon","coordinates":[[[-121.085077,42.141832],[-121.086405,42.139103],[-121.083224,42.130476],[-121.08,42.132203],[-121.079018,42.129241],[-121.074611,42.129582],[-121.071743,42.134193],[-121.070719,42.137382],[-121.072636,42.139687],[-121.085077,42.141832]]]},"properties":{"OBJECTID":14,"fhdFtrID":14,"fhdRefID":53684,"fhdRevDt":"20190219","fhdONm":"Peter Robinson","fhdOEnt":"ODFW","fhdSpNm":"PKS","fhdRun":"NA","fhdLifeHst":"Resident","fhdUseTy":"ResidentMultipleUses","fhdBasis":"UndocObsFish","fhdStNm":"Round Valley Reservoir","fhdGenus":"Lepomis","fhdSp":"gibbosus","fhdSubSp":null,"fhdOrig":"NonNative","fhdProd":"Natural","fhdComment":null,"fhdESH":"NA","fhdBasisD":null,"fhdNMF":"no","fhdBasisDt":null,"fhdBasisNm":null,"fhdBasisEnt":null,"fhdBasisPrj":null,"fhdBasisMethod":null,"fhdAccess":null,"fhdBarrierFtrID":null,"fhdEndExtent":null,"Shape__Area":2286682.914148585,"Shape__Length":7355.667477198186,"habitatType":"lake"},"id":73},
{"type":"Feature","geometry":{"type":"Polygon","coordinates":[[[-122.47774,42.12941],[-122.477262,42.132665],[-122.478006,42.132911],[-122.479631,42.129415],[-122.47774,42.12941]]]},"properties":{"OBJECTID":15,"fhdFtrID":15,"fhdRefID":53684,"fhdRevDt":"20190219","fhdONm":"Peter Robinson","fhdOEnt":"ODFW","fhdSpNm":"PKS","fhdRun":"NA","fhdLifeHst":"Resident","fhdUseTy":"ResidentMultipleUses","fhdBasis":"UndocObsFish","fhdStNm":"Keene Creek Reservoir","fhdGenus":"Lepomis","fhdSp":"gibbosus","fhdSubSp":null,"fhdOrig":"NonNative","fhdProd":"Natural","fhdComment":null,"fhdESH":"NA","fhdBasisD":null,"fhdNMF":"no","fhdBasisDt":null,"fhdBasisNm":null,"fhdBasisEnt":null,"fhdBasisPrj":null,"fhdBasisMethod":null,"fhdAccess":null,"fhdBarrierFtrID":null,"fhdEndExtent":null,"Shape__Area":90175.667809465,"Shape__Length":2178.4661319150314,"habitatType":"lake"},"id":74},
{"type":"Feature","geometry":{"type":"Polygon","coordinates":[[[-121.345859,42.104668],[-121.352897,42.105224],[-121.353624,42.100948],[-121.347623,42.099254],[-121.341993,42.100145],[-121.345859,42.104668]]]},"properties":{"OBJECTID":16,"fhdFtrID":16,"fhdRefID":53684,"fhdRevDt":"20190219","fhdONm":"Peter Robinson","fhdOEnt":"ODFW","fhdSpNm":"PKS","fhdRun":"NA","fhdLifeHst":"Resident","fhdUseTy":"ResidentMultipleUses","fhdBasis":"UndocObsFish","fhdStNm":"Harpold Reservoir","fhdGenus":"Lepomis","fhdSp":"gibbosus","fhdSubSp":null,"fhdOrig":"NonNative","fhdProd":"Natural","fhdComment":null,"fhdESH":"NA","fhdBasisD":null,"fhdNMF":"no","fhdBasisDt":null,"fhdBasisNm":null,"fhdBasisEnt":null,"fhdBasisPrj":null,"fhdBasisMethod":null,"fhdAccess":null,"fhdBarrierFtrID":null,"fhdEndExtent":null,"Shape__Area":900424.88051233,"Shape__Length":4241.6214964742185,"habitatType":"lake"},"id":75},
{"type":"Feature","geometry":{"type":"Polygon","coordinates":[[[-121.957405,42.494732],[-121.956812,42.498435],[-121.957355,42.503505],[-121.951962,42.507935],[-121.953333,42.513062],[-121.952629,42.515758],[-121.950358,42.51539],[-121.946789,42.516862],[-121.944979,42.520243],[-121.941269,42.521199],[-121.93879,42.520134],[-121.936207,42.521759],[-121.931284,42.518732],[-121.925802,42.521748],[-121.927583,42.522953],[-121.929668,42.53007],[-121.928866,42.535367],[-121.931389,42.538381],[-121.932665,42.546104],[-121.93043,42.551347],[-121.930727,42.553422],[-121.929026,42.559065],[-121.930265,42.563632],[-121.92947,42.570252],[-121.929551,42.574797],[-121.934245,42.577004],[-121.936191,42.574265],[-121.934587,42.571312],[-121.936733,42.569325],[-121.940655,42.571833],[-121.940016,42.574123],[-121.941507,42.576519],[-121.945186,42.576972],[-121.942378,42.581418],[-121.950282,42.583163],[-121.957837,42.585682],[-121.960645,42.585846],[-121.965637,42.584895],[-121.97114,42.581732],[-121.975831,42.576186],[-121.978791,42.569153],[-121.979196,42.563905],[-121.974247,42.559762],[-121.972017,42.554405],[-121.973974,42.548471],[-121.97798,42.544484],[-121.997638,42.543943],[-122.003287,42.539862],[-122.005512,42.53299],[-122.004715,42.528999],[-122.005261,42.523702],[-122.00234,42.520879],[-122.001911,42.519204],[-122.005918,42.51117],[-122.004495,42.509259],[-122.00565,42.503956],[-122.004675,42.499981],[-122.004822,42.495693],[-122.000084,42.495473],[-121.957405,42.494732]],[[-121.977757,42.543968],[-121.977948,42.540938],[-121.97964,42.539537],[-121.979601,42.536573],[-121.983342,42.53605],[-121.98547,42.533798],[-121.988239,42.534538],[-121.987084,42.537564],[-121.985036,42.539162],[-121.988408,42.541373],[-121.99307,42.541651],[-121.997363,42.543125],[-121.977757,42.543968]]]},"properties":{"OBJECTID":17,"fhdFtrID":17,"fhdRefID":53684,"fhdRevDt":"20190219","fhdONm":"Peter Robinson","fhdOEnt":"ODFW","fhdSpNm":"PKS","fhdRun":"NA","fhdLifeHst":"Resident","fhdUseTy":"ResidentMultipleUses","fhdBasis":"UndocObsFish","fhdStNm":"Agency Lake","fhdGenus":"Lepomis","fhdSp":"gibbosus","fhdSubSp":null,"fhdOrig":"NonNative","fhdProd":"Natural","fhdComment":null,"fhdESH":"NA","fhdBasisD":null,"fhdNMF":"no","fhdBasisDt":null,"fhdBasisNm":null,"fhdBasisEnt":null,"fhdBasisPrj":null,"fhdBasisMethod":null,"fhdAccess":null,"fhdBarrierFtrID":null,"fhdEndExtent":null,"Shape__Area":76958237.74234788,"Shape__Length":121735.1281318147,"habitatType":"lake"},"id":76},
{"type":"Feature","geometry":{"type":"Polygon","coordinates":[[[-122.004822,42.495693],[-122.008175,42.490957],[-122.012231,42.491634],[-122.021079,42.494575],[-122.025106,42.494801],[-122.033733,42.496396],[-122.038118,42.494525],[-122.040654,42.494613],[-122.049371,42.491661],[-122.052962,42.48951],[-122.055544,42.485997],[-122.056976,42.480842],[-122.057555,42.475062],[-122.059253,42.470775],[-122.058186,42.469704],[-122.060707,42.467135],[-122.059736,42.464884],[-122.061382,42.460959],[-122.06391,42.459274],[-122.069374,42.458763],[-122.074475,42.460865],[-122.076989,42.463171],[-122.079549,42.47124],[-122.085313,42.475909],[-122.087501,42.475794],[-122.090567,42.470722],[-122.086273,42.468483],[-122.087889,42.466957],[-122.084188,42.463181],[-122.079888,42.463599],[-122.07962,42.460826],[-122.077291,42.456984],[-122.072591,42.453246],[-122.066193,42.448981],[-122.064295,42.448388],[-122.060723,42.444106],[-122.053023,42.437869],[-122.051319,42.435415],[-122.04743,42.43321],[-122.042604,42.432428],[-122.037937,42.42898],[-122.035716,42.425526],[-122.036213,42.422386],[-122.040845,42.419752],[-122.040424,42.416118],[-122.035508,42.40802],[-122.025721,42.399085],[-122.021078,42.397113],[-122.016325,42.394235],[-122.009607,42.394912],[-122.00308,42.397467],[-122.002429,42.404664],[-122.007431,42.410222],[-122.008066,42.413192],[-122.007301,42.415338],[-122.004062,42.416928],[-121.993583,42.417251],[-121.988037,42.412686],[-121.979384,42.411421],[-121.974817,42.406504],[-121.973509,42.397952],[-121.974371,42.390667],[-121.97371,42.38773],[-121.971221,42.385996],[-121.969353,42.3816],[-121.964482,42.384878],[-121.961929,42.389177],[-121.958412,42.390292],[-121.954829,42.393932],[-121.952726,42.398604],[-121.953712,42.401091],[-121.952802,42.404187],[-121.958235,42.414946],[-121.962363,42.419995],[-121.965307,42.426181],[-121.965649,42.42824],[-121.964227,42.430836],[-121.957401,42.427626],[-121.950924,42.421726],[-121.948819,42.418806],[-121.946218,42.41307],[-121.944898,42.405576],[-121.943135,42.399077],[-121.941564,42.395899],[-121.939357,42.393868],[-121.934907,42.387933],[-121.934655,42.386468],[-121.931227,42.383015],[-121.924711,42.379572],[-121.919365,42.373708],[-121.910542,42.367503],[-121.905185,42.362912],[-121.901811,42.360715],[-121.899836,42.358189],[-121.894842,42.355602],[-121.894075,42.352132],[-121.898152,42.353742],[-121.901231,42.35275],[-121.910868,42.350996],[-121.918515,42.347193],[-121.925716,42.345784],[-121.931362,42.342853],[-121.938918,42.341771],[-121.941145,42.340877],[-121.941278,42.338659],[-121.943735,42.33323],[-121.945361,42.323343],[-121.943083,42.320307],[-121.942002,42.317277],[-121.94252,42.314549],[-121.941647,42.310898],[-121.938777,42.30688],[-121.936218,42.304794],[-121.930104,42.293929],[-121.929993,42.292156],[-121.927753,42.28805],[-121.924877,42.288538],[-121.929002,42.292332],[-121.928772,42.298387],[-121.926368,42.303064],[-121.925087,42.308449],[-121.919784,42.310666],[-121.913245,42.312196],[-121.903444,42.313259],[-121.897023,42.314947],[-121.897435,42.317928],[-121.892892,42.319211],[-121.889624,42.317711],[-121.886837,42.315349],[-121.88599,42.311764],[-121.886716,42.309876],[-121.885431,42.307521],[-121.880222,42.301902],[-121.876646,42.298843],[-121.875664,42.296522],[-121.876008,42.293118],[-121.874873,42.289018],[-121.870472,42.286759],[-121.863178,42.282244],[-121.859659,42.281741],[-121.856877,42.278953],[-121.855426,42.275973],[-121.85232,42.273312],[-121.849655,42.265792],[-121.845609,42.260474],[-121.844477,42.257032],[-121.840647,42.254415],[-121.843328,42.250906],[-121.842947,42.248057],[-121.841373,42.24713],[-121.841423,42.244061],[-121.839953,42.242914],[-121.836133,42.242794],[-121.834802,42.240758],[-121.832047,42.240297],[-121.828965,42.236746],[-121.823543,42.235742],[-121.819657,42.236017],[-121.814294,42.234941],[-121.809329,42.234957],[-121.807157,42.240145],[-121.812417,42.240738],[-121.814242,42.242632],[-121.815978,42.249197],[-121.81307,42.252047],[-121.812782,42.255318],[-121.81409,42.260028],[-121.817977,42.263805],[-121.820113,42.264645],[-121.824608,42.269135],[-121.827321,42.270545],[-121.831875,42.275496],[-121.835019,42.28272],[-121.835287,42.287507],[-121.833174,42.290307],[-121.830867,42.290148],[-121.828325,42.296577],[-121.830404,42.301116],[-121.818054,42.301304],[-121.818626,42.328965],[-121.820846,42.333439],[-121.825597,42.338132],[-121.829416,42.343319],[-121.829143,42.346822],[-121.826806,42.352097],[-121.81473,42.381392],[-121.815419,42.38653],[-121.819026,42.391515],[-121.825152,42.401412],[-121.828908,42.404628],[-121.838897,42.414491],[-121.844018,42.417937],[-121.850815,42.423204],[-121.857651,42.430541],[-121.864509,42.434315],[-121.867922,42.438727],[-121.868585,42.442849],[-121.87173,42.446235],[-121.879793,42.447841],[-121.886035,42.446703],[-121.892144,42.444718],[-121.894329,42.447387],[-121.894236,42.452558],[-121.893458,42.458204],[-121.895908,42.459624],[-121.899986,42.463606],[-121.903711,42.465817],[-121.908084,42.46577],[-121.908616,42.469991],[-121.911331,42.471537],[-121.913753,42.475744],[-121.922157,42.476812],[-121.924493,42.478343],[-121.925185,42.480804],[-121.927134,42.482141],[-121.927751,42.486854],[-121.929607,42.48958],[-121.934779,42.487746],[-121.938276,42.48872],[-121.943512,42.487963],[-121.944896,42.490014],[-121.943336,42.491977],[-121.94818,42.494182],[-121.948991,42.492875],[-121.953205,42.493108],[-121.955331,42.49523],[-121.957405,42.494732],[-122.000084,42.495473],[-122.004822,42.495693]],[[-121.819869,42.329026],[-121.819032,42.325825],[-121.818921,42.320391],[-121.821702,42.318508],[-121.822257,42.315252],[-121.821369,42.312266],[-121.825266,42.310158],[-121.829999,42.309603],[-121.833446,42.310739],[-121.831309,42.312369],[-121.833115,42.316261],[-121.830786,42.32045],[-121.83132,42.323184],[-121.828643,42.327438],[-121.824233,42.325869],[-121.823701,42.328515],[-121.819869,42.329026]],[[-121.852803,42.301226],[-121.847632,42.297352],[-121.846041,42.293872],[-121.84646,42.290924],[-121.848538,42.290237],[-121.852317,42.29297],[-121.85775,42.300906],[-121.856538,42.301938],[-121.852803,42.301226]],[[-121.935394,42.418334],[-121.938247,42.4198],[-121.938461,42.42238],[-121.936424,42.423906],[-121.934527,42.427095],[-121.931207,42.427447],[-121.927347,42.423812],[-121.927903,42.421995],[-121.933623,42.420179],[-121.935394,42.418334]],[[-121.821006,42.308127],[-121.818713,42.307622],[-121.819193,42.301298],[-121.82877,42.301303],[-121.828112,42.303598],[-121.825686,42.303411],[-121.820828,42.307216],[-121.821006,42.308127]],[[-121.822544,42.308292],[-121.823424,42.306453],[-121.827588,42.306524],[-121.832573,42.308351],[-121.831515,42.309334],[-121.822544,42.308292]],[[-121.84184,42.308761],[-121.842159,42.312027],[-121.838897,42.31166],[-121.84184,42.308761]]]},"properties":{"OBJECTID":18,"fhdFtrID":18,"fhdRefID":53744,"fhdRevDt":"20190419","fhdONm":"D. Simon - D. Markle","fhdOEnt":"OSU","fhdSpNm":"PKS","fhdRun":"NA","fhdLifeHst":"Resident","fhdUseTy":"ResidentMultipleUses","fhdBasis":"DocObsFish","fhdStNm":"Upper Klamath Lake","fhdGenus":"Lepomis","fhdSp":"gibbosus","fhdSubSp":null,"fhdOrig":"NonNative","fhdProd":"Natural","fhdComment":null,"fhdESH":"NA","fhdBasisD":null,"fhdNMF":"no","fhdBasisDt":null,"fhdBasisNm":null,"fhdBasisEnt":"OSU Ichthyology Collection","fhdBasisPrj":null,"fhdBasisMethod":"Specimen","fhdAccess":null,"fhdBarrierFtrID":null,"fhdEndExtent":null,"Shape__Area":461074607.09581786,"Shape__Length":369212.49486474745,"habitatType":"lake"},"id":77},
{"type":"Feature","geometry":{"type":"Polygon","coordinates":[[[-122.430241,42.265229],[-122.429419,42.268595],[-122.43291,42.268755],[-122.433278,42.265002],[-122.435812,42.264901],[-122.440181,42.266834],[-122.443636,42.267114],[-122.443079,42.262303],[-122.436715,42.261038],[-122.4332,42.259059],[-122.423487,42.255905],[-122.422617,42.25382],[-122.420238,42.253797],[-122.416145,42.249572],[-122.409944,42.241461],[-122.410076,42.238783],[-122.413069,42.227167],[-122.411203,42.224079],[-122.404871,42.224465],[-122.403091,42.219771],[-122.396305,42.212324],[-122.39068,42.208295],[-122.387991,42.205023],[-122.382852,42.202673],[-122.379591,42.205462],[-122.378618,42.208253],[-122.376187,42.209733],[-122.377991,42.215071],[-122.377158,42.217875],[-122.378783,42.220416],[-122.383055,42.221978],[-122.384348,42.223921],[-122.383426,42.22574],[-122.389189,42.225253],[-122.392398,42.22633],[-122.390483,42.228578],[-122.398582,42.231448],[-122.40098,42.234808],[-122.401408,42.238622],[-122.400687,42.242502],[-122.401827,42.245229],[-122.406224,42.250594],[-122.409883,42.251861],[-122.412271,42.254175],[-122.411534,42.256468],[-122.413054,42.258412],[-122.415944,42.257016],[-122.421717,42.256094],[-122.426454,42.259501],[-122.430698,42.260668],[-122.430241,42.265229]]]},"properties":{"OBJECTID":19,"fhdFtrID":19,"fhdRefID":53718,"fhdRevDt":"20190201","fhdONm":"Kevin Stertz","fhdOEnt":"ODFW","fhdSpNm":"PKS","fhdRun":"NA","fhdLifeHst":"Resident","fhdUseTy":"ResidentMultipleUses","fhdBasis":"DocObsFish","fhdStNm":"Howard Prairie Reservoir","fhdGenus":"Lepomis","fhdSp":"gibbosus","fhdSubSp":null,"fhdOrig":"NonNative","fhdProd":"Natural","fhdComment":null,"fhdESH":"NA","fhdBasisD":null,"fhdNMF":"no","fhdBasisDt":"20170000","fhdBasisNm":"Kevin Stertz","fhdBasisEnt":null,"fhdBasisPrj":null,"fhdBasisMethod":"Electrofisher","fhdAccess":null,"fhdBarrierFtrID":null,"fhdEndExtent":null,"Shape__Area":14552457.986369215,"Shape__Length":44363.17900609062,"habitatType":"lake"},"id":78},
{"type":"Feature","geometry":{"type":"Polygon","coordinates":[[[-123.579728,42.265358],[-123.580291,42.263788],[-123.58491,42.260883],[-123.585224,42.257837],[-123.580925,42.257462],[-123.575416,42.259629],[-123.571388,42.257673],[-123.570174,42.259565],[-123.579728,42.265358]]]},"properties":{"OBJECTID":20,"fhdFtrID":20,"fhdRefID":53718,"fhdRevDt":"20190509","fhdONm":"Kevin Stertz","fhdOEnt":"ODFW","fhdSpNm":"PKS","fhdRun":"NA","fhdLifeHst":"Resident","fhdUseTy":"ResidentMultipleUses","fhdBasis":"DocObsFish","fhdStNm":"Lake Selmac","fhdGenus":"Lepomis","fhdSp":"gibbosus","fhdSubSp":null,"fhdOrig":"NonNative","fhdProd":"Natural","fhdComment":null,"fhdESH":"NA","fhdBasisD":null,"fhdNMF":"no","fhdBasisDt":"20180000","fhdBasisNm":"Kevin Stertz","fhdBasisEnt":null,"fhdBasisPrj":null,"fhdBasisMethod":"Electrofisher","fhdAccess":null,"fhdBarrierFtrID":null,"fhdEndExtent":null,"Shape__Area":1032499.082302755,"Shape__Length":7614.554058973567,"habitatType":"lake"},"id":79}
]}
