{"type":"FeatureCollection","features":[
{"type":"Feature","geometry":{"type":"LineString","coordinates":[[-123.446499,43.268779],[-123.446345,43.273042],[-123.446749,43.27719],[-123.448367,43.280521],[-123.450548,43.283205],[-123.454443,43.286208],[-123.460403,43.288547],[-123.466813,43.289859],[-123.470381,43.292762],[-123.47095,43.294698],[-123.470712,43.298476],[-123.468845,43.30076],[-123.46591,43.302069],[-123.457628,43.30424],[-123.455293,43.3055],[-123.45512,43.307893],[-123.456724,43.309433],[-123.459016,43.314388],[-123.461234,43.316781],[-123.461509,43.318416],[-123.460087,43.320837],[-123.455648,43.323893],[-123.4515,43.325591],[-123.443326,43.327462],[-123.440407,43.328817],[-123.44012,43.331392],[-123.442976,43.334122],[-123.445945,43.338049],[-123.45468,43.347233],[-123.456781,43.348725],[-123.463162,43.35958],[-123.468613,43.366048],[-123.4717,43.369428],[-123.478101,43.374851],[-123.480481,43.375481],[-123.488304,43.375286],[-123.495432,43.376525],[-123.513934,43.374822],[-123.519307,43.378908],[-123.525759,43.381984],[-123.531543,43.385164],[-123.538079,43.387123],[-123.543506,43.38999],[-123.54446,43.393223],[-123.542057,43.396474],[-123.538646,43.398274],[-123.530464,43.398585],[-123.525409,43.399236],[-123.523047,43.400727],[-123.523458,43.403329],[-123.527441,43.404865],[-123.535536,43.405288],[-123.542755,43.406767],[-123.546066,43.407076],[-123.553645,43.408801],[-123.558622,43.410365],[-123.562906,43.410533],[-123.574938,43.4085],[-123.581092,43.408335],[-123.58592,43.409045],[-123.588187,43.41011],[-123.589483,43.413203],[-123.588319,43.415348],[-123.585461,43.417403],[-123.579865,43.418768],[-123.572798,43.419074],[-123.568198,43.420481],[-123.566192,43.422839],[-123.565805,43.42909],[-123.567218,43.436631],[-123.568892,43.441242],[-123.572393,43.449117],[-123.573363,43.453125],[-123.571565,43.457237],[-123.569367,43.457693],[-123.561384,43.457184],[-123.556071,43.454197],[-123.553846,43.450818],[-123.553112,43.448289],[-123.550763,43.445315],[-123.547753,43.443269],[-123.544807,43.443118],[-123.541884,43.444671],[-123.540546,43.448295],[-123.539999,43.45349],[-123.540797,43.459635],[-123.544647,43.465761],[-123.547057,43.46766],[-123.553535,43.470625],[-123.555742,43.472158],[-123.555757,43.474999],[-123.552909,43.47598],[-123.547002,43.474016],[-123.542316,43.473814],[-123.535892,43.472055],[-123.531985,43.470056],[-123.529075,43.469666],[-123.520685,43.471486],[-123.518658,43.473035],[-123.51746,43.477008],[-123.514404,43.484073],[-123.513095,43.485504],[-123.508178,43.486183],[-123.503431,43.485426],[-123.49959,43.482148],[-123.49365,43.480701],[-123.490299,43.478895],[-123.485905,43.477501],[-123.481418,43.477255],[-123.479168,43.479366],[-123.481355,43.483787],[-123.487035,43.489599],[-123.489102,43.495322],[-123.495734,43.504203],[-123.4984,43.506507],[-123.516683,43.513051],[-123.519724,43.514348],[-123.523099,43.517972],[-123.526074,43.520255],[-123.527942,43.520691],[-123.530229,43.522998],[-123.534269,43.525002],[-123.53744,43.525473],[-123.54346,43.524994],[-123.559247,43.530105],[-123.563756,43.532153],[-123.567768,43.535515],[-123.573132,43.539391],[-123.576671,43.542843],[-123.576984,43.544349],[-123.575629,43.547034],[-123.570872,43.551011],[-123.566555,43.553208],[-123.562349,43.554474],[-123.558633,43.554819],[-123.55056,43.554318],[-123.547523,43.553788],[-123.544307,43.552379],[-123.540784,43.550037],[-123.537461,43.546409],[-123.534289,43.539846],[-123.531182,43.537371],[-123.526902,43.536006],[-123.519056,43.536015],[-123.512505,43.536477],[-123.505074,43.538571],[-123.501064,43.542471],[-123.500315,43.546264],[-123.502126,43.552174],[-123.505725,43.555754],[-123.509516,43.556822],[-123.51751,43.555193],[-123.520179,43.55562],[-123.522113,43.557612],[-123.523954,43.562627],[-123.528448,43.567182],[-123.534559,43.574266],[-123.536608,43.579352],[-123.535766,43.581775],[-123.534423,43.58245],[-123.530441,43.582443],[-123.526074,43.58178],[-123.520253,43.580046],[-123.518285,43.578447],[-123.517292,43.576188],[-123.515493,43.57459],[-123.510551,43.573058],[-123.503882,43.575756],[-123.502315,43.577157],[-123.501217,43.5814],[-123.501504,43.583652],[-123.506331,43.587932],[-123.511184,43.58896],[-123.516583,43.587645],[-123.523459,43.586476],[-123.526912,43.587196],[-123.529268,43.589867],[-123.531158,43.596376],[-123.533503,43.599407],[-123.536015,43.600192],[-123.539511,43.599544],[-123.546303,43.594466],[-123.548329,43.593354],[-123.551017,43.589996],[-123.555287,43.58839],[-123.557907,43.585945],[-123.563502,43.582476],[-123.570353,43.579447],[-123.576516,43.577846],[-123.578546,43.578137],[-123.583667,43.580666],[-123.594481,43.585159],[-123.600562,43.588647],[-123.606112,43.590924],[-123.615565,43.593221],[-123.617802,43.594562],[-123.620253,43.597632],[-123.620924,43.601351],[-123.618412,43.607748],[-123.611311,43.613887],[-123.607804,43.614875],[-123.604598,43.614141],[-123.587064,43.612285],[-123.582556,43.612696],[-123.575186,43.618702],[-123.568187,43.627296],[-123.566555,43.630389],[-123.56811,43.633482],[-123.570376,43.635586],[-123.573719,43.637636],[-123.577725,43.638833],[-123.58724,43.639973],[-123.595991,43.64039],[-123.605323,43.643983],[-123.612695,43.646113],[-123.621722,43.649557],[-123.626151,43.650167],[-123.632165,43.649999],[-123.635611,43.649493],[-123.640961,43.647155],[-123.645118,43.643598],[-123.648888,43.641909],[-123.654577,43.643251],[-123.662252,43.640152],[-123.667359,43.636565],[-123.672807,43.636104],[-123.674722,43.63767],[-123.674265,43.640821],[-123.67274,43.642633],[-123.663568,43.649809],[-123.660846,43.652966],[-123.655971,43.659693],[-123.65378,43.664612],[-123.653609,43.669456],[-123.653975,43.678843],[-123.655114,43.680953],[-123.658057,43.682643],[-123.664822,43.682793],[-123.668214,43.681618],[-123.677118,43.676469],[-123.683813,43.674382],[-123.687561,43.67268],[-123.690897,43.670521],[-123.704116,43.66019],[-123.710577,43.657236],[-123.725615,43.656058],[-123.740944,43.656446],[-123.754232,43.655846],[-123.762094,43.656281],[-123.773695,43.655716],[-123.780808,43.655803],[-123.785279,43.656478],[-123.789639,43.658072],[-123.791554,43.659491],[-123.793177,43.66219],[-123.793346,43.669127],[-123.79444,43.672721],[-123.797794,43.674106],[-123.799838,43.673954],[-123.803234,43.672273],[-123.808103,43.670869],[-123.809575,43.66657],[-123.807796,43.664492],[-123.807258,43.660353],[-123.809108,43.655899],[-123.812542,43.652732],[-123.817418,43.652332],[-123.823516,43.653849],[-123.82682,43.654237],[-123.830462,43.653741],[-123.836306,43.651892],[-123.841246,43.649728],[-123.846874,43.648205],[-123.850603,43.648752],[-123.852807,43.650399],[-123.854786,43.655169],[-123.857451,43.657874]]},"properties":{"OBJECTID":1,"fhdFtrID":1,"fhdRefID":53702,"fhdRevDt":"20190123","fhdONm":"Paul Scheerer","fhdOEnt":"ODFW","fhdSpNm":"SMbass","fhdRun":"NA","fhdLifeHst":"FluvRes","fhdUseTy":"Unknown","fhdBasis":"DocObsFish","fhdStNm":"Umpqua River","fhdGenus":"Micropterus","fhdSp":"dolomieu","fhdSubSp":null,"fhdOrig":"NonNative","fhdProd":"Natural","fhdComment":null,"fhdESH":"NA","fhdBasisD":null,"fhdNMF":"no","fhdBasisDt":"20070000","fhdBasisNm":null,"fhdBasisEnt":null,"fhdBasisPrj":null,"fhdBasisMethod":null,"fhdAccess":null,"fhdBarrierFtrID":null,"fhdEndExtent":null,"Shape__Length":191743.90620482183,"habitatType":"stream"},"id":1},
{"type":"Feature","geometry":{"type":"LineString","coordinates":[[-123.170205,42.971295],[-123.178474,42.975191],[-123.183057,42.976622],[-123.187392,42.976858],[-123.195434,42.974881],[-123.201404,42.973896],[-123.209576,42.971399],[-123.217226,42.97122],[-123.221301,42.970609],[-123.228438,42.965833],[-123.233463,42.959588],[-123.236794,42.951975],[-123.238788,42.950225],[-123.242652,42.95016],[-123.244853,42.948988],[-123.249726,42.944934],[-123.255766,42.942914],[-123.260699,42.941724],[-123.262849,42.940542],[-123.267496,42.939883],[-123.275028,42.941008],[-123.282941,42.943163],[-123.289413,42.944563],[-123.290566,42.945396],[-123.291037,42.94894],[-123.293016,42.949816],[-123.297415,42.949537],[-123.300441,42.950613],[-123.305494,42.950995],[-123.317056,42.952697],[-123.322285,42.952445],[-123.324681,42.951396],[-123.325078,42.949913],[-123.323324,42.945209],[-123.325204,42.943573],[-123.32811,42.942994],[-123.330634,42.943586],[-123.330968,42.945409],[-123.337794,42.948106],[-123.337208,42.951259],[-123.333693,42.953265],[-123.32954,42.954453],[-123.325857,42.958408],[-123.326776,42.96152],[-123.328975,42.962035],[-123.334896,42.961047],[-123.338517,42.962299],[-123.342554,42.966997],[-123.346117,42.972072],[-123.349318,42.97869],[-123.346868,42.982199],[-123.343933,42.984156],[-123.341223,42.988681],[-123.335423,42.992591],[-123.332333,42.99331],[-123.329229,42.992834],[-123.322315,42.993151],[-123.317543,42.99425],[-123.313954,42.995596],[-123.310188,42.998246],[-123.306853,43.001363],[-123.304976,43.003865],[-123.301936,43.009606],[-123.295823,43.015519],[-123.296123,43.016594],[-123.299912,43.016695],[-123.300986,43.018292],[-123.300499,43.020344],[-123.296107,43.023341],[-123.295833,43.025137],[-123.299636,43.027133],[-123.301244,43.029701],[-123.304764,43.031755],[-123.307521,43.030667],[-123.31156,43.030088],[-123.317682,43.030888],[-123.329193,43.035438],[-123.332047,43.038631],[-123.332064,43.042894],[-123.329849,43.045276],[-123.328824,43.048018],[-123.329541,43.050661],[-123.333453,43.057127],[-123.339727,43.060888],[-123.342541,43.063769],[-123.344603,43.064646],[-123.352906,43.06333],[-123.354254,43.062604],[-123.358094,43.064121],[-123.368983,43.064659],[-123.371591,43.066868],[-123.370917,43.070999],[-123.371471,43.07303],[-123.368373,43.075739],[-123.367359,43.078575],[-123.368074,43.081799],[-123.37144,43.088645],[-123.374026,43.091279],[-123.378416,43.092427],[-123.381547,43.091199],[-123.383558,43.089224],[-123.384058,43.084569],[-123.386778,43.080564],[-123.390345,43.079365],[-123.397849,43.078691],[-123.404197,43.081674],[-123.411717,43.082848],[-123.415429,43.086045],[-123.418984,43.088087],[-123.42664,43.093488],[-123.431933,43.100455],[-123.435227,43.103338],[-123.437213,43.103822],[-123.43886,43.106561],[-123.438101,43.109331],[-123.434741,43.114726],[-123.430638,43.116508],[-123.427753,43.11708],[-123.421454,43.116854],[-123.419193,43.114284],[-123.400443,43.106825],[-123.398122,43.107131],[-123.394246,43.10954],[-123.390794,43.114369],[-123.389105,43.121426],[-123.388017,43.124347],[-123.387778,43.127346],[-123.390966,43.130845],[-123.392927,43.13081],[-123.401178,43.134702],[-123.411525,43.142032],[-123.414218,43.143249],[-123.417557,43.145721],[-123.415021,43.148953],[-123.408566,43.152911],[-123.401984,43.156311],[-123.397641,43.158055],[-123.393191,43.164206],[-123.394818,43.165725],[-123.395491,43.167977],[-123.394932,43.17236],[-123.394234,43.173438],[-123.389551,43.173721],[-123.377807,43.167172],[-123.375258,43.166775],[-123.370909,43.167488],[-123.366847,43.168959],[-123.362732,43.173555],[-123.362534,43.175738],[-123.36492,43.178416],[-123.371088,43.179054],[-123.372991,43.18237],[-123.372339,43.184471],[-123.370142,43.187404],[-123.367444,43.189473],[-123.364293,43.190908],[-123.355554,43.192988],[-123.354602,43.194261],[-123.355339,43.200364],[-123.35754,43.206373],[-123.357118,43.20776],[-123.354591,43.209776],[-123.344448,43.213959],[-123.344557,43.215553],[-123.349936,43.217643],[-123.354338,43.218818],[-123.358329,43.219022],[-123.367405,43.217291],[-123.371386,43.216009],[-123.377084,43.216204],[-123.379161,43.218927],[-123.383466,43.222074],[-123.385573,43.222337],[-123.388412,43.221463],[-123.393332,43.216881],[-123.395078,43.212633],[-123.397704,43.210874],[-123.402483,43.211893],[-123.406335,43.214631],[-123.413505,43.21792],[-123.414652,43.219207],[-123.414453,43.221291],[-123.408549,43.233225],[-123.409309,43.236302],[-123.411203,43.237862],[-123.413677,43.248416],[-123.416409,43.253485],[-123.419095,43.257068],[-123.4224,43.259244],[-123.426761,43.2592],[-123.429451,43.258083],[-123.437616,43.252379],[-123.439931,43.24871],[-123.442198,43.247147],[-123.446185,43.246619],[-123.448063,43.24981],[-123.446706,43.252209],[-123.442958,43.255141],[-123.443315,43.258543],[-123.445437,43.260534],[-123.448367,43.261254],[-123.450851,43.262863],[-123.447497,43.266606],[-123.446499,43.268779]]},"properties":{"OBJECTID":2,"fhdFtrID":2,"fhdRefID":53702,"fhdRevDt":"20190123","fhdONm":"Paul Scheerer","fhdOEnt":"ODFW","fhdSpNm":"SMbass","fhdRun":"NA","fhdLifeHst":"FluvRes","fhdUseTy":"Unknown","fhdBasis":"DocObsFish","fhdStNm":"South Umpqua River","fhdGenus":"Micropterus","fhdSp":"dolomieu","fhdSubSp":null,"fhdOrig":"NonNative","fhdProd":"Natural","fhdComment":null,"fhdESH":"NA","fhdBasisD":null,"fhdNMF":"no","fhdBasisDt":"20070000","fhdBasisNm":null,"fhdBasisEnt":null,"fhdBasisPrj":null,"fhdBasisMethod":null,"fhdAccess":null,"fhdBarrierFtrID":null,"fhdEndExtent":null,"Shape__Length":127936.3201986558,"habitatType":"stream"},"id":2},
{"type":"Feature","geometry":{"type":"LineString","coordinates":[[-123.325515,43.286032],[-123.327006,43.284141],[-123.329967,43.284388],[-123.339967,43.286824],[-123.34623,43.287066],[-123.350911,43.285797],[-123.358313,43.280875],[-123.361347,43.280092],[-123.36443,43.281188],[-123.369157,43.286001],[-123.370911,43.289087],[-123.372842,43.296589],[-123.373735,43.298371],[-123.377467,43.300702],[-123.381596,43.300623],[-123.385468,43.29646],[-123.387615,43.292132],[-123.388428,43.288052],[-123.390343,43.284774],[-123.395235,43.279337],[-123.396878,43.276678],[-123.400386,43.273706],[-123.403645,43.272341],[-123.40726,43.272048],[-123.424431,43.269637],[-123.428409,43.267996],[-123.431367,43.26767],[-123.433287,43.268545],[-123.441634,43.2679],[-123.446499,43.268779]]},"properties":{"OBJECTID":3,"fhdFtrID":3,"fhdRefID":53702,"fhdRevDt":"20190123","fhdONm":"Paul Scheerer","fhdOEnt":"ODFW","fhdSpNm":"SMbass","fhdRun":"NA","fhdLifeHst":"FluvRes","fhdUseTy":"Unknown","fhdBasis":"DocObsFish","fhdStNm":"North Umpqua River","fhdGenus":"Micropterus","fhdSp":"dolomieu","fhdSubSp":null,"fhdOrig":"NonNative","fhdProd":"Natural","fhdComment":null,"fhdESH":"NA","fhdBasisD":null,"fhdNMF":"no","fhdBasisDt":"20070000","fhdBasisNm":null,"fhdBasisEnt":null,"fhdBasisPrj":null,"fhdBasisMethod":null,"fhdAccess":null,"fhdBarrierFtrID":null,"fhdEndExtent":null,"Shape__Length":18965.39948845768,"habitatType":"stream"},"id":3},
{"type":"Feature","geometry":{"type":"LineString","coordinates":[[-123.439231,43.663032],[-123.440475,43.664974],[-123.44587,43.666816],[-123.451749,43.666252],[-123.455744,43.668924],[-123.457349,43.669225],[-123.464078,43.66717],[-123.465787,43.665985],[-123.469019,43.665723],[-123.472837,43.66692],[-123.476419,43.66699],[-123.48208,43.666203],[-123.489802,43.662343],[-123.495012,43.66074],[-123.4979,43.658163],[-123.506003,43.656225],[-123.507137,43.658367],[-123.503874,43.664162],[-123.503073,43.667014],[-123.491136,43.667806],[-123.489486,43.669736],[-123.491306,43.673467],[-123.498925,43.674702],[-123.504619,43.673513],[-123.507402,43.672102],[-123.513643,43.671232],[-123.514484,43.670472],[-123.512166,43.66784],[-123.511021,43.663607],[-123.514046,43.662892],[-123.522443,43.662757],[-123.524027,43.661785],[-123.524672,43.659612],[-123.522349,43.655654],[-123.519063,43.654846],[-123.514722,43.655673],[-123.511296,43.654546],[-123.510851,43.652311],[-123.511936,43.649464],[-123.513123,43.64869],[-123.522499,43.646753],[-123.530679,43.646551],[-123.534079,43.645662],[-123.538958,43.64265],[-123.540141,43.642916],[-123.539767,43.646047],[-123.541615,43.649264],[-123.539925,43.650235],[-123.535919,43.649943],[-123.53567,43.653036],[-123.539531,43.654657],[-123.544067,43.657311],[-123.549487,43.659098],[-123.56248,43.656122],[-123.565145,43.653725],[-123.56542,43.651122],[-123.561751,43.64825],[-123.56136,43.647147],[-123.564354,43.643125],[-123.56273,43.6393],[-123.56272,43.637378],[-123.566247,43.633794],[-123.56811,43.633482]]},"properties":{"OBJECTID":4,"fhdFtrID":4,"fhdRefID":53702,"fhdRevDt":"20190123","fhdONm":"Paul Scheerer","fhdOEnt":"ODFW","fhdSpNm":"SMbass","fhdRun":"NA","fhdLifeHst":"FluvRes","fhdUseTy":"Unknown","fhdBasis":"DocObsFish","fhdStNm":"Elk Creek","fhdGenus":"Micropterus","fhdSp":"dolomieu","fhdSubSp":null,"fhdOrig":"NonNative","fhdProd":"Natural","fhdComment":null,"fhdESH":"NA","fhdBasisD":null,"fhdNMF":"no","fhdBasisDt":"20070000","fhdBasisNm":null,"fhdBasisEnt":null,"fhdBasisPrj":null,"fhdBasisMethod":null,"fhdAccess":null,"fhdBarrierFtrID":null,"fhdEndExtent":null,"Shape__Length":35033.443784620176,"habitatType":"stream"},"id":4},
{"type":"Feature","geometry":{"type":"LineString","coordinates":[[-123.316591,43.412751],[-123.318562,43.412167],[-123.322216,43.415348],[-123.329928,43.416861],[-123.332169,43.415205],[-123.332284,43.413807],[-123.335621,43.41128],[-123.341901,43.41064],[-123.351118,43.410159],[-123.355352,43.412347],[-123.357917,43.412021],[-123.360007,43.409612],[-123.359291,43.405865],[-123.363196,43.404476],[-123.362971,43.402147],[-123.36475,43.401206],[-123.369193,43.404798],[-123.373082,43.403599],[-123.37448,43.401245],[-123.373866,43.398521],[-123.375051,43.397472],[-123.378058,43.397748],[-123.378723,43.394957],[-123.383978,43.394136],[-123.391024,43.392245],[-123.394076,43.389455],[-123.394739,43.387748],[-123.393617,43.380361],[-123.397442,43.37505],[-123.398687,43.374071],[-123.403494,43.373613],[-123.406085,43.367238],[-123.40773,43.367407],[-123.410652,43.369571],[-123.415044,43.369772],[-123.416929,43.369046],[-123.418142,43.364978],[-123.420503,43.363598],[-123.426681,43.362292],[-123.429436,43.360594],[-123.432341,43.362818],[-123.437469,43.365871],[-123.439831,43.364047],[-123.442125,43.363621],[-123.447201,43.366292],[-123.450506,43.367265],[-123.450572,43.365669],[-123.448272,43.362891],[-123.448408,43.361193],[-123.450692,43.360777],[-123.455304,43.363055],[-123.457829,43.36171],[-123.458795,43.3646],[-123.460397,43.366464],[-123.464045,43.366896],[-123.46567,43.36593],[-123.468613,43.366048]]},"properties":{"OBJECTID":5,"fhdFtrID":5,"fhdRefID":53702,"fhdRevDt":"20190123","fhdONm":"Paul Scheerer","fhdOEnt":"ODFW","fhdSpNm":"SMbass","fhdRun":"NA","fhdLifeHst":"FluvRes","fhdUseTy":"Unknown","fhdBasis":"DocObsFish","fhdStNm":"Calapooya Creek","fhdGenus":"Micropterus","fhdSp":"dolomieu","fhdSubSp":null,"fhdOrig":"NonNative","fhdProd":"Natural","fhdComment":null,"fhdESH":"NA","fhdBasisD":null,"fhdNMF":"no","fhdBasisDt":"20070000","fhdBasisNm":null,"fhdBasisEnt":null,"fhdBasisPrj":null,"fhdBasisMethod":null,"fhdAccess":null,"fhdBarrierFtrID":null,"fhdEndExtent":null,"Shape__Length":30098.52616465,"habitatType":"stream"},"id":5},
{"type":"Feature","geometry":{"type":"LineString","coordinates":[[-123.427753,43.11708],[-123.429298,43.118675],[-123.433255,43.118558],[-123.440409,43.117318],[-123.44428,43.118674],[-123.449483,43.118992],[-123.447058,43.121757],[-123.450023,43.124112],[-123.454908,43.123904],[-123.458203,43.12308],[-123.46291,43.123699],[-123.46434,43.126138],[-123.4657,43.130396],[-123.460991,43.133513],[-123.457655,43.137641],[-123.46295,43.142618],[-123.463641,43.145182],[-123.467754,43.145834],[-123.473163,43.143662],[-123.475561,43.143472],[-123.476832,43.145998],[-123.48191,43.149704],[-123.482065,43.151871],[-123.480909,43.154684],[-123.481776,43.158476]]},"properties":{"OBJECTID":6,"fhdFtrID":6,"fhdRefID":53702,"fhdRevDt":"20190123","fhdONm":"Paul Scheerer","fhdOEnt":"ODFW","fhdSpNm":"SMbass","fhdRun":"NA","fhdLifeHst":"FluvRes","fhdUseTy":"Unknown","fhdBasis":"DocObsFish","fhdStNm":"Lookingglass Creek","fhdGenus":"Micropterus","fhdSp":"dolomieu","fhdSubSp":null,"fhdOrig":"NonNative","fhdProd":"Natural","fhdComment":null,"fhdESH":"NA","fhdBasisD":null,"fhdNMF":"no","fhdBasisDt":"20070000","fhdBasisNm":null,"fhdBasisEnt":null,"fhdBasisPrj":null,"fhdBasisMethod":null,"fhdAccess":null,"fhdBarrierFtrID":null,"fhdEndExtent":null,"Shape__Length":13352.28579909735,"habitatType":"stream"},"id":6},
{"type":"Feature","geometry":{"type":"LineString","coordinates":[[-123.570703,42.872664],[-123.566757,42.872666],[-123.566968,42.874971],[-123.563631,42.879756],[-123.559527,42.881405],[-123.558422,42.883615],[-123.560907,42.888011],[-123.561088,42.890885],[-123.559094,42.892582],[-123.554602,42.889044],[-123.550806,42.889463],[-123.542306,42.886267],[-123.540782,42.886448],[-123.539433,42.888648],[-123.533593,42.893731],[-123.534328,42.895953],[-123.537391,42.897902],[-123.543163,42.898157],[-123.544548,42.899762],[-123.540923,42.90524],[-123.535472,42.905429],[-123.533078,42.903801],[-123.530303,42.904719],[-123.529023,42.908013],[-123.528465,42.911402],[-123.526855,42.914414],[-123.525259,42.915519],[-123.521603,42.914914],[-123.515445,42.915491],[-123.511968,42.917747],[-123.508188,42.921733],[-123.509335,42.923036],[-123.506475,42.924084],[-123.502844,42.923562],[-123.496796,42.92493],[-123.493626,42.92734],[-123.490652,42.925963],[-123.490204,42.922154],[-123.487818,42.919525],[-123.487416,42.917181],[-123.483775,42.911596],[-123.482069,42.910176],[-123.480431,42.910859],[-123.477809,42.915833],[-123.474254,42.919405],[-123.472407,42.920072],[-123.469732,42.919275],[-123.464951,42.914226],[-123.46207,42.913873],[-123.458315,42.917778],[-123.455846,42.91892],[-123.452494,42.919426],[-123.445445,42.92163],[-123.441045,42.922192],[-123.434823,42.922254],[-123.431507,42.923552],[-123.424529,42.924086],[-123.415217,42.925413],[-123.411883,42.924774],[-123.407784,42.922964],[-123.401657,42.922684],[-123.398266,42.924757],[-123.394746,42.931214],[-123.390034,42.934114],[-123.38436,42.935844],[-123.377877,42.936439],[-123.373691,42.937425],[-123.370622,42.938933],[-123.366556,42.942658],[-123.364281,42.946639],[-123.357228,42.950021],[-123.350075,42.949352],[-123.34687,42.942936],[-123.344256,42.94],[-123.340939,42.939067],[-123.337852,42.939935],[-123.33654,42.942032],[-123.337794,42.948106]]},"properties":{"OBJECTID":7,"fhdFtrID":7,"fhdRefID":53702,"fhdRevDt":"20190123","fhdONm":"Paul Scheerer","fhdOEnt":"ODFW","fhdSpNm":"SMbass","fhdRun":"NA","fhdLifeHst":"FluvRes","fhdUseTy":"Unknown","fhdBasis":"DocObsFish","fhdStNm":"Cow Creek","fhdGenus":"Micropterus","fhdSp":"dolomieu","fhdSubSp":null,"fhdOrig":"NonNative","fhdProd":"Natural","fhdComment":null,"fhdESH":"NA","fhdBasisD":null,"fhdNMF":"no","fhdBasisDt":"20070000","fhdBasisNm":null,"fhdBasisEnt":null,"fhdBasisPrj":null,"fhdBasisMethod":null,"fhdAccess":null,"fhdBarrierFtrID":null,"fhdEndExtent":null,"Shape__Length":44708.644433147194,"habitatType":"stream"},"id":7},
{"type":"Feature","geometry":{"type":"LineString","coordinates":[[-123.170205,42.971295],[-123.167779,42.968286],[-123.166073,42.963323],[-123.170438,42.96051],[-123.175987,42.959766],[-123.176426,42.958995],[-123.172962,42.948185],[-123.166703,42.947596],[-123.15946,42.948255],[-123.154304,42.950469],[-123.151692,42.95073],[-123.149886,42.953161],[-123.146748,42.955024],[-123.141016,42.954155],[-123.136738,42.950672],[-123.129906,42.942266],[-123.130033,42.939652],[-123.133426,42.938446],[-123.133269,42.935431],[-123.129546,42.934231],[-123.128191,42.931614],[-123.123445,42.932185],[-123.119036,42.931597],[-123.117069,42.932222],[-123.10859,42.938903],[-123.106464,42.941793],[-123.103603,42.942769],[-123.094307,42.940643],[-123.090759,42.940915],[-123.089135,42.93963],[-123.079212,42.937191],[-123.077308,42.935293],[-123.07427,42.934553],[-123.071098,42.934825],[-123.062441,42.930084],[-123.056134,42.928838],[-123.052169,42.929802],[-123.048683,42.929782],[-123.045764,42.930624],[-123.041166,42.93071],[-123.038206,42.933525],[-123.039195,42.935443],[-123.038011,42.937916],[-123.034147,42.939507],[-123.026265,42.939941],[-123.018743,42.939103],[-123.012936,42.937572],[-123.010543,42.938012],[-123.009821,42.93954],[-123.011246,42.943535],[-123.007406,42.944302],[-123.002637,42.93969],[-122.998088,42.938275],[-122.992409,42.937676],[-122.991657,42.934878],[-122.99221,42.932462],[-122.99028,42.931677],[-122.987412,42.932028],[-122.980666,42.929569],[-122.977795,42.927845],[-122.973185,42.927379],[-122.961772,42.929234],[-122.951822,42.926881],[-122.949293,42.928257],[-122.944492,42.933048],[-122.936312,42.936596],[-122.935083,42.940463],[-122.932221,42.942612],[-122.928881,42.942353],[-122.921853,42.945561],[-122.921411,42.946791],[-122.923195,42.949722],[-122.917499,42.951018],[-122.910029,42.955759],[-122.907806,42.955417],[-122.905029,42.952239],[-122.901582,42.951895],[-122.896668,42.954545],[-122.890194,42.959772],[-122.888717,42.96206],[-122.885937,42.964405],[-122.887006,42.967047],[-122.884892,42.968912],[-122.881076,42.969483],[-122.878043,42.970909],[-122.871628,42.976582],[-122.867474,42.977458],[-122.865684,42.980601]]},"properties":{"OBJECTID":8,"fhdFtrID":8,"fhdRefID":53702,"fhdRevDt":"20190123","fhdONm":"Paul Scheerer","fhdOEnt":"ODFW","fhdSpNm":"SMbass","fhdRun":"NA","fhdLifeHst":"FluvRes","fhdUseTy":"Unknown","fhdBasis":"DocObsFish","fhdStNm":"South Umpqua River","fhdGenus":"Micropterus","fhdSp":"dolomieu","fhdSubSp":null,"fhdOrig":"NonNative","fhdProd":"Natural","fhdComment":null,"fhdESH":"NA","fhdBasisD":null,"fhdNMF":"no","fhdBasisDt":"20150000","fhdBasisNm":null,"fhdBasisEnt":null,"fhdBasisPrj":null,"fhdBasisMethod":null,"fhdAccess":null,"fhdBarrierFtrID":null,"fhdEndExtent":null,"Shape__Length":53636.78758576841,"habitatType":"stream"},"id":8},
{"type":"Feature","geometry":{"type":"LineString","coordinates":[[-118.340763,43.223263],[-118.337746,43.224241],[-118.330889,43.223893],[-118.328686,43.224513],[-118.328354,43.226245],[-118.329287,43.230098],[-118.328408,43.232107],[-118.335094,43.235992],[-118.336327,43.238829],[-118.334685,43.244576],[-118.329686,43.248611],[-118.330361,43.250272],[-118.327566,43.254197],[-118.326193,43.255032],[-118.325001,43.260389],[-118.323506,43.261777],[-118.323515,43.268759],[-118.322719,43.271849],[-118.322855,43.274357],[-118.318659,43.278576],[-118.314713,43.279917],[-118.307869,43.28798],[-118.307305,43.291822],[-118.30115,43.294967],[-118.301255,43.297354],[-118.303652,43.299594],[-118.303937,43.303139],[-118.306131,43.306888],[-118.308709,43.309599],[-118.309941,43.313211],[-118.307641,43.316295],[-118.307873,43.323831],[-118.311339,43.329424],[-118.30961,43.330011],[-118.31179,43.33208],[-118.311512,43.33533],[-118.309625,43.336252],[-118.308106,43.339775],[-118.304887,43.341521],[-118.30236,43.343864],[-118.297163,43.346948],[-118.295493,43.349379],[-118.288513,43.35058],[-118.285707,43.352303],[-118.28366,43.354619],[-118.28311,43.358082],[-118.284651,43.359696],[-118.283755,43.363257],[-118.284889,43.366716],[-118.283278,43.368516],[-118.281839,43.372417],[-118.278122,43.373789],[-118.277726,43.37802],[-118.282095,43.38099],[-118.285677,43.381205],[-118.288197,43.383363],[-118.28389,43.387659],[-118.286531,43.390821],[-118.283497,43.39323],[-118.282884,43.399388],[-118.283606,43.400112],[-118.283379,43.40351],[-118.279267,43.406247],[-118.282345,43.407384],[-118.286664,43.41328],[-118.288162,43.41356],[-118.290472,43.416804],[-118.289312,43.417699],[-118.287323,43.422506],[-118.281667,43.423086],[-118.277661,43.424694],[-118.27378,43.428403],[-118.269668,43.42912],[-118.267994,43.43143],[-118.270019,43.433582],[-118.264615,43.438849],[-118.263361,43.442965],[-118.263968,43.444837],[-118.262755,43.447147],[-118.258243,43.4459],[-118.25839,43.442979],[-118.254445,43.441139],[-118.249119,43.440456],[-118.2452,43.43801],[-118.24386,43.438856],[-118.239582,43.439275],[-118.234731,43.437905],[-118.232269,43.439174],[-118.231728,43.440925],[-118.228203,43.441783],[-118.227647,43.443205],[-118.22538,43.444182],[-118.224056,43.445977],[-118.221171,43.447263],[-118.220584,43.448706],[-118.218077,43.450655],[-118.21832,43.454025],[-118.217009,43.455634],[-118.213936,43.456655],[-118.20958,43.453539],[-118.208166,43.453922],[-118.206945,43.458479],[-118.204817,43.460792],[-118.201069,43.463579],[-118.198666,43.466076],[-118.194168,43.468464],[-118.193249,43.471027],[-118.191623,43.472572],[-118.191053,43.475631],[-118.189647,43.476862],[-118.190431,43.479869],[-118.188087,43.483486],[-118.187227,43.487279],[-118.18771,43.488459],[-118.185667,43.490436],[-118.18316,43.491272],[-118.180848,43.493498],[-118.18057,43.495405],[-118.182448,43.496066],[-118.181658,43.49796],[-118.178744,43.499792],[-118.180484,43.501757],[-118.181779,43.506063],[-118.181252,43.50853],[-118.183297,43.509694],[-118.183775,43.511363],[-118.181832,43.513069],[-118.178952,43.51319],[-118.176867,43.514946],[-118.176281,43.518991],[-118.171361,43.523917],[-118.171106,43.527652],[-118.169273,43.52971],[-118.169663,43.532119],[-118.168351,43.535293],[-118.170913,43.536284],[-118.170035,43.537896],[-118.165888,43.538704],[-118.164162,43.543386],[-118.165123,43.546996],[-118.168215,43.550499],[-118.168654,43.552929],[-118.166879,43.556582]]},"properties":{"OBJECTID":9,"fhdFtrID":9,"fhdRefID":53684,"fhdRevDt":"20190327","fhdONm":"Peter Robinson","fhdOEnt":"ODFW","fhdSpNm":"SMbass","fhdRun":"NA","fhdLifeHst":"FluvRes","fhdUseTy":"Unknown","fhdBasis":"UndocObsFish","fhdStNm":"South Fork Malheur River","fhdGenus":"Micropterus","fhdSp":"dolomieu","fhdSubSp":null,"fhdOrig":"NonNative","fhdProd":"Natural","fhdComment":null,"fhdESH":"NA","fhdBasisD":null,"fhdNMF":"no","fhdBasisDt":null,"fhdBasisNm":null,"fhdBasisEnt":null,"fhdBasisPrj":null,"fhdBasisMethod":null,"fhdAccess":null,"fhdBarrierFtrID":null,"fhdEndExtent":null,"Shape__Length":76520.99894838546,"habitatType":"stream"},"id":9},
{"type":"Feature","geometry":{"type":"LineString","coordinates":[[-118.334006,43.786478],[-118.332069,43.785704],[-118.330995,43.782691],[-118.329357,43.782791],[-118.325097,43.78068],[-118.323538,43.779293],[-118.320059,43.778739],[-118.317048,43.774074],[-118.314746,43.77275],[-118.315382,43.771176],[-118.318541,43.770734],[-118.320348,43.768175],[-118.31648,43.765194],[-118.308806,43.765336],[-118.302825,43.761109],[-118.304242,43.757744],[-118.303779,43.755264],[-118.306044,43.753185],[-118.306083,43.751537],[-118.308229,43.749986],[-118.308167,43.748002],[-118.306475,43.744805],[-118.304021,43.744132],[-118.301938,43.740834],[-118.300206,43.736559],[-118.303049,43.735365],[-118.301218,43.731658],[-118.297669,43.729483],[-118.298541,43.726718],[-118.302179,43.726164],[-118.301508,43.724416],[-118.295285,43.722541],[-118.294809,43.720971],[-118.291146,43.719712],[-118.290356,43.718518],[-118.292805,43.717052],[-118.29018,43.715522],[-118.289747,43.712664],[-118.286689,43.708998],[-118.284862,43.708883],[-118.283964,43.706921],[-118.287409,43.706072],[-118.286042,43.702238],[-118.283506,43.702929],[-118.277745,43.701642],[-118.274691,43.6952],[-118.270498,43.692329],[-118.271502,43.690508],[-118.269743,43.68653],[-118.271312,43.685027],[-118.267766,43.68277],[-118.263523,43.681008],[-118.264163,43.677813],[-118.263126,43.676312],[-118.257924,43.674911],[-118.257995,43.672965],[-118.253083,43.671182],[-118.249128,43.668875],[-118.249589,43.666007],[-118.253051,43.666077],[-118.254159,43.663877],[-118.25193,43.659803],[-118.253388,43.65724],[-118.253915,43.653939],[-118.252903,43.650618],[-118.252901,43.648116],[-118.250732,43.645762],[-118.243596,43.641014],[-118.238449,43.63369],[-118.236763,43.630301],[-118.235838,43.626881],[-118.235567,43.612006],[-118.231366,43.608209],[-118.22713,43.601249],[-118.220934,43.595859],[-118.215194,43.592593],[-118.211366,43.590957],[-118.209099,43.588988],[-118.208798,43.584699],[-118.211178,43.578737],[-118.212061,43.577541],[-118.211794,43.574628],[-118.209553,43.574411],[-118.206483,43.572551],[-118.202765,43.571144],[-118.200794,43.567857],[-118.196262,43.565683],[-118.195964,43.560692],[-118.19408,43.559307],[-118.184689,43.557757],[-118.181161,43.555875],[-118.177474,43.555373],[-118.175129,43.557045],[-118.169486,43.557211],[-118.166879,43.556582],[-118.164128,43.555235],[-118.164161,43.55276],[-118.161756,43.551308],[-118.152907,43.55134],[-118.149177,43.553848],[-118.146979,43.552862],[-118.144622,43.55393],[-118.142973,43.555747],[-118.137309,43.554795],[-118.136399,43.556425],[-118.136838,43.558726],[-118.1345,43.560802],[-118.12856,43.561005],[-118.126741,43.561707],[-118.127678,43.564183],[-118.130929,43.565843],[-118.13146,43.567747],[-118.129255,43.569029],[-118.126387,43.56931],[-118.120632,43.571527],[-118.116111,43.573857],[-118.114272,43.57585],[-118.10914,43.577763],[-118.109334,43.582118],[-118.110118,43.58438],[-118.109148,43.585505],[-118.103847,43.585557],[-118.100182,43.586979],[-118.100086,43.58948],[-118.097142,43.592896],[-118.092812,43.59332],[-118.091568,43.594678],[-118.091338,43.59803],[-118.094414,43.600954],[-118.095924,43.606447],[-118.098107,43.610753],[-118.097111,43.612181],[-118.087079,43.613618],[-118.085534,43.615975],[-118.08454,43.622442],[-118.089164,43.625928],[-118.086729,43.628364],[-118.08197,43.629007],[-118.079071,43.633636],[-118.081058,43.636509],[-118.085482,43.637981],[-118.086228,43.639101],[-118.083257,43.641996],[-118.079469,43.643183],[-118.076435,43.643188],[-118.075911,43.645338],[-118.082825,43.648634],[-118.082757,43.653001],[-118.085056,43.656724],[-118.084846,43.658816],[-118.078624,43.660459],[-118.074203,43.662914],[-118.071008,43.66229],[-118.068994,43.663517],[-118.070341,43.667623],[-118.070404,43.670259],[-118.069215,43.672516],[-118.071987,43.677809],[-118.072043,43.683787],[-118.074152,43.685136],[-118.077306,43.683882],[-118.083743,43.683065],[-118.086985,43.688187],[-118.087391,43.691105],[-118.090464,43.694402],[-118.0912,43.696903],[-118.087513,43.702225],[-118.090253,43.705477],[-118.09044,43.7076],[-118.09319,43.708654],[-118.089784,43.71282],[-118.09137,43.715628],[-118.092107,43.718618],[-118.090457,43.720608],[-118.082888,43.721105],[-118.07814,43.719993],[-118.073453,43.722741],[-118.074544,43.726658],[-118.079108,43.73191],[-118.082213,43.736058],[-118.081499,43.73783],[-118.079251,43.737095],[-118.070693,43.739375],[-118.060698,43.747028],[-118.062453,43.753531],[-118.061689,43.755631],[-118.059573,43.757619]]},"properties":{"OBJECTID":10,"fhdFtrID":10,"fhdRefID":53684,"fhdRevDt":"20190327","fhdONm":"Peter Robinson","fhdOEnt":"ODFW","fhdSpNm":"SMbass","fhdRun":"NA","fhdLifeHst":"FluvRes","fhdUseTy":"Unknown","fhdBasis":"UndocObsFish","fhdStNm":"Malheur River","fhdGenus":"Micropterus","fhdSp":"dolomieu","fhdSubSp":null,"fhdOrig":"NonNative","fhdProd":"Natural","fhdComment":null,"fhdESH":"NA","fhdBasisD":null,"fhdNMF":"no","fhdBasisDt":null,"fhdBasisNm":null,"fhdBasisEnt":null,"fhdBasisPrj":null,"fhdBasisMethod":null,"fhdAccess":null,"fhdBarrierFtrID":null,"fhdEndExtent":null,"Shape__Length":104195.16746620761,"habitatType":"stream"},"id":10},
{"type":"Feature","geometry":{"type":"LineString","coordinates":[[-117.205653,43.700183],[-117.207863,43.703852],[-117.207945,43.70604],[-117.203142,43.706427],[-117.199598,43.704272],[-117.199475,43.701004],[-117.196455,43.699767],[-117.194036,43.699933],[-117.191285,43.701504],[-117.191343,43.70796],[-117.194432,43.711269],[-117.194241,43.712741],[-117.191198,43.716971],[-117.191274,43.721196],[-117.193957,43.721624],[-117.198462,43.720941],[-117.200965,43.723394],[-117.201346,43.72569],[-117.203887,43.728305],[-117.201889,43.732118],[-117.196784,43.73164],[-117.193584,43.732915],[-117.185433,43.735387],[-117.180192,43.73758],[-117.17758,43.737993],[-117.175259,43.736761],[-117.168523,43.735611],[-117.165959,43.736579],[-117.164857,43.738289],[-117.165647,43.739676],[-117.163144,43.741532],[-117.153465,43.745958],[-117.146192,43.74579],[-117.143589,43.747981],[-117.14386,43.752032],[-117.143269,43.754437],[-117.144134,43.757326],[-117.149011,43.755806],[-117.15509,43.757015],[-117.155898,43.759229],[-117.153423,43.763624],[-117.154358,43.766034],[-117.152188,43.773712],[-117.149097,43.774905],[-117.1438,43.773561],[-117.141558,43.77432],[-117.138491,43.776869],[-117.138625,43.778413],[-117.141116,43.78115],[-117.140132,43.783263],[-117.137486,43.783699],[-117.132709,43.781813],[-117.128871,43.782898],[-117.128169,43.785735],[-117.125896,43.786548],[-117.122986,43.785525],[-117.118923,43.786151],[-117.117579,43.785072],[-117.111912,43.785563],[-117.107656,43.782407],[-117.104674,43.782761],[-117.095688,43.782283],[-117.094009,43.781474],[-117.092475,43.778504],[-117.089678,43.777534],[-117.087144,43.778508],[-117.08364,43.778754],[-117.077373,43.776057],[-117.073607,43.775735],[-117.069579,43.773928],[-117.066786,43.776253],[-117.062295,43.779015],[-117.057261,43.783298],[-117.052225,43.785611],[-117.053829,43.794385],[-117.051742,43.796385],[-117.048722,43.796899],[-117.045703,43.79925],[-117.040968,43.801143],[-117.039738,43.802521],[-117.037473,43.807817],[-117.03288,43.810006],[-117.028666,43.812681],[-117.025665,43.812765]]},"properties":{"OBJECTID":11,"fhdFtrID":11,"fhdRefID":53580,"fhdRevDt":"20190327","fhdONm":"Jay Stevens","fhdOEnt":"BLM","fhdSpNm":"SMbass","fhdRun":"NA","fhdLifeHst":"FluvRes","fhdUseTy":"Unknown","fhdBasis":"UndocObsFish","fhdStNm":"Owyhee River","fhdGenus":"Micropterus","fhdSp":"dolomieu","fhdSubSp":null,"fhdOrig":"NonNative","fhdProd":"Natural","fhdComment":null,"fhdESH":"NA","fhdBasisD":null,"fhdNMF":"no","fhdBasisDt":null,"fhdBasisNm":null,"fhdBasisEnt":null,"fhdBasisPrj":null,"fhdBasisMethod":null,"fhdAccess":null,"fhdBarrierFtrID":null,"fhdEndExtent":null,"Shape__Length":44787.30772294464,"habitatType":"stream"},"id":11},
{"type":"Feature","geometry":{"type":"LineString","coordinates":[[-117.352529,43.559807],[-117.356751,43.565445],[-117.3617,43.566363],[-117.368969,43.566077],[-117.376503,43.565165],[-117.379658,43.563714],[-117.384703,43.56235],[-117.389773,43.56179],[-117.392863,43.560609],[-117.397236,43.561018],[-117.403077,43.56096],[-117.4058,43.563789],[-117.405161,43.567388],[-117.406236,43.569226],[-117.408499,43.56942],[-117.412197,43.572995],[-117.416554,43.570521],[-117.420329,43.571282],[-117.424762,43.573305],[-117.427678,43.572785],[-117.430942,43.573795],[-117.436058,43.573537],[-117.437095,43.575757],[-117.443051,43.576851],[-117.445852,43.576916],[-117.452962,43.578293],[-117.456908,43.576814],[-117.460465,43.57621],[-117.462856,43.573193],[-117.464423,43.572579],[-117.465682,43.57031],[-117.469158,43.568576],[-117.471663,43.568034],[-117.476384,43.56909],[-117.478601,43.56878],[-117.482352,43.567035],[-117.48657,43.566927],[-117.488869,43.564765],[-117.495133,43.563725],[-117.498997,43.56496],[-117.502037,43.565091],[-117.505046,43.563115],[-117.505838,43.561153],[-117.509736,43.560244],[-117.510116,43.558491],[-117.512438,43.557612],[-117.514264,43.559409],[-117.516576,43.556972],[-117.518603,43.553307],[-117.518275,43.551062],[-117.519239,43.547263],[-117.525665,43.543744],[-117.527825,43.544274],[-117.528479,43.540998],[-117.529766,43.538375],[-117.53182,43.537269],[-117.534619,43.537328],[-117.537626,43.535517],[-117.538149,43.533203],[-117.542438,43.532834],[-117.545794,43.531753],[-117.549434,43.527042],[-117.550112,43.522359],[-117.553654,43.520269],[-117.557361,43.520297],[-117.555757,43.517874],[-117.557476,43.515145],[-117.563602,43.510888],[-117.563563,43.507709],[-117.565793,43.503493],[-117.566878,43.502979],[-117.56798,43.499804],[-117.573004,43.4995],[-117.577812,43.496817],[-117.578046,43.495939],[-117.58278,43.494275],[-117.589973,43.494196],[-117.594113,43.49509],[-117.597182,43.496626],[-117.599353,43.495736],[-117.603621,43.495844],[-117.605175,43.497084],[-117.608255,43.497741],[-117.610066,43.499227],[-117.613492,43.497942],[-117.61477,43.500044],[-117.617305,43.500188],[-117.623629,43.502415],[-117.622915,43.506388],[-117.624286,43.507741],[-117.630063,43.508754],[-117.633289,43.510187]]},"properties":{"OBJECTID":12,"fhdFtrID":12,"fhdRefID":53580,"fhdRevDt":"20190327","fhdONm":"Jay Stevens","fhdOEnt":"BLM","fhdSpNm":"SMbass","fhdRun":"NA","fhdLifeHst":"FluvRes","fhdUseTy":"Unknown","fhdBasis":"UndocObsFish","fhdStNm":"Dry Creek","fhdGenus":"Micropterus","fhdSp":"dolomieu","fhdSubSp":null,"fhdOrig":"NonNative","fhdProd":"Natural","fhdComment":null,"fhdESH":"NA","fhdBasisD":null,"fhdNMF":"no","fhdBasisDt":null,"fhdBasisNm":null,"fhdBasisEnt":null,"fhdBasisPrj":null,"fhdBasisMethod":null,"fhdAccess":null,"fhdBarrierFtrID":null,"fhdEndExtent":null,"Shape__Length":45708.92646285387,"habitatType":"stream"},"id":12},
{"type":"Feature","geometry":{"type":"LineString","coordinates":[[-117.026506,43.793026],[-117.026357,43.794538],[-117.028497,43.797887],[-117.029294,43.800264],[-117.029296,43.805378],[-117.027461,43.807335],[-117.022305,43.815805],[-117.01998,43.821143],[-117.023252,43.824974],[-117.026205,43.825655],[-117.031762,43.828603],[-117.032812,43.82972],[-117.031579,43.831642],[-117.03192,43.835173],[-117.026181,43.841207],[-117.022847,43.842325],[-117.015314,43.840047],[-117.012103,43.840941],[-117.010282,43.843712],[-117.010036,43.848762],[-117.013341,43.852069],[-117.019764,43.853632],[-117.021247,43.854883],[-117.021433,43.857743],[-117.018346,43.860157],[-117.009112,43.863689],[-116.997377,43.864896],[-116.99059,43.864001],[-116.988142,43.865459],[-116.983601,43.866905],[-116.982273,43.869631],[-116.982519,43.87267],[-116.983569,43.875039],[-116.984092,43.879463],[-116.983659,43.881385],[-116.978899,43.888624],[-116.978466,43.89059],[-116.976177,43.895406],[-116.976736,43.897702],[-116.976419,43.901847],[-116.97722,43.905848],[-116.979616,43.911117],[-116.98063,43.912117],[-116.980629,43.915085],[-116.979083,43.916145],[-116.97371,43.916817],[-116.963839,43.917248],[-116.961858,43.917771],[-116.960129,43.92521],[-116.959252,43.927054],[-116.959678,43.93026],[-116.961477,43.933207],[-116.966443,43.93423],[-116.969132,43.937731],[-116.968944,43.940649],[-116.964269,43.944537],[-116.962698,43.94667],[-116.961947,43.951451],[-116.960343,43.954668],[-116.961938,43.956271],[-116.967665,43.956774],[-116.97361,43.956856],[-116.976152,43.957505],[-116.978096,43.958991],[-116.978806,43.961449],[-116.97802,43.963637],[-116.974837,43.966864],[-116.970925,43.96839],[-116.966647,43.968825],[-116.964088,43.970315],[-116.960968,43.969617],[-116.956839,43.971982],[-116.955562,43.977694],[-116.953387,43.981345],[-116.9504,43.984132],[-116.940635,43.984294],[-116.937671,43.985647],[-116.934465,43.987927],[-116.940293,43.997349],[-116.943867,44.000845],[-116.944408,44.004598],[-116.943338,44.005774],[-116.938592,44.008574],[-116.936546,44.011884],[-116.936342,44.015969],[-116.934652,44.020398],[-116.934538,44.022532],[-116.936554,44.027935],[-116.941228,44.033853],[-116.944557,44.036339],[-116.953921,44.040602],[-116.956713,44.044425],[-116.959158,44.045644],[-116.966785,44.0472],[-116.973073,44.049092],[-116.974062,44.052326],[-116.973785,44.059352]]},"properties":{"OBJECTID":13,"fhdFtrID":13,"fhdRefID":53580,"fhdRevDt":"20190327","fhdONm":"Jay Stevens","fhdOEnt":"BLM","fhdSpNm":"SMbass","fhdRun":"NA","fhdLifeHst":"FluvRes","fhdUseTy":"Unknown","fhdBasis":"UndocObsFish","fhdStNm":"Snake River","fhdGenus":"Micropterus","fhdSp":"dolomieu","fhdSubSp":null,"fhdOrig":"NonNative","fhdProd":"Natural","fhdComment":null,"fhdESH":"NA","fhdBasisD":null,"fhdNMF":"no","fhdBasisDt":null,"fhdBasisNm":null,"fhdBasisEnt":null,"fhdBasisPrj":null,"fhdBasisMethod":null,"fhdAccess":null,"fhdBarrierFtrID":null,"fhdEndExtent":null,"Shape__Length":59238.06836243405,"habitatType":"stream"},"id":13},
{"type":"Feature","geometry":{"type":"LineString","coordinates":[[-117.755274,43.778148],[-117.751203,43.777581],[-117.746164,43.780018],[-117.743857,43.783024],[-117.741205,43.78294],[-117.740319,43.780061],[-117.744162,43.776437],[-117.742229,43.774898],[-117.738139,43.774212],[-117.733032,43.774693],[-117.731861,43.775615],[-117.730169,43.779824],[-117.73069,43.781955],[-117.733541,43.784232],[-117.72841,43.785399],[-117.724253,43.786938],[-117.719561,43.787427],[-117.716037,43.785856],[-117.711864,43.786017],[-117.705477,43.788217],[-117.702672,43.790693],[-117.697945,43.791424],[-117.695891,43.791085],[-117.693851,43.788829],[-117.691739,43.789976],[-117.688093,43.790646],[-117.685402,43.793336],[-117.682781,43.798917],[-117.681235,43.800736],[-117.675116,43.803797],[-117.671394,43.804386],[-117.669066,43.806345],[-117.664613,43.808343],[-117.663618,43.809483],[-117.662437,43.813974],[-117.660705,43.815874],[-117.657994,43.816998],[-117.655965,43.819008],[-117.652774,43.820647],[-117.651451,43.822437],[-117.648779,43.823749],[-117.644188,43.823505],[-117.642454,43.825325],[-117.642746,43.828213],[-117.640944,43.830654],[-117.637826,43.832184],[-117.636274,43.837109],[-117.637216,43.837941],[-117.636548,43.841808],[-117.632821,43.842288],[-117.62928,43.841911],[-117.629077,43.844292],[-117.626133,43.845052],[-117.624398,43.846845],[-117.623271,43.849768],[-117.613576,43.850658],[-117.612672,43.853499],[-117.614726,43.857162],[-117.610022,43.857245],[-117.60718,43.859178],[-117.607268,43.860941],[-117.602823,43.864582],[-117.598654,43.864549],[-117.596683,43.865412],[-117.597635,43.867947],[-117.594503,43.868953],[-117.58879,43.869364],[-117.58705,43.871414],[-117.584142,43.872376],[-117.583821,43.875027],[-117.579087,43.877044],[-117.573784,43.880529],[-117.568864,43.882399],[-117.563235,43.880252],[-117.560648,43.880337],[-117.557119,43.882299],[-117.550357,43.882035],[-117.546757,43.884375],[-117.54314,43.884987],[-117.54052,43.884344],[-117.537349,43.884798],[-117.535166,43.879559],[-117.532118,43.877624],[-117.533288,43.8742],[-117.530352,43.873827],[-117.524909,43.87528],[-117.5203,43.877613],[-117.51679,43.87774],[-117.514709,43.878911],[-117.514113,43.880715],[-117.508743,43.884259],[-117.51087,43.892812],[-117.506964,43.894949],[-117.507061,43.897515],[-117.509252,43.900139],[-117.50822,43.901846],[-117.505714,43.902514],[-117.505914,43.904532],[-117.503257,43.907129],[-117.502792,43.909352],[-117.50084,43.912683],[-117.497382,43.914697],[-117.495624,43.914515],[-117.490812,43.910944],[-117.488944,43.910898],[-117.484975,43.914453],[-117.480759,43.915335],[-117.478418,43.916966],[-117.478808,43.918963],[-117.483194,43.921564],[-117.487828,43.922161],[-117.48961,43.923833],[-117.490113,43.925911],[-117.487157,43.930056],[-117.485076,43.931497],[-117.486258,43.934409],[-117.484731,43.937266],[-117.476726,43.939014],[-117.477128,43.94247],[-117.478745,43.943732],[-117.474227,43.949099],[-117.475106,43.951446],[-117.47749,43.951893],[-117.479499,43.953777],[-117.478335,43.957861],[-117.473915,43.956899],[-117.469527,43.955169],[-117.46432,43.958729],[-117.460955,43.958851],[-117.460111,43.955991],[-117.458681,43.954862],[-117.451156,43.953569],[-117.446801,43.951209],[-117.443772,43.95122],[-117.440131,43.949155],[-117.434486,43.949257],[-117.432369,43.950318],[-117.425854,43.949884],[-117.422986,43.951488],[-117.418837,43.951666],[-117.408693,43.949893],[-117.405152,43.950785],[-117.401165,43.949193],[-117.401053,43.947753],[-117.398196,43.945716],[-117.394947,43.94624],[-117.39231,43.948897],[-117.388496,43.948774],[-117.386773,43.946813],[-117.388095,43.944589],[-117.390292,43.943231],[-117.386585,43.942298],[-117.383094,43.945984],[-117.3798,43.945292],[-117.377497,43.94168],[-117.37596,43.940983],[-117.371263,43.943105],[-117.36919,43.942732],[-117.366015,43.940907],[-117.364985,43.93748],[-117.361418,43.934871],[-117.359833,43.932364],[-117.355538,43.930328],[-117.358834,43.927857],[-117.35931,43.926261],[-117.353434,43.92474],[-117.349212,43.924915],[-117.347562,43.92426],[-117.344616,43.925145],[-117.343843,43.92061],[-117.339237,43.919029],[-117.337073,43.912931],[-117.332624,43.912431],[-117.329646,43.914547],[-117.325718,43.913667],[-117.323179,43.913971],[-117.321429,43.915218],[-117.317805,43.915147],[-117.316205,43.916421],[-117.310934,43.916139],[-117.30871,43.919271],[-117.305351,43.919983],[-117.303977,43.921715],[-117.296108,43.925085],[-117.287772,43.92462],[-117.285615,43.92684],[-117.281885,43.928308],[-117.280925,43.930877],[-117.277345,43.932668],[-117.279928,43.933364],[-117.279792,43.936336],[-117.274861,43.936888],[-117.273231,43.940187],[-117.26928,43.942709],[-117.265278,43.942286],[-117.263001,43.943156],[-117.264093,43.944774],[-117.261669,43.946238],[-117.258011,43.947435],[-117.256763,43.948559],[-117.259594,43.950457],[-117.25635,43.952409],[-117.254453,43.954817],[-117.250945,43.956499],[-117.248812,43.956018],[-117.24721,43.957534],[-117.24924,43.959934],[-117.245774,43.962858],[-117.243125,43.964376],[-117.245827,43.966586],[-117.241568,43.967648],[-117.241539,43.969782],[-117.238564,43.976791],[-117.235926,43.981172],[-117.230262,43.986829],[-117.226616,43.984688],[-117.220762,43.986713],[-117.217963,43.988554],[-117.215574,43.991867],[-117.213765,43.991555],[-117.212068,43.987845],[-117.21088,43.986879],[-117.205671,43.986053],[-117.198345,43.986226],[-117.196679,43.987992],[-117.190431,43.986559],[-117.187767,43.984796],[-117.184163,43.984032],[-117.181079,43.98557],[-117.180685,43.988486],[-117.176344,43.987965],[-117.171636,43.989511],[-117.169154,43.991287],[-117.166745,43.990643],[-117.163198,43.993485],[-117.162391,43.998636],[-117.160538,44.00047],[-117.157698,44.000335],[-117.153895,44.001151],[-117.149903,44.000751],[-117.146188,43.999157],[-117.141421,44.000852],[-117.140707,44.002293],[-117.13806,44.003827],[-117.131227,44.002237],[-117.127829,44.002871],[-117.123741,44.001367],[-117.121405,44.00263],[-117.120723,44.004792],[-117.117358,44.006078],[-117.114364,44.006037],[-117.110245,44.005073],[-117.107998,44.003904],[-117.105973,44.005414],[-117.102821,44.003819],[-117.097177,44.004342],[-117.096839,44.0072],[-117.089601,44.005811],[-117.085081,44.007052],[-117.083992,44.008921],[-117.079845,44.009555]]},"properties":{"OBJECTID":14,"fhdFtrID":14,"fhdRefID":53714,"fhdRevDt":"20190401","fhdONm":"H. Lavigne, et al.","fhdOEnt":"OSU","fhdSpNm":"SMbass","fhdRun":"NA","fhdLifeHst":"FluvRes","fhdUseTy":"Unknown","fhdBasis":"DocObsFish","fhdStNm":"Malheur River","fhdGenus":"Micropterus","fhdSp":"dolomieu","fhdSubSp":null,"fhdOrig":"NonNative","fhdProd":"Natural","fhdComment":null,"fhdESH":"NA","fhdBasisD":null,"fhdNMF":"no","fhdBasisDt":"20070000","fhdBasisNm":null,"fhdBasisEnt":null,"fhdBasisPrj":null,"fhdBasisMethod":"Electrofishing","fhdAccess":null,"fhdBarrierFtrID":null,"fhdEndExtent":null,"Shape__Length":132224.19308772645,"habitatType":"stream"},"id":14},
{"type":"Feature","geometry":{"type":"LineString","coordinates":[[-117.282142,42.690911],[-117.281927,42.693731],[-117.285357,42.696316],[-117.287375,42.699697],[-117.28968,42.701709],[-117.293227,42.708364],[-117.299011,42.712563],[-117.302878,42.714174],[-117.306006,42.714526],[-117.309617,42.713904],[-117.312061,42.71415],[-117.317058,42.716982],[-117.329,42.721127],[-117.333487,42.724374],[-117.335666,42.72525],[-117.342416,42.726671],[-117.34511,42.727816],[-117.348356,42.731732],[-117.349936,42.734574],[-117.355768,42.737618],[-117.3587,42.737599],[-117.368603,42.744998],[-117.37185,42.748553],[-117.375986,42.749589],[-117.379586,42.748771],[-117.385927,42.748642],[-117.388386,42.749174],[-117.3937,42.748913],[-117.397682,42.746873],[-117.403178,42.746449],[-117.407803,42.747378],[-117.411269,42.750418],[-117.419072,42.755145],[-117.422231,42.756133],[-117.427991,42.756625],[-117.43038,42.757562],[-117.433262,42.760793],[-117.435266,42.76427],[-117.440415,42.766412],[-117.446795,42.766334],[-117.451731,42.76445],[-117.455639,42.762435],[-117.462599,42.761489],[-117.464215,42.761888],[-117.468568,42.765463],[-117.473341,42.771036],[-117.477833,42.773422],[-117.48206,42.774728],[-117.489435,42.77521],[-117.494539,42.776026],[-117.499701,42.77495],[-117.502757,42.776369],[-117.504717,42.778467],[-117.504803,42.782385],[-117.509089,42.783905],[-117.513236,42.784184],[-117.523007,42.785923],[-117.527405,42.789758],[-117.533417,42.789414],[-117.539269,42.787415],[-117.542657,42.784778],[-117.545954,42.78433],[-117.549446,42.785124],[-117.552029,42.786507],[-117.556105,42.787415],[-117.558688,42.789078],[-117.564378,42.789644],[-117.568132,42.790977],[-117.57107,42.79134],[-117.575525,42.793128],[-117.578497,42.793194],[-117.581673,42.79153],[-117.587755,42.791076],[-117.590917,42.791591],[-117.595408,42.793243],[-117.599098,42.79552],[-117.603738,42.797279],[-117.608099,42.800606],[-117.61063,42.80424],[-117.610686,42.805807],[-117.615302,42.81286],[-117.615813,42.81567],[-117.613548,42.817408],[-117.61451,42.821888],[-117.618753,42.825617],[-117.618956,42.82978],[-117.621342,42.833387],[-117.625113,42.843389],[-117.629915,42.845631],[-117.634243,42.845825],[-117.637754,42.848021],[-117.637773,42.850524],[-117.635777,42.852202],[-117.635105,42.855181],[-117.637216,42.858217],[-117.640935,42.861928],[-117.644143,42.864032],[-117.651135,42.867127],[-117.654094,42.867088],[-117.654624,42.870565],[-117.657814,42.872615],[-117.659231,42.872726],[-117.661742,42.870816],[-117.665352,42.869531],[-117.670265,42.869457],[-117.676642,42.870655],[-117.682333,42.875113],[-117.688083,42.876487],[-117.693321,42.875983],[-117.697489,42.882482],[-117.696806,42.88602],[-117.698722,42.888656],[-117.698801,42.89187],[-117.697226,42.892857],[-117.69636,42.895856],[-117.697776,42.899787],[-117.700995,42.903897],[-117.704488,42.905735],[-117.707629,42.906661],[-117.719489,42.911409],[-117.722483,42.911958],[-117.720852,42.915467],[-117.716174,42.915181],[-117.709363,42.91951],[-117.704433,42.923448],[-117.702761,42.927272],[-117.703355,42.930452],[-117.706578,42.934719],[-117.705667,42.937592],[-117.702579,42.941425],[-117.701456,42.944521],[-117.701948,42.946251],[-117.70425,42.94879],[-117.707249,42.950237],[-117.712285,42.949749],[-117.717824,42.950124],[-117.718414,42.952926],[-117.721381,42.958873],[-117.726716,42.96195],[-117.727097,42.965131],[-117.725376,42.972108],[-117.721038,42.975508],[-117.717875,42.976599],[-117.712257,42.977044],[-117.708878,42.978105],[-117.706576,42.983225],[-117.709284,42.987306],[-117.714941,42.99017],[-117.71912,42.991342],[-117.727715,42.9957],[-117.730573,42.99773],[-117.732763,43.001372],[-117.735875,43.003023],[-117.735987,43.005197],[-117.73056,43.007501],[-117.725592,43.008636],[-117.720849,43.010683],[-117.716797,43.010856],[-117.713496,43.011904],[-117.704834,43.020629],[-117.701349,43.021731],[-117.698723,43.023908],[-117.699028,43.02804],[-117.697187,43.031374],[-117.700083,43.03341],[-117.701362,43.035806],[-117.698276,43.039661],[-117.698976,43.042926],[-117.696689,43.045857],[-117.694377,43.053112],[-117.691057,43.056022],[-117.691116,43.057994],[-117.68948,43.063245],[-117.69098,43.065505],[-117.694823,43.066535],[-117.695265,43.069802],[-117.698917,43.073952],[-117.703094,43.074526],[-117.711501,43.080273],[-117.711607,43.081844],[-117.70973,43.083278],[-117.711968,43.0862],[-117.715405,43.086931],[-117.716123,43.093135],[-117.710646,43.095565],[-117.709116,43.097087],[-117.71213,43.101134],[-117.714813,43.106223],[-117.71707,43.107911],[-117.723693,43.107838],[-117.724742,43.109218],[-117.721718,43.11179],[-117.719307,43.111198],[-117.714927,43.112337],[-117.710787,43.115136],[-117.707785,43.115974],[-117.705658,43.118067],[-117.705739,43.121376],[-117.70443,43.123496],[-117.702879,43.130786],[-117.701743,43.133062],[-117.699098,43.135127],[-117.699372,43.136449],[-117.695847,43.136817],[-117.687805,43.139544],[-117.675053,43.14003],[-117.672118,43.139291],[-117.668168,43.140134],[-117.663388,43.139909],[-117.662331,43.141649],[-117.665225,43.14658],[-117.665373,43.148281],[-117.663852,43.150938],[-117.664619,43.15418],[-117.663575,43.15718],[-117.660458,43.15953],[-117.66078,43.161388],[-117.659218,43.164265],[-117.658452,43.169123],[-117.659677,43.182889],[-117.65477,43.187172],[-117.649962,43.188649],[-117.646693,43.18914],[-117.645162,43.190977],[-117.644803,43.19472],[-117.646813,43.197551],[-117.64649,43.19957],[-117.644992,43.200387],[-117.633873,43.203062],[-117.626049,43.203538],[-117.620668,43.202126],[-117.618056,43.20196],[-117.611372,43.203149],[-117.607809,43.206301],[-117.604234,43.208229],[-117.599615,43.209262],[-117.597391,43.208409],[-117.594512,43.206047],[-117.587275,43.20612],[-117.583802,43.2034],[-117.581877,43.202942],[-117.579039,43.19957],[-117.575476,43.202902],[-117.574312,43.204781],[-117.569579,43.204084],[-117.566737,43.204432],[-117.565322,43.206987],[-117.563707,43.208147],[-117.561588,43.20787],[-117.555463,43.205846],[-117.552507,43.205681],[-117.545583,43.207695],[-117.540726,43.209771],[-117.535687,43.207849],[-117.534741,43.206737],[-117.535936,43.202661],[-117.533842,43.19961],[-117.528084,43.19996],[-117.523074,43.201352],[-117.520121,43.201438],[-117.517081,43.202964],[-117.517211,43.20671],[-117.514241,43.210685],[-117.512547,43.214151],[-117.512769,43.217103],[-117.514369,43.219942],[-117.5113,43.224026],[-117.506372,43.223723],[-117.50501,43.219231],[-117.503454,43.216244],[-117.499158,43.21493],[-117.496152,43.217839],[-117.49679,43.221404],[-117.49626,43.224082],[-117.497082,43.226684],[-117.499614,43.228507],[-117.498072,43.232656],[-117.497405,43.236282],[-117.493591,43.239015],[-117.48902,43.239186],[-117.486048,43.240459],[-117.484905,43.24323],[-117.487765,43.24524],[-117.489183,43.248291],[-117.488764,43.249891],[-117.49054,43.251671],[-117.495224,43.254303],[-117.497985,43.258159],[-117.496913,43.259676],[-117.498223,43.263236],[-117.497921,43.266858],[-117.494585,43.269685],[-117.491697,43.268768],[-117.490193,43.271091],[-117.486047,43.273395],[-117.486423,43.278786],[-117.485296,43.283604],[-117.482752,43.287026],[-117.477667,43.292635],[-117.476946,43.296645],[-117.475475,43.297731],[-117.471014,43.304498],[-117.470621,43.307765],[-117.469316,43.311264],[-117.470037,43.315594],[-117.468303,43.320561],[-117.465801,43.321619],[-117.463087,43.325571],[-117.460478,43.32583],[-117.458669,43.324403],[-117.452632,43.323671],[-117.447896,43.321174],[-117.44772,43.318669],[-117.446154,43.314982],[-117.442546,43.313522],[-117.440893,43.311258],[-117.435289,43.308886],[-117.428161,43.307285],[-117.425908,43.305697],[-117.425787,43.30392],[-117.423233,43.302694],[-117.419483,43.302563],[-117.415455,43.306838],[-117.410415,43.310719],[-117.408099,43.311105],[-117.403542,43.309082],[-117.397852,43.309222],[-117.396475,43.307137],[-117.392391,43.305268],[-117.389864,43.304846],[-117.389354,43.302843],[-117.386404,43.302556],[-117.384348,43.303524],[-117.381601,43.303447],[-117.377421,43.30077],[-117.372181,43.299482],[-117.364194,43.302754],[-117.361054,43.304883],[-117.358455,43.305762],[-117.351204,43.303298],[-117.346082,43.302326],[-117.342106,43.304708],[-117.340616,43.308401],[-117.338099,43.30984],[-117.336471,43.313006],[-117.327706,43.318135],[-117.327195,43.319535],[-117.330406,43.32137],[-117.333046,43.325807],[-117.327694,43.330688],[-117.322439,43.330455],[-117.318658,43.332014],[-117.317552,43.338264],[-117.321188,43.33916],[-117.323408,43.340964],[-117.323571,43.343985],[-117.318237,43.346403],[-117.316185,43.350887],[-117.314907,43.356767],[-117.310793,43.357363],[-117.308105,43.356761],[-117.304398,43.357602],[-117.304194,43.361966],[-117.306869,43.364444],[-117.310747,43.363775],[-117.313648,43.36622],[-117.315091,43.370513],[-117.315322,43.373566],[-117.310493,43.382618],[-117.309528,43.387493],[-117.309621,43.390794],[-117.313272,43.393949],[-117.316479,43.393983],[-117.318002,43.395101],[-117.319528,43.400409],[-117.321594,43.40341],[-117.325212,43.405745],[-117.324822,43.407773],[-117.328251,43.40998],[-117.333316,43.409604],[-117.335796,43.410568],[-117.336158,43.416529],[-117.337284,43.419695],[-117.336,43.42195],[-117.33734,43.425554],[-117.340005,43.429987],[-117.343423,43.434229],[-117.344972,43.437025],[-117.349565,43.436238],[-117.353485,43.433322],[-117.354853,43.433421],[-117.357203,43.436232],[-117.35912,43.437368],[-117.357891,43.440911],[-117.356031,43.441278],[-117.353431,43.440221],[-117.351336,43.440794],[-117.346661,43.443858],[-117.34407,43.448487],[-117.345113,43.453509],[-117.345088,43.457384],[-117.343605,43.462165],[-117.342148,43.463045],[-117.337759,43.462749],[-117.33602,43.463854],[-117.334836,43.467362],[-117.332135,43.469431],[-117.332016,43.471301],[-117.334768,43.472718],[-117.340838,43.472062],[-117.344804,43.473229],[-117.350816,43.474227],[-117.35293,43.477988],[-117.35205,43.480451],[-117.350075,43.482182],[-117.340265,43.486926],[-117.339322,43.487866],[-117.340643,43.492062],[-117.339734,43.494781],[-117.340497,43.498048],[-117.343529,43.500587],[-117.347359,43.501919],[-117.348451,43.503072],[-117.347431,43.505213],[-117.348371,43.507599],[-117.349006,43.515751],[-117.348095,43.519536],[-117.349259,43.52225],[-117.35424,43.524324],[-117.355851,43.527203],[-117.354053,43.529236],[-117.356046,43.53109],[-117.361551,43.529338],[-117.367649,43.53074],[-117.368412,43.533517],[-117.360721,43.534753],[-117.356228,43.532677],[-117.354006,43.533478],[-117.353189,43.536177],[-117.353915,43.537533],[-117.352553,43.540317],[-117.350072,43.543459],[-117.350732,43.550579],[-117.350611,43.553429],[-117.353198,43.557699],[-117.352529,43.559807],[-117.347453,43.56176],[-117.344522,43.569288],[-117.344879,43.570833],[-117.347271,43.572259],[-117.345399,43.573498],[-117.34108,43.574139],[-117.337691,43.573935],[-117.337328,43.577097],[-117.339694,43.580159],[-117.337456,43.58324],[-117.331778,43.584607],[-117.326777,43.58703],[-117.326529,43.588922],[-117.330224,43.593033],[-117.328206,43.59599],[-117.320786,43.597572],[-117.317249,43.597727],[-117.314358,43.599944],[-117.316646,43.601228],[-117.31895,43.60102],[-117.320457,43.602574],[-117.319325,43.604294],[-117.316522,43.606044],[-117.310462,43.60426],[-117.304126,43.604849],[-117.29906,43.605944],[-117.293422,43.612998],[-117.287394,43.615895],[-117.282497,43.617034],[-117.277874,43.617445],[-117.275268,43.616914],[-117.273708,43.614315],[-117.270638,43.613427],[-117.268584,43.61435],[-117.266006,43.613945],[-117.264504,43.615387],[-117.266093,43.618007],[-117.263193,43.621452],[-117.258989,43.624395],[-117.253956,43.626362],[-117.247584,43.626978],[-117.245489,43.628845],[-117.24227,43.629919],[-117.23686,43.633034],[-117.232726,43.637286],[-117.233571,43.63962],[-117.23575,43.640473],[-117.239926,43.640973],[-117.243221,43.642234]]},"properties":{"OBJECTID":15,"fhdFtrID":15,"fhdRefID":53580,"fhdRevDt":"20190327","fhdONm":"Jay Stevens","fhdOEnt":"BLM","fhdSpNm":"SMbass","fhdRun":"NA","fhdLifeHst":"FluvRes","fhdUseTy":"Unknown","fhdBasis":"UndocObsFish","fhdStNm":"Owyhee River","fhdGenus":"Micropterus","fhdSp":"dolomieu","fhdSubSp":null,"fhdOrig":"NonNative","fhdProd":"Natural","fhdComment":null,"fhdESH":"NA","fhdBasisD":null,"fhdNMF":"no","fhdBasisDt":null,"fhdBasisNm":null,"fhdBasisEnt":null,"fhdBasisPrj":null,"fhdBasisMethod":null,"fhdAccess":null,"fhdBarrierFtrID":null,"fhdEndExtent":null,"Shape__Length":283510.85731555184,"habitatType":"stream"},"id":15},
{"type":"Feature","geometry":{"type":"LineString","coordinates":[[-117.641363,42.862505],[-117.638133,42.865645],[-117.634609,42.865854],[-117.630416,42.868795],[-117.624998,42.870527],[-117.623218,42.872562],[-117.622402,42.87535],[-117.619954,42.876687],[-117.617486,42.879726],[-117.616847,42.881944],[-117.61452,42.884307],[-117.610112,42.884412],[-117.60649,42.885944],[-117.606546,42.887835],[-117.603555,42.890093],[-117.599205,42.892412],[-117.595015,42.892245],[-117.587286,42.886989],[-117.584836,42.888217]]},"properties":{"OBJECTID":16,"fhdFtrID":16,"fhdRefID":53580,"fhdRevDt":"20190327","fhdONm":"Jay Stevens","fhdOEnt":"BLM","fhdSpNm":"SMbass","fhdRun":"NA","fhdLifeHst":"FluvRes","fhdUseTy":"Unknown","fhdBasis":"UndocObsFish","fhdStNm":"Jordan Creek","fhdGenus":"Micropterus","fhdSp":"dolomieu","fhdSubSp":null,"fhdOrig":"NonNative","fhdProd":"Natural","fhdComment":null,"fhdESH":"NA","fhdBasisD":null,"fhdNMF":"no","fhdBasisDt":null,"fhdBasisNm":null,"fhdBasisEnt":null,"fhdBasisPrj":null,"fhdBasisMethod":null,"fhdAccess":null,"fhdBarrierFtrID":null,"fhdEndExtent":null,"Shape__Length":9365.8948276862,"habitatType":"stream"},"id":16},
{"type":"Feature","geometry":{"type":"LineString","coordinates":[[-117.169427,42.544316],[-117.167208,42.543715],[-117.161966,42.544101],[-117.158426,42.543444],[-117.155316,42.543953],[-117.151219,42.541941],[-117.149479,42.54519],[-117.14692,42.544815],[-117.146319,42.542924],[-117.141202,42.54208],[-117.135449,42.542717],[-117.132979,42.543665],[-117.130638,42.545591],[-117.127441,42.545342],[-117.125654,42.547393],[-117.123227,42.54872],[-117.122893,42.552471],[-117.118508,42.555628],[-117.115998,42.558309],[-117.110586,42.560111],[-117.109053,42.561374],[-117.102872,42.56223],[-117.101251,42.56157],[-117.092423,42.560474],[-117.08782,42.562117],[-117.081084,42.562847],[-117.079891,42.563762],[-117.070639,42.56424],[-117.068079,42.562666],[-117.065394,42.563392],[-117.059805,42.560401],[-117.054688,42.56034],[-117.051662,42.562328],[-117.045182,42.562488],[-117.043349,42.564222],[-117.041237,42.56793],[-117.038064,42.567628],[-117.035462,42.565706],[-117.031197,42.565235],[-117.026461,42.567001]]},"properties":{"OBJECTID":17,"fhdFtrID":17,"fhdRefID":53580,"fhdRevDt":"20190327","fhdONm":"Jay Stevens","fhdOEnt":"BLM","fhdSpNm":"SMbass","fhdRun":"NA","fhdLifeHst":"FluvRes","fhdUseTy":"Unknown","fhdBasis":"UndocObsFish","fhdStNm":"North Fork Owyhee River","fhdGenus":"Micropterus","fhdSp":"dolomieu","fhdSubSp":null,"fhdOrig":"NonNative","fhdProd":"Natural","fhdComment":null,"fhdESH":"NA","fhdBasisD":null,"fhdNMF":"no","fhdBasisDt":null,"fhdBasisNm":null,"fhdBasisEnt":null,"fhdBasisPrj":null,"fhdBasisMethod":null,"fhdAccess":null,"fhdBarrierFtrID":null,"fhdEndExtent":null,"Shape__Length":21238.376321066014,"habitatType":"stream"},"id":17},
{"type":"Feature","geometry":{"type":"LineString","coordinates":[[-117.135568,44.261115],[-117.143342,44.256605],[-117.148011,44.25574],[-117.154869,44.256109],[-117.156807,44.257299],[-117.164773,44.258304],[-117.166579,44.258985],[-117.172944,44.259372],[-117.173731,44.261046],[-117.176058,44.262843],[-117.178085,44.263237],[-117.184658,44.267515],[-117.191263,44.270259],[-117.193143,44.27031],[-117.202547,44.277614],[-117.205585,44.279089],[-117.206649,44.282364],[-117.215645,44.288578],[-117.219496,44.290784],[-117.220019,44.292824],[-117.222615,44.296892],[-117.224634,44.304068],[-117.216982,44.308148],[-117.210225,44.310412],[-117.206199,44.311247],[-117.203096,44.31327],[-117.200403,44.31774],[-117.200061,44.320477],[-117.196813,44.323976],[-117.196354,44.326291],[-117.192201,44.328454],[-117.189922,44.333963],[-117.189734,44.337817],[-117.192823,44.340549],[-117.193919,44.344004],[-117.198802,44.348533],[-117.203112,44.35002],[-117.203883,44.352125],[-117.20776,44.355612],[-117.211987,44.358629],[-117.214824,44.359263],[-117.22205,44.364804],[-117.224888,44.365929],[-117.230049,44.369362],[-117.23116,44.370944],[-117.2353,44.374271],[-117.235583,44.377864],[-117.236966,44.379034],[-117.238629,44.383186],[-117.24253,44.388782],[-117.243211,44.395443],[-117.239055,44.398765],[-117.234339,44.39981],[-117.229031,44.404259],[-117.226622,44.404984],[-117.224727,44.408589],[-117.22474,44.41201],[-117.223008,44.41317],[-117.221133,44.417608],[-117.216211,44.423456],[-117.21505,44.426312],[-117.214969,44.431145],[-117.215849,44.433961],[-117.215262,44.438718],[-117.216636,44.44179],[-117.21661,44.443599],[-117.214999,44.44855],[-117.215006,44.450458],[-117.216324,44.453409],[-117.216696,44.457837],[-117.217936,44.460455],[-117.220174,44.462976],[-117.220039,44.465393],[-117.220925,44.468358],[-117.223292,44.473094],[-117.225051,44.474278],[-117.225131,44.481949],[-117.220917,44.484946],[-117.215868,44.486396],[-117.214565,44.487357],[-117.210158,44.487825],[-117.205637,44.490016],[-117.199993,44.492146],[-117.199157,44.49407],[-117.195363,44.498182],[-117.192414,44.50335],[-117.1917,44.505876],[-117.191314,44.510626],[-117.190442,44.513382],[-117.188402,44.514992],[-117.184334,44.52131],[-117.180768,44.523195],[-117.178039,44.522742],[-117.172509,44.524128],[-117.166333,44.524479],[-117.160483,44.526437],[-117.158483,44.528393],[-117.149036,44.535694],[-117.146877,44.538334],[-117.147047,44.542295],[-117.144248,44.546026],[-117.144096,44.549528],[-117.142969,44.556371],[-117.145082,44.559024],[-117.148119,44.561478],[-117.147763,44.565842],[-117.144824,44.569311],[-117.145034,44.570012],[-117.135411,44.573955],[-117.130473,44.579572],[-117.125665,44.582796],[-117.125106,44.593474],[-117.122768,44.598937],[-117.124296,44.604251],[-117.121032,44.607909],[-117.121441,44.611499],[-117.119931,44.61509],[-117.117321,44.619301],[-117.116346,44.622471],[-117.112258,44.624514],[-117.10884,44.626831],[-117.105158,44.630724],[-117.101453,44.636192],[-117.098105,44.64021],[-117.097983,44.647241],[-117.094835,44.651538],[-117.095391,44.653833],[-117.096779,44.654732],[-117.095739,44.664828],[-117.087689,44.670966],[-117.081974,44.67314],[-117.078397,44.679268],[-117.080753,44.68443],[-117.08046,44.686586],[-117.078981,44.688149],[-117.079045,44.691826],[-117.07366,44.696606],[-117.07165,44.699542],[-117.069756,44.700979],[-117.064899,44.702251],[-117.062177,44.705421],[-117.061527,44.707492],[-117.063368,44.710786],[-117.061653,44.714338],[-117.060534,44.720866],[-117.062376,44.72564],[-117.061726,44.727837],[-117.058291,44.730414],[-117.050705,44.73215],[-117.048751,44.734411],[-117.048279,44.737328],[-117.048933,44.739695],[-117.046446,44.743667],[-117.044817,44.744618],[-117.039272,44.746572],[-117.037708,44.74804],[-117.032879,44.749809],[-117.026934,44.751228],[-117.022752,44.75066],[-117.019974,44.751411],[-117.016558,44.753234],[-117.016686,44.75535],[-117.015505,44.756534],[-117.012654,44.757092],[-117.007139,44.755949],[-117.002691,44.75612],[-116.993973,44.757979],[-116.986144,44.761548],[-116.975287,44.769364],[-116.972913,44.773505],[-116.970361,44.774602],[-116.966615,44.774835],[-116.958496,44.776224],[-116.95114,44.776643],[-116.948469,44.777488],[-116.94372,44.781078],[-116.935471,44.783247],[-116.932678,44.78646],[-116.932649,44.788413],[-116.931207,44.791891],[-116.933502,44.796034],[-116.93391,44.798796],[-116.930985,44.806397],[-116.921857,44.812874],[-116.916196,44.818388],[-116.908818,44.828461],[-116.906377,44.832176],[-116.907206,44.833784],[-116.90349,44.835298],[-116.90412,44.837702],[-116.900521,44.839634],[-116.898346,44.842247],[-116.896255,44.847759],[-116.896693,44.849997],[-116.89895,44.851479],[-116.898591,44.854031],[-116.895753,44.855793],[-116.890614,44.855599],[-116.885739,44.857012],[-116.879771,44.861529],[-116.877395,44.86425],[-116.871628,44.867835],[-116.865773,44.870538],[-116.863594,44.873781],[-116.863412,44.875639],[-116.85986,44.878408],[-116.857503,44.881808],[-116.856655,44.884107],[-116.852299,44.889016],[-116.851667,44.893521],[-116.850645,44.894528],[-116.84961,44.90004],[-116.847295,44.903692],[-116.844315,44.907342],[-116.843244,44.909673],[-116.842656,44.914051],[-116.841809,44.915751],[-116.838517,44.919149],[-116.837727,44.924239],[-116.835567,44.927432],[-116.833432,44.929413],[-116.832449,44.931712],[-116.833149,44.935116],[-116.83531,44.939309],[-116.841062,44.944894],[-116.841987,44.94707],[-116.845441,44.949626],[-116.846942,44.952496],[-116.849906,44.955587],[-116.851847,44.960032],[-116.851086,44.962772],[-116.846462,44.965856],[-116.842909,44.966639],[-116.837085,44.969876],[-116.832178,44.97417],[-116.827253,44.9804],[-116.826051,44.982847],[-116.826933,44.984208],[-116.835188,44.98472],[-116.839195,44.983127],[-116.840797,44.981253],[-116.843439,44.976477],[-116.847203,44.972665],[-116.850248,44.972039],[-116.852812,44.972492],[-116.854416,44.973912],[-116.857623,44.976756],[-116.858266,44.978918],[-116.857628,44.983184],[-116.844335,45.002687],[-116.844819,45.007922],[-116.847307,45.011274],[-116.844902,45.013607],[-116.844583,45.01588],[-116.847472,45.020034],[-116.847634,45.023104],[-116.843546,45.026915],[-116.842585,45.029983],[-116.831677,45.034874],[-116.826384,45.037548],[-116.823095,45.04005],[-116.82117,45.042667],[-116.81788,45.045736],[-116.811943,45.049205],[-116.799102,45.057901],[-116.796934,45.059891],[-116.794845,45.064326],[-116.791633,45.067853],[-116.789465,45.071207],[-116.785128,45.074898],[-116.783119,45.078594],[-116.784081,45.081495],[-116.783432,45.093097],[-116.777442,45.101714],[-116.776211,45.104165],[-116.773135,45.10662],[-116.765286,45.109674],[-116.757438,45.112075],[-116.754129,45.114309],[-116.752206,45.119323],[-116.752129,45.123572],[-116.749128,45.125537],[-116.743972,45.126462],[-116.742354,45.130005],[-116.738506,45.132237],[-116.735889,45.134473],[-116.73381,45.138344],[-116.729575,45.141885],[-116.72729,45.156377],[-116.725403,45.158605],[-116.723989,45.161608],[-116.724068,45.166613],[-116.724933,45.170284],[-116.724855,45.173065],[-116.722968,45.176126],[-116.71825,45.182465],[-116.715812,45.18736],[-116.714474,45.192646],[-116.709596,45.200991],[-116.708022,45.20655],[-116.708886,45.213227],[-116.70983,45.215507],[-116.7092,45.22007],[-116.705972,45.224576],[-116.70424,45.22869],[-116.703688,45.232028],[-116.704159,45.235922],[-116.703765,45.238424],[-116.701198,45.242794]]},"properties":{"OBJECTID":18,"fhdFtrID":18,"fhdRefID":53684,"fhdRevDt":"20190327","fhdONm":"Peter Robinson","fhdOEnt":"ODFW","fhdSpNm":"SMbass","fhdRun":"NA","fhdLifeHst":"FluvRes","fhdUseTy":"Unknown","fhdBasis":"UndocObsFish","fhdStNm":"Snake River","fhdGenus":"Micropterus","fhdSp":"dolomieu","fhdSubSp":null,"fhdOrig":"NonNative","fhdProd":"Natural","fhdComment":null,"fhdESH":"NA","fhdBasisD":null,"fhdNMF":"no","fhdBasisDt":null,"fhdBasisNm":null,"fhdBasisEnt":null,"fhdBasisPrj":null,"fhdBasisMethod":null,"fhdAccess":null,"fhdBarrierFtrID":null,"fhdEndExtent":null,"Shape__Length":208470.6309308452,"habitatType":"stream"},"id":18},
{"type":"Feature","geometry":{"type":"LineString","coordinates":[[-116.973785,44.059352],[-116.975636,44.063984],[-116.975708,44.069629],[-116.975182,44.073282],[-116.975971,44.074476],[-116.976257,44.083018],[-116.977201,44.085935],[-116.973627,44.088585],[-116.968317,44.090777],[-116.960521,44.09153],[-116.943992,44.093792],[-116.942155,44.094656],[-116.933641,44.100026],[-116.927932,44.108397],[-116.927326,44.110655],[-116.927319,44.116781],[-116.925265,44.119386],[-116.918083,44.124008],[-116.916064,44.124729],[-116.913433,44.128833],[-116.913164,44.133775],[-116.911543,44.139375],[-116.908389,44.141875],[-116.905761,44.142926],[-116.899033,44.147362],[-116.896492,44.149684],[-116.895047,44.151966],[-116.894722,44.156428],[-116.893795,44.159208],[-116.8949,44.16994],[-116.896854,44.173843],[-116.900855,44.178102],[-116.903102,44.179888],[-116.914634,44.182762],[-116.919649,44.185339],[-116.919631,44.188068],[-116.923176,44.190478],[-116.926575,44.191977],[-116.933752,44.193475],[-116.938054,44.193883],[-116.941733,44.193458],[-116.94838,44.191541],[-116.959519,44.192929],[-116.96324,44.1943],[-116.967036,44.197673],[-116.97205,44.20066],[-116.972726,44.202762],[-116.973597,44.209618],[-116.973228,44.210997],[-116.974864,44.213128],[-116.97466,44.215894],[-116.972482,44.219498],[-116.972325,44.223051],[-116.974105,44.225937],[-116.974013,44.228936],[-116.971977,44.23386],[-116.972459,44.23796],[-116.976374,44.243124],[-116.983737,44.244935],[-116.990426,44.246099],[-116.991196,44.2472],[-116.995577,44.247565],[-117.004622,44.246548],[-117.010094,44.24634],[-117.0158,44.248782],[-117.018511,44.249094],[-117.025077,44.248303],[-117.027438,44.248849],[-117.031759,44.248659],[-117.035065,44.247281],[-117.042308,44.242868],[-117.042989,44.241713],[-117.044861,44.233475],[-117.048301,44.229286],[-117.052301,44.228772],[-117.054705,44.2296],[-117.057362,44.231615],[-117.058569,44.23626],[-117.063562,44.239665],[-117.070387,44.239544],[-117.071795,44.239971],[-117.075171,44.242944],[-117.082646,44.248062],[-117.086536,44.252142],[-117.088454,44.25684],[-117.091267,44.26152],[-117.092981,44.268037],[-117.09469,44.270808],[-117.093446,44.273453],[-117.094425,44.277475],[-117.09531,44.278087],[-117.100686,44.277547],[-117.103975,44.279587],[-117.107478,44.280592],[-117.111606,44.280534],[-117.120416,44.277698],[-117.12587,44.273083],[-117.126794,44.271695],[-117.12688,44.26574],[-117.131248,44.262241],[-117.133669,44.262483],[-117.135568,44.261115]]},"properties":{"OBJECTID":19,"fhdFtrID":19,"fhdRefID":53713,"fhdRevDt":"20190327","fhdONm":"Matthew Neilson","fhdOEnt":"USGS","fhdSpNm":"SMbass","fhdRun":"NA","fhdLifeHst":"FluvRes","fhdUseTy":"Unknown","fhdBasis":"UndocObsFish","fhdStNm":"Snake River","fhdGenus":"Micropterus","fhdSp":"dolomieu","fhdSubSp":null,"fhdOrig":"NonNative","fhdProd":"Natural","fhdComment":null,"fhdESH":"NA","fhdBasisD":null,"fhdNMF":"no","fhdBasisDt":null,"fhdBasisNm":null,"fhdBasisEnt":null,"fhdBasisPrj":null,"fhdBasisMethod":null,"fhdAccess":null,"fhdBarrierFtrID":null,"fhdEndExtent":null,"Shape__Length":67776.12483633177,"habitatType":"stream"},"id":19},
{"type":"Feature","geometry":{"type":"LineString","coordinates":[[-117.95218,45.453294],[-117.957107,45.455625],[-117.953451,45.457036],[-117.951409,45.458912],[-117.94649,45.460762],[-117.940556,45.461459],[-117.938592,45.463287],[-117.937897,45.465481],[-117.93573,45.466606],[-117.935004,45.469042],[-117.929023,45.469498],[-117.928235,45.470798],[-117.931339,45.472878],[-117.929217,45.474463],[-117.92864,45.476521],[-117.92623,45.479615],[-117.926994,45.481393],[-117.930238,45.482771],[-117.928031,45.484032],[-117.929052,45.487857],[-117.933654,45.494353],[-117.934457,45.496751],[-117.931867,45.498013],[-117.928941,45.497552],[-117.925719,45.495149],[-117.924354,45.496103],[-117.924486,45.499478],[-117.926223,45.502518],[-117.924607,45.50469],[-117.924685,45.506852],[-117.92214,45.50903],[-117.923669,45.510879],[-117.926291,45.511264],[-117.928062,45.513788],[-117.927508,45.515066],[-117.923808,45.515571],[-117.920655,45.517562],[-117.918562,45.52104],[-117.918561,45.522856],[-117.92066,45.526489],[-117.918863,45.529205],[-117.917762,45.532453],[-117.91944,45.533896],[-117.923187,45.535405],[-117.922952,45.537188],[-117.926277,45.540969],[-117.928728,45.545029],[-117.928572,45.547218],[-117.926635,45.548799],[-117.924675,45.548623],[-117.923433,45.550203],[-117.919582,45.552474],[-117.916864,45.552819],[-117.912739,45.557093],[-117.911722,45.559123],[-117.908886,45.56209],[-117.911665,45.565037],[-117.911398,45.567336],[-117.913936,45.569718],[-117.914826,45.571628]]},"properties":{"OBJECTID":20,"fhdFtrID":20,"fhdRefID":53713,"fhdRevDt":"20190327","fhdONm":"Matthew Neilson","fhdOEnt":"USGS","fhdSpNm":"SMbass","fhdRun":"NA","fhdLifeHst":"FluvRes","fhdUseTy":"Unknown","fhdBasis":"UndocObsFish","fhdStNm":"Grande Ronde River","fhdGenus":"Micropterus","fhdSp":"dolomieu","fhdSubSp":null,"fhdOrig":"NonNative","fhdProd":"Natural","fhdComment":null,"fhdESH":"NA","fhdBasisD":null,"fhdNMF":"no","fhdBasisDt":null,"fhdBasisNm":null,"fhdBasisEnt":null,"fhdBasisPrj":null,"fhdBasisMethod":null,"fhdAccess":null,"fhdBarrierFtrID":null,"fhdEndExtent":null,"Shape__Length":29773.7633501184,"habitatType":"stream"},"id":20},
{"type":"Feature","geometry":{"type":"LineString","coordinates":[[-119.638223,44.753765],[-119.64094,44.755375],[-119.645618,44.757779],[-119.648458,44.758575],[-119.650174,44.76021],[-119.65336,44.761517],[-119.657586,44.764425],[-119.660896,44.764848],[-119.663782,44.767443],[-119.67182,44.768783],[-119.675677,44.771542],[-119.678618,44.775782],[-119.685933,44.778541],[-119.692764,44.78306],[-119.692041,44.788468],[-119.690447,44.79239],[-119.691179,44.794194],[-119.693629,44.795779],[-119.699067,44.794824],[-119.706963,44.795487],[-119.712672,44.797372],[-119.714884,44.799549],[-119.7146,44.801244],[-119.715981,44.806333],[-119.712378,44.810272],[-119.714367,44.811983],[-119.717202,44.812119],[-119.721015,44.811125],[-119.728315,44.805578],[-119.732383,44.804726],[-119.738635,44.809429],[-119.7382,44.813883],[-119.735422,44.817657],[-119.736834,44.819609],[-119.738526,44.824237],[-119.743676,44.825606],[-119.749854,44.823184],[-119.758364,44.8177],[-119.762711,44.816621],[-119.763844,44.81553],[-119.76698,44.816946],[-119.774008,44.816235],[-119.782629,44.818821],[-119.786997,44.820522],[-119.78716,44.818323],[-119.784857,44.814746],[-119.785837,44.812833],[-119.789643,44.813239],[-119.79015,44.817248],[-119.789655,44.823693],[-119.790756,44.826177],[-119.793839,44.825212],[-119.794787,44.826534],[-119.795248,44.830543],[-119.802955,44.839094],[-119.807503,44.837701],[-119.813777,44.833846],[-119.818016,44.834251],[-119.820914,44.833274],[-119.827002,44.829555],[-119.830285,44.829242],[-119.832919,44.825797],[-119.836148,44.825478],[-119.838793,44.82788],[-119.841143,44.827868],[-119.845042,44.8262],[-119.846536,44.824181],[-119.853985,44.8212],[-119.855454,44.817245],[-119.858842,44.814617],[-119.861577,44.814287],[-119.866819,44.809562],[-119.869739,44.809961],[-119.870449,44.811419],[-119.872963,44.812756],[-119.877727,44.813641],[-119.880145,44.815354],[-119.882384,44.818876],[-119.888347,44.82009],[-119.890298,44.81844],[-119.896156,44.815278],[-119.902007,44.810875],[-119.90364,44.81092],[-119.906691,44.809193],[-119.912377,44.809995],[-119.919164,44.810095],[-119.923001,44.811334],[-119.925574,44.810106],[-119.925536,44.80862],[-119.927577,44.807326],[-119.929557,44.807973],[-119.933525,44.80754],[-119.935612,44.806054],[-119.946844,44.805965],[-119.950703,44.805208],[-119.957715,44.807778],[-119.96461,44.808018],[-119.967227,44.805873],[-119.970147,44.805927],[-119.975676,44.803156],[-119.980929,44.802836],[-119.984387,44.801984],[-119.9905,44.798932],[-120.00115,44.797643],[-120.002284,44.796322],[-120.000447,44.795143],[-120.000106,44.793026],[-120.002528,44.791238],[-120.007631,44.794899],[-120.012129,44.794446],[-120.012532,44.791759],[-120.014707,44.787137],[-120.018553,44.783163],[-120.020671,44.783273],[-120.025744,44.785595],[-120.028538,44.788041],[-120.030201,44.788141],[-120.03597,44.786535],[-120.039536,44.786547],[-120.046921,44.78458],[-120.048716,44.783543],[-120.049464,44.779556],[-120.049003,44.776447],[-120.050658,44.774495],[-120.059913,44.775949],[-120.061592,44.775746],[-120.066588,44.771337],[-120.06936,44.771194],[-120.072116,44.772938],[-120.073764,44.772115],[-120.073771,44.767876],[-120.076903,44.765298],[-120.086542,44.766793],[-120.089098,44.766743],[-120.091922,44.763984],[-120.09062,44.762301],[-120.090904,44.760453],[-120.09646,44.756535],[-120.097235,44.752531],[-120.100735,44.750002],[-120.105845,44.748129],[-120.108821,44.745841],[-120.112273,44.741123],[-120.117826,44.737726],[-120.12435,44.736879],[-120.128796,44.737314],[-120.131944,44.736504],[-120.131231,44.734107],[-120.124762,44.733352],[-120.124844,44.730654],[-120.129545,44.728288],[-120.132298,44.728629],[-120.134297,44.730352],[-120.14128,44.733904],[-120.144119,44.734783],[-120.149804,44.735471],[-120.155114,44.735357],[-120.159991,44.736658],[-120.164339,44.736555],[-120.168008,44.73824],[-120.175764,44.740106],[-120.182475,44.740787],[-120.186522,44.741753],[-120.189339,44.744391],[-120.189723,44.748937],[-120.192539,44.751298],[-120.201345,44.753348],[-120.203239,44.753342],[-120.207656,44.751932],[-120.210712,44.751635],[-120.215786,44.755649],[-120.221903,44.752175],[-120.22445,44.75127],[-120.230207,44.750489],[-120.234857,44.751545],[-120.242369,44.751153],[-120.247694,44.750223],[-120.250271,44.747815],[-120.252941,44.748229],[-120.258679,44.743965],[-120.263984,44.740716],[-120.264779,44.73833],[-120.266903,44.737547],[-120.269496,44.737932],[-120.269841,44.739479],[-120.271887,44.741147],[-120.27595,44.741615],[-120.27965,44.743272],[-120.281745,44.741819],[-120.282162,44.739061],[-120.284486,44.738316],[-120.291389,44.737303],[-120.296446,44.735247],[-120.305133,44.735972],[-120.315621,44.739862],[-120.317283,44.739445],[-120.326125,44.739061],[-120.328803,44.739417],[-120.334644,44.738478],[-120.337692,44.741357],[-120.340841,44.742997],[-120.347144,44.74271],[-120.348729,44.743637],[-120.351831,44.743762],[-120.355594,44.742636],[-120.356593,44.740689],[-120.359933,44.741439],[-120.360481,44.743534],[-120.36568,44.747596],[-120.369752,44.748823],[-120.373047,44.75052],[-120.382353,44.752734],[-120.382497,44.754462],[-120.376448,44.760887],[-120.380404,44.76225],[-120.384924,44.761166],[-120.387141,44.761567],[-120.388132,44.763235],[-120.387466,44.767891],[-120.387796,44.769872],[-120.389681,44.771644],[-120.39306,44.773313],[-120.398617,44.776979],[-120.399262,44.778773],[-120.397998,44.780736],[-120.394839,44.782671],[-120.394682,44.786044],[-120.397384,44.78842],[-120.400757,44.789957],[-120.404699,44.792701],[-120.40469,44.794725],[-120.39924,44.79984],[-120.398306,44.802363],[-120.396772,44.803778],[-120.394123,44.802718],[-120.393187,44.797019],[-120.391001,44.795789],[-120.385076,44.796412],[-120.385891,44.79848],[-120.38139,44.800727],[-120.378959,44.805075],[-120.380828,44.807358],[-120.384827,44.807047],[-120.386049,44.810991],[-120.383544,44.811906],[-120.377811,44.81204],[-120.377076,44.814831],[-120.380725,44.817943],[-120.379067,44.819363],[-120.374536,44.819799],[-120.371401,44.821182],[-120.372374,44.823096],[-120.380246,44.826845],[-120.389546,44.829658],[-120.3971,44.829337],[-120.400814,44.830337],[-120.40509,44.834002],[-120.404771,44.838478],[-120.405302,44.839301],[-120.409966,44.840322],[-120.410703,44.845851],[-120.411766,44.847546],[-120.41225,44.851989],[-120.41787,44.85368],[-120.424162,44.853418],[-120.428488,44.853973],[-120.433669,44.857034],[-120.435705,44.861592],[-120.439306,44.863506],[-120.443779,44.863682],[-120.445484,44.863089],[-120.452649,44.864422],[-120.455364,44.866188],[-120.454262,44.868936],[-120.454417,44.872561],[-120.45643,44.873812],[-120.459562,44.874343],[-120.460402,44.876446],[-120.458776,44.881229],[-120.454434,44.883242],[-120.443255,44.885481],[-120.438718,44.887741],[-120.436095,44.893451],[-120.438055,44.897877],[-120.442747,44.90283],[-120.448984,44.907284],[-120.451138,44.909571],[-120.453399,44.908709],[-120.45454,44.903817],[-120.456361,44.902237],[-120.459101,44.902198],[-120.46327,44.905965],[-120.46689,44.907401],[-120.473513,44.907981],[-120.474193,44.909676],[-120.468699,44.913555],[-120.471287,44.917202],[-120.471451,44.919538],[-120.469962,44.922248],[-120.472073,44.926669],[-120.475965,44.928867],[-120.476879,44.932295],[-120.474888,44.935],[-120.474673,44.937281],[-120.477688,44.941679],[-120.47874,44.944454],[-120.480564,44.945496],[-120.47987,44.94808],[-120.48772,44.95049],[-120.488949,44.951471],[-120.487035,44.953688],[-120.486226,44.956036],[-120.484581,44.957166],[-120.485773,44.960375],[-120.485883,44.962898],[-120.481659,44.965071],[-120.479434,44.965182],[-120.476631,44.967388],[-120.476718,44.970882],[-120.478187,44.9724],[-120.480822,44.973047],[-120.483542,44.972673],[-120.484463,44.974197],[-120.481676,44.977895],[-120.477998,44.979767],[-120.477188,44.982016],[-120.479633,44.984939],[-120.478653,44.988131],[-120.480006,44.989612],[-120.4825,44.996313],[-120.482277,44.997822],[-120.483893,45.000314],[-120.487853,45.002101],[-120.486148,45.006572],[-120.483977,45.008459],[-120.481758,45.008943],[-120.48156,45.011949],[-120.478958,45.01766],[-120.481234,45.021367],[-120.488818,45.026668],[-120.489114,45.029163],[-120.481046,45.037805],[-120.481209,45.039132],[-120.488191,45.043134],[-120.489679,45.046759],[-120.48767,45.049924],[-120.483247,45.053513],[-120.483103,45.056788],[-120.486988,45.057741],[-120.489304,45.059347],[-120.490422,45.063186],[-120.495375,45.063485],[-120.49507,45.067703],[-120.495521,45.07067],[-120.494728,45.074532],[-120.496549,45.076731],[-120.502031,45.081465],[-120.50462,45.085668],[-120.507522,45.086717],[-120.512203,45.09108],[-120.514584,45.095096],[-120.509606,45.101697],[-120.508118,45.10264],[-120.503921,45.102572],[-120.500263,45.104329],[-120.494665,45.105802],[-120.49142,45.105891],[-120.487894,45.104313],[-120.485369,45.10427],[-120.482559,45.105472],[-120.477714,45.111474],[-120.471377,45.108931],[-120.469393,45.107297],[-120.467919,45.101944],[-120.465022,45.100151],[-120.462784,45.100799],[-120.463785,45.104819],[-120.461315,45.108351],[-120.460511,45.112493],[-120.461147,45.115696],[-120.458592,45.118773],[-120.458608,45.120907],[-120.463582,45.126293],[-120.465289,45.130242],[-120.461247,45.137066],[-120.458776,45.138711],[-120.453041,45.13936],[-120.450732,45.140232],[-120.448764,45.142294],[-120.449943,45.144132],[-120.453772,45.145672],[-120.457104,45.145398],[-120.462227,45.144212],[-120.46542,45.14454],[-120.46763,45.147145],[-120.47398,45.150281],[-120.476757,45.153022],[-120.47631,45.156615],[-120.471536,45.159896],[-120.469421,45.161893],[-120.469423,45.164762],[-120.473882,45.166373],[-120.476969,45.168281],[-120.482739,45.169809],[-120.483322,45.172091],[-120.477903,45.173052],[-120.475678,45.174139],[-120.473392,45.176597],[-120.474301,45.179399],[-120.479652,45.180111],[-120.485934,45.179604],[-120.48806,45.181676],[-120.487411,45.183563],[-120.483294,45.186181],[-120.481636,45.187855],[-120.481072,45.191217],[-120.482004,45.193372],[-120.489113,45.197116],[-120.494435,45.197371],[-120.49856,45.195543],[-120.505807,45.195755],[-120.51267,45.198714],[-120.516316,45.199199],[-120.521449,45.202415],[-120.52133,45.205212],[-120.524497,45.204347],[-120.529066,45.204705],[-120.531975,45.206263],[-120.53264,45.21041],[-120.536589,45.211009],[-120.541517,45.210034],[-120.5432,45.2123],[-120.541087,45.216424],[-120.536881,45.217569],[-120.533482,45.216586],[-120.527941,45.216491],[-120.524773,45.219041],[-120.524127,45.221701],[-120.526702,45.224055],[-120.530924,45.224385],[-120.533991,45.223267],[-120.538843,45.220087],[-120.542087,45.220269],[-120.545338,45.223155],[-120.545205,45.225157],[-120.54195,45.231996],[-120.543369,45.235347],[-120.546722,45.237339],[-120.551379,45.241947],[-120.550835,45.244042],[-120.553163,45.247602],[-120.55615,45.250097],[-120.555606,45.252137],[-120.553121,45.253114],[-120.543026,45.253935],[-120.540518,45.253386],[-120.536379,45.254696],[-120.534234,45.256489],[-120.53407,45.259561],[-120.536748,45.262134],[-120.539831,45.262387],[-120.542511,45.261553],[-120.545889,45.261976],[-120.547442,45.263282],[-120.546043,45.268273],[-120.541707,45.272633],[-120.540533,45.275474],[-120.540944,45.277536],[-120.542691,45.279489],[-120.547934,45.281058],[-120.552891,45.279655],[-120.555564,45.280653],[-120.555509,45.282003],[-120.552929,45.283352],[-120.545043,45.284343],[-120.5431,45.285846],[-120.542758,45.28759],[-120.548186,45.298237],[-120.545511,45.302696],[-120.542681,45.304522],[-120.540839,45.304538],[-120.538392,45.302727],[-120.538145,45.299003],[-120.536833,45.296375],[-120.533795,45.294905],[-120.529101,45.295589],[-120.526146,45.297469],[-120.524311,45.300046],[-120.525108,45.304572],[-120.526047,45.305916],[-120.532225,45.30905],[-120.538909,45.309825],[-120.541023,45.31175],[-120.540508,45.314789],[-120.538735,45.315814],[-120.529048,45.317857],[-120.527702,45.318773],[-120.528191,45.320758],[-120.527791,45.32553],[-120.530845,45.328427],[-120.540394,45.32804],[-120.540252,45.33047],[-120.532927,45.331362],[-120.531006,45.332672],[-120.531478,45.33587],[-120.530488,45.339303],[-120.532516,45.343291],[-120.536116,45.344504],[-120.539359,45.34479],[-120.543777,45.346053],[-120.542741,45.348362],[-120.540049,45.350204],[-120.536392,45.351503],[-120.533653,45.3534],[-120.533611,45.358978],[-120.531149,45.363677],[-120.531965,45.366014],[-120.534586,45.368225],[-120.534951,45.369575],[-120.532818,45.371082],[-120.525386,45.372116],[-120.523681,45.373372],[-120.524057,45.376874],[-120.521878,45.377762],[-120.516899,45.375873],[-120.514572,45.375894],[-120.512967,45.377325],[-120.512732,45.379239],[-120.514949,45.381121],[-120.520108,45.381886],[-120.523268,45.381843],[-120.528187,45.380704],[-120.531215,45.380666],[-120.53267,45.381616],[-120.532046,45.383519],[-120.52788,45.386594],[-120.525693,45.386917],[-120.522796,45.389077],[-120.520334,45.391983],[-120.519007,45.395981],[-120.52061,45.397122],[-120.525171,45.398759],[-120.528844,45.400701],[-120.526997,45.404447],[-120.523882,45.405504],[-120.520526,45.405366],[-120.515084,45.404327],[-120.508979,45.405246],[-120.506454,45.407778],[-120.502995,45.417172],[-120.499901,45.419006],[-120.49441,45.418164],[-120.490919,45.416937],[-120.486146,45.417894],[-120.4835,45.419645],[-120.483354,45.422069],[-120.487259,45.425714],[-120.491046,45.427693],[-120.497067,45.428189],[-120.50285,45.427867],[-120.50595,45.428143],[-120.506477,45.430989],[-120.50558,45.432031],[-120.500291,45.43393],[-120.487063,45.434303],[-120.4838,45.435352],[-120.483016,45.43821],[-120.484888,45.441116],[-120.490039,45.442951],[-120.495852,45.443837],[-120.49676,45.447616],[-120.494597,45.451291],[-120.488724,45.453943],[-120.484594,45.454822],[-120.481829,45.456304],[-120.482361,45.45904],[-120.483687,45.460312],[-120.49071,45.462268],[-120.492848,45.464724],[-120.49289,45.467488],[-120.491495,45.468481],[-120.484598,45.470201],[-120.481162,45.472116],[-120.478153,45.472556],[-120.473283,45.475711],[-120.466751,45.477989],[-120.462651,45.478434],[-120.456922,45.482959],[-120.454887,45.485225],[-120.450271,45.485313],[-120.446318,45.483344],[-120.442592,45.480355],[-120.438483,45.47521],[-120.434071,45.472989],[-120.43054,45.472374],[-120.422918,45.469247],[-120.421087,45.467865],[-120.41641,45.468418],[-120.411428,45.469892],[-120.407163,45.471767],[-120.406422,45.473236],[-120.407933,45.475145],[-120.409451,45.478902],[-120.411351,45.481793],[-120.414298,45.482617],[-120.420753,45.482722],[-120.422679,45.48315],[-120.424277,45.485059],[-120.423651,45.49181],[-120.426574,45.493878],[-120.427494,45.497487],[-120.423748,45.499949],[-120.421868,45.50019],[-120.40473,45.497257],[-120.400597,45.496872],[-120.387114,45.496674],[-120.383591,45.494862],[-120.378407,45.492946],[-120.376309,45.493005],[-120.367759,45.495112],[-120.36528,45.496786],[-120.360094,45.506887],[-120.36054,45.509459],[-120.367028,45.515258],[-120.374207,45.51809],[-120.377855,45.518175],[-120.380069,45.520095],[-120.38058,45.523776],[-120.37787,45.526478],[-120.373494,45.529926],[-120.368619,45.53142],[-120.359528,45.530321],[-120.35782,45.531463],[-120.35815,45.534243],[-120.360437,45.53563],[-120.368328,45.537535],[-120.377483,45.537539],[-120.381751,45.538743],[-120.384597,45.541536],[-120.386137,45.546735],[-120.390778,45.549864],[-120.392588,45.551707],[-120.402304,45.554403],[-120.404224,45.555232],[-120.407049,45.557783],[-120.40768,45.559758],[-120.407131,45.563109],[-120.40485,45.565669],[-120.402882,45.566732],[-120.402669,45.569941],[-120.404953,45.574608],[-120.405374,45.576731],[-120.408549,45.581898],[-120.409142,45.583659],[-120.408998,45.589061],[-120.410268,45.59482],[-120.411713,45.59607],[-120.416064,45.597031],[-120.422016,45.597608],[-120.428149,45.597307],[-120.432703,45.598443],[-120.438907,45.60237],[-120.444259,45.60746],[-120.446634,45.614266],[-120.444626,45.618012],[-120.438311,45.622854],[-120.440552,45.626119],[-120.444234,45.627034],[-120.449604,45.62659],[-120.452175,45.625865],[-120.457476,45.62202],[-120.464736,45.619677],[-120.467963,45.619325],[-120.470114,45.622363],[-120.469928,45.624853],[-120.472709,45.626376],[-120.477784,45.628091],[-120.477848,45.630675],[-120.479319,45.633054],[-120.483972,45.634648],[-120.486272,45.63615],[-120.486211,45.637664],[-120.48253,45.639404],[-120.478769,45.6398],[-120.478356,45.642027],[-120.479492,45.644862],[-120.486287,45.644975],[-120.489601,45.643317],[-120.492338,45.6441],[-120.491534,45.645428],[-120.492241,45.648921],[-120.489366,45.651988],[-120.488908,45.655257],[-120.493867,45.656154],[-120.497143,45.655489],[-120.499819,45.656282],[-120.506395,45.661519],[-120.508121,45.66395],[-120.512601,45.666036],[-120.515441,45.666037],[-120.518576,45.667174],[-120.522276,45.667658],[-120.530158,45.671944],[-120.5354,45.67223],[-120.540407,45.671332],[-120.5464,45.66909],[-120.548622,45.669935],[-120.551343,45.672996],[-120.551843,45.676709],[-120.55275,45.677883],[-120.556286,45.679457],[-120.558094,45.681333],[-120.56681,45.686154],[-120.56728,45.691035],[-120.568524,45.69302],[-120.574034,45.695921],[-120.576594,45.698269],[-120.587193,45.701552],[-120.593619,45.701562],[-120.60133,45.702371],[-120.602849,45.703139],[-120.603015,45.706737],[-120.603878,45.708305],[-120.604593,45.712819],[-120.606536,45.714792],[-120.610185,45.71614],[-120.616351,45.720525],[-120.620886,45.722037],[-120.62524,45.722287],[-120.632125,45.720636],[-120.636376,45.721587],[-120.638797,45.720815],[-120.644057,45.72237],[-120.646592,45.724531],[-120.646575,45.726095],[-120.64918,45.730593],[-120.649194,45.732546],[-120.654188,45.736145]]},"properties":{"OBJECTID":21,"fhdFtrID":21,"fhdRefID":53585,"fhdRevDt":"20190327","fhdONm":"Wayne Wood","fhdOEnt":"OSU","fhdSpNm":"SMbass","fhdRun":"NA","fhdLifeHst":"FluvRes","fhdUseTy":"Unknown","fhdBasis":"DocObsFish","fhdStNm":"John Day River","fhdGenus":"Micropterus","fhdSp":"dolomieu","fhdSubSp":null,"fhdOrig":"NonNative","fhdProd":"Natural","fhdComment":null,"fhdESH":"NA","fhdBasisD":null,"fhdNMF":"no","fhdBasisDt":"20030000","fhdBasisNm":null,"fhdBasisEnt":"Oregon State University","fhdBasisPrj":null,"fhdBasisMethod":null,"fhdAccess":null,"fhdBarrierFtrID":null,"fhdEndExtent":null,"Shape__Length":421480.862182949,"habitatType":"stream"},"id":21},
{"type":"Feature","geometry":{"type":"LineString","coordinates":[[-119.283783,44.966586],[-119.283127,44.964276],[-119.286682,44.961935],[-119.289742,44.961337],[-119.293674,44.963631],[-119.296502,44.962589],[-119.297113,44.960269],[-119.292262,44.956856],[-119.292038,44.95605],[-119.294272,44.951755],[-119.291579,44.949957],[-119.291214,44.947947],[-119.293644,44.946243],[-119.292432,44.943698],[-119.290586,44.937637],[-119.292137,44.935392],[-119.291906,44.932523],[-119.289497,44.929769],[-119.290804,44.925501],[-119.29326,44.922654],[-119.297221,44.920164],[-119.297276,44.916358],[-119.299855,44.915875],[-119.302202,44.917192],[-119.303931,44.919249],[-119.305645,44.919222],[-119.307351,44.917466],[-119.307799,44.912864],[-119.309374,44.911454],[-119.313396,44.911273],[-119.31694,44.914345],[-119.317434,44.915606],[-119.321133,44.919506],[-119.323488,44.920718],[-119.32664,44.920224],[-119.329299,44.920849],[-119.333299,44.920708],[-119.340734,44.917303],[-119.345591,44.918728],[-119.347183,44.920532],[-119.350889,44.920893],[-119.353198,44.920398],[-119.35775,44.917006],[-119.365286,44.918599],[-119.371111,44.921432],[-119.374831,44.920333],[-119.373962,44.916686],[-119.375708,44.911233],[-119.373443,44.908513],[-119.374835,44.905529],[-119.379369,44.90214],[-119.37969,44.898218],[-119.383015,44.897152],[-119.388596,44.898436],[-119.390306,44.897221],[-119.390048,44.891028],[-119.391531,44.88975],[-119.3962,44.889308],[-119.399316,44.891333],[-119.400293,44.89548],[-119.401713,44.895853],[-119.404871,44.892717],[-119.405174,44.885456],[-119.409761,44.883791],[-119.409244,44.88167],[-119.399939,44.882293],[-119.397811,44.879851],[-119.403552,44.874335],[-119.401584,44.870544],[-119.402814,44.868476],[-119.406809,44.865928],[-119.40503,44.863406],[-119.405191,44.861421],[-119.40946,44.85872],[-119.410389,44.854158],[-119.414903,44.847495],[-119.415088,44.845124],[-119.413876,44.843249],[-119.412625,44.837107],[-119.410616,44.832182],[-119.409281,44.83106],[-119.405639,44.831078],[-119.404514,44.82964],[-119.404269,44.825581],[-119.405735,44.82398],[-119.40898,44.823454],[-119.415979,44.821546],[-119.41712,44.82029],[-119.415648,44.818354],[-119.416073,44.817043],[-119.420281,44.814663],[-119.423618,44.814284],[-119.42922,44.815782],[-119.434615,44.813226],[-119.43856,44.813188],[-119.446224,44.818746],[-119.448408,44.818409],[-119.449963,44.816567],[-119.452745,44.815762],[-119.457641,44.818017],[-119.461665,44.816876],[-119.46265,44.814451],[-119.465617,44.814297],[-119.468715,44.813287],[-119.474771,44.812369],[-119.481565,44.809766],[-119.491267,44.809904],[-119.495522,44.811141],[-119.497774,44.810267],[-119.50112,44.80694],[-119.50339,44.805848],[-119.506938,44.803013],[-119.511242,44.802713],[-119.511851,44.805162],[-119.513414,44.806397],[-119.516466,44.80668],[-119.525491,44.802958],[-119.528388,44.799534],[-119.52973,44.795525],[-119.532897,44.794568],[-119.534766,44.79503],[-119.536479,44.798728],[-119.540792,44.798264],[-119.543526,44.79951],[-119.54583,44.799351],[-119.548966,44.796651],[-119.555688,44.794149],[-119.556487,44.79269],[-119.559811,44.792277],[-119.563129,44.787489],[-119.565888,44.788922],[-119.567113,44.79193],[-119.571655,44.791445],[-119.580935,44.786512],[-119.591089,44.78668],[-119.597235,44.789213],[-119.603139,44.783966],[-119.609239,44.783304],[-119.610186,44.779823],[-119.612959,44.780391],[-119.616613,44.784632],[-119.621546,44.781322],[-119.621111,44.777094],[-119.623058,44.776314],[-119.62663,44.777473],[-119.630552,44.775261],[-119.632484,44.773115],[-119.635971,44.770674],[-119.636403,44.76912],[-119.634638,44.766301],[-119.634355,44.761957],[-119.638601,44.75606],[-119.64094,44.755375]]},"properties":{"OBJECTID":22,"fhdFtrID":22,"fhdRefID":53585,"fhdRevDt":"20190327","fhdONm":"Wayne Wood","fhdOEnt":"OSU","fhdSpNm":"SMbass","fhdRun":"NA","fhdLifeHst":"FluvRes","fhdUseTy":"Unknown","fhdBasis":"DocObsFish","fhdStNm":"North Fork John Day River","fhdGenus":"Micropterus","fhdSp":"dolomieu","fhdSubSp":null,"fhdOrig":"NonNative","fhdProd":"Natural","fhdComment":null,"fhdESH":"NA","fhdBasisD":null,"fhdNMF":"no","fhdBasisDt":"19970000","fhdBasisNm":null,"fhdBasisEnt":"Oregon State University","fhdBasisPrj":null,"fhdBasisMethod":null,"fhdAccess":null,"fhdBarrierFtrID":null,"fhdEndExtent":null,"Shape__Length":84369.73462368525,"habitatType":"stream"},"id":22},
{"type":"Feature","geometry":{"type":"LineString","coordinates":[[-119.600682,44.500457],[-119.601793,44.504393],[-119.603067,44.505862],[-119.605967,44.5053],[-119.60847,44.505753],[-119.609778,44.507925],[-119.614199,44.509785],[-119.617149,44.509683],[-119.620317,44.51102],[-119.62265,44.511143],[-119.624359,44.514471],[-119.626047,44.515592],[-119.625943,44.520739],[-119.62929,44.525599],[-119.633772,44.528488],[-119.635792,44.534705],[-119.637288,44.536937],[-119.640257,44.538483],[-119.64252,44.541817],[-119.642833,44.544257],[-119.641395,44.547591],[-119.639561,44.549914],[-119.642176,44.551071],[-119.642083,44.554012],[-119.64117,44.55674],[-119.644216,44.559611],[-119.646544,44.560517],[-119.648422,44.563327],[-119.646327,44.566263],[-119.646223,44.570685],[-119.64734,44.573612],[-119.644328,44.577358],[-119.644718,44.579773],[-119.640323,44.583911],[-119.64161,44.587163],[-119.640673,44.590295],[-119.633078,44.594203],[-119.633281,44.600502],[-119.63529,44.603019],[-119.634086,44.607494],[-119.634336,44.609716],[-119.637638,44.612108],[-119.63724,44.614419],[-119.639404,44.617872],[-119.638032,44.620357],[-119.63947,44.623613],[-119.640186,44.627578],[-119.64422,44.629776],[-119.64257,44.630835],[-119.640048,44.629977],[-119.637332,44.631815],[-119.639365,44.634602],[-119.642712,44.63362],[-119.644311,44.6341],[-119.647741,44.639548],[-119.648908,44.640311],[-119.64945,44.644027],[-119.650548,44.645329],[-119.650072,44.649651],[-119.651003,44.651893],[-119.649517,44.656657],[-119.646792,44.659952],[-119.646968,44.661497],[-119.650439,44.663651],[-119.65249,44.667466],[-119.655011,44.668377],[-119.653917,44.672261],[-119.650085,44.673067],[-119.647783,44.674916],[-119.648402,44.676663],[-119.651926,44.677901],[-119.652623,44.68289],[-119.651941,44.684221],[-119.649388,44.684497],[-119.647542,44.686306],[-119.648687,44.688122],[-119.648724,44.691418],[-119.65002,44.695858],[-119.646741,44.69822],[-119.647231,44.700881],[-119.646968,44.704789],[-119.645691,44.708532],[-119.646753,44.711777],[-119.646643,44.71434],[-119.64347,44.716164],[-119.642431,44.717754],[-119.647269,44.722514],[-119.646936,44.726961],[-119.644256,44.72942],[-119.644172,44.730876],[-119.646215,44.732233],[-119.647397,44.735373],[-119.644142,44.736628],[-119.64079,44.739554],[-119.64265,44.741445],[-119.642552,44.743144],[-119.644812,44.744695],[-119.645002,44.748617],[-119.640242,44.748342],[-119.637779,44.749647],[-119.637107,44.752085],[-119.638223,44.753765]]},"properties":{"OBJECTID":23,"fhdFtrID":23,"fhdRefID":53713,"fhdRevDt":"20190327","fhdONm":"Matthew Neilson","fhdOEnt":"USGS","fhdSpNm":"SMbass","fhdRun":"NA","fhdLifeHst":"FluvRes","fhdUseTy":"Unknown","fhdBasis":"UndocObsFish","fhdStNm":"John Day River","fhdGenus":"Micropterus","fhdSp":"dolomieu","fhdSubSp":null,"fhdOrig":"NonNative","fhdProd":"Natural","fhdComment":null,"fhdESH":"NA","fhdBasisD":null,"fhdNMF":"no","fhdBasisDt":"19990000","fhdBasisNm":null,"fhdBasisEnt":null,"fhdBasisPrj":null,"fhdBasisMethod":null,"fhdAccess":null,"fhdBarrierFtrID":null,"fhdEndExtent":null,"Shape__Length":50903.8777253418,"habitatType":"stream"},"id":23},
{"type":"Feature","geometry":{"type":"LineString","coordinates":[[-119.41545,44.753298],[-119.415076,44.75571],[-119.412858,44.75673],[-119.412164,44.759144],[-119.413287,44.76238],[-119.408204,44.764272],[-119.408711,44.766609],[-119.406007,44.770042],[-119.406259,44.773712],[-119.405327,44.775533],[-119.405788,44.777491],[-119.404407,44.781457],[-119.403336,44.782164],[-119.404182,44.785071],[-119.403385,44.791741],[-119.40511,44.79291],[-119.403637,44.795433],[-119.405816,44.798495],[-119.411454,44.802155],[-119.41187,44.8034],[-119.414697,44.805024],[-119.41955,44.81107],[-119.419264,44.813576],[-119.420281,44.814663]]},"properties":{"OBJECTID":24,"fhdFtrID":24,"fhdRefID":53585,"fhdRevDt":"20190327","fhdONm":"Wayne Wood","fhdOEnt":"OSU","fhdSpNm":"SMbass","fhdRun":"NA","fhdLifeHst":"FluvRes","fhdUseTy":"Unknown","fhdBasis":"DocObsFish","fhdStNm":"Cottonwood Creek","fhdGenus":"Micropterus","fhdSp":"dolomieu","fhdSubSp":null,"fhdOrig":"NonNative","fhdProd":"Natural","fhdComment":null,"fhdESH":"NA","fhdBasisD":null,"fhdNMF":"no","fhdBasisDt":"20000000","fhdBasisNm":null,"fhdBasisEnt":"Oregon State University","fhdBasisPrj":null,"fhdBasisMethod":null,"fhdAccess":null,"fhdBarrierFtrID":null,"fhdEndExtent":null,"Shape__Length":11650.924079250271,"habitatType":"stream"},"id":24},
{"type":"Feature","geometry":{"type":"LineString","coordinates":[[-118.946699,44.045251],[-118.946448,44.043682],[-118.948433,44.042875],[-118.947215,44.04051],[-118.94907,44.035906],[-118.947031,44.030661],[-118.944118,44.029481],[-118.943144,44.027528],[-118.945585,44.025728],[-118.941106,44.023682],[-118.93614,44.020445],[-118.937372,44.019133],[-118.934513,44.016626],[-118.934331,44.014628],[-118.931305,44.012856],[-118.932172,44.00963],[-118.929648,44.008307],[-118.930196,44.006057],[-118.928348,44.005179],[-118.928744,44.003506],[-118.93142,44.001361],[-118.930439,44.000307]]},"properties":{"OBJECTID":25,"fhdFtrID":25,"fhdRefID":53585,"fhdRevDt":"20190327","fhdONm":"Wayne Wood","fhdOEnt":"OSU","fhdSpNm":"SMbass","fhdRun":"NA","fhdLifeHst":"FluvRes","fhdUseTy":"Unknown","fhdBasis":"DocObsFish","fhdStNm":"Silvies River","fhdGenus":"Micropterus","fhdSp":"dolomieu","fhdSubSp":null,"fhdOrig":"NonNative","fhdProd":"Natural","fhdComment":null,"fhdESH":"NA","fhdBasisD":null,"fhdNMF":"no","fhdBasisDt":"19990000","fhdBasisNm":null,"fhdBasisEnt":"Oregon State University","fhdBasisPrj":null,"fhdBasisMethod":null,"fhdAccess":null,"fhdBarrierFtrID":null,"fhdEndExtent":null,"Shape__Length":14859.407107623094,"habitatType":"stream"},"id":25},
{"type":"Feature","geometry":{"type":"LineString","coordinates":[[-119.068998,43.858905],[-119.070705,43.858604],[-119.079949,43.851764],[-119.079203,43.849644],[-119.083026,43.846873],[-119.086266,43.849894],[-119.090289,43.849658],[-119.09169,43.850226],[-119.096213,43.84936],[-119.098253,43.851132],[-119.100262,43.850933],[-119.101911,43.849012],[-119.104239,43.848348],[-119.106317,43.851173],[-119.105626,43.854859],[-119.11041,43.857175],[-119.1139,43.858204]]},"properties":{"OBJECTID":26,"fhdFtrID":26,"fhdRefID":53585,"fhdRevDt":"20190327","fhdONm":"Wayne Wood","fhdOEnt":"OSU","fhdSpNm":"SMbass","fhdRun":"NA","fhdLifeHst":"FluvRes","fhdUseTy":"Unknown","fhdBasis":"DocObsFish","fhdStNm":"Silvies River","fhdGenus":"Micropterus","fhdSp":"dolomieu","fhdSubSp":null,"fhdOrig":"NonNative","fhdProd":"Natural","fhdComment":null,"fhdESH":"NA","fhdBasisD":null,"fhdNMF":"no","fhdBasisDt":"19790000","fhdBasisNm":null,"fhdBasisEnt":"Oregon State University","fhdBasisPrj":null,"fhdBasisMethod":null,"fhdAccess":null,"fhdBarrierFtrID":null,"fhdEndExtent":null,"Shape__Length":8160.007626016748,"habitatType":"stream"},"id":26},
{"type":"Feature","geometry":{"type":"LineString","coordinates":[[-118.977432,44.136574],[-118.983822,44.133348],[-118.984742,44.132202],[-118.985698,44.128049],[-118.98869,44.126853],[-118.987383,44.122829],[-118.989803,44.120937],[-118.991482,44.116937],[-118.993668,44.117065],[-118.997169,44.114731]]},"properties":{"OBJECTID":27,"fhdFtrID":27,"fhdRefID":53585,"fhdRevDt":"20190327","fhdONm":"Wayne Wood","fhdOEnt":"OSU","fhdSpNm":"SMbass","fhdRun":"NA","fhdLifeHst":"FluvRes","fhdUseTy":"Unknown","fhdBasis":"DocObsFish","fhdStNm":"Shirttail Creek","fhdGenus":"Micropterus","fhdSp":"dolomieu","fhdSubSp":null,"fhdOrig":"NonNative","fhdProd":"Natural","fhdComment":null,"fhdESH":"NA","fhdBasisD":null,"fhdNMF":"no","fhdBasisDt":"19790000","fhdBasisNm":null,"fhdBasisEnt":"Oregon State University","fhdBasisPrj":null,"fhdBasisMethod":null,"fhdAccess":null,"fhdBarrierFtrID":null,"fhdEndExtent":null,"Shape__Length":5367.513138489826,"habitatType":"stream"},"id":27},
{"type":"Feature","geometry":{"type":"LineString","coordinates":[[-118.401376,43.807165],[-118.397499,43.807909],[-118.394999,43.80948],[-118.395009,43.811478],[-118.389973,43.814673],[-118.386325,43.813421],[-118.383569,43.81521],[-118.378224,43.813113],[-118.369001,43.807822],[-118.365995,43.808479],[-118.364536,43.80666],[-118.361425,43.805968],[-118.36018,43.807009],[-118.356034,43.805086],[-118.35384,43.802087],[-118.352841,43.799101],[-118.345793,43.795835],[-118.344218,43.793773],[-118.338676,43.791056],[-118.337999,43.789146],[-118.335952,43.789305],[-118.334006,43.786478]]},"properties":{"OBJECTID":28,"fhdFtrID":28,"fhdRefID":53585,"fhdRevDt":"20190327","fhdONm":"Wayne Wood","fhdOEnt":"OSU","fhdSpNm":"SMbass","fhdRun":"NA","fhdLifeHst":"FluvRes","fhdUseTy":"Unknown","fhdBasis":"DocObsFish","fhdStNm":"Malheur River","fhdGenus":"Micropterus","fhdSp":"dolomieu","fhdSubSp":null,"fhdOrig":"NonNative","fhdProd":"Natural","fhdComment":null,"fhdESH":"NA","fhdBasisD":null,"fhdNMF":"no","fhdBasisDt":"19970000","fhdBasisNm":null,"fhdBasisEnt":"Oregon State University","fhdBasisPrj":null,"fhdBasisMethod":null,"fhdAccess":null,"fhdBarrierFtrID":null,"fhdEndExtent":null,"Shape__Length":13077.414932974094,"habitatType":"stream"},"id":28},
{"type":"Feature","geometry":{"type":"LineString","coordinates":[[-123.092286,44.498345],[-123.09387,44.500099],[-123.096589,44.501105],[-123.097196,44.503229],[-123.100457,44.503017],[-123.103036,44.504198],[-123.105236,44.503972],[-123.105774,44.505739],[-123.109219,44.506698],[-123.113201,44.510418],[-123.112906,44.51217],[-123.124573,44.515574],[-123.127701,44.516232],[-123.129553,44.517459],[-123.127707,44.518942],[-123.130529,44.520388],[-123.128243,44.522344],[-123.129392,44.524454],[-123.131639,44.524515],[-123.132296,44.527927]]},"properties":{"OBJECTID":29,"fhdFtrID":29,"fhdRefID":53585,"fhdRevDt":"20190327","fhdONm":"Wayne Wood","fhdOEnt":"OSU","fhdSpNm":"SMbass","fhdRun":"NA","fhdLifeHst":"FluvRes","fhdUseTy":"Unknown","fhdBasis":"DocObsFish","fhdStNm":"Calapooia River","fhdGenus":"Micropterus","fhdSp":"dolomieu","fhdSubSp":null,"fhdOrig":"NonNative","fhdProd":"Natural","fhdComment":null,"fhdESH":"NA","fhdBasisD":null,"fhdNMF":"no","fhdBasisDt":"20020000","fhdBasisNm":null,"fhdBasisEnt":"Oregon State University","fhdBasisPrj":null,"fhdBasisMethod":null,"fhdAccess":null,"fhdBarrierFtrID":null,"fhdEndExtent":null,"Shape__Length":10476.538239590676,"habitatType":"stream"},"id":29},
{"type":"Feature","geometry":{"type":"LineString","coordinates":[[-119.041484,46.192627],[-119.02572,46.183783],[-119.017379,46.178585],[-119.011225,46.173229],[-119.007811,46.168373],[-119.007176,46.163974],[-119.000709,46.154255],[-118.996633,46.150911],[-118.993892,46.148044],[-118.987826,46.142738],[-118.982582,46.136833],[-118.978484,46.132737],[-118.977851,46.130965],[-118.975365,46.12903],[-118.973319,46.125663],[-118.972026,46.119605],[-118.969809,46.117894],[-118.966557,46.114034],[-118.963376,46.10884],[-118.955919,46.097724],[-118.950524,46.090819],[-118.946044,46.08257],[-118.943183,46.078056],[-118.942094,46.074013],[-118.941912,46.065396],[-118.943054,46.059127],[-118.945614,46.057031],[-118.94822,46.047662],[-118.943721,46.038974],[-118.940428,46.028931],[-118.941507,46.02604],[-118.958199,46.021656],[-118.964961,46.018045],[-118.965542,46.016027],[-118.969688,46.010129],[-118.973591,46.007188],[-118.975148,46.004703],[-118.981307,45.999863],[-118.989613,45.997467],[-119.003536,45.984783],[-119.027561,45.967102],[-119.038889,45.963364],[-119.044213,45.963266],[-119.0506,45.961419],[-119.065873,45.955852],[-119.075387,45.950328],[-119.113553,45.931168],[-119.117395,45.929708],[-119.130864,45.929406],[-119.136941,45.928751],[-119.171085,45.927263],[-119.192354,45.927056],[-119.205158,45.927998],[-119.21316,45.929427],[-119.224047,45.931991],[-119.233796,45.934571],[-119.2464,45.937099],[-119.256657,45.93833],[-119.272537,45.938013],[-119.290106,45.937469],[-119.303391,45.936149],[-119.312777,45.935853],[-119.316503,45.934992],[-119.324221,45.932024],[-119.328944,45.931283],[-119.339687,45.92696],[-119.359354,45.922297],[-119.367762,45.921629],[-119.38242,45.920929],[-119.391528,45.919946],[-119.400527,45.918221],[-119.414655,45.917166],[-119.423833,45.919082],[-119.436075,45.919373],[-119.448954,45.918704],[-119.455845,45.917227],[-119.472044,45.912962],[-119.48696,45.907703],[-119.495261,45.905171],[-119.50346,45.903686],[-119.512282,45.904041],[-119.521534,45.905487],[-119.533489,45.908435],[-119.542562,45.91153],[-119.553159,45.916336],[-119.5606,45.920981],[-119.57447,45.925362],[-119.580889,45.923261],[-119.590962,45.921454],[-119.599321,45.919006],[-119.604114,45.918555],[-119.606869,45.915241],[-119.626148,45.901073],[-119.644526,45.878797],[-119.656999,45.865399],[-119.667151,45.857444],[-119.675549,45.855629],[-119.686866,45.855904],[-119.698307,45.853298],[-119.708453,45.850724],[-119.713514,45.84899],[-119.721455,45.848621],[-119.733595,45.849949],[-119.741325,45.850301],[-119.774949,45.849431],[-119.787112,45.850498],[-119.801535,45.849875],[-119.834763,45.843269],[-119.843762,45.841858],[-119.859042,45.838754],[-119.868916,45.835092],[-119.900785,45.82676],[-119.909107,45.82605],[-119.916009,45.827016],[-119.93539,45.826568],[-119.943076,45.826162],[-119.950731,45.824461],[-119.96658,45.821798],[-119.973638,45.821884],[-119.98297,45.821315],[-119.987729,45.820069],[-119.995425,45.814878],[-120.014853,45.805883],[-120.020577,45.804345],[-120.026436,45.801419],[-120.034332,45.798592],[-120.040142,45.794843],[-120.050459,45.790157],[-120.058165,45.788079],[-120.06398,45.787164],[-120.073127,45.786209],[-120.087406,45.783306],[-120.093674,45.781578],[-120.103133,45.780226],[-120.114864,45.778949],[-120.118654,45.776814],[-120.12801,45.774796],[-120.134624,45.774344],[-120.141926,45.775976],[-120.150689,45.77429],[-120.155022,45.773754],[-120.163306,45.770822],[-120.164201,45.768805],[-120.167023,45.765965],[-120.169296,45.762532],[-120.17587,45.758426],[-120.178315,45.756068],[-120.182702,45.753447],[-120.185782,45.746182],[-120.19204,45.736383],[-120.209453,45.725288],[-120.232847,45.723385],[-120.241763,45.722339],[-120.249247,45.720937],[-120.265076,45.719701],[-120.278987,45.720683],[-120.284906,45.72041],[-120.305506,45.714963],[-120.325922,45.711251],[-120.333365,45.709352],[-120.342054,45.708056],[-120.351642,45.70773],[-120.356886,45.706731],[-120.360594,45.704991],[-120.363694,45.704847],[-120.375543,45.703262],[-120.381031,45.701764],[-120.382989,45.700268],[-120.400051,45.699612],[-120.41061,45.699001],[-120.425433,45.697616],[-120.449617,45.696888],[-120.459931,45.695685],[-120.464588,45.695591],[-120.469745,45.694213],[-120.480011,45.692801],[-120.48999,45.693148],[-120.493082,45.693942],[-120.498883,45.696407],[-120.501566,45.698937],[-120.52913,45.714157],[-120.535538,45.720543],[-120.540079,45.721921],[-120.544478,45.724373],[-120.547984,45.731844],[-120.557326,45.734982],[-120.561179,45.737028],[-120.570954,45.740533],[-120.578223,45.742534],[-120.59411,45.745498],[-120.601443,45.746308],[-120.610575,45.744468],[-120.617509,45.745288],[-120.630619,45.74479],[-120.635876,45.744079],[-120.643586,45.7419],[-120.654188,45.736145],[-120.657706,45.734073],[-120.661068,45.731145],[-120.669857,45.726814],[-120.682404,45.719181],[-120.68736,45.718512],[-120.692264,45.714966],[-120.704157,45.71168],[-120.728638,45.705327],[-120.788587,45.686433],[-120.855428,45.671738],[-120.895843,45.64293],[-120.91681,45.638765],[-120.917443,45.638727],[-120.936073,45.655061],[-120.949103,45.657374],[-120.981279,45.648821],[-120.990962,45.650945],[-121.030504,45.657061],[-121.040595,45.657996],[-121.059996,45.653655],[-121.077303,45.650298],[-121.101177,45.637565],[-121.126458,45.618526],[-121.138664,45.610004],[-121.148208,45.606689],[-121.175024,45.604236],[-121.185927,45.608307],[-121.190138,45.610929],[-121.19442,45.61421],[-121.195709,45.616758],[-121.194266,45.629333],[-121.197425,45.644149],[-121.196885,45.648484],[-121.197535,45.649862],[-121.212504,45.670564],[-121.216,45.672376],[-121.227578,45.674563],[-121.235247,45.675583],[-121.256937,45.681629],[-121.280639,45.686858],[-121.285892,45.687297],[-121.289928,45.68905],[-121.2934,45.691386],[-121.295553,45.692042],[-121.302196,45.69672],[-121.338104,45.704131],[-121.35146,45.704442],[-121.371876,45.703514],[-121.382734,45.698035],[-121.397446,45.69139],[-121.442143,45.697817],[-121.45918,45.700976],[-121.485157,45.712859],[-121.506707,45.720385],[-121.522136,45.722404],[-121.53748,45.722246],[-121.564467,45.716585],[-121.614102,45.710191],[-121.64433,45.705086],[-121.671798,45.70323],[-121.680651,45.702455],[-121.683483,45.699923],[-121.690417,45.695543],[-121.695,45.696009],[-121.695759,45.694884],[-121.70477,45.69428],[-121.730719,45.694612],[-121.762745,45.697492],[-121.766028,45.698689],[-121.780321,45.700184],[-121.789607,45.702177],[-121.794593,45.704257],[-121.811169,45.707164],[-121.8553,45.69652],[-121.867093,45.693878],[-121.885254,45.685582],[-121.892993,45.680126],[-121.899249,45.674303],[-121.900638,45.672477],[-121.901213,45.669341],[-121.90058,45.664065],[-121.903261,45.660112],[-121.908936,45.654277],[-121.923592,45.647775],[-121.930854,45.644835],[-121.940695,45.644401],[-121.943245,45.644918],[-121.951732,45.644775],[-121.956002,45.642827],[-121.95733,45.639315],[-121.962326,45.634047],[-121.965735,45.631364],[-121.976906,45.626296],[-121.982572,45.624847],[-121.993601,45.620239],[-121.999213,45.618678],[-122.008651,45.617725],[-122.021202,45.615575],[-122.039647,45.610857],[-122.070674,45.597758],[-122.111359,45.583966],[-122.143035,45.581717],[-122.166119,45.575392],[-122.177692,45.568377],[-122.193331,45.564059],[-122.212954,45.558355],[-122.22707,45.556137],[-122.235282,45.553658],[-122.249056,45.550236],[-122.258121,45.548217],[-122.266853,45.546969],[-122.284731,45.545189],[-122.299869,45.54441],[-122.308185,45.544421],[-122.325672,45.548416],[-122.331355,45.550851],[-122.338495,45.555745],[-122.343783,45.559998],[-122.346248,45.564056],[-122.350567,45.567892],[-122.359304,45.571933],[-122.368502,45.57293],[-122.38462,45.572271],[-122.396725,45.571286],[-122.399111,45.572044],[-122.407946,45.569866],[-122.414969,45.568759],[-122.439803,45.564186],[-122.453544,45.567614],[-122.469563,45.576467],[-122.480217,45.582148],[-122.487453,45.58299],[-122.5241,45.586181],[-122.544766,45.595772],[-122.546736,45.59631],[-122.639221,45.60954],[-122.6626,45.616752],[-122.674687,45.620655],[-122.688481,45.625787],[-122.703529,45.633051],[-122.713902,45.637834],[-122.726435,45.641693],[-122.737475,45.644586],[-122.747638,45.646683],[-122.761062,45.65457],[-122.764025,45.657479],[-122.764862,45.658297],[-122.775693,45.679097],[-122.776235,45.688644],[-122.771104,45.701898],[-122.766402,45.715603],[-122.759695,45.734233],[-122.759196,45.740208],[-122.760307,45.750379],[-122.760424,45.759334],[-122.763207,45.768339],[-122.765586,45.773563],[-122.769869,45.781658],[-122.783035,45.796197],[-122.795149,45.810339],[-122.795121,45.825142],[-122.784484,45.846061],[-122.784938,45.851866],[-122.784759,45.862843],[-122.784647,45.868495],[-122.797679,45.884658],[-122.801573,45.889097],[-122.808186,45.901922],[-122.806113,45.92234],[-122.804741,45.929044],[-122.806207,45.94832],[-122.8142,45.961365],[-122.822236,45.968363],[-122.829628,45.974422],[-122.833892,45.978321],[-122.837341,45.980861],[-122.847711,45.999701],[-122.855144,46.013626],[-122.857522,46.01594],[-122.871374,46.027206],[-122.876729,46.031116],[-122.878339,46.035973],[-122.88051,46.044266],[-122.880886,46.047132],[-122.884718,46.064014],[-122.889464,46.071516],[-122.892909,46.075969],[-122.904614,46.084526],[-122.941735,46.097974]]},"properties":{"OBJECTID":30,"fhdFtrID":30,"fhdRefID":53713,"fhdRevDt":"20190327","fhdONm":"Matthew Neilson","fhdOEnt":"USGS","fhdSpNm":"SMbass","fhdRun":"NA","fhdLifeHst":"FluvRes","fhdUseTy":"Unknown","fhdBasis":"UndocObsFish","fhdStNm":"Columbia River","fhdGenus":"Micropterus","fhdSp":"dolomieu","fhdSubSp":null,"fhdOrig":"NonNative","fhdProd":"Natural","fhdComment":null,"fhdESH":"NA","fhdBasisD":null,"fhdNMF":"no","fhdBasisDt":null,"fhdBasisNm":null,"fhdBasisEnt":null,"fhdBasisPrj":null,"fhdBasisMethod":null,"fhdAccess":null,"fhdBarrierFtrID":null,"fhdEndExtent":null,"Shape__Length":595750.0282235598,"habitatType":"stream"},"id":30},
{"type":"Feature","geometry":{"type":"LineString","coordinates":[[-123.279101,44.552959],[-123.277791,44.555555],[-123.275603,44.556046],[-123.272164,44.555649],[-123.26974,44.554223],[-123.266797,44.554986],[-123.263745,44.556749],[-123.260747,44.555951]]},"properties":{"OBJECTID":31,"fhdFtrID":31,"fhdRefID":53585,"fhdRevDt":"20190327","fhdONm":"Wayne Wood","fhdOEnt":"OSU","fhdSpNm":"SMbass","fhdRun":"NA","fhdLifeHst":"FluvRes","fhdUseTy":"Unknown","fhdBasis":"DocObsFish","fhdStNm":"Marys River","fhdGenus":"Micropterus","fhdSp":"dolomieu","fhdSubSp":null,"fhdOrig":"NonNative","fhdProd":"Natural","fhdComment":null,"fhdESH":"NA","fhdBasisD":null,"fhdNMF":"no","fhdBasisDt":null,"fhdBasisNm":null,"fhdBasisEnt":"Oregon State University","fhdBasisPrj":null,"fhdBasisMethod":null,"fhdAccess":null,"fhdBarrierFtrID":null,"fhdEndExtent":null,"Shape__Length":2660.8761265678227,"habitatType":"stream"},"id":31},
{"type":"Feature","geometry":{"type":"LineString","coordinates":[[-123.284697,44.366106],[-123.276289,44.370104],[-123.27343,44.370615],[-123.26669,44.36775],[-123.264385,44.368728],[-123.264294,44.370817],[-123.261343,44.373344],[-123.260897,44.374822],[-123.261962,44.377196],[-123.260015,44.379722],[-123.257459,44.3807],[-123.253087,44.379953],[-123.248348,44.380014],[-123.249172,44.383607],[-123.247953,44.385488],[-123.245426,44.386207],[-123.241445,44.385787],[-123.240102,44.384879]]},"properties":{"OBJECTID":32,"fhdFtrID":32,"fhdRefID":53713,"fhdRevDt":"20190327","fhdONm":"Matthew Neilson","fhdOEnt":"USGS","fhdSpNm":"SMbass","fhdRun":"NA","fhdLifeHst":"FluvRes","fhdUseTy":"Unknown","fhdBasis":"UndocObsFish","fhdStNm":"Long Tom River","fhdGenus":"Micropterus","fhdSp":"dolomieu","fhdSubSp":null,"fhdOrig":"NonNative","fhdProd":"Natural","fhdComment":null,"fhdESH":"NA","fhdBasisD":null,"fhdNMF":"no","fhdBasisDt":"19980000","fhdBasisNm":null,"fhdBasisEnt":null,"fhdBasisPrj":null,"fhdBasisMethod":null,"fhdAccess":null,"fhdBarrierFtrID":null,"fhdEndExtent":null,"Shape__Length":7885.547168860446,"habitatType":"stream"},"id":32},
{"type":"Feature","geometry":{"type":"LineString","coordinates":[[-123.006698,44.686965],[-123.007154,44.687748],[-123.013628,44.691796],[-123.015827,44.693904],[-123.018662,44.69885],[-123.017418,44.704381],[-123.01496,44.709056],[-123.013632,44.714565],[-123.013974,44.71867],[-123.017881,44.723556],[-123.01992,44.725017],[-123.023791,44.725556],[-123.025716,44.724827],[-123.031345,44.721195],[-123.034278,44.720691],[-123.039473,44.723365],[-123.042004,44.725171],[-123.042919,44.728469],[-123.041671,44.731734],[-123.039476,44.734033],[-123.040576,44.736788],[-123.042508,44.737864],[-123.047251,44.738623],[-123.051732,44.738063],[-123.055027,44.736928],[-123.058207,44.736999],[-123.060671,44.738146],[-123.061118,44.740072],[-123.060101,44.743991],[-123.061656,44.748255],[-123.065638,44.748282],[-123.070789,44.746493],[-123.074801,44.743979],[-123.079875,44.743435],[-123.084465,44.745542],[-123.091681,44.746638],[-123.095647,44.746664],[-123.101678,44.748687],[-123.105313,44.749141],[-123.106948,44.751838],[-123.108096,44.755863],[-123.110524,44.757211],[-123.117616,44.759203],[-123.120416,44.756526],[-123.119727,44.753313],[-123.122072,44.751312],[-123.132078,44.751463],[-123.137527,44.749801],[-123.140905,44.749805],[-123.143759,44.750633]]},"properties":{"OBJECTID":33,"fhdFtrID":33,"fhdRefID":53713,"fhdRevDt":"20190327","fhdONm":"Matthew Neilson","fhdOEnt":"USGS","fhdSpNm":"SMbass","fhdRun":"NA","fhdLifeHst":"FluvRes","fhdUseTy":"Unknown","fhdBasis":"UndocObsFish","fhdStNm":"Santiam River","fhdGenus":"Micropterus","fhdSp":"dolomieu","fhdSubSp":null,"fhdOrig":"NonNative","fhdProd":"Natural","fhdComment":null,"fhdESH":"NA","fhdBasisD":null,"fhdNMF":"no","fhdBasisDt":null,"fhdBasisNm":null,"fhdBasisEnt":null,"fhdBasisPrj":null,"fhdBasisMethod":null,"fhdAccess":null,"fhdBarrierFtrID":null,"fhdEndExtent":null,"Shape__Length":27617.815290757942,"habitatType":"stream"},"id":33},
{"type":"Feature","geometry":{"type":"LineString","coordinates":[[-122.99692,45.114995],[-122.996007,45.117082],[-122.997175,45.120411],[-123.002719,45.124264],[-123.00628,45.12628],[-123.010349,45.129484],[-123.011938,45.134038],[-123.014776,45.136649],[-123.022408,45.139457],[-123.027751,45.141076],[-123.030652,45.143343],[-123.033097,45.148672],[-123.0331,45.153281],[-123.032288,45.156521],[-123.029115,45.160705],[-123.025522,45.162464],[-123.020114,45.163339],[-123.016909,45.16248],[-123.01297,45.160427],[-123.005214,45.160127],[-123.001499,45.163079],[-123.000736,45.166464],[-123.010592,45.172584],[-123.014524,45.17583],[-123.015595,45.17785],[-123.016169,45.181467],[-123.018053,45.186937],[-123.0192,45.188731],[-123.018712,45.197067],[-123.020596,45.199816],[-123.023912,45.201725],[-123.027638,45.202101],[-123.037748,45.199175],[-123.043151,45.198883],[-123.045854,45.200706],[-123.046639,45.204066],[-123.045372,45.206723],[-123.045637,45.209826],[-123.046686,45.21133],[-123.043832,45.219795],[-123.042389,45.219664],[-123.040486,45.221778],[-123.038355,45.222454],[-123.026772,45.223171],[-123.019537,45.222704],[-123.013627,45.222705],[-123.004303,45.221878],[-122.999361,45.223894],[-122.996915,45.229862],[-122.996609,45.2325],[-122.995146,45.236015],[-122.998036,45.240133],[-123.001298,45.252987],[-123.001196,45.258532],[-122.998442,45.262745],[-122.995018,45.265377],[-122.994906,45.267542],[-122.990477,45.272395],[-122.975645,45.279269],[-122.974114,45.280997],[-122.969981,45.283985],[-122.967125,45.2851],[-122.963758,45.284847],[-122.960547,45.282505],[-122.95703,45.27858],[-122.952498,45.2708],[-122.949696,45.268279],[-122.944393,45.26752],[-122.938223,45.268309],[-122.930268,45.268557],[-122.920121,45.268262],[-122.912425,45.26624],[-122.907079,45.261663],[-122.899949,45.256868],[-122.897452,45.256614],[-122.893728,45.257907],[-122.889598,45.257867],[-122.883486,45.255304],[-122.872912,45.253925],[-122.869244,45.253057],[-122.863738,45.25305],[-122.858841,45.254584],[-122.852101,45.25868],[-122.849383,45.259757],[-122.845897,45.262344],[-122.841218,45.267118],[-122.838727,45.268951],[-122.833851,45.275506],[-122.82726,45.2796],[-122.821186,45.281464],[-122.814706,45.282173],[-122.806436,45.28432],[-122.797643,45.28748],[-122.791415,45.291207],[-122.787126,45.292495],[-122.778133,45.293018],[-122.772742,45.292008],[-122.76513,45.291642],[-122.75835,45.293734],[-122.749147,45.298467],[-122.742535,45.300977],[-122.734215,45.302429],[-122.724638,45.302704],[-122.721886,45.302049],[-122.71977,45.300383],[-122.714869,45.297279],[-122.71273,45.296626],[-122.704771,45.296632],[-122.701092,45.297703],[-122.697716,45.299422],[-122.694156,45.299845],[-122.687709,45.299571],[-122.684448,45.297766],[-122.681835,45.292871],[-122.674212,45.287881],[-122.668415,45.28484],[-122.664628,45.284748],[-122.662673,45.286802],[-122.660435,45.292456],[-122.661107,45.297996],[-122.666198,45.30406],[-122.666344,45.305249],[-122.663968,45.312924],[-122.66533,45.315379],[-122.666058,45.318648],[-122.663277,45.321321],[-122.661732,45.325744],[-122.659332,45.329908],[-122.653804,45.334754],[-122.649729,45.337523],[-122.647314,45.337975],[-122.641126,45.341601],[-122.632521,45.345894],[-122.624842,45.348894],[-122.622797,45.3518],[-122.616023,45.356395],[-122.611952,45.357762],[-122.608567,45.35983],[-122.604941,45.363463],[-122.60397,45.36535],[-122.605242,45.369756],[-122.607392,45.371639],[-122.614415,45.374852],[-122.616823,45.374436],[-122.619749,45.377236],[-122.622602,45.383294],[-122.623234,45.38727],[-122.624707,45.38954],[-122.629356,45.394029],[-122.636689,45.39723],[-122.639917,45.400461],[-122.642337,45.399901],[-122.644898,45.400728],[-122.646556,45.403879],[-122.654289,45.408053],[-122.658235,45.409761],[-122.658011,45.413112],[-122.655563,45.417707],[-122.656074,45.42373],[-122.653972,45.426224],[-122.649078,45.429797],[-122.648932,45.432811],[-122.650965,45.436617],[-122.645833,45.439922],[-122.645602,45.442295],[-122.646768,45.443468],[-122.652036,45.445512],[-122.656714,45.450589],[-122.658319,45.453755],[-122.663427,45.460605],[-122.665941,45.465512],[-122.666453,45.469404],[-122.665939,45.475682],[-122.669101,45.480679],[-122.66976,45.485944],[-122.669234,45.489517],[-122.666556,45.495954],[-122.665472,45.500224],[-122.665506,45.502914],[-122.669784,45.510038],[-122.670581,45.513556],[-122.669533,45.517772],[-122.66844,45.51978],[-122.667625,45.523962],[-122.667953,45.526423],[-122.674896,45.53245],[-122.684549,45.53917],[-122.69106,45.544144],[-122.697971,45.550344],[-122.711474,45.555458],[-122.722669,45.560354],[-122.730151,45.565061],[-122.738702,45.572118],[-122.745753,45.576709],[-122.749739,45.578796],[-122.760154,45.582539],[-122.764148,45.584804],[-122.77244,45.591805],[-122.777886,45.598023],[-122.782788,45.604652],[-122.790078,45.616897],[-122.79086,45.619485],[-122.791145,45.625908],[-122.790409,45.629925],[-122.788736,45.633],[-122.785691,45.635966],[-122.780416,45.639854],[-122.773995,45.643435],[-122.770776,45.645993],[-122.766276,45.651208],[-122.765039,45.653344],[-122.764025,45.657479]]},"properties":{"OBJECTID":34,"fhdFtrID":34,"fhdRefID":53710,"fhdRevDt":"20190327","fhdONm":"Stan Gregory","fhdOEnt":"OSU","fhdSpNm":"SMbass","fhdRun":"NA","fhdLifeHst":"FluvRes","fhdUseTy":"Unknown","fhdBasis":"DocObsFish","fhdStNm":"Willamette River","fhdGenus":"Micropterus","fhdSp":"dolomieu","fhdSubSp":null,"fhdOrig":"NonNative","fhdProd":"Natural","fhdComment":null,"fhdESH":"NA","fhdBasisD":null,"fhdNMF":"no","fhdBasisDt":"20130000","fhdBasisNm":"Randy Wildman, Stan Gregory","fhdBasisEnt":"Oregon State University","fhdBasisPrj":null,"fhdBasisMethod":"Seine and electrofisher","fhdAccess":null,"fhdBarrierFtrID":null,"fhdEndExtent":null,"Shape__Length":158233.95805201028,"habitatType":"stream"},"id":34},
{"type":"Feature","geometry":{"type":"LineString","coordinates":[[-123.174508,44.267597],[-123.174994,44.275937],[-123.176101,44.278231],[-123.182602,44.283185],[-123.188364,44.286266],[-123.190629,44.289252],[-123.192046,44.293211],[-123.191962,44.298144],[-123.190817,44.300883],[-123.191681,44.304411],[-123.194097,44.307108],[-123.197861,44.307894],[-123.202525,44.30785],[-123.205236,44.308709],[-123.213966,44.309629],[-123.217184,44.311784],[-123.218357,44.316932],[-123.216925,44.323128],[-123.216982,44.325037],[-123.21885,44.328095],[-123.221869,44.330501],[-123.22744,44.331103],[-123.234654,44.329792],[-123.239023,44.329531],[-123.243592,44.330349],[-123.245911,44.332937],[-123.243617,44.336363],[-123.240562,44.337738],[-123.237501,44.337636],[-123.232541,44.339555],[-123.229689,44.341614],[-123.228647,44.344713],[-123.230814,44.347787],[-123.231263,44.349719],[-123.233217,44.352439],[-123.233913,44.355384],[-123.232796,44.357746],[-123.23016,44.359619],[-123.227981,44.36006],[-123.221325,44.35942],[-123.219273,44.361045],[-123.220138,44.364212],[-123.223434,44.369201],[-123.22503,44.369964],[-123.231712,44.371248],[-123.236942,44.373398],[-123.240902,44.375965],[-123.244217,44.380028],[-123.244716,44.382959],[-123.242611,44.384461],[-123.240102,44.384879],[-123.236787,44.384814],[-123.230223,44.388464],[-123.225191,44.390585],[-123.223409,44.392284],[-123.223215,44.39442],[-123.228476,44.408517],[-123.228524,44.411232],[-123.229477,44.414889],[-123.227399,44.418173],[-123.223982,44.419258],[-123.220805,44.421293],[-123.223174,44.422922],[-123.22435,44.425394],[-123.226392,44.427213],[-123.228175,44.431011],[-123.226713,44.434427],[-123.224465,44.434823],[-123.22156,44.433992],[-123.211442,44.434692],[-123.208479,44.435862],[-123.20709,44.438186],[-123.205504,44.442705],[-123.205565,44.444925],[-123.210657,44.449699],[-123.21118,44.45559],[-123.214726,44.462858],[-123.216766,44.468986],[-123.21615,44.471809],[-123.213778,44.474338],[-123.21333,44.476896],[-123.214379,44.479889],[-123.219424,44.481847],[-123.220931,44.484817],[-123.220052,44.486458],[-123.214899,44.4885],[-123.214047,44.489354],[-123.215222,44.493418],[-123.211769,44.501272],[-123.213008,44.505871],[-123.214665,44.507922],[-123.21837,44.51056],[-123.221906,44.510987],[-123.225222,44.512722],[-123.228048,44.516706],[-123.229989,44.520942],[-123.233029,44.524892],[-123.237623,44.527902],[-123.240224,44.528309],[-123.244189,44.526596],[-123.249779,44.526169],[-123.252472,44.527059],[-123.253304,44.528828],[-123.24977,44.532745],[-123.24864,44.536785],[-123.24547,44.539824],[-123.241912,44.544116],[-123.241925,44.547213],[-123.243917,44.54914],[-123.249849,44.551518],[-123.25303,44.553275],[-123.257969,44.554273],[-123.260747,44.555951],[-123.260756,44.558083],[-123.25866,44.562265],[-123.256507,44.565331],[-123.253867,44.572179],[-123.251673,44.57438],[-123.248661,44.575742],[-123.228216,44.583154],[-123.219855,44.584926],[-123.205166,44.586097],[-123.194229,44.585554],[-123.185432,44.58686],[-123.18314,44.589599],[-123.182899,44.592984],[-123.18492,44.594853],[-123.195005,44.596457],[-123.198138,44.5989],[-123.198499,44.601348],[-123.1977,44.603366],[-123.195386,44.605027],[-123.189503,44.607171],[-123.186918,44.607376],[-123.183153,44.609945],[-123.182708,44.61261],[-123.183421,44.615058],[-123.182824,44.617615],[-123.17905,44.619998],[-123.174714,44.619861],[-123.170585,44.621703],[-123.169888,44.625053],[-123.171964,44.628003],[-123.171924,44.63128],[-123.170672,44.634451],[-123.163923,44.637522],[-123.157164,44.637315],[-123.147935,44.637471],[-123.139312,44.63795],[-123.133461,44.637885],[-123.128268,44.638683],[-123.121001,44.640797],[-123.114644,44.640739],[-123.110892,44.640238],[-123.109433,44.639231],[-123.103387,44.639268],[-123.093108,44.641546],[-123.07833,44.646346],[-123.073524,44.650383],[-123.072999,44.653849],[-123.074904,44.659551],[-123.079544,44.662982],[-123.084227,44.665184],[-123.086307,44.66846],[-123.087683,44.673469],[-123.089099,44.674822],[-123.093693,44.676016],[-123.101465,44.675757],[-123.105834,44.674651],[-123.112105,44.674676],[-123.116746,44.676751],[-123.118431,44.680184],[-123.12046,44.689399],[-123.121699,44.691836],[-123.124466,44.693757],[-123.126857,44.696402],[-123.130704,44.698256],[-123.136987,44.702597],[-123.144337,44.709079],[-123.146555,44.712416],[-123.14736,44.716385],[-123.150515,44.723029],[-123.150525,44.726968],[-123.147882,44.730437],[-123.137641,44.736468],[-123.13327,44.73871],[-123.132347,44.740822],[-123.132706,44.743437],[-123.134744,44.745482],[-123.139612,44.747115],[-123.143509,44.749568],[-123.143759,44.750633],[-123.146988,44.7536],[-123.14799,44.755565],[-123.148521,44.760188],[-123.14819,44.764239],[-123.146197,44.770561],[-123.146685,44.77258],[-123.144151,44.775751],[-123.135869,44.780297],[-123.131629,44.78458],[-123.131069,44.786676],[-123.128573,44.789973],[-123.123194,44.793301],[-123.117583,44.794252],[-123.109243,44.79661],[-123.101729,44.797375],[-123.097625,44.799073],[-123.095783,44.800461],[-123.092946,44.80445],[-123.091321,44.808212],[-123.091364,44.811479],[-123.092657,44.813666],[-123.106868,44.820085],[-123.111414,44.821696],[-123.115171,44.821979],[-123.12147,44.823619],[-123.122958,44.825169],[-123.12835,44.826595],[-123.136357,44.826234],[-123.139277,44.825367],[-123.146582,44.825798],[-123.149076,44.828865],[-123.150799,44.829668],[-123.157146,44.830384],[-123.161669,44.82988],[-123.167694,44.828423],[-123.174546,44.830476],[-123.178617,44.833819],[-123.179728,44.836896],[-123.180024,44.840921],[-123.181204,44.841588],[-123.183247,44.847279],[-123.180872,44.849462],[-123.180116,44.852127],[-123.180673,44.856352],[-123.178722,44.860506],[-123.173452,44.863976],[-123.168503,44.864394],[-123.162309,44.861821],[-123.154218,44.859603],[-123.150838,44.86037],[-123.147538,44.862699],[-123.148001,44.866229],[-123.146287,44.870665],[-123.145031,44.877364],[-123.141955,44.882951],[-123.140143,44.885167],[-123.13483,44.889095],[-123.133167,44.891513],[-123.132038,44.896105],[-123.128561,44.904508],[-123.125189,44.909319],[-123.122495,44.911239],[-123.112393,44.915057],[-123.107611,44.918681],[-123.107273,44.920815],[-123.108645,44.922758],[-123.112224,44.926022],[-123.112648,44.928587],[-123.10982,44.930815],[-123.105054,44.930351],[-123.094384,44.930548],[-123.090962,44.930291],[-123.087766,44.928601],[-123.082188,44.926913],[-123.078488,44.926808],[-123.073479,44.927932],[-123.072003,44.92926],[-123.059289,44.938486],[-123.054019,44.941081],[-123.043476,44.94465],[-123.041755,44.947856],[-123.039424,44.950665],[-123.03807,44.95703],[-123.039198,44.960042],[-123.03695,44.967049],[-123.037258,44.974215],[-123.037869,44.976447],[-123.037009,44.98048],[-123.037671,44.984657],[-123.039144,44.987213],[-123.043155,44.990308],[-123.045642,44.991136],[-123.04889,44.991206],[-123.053608,44.98998],[-123.056804,44.989978],[-123.059087,44.989005],[-123.064263,44.989722],[-123.069307,44.998901],[-123.069598,45.00204],[-123.07123,45.007096],[-123.074363,45.011575],[-123.075742,45.014413],[-123.075437,45.020003],[-123.076817,45.023108],[-123.076698,45.027189],[-123.075076,45.030695],[-123.072952,45.033048],[-123.070641,45.03682],[-123.069145,45.041612],[-123.069006,45.046462],[-123.067725,45.050818],[-123.067971,45.058783],[-123.066824,45.061249],[-123.065876,45.066459],[-123.068017,45.071649],[-123.069137,45.076138],[-123.066448,45.079848],[-123.061877,45.083091],[-123.059439,45.084245],[-123.055018,45.085147],[-123.049734,45.087418],[-123.043779,45.091594],[-123.041103,45.094592],[-123.035865,45.097976],[-123.031207,45.099737],[-123.026704,45.100508],[-123.016843,45.101115],[-123.010802,45.105216],[-123.008718,45.108492],[-123.004091,45.112129],[-122.99692,45.114995]]},"properties":{"OBJECTID":35,"fhdFtrID":35,"fhdRefID":53710,"fhdRevDt":"20190327","fhdONm":"Stan Gregory","fhdOEnt":"OSU","fhdSpNm":"SMbass","fhdRun":"NA","fhdLifeHst":"FluvRes","fhdUseTy":"Unknown","fhdBasis":"DocObsFish","fhdStNm":"Willamette River","fhdGenus":"Micropterus","fhdSp":"dolomieu","fhdSubSp":null,"fhdOrig":"NonNative","fhdProd":"Natural","fhdComment":null,"fhdESH":"NA","fhdBasisD":null,"fhdNMF":"no","fhdBasisDt":"20130000","fhdBasisNm":"Randy Wildman, Stan Gregory","fhdBasisEnt":"Oregon State University","fhdBasisPrj":null,"fhdBasisMethod":"Seine and electrofisher","fhdAccess":null,"fhdBarrierFtrID":null,"fhdEndExtent":null,"Shape__Length":210807.3333716038,"habitatType":"stream"},"id":35},
{"type":"Feature","geometry":{"type":"LineString","coordinates":[[-122.734828,45.26595],[-122.736408,45.268024],[-122.734451,45.269501],[-122.736892,45.270778],[-122.737679,45.273423],[-122.733375,45.274686],[-122.730614,45.273222],[-122.730399,45.276323],[-122.733494,45.278165],[-122.730083,45.27939],[-122.729634,45.282249],[-122.72494,45.282443],[-122.720797,45.283597],[-122.717097,45.282731]]},"properties":{"OBJECTID":36,"fhdFtrID":36,"fhdRefID":53585,"fhdRevDt":"20190327","fhdONm":"Wayne Wood","fhdOEnt":"OSU","fhdSpNm":"SMbass","fhdRun":"NA","fhdLifeHst":"FluvRes","fhdUseTy":"Unknown","fhdBasis":"DocObsFish","fhdStNm":"Pudding River","fhdGenus":"Micropterus","fhdSp":"dolomieu","fhdSubSp":null,"fhdOrig":"NonNative","fhdProd":"Natural","fhdComment":null,"fhdESH":"NA","fhdBasisD":null,"fhdNMF":"no","fhdBasisDt":"20030000","fhdBasisNm":null,"fhdBasisEnt":"Oregon State University","fhdBasisPrj":null,"fhdBasisMethod":null,"fhdAccess":null,"fhdBarrierFtrID":null,"fhdEndExtent":null,"Shape__Length":6400.644526509311,"habitatType":"stream"},"id":36},
{"type":"Feature","geometry":{"type":"LineString","coordinates":[[-122.983893,43.937979],[-122.982608,43.940356],[-122.982535,43.942472],[-122.985449,43.943712]]},"properties":{"OBJECTID":37,"fhdFtrID":37,"fhdRefID":53585,"fhdRevDt":"20190327","fhdONm":"Wayne Wood","fhdOEnt":"OSU","fhdSpNm":"SMbass","fhdRun":"NA","fhdLifeHst":"FluvRes","fhdUseTy":"Unknown","fhdBasis":"DocObsFish","fhdStNm":"Coast Fork Willamette River","fhdGenus":"Micropterus","fhdSp":"dolomieu","fhdSubSp":null,"fhdOrig":"NonNative","fhdProd":"Natural","fhdComment":null,"fhdESH":"NA","fhdBasisD":null,"fhdNMF":"no","fhdBasisDt":"20010000","fhdBasisNm":null,"fhdBasisEnt":"Oregon State University","fhdBasisPrj":null,"fhdBasisMethod":null,"fhdAccess":null,"fhdBarrierFtrID":null,"fhdEndExtent":null,"Shape__Length":1143.2716442695887,"habitatType":"stream"},"id":37},
{"type":"Feature","geometry":{"type":"LineString","coordinates":[[-122.528467,43.777708],[-122.528314,43.78148],[-122.529973,43.783234],[-122.532918,43.783507],[-122.538684,43.785296]]},"properties":{"OBJECTID":38,"fhdFtrID":38,"fhdRefID":53585,"fhdRevDt":"20190327","fhdONm":"Wayne Wood","fhdOEnt":"OSU","fhdSpNm":"SMbass","fhdRun":"NA","fhdLifeHst":"FluvRes","fhdUseTy":"Unknown","fhdBasis":"DocObsFish","fhdStNm":"Middle Fork Willamette River","fhdGenus":"Micropterus","fhdSp":"dolomieu","fhdSubSp":null,"fhdOrig":"NonNative","fhdProd":"Natural","fhdComment":null,"fhdESH":"NA","fhdBasisD":null,"fhdNMF":"no","fhdBasisDt":"20010000","fhdBasisNm":null,"fhdBasisEnt":"Oregon State University","fhdBasisPrj":null,"fhdBasisMethod":null,"fhdAccess":null,"fhdBarrierFtrID":null,"fhdEndExtent":null,"Shape__Length":1978.0724633548598,"habitatType":"stream"},"id":38},
{"type":"Feature","geometry":{"type":"LineString","coordinates":[[-117.224888,44.365929],[-117.227051,44.364576],[-117.232902,44.363941],[-117.235487,44.362323],[-117.238122,44.362037],[-117.246848,44.359371],[-117.249398,44.357124],[-117.256111,44.356765],[-117.259685,44.35506],[-117.26348,44.354182],[-117.268161,44.355058],[-117.272575,44.354526],[-117.27398,44.358722],[-117.277917,44.362426],[-117.280288,44.363276],[-117.282683,44.362622],[-117.289131,44.365568],[-117.287592,44.370294],[-117.288062,44.372669],[-117.291985,44.374091],[-117.296015,44.37427],[-117.295947,44.375701],[-117.298634,44.378152],[-117.298114,44.379585],[-117.301589,44.381655],[-117.303922,44.381271],[-117.307773,44.383124],[-117.308497,44.384662],[-117.307842,44.389147],[-117.307054,44.389609]]},"properties":{"OBJECTID":39,"fhdFtrID":39,"fhdRefID":53684,"fhdRevDt":"20190328","fhdONm":"Peter Robinson","fhdOEnt":"ODFW","fhdSpNm":"SMbass","fhdRun":"NA","fhdLifeHst":"FluvRes","fhdUseTy":"Unknown","fhdBasis":"UndocObsFish","fhdStNm":"Burnt River","fhdGenus":"Micropterus","fhdSp":"dolomieu","fhdSubSp":null,"fhdOrig":"NonNative","fhdProd":"Natural","fhdComment":null,"fhdESH":"NA","fhdBasisD":null,"fhdNMF":"no","fhdBasisDt":null,"fhdBasisNm":null,"fhdBasisEnt":null,"fhdBasisPrj":null,"fhdBasisMethod":null,"fhdAccess":null,"fhdBarrierFtrID":null,"fhdEndExtent":null,"Shape__Length":14848.398279522442,"habitatType":"stream"},"id":39},
{"type":"Feature","geometry":{"type":"LineString","coordinates":[[-118.069494,44.681452],[-118.060221,44.681795],[-118.049857,44.680869],[-118.043379,44.680869],[-118.031923,44.680141],[-118.021491,44.68082],[-118.017468,44.679748],[-118.013036,44.677704],[-118.007103,44.674052],[-118.001103,44.6723],[-117.997762,44.672833],[-117.99271,44.67159],[-117.991028,44.673495],[-117.98837,44.673045],[-117.983669,44.673257],[-117.981271,44.672526],[-117.975854,44.669561],[-117.970093,44.669128],[-117.966987,44.665666],[-117.962744,44.663933],[-117.962746,44.661228],[-117.958047,44.661069],[-117.95706,44.663283],[-117.947948,44.661676],[-117.943346,44.658662],[-117.941439,44.658534],[-117.939056,44.660092],[-117.93351,44.658797],[-117.929879,44.658862],[-117.927322,44.657533],[-117.9236,44.653404],[-117.918536,44.651419],[-117.915983,44.652628],[-117.914494,44.651829],[-117.910234,44.652755],[-117.908432,44.651257],[-117.904512,44.649802],[-117.902948,44.650179],[-117.901303,44.652663],[-117.897408,44.650344],[-117.891971,44.649217],[-117.890218,44.650212],[-117.88707,44.649723],[-117.88521,44.65179],[-117.881254,44.652846],[-117.877654,44.652495],[-117.875526,44.654402],[-117.872033,44.65613],[-117.870927,44.659627],[-117.866675,44.66205],[-117.866246,44.666294],[-117.867882,44.669387],[-117.866881,44.67269],[-117.867834,44.676328],[-117.865934,44.678368],[-117.863142,44.678929],[-117.861488,44.682291],[-117.857263,44.684546],[-117.855714,44.686086],[-117.851817,44.686198],[-117.85029,44.690504],[-117.849533,44.695721],[-117.845495,44.69795],[-117.845365,44.700668],[-117.842808,44.701902],[-117.841892,44.704015],[-117.839833,44.705651],[-117.836047,44.716265],[-117.840613,44.720309],[-117.838883,44.723779],[-117.835871,44.725043],[-117.836748,44.728089],[-117.834631,44.728428],[-117.83245,44.732144],[-117.831786,44.737145],[-117.832409,44.739895],[-117.834864,44.74193],[-117.835582,44.744409],[-117.833682,44.749311],[-117.830599,44.752177],[-117.828312,44.753335],[-117.827311,44.755629],[-117.828097,44.756853],[-117.828307,44.764208],[-117.829393,44.766721],[-117.832352,44.768932],[-117.827354,44.774603],[-117.827193,44.778093],[-117.828218,44.780799],[-117.827187,44.782252],[-117.83064,44.787016],[-117.830796,44.793374],[-117.829363,44.796283],[-117.829564,44.799842],[-117.832718,44.804266],[-117.832334,44.807636],[-117.831152,44.809166],[-117.831646,44.811296],[-117.831004,44.813861],[-117.828722,44.817821],[-117.829092,44.81888],[-117.826848,44.821647],[-117.826495,44.825146],[-117.828337,44.828477],[-117.826952,44.832291],[-117.827099,44.834144],[-117.822934,44.838796],[-117.823545,44.840876],[-117.82272,44.842808],[-117.824549,44.845982],[-117.824797,44.851845],[-117.825738,44.852671],[-117.831339,44.854543],[-117.834703,44.857948],[-117.833586,44.859225],[-117.8343,44.861349],[-117.833639,44.864154],[-117.83014,44.866047],[-117.830826,44.869359],[-117.833856,44.874954],[-117.837664,44.876844],[-117.839264,44.878899],[-117.843786,44.8817],[-117.845191,44.883769],[-117.855449,44.889953],[-117.859093,44.889246],[-117.859897,44.888043],[-117.868179,44.887233],[-117.874096,44.889123],[-117.87874,44.888516],[-117.881887,44.890949],[-117.885984,44.890756],[-117.894672,44.889009],[-117.89711,44.89079],[-117.901595,44.890395],[-117.911175,44.893568],[-117.912525,44.895358],[-117.912007,44.897518],[-117.91606,44.900181],[-117.918124,44.90255],[-117.921853,44.90333],[-117.923245,44.90593],[-117.923659,44.91036],[-117.926557,44.909004],[-117.927313,44.911487],[-117.925637,44.912401],[-117.928138,44.916814],[-117.926676,44.920422],[-117.926967,44.922778],[-117.929217,44.923511],[-117.929007,44.925552],[-117.931288,44.925533],[-117.935419,44.930225],[-117.935644,44.932384],[-117.939648,44.933161],[-117.94168,44.935332],[-117.943419,44.93511],[-117.944745,44.938893],[-117.946155,44.939678],[-117.938695,44.944178],[-117.934763,44.944543],[-117.932217,44.946846],[-117.927126,44.950456],[-117.927066,44.952653],[-117.923951,44.953993],[-117.924672,44.957003],[-117.92228,44.958912],[-117.917521,44.960256],[-117.915952,44.961259],[-117.911401,44.966111],[-117.906414,44.967456],[-117.905282,44.966079],[-117.900105,44.962897],[-117.896589,44.962569],[-117.889894,44.964593],[-117.888432,44.966279],[-117.884334,44.967566],[-117.884123,44.97012],[-117.882822,44.972569],[-117.885757,44.97558],[-117.886768,44.977706],[-117.892268,44.98044],[-117.887427,44.984834],[-117.889993,44.984927],[-117.89078,44.987392],[-117.888574,44.990699],[-117.889345,44.993114],[-117.888167,44.995559],[-117.890262,44.99709],[-117.890929,44.999356],[-117.889937,45.000802],[-117.890241,45.00404],[-117.888259,45.007161],[-117.889454,45.009155],[-117.883726,45.012782],[-117.885128,45.013982],[-117.882416,45.01513],[-117.884144,45.020155],[-117.885547,45.02217],[-117.883811,45.025298],[-117.885689,45.027898],[-117.890616,45.028342],[-117.892343,45.033797],[-117.895416,45.03492],[-117.895504,45.041702],[-117.894088,45.043712],[-117.894721,45.045246],[-117.890529,45.047574],[-117.890166,45.048711],[-117.88652,45.049442],[-117.885745,45.051095],[-117.887172,45.054811],[-117.888586,45.05638],[-117.885284,45.058255],[-117.884055,45.060101],[-117.881177,45.059628],[-117.873409,45.060719],[-117.873234,45.064024],[-117.871901,45.064709],[-117.870452,45.060152],[-117.868607,45.057542],[-117.864192,45.055735],[-117.862601,45.054401],[-117.859846,45.055718],[-117.858141,45.059759],[-117.853802,45.060449],[-117.843441,45.058482],[-117.842101,45.056998],[-117.844923,45.054803],[-117.842232,45.054098],[-117.837763,45.055144],[-117.837257,45.052825],[-117.840615,45.051648],[-117.840947,45.050665],[-117.838239,45.048047],[-117.834036,45.042119],[-117.828833,45.037602],[-117.827392,45.035479],[-117.827797,45.03332],[-117.818131,45.025896],[-117.814555,45.024543],[-117.810292,45.025681],[-117.810993,45.028191],[-117.813516,45.031014],[-117.812815,45.032307],[-117.809453,45.032466],[-117.804289,45.031702],[-117.806546,45.029971],[-117.80352,45.027233],[-117.801362,45.029352],[-117.799027,45.029191],[-117.799239,45.026372],[-117.794969,45.026402],[-117.794974,45.023936],[-117.796525,45.019037],[-117.792992,45.016217],[-117.786607,45.013912],[-117.782092,45.013439],[-117.779434,45.011436],[-117.778266,45.00842],[-117.77884,45.006683],[-117.784301,45.00372],[-117.784236,44.999674],[-117.78493,44.998328],[-117.78416,44.99552],[-117.779562,44.99525],[-117.775494,44.988441],[-117.776116,44.986839],[-117.77323,44.982173],[-117.770436,44.979379],[-117.768617,44.976579],[-117.766382,44.976427],[-117.763404,44.974701],[-117.762941,44.972917],[-117.759597,44.971783],[-117.761127,44.967429],[-117.759133,44.963981],[-117.759496,44.960185],[-117.749854,44.955955],[-117.750166,44.953351],[-117.749044,44.952391],[-117.745393,44.953054],[-117.739657,44.952461],[-117.73549,44.953519],[-117.728125,44.950155],[-117.724304,44.951003],[-117.717383,44.94966],[-117.711166,44.950199],[-117.709275,44.948991],[-117.709738,44.945842],[-117.708604,44.943455],[-117.708717,44.939759],[-117.705304,44.937376],[-117.704969,44.934921],[-117.702365,44.933317],[-117.700895,44.931246],[-117.697444,44.92881],[-117.696278,44.926711],[-117.693048,44.923652],[-117.692325,44.920443],[-117.688982,44.920652],[-117.683763,44.919684],[-117.678138,44.916477],[-117.671876,44.91403],[-117.665813,44.912337],[-117.658866,44.906382],[-117.656581,44.90591],[-117.653578,44.902524],[-117.653659,44.899607],[-117.648484,44.898987],[-117.64785,44.896696],[-117.645093,44.89474],[-117.642623,44.8947],[-117.636036,44.889904],[-117.634197,44.892048],[-117.630804,44.890959],[-117.630392,44.887964],[-117.627745,44.885656],[-117.625462,44.885398],[-117.622133,44.883468],[-117.619989,44.885209],[-117.617523,44.881715],[-117.610351,44.880094],[-117.609507,44.874817],[-117.605725,44.875728],[-117.606535,44.873507],[-117.601888,44.871994],[-117.603955,44.870364],[-117.600774,44.867786],[-117.596707,44.867187],[-117.594165,44.863663],[-117.590275,44.86209],[-117.583837,44.862246],[-117.583346,44.86407],[-117.580531,44.863681],[-117.579597,44.862068],[-117.57712,44.860971],[-117.573903,44.86169],[-117.568632,44.85864],[-117.564566,44.858525],[-117.561557,44.855798],[-117.558417,44.854475],[-117.557029,44.852351],[-117.553874,44.851188],[-117.553164,44.849317],[-117.548798,44.849311],[-117.548652,44.846419],[-117.544209,44.845485],[-117.541672,44.842538],[-117.538826,44.842889],[-117.534036,44.842032],[-117.531994,44.838832],[-117.528447,44.836686],[-117.529651,44.835495],[-117.522796,44.833337],[-117.518144,44.83468],[-117.514706,44.832834],[-117.509662,44.833178],[-117.507041,44.832194],[-117.505122,44.830284],[-117.50273,44.831847],[-117.499503,44.830172],[-117.497266,44.829806],[-117.496215,44.827271],[-117.490322,44.826056],[-117.483922,44.827568],[-117.479579,44.82583],[-117.475824,44.826089],[-117.472901,44.825426],[-117.472846,44.823319],[-117.46973,44.823331],[-117.468958,44.822091],[-117.468355,44.817641],[-117.466827,44.815803],[-117.460999,44.818531],[-117.457352,44.817605],[-117.452803,44.818566],[-117.451986,44.8203],[-117.453397,44.821749],[-117.455603,44.821825],[-117.455881,44.82374],[-117.454794,44.826074],[-117.451826,44.829304],[-117.446559,44.830348],[-117.445253,44.828439],[-117.436859,44.827526],[-117.437281,44.830376],[-117.433433,44.831452],[-117.431983,44.829679],[-117.428096,44.827693],[-117.42667,44.825563],[-117.426794,44.821382],[-117.424967,44.820953],[-117.42001,44.817298],[-117.412839,44.817407],[-117.409346,44.816906],[-117.407502,44.819721],[-117.405073,44.818974],[-117.39835,44.818753],[-117.392383,44.817099],[-117.389461,44.81684],[-117.389563,44.814952],[-117.388184,44.813738],[-117.38416,44.813237],[-117.38277,44.814784],[-117.382706,44.816891],[-117.379352,44.817016],[-117.376732,44.815516],[-117.375938,44.812415],[-117.372391,44.812692],[-117.370825,44.811748],[-117.367448,44.811509],[-117.361718,44.80975],[-117.360007,44.809701],[-117.355467,44.811305],[-117.353485,44.810285],[-117.346732,44.810765],[-117.344411,44.81138],[-117.340973,44.811025],[-117.338969,44.812682],[-117.336309,44.812661],[-117.330534,44.810489],[-117.327904,44.808421],[-117.323448,44.806028],[-117.321451,44.807763],[-117.318568,44.808553],[-117.317011,44.807313],[-117.313326,44.806731],[-117.312516,44.80463],[-117.309834,44.801057],[-117.308246,44.800316],[-117.306142,44.797539],[-117.306628,44.795031],[-117.302282,44.791234],[-117.30185,44.788967],[-117.299639,44.786701],[-117.305126,44.78466],[-117.305643,44.781285],[-117.307262,44.779578],[-117.30646,44.77831],[-117.301819,44.778669],[-117.297886,44.779567],[-117.292758,44.777851],[-117.287605,44.778621],[-117.284293,44.776359],[-117.283013,44.777849],[-117.280059,44.778559],[-117.274705,44.777113],[-117.270507,44.778961],[-117.268566,44.77794],[-117.266618,44.775267],[-117.263853,44.775057],[-117.260222,44.777174],[-117.260081,44.779144],[-117.258276,44.781464],[-117.25376,44.781939],[-117.250869,44.78022],[-117.251569,44.775816],[-117.253791,44.772544],[-117.253252,44.770546],[-117.248394,44.769449],[-117.246493,44.768157],[-117.249824,44.7668],[-117.254123,44.766859],[-117.254824,44.765789],[-117.25129,44.76388],[-117.249317,44.76356],[-117.243164,44.763986],[-117.242453,44.762334],[-117.250061,44.759965],[-117.250351,44.756886],[-117.253346,44.757392],[-117.255273,44.755824],[-117.253959,44.753178],[-117.251503,44.75197],[-117.248698,44.752327],[-117.246582,44.754057],[-117.242184,44.754218],[-117.238587,44.753484],[-117.235706,44.753623],[-117.230168,44.752662],[-117.226447,44.75086],[-117.224468,44.748784],[-117.219638,44.746891],[-117.216589,44.749257],[-117.219255,44.751932],[-117.222852,44.753298],[-117.223238,44.755081],[-117.218849,44.755708],[-117.21334,44.75307],[-117.20899,44.755321],[-117.20755,44.755485],[-117.200132,44.750756],[-117.196281,44.750915],[-117.193994,44.748893],[-117.18801,44.748931],[-117.187895,44.747609],[-117.183983,44.745995],[-117.177958,44.746273],[-117.175643,44.745413],[-117.170761,44.746175],[-117.167095,44.745516],[-117.160556,44.748028],[-117.157207,44.747209],[-117.152324,44.747801],[-117.146971,44.749143],[-117.141084,44.752574],[-117.136593,44.753571],[-117.133302,44.75527],[-117.128897,44.754955],[-117.125253,44.756534],[-117.121289,44.759846],[-117.118632,44.760154],[-117.113732,44.758477],[-117.111492,44.760037],[-117.117002,44.763267],[-117.116466,44.767081],[-117.11055,44.767276],[-117.106298,44.768221],[-117.103424,44.767295],[-117.095691,44.769229],[-117.094582,44.770716],[-117.094984,44.773169],[-117.093975,44.774267],[-117.08624,44.775086],[-117.083166,44.77473],[-117.080407,44.772497],[-117.07429,44.771592],[-117.073242,44.770901],[-117.072348,44.767279],[-117.07036,44.767142],[-117.067202,44.768701],[-117.063866,44.7683],[-117.059529,44.765666],[-117.054584,44.763399],[-117.05051,44.759755],[-117.04766,44.759206],[-117.046929,44.757592],[-117.047369,44.754678],[-117.050065,44.752988],[-117.048972,44.751007],[-117.052146,44.749293],[-117.052408,44.747387],[-117.050308,44.745307],[-117.047217,44.743646],[-117.044817,44.744618]]},"properties":{"OBJECTID":40,"fhdFtrID":40,"fhdRefID":53721,"fhdRevDt":"20190520","fhdONm":"Tim Bailey","fhdOEnt":"ODFW","fhdSpNm":"SMbass","fhdRun":"NA","fhdLifeHst":"FluvRes","fhdUseTy":"Unknown","fhdBasis":"IndivProfOpinion","fhdStNm":"Powder River","fhdGenus":"Micropterus","fhdSp":"dolomieu","fhdSubSp":null,"fhdOrig":"NonNative","fhdProd":"Natural","fhdComment":null,"fhdESH":"NA","fhdBasisD":null,"fhdNMF":"no","fhdBasisDt":null,"fhdBasisNm":null,"fhdBasisEnt":null,"fhdBasisPrj":null,"fhdBasisMethod":null,"fhdAccess":null,"fhdBarrierFtrID":null,"fhdEndExtent":null,"Shape__Length":325658.9572170696,"habitatType":"stream"},"id":40},
{"type":"Feature","geometry":{"type":"LineString","coordinates":[[-116.854416,44.973912],[-116.858279,44.970533],[-116.862788,44.967756],[-116.862485,44.963309],[-116.865039,44.958618],[-116.867226,44.958971],[-116.871204,44.954633],[-116.874107,44.952678],[-116.875866,44.948935],[-116.877395,44.947631],[-116.877015,44.943778],[-116.881524,44.941285],[-116.887483,44.941449],[-116.889394,44.939389],[-116.890464,44.935753],[-116.893673,44.93342],[-116.8965,44.933311],[-116.899938,44.934506],[-116.904827,44.932823],[-116.905668,44.931086],[-116.908189,44.931358],[-116.910099,44.928862],[-116.909105,44.92653],[-116.913383,44.924359],[-116.913229,44.921645],[-116.917201,44.920666]]},"properties":{"OBJECTID":41,"fhdFtrID":41,"fhdRefID":53684,"fhdRevDt":"20190328","fhdONm":"Peter Robinson","fhdOEnt":"ODFW","fhdSpNm":"SMbass","fhdRun":"NA","fhdLifeHst":"FluvRes","fhdUseTy":"Unknown","fhdBasis":"UndocObsFish","fhdStNm":"Pine Creek","fhdGenus":"Micropterus","fhdSp":"dolomieu","fhdSubSp":null,"fhdOrig":"NonNative","fhdProd":"Natural","fhdComment":null,"fhdESH":"NA","fhdBasisD":null,"fhdNMF":"no","fhdBasisDt":null,"fhdBasisNm":null,"fhdBasisEnt":null,"fhdBasisPrj":null,"fhdBasisMethod":null,"fhdAccess":null,"fhdBarrierFtrID":null,"fhdEndExtent":null,"Shape__Length":13701.702522624453,"habitatType":"stream"},"id":41},
{"type":"Feature","geometry":{"type":"LineString","coordinates":[[-122.79086,45.619485],[-122.799348,45.619152],[-122.803564,45.620027],[-122.807058,45.621602],[-122.814013,45.625486],[-122.818699,45.630167],[-122.820305,45.632661],[-122.821979,45.638468],[-122.824682,45.645023],[-122.827124,45.647765],[-122.83118,45.650057],[-122.835156,45.65161],[-122.840272,45.65285],[-122.842344,45.653872],[-122.847055,45.658506],[-122.853146,45.662586],[-122.856631,45.665769],[-122.860189,45.67052],[-122.867066,45.674944],[-122.867637,45.678271],[-122.865605,45.683421],[-122.866467,45.688218],[-122.867504,45.689933],[-122.868633,45.694267],[-122.866815,45.705806],[-122.867732,45.714228],[-122.866772,45.717257],[-122.858698,45.729095],[-122.855989,45.732498],[-122.852332,45.734497],[-122.843596,45.735904],[-122.839797,45.73782],[-122.838646,45.740926],[-122.839322,45.745178],[-122.837897,45.746391],[-122.835044,45.746951],[-122.825248,45.747463],[-122.823776,45.749844],[-122.82387,45.755477],[-122.818201,45.762044],[-122.818973,45.763066],[-122.820023,45.767944],[-122.819498,45.769677],[-122.814752,45.772982],[-122.812042,45.777348],[-122.809689,45.783219],[-122.803744,45.788261],[-122.800943,45.792563],[-122.800096,45.795547],[-122.800675,45.799953],[-122.80626,45.801995],[-122.817471,45.803284],[-122.821087,45.804552],[-122.823472,45.806247],[-122.826078,45.809391],[-122.827177,45.812441],[-122.827036,45.81508],[-122.825727,45.817988],[-122.823514,45.819942],[-122.817511,45.823476],[-122.811343,45.834669],[-122.806287,45.837884],[-122.799051,45.846293],[-122.795078,45.856126],[-122.784759,45.862843]]},"properties":{"OBJECTID":42,"fhdFtrID":42,"fhdRefID":53684,"fhdRevDt":"20190328","fhdONm":"Peter Robinson","fhdOEnt":"ODFW","fhdSpNm":"SMbass","fhdRun":"NA","fhdLifeHst":"FluvRes","fhdUseTy":"Unknown","fhdBasis":"UndocObsFish","fhdStNm":"Multnomah Channel","fhdGenus":"Micropterus","fhdSp":"dolomieu","fhdSubSp":null,"fhdOrig":"NonNative","fhdProd":"Natural","fhdComment":null,"fhdESH":"NA","fhdBasisD":null,"fhdNMF":"no","fhdBasisDt":null,"fhdBasisNm":null,"fhdBasisEnt":null,"fhdBasisPrj":null,"fhdBasisMethod":null,"fhdAccess":null,"fhdBarrierFtrID":null,"fhdEndExtent":null,"Shape__Length":50487.869100071344,"habitatType":"stream"},"id":42},
{"type":"Feature","geometry":{"type":"LineString","coordinates":[[-122.82439,45.917475],[-122.828177,45.918931],[-122.838357,45.930422],[-122.84151,45.937366],[-122.844285,45.941231],[-122.846496,45.945782],[-122.849044,45.945968]]},"properties":{"OBJECTID":43,"fhdFtrID":43,"fhdRefID":53684,"fhdRevDt":"20190328","fhdONm":"Peter Robinson","fhdOEnt":"ODFW","fhdSpNm":"SMbass","fhdRun":"NA","fhdLifeHst":"FluvRes","fhdUseTy":"Unknown","fhdBasis":"UndocObsFish","fhdStNm":"Deer Island Slough","fhdGenus":"Micropterus","fhdSp":"dolomieu","fhdSubSp":null,"fhdOrig":"NonNative","fhdProd":"Natural","fhdComment":null,"fhdESH":"NA","fhdBasisD":null,"fhdNMF":"no","fhdBasisDt":null,"fhdBasisNm":null,"fhdBasisEnt":null,"fhdBasisPrj":null,"fhdBasisMethod":null,"fhdAccess":null,"fhdBarrierFtrID":null,"fhdEndExtent":null,"Shape__Length":5654.429937670216,"habitatType":"stream"},"id":43},
{"type":"Feature","geometry":{"type":"LineString","coordinates":[[-122.85646,45.984641],[-122.854367,45.978047],[-122.855153,45.973647],[-122.854707,45.966599],[-122.849854,45.957115],[-122.849862,45.954307],[-122.848409,45.947474],[-122.847881,45.947274]]},"properties":{"OBJECTID":44,"fhdFtrID":44,"fhdRefID":53684,"fhdRevDt":"20190328","fhdONm":"Peter Robinson","fhdOEnt":"ODFW","fhdSpNm":"SMbass","fhdRun":"NA","fhdLifeHst":"FluvRes","fhdUseTy":"Unknown","fhdBasis":"UndocObsFish","fhdStNm":"Deer Island Slough","fhdGenus":"Micropterus","fhdSp":"dolomieu","fhdSubSp":null,"fhdOrig":"NonNative","fhdProd":"Natural","fhdComment":null,"fhdESH":"NA","fhdBasisD":null,"fhdNMF":"no","fhdBasisDt":null,"fhdBasisNm":null,"fhdBasisEnt":null,"fhdBasisPrj":null,"fhdBasisMethod":null,"fhdAccess":null,"fhdBarrierFtrID":null,"fhdEndExtent":null,"Shape__Length":6225.509227378491,"habitatType":"stream"},"id":44},
{"type":"Feature","geometry":{"type":"LineString","coordinates":[[-122.947261,44.671365],[-122.950538,44.673433],[-122.953845,44.674497],[-122.959383,44.675462],[-122.964328,44.675131],[-122.96776,44.67629],[-122.971251,44.677212],[-122.978367,44.677997],[-122.982327,44.677584],[-122.98628,44.676162],[-122.989914,44.672462],[-122.99366,44.672841],[-122.997939,44.67533],[-123.001006,44.68097],[-123.006987,44.685507],[-123.00673,44.686682]]},"properties":{"OBJECTID":45,"fhdFtrID":45,"fhdRefID":53684,"fhdRevDt":"20190328","fhdONm":"Peter Robinson","fhdOEnt":"ODFW","fhdSpNm":"SMbass","fhdRun":"NA","fhdLifeHst":"FluvRes","fhdUseTy":"Unknown","fhdBasis":"UndocObsFish","fhdStNm":"South Santiam River","fhdGenus":"Micropterus","fhdSp":"dolomieu","fhdSubSp":null,"fhdOrig":"NonNative","fhdProd":"Natural","fhdComment":null,"fhdESH":"NA","fhdBasisD":null,"fhdNMF":"no","fhdBasisDt":null,"fhdBasisNm":null,"fhdBasisEnt":null,"fhdBasisPrj":null,"fhdBasisMethod":null,"fhdAccess":null,"fhdBarrierFtrID":null,"fhdEndExtent":null,"Shape__Length":8669.630978777506,"habitatType":"stream"},"id":45},
{"type":"Feature","geometry":{"type":"LineString","coordinates":[[-122.864134,44.697093],[-122.865498,44.696797],[-122.870455,44.69818],[-122.87326,44.696671],[-122.873038,44.694213],[-122.878153,44.693467],[-122.880162,44.69233],[-122.883755,44.691578],[-122.885881,44.688717],[-122.887628,44.687936],[-122.890844,44.688317],[-122.894704,44.6904],[-122.896789,44.690132],[-122.899783,44.688271],[-122.903114,44.687734],[-122.908183,44.689764],[-122.907227,44.692491],[-122.90795,44.69422],[-122.91162,44.693926],[-122.913589,44.694521],[-122.914457,44.696386],[-122.918243,44.696307],[-122.921459,44.69536],[-122.921922,44.693879],[-122.92476,44.693908],[-122.929153,44.693047],[-122.931046,44.693345],[-122.932485,44.691158],[-122.935632,44.689135],[-122.936916,44.690891],[-122.946232,44.687844],[-122.952741,44.688468],[-122.954864,44.686983],[-122.954148,44.684282],[-122.95657,44.682744],[-122.960247,44.683367],[-122.966039,44.683157],[-122.963738,44.68032],[-122.963692,44.678341],[-122.966153,44.678186],[-122.96776,44.67629]]},"properties":{"OBJECTID":46,"fhdFtrID":46,"fhdRefID":53684,"fhdRevDt":"20190328","fhdONm":"Peter Robinson","fhdOEnt":"ODFW","fhdSpNm":"SMbass","fhdRun":"NA","fhdLifeHst":"FluvRes","fhdUseTy":"Unknown","fhdBasis":"UndocObsFish","fhdStNm":"Thomas Creek","fhdGenus":"Micropterus","fhdSp":"dolomieu","fhdSubSp":null,"fhdOrig":"NonNative","fhdProd":"Natural","fhdComment":null,"fhdESH":"NA","fhdBasisD":null,"fhdNMF":"no","fhdBasisDt":null,"fhdBasisNm":null,"fhdBasisEnt":null,"fhdBasisPrj":null,"fhdBasisMethod":null,"fhdAccess":null,"fhdBarrierFtrID":null,"fhdEndExtent":null,"Shape__Length":17412.32626008193,"habitatType":"stream"},"id":46},
{"type":"Feature","geometry":{"type":"LineString","coordinates":[[-123.144634,45.225827],[-123.140712,45.227592],[-123.136679,45.225839],[-123.130757,45.225004],[-123.130833,45.227628],[-123.124491,45.226843],[-123.124361,45.231448],[-123.124792,45.2362],[-123.123922,45.238998],[-123.12025,45.242394],[-123.116921,45.242248],[-123.115235,45.239973],[-123.108886,45.236662],[-123.105834,45.234313],[-123.104075,45.23028],[-123.106797,45.224732],[-123.104063,45.223943],[-123.100947,45.224639],[-123.096777,45.223974],[-123.096291,45.226697],[-123.091667,45.22628],[-123.082841,45.227228],[-123.078777,45.227057],[-123.074571,45.225104],[-123.068961,45.221023],[-123.06395,45.218996],[-123.059081,45.218826],[-123.058945,45.221871],[-123.055658,45.22816],[-123.050165,45.23596],[-123.046979,45.23866],[-123.04253,45.23933],[-123.037553,45.237203],[-123.034013,45.235025],[-123.028303,45.236091],[-123.024063,45.234236],[-123.019543,45.234509],[-123.009803,45.231441],[-123.004268,45.229089],[-122.999784,45.228941],[-122.996915,45.229862]]},"properties":{"OBJECTID":47,"fhdFtrID":47,"fhdRefID":53684,"fhdRevDt":"20190328","fhdONm":"Peter Robinson","fhdOEnt":"ODFW","fhdSpNm":"SMbass","fhdRun":"NA","fhdLifeHst":"FluvRes","fhdUseTy":"Unknown","fhdBasis":"UndocObsFish","fhdStNm":"Yamhill River","fhdGenus":"Micropterus","fhdSp":"dolomieu","fhdSubSp":null,"fhdOrig":"NonNative","fhdProd":"Natural","fhdComment":null,"fhdESH":"NA","fhdBasisD":null,"fhdNMF":"no","fhdBasisDt":null,"fhdBasisNm":null,"fhdBasisEnt":null,"fhdBasisPrj":null,"fhdBasisMethod":null,"fhdAccess":null,"fhdBarrierFtrID":null,"fhdEndExtent":null,"Shape__Length":25842.994410946343,"habitatType":"stream"},"id":47},
{"type":"Feature","geometry":{"type":"LineString","coordinates":[[-123.279101,44.552959],[-123.276496,44.553181],[-123.27565,44.55005],[-123.273152,44.54876],[-123.274309,44.546002],[-123.277089,44.5427],[-123.280973,44.541611],[-123.279978,44.538912],[-123.277257,44.538298],[-123.279967,44.536509],[-123.283332,44.537446],[-123.284034,44.534284],[-123.286794,44.535006],[-123.288585,44.534475]]},"properties":{"OBJECTID":48,"fhdFtrID":48,"fhdRefID":53684,"fhdRevDt":"20190328","fhdONm":"Peter Robinson","fhdOEnt":"ODFW","fhdSpNm":"SMbass","fhdRun":"NA","fhdLifeHst":"FluvRes","fhdUseTy":"Unknown","fhdBasis":"UndocObsFish","fhdStNm":null,"fhdGenus":"Micropterus","fhdSp":"dolomieu","fhdSubSp":null,"fhdOrig":"NonNative","fhdProd":"Natural","fhdComment":null,"fhdESH":"NA","fhdBasisD":null,"fhdNMF":"no","fhdBasisDt":null,"fhdBasisNm":null,"fhdBasisEnt":null,"fhdBasisPrj":null,"fhdBasisMethod":null,"fhdAccess":null,"fhdBarrierFtrID":null,"fhdEndExtent":null,"Shape__Length":7654.346863811003,"habitatType":"stream"},"id":48},
{"type":"Feature","geometry":{"type":"LineString","coordinates":[[-122.715963,45.283664],[-122.718196,45.288613],[-122.720568,45.290373],[-122.724059,45.291832],[-122.722,45.29327],[-122.718984,45.294012],[-122.718588,45.295324],[-122.721389,45.299241],[-122.71977,45.300383]]},"properties":{"OBJECTID":49,"fhdFtrID":49,"fhdRefID":53684,"fhdRevDt":"20190328","fhdONm":"Peter Robinson","fhdOEnt":"ODFW","fhdSpNm":"SMbass","fhdRun":"NA","fhdLifeHst":"FluvRes","fhdUseTy":"Unknown","fhdBasis":"UndocObsFish","fhdStNm":"Molalla River","fhdGenus":"Micropterus","fhdSp":"dolomieu","fhdSubSp":null,"fhdOrig":"NonNative","fhdProd":"Natural","fhdComment":null,"fhdESH":"NA","fhdBasisD":null,"fhdNMF":"no","fhdBasisDt":null,"fhdBasisNm":null,"fhdBasisEnt":null,"fhdBasisPrj":null,"fhdBasisMethod":null,"fhdAccess":null,"fhdBarrierFtrID":null,"fhdEndExtent":null,"Shape__Length":3648.9853807981076,"habitatType":"stream"},"id":49},
{"type":"Feature","geometry":{"type":"LineString","coordinates":[[-123.346271,44.774857],[-123.339821,44.777591],[-123.337972,44.779217],[-123.338973,44.780652],[-123.337267,44.781865],[-123.331246,44.783206],[-123.329083,44.782888],[-123.326418,44.78114],[-123.325715,44.784113],[-123.320671,44.784155],[-123.318059,44.784945],[-123.315947,44.787057],[-123.311739,44.787447],[-123.312829,44.785554],[-123.310394,44.783994],[-123.306001,44.785086],[-123.305535,44.783008],[-123.301892,44.782612],[-123.299248,44.784537],[-123.293529,44.786064],[-123.292254,44.788849],[-123.287704,44.789049],[-123.28762,44.791305],[-123.28026,44.794685],[-123.275473,44.792968],[-123.273301,44.790921],[-123.270455,44.790442],[-123.270134,44.786716],[-123.265946,44.783215],[-123.259116,44.782096],[-123.256348,44.782156],[-123.24604,44.783799],[-123.249056,44.779688],[-123.244432,44.780076],[-123.243475,44.777809],[-123.240977,44.779165],[-123.23917,44.782194],[-123.236859,44.782712],[-123.233709,44.782205],[-123.230139,44.780565],[-123.225173,44.781088],[-123.220507,44.782619],[-123.21825,44.782203],[-123.216233,44.780119],[-123.215499,44.778114],[-123.21317,44.778188],[-123.213329,44.77585],[-123.210197,44.774614],[-123.212209,44.772265],[-123.209443,44.772259],[-123.208337,44.770966],[-123.211482,44.769618],[-123.212366,44.764927],[-123.213829,44.762494],[-123.219478,44.758131],[-123.217499,44.756985],[-123.213936,44.757019],[-123.212316,44.758516],[-123.206093,44.757925],[-123.204734,44.759413],[-123.201731,44.756879],[-123.197145,44.757076],[-123.194084,44.759701],[-123.190188,44.762246],[-123.187304,44.761522],[-123.18669,44.759065],[-123.188119,44.755606],[-123.185263,44.751452],[-123.18386,44.751319],[-123.182355,44.754751],[-123.179744,44.755917],[-123.179846,44.752406],[-123.181168,44.750918],[-123.179492,44.748274],[-123.177903,44.749114],[-123.177304,44.751518],[-123.174652,44.751873],[-123.17052,44.751421],[-123.167832,44.752478],[-123.167248,44.746942],[-123.169357,44.742429],[-123.163936,44.74187],[-123.16291,44.740629],[-123.16476,44.73825],[-123.164174,44.731904],[-123.161136,44.729559],[-123.159014,44.729264],[-123.154509,44.73054],[-123.154287,44.732512],[-123.152437,44.735296],[-123.150545,44.736298],[-123.149906,44.738135],[-123.151956,44.739537],[-123.150633,44.741024],[-123.147038,44.74273],[-123.147999,44.747968],[-123.147208,44.750157],[-123.14858,44.753153],[-123.14799,44.755565]]},"properties":{"OBJECTID":50,"fhdFtrID":50,"fhdRefID":53684,"fhdRevDt":"20190328","fhdONm":"Peter Robinson","fhdOEnt":"ODFW","fhdSpNm":"SMbass","fhdRun":"NA","fhdLifeHst":"FluvRes","fhdUseTy":"Unknown","fhdBasis":"UndocObsFish","fhdStNm":"Luckiamute River","fhdGenus":"Micropterus","fhdSp":"dolomieu","fhdSubSp":null,"fhdOrig":"NonNative","fhdProd":"Natural","fhdComment":null,"fhdESH":"NA","fhdBasisD":null,"fhdNMF":"no","fhdBasisDt":null,"fhdBasisNm":null,"fhdBasisEnt":null,"fhdBasisPrj":null,"fhdBasisMethod":null,"fhdAccess":null,"fhdBarrierFtrID":null,"fhdEndExtent":null,"Shape__Length":57116.09470162877,"habitatType":"stream"},"id":50},
{"type":"Feature","geometry":{"type":"LineString","coordinates":[[-122.666453,45.469404],[-122.671424,45.468636]]},"properties":{"OBJECTID":51,"fhdFtrID":51,"fhdRefID":53691,"fhdRevDt":"20190328","fhdONm":"Peter Robinson","fhdOEnt":"ODFW","fhdSpNm":"SMbass","fhdRun":"NA","fhdLifeHst":"FluvRes","fhdUseTy":"Unknown","fhdBasis":"UndocObsFish","fhdStNm":"Stephens Creek","fhdGenus":"Micropterus","fhdSp":"dolomieu","fhdSubSp":null,"fhdOrig":"NonNative","fhdProd":"Natural","fhdComment":null,"fhdESH":"NA","fhdBasisD":null,"fhdNMF":"no","fhdBasisDt":null,"fhdBasisNm":null,"fhdBasisEnt":null,"fhdBasisPrj":null,"fhdBasisMethod":null,"fhdAccess":null,"fhdBarrierFtrID":null,"fhdEndExtent":null,"Shape__Length":573.0377323602492,"habitatType":"stream"},"id":51},
{"type":"Feature","geometry":{"type":"LineString","coordinates":[[-117.239225,45.844693],[-117.240503,45.846635],[-117.2387,45.848736],[-117.238024,45.851572],[-117.240654,45.85546],[-117.238475,45.859132],[-117.240204,45.85992],[-117.242685,45.858453],[-117.24494,45.859397],[-117.243662,45.862181],[-117.240957,45.863281],[-117.239754,45.867797],[-117.236522,45.870004],[-117.238928,45.873942],[-117.237725,45.875411],[-117.235394,45.875673],[-117.234793,45.877933],[-117.237425,45.87872],[-117.236748,45.880296],[-117.233965,45.880189],[-117.231709,45.882188],[-117.230957,45.884813],[-117.228099,45.883865],[-117.225315,45.886651],[-117.223094,45.887565],[-117.222077,45.889943],[-117.219415,45.891753],[-117.219416,45.893562],[-117.217318,45.89515],[-117.216996,45.896955],[-117.213848,45.897299],[-117.209408,45.899391],[-117.211186,45.901426],[-117.210056,45.90267],[-117.206907,45.902784],[-117.203192,45.901823],[-117.202305,45.90403],[-117.199317,45.9025],[-117.197944,45.903632],[-117.198026,45.905666],[-117.200288,45.909681],[-117.198915,45.91053],[-117.194877,45.910532],[-117.19504,45.914092],[-117.190679,45.913982],[-117.189225,45.915735],[-117.184783,45.914658],[-117.184056,45.917089],[-117.186641,45.917827],[-117.185752,45.920538],[-117.182845,45.919805],[-117.176948,45.91958],[-117.175494,45.920766],[-117.177836,45.924043],[-117.175009,45.924043],[-117.172828,45.922291],[-117.170566,45.924216],[-117.170647,45.925683],[-117.173312,45.928964],[-117.170484,45.929472],[-117.164584,45.935691],[-117.164745,45.937275],[-117.159654,45.937895],[-117.15812,45.936596],[-117.155777,45.936482],[-117.156824,45.941854],[-117.154398,45.945413],[-117.158762,45.943944],[-117.160297,45.946377],[-117.155124,45.946996],[-117.153669,45.948352],[-117.150437,45.94824],[-117.149464,45.95163],[-117.149948,45.95378],[-117.145905,45.956211],[-117.144286,45.958414],[-117.141945,45.955586],[-117.139762,45.956376],[-117.139114,45.958015],[-117.141456,45.959659],[-117.142504,45.96288],[-117.139836,45.963275],[-117.136765,45.962482],[-117.136521,45.964575],[-117.132964,45.964575],[-117.134278,45.968115],[-117.133856,45.969673],[-117.131287,45.969721],[-117.132532,45.972347],[-117.130074,45.97523],[-117.128187,45.97453],[-117.123026,45.975337],[-117.123444,45.977605],[-117.117406,45.979339],[-117.11595,45.980907],[-117.118614,45.982983],[-117.114783,45.984841],[-117.111749,45.985006],[-117.109391,45.987403],[-117.105839,45.986596],[-117.10401,45.989217],[-117.099182,45.989815],[-117.095709,45.989728],[-117.096164,45.991978],[-117.098052,45.993299],[-117.096027,45.994696],[-117.092412,45.994951],[-117.091936,45.996382],[-117.089232,45.998428],[-117.084949,45.998867],[-117.084263,46.003535],[-117.079977,46.004807],[-117.074324,46.008348],[-117.071771,46.011473],[-117.067313,46.010026],[-117.065843,46.012277],[-117.059915,46.014108],[-117.058261,46.012758],[-117.055071,46.013408],[-117.052665,46.010349],[-117.050106,46.008676],[-117.045754,46.009839],[-117.041747,46.006366],[-117.036955,46.006692],[-117.032165,46.009583],[-117.027529,46.011663],[-117.027788,46.013211],[-117.02992,46.014498],[-117.029353,46.016496],[-117.02513,46.021555],[-117.024473,46.024463],[-117.021269,46.025453],[-117.016257,46.028928],[-117.016464,46.030854],[-117.013247,46.032079],[-117.011166,46.033708],[-117.004589,46.040756],[-117.001811,46.041512],[-117.001255,46.043249],[-117.003427,46.047561],[-117.004215,46.051152],[-117.005869,46.052953]]},"properties":{"OBJECTID":52,"fhdFtrID":52,"fhdRefID":53684,"fhdRevDt":"20190402","fhdONm":"Peter Robinson","fhdOEnt":"ODFW","fhdSpNm":"SMbass","fhdRun":"NA","fhdLifeHst":"FluvRes","fhdUseTy":"Unknown","fhdBasis":"UndocObsFish","fhdStNm":null,"fhdGenus":"Micropterus","fhdSp":"dolomieu","fhdSubSp":null,"fhdOrig":"NonNative","fhdProd":"Natural","fhdComment":null,"fhdESH":"NA","fhdBasisD":null,"fhdNMF":"no","fhdBasisDt":null,"fhdBasisNm":null,"fhdBasisEnt":null,"fhdBasisPrj":null,"fhdBasisMethod":null,"fhdAccess":null,"fhdBarrierFtrID":null,"fhdEndExtent":null,"Shape__Length":71573.68144544665,"habitatType":"stream"},"id":52},
{"type":"Feature","geometry":{"type":"LineString","coordinates":[[-117.199952,45.812285],[-117.201185,45.813633],[-117.203573,45.813904],[-117.20442,45.815842],[-117.203728,45.818809],[-117.206038,45.819453],[-117.208349,45.816379],[-117.213433,45.817351],[-117.217209,45.819936],[-117.219443,45.81972],[-117.223217,45.817724],[-117.226607,45.819288],[-117.228611,45.822789],[-117.233515,45.823427],[-117.236519,45.826733],[-117.236444,45.828048],[-117.232839,45.828627],[-117.231863,45.829569],[-117.234116,45.83204],[-117.239073,45.831251],[-117.237947,45.834822],[-117.235243,45.835242],[-117.235017,45.836871],[-117.238849,45.836607],[-117.243206,45.840441],[-117.238924,45.840756],[-117.237647,45.84165],[-117.239225,45.844693]]},"properties":{"OBJECTID":53,"fhdFtrID":52,"fhdRefID":53684,"fhdRevDt":"20190402","fhdONm":"Peter Robinson","fhdOEnt":"ODFW","fhdSpNm":"SMbass","fhdRun":"NA","fhdLifeHst":"FluvRes","fhdUseTy":"Unknown","fhdBasis":"UndocObsFish","fhdStNm":"Joseph Creek","fhdGenus":"Micropterus","fhdSp":"dolomieu","fhdSubSp":null,"fhdOrig":"NonNative","fhdProd":"Natural","fhdComment":null,"fhdESH":"NA","fhdBasisD":null,"fhdNMF":"no","fhdBasisDt":null,"fhdBasisNm":null,"fhdBasisEnt":null,"fhdBasisPrj":null,"fhdBasisMethod":null,"fhdAccess":null,"fhdBarrierFtrID":null,"fhdEndExtent":null,"Shape__Length":12789.311807744147,"habitatType":"stream"},"id":53},
{"type":"Feature","geometry":{"type":"LineString","coordinates":[[-124.141638,43.080578],[-124.145286,43.08453],[-124.145937,43.087819],[-124.147907,43.088691],[-124.15793,43.090481],[-124.159215,43.09217],[-124.159054,43.095386],[-124.159783,43.096892],[-124.162354,43.098325],[-124.168093,43.095781],[-124.171289,43.095154],[-124.174739,43.098252],[-124.178379,43.097729],[-124.181242,43.09516],[-124.183915,43.096159],[-124.188795,43.096864],[-124.188823,43.100241],[-124.182936,43.102733],[-124.181381,43.104343],[-124.177391,43.105789],[-124.179095,43.108149],[-124.181948,43.108876],[-124.183753,43.110721],[-124.181657,43.114822],[-124.18197,43.117709],[-124.180114,43.118998],[-124.179695,43.122109],[-124.185054,43.122729],[-124.190654,43.124292],[-124.193211,43.123077],[-124.195933,43.120779],[-124.198141,43.120567],[-124.20045,43.121677],[-124.199225,43.125094],[-124.196988,43.12763],[-124.191822,43.131277],[-124.191385,43.13347],[-124.187045,43.134109],[-124.180178,43.139933],[-124.178064,43.143287],[-124.178033,43.145753],[-124.17993,43.154369],[-124.181301,43.157237],[-124.18428,43.160067],[-124.183227,43.163374],[-124.186934,43.164736],[-124.187124,43.165878],[-124.184538,43.166932],[-124.185198,43.169031],[-124.188282,43.169547],[-124.189955,43.171084],[-124.190378,43.173683],[-124.194996,43.173232],[-124.199106,43.174303],[-124.201815,43.17591],[-124.202559,43.178774],[-124.207602,43.177935],[-124.210493,43.178902],[-124.217244,43.177827],[-124.219241,43.17676],[-124.222992,43.176857],[-124.233815,43.180944],[-124.240755,43.182063],[-124.246265,43.186445],[-124.251243,43.189551],[-124.255681,43.19082],[-124.259569,43.192964],[-124.26908,43.200062],[-124.272285,43.201245],[-124.27581,43.200707],[-124.280191,43.195994],[-124.279768,43.194265],[-124.276962,43.190004],[-124.276659,43.187713],[-124.273834,43.182355],[-124.273329,43.178767],[-124.274446,43.174141],[-124.273357,43.169785],[-124.27458,43.165655],[-124.274439,43.161767],[-124.276106,43.157053],[-124.279333,43.152857],[-124.28194,43.151914],[-124.287528,43.153584],[-124.294553,43.153978],[-124.297694,43.15284],[-124.298525,43.151592],[-124.298124,43.145743]]},"properties":{"OBJECTID":54,"fhdFtrID":53,"fhdRefID":53715,"fhdRevDt":"20190326","fhdONm":"Mike Gray","fhdOEnt":"ODFW","fhdSpNm":"SMbass","fhdRun":"NA","fhdLifeHst":"FluvRes","fhdUseTy":"Unknown","fhdBasis":"UndocObsFish","fhdStNm":"Coquille River","fhdGenus":"Micropterus","fhdSp":"dolomieu","fhdSubSp":null,"fhdOrig":"NonNative","fhdProd":"Natural","fhdComment":"Introduced illegally 2005-2010","fhdESH":"NA","fhdBasisD":null,"fhdNMF":"no","fhdBasisDt":null,"fhdBasisNm":null,"fhdBasisEnt":null,"fhdBasisPrj":null,"fhdBasisMethod":null,"fhdAccess":null,"fhdBarrierFtrID":null,"fhdEndExtent":null,"Shape__Length":48543.94973308803,"habitatType":"stream"},"id":54},
{"type":"Feature","geometry":{"type":"LineString","coordinates":[[-124.038682,42.836888],[-124.039531,42.839699],[-124.04361,42.843472],[-124.046711,42.844726],[-124.052117,42.848811],[-124.052316,42.850668],[-124.048348,42.851754],[-124.04653,42.854098],[-124.046925,42.856166],[-124.046,42.858345],[-124.048708,42.859693],[-124.050058,42.857848],[-124.055196,42.858616],[-124.057914,42.861666],[-124.058091,42.863772],[-124.055497,42.866749],[-124.055094,42.868216],[-124.05842,42.86991],[-124.059605,42.874424],[-124.062335,42.874044],[-124.066229,42.875751],[-124.068708,42.877457],[-124.071545,42.876672],[-124.07595,42.877428],[-124.077934,42.878932],[-124.07867,42.883015],[-124.074112,42.884689],[-124.07098,42.884609],[-124.069221,42.88548],[-124.068471,42.889621],[-124.069357,42.890834],[-124.069553,42.894725],[-124.071147,42.89576],[-124.075328,42.895349],[-124.077251,42.896629],[-124.078017,42.898723],[-124.083437,42.896763],[-124.086726,42.897708],[-124.088367,42.899492],[-124.093209,42.901014],[-124.096482,42.899824],[-124.099292,42.900357],[-124.101166,42.902016],[-124.10343,42.902],[-124.107428,42.903609],[-124.111413,42.90597],[-124.109817,42.909773],[-124.107375,42.911536],[-124.10468,42.912203],[-124.101728,42.914079],[-124.102644,42.916565],[-124.106262,42.916828],[-124.110593,42.916289],[-124.112787,42.918605],[-124.114687,42.919012],[-124.116241,42.917635],[-124.119762,42.917777],[-124.120521,42.920002],[-124.119783,42.923838],[-124.117656,42.928119],[-124.114227,42.929658],[-124.105816,42.929751],[-124.102921,42.931543],[-124.099036,42.937326],[-124.101264,42.940463],[-124.105068,42.941242],[-124.107486,42.943254],[-124.106864,42.945017],[-124.103695,42.945624],[-124.098976,42.944643],[-124.097002,42.945775],[-124.096841,42.947693],[-124.099776,42.949278],[-124.107454,42.948789],[-124.107891,42.953984],[-124.106583,42.956335],[-124.109063,42.957449],[-124.111918,42.957503],[-124.112687,42.958927],[-124.112501,42.962858],[-124.111739,42.965125],[-124.114646,42.968539],[-124.115769,42.97073],[-124.117582,42.971199],[-124.121042,42.970611],[-124.127297,42.966188],[-124.129418,42.965895],[-124.133447,42.967485],[-124.136062,42.971609],[-124.138441,42.972969],[-124.140469,42.975137],[-124.146814,42.978532],[-124.149474,42.981252],[-124.151687,42.981666],[-124.156701,42.981024],[-124.16116,42.981822],[-124.162227,42.987269],[-124.164058,42.988155],[-124.164784,42.990194],[-124.162838,42.991776],[-124.158178,42.997477],[-124.155095,42.996251],[-124.154827,42.991714],[-124.152096,42.988927],[-124.151422,42.986943],[-124.148204,42.986056],[-124.146387,42.98647],[-124.140993,42.993224],[-124.13938,42.997625],[-124.146008,42.998498],[-124.147666,43.001072],[-124.148466,43.005864],[-124.149937,43.008122],[-124.152005,43.008865],[-124.159035,43.009012],[-124.162337,43.008519],[-124.164762,43.011599],[-124.162533,43.013045],[-124.163184,43.015944],[-124.159007,43.017955],[-124.153742,43.019224],[-124.151767,43.017097],[-124.152132,43.015205],[-124.149842,43.014813],[-124.14673,43.017196],[-124.14595,43.019031],[-124.143604,43.019244],[-124.140387,43.015013],[-124.137262,43.014447],[-124.134909,43.017017],[-124.134572,43.019359],[-124.133311,43.020371],[-124.135066,43.023865],[-124.134979,43.027486],[-124.131183,43.030356],[-124.129161,43.030679],[-124.124935,43.030133],[-124.123946,43.032793],[-124.117403,43.03403],[-124.118529,43.035951],[-124.12126,43.038248],[-124.126531,43.040519],[-124.131311,43.046118],[-124.133136,43.047208],[-124.143318,43.048052],[-124.145284,43.046817],[-124.148437,43.048001],[-124.151473,43.052752],[-124.154025,43.055239],[-124.153183,43.059462],[-124.147963,43.062054],[-124.14721,43.065141],[-124.148048,43.07059],[-124.146241,43.074444],[-124.141638,43.080578]]},"properties":{"OBJECTID":55,"fhdFtrID":54,"fhdRefID":53715,"fhdRevDt":"20190401","fhdONm":"Mike Gray","fhdOEnt":"ODFW","fhdSpNm":"SMbass","fhdRun":"NA","fhdLifeHst":"FluvRes","fhdUseTy":"Unknown","fhdBasis":"DocObsFish","fhdStNm":"South Fork Coquille River","fhdGenus":"Micropterus","fhdSp":"dolomieu","fhdSubSp":null,"fhdOrig":"NonNative","fhdProd":"Natural","fhdComment":"Introduced illegally 2005-2010","fhdESH":"NA","fhdBasisD":null,"fhdNMF":"no","fhdBasisDt":"20120000","fhdBasisNm":null,"fhdBasisEnt":"ODFW","fhdBasisPrj":null,"fhdBasisMethod":"Snorkel survey","fhdAccess":null,"fhdBarrierFtrID":null,"fhdEndExtent":null,"Shape__Length":77273.28914920682,"habitatType":"stream"},"id":55},
{"type":"Feature","geometry":{"type":"LineString","coordinates":[[-124.141638,43.080578],[-124.139608,43.078679],[-124.135585,43.078503],[-124.13037,43.080274],[-124.129829,43.083823],[-124.126405,43.087094],[-124.121591,43.085099],[-124.118582,43.084343],[-124.113694,43.084929],[-124.105628,43.087385],[-124.10065,43.085675],[-124.100083,43.083052],[-124.101213,43.081702],[-124.104976,43.083007],[-124.107563,43.081448],[-124.109136,43.078643],[-124.106869,43.073244],[-124.108392,43.070206],[-124.107469,43.068108],[-124.105924,43.067481],[-124.100564,43.068718],[-124.096841,43.070362],[-124.09333,43.074167],[-124.092557,43.076417],[-124.093858,43.079413],[-124.092115,43.081577],[-124.087049,43.082933],[-124.084422,43.08696],[-124.079946,43.088005],[-124.074941,43.085381],[-124.069402,43.084654],[-124.067982,43.087552],[-124.073735,43.089893],[-124.074297,43.092104],[-124.077903,43.096213],[-124.075958,43.09839],[-124.077142,43.101243],[-124.076535,43.104398],[-124.077385,43.105842],[-124.080537,43.107773],[-124.081667,43.106249],[-124.086106,43.106943],[-124.087144,43.108066],[-124.082876,43.109362],[-124.080393,43.112746],[-124.076958,43.113055],[-124.073233,43.114832],[-124.071487,43.119343],[-124.071446,43.121287],[-124.075121,43.123276],[-124.07615,43.124833],[-124.081553,43.128015],[-124.082918,43.130836],[-124.085344,43.132622],[-124.090385,43.132321],[-124.098503,43.128629],[-124.102105,43.129397],[-124.104909,43.1284],[-124.108866,43.130114],[-124.111802,43.130088],[-124.1131,43.132367],[-124.105587,43.136493],[-124.104326,43.13868],[-124.106589,43.142055],[-124.107606,43.147281],[-124.103335,43.148671],[-124.101604,43.151303],[-124.099133,43.151466],[-124.096021,43.150673],[-124.098544,43.148071],[-124.098667,43.146487],[-124.096194,43.145342],[-124.092093,43.148129],[-124.084845,43.147321],[-124.082148,43.149034],[-124.074199,43.150857],[-124.071928,43.153032],[-124.074928,43.156296],[-124.0756,43.158354],[-124.072456,43.159835],[-124.071656,43.162784],[-124.073934,43.164488],[-124.076859,43.163931],[-124.079173,43.162333],[-124.082778,43.163306],[-124.08295,43.165193],[-124.081543,43.166232],[-124.075687,43.167661],[-124.074372,43.16904],[-124.075626,43.170375],[-124.076262,43.173292],[-124.078801,43.1729],[-124.08214,43.175675],[-124.086245,43.175218],[-124.087562,43.177381],[-124.085861,43.180742],[-124.088538,43.182911],[-124.089211,43.184842],[-124.091519,43.184474],[-124.094215,43.188179],[-124.091919,43.189635],[-124.087963,43.18898],[-124.086767,43.190789],[-124.086867,43.196677],[-124.085004,43.200292],[-124.082585,43.200727],[-124.079192,43.199216],[-124.077117,43.199657],[-124.079751,43.203098],[-124.079334,43.204329],[-124.074985,43.206357],[-124.074488,43.208455],[-124.070598,43.210203],[-124.070713,43.212547],[-124.069735,43.214917],[-124.067065,43.216596],[-124.066465,43.218646],[-124.064338,43.220612],[-124.065247,43.222346],[-124.06872,43.221036],[-124.071623,43.221874],[-124.072579,43.223702],[-124.067604,43.225383],[-124.067333,43.228054],[-124.064793,43.229068],[-124.064099,43.230466],[-124.060438,43.234036],[-124.057348,43.235024],[-124.057015,43.237919],[-124.0544,43.236215],[-124.053075,43.238598],[-124.049428,43.241134],[-124.043841,43.242578],[-124.047777,43.246212],[-124.048275,43.249953],[-124.046997,43.251316],[-124.043481,43.252894],[-124.043153,43.254557],[-124.044792,43.256651],[-124.042521,43.257398],[-124.041012,43.259186],[-124.037888,43.258451],[-124.036349,43.2591],[-124.035208,43.261541],[-124.030877,43.260431],[-124.028284,43.257135],[-124.026873,43.256729],[-124.021215,43.258074]]},"properties":{"OBJECTID":56,"fhdFtrID":55,"fhdRefID":53715,"fhdRevDt":"20190402","fhdONm":"Mike Gray","fhdOEnt":"ODFW","fhdSpNm":"SMbass","fhdRun":"NA","fhdLifeHst":"FluvRes","fhdUseTy":"Unknown","fhdBasis":"UndocObsFish","fhdStNm":"North Fork Coquille River","fhdGenus":"Micropterus","fhdSp":"dolomieu","fhdSubSp":null,"fhdOrig":"NonNative","fhdProd":"Natural","fhdComment":null,"fhdESH":"NA","fhdBasisD":null,"fhdNMF":"no","fhdBasisDt":null,"fhdBasisNm":null,"fhdBasisEnt":null,"fhdBasisPrj":null,"fhdBasisMethod":null,"fhdAccess":null,"fhdBarrierFtrID":null,"fhdEndExtent":null,"Shape__Length":73132.2110612971,"habitatType":"stream"},"id":56},
{"type":"Feature","geometry":{"type":"LineString","coordinates":[[-123.920289,43.019083],[-123.923836,43.021414],[-123.925786,43.021821],[-123.933086,43.020465],[-123.936198,43.019515],[-123.938346,43.01792],[-123.939969,43.014046],[-123.944965,43.012759],[-123.951132,43.012074],[-123.957354,43.010781],[-123.960679,43.012968],[-123.963363,43.012115],[-123.966715,43.013447],[-123.970099,43.011978],[-123.975016,43.015302],[-123.979293,43.016076],[-123.982535,43.014517],[-123.98519,43.016078],[-123.987935,43.016014],[-123.990288,43.01688],[-123.995009,43.017249],[-123.997006,43.0184],[-124.00062,43.01666],[-124.004987,43.017473],[-124.008024,43.019915],[-124.007419,43.020983],[-124.008883,43.023838],[-124.010692,43.024043],[-124.012772,43.027718],[-124.015211,43.027121],[-124.016696,43.025592],[-124.01981,43.027295],[-124.022504,43.030602],[-124.028575,43.034175],[-124.033081,43.034543],[-124.035076,43.034004],[-124.037382,43.035133],[-124.039921,43.034571],[-124.041845,43.0359],[-124.049094,43.038006],[-124.051294,43.039135],[-124.056473,43.038066],[-124.058677,43.038376],[-124.063464,43.041179],[-124.065586,43.037871],[-124.070004,43.035669],[-124.073474,43.035745],[-124.075711,43.034878],[-124.079156,43.031772],[-124.081407,43.029054],[-124.080244,43.026984],[-124.082339,43.025538],[-124.081965,43.02199],[-124.089488,43.025329],[-124.091744,43.027089],[-124.096111,43.027236],[-124.096828,43.03003],[-124.100603,43.031326],[-124.099748,43.032926],[-124.099954,43.036254],[-124.102629,43.03725],[-124.111071,43.035674],[-124.112907,43.033667],[-124.116194,43.032121],[-124.117403,43.03403]]},"properties":{"OBJECTID":57,"fhdFtrID":56,"fhdRefID":53715,"fhdRevDt":"20190402","fhdONm":"Mike Gray","fhdOEnt":"ODFW","fhdSpNm":"SMbass","fhdRun":"NA","fhdLifeHst":"FluvRes","fhdUseTy":"Unknown","fhdBasis":"UndocObsFish","fhdStNm":"Middle Fork Coquille River","fhdGenus":"Micropterus","fhdSp":"dolomieu","fhdSubSp":null,"fhdOrig":"NonNative","fhdProd":"Natural","fhdComment":null,"fhdESH":"NA","fhdBasisD":null,"fhdNMF":"no","fhdBasisDt":null,"fhdBasisNm":null,"fhdBasisEnt":null,"fhdBasisPrj":null,"fhdBasisMethod":null,"fhdAccess":null,"fhdBarrierFtrID":null,"fhdEndExtent":null,"Shape__Length":31438.936783095454,"habitatType":"stream"},"id":57},
{"type":"Feature","geometry":{"type":"LineString","coordinates":[[-117.914826,45.571628],[-117.914957,45.57616],[-117.913893,45.578897],[-117.907782,45.581618],[-117.904398,45.581726],[-117.903592,45.584003],[-117.905786,45.586956],[-117.905097,45.590483],[-117.903211,45.594077],[-117.906023,45.596673],[-117.905358,45.598434],[-117.901808,45.600298],[-117.900548,45.603146],[-117.902155,45.607481],[-117.901342,45.609458],[-117.898747,45.610802],[-117.895525,45.611421],[-117.890069,45.614381],[-117.888654,45.617335],[-117.883529,45.621827],[-117.880722,45.626821],[-117.88146,45.632242],[-117.883132,45.633335],[-117.886425,45.633353],[-117.886356,45.637632],[-117.887654,45.639377],[-117.885275,45.64212],[-117.882107,45.642206],[-117.876649,45.646834],[-117.872703,45.64824],[-117.871712,45.651357],[-117.869547,45.653585],[-117.867712,45.65684],[-117.863582,45.658384],[-117.864871,45.664693],[-117.864661,45.666339],[-117.861446,45.667471],[-117.862058,45.669627],[-117.864336,45.670312],[-117.865864,45.671946],[-117.865617,45.675485],[-117.867388,45.6782],[-117.869664,45.683504],[-117.869047,45.685562],[-117.863976,45.686761],[-117.862248,45.689582],[-117.863213,45.692007],[-117.862471,45.693872],[-117.855598,45.695818],[-117.854394,45.697365],[-117.85752,45.700448],[-117.854695,45.702248],[-117.85168,45.701569],[-117.844974,45.701943],[-117.842803,45.70331],[-117.842572,45.705931],[-117.837455,45.709047],[-117.836148,45.71173],[-117.83803,45.716602],[-117.835822,45.718644],[-117.82734,45.72095],[-117.818128,45.721286],[-117.814681,45.719931],[-117.813106,45.717972],[-117.809981,45.717862],[-117.80749,45.71885],[-117.799555,45.719256],[-117.797307,45.720732],[-117.79158,45.722311],[-117.78807,45.724604],[-117.784753,45.725882],[-117.781988,45.730993],[-117.781564,45.733462],[-117.783605,45.735946],[-117.783583,45.737445],[-117.779609,45.742157],[-117.780167,45.746465],[-117.778361,45.747467],[-117.775787,45.746724],[-117.773777,45.74802],[-117.774807,45.750192],[-117.77021,45.752631],[-117.765353,45.752627],[-117.762478,45.75518],[-117.760647,45.758064],[-117.760275,45.763759],[-117.757972,45.767992],[-117.757602,45.772589],[-117.758435,45.77405],[-117.755294,45.779413],[-117.755826,45.782862],[-117.751265,45.784957],[-117.748725,45.787013],[-117.748835,45.78811],[-117.745294,45.791009],[-117.74501,45.793765],[-117.749447,45.795644],[-117.749928,45.797837],[-117.748418,45.7989],[-117.744281,45.797703],[-117.740991,45.798404],[-117.740632,45.799869],[-117.742792,45.803122],[-117.745938,45.80505],[-117.746998,45.807937],[-117.749841,45.811811],[-117.749067,45.813859],[-117.751643,45.816718],[-117.753364,45.819825],[-117.753047,45.822015],[-117.749588,45.824027],[-117.748762,45.826152],[-117.752401,45.830612],[-117.752249,45.833293],[-117.749323,45.833834],[-117.746285,45.832995],[-117.743785,45.835234],[-117.744895,45.837536],[-117.744,45.839391],[-117.740309,45.839833],[-117.739453,45.841247],[-117.742344,45.845392],[-117.742269,45.846972],[-117.738681,45.846972],[-117.734311,45.845286],[-117.732908,45.845394],[-117.73299,45.848827],[-117.728941,45.854006],[-117.725744,45.854444],[-117.722147,45.853847],[-117.71966,45.854285],[-117.716621,45.857009],[-117.715138,45.859362],[-117.711525,45.861841],[-117.710073,45.862081],[-117.704927,45.865024],[-117.697674,45.867589],[-117.696662,45.869877],[-117.688473,45.874237],[-117.684026,45.87511],[-117.679693,45.874596],[-117.677707,45.876309],[-117.675758,45.880726],[-117.673573,45.88127],[-117.669671,45.87947],[-117.665457,45.879198],[-117.660307,45.877234],[-117.658044,45.873584],[-117.656221,45.872939],[-117.651646,45.872819],[-117.648759,45.870585],[-117.645014,45.869005],[-117.644234,45.867587],[-117.637993,45.862896],[-117.634834,45.862436],[-117.63105,45.864037],[-117.628866,45.863874],[-117.621613,45.859674],[-117.619479,45.859965],[-117.616916,45.862566],[-117.61678,45.863751],[-117.611081,45.867647],[-117.606299,45.868352],[-117.602582,45.864132],[-117.599297,45.863578],[-117.597358,45.865748],[-117.597756,45.86864],[-117.599154,45.871859],[-117.597475,45.874127],[-117.593435,45.873851],[-117.590693,45.872533],[-117.588399,45.872626],[-117.585994,45.874295],[-117.585361,45.876327],[-117.585309,45.880603],[-117.582952,45.881043],[-117.580021,45.880054],[-117.577036,45.881262],[-117.575726,45.885651],[-117.572742,45.885905],[-117.569182,45.883749],[-117.564418,45.882873],[-117.561851,45.884262],[-117.556456,45.888757],[-117.553366,45.889087],[-117.550022,45.888009],[-117.545753,45.890963],[-117.544727,45.892804],[-117.541917,45.894221],[-117.536413,45.892843],[-117.534634,45.892878],[-117.527654,45.894909],[-117.524129,45.894358],[-117.51934,45.894974],[-117.514311,45.894861],[-117.502021,45.895699],[-117.494942,45.895727],[-117.490921,45.899986],[-117.48493,45.90039],[-117.483649,45.899829],[-117.481379,45.896733],[-117.476,45.896377],[-117.47319,45.897928],[-117.473979,45.901551],[-117.476542,45.903613],[-117.480287,45.904703],[-117.479759,45.906272],[-117.4749,45.907939],[-117.46336,45.906366],[-117.461308,45.908191],[-117.462531,45.914195],[-117.459176,45.916845],[-117.454773,45.917377],[-117.451374,45.916637],[-117.446651,45.917055],[-117.442188,45.919222],[-117.441314,45.921224],[-117.442382,45.924136],[-117.446344,45.926092],[-117.449748,45.926425],[-117.453184,45.925039],[-117.45589,45.924785],[-117.457486,45.925966],[-117.457011,45.929398],[-117.454049,45.931462],[-117.44484,45.93166],[-117.441561,45.933296],[-117.441073,45.935215],[-117.444143,45.936769],[-117.445745,45.938734],[-117.451086,45.943465],[-117.450407,45.945628],[-117.445495,45.946187],[-117.441629,45.945135],[-117.438016,45.945028],[-117.432999,45.947045],[-117.430805,45.94862],[-117.425528,45.953558],[-117.423844,45.956827],[-117.423401,45.959937],[-117.419277,45.962612],[-117.416194,45.962516],[-117.413021,45.961173],[-117.409462,45.961897],[-117.406112,45.96636],[-117.404734,45.971039],[-117.400485,45.973209],[-117.396862,45.973269],[-117.3952,45.975259],[-117.397348,45.978231],[-117.395176,45.980204],[-117.390658,45.979879],[-117.388762,45.98101],[-117.389932,45.984147],[-117.394588,45.985675],[-117.396401,45.987924],[-117.394241,45.989255],[-117.387536,45.988683],[-117.38487,45.989719],[-117.383792,45.996257],[-117.380609,45.999718],[-117.377436,46.001678],[-117.373487,46.002204],[-117.371934,46.001669],[-117.372898,45.998479],[-117.372746,45.995591],[-117.373688,45.992318],[-117.37214,45.991921],[-117.367349,45.993854],[-117.366215,45.998151],[-117.36699,46.001491],[-117.368921,46.00343],[-117.367899,46.006705],[-117.363701,46.007091],[-117.358406,46.003814],[-117.353828,46.003793],[-117.351418,46.006918],[-117.353172,46.009374],[-117.356095,46.010607],[-117.359158,46.012933],[-117.363996,46.014979],[-117.364595,46.01738],[-117.360973,46.019079],[-117.357094,46.019249],[-117.351471,46.018392],[-117.347425,46.017137],[-117.344243,46.017767],[-117.34188,46.021199],[-117.339495,46.022187],[-117.33424,46.025479],[-117.329799,46.026208],[-117.324105,46.025378],[-117.322548,46.027115],[-117.323153,46.028679],[-117.326301,46.030385],[-117.327041,46.032309],[-117.324548,46.033221],[-117.320121,46.032666],[-117.315274,46.028539],[-117.310512,46.027261],[-117.3024,46.029938],[-117.293156,46.031641],[-117.293009,46.033797],[-117.29462,46.038698],[-117.292249,46.040229],[-117.287862,46.039268],[-117.28551,46.037807],[-117.275652,46.034596],[-117.26983,46.034826],[-117.266225,46.037354],[-117.265175,46.039193],[-117.262345,46.041279],[-117.257024,46.042555],[-117.253718,46.042675],[-117.252547,46.039791],[-117.253412,46.034868],[-117.247649,46.034213],[-117.2435,46.037057],[-117.2418,46.041345],[-117.239902,46.04179],[-117.233812,46.039893],[-117.229047,46.040398],[-117.227026,46.03916],[-117.229682,46.034564],[-117.22956,46.033269],[-117.226956,46.031546],[-117.224243,46.031578],[-117.22072,46.032881],[-117.216041,46.035914],[-117.212903,46.036487],[-117.210185,46.035628],[-117.204548,46.031264],[-117.198379,46.029871],[-117.189501,46.029481],[-117.186944,46.030133],[-117.179906,46.035329],[-117.1782,46.035439],[-117.175712,46.033121],[-117.177053,46.028394],[-117.174956,46.027101],[-117.170612,46.026243],[-117.167,46.023791],[-117.166117,46.026574],[-117.163152,46.028391],[-117.158408,46.028367],[-117.152861,46.026944],[-117.148442,46.027192],[-117.145411,46.024226],[-117.143629,46.024525],[-117.141234,46.027984],[-117.14115,46.034814],[-117.138082,46.038465],[-117.133281,46.041225],[-117.129132,46.041311],[-117.119319,46.039485],[-117.117533,46.038488],[-117.115897,46.034952],[-117.112832,46.033686],[-117.10888,46.034797],[-117.107837,46.036796],[-117.107726,46.039794],[-117.106605,46.04155],[-117.104125,46.042146],[-117.100058,46.044499],[-117.09812,46.044744],[-117.094354,46.042317],[-117.090165,46.04124],[-117.085705,46.040865],[-117.081327,46.04284],[-117.083695,46.044971],[-117.082109,46.047321],[-117.079007,46.047297],[-117.075009,46.044653],[-117.075196,46.038983],[-117.073914,46.037228],[-117.071237,46.035853],[-117.067361,46.0368],[-117.066937,46.038826],[-117.068182,46.042362],[-117.0671,46.045387],[-117.063804,46.045362],[-117.058719,46.040613],[-117.054609,46.039724],[-117.048599,46.039564],[-117.046428,46.040213],[-117.044026,46.042509],[-117.043446,46.044778],[-117.04147,46.046263],[-117.039027,46.046372],[-117.035223,46.044174],[-117.029899,46.044397],[-117.028984,46.046402],[-117.030962,46.047617],[-117.034879,46.048642],[-117.035075,46.051666],[-117.032593,46.052531],[-117.029026,46.052505],[-117.025962,46.051641],[-117.022039,46.049216],[-117.017196,46.048808],[-117.015335,46.050725],[-117.01681,46.054316],[-117.021233,46.057907],[-117.021194,46.059014],[-117.017975,46.060526],[-117.014174,46.0605],[-117.010218,46.058178],[-117.011225,46.054128],[-117.010217,46.052211],[-117.005869,46.052953],[-117.004828,46.053835],[-117.004104,46.058119],[-117.004582,46.063693],[-117.010442,46.06779],[-117.008631,46.070468],[-117.004377,46.069618],[-117.002046,46.068184],[-116.99775,46.062762],[-116.994728,46.062149],[-116.988285,46.062753],[-116.983967,46.065206],[-116.985143,46.067506],[-116.985315,46.073025],[-116.989124,46.074059],[-116.990029,46.075225],[-116.987494,46.077335],[-116.979361,46.080392]]},"properties":{"OBJECTID":58,"fhdFtrID":58,"fhdRefID":53684,"fhdRevDt":"20190402","fhdONm":"Peter Robinson","fhdOEnt":"ODFW","fhdSpNm":"SMbass","fhdRun":"NA","fhdLifeHst":"FluvRes","fhdUseTy":"Unknown","fhdBasis":"UndocObsFish","fhdStNm":"Grande Ronde River","fhdGenus":"Micropterus","fhdSp":"dolomieu","fhdSubSp":null,"fhdOrig":"NonNative","fhdProd":"Natural","fhdComment":null,"fhdESH":"NA","fhdBasisD":null,"fhdNMF":"no","fhdBasisDt":null,"fhdBasisNm":null,"fhdBasisEnt":null,"fhdBasisPrj":null,"fhdBasisMethod":null,"fhdAccess":null,"fhdBarrierFtrID":null,"fhdEndExtent":null,"Shape__Length":228787.8133423061,"habitatType":"stream"},"id":58},
{"type":"Feature","geometry":{"type":"LineString","coordinates":[[-118.222194,45.346609],[-118.218992,45.347116],[-118.213824,45.348895],[-118.210559,45.349344],[-118.205335,45.347599],[-118.200468,45.34788],[-118.196302,45.352123],[-118.189862,45.354359],[-118.187383,45.35452],[-118.183892,45.352365],[-118.179976,45.352032],[-118.170838,45.352423],[-118.167362,45.351306],[-118.166259,45.346461],[-118.163417,45.345487],[-118.159071,45.346796],[-118.157412,45.34665],[-118.155314,45.344664],[-118.151535,45.345018],[-118.148725,45.346459],[-118.145096,45.346995],[-118.137333,45.343175],[-118.133012,45.343776],[-118.129774,45.344979],[-118.123292,45.346577],[-118.121806,45.346227],[-118.121375,45.343061],[-118.118938,45.341444],[-118.112442,45.342819],[-118.109899,45.343868],[-118.106172,45.343233],[-118.101922,45.341517],[-118.097317,45.342967],[-118.092516,45.342063],[-118.088276,45.342783],[-118.079079,45.340492],[-118.075734,45.341469],[-118.07403,45.340487],[-118.069603,45.341283],[-118.067401,45.342573],[-118.065705,45.341805],[-118.055326,45.343742],[-118.044651,45.344108],[-118.041827,45.342758],[-118.03999,45.342934],[-118.036521,45.341375],[-118.033106,45.341215],[-118.031059,45.342476],[-118.027736,45.34275],[-118.023652,45.341843],[-118.017707,45.343164],[-118.010697,45.34293],[-118.006667,45.342265],[-118.001454,45.342202],[-117.988038,45.343508],[-117.98618,45.344414],[-117.983837,45.343976],[-117.978134,45.344318],[-117.971172,45.347108],[-117.964994,45.348674],[-117.961229,45.350216],[-117.955237,45.351425],[-117.947845,45.351459],[-117.943191,45.350318],[-117.945183,45.347854],[-117.943401,45.345199],[-117.939954,45.346181],[-117.939635,45.344222],[-117.937588,45.342362],[-117.934546,45.341281],[-117.934289,45.339745],[-117.930695,45.340343],[-117.927529,45.338236],[-117.92679,45.335514],[-117.924456,45.335344],[-117.923866,45.332375],[-117.921672,45.331502],[-117.921634,45.329291],[-117.920188,45.325033],[-117.917823,45.325675],[-117.913072,45.322579],[-117.909852,45.322633],[-117.91095,45.319599],[-117.908027,45.318298],[-117.906497,45.313935],[-117.902949,45.317018],[-117.898889,45.316803],[-117.891853,45.314457],[-117.886475,45.310856],[-117.887401,45.309199],[-117.882496,45.307622],[-117.88216,45.310119],[-117.880206,45.311841],[-117.877782,45.30999],[-117.871961,45.31545],[-117.868797,45.316363],[-117.866672,45.314762],[-117.865352,45.316364],[-117.867306,45.318695],[-117.865031,45.322982],[-117.86263,45.325886],[-117.860842,45.326551],[-117.858658,45.328999],[-117.855384,45.330317],[-117.856941,45.332275],[-117.852579,45.334823],[-117.850049,45.332168],[-117.847738,45.33179],[-117.846736,45.334743],[-117.850914,45.334933],[-117.85146,45.337501],[-117.848519,45.336997],[-117.846217,45.337997],[-117.842816,45.336659],[-117.841044,45.338711],[-117.843348,45.341608],[-117.843209,45.343863],[-117.840596,45.345614],[-117.843842,45.348264],[-117.845935,45.348395],[-117.846715,45.351725],[-117.842708,45.35222],[-117.841268,45.351195],[-117.83884,45.351651],[-117.836856,45.353231],[-117.837868,45.354362],[-117.84513,45.355397],[-117.84366,45.357592],[-117.844027,45.359682],[-117.846899,45.359687],[-117.845834,45.362744],[-117.85059,45.362929],[-117.854709,45.364409],[-117.855552,45.366993],[-117.856985,45.36798],[-117.861694,45.367895],[-117.864552,45.369222],[-117.869768,45.369669],[-117.87158,45.367655],[-117.87426,45.370364],[-117.874948,45.372569],[-117.876835,45.373311],[-117.878481,45.370573],[-117.884821,45.374467],[-117.883767,45.375527],[-117.874732,45.376055],[-117.872786,45.376858],[-117.867733,45.376838],[-117.86937,45.378769],[-117.872274,45.378235],[-117.874292,45.3796],[-117.879055,45.377862],[-117.881935,45.378648],[-117.885276,45.37668],[-117.886934,45.377394],[-117.885741,45.379512],[-117.885778,45.381668],[-117.882888,45.383258],[-117.880248,45.383196],[-117.879888,45.385062],[-117.884125,45.383868],[-117.885751,45.385125],[-117.891998,45.38273],[-117.891201,45.385544],[-117.888249,45.38754],[-117.886479,45.389899],[-117.891392,45.390049],[-117.89391,45.387307],[-117.897376,45.385601],[-117.899672,45.387797],[-117.9026,45.386481],[-117.904407,45.386871],[-117.90833,45.389917],[-117.90987,45.392793],[-117.908062,45.394889],[-117.900857,45.397537],[-117.9014,45.400478],[-117.904499,45.402427],[-117.902433,45.40495],[-117.906491,45.404381],[-117.910029,45.402702],[-117.914024,45.4034],[-117.913317,45.400058],[-117.908723,45.397693],[-117.90923,45.395904],[-117.912455,45.394176],[-117.914565,45.394325],[-117.918007,45.395999],[-117.919136,45.397283],[-117.917794,45.4017],[-117.916252,45.403763],[-117.918191,45.405124],[-117.922724,45.405629],[-117.923588,45.406919],[-117.922863,45.409432],[-117.929539,45.407676],[-117.931603,45.409334],[-117.930761,45.411907],[-117.927209,45.41504],[-117.92364,45.417097],[-117.923242,45.418666],[-117.925712,45.420099],[-117.925407,45.422025],[-117.9315,45.421838],[-117.933464,45.419907],[-117.935357,45.422996],[-117.935045,45.425158],[-117.936915,45.427007],[-117.936027,45.429065],[-117.93298,45.430173],[-117.935817,45.432445],[-117.935871,45.435819],[-117.939074,45.436763],[-117.941187,45.441553],[-117.943665,45.442913],[-117.946378,45.442266],[-117.953167,45.442479],[-117.956838,45.441886],[-117.957963,45.449029],[-117.955243,45.451647],[-117.95218,45.453294]]},"properties":{"OBJECTID":59,"fhdFtrID":59,"fhdRefID":53684,"fhdRevDt":"20190402","fhdONm":"Peter Robinson","fhdOEnt":"ODFW","fhdSpNm":"SMbass","fhdRun":"NA","fhdLifeHst":"FluvRes","fhdUseTy":"Unknown","fhdBasis":"UndocObsFish","fhdStNm":"Grande Ronde River","fhdGenus":"Micropterus","fhdSp":"dolomieu","fhdSubSp":null,"fhdOrig":"NonNative","fhdProd":"Natural","fhdComment":null,"fhdESH":"NA","fhdBasisD":null,"fhdNMF":"no","fhdBasisDt":null,"fhdBasisNm":null,"fhdBasisEnt":null,"fhdBasisPrj":null,"fhdBasisMethod":null,"fhdAccess":null,"fhdBarrierFtrID":null,"fhdEndExtent":null,"Shape__Length":122800.19497733064,"habitatType":"stream"},"id":59},
{"type":"Feature","geometry":{"type":"LineString","coordinates":[[-120.488276,44.15469],[-120.492221,44.156889],[-120.495307,44.157542],[-120.501163,44.16111],[-120.502121,44.163238],[-120.498076,44.165011],[-120.496027,44.167234],[-120.495859,44.169335],[-120.499276,44.170251],[-120.50114,44.173456],[-120.510449,44.174303],[-120.515987,44.172342],[-120.520155,44.171575],[-120.525699,44.171447],[-120.53107,44.17426],[-120.536303,44.175406],[-120.541612,44.175981],[-120.543278,44.173504],[-120.542541,44.171954],[-120.544915,44.171366],[-120.546891,44.172941],[-120.548812,44.171823],[-120.552637,44.171448],[-120.555142,44.17226],[-120.558379,44.172032],[-120.566338,44.174615],[-120.567934,44.176935],[-120.572522,44.177542],[-120.574712,44.180969],[-120.576619,44.181144],[-120.588818,44.177432],[-120.594544,44.178741],[-120.598614,44.180177],[-120.605646,44.178002],[-120.611628,44.174975],[-120.623315,44.179127],[-120.62859,44.178616],[-120.631462,44.177432],[-120.632509,44.173262],[-120.635262,44.171946],[-120.639047,44.165928],[-120.642995,44.165486],[-120.648318,44.165925],[-120.652393,44.163621],[-120.652341,44.161396],[-120.654986,44.159801],[-120.658219,44.159247],[-120.661871,44.156434],[-120.665447,44.155395],[-120.665407,44.15344],[-120.666976,44.152145],[-120.67128,44.151494],[-120.67121,44.147261],[-120.673039,44.144341],[-120.675317,44.144059],[-120.680656,44.146002],[-120.683572,44.148637],[-120.687534,44.148916],[-120.691399,44.146252],[-120.692375,44.142285],[-120.691425,44.14144],[-120.691656,44.134589],[-120.686235,44.128836],[-120.685472,44.124481],[-120.685769,44.120556],[-120.686947,44.119044],[-120.689511,44.118949],[-120.693804,44.120697],[-120.69561,44.120699],[-120.697621,44.122414],[-120.699778,44.122987],[-120.709172,44.127648],[-120.71183,44.132046],[-120.716851,44.130333],[-120.721203,44.127478],[-120.721856,44.126113],[-120.720767,44.123748],[-120.722672,44.122785],[-120.725834,44.123434],[-120.731869,44.126053],[-120.73359,44.127803],[-120.734383,44.13031],[-120.736043,44.1318],[-120.738637,44.132059],[-120.741942,44.133536],[-120.743983,44.133148],[-120.748604,44.128129],[-120.745428,44.12644],[-120.737394,44.121008],[-120.733383,44.120022],[-120.730769,44.115952],[-120.731356,44.114785],[-120.739884,44.112234],[-120.742713,44.108415],[-120.746766,44.108016],[-120.748866,44.105066],[-120.752851,44.103382],[-120.754895,44.103947],[-120.759701,44.103496],[-120.761788,44.10433],[-120.766037,44.1079],[-120.767752,44.108581],[-120.775957,44.108984],[-120.77744,44.111079],[-120.780147,44.112173],[-120.787053,44.112253],[-120.788798,44.111127]]},"properties":{"OBJECTID":60,"fhdFtrID":60,"fhdRefID":53725,"fhdRevDt":"20190412","fhdONm":"Amy M. Stuart et al.","fhdOEnt":"ODFW","fhdSpNm":"SMbass","fhdRun":"NA","fhdLifeHst":"FluvAdfluvRes","fhdUseTy":"Unknown","fhdBasis":"UndocObsFish","fhdStNm":"Crooked River","fhdGenus":"Micropterus","fhdSp":"dolomieu","fhdSubSp":null,"fhdOrig":"NonNative","fhdProd":"Natural","fhdComment":null,"fhdESH":"NA","fhdBasisD":null,"fhdNMF":"no","fhdBasisDt":"19960000","fhdBasisNm":null,"fhdBasisEnt":null,"fhdBasisPrj":null,"fhdBasisMethod":null,"fhdAccess":null,"fhdBarrierFtrID":null,"fhdEndExtent":null,"Shape__Length":58718.27829095824,"habitatType":"stream"},"id":60},
{"type":"Feature","geometry":{"type":"LineString","coordinates":[[-120.788798,44.111127],[-120.790293,44.109975],[-120.79336,44.109831],[-120.79578,44.111116],[-120.795696,44.112555],[-120.790524,44.115539],[-120.790039,44.117645],[-120.792056,44.118854],[-120.797291,44.119226],[-120.799845,44.12112],[-120.798165,44.126828],[-120.7993,44.128245],[-120.806303,44.128155],[-120.80854,44.126802],[-120.810743,44.127227],[-120.811272,44.128993],[-120.810088,44.131685],[-120.813221,44.133757],[-120.816344,44.137193],[-120.818819,44.137893],[-120.820918,44.136065],[-120.818524,44.132328],[-120.821122,44.130509],[-120.829249,44.131294],[-120.831084,44.130698],[-120.833503,44.127773],[-120.834944,44.127688],[-120.839259,44.130178],[-120.838752,44.133792],[-120.835619,44.140013],[-120.831579,44.144483],[-120.827051,44.14694],[-120.826211,44.148522],[-120.829997,44.155257],[-120.83522,44.156909],[-120.834821,44.158409],[-120.831622,44.160702],[-120.830796,44.163307],[-120.831496,44.165549],[-120.834945,44.169553],[-120.840541,44.170447],[-120.844756,44.170639],[-120.849056,44.172416],[-120.848214,44.175296],[-120.849403,44.177006],[-120.84846,44.178856],[-120.849716,44.180621],[-120.860576,44.182843],[-120.865257,44.184844],[-120.872334,44.18376],[-120.875623,44.187365],[-120.874727,44.190287],[-120.876194,44.192993],[-120.8782,44.194628],[-120.879309,44.197732],[-120.878734,44.199792],[-120.875156,44.202719],[-120.87467,44.204061],[-120.880153,44.207336]]},"properties":{"OBJECTID":61,"fhdFtrID":61,"fhdRefID":53724,"fhdRevDt":"20190412","fhdONm":"Kenneth L. Witty","fhdOEnt":"PGE","fhdSpNm":"SMbass","fhdRun":"NA","fhdLifeHst":"FluvAdfluvRes","fhdUseTy":"Unknown","fhdBasis":"UndocObsFish","fhdStNm":"Crooked River","fhdGenus":"Micropterus","fhdSp":"dolomieu","fhdSubSp":null,"fhdOrig":"NonNative","fhdProd":"Natural","fhdComment":null,"fhdESH":"NA","fhdBasisD":null,"fhdNMF":"no","fhdBasisDt":null,"fhdBasisNm":null,"fhdBasisEnt":null,"fhdBasisPrj":null,"fhdBasisMethod":null,"fhdAccess":null,"fhdBarrierFtrID":null,"fhdEndExtent":null,"Shape__Length":30102.95193335988,"habitatType":"stream"},"id":61},
{"type":"Feature","geometry":{"type":"LineString","coordinates":[[-121.229397,44.424698],[-121.230231,44.427072],[-121.234388,44.427532],[-121.234015,44.429903],[-121.235724,44.431586],[-121.240486,44.431984],[-121.241898,44.433518],[-121.242377,44.435974],[-121.245618,44.438509],[-121.248558,44.439382],[-121.254705,44.442249],[-121.258772,44.445804],[-121.264958,44.448773],[-121.267733,44.450993],[-121.273706,44.454733],[-121.277471,44.462941],[-121.280409,44.465614],[-121.283488,44.466072],[-121.287656,44.46573],[-121.293167,44.467359],[-121.296739,44.469532],[-121.297603,44.472677],[-121.299963,44.474549],[-121.302076,44.478823],[-121.299428,44.482643],[-121.298164,44.486262],[-121.298617,44.489734],[-121.297744,44.495105],[-121.295246,44.496651],[-121.288296,44.498104],[-121.284891,44.502491],[-121.283123,44.503823],[-121.278836,44.503784],[-121.274881,44.505188],[-121.271329,44.507804],[-121.268702,44.511448],[-121.265078,44.515194],[-121.263564,44.520333],[-121.26315,44.523735],[-121.26444,44.526951],[-121.264524,44.531627],[-121.262064,44.537143],[-121.265463,44.54177],[-121.26486,44.545645],[-121.2682,44.553812],[-121.270586,44.55795],[-121.270509,44.562952],[-121.272685,44.565849],[-121.270122,44.569057],[-121.272796,44.571671],[-121.271788,44.573678]]},"properties":{"OBJECTID":62,"fhdFtrID":62,"fhdRefID":53724,"fhdRevDt":"20190412","fhdONm":"Kenneth L. Witty","fhdOEnt":"PGE","fhdSpNm":"SMbass","fhdRun":"NA","fhdLifeHst":"FluvAdfluvRes","fhdUseTy":"Unknown","fhdBasis":"UndocObsFish","fhdStNm":"Crooked River","fhdGenus":"Micropterus","fhdSp":"dolomieu","fhdSubSp":null,"fhdOrig":"NonNative","fhdProd":"Natural","fhdComment":null,"fhdESH":"NA","fhdBasisD":null,"fhdNMF":"no","fhdBasisDt":null,"fhdBasisNm":null,"fhdBasisEnt":null,"fhdBasisPrj":null,"fhdBasisMethod":null,"fhdAccess":null,"fhdBarrierFtrID":null,"fhdEndExtent":null,"Shape__Length":30606.250907943457,"habitatType":"stream"},"id":62},
{"type":"Feature","geometry":{"type":"LineString","coordinates":[[-121.295238,44.420548],[-121.29783,44.422125],[-121.299176,44.42509],[-121.303775,44.425077],[-121.30946,44.426593],[-121.311831,44.429329],[-121.311593,44.431054],[-121.314611,44.433583],[-121.318042,44.434876],[-121.318939,44.437752],[-121.318581,44.439718],[-121.31616,44.442654],[-121.318222,44.444359],[-121.314994,44.450415],[-121.318311,44.451787],[-121.322122,44.454301],[-121.326512,44.455067],[-121.329114,44.456375],[-121.330842,44.459263],[-121.335533,44.460088],[-121.334167,44.464362],[-121.330605,44.470225],[-121.32823,44.471514],[-121.324673,44.474541],[-121.323871,44.476203],[-121.324119,44.479394],[-121.326268,44.482099],[-121.323444,44.488486],[-121.325304,44.493375],[-121.323694,44.496889],[-121.321267,44.498636],[-121.317374,44.500301],[-121.312886,44.503875],[-121.308814,44.508446],[-121.304783,44.511803],[-121.302408,44.512958],[-121.299876,44.518529],[-121.300075,44.522647],[-121.299007,44.526286],[-121.296583,44.529804],[-121.292951,44.533269],[-121.291057,44.537563],[-121.286461,44.540458],[-121.2858,44.545248],[-121.284688,44.54741],[-121.285652,44.550074],[-121.284199,44.553019],[-121.285594,44.556713],[-121.284691,44.559735],[-121.282535,44.561802],[-121.281607,44.567135],[-121.278792,44.571126],[-121.275256,44.573388],[-121.271788,44.573678],[-121.268331,44.57448],[-121.26624,44.575898],[-121.266101,44.577467],[-121.268221,44.579259],[-121.269157,44.583811],[-121.274138,44.586014],[-121.276346,44.59222],[-121.282882,44.594095],[-121.285862,44.59962],[-121.283487,44.600862],[-121.28021,44.601202],[-121.277462,44.60265],[-121.275978,44.608805]]},"properties":{"OBJECTID":63,"fhdFtrID":63,"fhdRefID":53724,"fhdRevDt":"20190412","fhdONm":"Kenneth L. Witty","fhdOEnt":"PGE","fhdSpNm":"SMbass","fhdRun":"NA","fhdLifeHst":"FluvAdfluvRes","fhdUseTy":"Unknown","fhdBasis":"UndocObsFish","fhdStNm":"Deschutes River","fhdGenus":"Micropterus","fhdSp":"dolomieu","fhdSubSp":null,"fhdOrig":"NonNative","fhdProd":"Natural","fhdComment":null,"fhdESH":"NA","fhdBasisD":null,"fhdNMF":"no","fhdBasisDt":null,"fhdBasisNm":null,"fhdBasisEnt":null,"fhdBasisPrj":null,"fhdBasisMethod":null,"fhdAccess":null,"fhdBarrierFtrID":null,"fhdEndExtent":null,"Shape__Length":38144.70033943971,"habitatType":"stream"},"id":63},
{"type":"Feature","geometry":{"type":"LineString","coordinates":[[-122.934336,44.518803],[-122.936928,44.519726],[-122.939697,44.523079],[-122.94229,44.524824],[-122.947622,44.526508],[-122.949977,44.527727],[-122.954803,44.527989],[-122.955639,44.528615],[-122.961133,44.529004],[-122.962981,44.528564],[-122.965821,44.529996],[-122.967633,44.532778],[-122.97107,44.53399],[-122.974784,44.533972],[-122.976457,44.535344],[-122.978383,44.535102],[-122.980356,44.536983],[-122.982958,44.537421],[-122.986911,44.539659],[-122.987066,44.541064],[-122.989331,44.542901],[-122.99264,44.544261],[-122.996799,44.544731],[-122.99918,44.545937],[-123.003176,44.546645],[-123.005077,44.548122],[-123.005552,44.549939],[-123.009149,44.551999],[-123.008749,44.552915],[-123.011272,44.555172],[-123.021433,44.557179],[-123.026259,44.561308],[-123.028415,44.562631],[-123.03146,44.566128],[-123.033792,44.570008],[-123.037178,44.57086],[-123.039242,44.572512],[-123.038388,44.57564],[-123.039563,44.57665],[-123.047916,44.580219],[-123.050879,44.583194],[-123.051562,44.585954],[-123.054257,44.586833],[-123.056676,44.590241],[-123.064683,44.590358],[-123.067167,44.594979],[-123.07355,44.597029],[-123.078143,44.594224],[-123.081538,44.594783],[-123.082637,44.596583],[-123.087383,44.596259],[-123.089756,44.594732],[-123.09236,44.59595],[-123.095174,44.599829],[-123.0977,44.59923],[-123.101381,44.601029],[-123.104511,44.600844],[-123.107215,44.602227],[-123.112951,44.603423],[-123.114926,44.603362],[-123.117961,44.605138],[-123.119446,44.60752],[-123.122881,44.608506],[-123.122169,44.611014],[-123.124971,44.615315],[-123.127737,44.614131]]},"properties":{"OBJECTID":64,"fhdFtrID":64,"fhdRefID":53745,"fhdRevDt":"20190422","fhdONm":"J. Runyon et al.","fhdOEnt":"Calapooia Watershed Council","fhdSpNm":"SMbass","fhdRun":"NA","fhdLifeHst":"FluvAdfluvRes","fhdUseTy":"Unknown","fhdBasis":"DocObsFish","fhdStNm":"Oak Creek","fhdGenus":"Micropterus","fhdSp":"dolomieu","fhdSubSp":null,"fhdOrig":"NonNative","fhdProd":"Natural","fhdComment":null,"fhdESH":"NA","fhdBasisD":null,"fhdNMF":"no","fhdBasisDt":"20040000","fhdBasisNm":null,"fhdBasisEnt":null,"fhdBasisPrj":null,"fhdBasisMethod":null,"fhdAccess":null,"fhdBarrierFtrID":null,"fhdEndExtent":null,"Shape__Length":32377.213689377375,"habitatType":"stream"},"id":64},
{"type":"Feature","geometry":{"type":"LineString","coordinates":[[-123.132296,44.527927],[-123.13541,44.528186],[-123.139324,44.526196],[-123.141371,44.527914],[-123.141416,44.529566],[-123.144313,44.533864],[-123.150393,44.538356],[-123.15314,44.544308],[-123.148872,44.546456],[-123.149668,44.547526],[-123.153548,44.548435],[-123.15201,44.550201],[-123.146552,44.552697],[-123.149071,44.555278],[-123.152645,44.557258],[-123.153093,44.560125],[-123.151066,44.560033],[-123.149661,44.562052],[-123.14923,44.565833],[-123.14448,44.570156],[-123.141396,44.570633],[-123.138497,44.575142],[-123.140708,44.577975],[-123.14309,44.578634],[-123.141158,44.581598],[-123.143804,44.582036],[-123.144779,44.584304],[-123.144964,44.587801],[-123.141743,44.586639],[-123.135447,44.590585],[-123.138187,44.593103],[-123.138147,44.594836],[-123.139825,44.595747],[-123.137846,44.598207],[-123.134186,44.598338],[-123.133184,44.603948],[-123.125603,44.606256],[-123.127683,44.609405],[-123.127245,44.610761],[-123.12941,44.612554],[-123.127737,44.614131],[-123.130481,44.61813],[-123.127969,44.619204],[-123.129473,44.621124],[-123.134198,44.622757],[-123.135917,44.622094],[-123.137732,44.624644],[-123.133981,44.624648],[-123.13046,44.628213],[-123.132143,44.631299],[-123.129939,44.632436],[-123.128701,44.630893],[-123.124511,44.632032],[-123.120541,44.632446],[-123.115471,44.634972],[-123.112295,44.635479],[-123.112433,44.638409],[-123.109433,44.639231]]},"properties":{"OBJECTID":65,"fhdFtrID":65,"fhdRefID":53745,"fhdRevDt":"20190422","fhdONm":"J. Runyon et al.","fhdOEnt":"Calapooia Watershed Council","fhdSpNm":"SMbass","fhdRun":"NA","fhdLifeHst":"FluvAdfluvRes","fhdUseTy":"Unknown","fhdBasis":"UndocObsFish","fhdStNm":"Calapooia River","fhdGenus":"Micropterus","fhdSp":"dolomieu","fhdSubSp":null,"fhdOrig":"NonNative","fhdProd":"Natural","fhdComment":null,"fhdESH":"NA","fhdBasisD":null,"fhdNMF":"no","fhdBasisDt":null,"fhdBasisNm":null,"fhdBasisEnt":null,"fhdBasisPrj":null,"fhdBasisMethod":null,"fhdAccess":null,"fhdBarrierFtrID":null,"fhdEndExtent":null,"Shape__Length":35369.24414156902,"habitatType":"stream"},"id":65},
{"type":"Feature","geometry":{"type":"LineString","coordinates":[[-119.1139,43.858204],[-119.11625,43.857634],[-119.120181,43.857966],[-119.12225,43.859468],[-119.126068,43.858717],[-119.133878,43.85998],[-119.137993,43.862307],[-119.137457,43.865072],[-119.14137,43.869051],[-119.150385,43.870556],[-119.152944,43.870137],[-119.155614,43.868503],[-119.156267,43.866802],[-119.158771,43.864712],[-119.162555,43.862743],[-119.167083,43.861515],[-119.165416,43.858892],[-119.164742,43.855249],[-119.167131,43.853027],[-119.166199,43.851095],[-119.171833,43.846268],[-119.172659,43.844852],[-119.175586,43.843887],[-119.177307,43.842367],[-119.177049,43.839015],[-119.172797,43.836194],[-119.171479,43.833813],[-119.174754,43.83141],[-119.179544,43.830576],[-119.181097,43.82791],[-119.182083,43.824448],[-119.181552,43.822269],[-119.183568,43.816854],[-119.18203,43.814121],[-119.183341,43.811899],[-119.183159,43.805941],[-119.185841,43.804377],[-119.185258,43.801392],[-119.183273,43.799571],[-119.18447,43.796931],[-119.189522,43.793606],[-119.190151,43.790841],[-119.193255,43.788624],[-119.195929,43.787982],[-119.196867,43.782726],[-119.198237,43.781332],[-119.198328,43.778791],[-119.20147,43.778259],[-119.203053,43.779751],[-119.206536,43.778999],[-119.207452,43.776678],[-119.205475,43.774439],[-119.202574,43.772498],[-119.203459,43.770023],[-119.204799,43.769233],[-119.206213,43.762977],[-119.205598,43.758434],[-119.202614,43.753771],[-119.199435,43.7515],[-119.199185,43.748985],[-119.193771,43.743964],[-119.193995,43.74049],[-119.19113,43.736337],[-119.191508,43.732028],[-119.187019,43.73012],[-119.184589,43.729987],[-119.184588,43.728217],[-119.186851,43.727538],[-119.183975,43.724549],[-119.18011,43.725031],[-119.178822,43.722108],[-119.177955,43.717945],[-119.176822,43.716309],[-119.176531,43.713263],[-119.177495,43.711234],[-119.174304,43.707865],[-119.174397,43.705498],[-119.17296,43.704289],[-119.174985,43.699543],[-119.172146,43.697953],[-119.17106,43.695437],[-119.161841,43.688589],[-119.161208,43.685585],[-119.159986,43.683855],[-119.160518,43.682122],[-119.155982,43.677088],[-119.154161,43.673382],[-119.152245,43.673471],[-119.148432,43.67234],[-119.146808,43.67322],[-119.14352,43.671832],[-119.140361,43.669664],[-119.134924,43.670521],[-119.13138,43.673514],[-119.127832,43.67445],[-119.125777,43.67271],[-119.119364,43.67237],[-119.114343,43.671383],[-119.111453,43.6696],[-119.10712,43.665952],[-119.104649,43.664458],[-119.099834,43.662953],[-119.099158,43.661696],[-119.093308,43.658265],[-119.092711,43.65606],[-119.089763,43.652576],[-119.089293,43.647614],[-119.087794,43.645157],[-119.084569,43.642244],[-119.082185,43.641072],[-119.085214,43.638316],[-119.084043,43.636717],[-119.079129,43.635483],[-119.07571,43.633411],[-119.077091,43.630306],[-119.073798,43.628637],[-119.070276,43.627864],[-119.066939,43.625979],[-119.06472,43.623713],[-119.063776,43.619971],[-119.064033,43.618089],[-119.062152,43.617513],[-119.060807,43.614484],[-119.057726,43.612426],[-119.056216,43.613052],[-119.051564,43.611718],[-119.052954,43.608931],[-119.050832,43.607811],[-119.048945,43.604415],[-119.048439,43.602126],[-119.049089,43.599509],[-119.04807,43.598039],[-119.047693,43.594675],[-119.04456,43.593171],[-119.044296,43.591333],[-119.040515,43.589889],[-119.038326,43.587913],[-119.038794,43.58641],[-119.036176,43.5836],[-119.035959,43.579929],[-119.031326,43.576844],[-119.032353,43.574836],[-119.033171,43.568674]]},"properties":{"OBJECTID":66,"fhdFtrID":66,"fhdRefID":53684,"fhdRevDt":"20190708","fhdONm":"Peter Robinson","fhdOEnt":"ODFW","fhdSpNm":"SMbass","fhdRun":"NA","fhdLifeHst":"FluvRes","fhdUseTy":"Unknown","fhdBasis":"UndocObsFish","fhdStNm":"Silvies River","fhdGenus":"Micropterus","fhdSp":"dolomieu","fhdSubSp":null,"fhdOrig":"NonNative","fhdProd":"Natural","fhdComment":null,"fhdESH":"NA","fhdBasisD":null,"fhdNMF":"no","fhdBasisDt":"19990000","fhdBasisNm":null,"fhdBasisEnt":null,"fhdBasisPrj":null,"fhdBasisMethod":null,"fhdAccess":null,"fhdBarrierFtrID":null,"fhdEndExtent":null,"Shape__Length":92966.93139794632,"habitatType":"stream"},"id":66},
{"type":"Feature","geometry":{"type":"LineString","coordinates":[[-119.216075,45.755786],[-119.217093,45.7573],[-119.212834,45.762363],[-119.212263,45.764941],[-119.214655,45.767727],[-119.221167,45.772015],[-119.222472,45.775438],[-119.225172,45.778681],[-119.228018,45.779274],[-119.233516,45.777582],[-119.235287,45.779419],[-119.235855,45.783333],[-119.240453,45.782328],[-119.24187,45.78544],[-119.244284,45.786912],[-119.244646,45.78869],[-119.248056,45.787306],[-119.250144,45.788021],[-119.25584,45.791437],[-119.257313,45.789679],[-119.260917,45.788456],[-119.262269,45.791346],[-119.263888,45.791926],[-119.267613,45.791132],[-119.271133,45.791638],[-119.277372,45.79065],[-119.2823,45.791595],[-119.285079,45.789829],[-119.29045,45.78895],[-119.292563,45.791734],[-119.294822,45.791776],[-119.296983,45.789913],[-119.298614,45.790261],[-119.302288,45.788133],[-119.30426,45.789967],[-119.309671,45.788885],[-119.316148,45.789942],[-119.318398,45.789245],[-119.324043,45.794651],[-119.325684,45.795347],[-119.331016,45.795129],[-119.334435,45.796571],[-119.339135,45.79634],[-119.34442,45.800849],[-119.347863,45.80194],[-119.354248,45.801376],[-119.356844,45.801593],[-119.360174,45.803657],[-119.363093,45.807863],[-119.360628,45.809832],[-119.353152,45.807448],[-119.348891,45.808021],[-119.343977,45.810552],[-119.341984,45.813672],[-119.342521,45.815247],[-119.345696,45.817457],[-119.343413,45.822877],[-119.337012,45.824034],[-119.332369,45.822914],[-119.329598,45.821297],[-119.326535,45.821008],[-119.324418,45.822104],[-119.322269,45.828007],[-119.322333,45.83049],[-119.325828,45.83185],[-119.330514,45.830769],[-119.332438,45.832776],[-119.333442,45.838352],[-119.338261,45.84166],[-119.336488,45.843636],[-119.329005,45.845695],[-119.325664,45.843681],[-119.3231,45.843355],[-119.320912,45.844615],[-119.320421,45.848594],[-119.32469,45.85091],[-119.326978,45.853888],[-119.323913,45.857299],[-119.321763,45.858418],[-119.318013,45.858526],[-119.314785,45.860832],[-119.314741,45.861951],[-119.318979,45.866488],[-119.318594,45.869353],[-119.320161,45.872344],[-119.320824,45.876537],[-119.32382,45.881754],[-119.325115,45.882284],[-119.326139,45.888877],[-119.325312,45.891463],[-119.326991,45.894431],[-119.326416,45.898351],[-119.326717,45.903434],[-119.328552,45.906444],[-119.329385,45.909345],[-119.334527,45.91458],[-119.340301,45.914376],[-119.345069,45.9136],[-119.348395,45.913938],[-119.351811,45.915521],[-119.354125,45.918624]]},"properties":{"OBJECTID":67,"fhdFtrID":67,"fhdRefID":53724,"fhdRevDt":"20190506","fhdONm":"Bill Duke","fhdOEnt":"ODFW","fhdSpNm":"SMbass","fhdRun":"NA","fhdLifeHst":"FluvRes","fhdUseTy":"Unknown","fhdBasis":"UndocObsFish","fhdStNm":null,"fhdGenus":"Micropterus","fhdSp":"dolomieu","fhdSubSp":null,"fhdOrig":"NonNative","fhdProd":"Natural","fhdComment":null,"fhdESH":"NA","fhdBasisD":null,"fhdNMF":"no","fhdBasisDt":null,"fhdBasisNm":null,"fhdBasisEnt":null,"fhdBasisPrj":null,"fhdBasisMethod":null,"fhdAccess":null,"fhdBarrierFtrID":null,"fhdEndExtent":null,"Shape__Length":56623.12456362,"habitatType":"stream"},"id":67},
{"type":"Feature","geometry":{"type":"LineString","coordinates":[[-121.024211,45.289805],[-121.018982,45.295501],[-121.018433,45.298823]]},"properties":{"OBJECTID":68,"fhdFtrID":68,"fhdRefID":53718,"fhdRevDt":"20190521","fhdONm":"Kevin Stertz","fhdOEnt":"ODFW","fhdSpNm":"SMbass","fhdRun":"NA","fhdLifeHst":"FluvRes","fhdUseTy":"Unknown","fhdBasis":"DocObsFish","fhdStNm":"Deschutes River","fhdGenus":"Micropterus","fhdSp":"dolomieu","fhdSubSp":null,"fhdOrig":"NonNative","fhdProd":"Natural","fhdComment":null,"fhdESH":"NA","fhdBasisD":null,"fhdNMF":"no","fhdBasisDt":null,"fhdBasisNm":null,"fhdBasisEnt":null,"fhdBasisPrj":null,"fhdBasisMethod":null,"fhdAccess":null,"fhdBarrierFtrID":null,"fhdEndExtent":null,"Shape__Length":1664.5016767200766,"habitatType":"stream"},"id":68},
{"type":"Feature","geometry":{"type":"LineString","coordinates":[[-116.701198,45.242794],[-116.698708,45.245198],[-116.697212,45.249537],[-116.695322,45.256657],[-116.690753,45.264278],[-116.68839,45.265613],[-116.685633,45.268895],[-116.681458,45.270508],[-116.678543,45.272229],[-116.674524,45.275678],[-116.672394,45.282689],[-116.671762,45.287692],[-116.671915,45.295258],[-116.672701,45.30004],[-116.672856,45.304105],[-116.673722,45.30805],[-116.673562,45.312055],[-116.674192,45.313448],[-116.673874,45.319456],[-116.673242,45.321848],[-116.670876,45.323849],[-116.668193,45.327856],[-116.665825,45.332525],[-116.65959,45.340644],[-116.655122,45.348705],[-116.649867,45.354427],[-116.647238,45.358502],[-116.643709,45.362685],[-116.641005,45.367821],[-116.636798,45.371688],[-116.63522,45.374284],[-116.631689,45.377671],[-116.627855,45.384396],[-116.625149,45.389905],[-116.622799,45.392517],[-116.622799,45.394308],[-116.620255,45.395375],[-116.618917,45.398245],[-116.610317,45.403722],[-116.609448,45.404747],[-116.60301,45.40919],[-116.600138,45.410447],[-116.597275,45.412629],[-116.596478,45.416218],[-116.59417,45.42238],[-116.592817,45.424396],[-116.590188,45.43526],[-116.589311,45.440527],[-116.587559,45.443555],[-116.584376,45.445343],[-116.581987,45.448427],[-116.576656,45.452203],[-116.570442,45.454698],[-116.568133,45.456211],[-116.564786,45.459961],[-116.560884,45.46153],[-116.555709,45.462365],[-116.554433,45.464606],[-116.555441,45.468027],[-116.554819,45.472876],[-116.558217,45.478605],[-116.558612,45.481158],[-116.557111,45.484105],[-116.556875,45.486552],[-116.553793,45.49289],[-116.552767,45.497171],[-116.553794,45.49956],[-116.556324,45.501226],[-116.55743,45.504395],[-116.555612,45.507232],[-116.551977,45.508343],[-116.547787,45.510734],[-116.54257,45.515178],[-116.540751,45.519905],[-116.538853,45.522684],[-116.535927,45.523959],[-116.532604,45.529742],[-116.532049,45.535464],[-116.530466,45.537803],[-116.52698,45.540025],[-116.526351,45.544595],[-116.523373,45.546302],[-116.52392,45.548725],[-116.528463,45.550378],[-116.526032,45.55368],[-116.520781,45.556264],[-116.517725,45.556818],[-116.510752,45.556429],[-116.505969,45.558632],[-116.503067,45.561549],[-116.503456,45.565344],[-116.502357,45.566834],[-116.495806,45.570878],[-116.494222,45.572383],[-116.48852,45.57522],[-116.483608,45.576553],[-116.48139,45.578221],[-116.480994,45.581059],[-116.483291,45.582393],[-116.482261,45.586457],[-116.480597,45.588123],[-116.476794,45.589294],[-116.475209,45.591573],[-116.472198,45.59313],[-116.468235,45.596743],[-116.463161,45.603254],[-116.463557,45.6057],[-116.463078,45.614879],[-116.464345,45.617769],[-116.469576,45.620499],[-116.472429,45.625057],[-116.470843,45.627728],[-116.471557,45.629009],[-116.475441,45.631844],[-116.480358,45.631844],[-116.482815,45.634794],[-116.482022,45.639745],[-116.483212,45.641911],[-116.487415,45.643861],[-116.487098,45.648144],[-116.488764,45.65109],[-116.494,45.655541],[-116.497411,45.65782],[-116.505823,45.662213],[-116.505902,45.663438],[-116.510823,45.667721],[-116.51257,45.670446],[-116.517017,45.674561],[-116.522776,45.676984],[-116.524953,45.678509],[-116.528919,45.682544],[-116.529696,45.684942],[-116.535295,45.691535],[-116.535218,45.693335],[-116.536463,45.69704],[-116.535918,45.699873],[-116.536619,45.705487],[-116.537319,45.707124],[-116.537007,45.710448],[-116.538019,45.717586],[-116.537475,45.718461],[-116.536612,45.729156],[-116.535686,45.730668],[-116.535452,45.733885],[-116.536931,45.737099],[-116.539422,45.740422],[-116.541524,45.744512],[-116.545573,45.748965],[-116.546683,45.751634],[-116.550413,45.753192],[-116.557718,45.754584],[-116.563512,45.758922],[-116.566607,45.762427],[-116.575262,45.765929],[-116.580899,45.77049],[-116.584949,45.772323],[-116.591381,45.777661],[-116.594717,45.779217],[-116.60115,45.779609],[-116.605599,45.781222],[-116.617989,45.782497],[-116.621007,45.781773],[-116.624582,45.782105],[-116.626885,45.784218],[-116.632843,45.785106],[-116.637449,45.782992],[-116.640149,45.781048],[-116.64682,45.779763],[-116.658988,45.780012],[-116.664391,45.781738],[-116.668602,45.784689],[-116.670588,45.78708],[-116.673845,45.788804],[-116.680283,45.7942],[-116.682984,45.799207],[-116.685368,45.802603],[-116.686798,45.80672],[-116.689183,45.808886],[-116.693397,45.811612],[-116.694828,45.817565],[-116.697771,45.820849],[-116.702702,45.821681],[-116.708906,45.825518],[-116.715271,45.827019],[-116.72227,45.825794],[-116.724259,45.826685],[-116.734759,45.826737],[-116.738576,45.825571],[-116.748356,45.819779],[-116.755431,45.816995],[-116.760441,45.81616],[-116.7646,45.817172],[-116.769888,45.8213],[-116.774334,45.823555],[-116.780008,45.8242],[-116.783305,45.826772],[-116.788365,45.832618],[-116.788855,45.836598],[-116.787259,45.840971],[-116.78775,45.844844],[-116.789898,45.850096],[-116.793733,45.854922],[-116.795487,45.858242],[-116.7962,45.861353],[-116.800574,45.863192],[-116.805264,45.866526],[-116.809952,45.873532],[-116.815041,45.878761],[-116.819654,45.881374],[-116.823792,45.883099],[-116.829202,45.886046],[-116.836125,45.889328],[-116.842014,45.891555],[-116.844163,45.89311],[-116.847266,45.897444],[-116.852281,45.901392],[-116.857455,45.904671],[-116.860879,45.908784],[-116.862312,45.911508],[-116.865896,45.916399],[-116.870038,45.926404],[-116.869561,45.929909],[-116.870996,45.934744],[-116.875101,45.94212],[-116.875828,45.946472],[-116.874692,45.950373],[-116.875014,45.953145],[-116.877688,45.95682],[-116.880362,45.958574],[-116.886685,45.958405],[-116.893332,45.960949],[-116.895196,45.963381],[-116.893779,45.965438],[-116.894953,45.969375],[-116.893168,45.972595],[-116.893167,45.977235],[-116.900953,45.983002],[-116.903872,45.984017],[-116.91166,45.989334],[-116.914337,45.99357],[-116.917502,45.996511],[-116.918963,45.99883],[-116.918477,46.002052],[-116.919614,46.004825],[-116.920916,46.013813],[-116.923353,46.019012],[-116.928046,46.020848],[-116.930012,46.024244],[-116.930718,46.029632],[-116.929615,46.034781],[-116.93149,46.039286],[-116.93444,46.04259],[-116.938317,46.044165],[-116.940343,46.046705],[-116.943476,46.054715],[-116.9427,46.060699],[-116.949554,46.068543],[-116.955169,46.072706],[-116.957502,46.075208],[-116.960375,46.076254],[-116.962868,46.075708],[-116.969501,46.076676],[-116.977045,46.079056],[-116.979361,46.080392],[-116.981777,46.084222],[-116.982477,46.091943],[-116.980397,46.094757],[-116.974964,46.097476],[-116.967521,46.098017],[-116.959555,46.099112],[-116.955361,46.101935],[-116.954417,46.106217],[-116.951304,46.111023],[-116.951076,46.118606],[-116.949555,46.120839],[-116.950146,46.124002],[-116.947912,46.126277],[-116.943624,46.128814],[-116.940806,46.132262],[-116.935916,46.135865],[-116.934078,46.139354],[-116.935723,46.142875],[-116.935194,46.152309],[-116.934461,46.154203],[-116.930468,46.156983],[-116.924635,46.159458],[-116.921982,46.161887],[-116.921477,46.165902],[-116.922964,46.169894],[-116.927366,46.173194],[-116.932008,46.173109],[-116.935867,46.175115],[-116.939941,46.179758],[-116.93981,46.181618],[-116.941504,46.184563],[-116.944474,46.186353],[-116.950571,46.192268],[-116.962261,46.199261],[-116.965303,46.202759],[-116.966747,46.207887],[-116.966235,46.209344],[-116.959267,46.220009],[-116.956207,46.226212],[-116.955533,46.231061],[-116.957791,46.235228],[-116.958022,46.239897],[-116.960415,46.245141],[-116.96252,46.248012],[-116.965173,46.254747],[-116.970801,46.261726],[-116.975321,46.265702],[-116.986409,46.272298],[-116.990869,46.276135],[-116.991362,46.277983],[-116.990662,46.28121],[-116.985332,46.289053],[-116.984796,46.292246],[-116.985779,46.295493],[-116.989688,46.299491],[-116.994943,46.302005],[-117.000014,46.303955],[-117.005509,46.304575],[-117.007616,46.305363],[-117.01215,46.308847],[-117.014959,46.310297],[-117.020061,46.314244],[-117.022046,46.317141],[-117.023079,46.320078],[-117.023437,46.327029],[-117.022798,46.332893],[-117.023322,46.335153],[-117.026959,46.338226],[-117.030139,46.34004],[-117.03462,46.341468],[-117.046798,46.342676],[-117.051678,46.343764],[-117.058146,46.346764],[-117.060449,46.348618],[-117.062587,46.352778],[-117.062983,46.364022],[-117.062358,46.366076],[-117.059358,46.370066],[-117.050756,46.37684],[-117.046211,46.381605],[-117.0412,46.394735],[-117.03948,46.397749],[-117.037764,46.402795],[-117.037829,46.407056],[-117.03607,46.409484],[-117.035593,46.415141],[-117.03637,46.423907],[-117.035761,46.426593]]},"properties":{"OBJECTID":69,"fhdFtrID":69,"fhdRefID":53718,"fhdRevDt":"20190521","fhdONm":"Kevin Stertz","fhdOEnt":"ODFW","fhdSpNm":"SMbass","fhdRun":"NA","fhdLifeHst":"FluvRes","fhdUseTy":"Unknown","fhdBasis":"IndivProfOpinion","fhdStNm":"Snake River","fhdGenus":"Micropterus","fhdSp":"dolomieu","fhdSubSp":null,"fhdOrig":"NonNative","fhdProd":"Natural","fhdComment":null,"fhdESH":"NA","fhdBasisD":null,"fhdNMF":"no","fhdBasisDt":null,"fhdBasisNm":null,"fhdBasisEnt":null,"fhdBasisPrj":null,"fhdBasisMethod":null,"fhdAccess":null,"fhdBarrierFtrID":null,"fhdEndExtent":null,"Shape__Length":253252.4357877137,"habitatType":"stream"},"id":69},
{"type":"Feature","geometry":{"type":"LineString","coordinates":[[-118.930439,44.000307],[-118.932261,43.995022],[-118.931789,43.992482],[-118.934746,43.992663],[-118.933545,43.990188],[-118.935567,43.987692],[-118.936203,43.984479],[-118.93744,43.982658],[-118.940679,43.981018],[-118.944463,43.977784],[-118.945438,43.975571],[-118.941297,43.973985],[-118.942379,43.971986],[-118.940458,43.97119],[-118.940556,43.969604],[-118.938912,43.968119],[-118.939644,43.96609],[-118.937624,43.965296],[-118.936672,43.963619],[-118.936451,43.959914],[-118.937567,43.95741],[-118.940418,43.956173],[-118.941498,43.954138],[-118.939794,43.95233],[-118.940765,43.950009],[-118.940387,43.947566],[-118.938358,43.946484],[-118.939748,43.943255],[-118.943103,43.94219],[-118.942663,43.939388],[-118.946263,43.936698],[-118.945871,43.935372],[-118.948337,43.934574],[-118.947443,43.933148],[-118.952808,43.932625],[-118.953551,43.930955],[-118.951975,43.93001],[-118.955734,43.92764],[-118.958241,43.922659],[-118.960196,43.921896],[-118.962172,43.919458],[-118.96908,43.920447],[-118.972736,43.920275],[-118.975887,43.918384],[-118.978845,43.917442],[-118.981208,43.917698],[-118.984747,43.919635],[-118.988454,43.919868],[-118.99025,43.91917],[-118.990381,43.917133],[-118.996475,43.915001],[-118.998647,43.91291],[-119.006345,43.911857],[-119.006627,43.910231],[-119.005119,43.908826],[-119.005603,43.907111],[-119.008664,43.905252],[-119.011198,43.905073],[-119.012071,43.903248],[-119.014974,43.900711],[-119.019841,43.898811],[-119.02425,43.897675],[-119.024579,43.894248],[-119.026091,43.890386],[-119.027412,43.889687],[-119.032334,43.889438],[-119.033046,43.888425],[-119.038509,43.887626],[-119.041284,43.885766],[-119.041462,43.883332],[-119.040071,43.881953],[-119.039807,43.879688],[-119.043083,43.877226],[-119.045598,43.877613],[-119.047051,43.875318],[-119.049106,43.874282],[-119.050097,43.868322],[-119.049037,43.865721],[-119.051494,43.863354],[-119.056732,43.865853],[-119.062994,43.865874],[-119.064927,43.862783],[-119.064083,43.860498],[-119.065861,43.858989],[-119.068998,43.858905]]},"properties":{"OBJECTID":70,"fhdFtrID":70,"fhdRefID":53684,"fhdRevDt":"20190708","fhdONm":"Peter Robinson","fhdOEnt":"ODFW","fhdSpNm":"SMbass","fhdRun":"NA","fhdLifeHst":"FluvRes","fhdUseTy":"Unknown","fhdBasis":"UndocObsFish","fhdStNm":"Silvies River","fhdGenus":"Micropterus","fhdSp":"dolomieu","fhdSubSp":null,"fhdOrig":"NonNative","fhdProd":"Natural","fhdComment":null,"fhdESH":"NA","fhdBasisD":null,"fhdNMF":"no","fhdBasisDt":"19990000","fhdBasisNm":null,"fhdBasisEnt":null,"fhdBasisPrj":null,"fhdBasisMethod":null,"fhdAccess":null,"fhdBarrierFtrID":null,"fhdEndExtent":null,"Shape__Length":47074.04266973942,"habitatType":"stream"},"id":70},
{"type":"Feature","geometry":{"type":"LineString","coordinates":[[-118.966518,44.079689],[-118.967988,44.081444],[-118.970157,44.080769],[-118.97645,44.077491],[-118.977948,44.075833],[-118.978357,44.073359],[-118.977092,44.071713],[-118.976938,44.069299],[-118.974252,44.068367],[-118.965394,44.068831],[-118.960163,44.063669],[-118.956168,44.062863],[-118.948787,44.0595],[-118.944906,44.056477],[-118.946016,44.053904],[-118.94794,44.051775],[-118.949119,44.049075],[-118.946661,44.047901],[-118.946699,44.045251]]},"properties":{"OBJECTID":71,"fhdFtrID":71,"fhdRefID":53684,"fhdRevDt":"20190708","fhdONm":"Peter Robinson","fhdOEnt":"ODFW","fhdSpNm":"SMbass","fhdRun":"NA","fhdLifeHst":"FluvRes","fhdUseTy":"Unknown","fhdBasis":"UndocObsFish","fhdStNm":"Silvies River","fhdGenus":"Micropterus","fhdSp":"dolomieu","fhdSubSp":null,"fhdOrig":"NonNative","fhdProd":"Natural","fhdComment":null,"fhdESH":"NA","fhdBasisD":null,"fhdNMF":"no","fhdBasisDt":"19990000","fhdBasisNm":null,"fhdBasisEnt":null,"fhdBasisPrj":null,"fhdBasisMethod":null,"fhdAccess":null,"fhdBarrierFtrID":null,"fhdEndExtent":null,"Shape__Length":14052.981983298674,"habitatType":"stream"},"id":71},
{"type":"Feature","geometry":{"type":"LineString","coordinates":[[-121.039199,45.25728],[-121.038515,45.259375],[-121.035428,45.261457],[-121.031406,45.262601],[-121.026771,45.262845],[-121.021843,45.264893],[-121.018732,45.268593],[-121.019205,45.270383],[-121.023518,45.271757],[-121.024789,45.275865],[-121.017561,45.281346],[-121.017419,45.284314],[-121.020792,45.286344],[-121.024544,45.284376],[-121.029696,45.284391],[-121.03059,45.286133],[-121.028705,45.287615],[-121.024211,45.289805]]},"properties":{"OBJECTID":72,"fhdFtrID":72,"fhdRefID":53718,"fhdRevDt":"20190521","fhdONm":"Kevin Stertz","fhdOEnt":"ODFW","fhdSpNm":"SMbass","fhdRun":"NA","fhdLifeHst":"FluvRes","fhdUseTy":"Unknown","fhdBasis":"DocObsFish","fhdStNm":"Deschutes River","fhdGenus":"Micropterus","fhdSp":"dolomieu","fhdSubSp":null,"fhdOrig":"NonNative","fhdProd":"Natural","fhdComment":null,"fhdESH":"NA","fhdBasisD":null,"fhdNMF":"no","fhdBasisDt":null,"fhdBasisNm":null,"fhdBasisEnt":null,"fhdBasisPrj":null,"fhdBasisMethod":null,"fhdAccess":null,"fhdBarrierFtrID":null,"fhdEndExtent":null,"Shape__Length":9402.833640807197,"habitatType":"stream"},"id":72},
{"type":"Feature","geometry":{"type":"LineString","coordinates":[[-121.018433,45.298823],[-121.018268,45.3028],[-121.01665,45.30639],[-121.008869,45.310036],[-121.006876,45.310109],[-120.998955,45.306811],[-120.994396,45.306974],[-120.991271,45.308755],[-120.989827,45.31062],[-120.986215,45.318604],[-120.984684,45.320764],[-120.979984,45.32268],[-120.973697,45.320602],[-120.972691,45.318775],[-120.973627,45.317199],[-120.974312,45.313025],[-120.972426,45.309022],[-120.969423,45.307402],[-120.963495,45.306744],[-120.960315,45.307375],[-120.956985,45.30953],[-120.955756,45.31391],[-120.953379,45.317742],[-120.947381,45.323265],[-120.945842,45.325587],[-120.946265,45.330833],[-120.947116,45.331659],[-120.953527,45.333286],[-120.954962,45.335985],[-120.951926,45.337657],[-120.946883,45.337028],[-120.936569,45.330848],[-120.932821,45.332049],[-120.932072,45.333683],[-120.932844,45.33772],[-120.939795,45.342437],[-120.939642,45.345593],[-120.937795,45.34691],[-120.933814,45.347892],[-120.930955,45.347543],[-120.922917,45.347424],[-120.920863,45.349115],[-120.919939,45.351755],[-120.920552,45.356589],[-120.920373,45.359367],[-120.919326,45.360753],[-120.915902,45.362202],[-120.910796,45.362514],[-120.905531,45.360905],[-120.90185,45.361],[-120.899845,45.36342],[-120.899874,45.369875],[-120.898542,45.373793],[-120.897209,45.375632],[-120.889027,45.383393],[-120.884107,45.386867],[-120.882946,45.391274],[-120.881514,45.392679],[-120.878948,45.392631],[-120.872297,45.38824],[-120.869306,45.388131],[-120.866642,45.389647],[-120.865877,45.392657],[-120.866956,45.395737],[-120.868714,45.396581],[-120.869316,45.39849],[-120.868542,45.402319],[-120.867019,45.405592],[-120.866205,45.410184],[-120.866607,45.412818],[-120.864234,45.417819],[-120.861467,45.421814],[-120.862912,45.428201],[-120.860843,45.429124],[-120.858047,45.427343],[-120.85356,45.426968],[-120.84964,45.429173],[-120.849432,45.431626],[-120.850968,45.433462],[-120.857133,45.434877],[-120.85974,45.435925],[-120.865369,45.440243],[-120.866216,45.443202],[-120.865755,45.446272],[-120.863435,45.447768],[-120.861961,45.450224],[-120.861641,45.45462],[-120.858888,45.460455],[-120.856582,45.461573],[-120.848206,45.461848],[-120.844859,45.463081],[-120.836639,45.468299],[-120.835817,45.471713],[-120.837662,45.474665],[-120.839262,45.478989],[-120.839214,45.483254],[-120.837323,45.487512],[-120.835085,45.489819],[-120.833629,45.492762],[-120.833657,45.49603],[-120.838999,45.50191],[-120.837272,45.505901],[-120.833888,45.508024],[-120.828317,45.510078],[-120.82561,45.512538],[-120.825743,45.51408],[-120.82787,45.515687],[-120.831573,45.516297],[-120.838653,45.515972],[-120.841706,45.517488],[-120.849455,45.519768],[-120.852891,45.521345],[-120.854575,45.52351],[-120.863672,45.528784],[-120.866472,45.528917],[-120.875081,45.52681],[-120.882671,45.52757],[-120.884333,45.529442],[-120.884792,45.531701],[-120.884658,45.538788],[-120.885731,45.539888],[-120.892565,45.542121],[-120.896848,45.542686],[-120.898924,45.544768],[-120.899067,45.5481],[-120.900687,45.551049],[-120.909304,45.559117],[-120.909495,45.562253],[-120.906543,45.565668],[-120.905672,45.568933],[-120.905914,45.571849],[-120.904829,45.576074],[-120.903027,45.579038],[-120.896886,45.585919],[-120.895154,45.589047],[-120.898802,45.596405],[-120.903461,45.599605],[-120.9069,45.600707],[-120.910074,45.603051],[-120.912121,45.606476],[-120.911059,45.609213],[-120.90488,45.614987],[-120.904152,45.617998],[-120.906548,45.624469],[-120.915014,45.635748],[-120.91681,45.638765]]},"properties":{"OBJECTID":73,"fhdFtrID":73,"fhdRefID":53718,"fhdRevDt":"20190521","fhdONm":"Kevin Stertz","fhdOEnt":"ODFW","fhdSpNm":"SMbass","fhdRun":"NA","fhdLifeHst":"FluvRes","fhdUseTy":"Unknown","fhdBasis":"DocObsFish","fhdStNm":"Deschutes River","fhdGenus":"Micropterus","fhdSp":"dolomieu","fhdSubSp":null,"fhdOrig":"NonNative","fhdProd":"Natural","fhdComment":null,"fhdESH":"NA","fhdBasisD":null,"fhdNMF":"no","fhdBasisDt":null,"fhdBasisNm":null,"fhdBasisEnt":null,"fhdBasisPrj":null,"fhdBasisMethod":null,"fhdAccess":null,"fhdBarrierFtrID":null,"fhdEndExtent":null,"Shape__Length":91538.08518846512,"habitatType":"stream"},"id":73},
{"type":"Feature","geometry":{"type":"LineString","coordinates":[[-124.03291,42.832448],[-124.037283,42.835095],[-124.038682,42.836888]]},"properties":{"OBJECTID":74,"fhdFtrID":74,"fhdRefID":53865,"fhdRevDt":"20240506","fhdONm":"Gary Vonderohe","fhdOEnt":"ODFW","fhdSpNm":"SMbass","fhdRun":"NA","fhdLifeHst":"FluvRes","fhdUseTy":"Unknown","fhdBasis":"DocObsFish","fhdStNm":"South Fork Coquille River","fhdGenus":"Micropterus","fhdSp":"dolomieu","fhdSubSp":null,"fhdOrig":"NonNative","fhdProd":"Natural","fhdComment":"Observations made during snorkel surveys","fhdESH":"NA","fhdBasisD":null,"fhdNMF":"no","fhdBasisDt":"20220800","fhdBasisNm":null,"fhdBasisEnt":null,"fhdBasisPrj":null,"fhdBasisMethod":"Snorkel Survey","fhdAccess":null,"fhdBarrierFtrID":null,"fhdEndExtent":null,"Shape__Length":964.6319449793666,"habitatType":"stream"},"id":74},
{"type":"Feature","geometry":{"type":"LineString","coordinates":[[-123.893723,43.005872],[-123.898176,43.006385],[-123.908539,43.011551],[-123.914248,43.013176],[-123.918661,43.016775],[-123.920289,43.019083]]},"properties":{"OBJECTID":75,"fhdFtrID":75,"fhdRefID":53865,"fhdRevDt":"20240508","fhdONm":"Gary Vonderohe","fhdOEnt":"ODFW","fhdSpNm":"SMbass","fhdRun":"NA","fhdLifeHst":"FluvRes","fhdUseTy":"Unknown","fhdBasis":"DocObsFish","fhdStNm":"Middle Fork Coquille River","fhdGenus":"Micropterus","fhdSp":"dolomieu","fhdSubSp":null,"fhdOrig":"NonNative","fhdProd":"Natural","fhdComment":"Observations made during snorkel surveys","fhdESH":"NA","fhdBasisD":null,"fhdNMF":"no","fhdBasisDt":"20220800","fhdBasisNm":null,"fhdBasisEnt":null,"fhdBasisPrj":null,"fhdBasisMethod":"Snorkel Survey","fhdAccess":null,"fhdBarrierFtrID":null,"fhdEndExtent":null,"Shape__Length":3954.0533764016977,"habitatType":"stream"},"id":75},
{"type":"Feature","geometry":{"type":"LineString","coordinates":[[-123.994112,43.161208],[-123.995451,43.160091],[-123.995095,43.15832],[-123.991595,43.156721],[-123.989513,43.154699],[-123.988862,43.152401],[-123.983404,43.14948],[-123.983797,43.148509],[-123.993669,43.146313],[-124.001282,43.146428],[-124.003741,43.143552],[-124.003364,43.139247],[-124.000588,43.134902],[-123.999459,43.132189],[-123.994402,43.129125],[-123.994077,43.126563],[-123.997605,43.126806],[-123.999816,43.128102],[-124.002532,43.126986],[-124.005504,43.130733],[-124.008023,43.132535],[-124.010829,43.131549],[-124.013602,43.132035],[-124.015784,43.1308],[-124.017065,43.126915],[-124.018898,43.125486],[-124.023841,43.125375],[-124.025338,43.123724],[-124.017482,43.117469],[-124.021296,43.114371],[-124.022048,43.110326],[-124.025269,43.10967],[-124.026384,43.111798],[-124.030007,43.114572],[-124.033091,43.113008],[-124.0362,43.112458],[-124.039641,43.110456],[-124.046602,43.109237],[-124.053517,43.112654],[-124.057914,43.113993],[-124.0607,43.111561],[-124.064601,43.109288],[-124.067722,43.108156],[-124.070099,43.108549],[-124.070926,43.107085],[-124.074408,43.105794],[-124.077385,43.105842]]},"properties":{"OBJECTID":76,"fhdFtrID":76,"fhdRefID":53825,"fhdRevDt":"20240508","fhdONm":"Gary Vonderohe","fhdOEnt":"ODFW","fhdSpNm":"SMbass","fhdRun":"NA","fhdLifeHst":"FluvRes","fhdUseTy":"Unknown","fhdBasis":"UndocObsFish","fhdStNm":"East Fork Coquille River","fhdGenus":"Micropterus","fhdSp":"dolomieu","fhdSubSp":null,"fhdOrig":"NonNative","fhdProd":"Natural","fhdComment":null,"fhdESH":"NA","fhdBasisD":null,"fhdNMF":"no","fhdBasisDt":null,"fhdBasisNm":null,"fhdBasisEnt":null,"fhdBasisPrj":null,"fhdBasisMethod":null,"fhdAccess":null,"fhdBarrierFtrID":null,"fhdEndExtent":null,"Shape__Length":24683.25027926969,"habitatType":"stream"},"id":76},
{"type":"Feature","geometry":{"type":"Polygon","coordinates":[[[-122.20662,42.355555],[-122.208245,42.359808],[-122.206697,42.363985],[-122.208993,42.368855],[-122.203294,42.375894],[-122.208146,42.377972],[-122.211214,42.377588],[-122.214746,42.38171],[-122.215105,42.385252],[-122.218149,42.388199],[-122.223711,42.387625],[-122.226991,42.384513],[-122.222795,42.378847],[-122.221368,42.368597],[-122.223085,42.361323],[-122.223039,42.356181],[-122.221574,42.349038],[-122.214448,42.347963],[-122.211922,42.348756],[-122.207002,42.353108],[-122.20662,42.355555]]]},"properties":{"OBJECTID":1,"fhdFtrID":1,"fhdRefID":53684,"fhdRevDt":"20190201","fhdONm":"Peter Robinson","fhdOEnt":"ODFW","fhdSpNm":"SMbass","fhdRun":"NA","fhdLifeHst":"FluvAdfluvRes","fhdUseTy":"ResidentMultipleUses","fhdBasis":"UndocObsFish","fhdStNm":"Lake of the Woods","fhdGenus":"Micropterus","fhdSp":"dolomieu","fhdSubSp":null,"fhdOrig":"NonNative","fhdProd":"Natural","fhdComment":null,"fhdESH":"NA","fhdBasisD":null,"fhdNMF":"no","fhdBasisDt":null,"fhdBasisNm":null,"fhdBasisEnt":null,"fhdBasisPrj":null,"fhdBasisMethod":null,"fhdAccess":null,"fhdBarrierFtrID":null,"fhdEndExtent":null,"Shape__Area":9110674.089643095,"Shape__Length":17792.341731765933,"habitatType":"lake"},"id":77},
{"type":"Feature","geometry":{"type":"Polygon","coordinates":[[[-122.430241,42.265229],[-122.429419,42.268595],[-122.43291,42.268755],[-122.433278,42.265002],[-122.443636,42.267114],[-122.443079,42.262303],[-122.436715,42.261038],[-122.4332,42.259059],[-122.423487,42.255905],[-122.416145,42.249572],[-122.409944,42.241461],[-122.410076,42.238783],[-122.413069,42.227167],[-122.411203,42.224079],[-122.404871,42.224465],[-122.403091,42.219771],[-122.396305,42.212324],[-122.39068,42.208295],[-122.387991,42.205023],[-122.382852,42.202673],[-122.376187,42.209733],[-122.377991,42.215071],[-122.377158,42.217875],[-122.378783,42.220416],[-122.383055,42.221978],[-122.383426,42.22574],[-122.389189,42.225253],[-122.390483,42.228578],[-122.398582,42.231448],[-122.40098,42.234808],[-122.400687,42.242502],[-122.401827,42.245229],[-122.406224,42.250594],[-122.409883,42.251861],[-122.412271,42.254175],[-122.413054,42.258412],[-122.415944,42.257016],[-122.421717,42.256094],[-122.426454,42.259501],[-122.430698,42.260668],[-122.430241,42.265229]]]},"properties":{"OBJECTID":2,"fhdFtrID":2,"fhdRefID":53718,"fhdRevDt":"20190508","fhdONm":"Kevin Stertz","fhdOEnt":"ODFW","fhdSpNm":"SMbass","fhdRun":"NA","fhdLifeHst":"FluvAdfluvRes","fhdUseTy":"ResidentMultipleUses","fhdBasis":"DocObsFish","fhdStNm":"Howard Prairie Reservoir","fhdGenus":"Micropterus","fhdSp":"dolomieu","fhdSubSp":null,"fhdOrig":"NonNative","fhdProd":"Natural","fhdComment":null,"fhdESH":"NA","fhdBasisD":null,"fhdNMF":"no","fhdBasisDt":"20170000","fhdBasisNm":null,"fhdBasisEnt":null,"fhdBasisPrj":null,"fhdBasisMethod":"Electrofisher","fhdAccess":null,"fhdBarrierFtrID":null,"fhdEndExtent":null,"Shape__Area":14552457.986369215,"Shape__Length":44363.17900609062,"habitatType":"lake"},"id":78},
{"type":"Feature","geometry":{"type":"Polygon","coordinates":[[[-116.701875,45.236909],[-116.700389,45.242403],[-116.702999,45.243297],[-116.706749,45.237817],[-116.705282,45.234058],[-116.706655,45.227379],[-116.710882,45.221827],[-116.711583,45.215194],[-116.709814,45.210951],[-116.709968,45.204311],[-116.715638,45.193619],[-116.717666,45.186338],[-116.721826,45.179636],[-116.726524,45.174467],[-116.726851,45.172399],[-116.725341,45.161835],[-116.728725,45.156556],[-116.730448,45.150976],[-116.731245,45.14272],[-116.732493,45.14085],[-116.745554,45.134235],[-116.746985,45.132522],[-116.746461,45.12774],[-116.753559,45.123023],[-116.755268,45.115055],[-116.759314,45.112198],[-116.767405,45.11022],[-116.775547,45.10696],[-116.780236,45.101232],[-116.784584,45.094352],[-116.785297,45.084265],[-116.786609,45.080008],[-116.78502,45.07846],[-116.791102,45.072049],[-116.79675,45.06478],[-116.797708,45.061286],[-116.8212,45.045006],[-116.826005,45.039425],[-116.832989,45.035776],[-116.842809,45.03143],[-116.844175,45.028286],[-116.849371,45.022797],[-116.849632,45.020435],[-116.846883,45.018081],[-116.845708,45.014351],[-116.848953,45.011915],[-116.846531,45.008125],[-116.845376,45.002036],[-116.852852,44.992643],[-116.856176,44.986222],[-116.858615,44.984408],[-116.859525,44.98009],[-116.858809,44.977019],[-116.85375,44.972117],[-116.8481,44.970874],[-116.843853,44.974939],[-116.838902,44.982263],[-116.840464,44.98354],[-116.845546,44.975361],[-116.849841,44.972385],[-116.853046,44.973103],[-116.857872,44.978334],[-116.856532,44.983405],[-116.851731,44.991463],[-116.844369,45.000356],[-116.843388,45.005459],[-116.844127,45.009536],[-116.845913,45.011691],[-116.843666,45.015845],[-116.846554,45.023173],[-116.842912,45.026373],[-116.841847,45.029213],[-116.834988,45.032145],[-116.823985,45.037644],[-116.816186,45.045822],[-116.807442,45.050415],[-116.796455,45.058499],[-116.794025,45.063958],[-116.791932,45.06517],[-116.786959,45.072224],[-116.782268,45.075597],[-116.78128,45.078634],[-116.782619,45.081341],[-116.78242,45.094007],[-116.776922,45.100198],[-116.774138,45.104613],[-116.765428,45.108669],[-116.759013,45.110631],[-116.753252,45.113273],[-116.750634,45.118783],[-116.745399,45.121653],[-116.740604,45.125974],[-116.740405,45.129702],[-116.736842,45.131556],[-116.733119,45.136774],[-116.728866,45.139904],[-116.726092,45.149239],[-116.72662,45.155042],[-116.723763,45.159108],[-116.722278,45.164702],[-116.723284,45.172031],[-116.720275,45.178483],[-116.715866,45.184205],[-116.712708,45.194925],[-116.70876,45.198754],[-116.706513,45.207782],[-116.708258,45.21641],[-116.702762,45.228063],[-116.701875,45.236909]]]},"properties":{"OBJECTID":3,"fhdFtrID":3,"fhdRefID":53684,"fhdRevDt":"20190212","fhdONm":"Peter Robinson","fhdOEnt":"ODFW","fhdSpNm":"SMbass","fhdRun":"NA","fhdLifeHst":"FluvAdfluvRes","fhdUseTy":"ResidentMultipleUses","fhdBasis":"UndocObsFish","fhdStNm":"Hells Canyon Reservoir","fhdGenus":"Micropterus","fhdSp":"dolomieu","fhdSubSp":null,"fhdOrig":"NonNative","fhdProd":"Natural","fhdComment":null,"fhdESH":"NA","fhdBasisD":null,"fhdNMF":"no","fhdBasisDt":null,"fhdBasisNm":null,"fhdBasisEnt":null,"fhdBasisPrj":null,"fhdBasisMethod":null,"fhdAccess":null,"fhdBarrierFtrID":null,"fhdEndExtent":null,"Shape__Area":18695910.95635435,"Shape__Length":121775.12852254763,"habitatType":"lake"},"id":79},
{"type":"Feature","geometry":{"type":"Polygon","coordinates":[[[-122.227257,45.543582],[-122.230271,45.543642],[-122.238586,45.542278],[-122.241585,45.543078],[-122.24519,45.541342],[-122.236329,45.541642],[-122.227257,45.543582]]]},"properties":{"OBJECTID":4,"fhdFtrID":4,"fhdRefID":53684,"fhdRevDt":"20190212","fhdONm":"Peter Robinson","fhdOEnt":"ODFW","fhdSpNm":"SMbass","fhdRun":"NA","fhdLifeHst":"FluvAdfluvRes","fhdUseTy":"ResidentMultipleUses","fhdBasis":"UndocObsFish","fhdStNm":"Mirror Pond","fhdGenus":"Micropterus","fhdSp":"dolomieu","fhdSubSp":null,"fhdOrig":"NonNative","fhdProd":"Natural","fhdComment":null,"fhdESH":"NA","fhdBasisD":null,"fhdNMF":"no","fhdBasisDt":null,"fhdBasisNm":null,"fhdBasisEnt":null,"fhdBasisPrj":null,"fhdBasisMethod":null,"fhdAccess":null,"fhdBarrierFtrID":null,"fhdEndExtent":null,"Shape__Area":285601.220385745,"Shape__Length":6442.146456840715,"habitatType":"lake"},"id":80},
{"type":"Feature","geometry":{"type":"Polygon","coordinates":[[[-120.949921,42.844155],[-120.94858,42.845923],[-120.951218,42.84647],[-120.951725,42.8448],[-120.949921,42.844155]]]},"properties":{"OBJECTID":5,"fhdFtrID":5,"fhdRefID":53684,"fhdRevDt":"20190212","fhdONm":"Peter Robinson","fhdOEnt":"ODFW","fhdSpNm":"SMbass","fhdRun":"NA","fhdLifeHst":"FluvAdfluvRes","fhdUseTy":"ResidentMultipleUses","fhdBasis":"UndocObsFish","fhdStNm":"Emigrant Reservoir","fhdGenus":"Micropterus","fhdSp":"dolomieu","fhdSubSp":null,"fhdOrig":"NonNative","fhdProd":"Natural","fhdComment":null,"fhdESH":"NA","fhdBasisD":null,"fhdNMF":"no","fhdBasisDt":null,"fhdBasisNm":null,"fhdBasisEnt":null,"fhdBasisPrj":null,"fhdBasisMethod":null,"fhdAccess":null,"fhdBarrierFtrID":null,"fhdEndExtent":null,"Shape__Area":111703.2045471,"Shape__Length":1260.1597069588815,"habitatType":"lake"},"id":81},
{"type":"Feature","geometry":{"type":"Polygon","coordinates":[[[-117.238128,43.643285],[-117.243341,43.641465],[-117.238766,43.639102],[-117.237531,43.634508],[-117.240945,43.633101],[-117.246892,43.632583],[-117.252871,43.6311],[-117.253507,43.628987],[-117.26263,43.626746],[-117.265322,43.62408],[-117.265741,43.620946],[-117.26871,43.616331],[-117.278893,43.618892],[-117.286894,43.618839],[-117.290226,43.619822],[-117.295999,43.616047],[-117.303079,43.607502],[-117.308903,43.608726],[-117.317145,43.608528],[-117.321457,43.606091],[-117.322159,43.599049],[-117.325708,43.598983],[-117.328647,43.601392],[-117.332255,43.595238],[-117.330969,43.58841],[-117.33186,43.586511],[-117.336564,43.58595],[-117.34166,43.583446],[-117.344134,43.578643],[-117.34238,43.575086],[-117.349507,43.574898],[-117.35075,43.571203],[-117.355106,43.571097],[-117.352385,43.566153],[-117.362693,43.570019],[-117.365023,43.567773],[-117.370105,43.568895],[-117.370804,43.573396],[-117.374893,43.57117],[-117.372059,43.568373],[-117.378735,43.567087],[-117.382581,43.564638],[-117.38728,43.56465],[-117.393583,43.562197],[-117.400614,43.561358],[-117.394035,43.558922],[-117.388523,43.560215],[-117.386066,43.559746],[-117.374794,43.563322],[-117.364114,43.564474],[-117.358573,43.563478],[-117.35911,43.554822],[-117.355702,43.550135],[-117.355653,43.544432],[-117.356711,43.537472],[-117.357834,43.535803],[-117.362732,43.536942],[-117.367559,43.535354],[-117.369826,43.530528],[-117.368073,43.527856],[-117.368749,43.524996],[-117.357814,43.5287],[-117.354875,43.523558],[-117.349789,43.520277],[-117.351457,43.5101],[-117.354125,43.507382],[-117.356352,43.501031],[-117.352265,43.498235],[-117.346863,43.500436],[-117.343726,43.497996],[-117.341678,43.493742],[-117.342305,43.487281],[-117.352064,43.482146],[-117.354302,43.479785],[-117.353793,43.475311],[-117.348937,43.47175],[-117.341008,43.470188],[-117.342973,43.467344],[-117.339287,43.465177],[-117.348156,43.463885],[-117.350649,43.461408],[-117.353509,43.456033],[-117.352654,43.450797],[-117.348629,43.448542],[-117.350465,43.445484],[-117.357268,43.444818],[-117.358719,43.441436],[-117.362438,43.438508],[-117.362788,43.433952],[-117.355522,43.426248],[-117.352985,43.427858],[-117.348194,43.42585],[-117.345295,43.427481],[-117.340993,43.425385],[-117.34438,43.421207],[-117.349779,43.419652],[-117.34672,43.417183],[-117.341453,43.410043],[-117.338261,43.410093],[-117.330821,43.408349],[-117.325173,43.402948],[-117.320851,43.396411],[-117.321641,43.395016],[-117.315972,43.392854],[-117.31254,43.390367],[-117.3126,43.385515],[-117.314346,43.378527],[-117.317627,43.376002],[-117.316204,43.372219],[-117.318153,43.367443],[-117.316498,43.364122],[-117.313315,43.36129],[-117.312781,43.357898],[-117.319589,43.354692],[-117.321191,43.352924],[-117.32213,43.347429],[-117.324348,43.344152],[-117.323731,43.340062],[-117.318924,43.335808],[-117.32227,43.33246],[-117.330805,43.330576],[-117.334353,43.326876],[-117.329779,43.319784],[-117.331688,43.317116],[-117.337197,43.314068],[-117.342689,43.307244],[-117.343146,43.305037],[-117.347159,43.303093],[-117.35564,43.307745],[-117.357067,43.306361],[-117.364425,43.305113],[-117.375042,43.300991],[-117.381542,43.303887],[-117.387593,43.303471],[-117.387868,43.307368],[-117.393624,43.308925],[-117.396757,43.311237],[-117.401952,43.310618],[-117.408618,43.314056],[-117.414836,43.310989],[-117.417145,43.306514],[-117.419724,43.306324],[-117.427901,43.3084],[-117.433824,43.31253],[-117.440409,43.31462],[-117.445078,43.317314],[-117.446846,43.321287],[-117.444749,43.325086],[-117.447057,43.327374],[-117.451749,43.327166],[-117.449681,43.324253],[-117.452063,43.320974],[-117.446732,43.314357],[-117.442943,43.313004],[-117.441454,43.310959],[-117.432983,43.306739],[-117.431728,43.300348],[-117.424926,43.302492],[-117.418357,43.302257],[-117.414161,43.307279],[-117.402421,43.305972],[-117.39658,43.30673],[-117.393448,43.303761],[-117.388692,43.300952],[-117.384316,43.303126],[-117.380641,43.302392],[-117.377923,43.299547],[-117.370395,43.299368],[-117.363918,43.30126],[-117.361047,43.303653],[-117.355345,43.304265],[-117.352284,43.301988],[-117.344865,43.301518],[-117.340132,43.303885],[-117.33769,43.306971],[-117.335039,43.312949],[-117.326147,43.318099],[-117.325456,43.320109],[-117.328472,43.32551],[-117.328112,43.32748],[-117.323518,43.328452],[-117.316382,43.332268],[-117.316872,43.34059],[-117.314338,43.345942],[-117.304906,43.347215],[-117.302039,43.354417],[-117.303761,43.357046],[-117.303407,43.361608],[-117.306694,43.365961],[-117.30695,43.368267],[-117.310108,43.375233],[-117.308137,43.383517],[-117.305375,43.388402],[-117.305939,43.39113],[-117.309318,43.392695],[-117.310342,43.395061],[-117.30712,43.397487],[-117.309092,43.399414],[-117.313842,43.398113],[-117.317351,43.400264],[-117.319693,43.405408],[-117.325724,43.410413],[-117.330702,43.413629],[-117.330402,43.416802],[-117.326299,43.419805],[-117.327437,43.425514],[-117.335029,43.426501],[-117.333735,43.431217],[-117.335055,43.434082],[-117.341987,43.438455],[-117.345067,43.437916],[-117.343633,43.446804],[-117.342782,43.44816],[-117.344127,43.453923],[-117.343736,43.456915],[-117.335312,43.457861],[-117.327717,43.460283],[-117.324441,43.465251],[-117.33038,43.468258],[-117.332847,43.474922],[-117.336247,43.476667],[-117.345563,43.476577],[-117.348135,43.478222],[-117.338435,43.482177],[-117.333559,43.48495],[-117.338068,43.492448],[-117.339409,43.498804],[-117.337483,43.502107],[-117.333867,43.504221],[-117.340293,43.506442],[-117.342919,43.509323],[-117.345661,43.516156],[-117.344193,43.521997],[-117.347439,43.526464],[-117.352306,43.528131],[-117.354647,43.531561],[-117.35277,43.532786],[-117.35103,43.537765],[-117.346761,43.539945],[-117.343806,43.545358],[-117.347589,43.54977],[-117.347116,43.552954],[-117.348688,43.556609],[-117.347309,43.559743],[-117.344207,43.561402],[-117.343508,43.56677],[-117.342241,43.568434],[-117.33578,43.571904],[-117.330617,43.573667],[-117.334778,43.575445],[-117.337777,43.579885],[-117.33392,43.583102],[-117.330794,43.582976],[-117.32535,43.584552],[-117.324663,43.587478],[-117.327429,43.593021],[-117.32647,43.595607],[-117.319001,43.592193],[-117.311358,43.597205],[-117.314153,43.604132],[-117.306789,43.600674],[-117.297452,43.604136],[-117.293712,43.609087],[-117.289247,43.610947],[-117.288142,43.614371],[-117.275519,43.613879],[-117.273435,43.611936],[-117.261621,43.610169],[-117.253861,43.612443],[-117.25647,43.616945],[-117.245777,43.620349],[-117.241389,43.622667],[-117.23814,43.622328],[-117.23176,43.630075],[-117.229736,43.631229],[-117.23,43.639736],[-117.233198,43.641914],[-117.238128,43.643285]]]},"properties":{"OBJECTID":6,"fhdFtrID":6,"fhdRefID":53718,"fhdRevDt":"20190508","fhdONm":"Kevin Stertz","fhdOEnt":"ODFW","fhdSpNm":"SMbass","fhdRun":"NA","fhdLifeHst":"FluvAdfluvRes","fhdUseTy":"ResidentMultipleUses","fhdBasis":"DocObsFish","fhdStNm":"Owyhee Reservoir","fhdGenus":"Micropterus","fhdSp":"dolomieu","fhdSubSp":null,"fhdOrig":"NonNative","fhdProd":"Natural","fhdComment":null,"fhdESH":"NA","fhdBasisD":null,"fhdNMF":"no","fhdBasisDt":"20170000","fhdBasisNm":null,"fhdBasisEnt":null,"fhdBasisPrj":null,"fhdBasisMethod":"Electrofisher","fhdAccess":null,"fhdBarrierFtrID":null,"fhdEndExtent":null,"Shape__Area":85251208.81921154,"Shape__Length":319417.8155288524,"habitatType":"lake"},"id":82},
{"type":"Feature","geometry":{"type":"Polygon","coordinates":[[[-117.814744,45.025335],[-117.810815,45.023995],[-117.809678,45.026173],[-117.81165,45.030119],[-117.808582,45.030375],[-117.805528,45.026229],[-117.801937,45.024481],[-117.80115,45.021777],[-117.796421,45.016661],[-117.7905,45.01429],[-117.7875,45.015751],[-117.788141,45.019941],[-117.781124,45.023824],[-117.787148,45.024359],[-117.792102,45.031112],[-117.798537,45.033795],[-117.806906,45.03397],[-117.813311,45.032655],[-117.81269,45.026457],[-117.814744,45.025335]]]},"properties":{"OBJECTID":7,"fhdFtrID":7,"fhdRefID":53684,"fhdRevDt":"20190219","fhdONm":"Peter Robinson","fhdOEnt":"ODFW","fhdSpNm":"SMbass","fhdRun":"NA","fhdLifeHst":"FluvAdfluvRes","fhdUseTy":"ResidentMultipleUses","fhdBasis":"UndocObsFish","fhdStNm":"Thief Valley Reservoir","fhdGenus":"Micropterus","fhdSp":"dolomieu","fhdSubSp":null,"fhdOrig":"NonNative","fhdProd":"Natural","fhdComment":null,"fhdESH":"NA","fhdBasisD":null,"fhdNMF":"no","fhdBasisDt":null,"fhdBasisNm":null,"fhdBasisEnt":null,"fhdBasisPrj":null,"fhdBasisMethod":null,"fhdAccess":null,"fhdBarrierFtrID":null,"fhdEndExtent":null,"Shape__Area":6084278.27210642,"Shape__Length":24183.899712153077,"habitatType":"lake"},"id":83},
{"type":"Feature","geometry":{"type":"Polygon","coordinates":[[[-118.006798,43.93076],[-118.006585,43.930886],[-118.00695,43.931068],[-118.007132,43.930881],[-118.006798,43.93076]]]},"properties":{"OBJECTID":8,"fhdFtrID":8,"fhdRefID":53684,"fhdRevDt":"20190219","fhdONm":"Peter Robinson","fhdOEnt":"ODFW","fhdSpNm":"SMbass","fhdRun":"NA","fhdLifeHst":"FluvAdfluvRes","fhdUseTy":"ResidentMultipleUses","fhdBasis":"UndocObsFish","fhdStNm":"Warm Springs Reservoir","fhdGenus":"Micropterus","fhdSp":"dolomieu","fhdSubSp":null,"fhdOrig":"NonNative","fhdProd":"Natural","fhdComment":null,"fhdESH":"NA","fhdBasisD":null,"fhdNMF":"no","fhdBasisDt":null,"fhdBasisNm":null,"fhdBasisEnt":null,"fhdBasisPrj":null,"fhdBasisMethod":null,"fhdAccess":null,"fhdBarrierFtrID":null,"fhdEndExtent":null,"Shape__Area":1684.910491525,"Shape__Length":159.88864153607503,"habitatType":"lake"},"id":84},
{"type":"Feature","geometry":{"type":"Polygon","coordinates":[[[-117.49451,44.976316],[-117.498028,44.976287],[-117.49625,44.968342],[-117.491242,44.970391],[-117.494176,44.973973],[-117.49451,44.976316]]]},"properties":{"OBJECTID":9,"fhdFtrID":9,"fhdRefID":53684,"fhdRevDt":"20190219","fhdONm":"Peter Robinson","fhdOEnt":"ODFW","fhdSpNm":"SMbass","fhdRun":"NA","fhdLifeHst":"FluvAdfluvRes","fhdUseTy":"ResidentMultipleUses","fhdBasis":"UndocObsFish","fhdStNm":"Balm Creek Reservoir","fhdGenus":"Micropterus","fhdSp":"dolomieu","fhdSubSp":null,"fhdOrig":"NonNative","fhdProd":"Natural","fhdComment":null,"fhdESH":"NA","fhdBasisD":null,"fhdNMF":"no","fhdBasisDt":null,"fhdBasisNm":null,"fhdBasisEnt":null,"fhdBasisPrj":null,"fhdBasisMethod":null,"fhdAccess":null,"fhdBarrierFtrID":null,"fhdEndExtent":null,"Shape__Area":589194.52214896,"Shape__Length":4567.309357549766,"habitatType":"lake"},"id":85},
{"type":"Feature","geometry":{"type":"Polygon","coordinates":[[[-117.421056,44.03461],[-117.426967,44.036642],[-117.432636,44.035534],[-117.436158,44.032383],[-117.434584,44.028036],[-117.424778,44.029287],[-117.421605,44.03134],[-117.417202,44.027261],[-117.411703,44.025394],[-117.410397,44.020393],[-117.406921,44.019146],[-117.399335,44.012882],[-117.397958,44.013518],[-117.395254,44.019269],[-117.397747,44.021696],[-117.401025,44.021571],[-117.407306,44.025074],[-117.405213,44.026802],[-117.40735,44.029372],[-117.414933,44.031843],[-117.415952,44.034385],[-117.421056,44.03461]]]},"properties":{"OBJECTID":10,"fhdFtrID":10,"fhdRefID":53684,"fhdRevDt":"20190219","fhdONm":"Peter Robinson","fhdOEnt":"ODFW","fhdSpNm":"SMbass","fhdRun":"NA","fhdLifeHst":"FluvAdfluvRes","fhdUseTy":"ResidentMultipleUses","fhdBasis":"UndocObsFish","fhdStNm":"Bully Creek Reservoir","fhdGenus":"Micropterus","fhdSp":"dolomieu","fhdSubSp":null,"fhdOrig":"NonNative","fhdProd":"Natural","fhdComment":null,"fhdESH":"NA","fhdBasisD":null,"fhdNMF":"no","fhdBasisDt":null,"fhdBasisNm":null,"fhdBasisEnt":null,"fhdBasisPrj":null,"fhdBasisMethod":null,"fhdAccess":null,"fhdBarrierFtrID":null,"fhdEndExtent":null,"Shape__Area":4786584.97927659,"Shape__Length":20134.498932298662,"habitatType":"lake"},"id":86},
{"type":"Feature","geometry":{"type":"Polygon","coordinates":[[[-117.048689,44.743379],[-117.052256,44.741807],[-117.05529,44.737856],[-117.054829,44.73548],[-117.057716,44.732347],[-117.062051,44.730887],[-117.064291,44.724175],[-117.063329,44.723199],[-117.064468,44.717277],[-117.066523,44.712492],[-117.066653,44.707322],[-117.070916,44.702202],[-117.076017,44.699924],[-117.081541,44.695796],[-117.083909,44.691965],[-117.084499,44.68578],[-117.081113,44.68048],[-117.082889,44.676588],[-117.086456,44.673811],[-117.090832,44.671988],[-117.098742,44.665527],[-117.10096,44.65826],[-117.101646,44.649852],[-117.104166,44.646921],[-117.105247,44.643359],[-117.111625,44.631244],[-117.117555,44.627504],[-117.122221,44.62107],[-117.124519,44.613962],[-117.124883,44.609401],[-117.127078,44.605483],[-117.126391,44.601608],[-117.131007,44.594098],[-117.129994,44.585832],[-117.13062,44.581321],[-117.133279,44.579095],[-117.138687,44.576743],[-117.14109,44.576815],[-117.148134,44.5728],[-117.151384,44.568966],[-117.150873,44.562237],[-117.146901,44.557538],[-117.146428,44.554097],[-117.148058,44.548829],[-117.153373,44.542942],[-117.157127,44.539958],[-117.158986,44.53621],[-117.163691,44.533258],[-117.166338,44.533275],[-117.17062,44.529972],[-117.177134,44.526845],[-117.183671,44.525062],[-117.191495,44.51903],[-117.196519,44.516023],[-117.199472,44.511511],[-117.199056,44.505249],[-117.199707,44.501353],[-117.204429,44.493732],[-117.21057,44.491096],[-117.210515,44.488961],[-117.215307,44.488582],[-117.224498,44.486477],[-117.229578,44.482293],[-117.230179,44.475801],[-117.225558,44.467191],[-117.221693,44.463044],[-117.217135,44.449939],[-117.218504,44.445526],[-117.217448,44.43359],[-117.21832,44.431685],[-117.217567,44.426499],[-117.22117,44.419067],[-117.226335,44.41412],[-117.22751,44.407611],[-117.236929,44.400714],[-117.241873,44.39945],[-117.244977,44.395222],[-117.245271,44.390978],[-117.23864,44.378601],[-117.237106,44.374244],[-117.228254,44.365444],[-117.221689,44.363109],[-117.217234,44.359405],[-117.213569,44.357897],[-117.206033,44.352459],[-117.203859,44.349551],[-117.198314,44.346429],[-117.19416,44.340409],[-117.191024,44.337599],[-117.192094,44.330821],[-117.197217,44.327116],[-117.200236,44.322154],[-117.201641,44.318076],[-117.205737,44.312829],[-117.220235,44.308226],[-117.228607,44.30099],[-117.224769,44.298357],[-117.22346,44.295196],[-117.218053,44.287662],[-117.21508,44.285369],[-117.209494,44.282999],[-117.207805,44.280958],[-117.206443,44.275909],[-117.201217,44.271343],[-117.19474,44.26861],[-117.192066,44.265175],[-117.181175,44.260312],[-117.174073,44.258215],[-117.158778,44.256324],[-117.153983,44.255154],[-117.149471,44.252809],[-117.14366,44.25279],[-117.14013,44.256104],[-117.132453,44.260316],[-117.134851,44.263548],[-117.140538,44.260638],[-117.145129,44.25941],[-117.156936,44.258552],[-117.164649,44.260585],[-117.168513,44.260091],[-117.173324,44.263023],[-117.183848,44.268199],[-117.19089,44.271069],[-117.203244,44.280113],[-117.205124,44.283494],[-117.209931,44.28582],[-117.214121,44.29403],[-117.216162,44.295571],[-117.214874,44.302328],[-117.209702,44.306813],[-117.205453,44.308614],[-117.199783,44.315629],[-117.198148,44.320815],[-117.195213,44.325349],[-117.190236,44.329526],[-117.18846,44.336607],[-117.191342,44.340069],[-117.194982,44.347797],[-117.2007,44.349874],[-117.202927,44.353311],[-117.20924,44.358853],[-117.215009,44.36114],[-117.217336,44.364098],[-117.226168,44.36915],[-117.230257,44.372825],[-117.233856,44.378033],[-117.23346,44.379388],[-117.240318,44.389336],[-117.241372,44.39529],[-117.230643,44.399866],[-117.224652,44.403864],[-117.22183,44.408946],[-117.222154,44.41258],[-117.219744,44.416543],[-117.214723,44.420232],[-117.212804,44.428366],[-117.2143,44.433157],[-117.211905,44.438316],[-117.212917,44.441797],[-117.211915,44.444342],[-117.213083,44.451899],[-117.212256,44.4546],[-117.214825,44.458084],[-117.218326,44.471222],[-117.221763,44.475979],[-117.220103,44.482242],[-117.21647,44.483927],[-117.209333,44.484423],[-117.201583,44.488507],[-117.195581,44.494309],[-117.190083,44.503329],[-117.188527,44.50846],[-117.18891,44.510919],[-117.186486,44.514503],[-117.179652,44.520018],[-117.161869,44.523643],[-117.156644,44.525463],[-117.150611,44.529106],[-117.148,44.533693],[-117.142954,44.539382],[-117.139426,44.546065],[-117.13681,44.554049],[-117.137068,44.556738],[-117.143156,44.566197],[-117.135168,44.57043],[-117.129048,44.571975],[-117.122937,44.576809],[-117.120294,44.582683],[-117.122497,44.589613],[-117.122648,44.594678],[-117.120318,44.5998],[-117.12161,44.601764],[-117.118474,44.607594],[-117.118086,44.611627],[-117.115464,44.617457],[-117.111442,44.623347],[-117.106818,44.626175],[-117.102526,44.631412],[-117.099693,44.637132],[-117.096513,44.640382],[-117.095564,44.647121],[-117.093083,44.651386],[-117.092855,44.657285],[-117.094273,44.663119],[-117.089106,44.665266],[-117.082925,44.670211],[-117.077335,44.67306],[-117.074337,44.682462],[-117.075092,44.688235],[-117.068084,44.697054],[-117.062129,44.702125],[-117.058796,44.70826],[-117.059843,44.713172],[-117.058649,44.716876],[-117.056309,44.719543],[-117.05523,44.72631],[-117.047461,44.732247],[-117.045442,44.740061],[-117.027541,44.749139],[-117.024045,44.748671],[-117.016304,44.750685],[-117.010409,44.754151],[-117.006266,44.753671],[-116.997003,44.75417],[-116.990728,44.755841],[-116.984316,44.761288],[-116.973036,44.768371],[-116.969762,44.769014],[-116.967806,44.771759],[-116.956597,44.772628],[-116.945858,44.777074],[-116.940934,44.778139],[-116.930547,44.784779],[-116.930046,44.787023],[-116.924828,44.791193],[-116.924511,44.793696],[-116.918437,44.79398],[-116.917874,44.795879],[-116.925913,44.797806],[-116.924323,44.80381],[-116.916689,44.811288],[-116.913582,44.811886],[-116.913179,44.816506],[-116.909815,44.82106],[-116.907115,44.822223],[-116.904976,44.827008],[-116.902592,44.829553],[-116.899835,44.835199],[-116.904676,44.838131],[-116.909013,44.83467],[-116.909639,44.832897],[-116.915232,44.828454],[-116.91558,44.825792],[-116.918466,44.821353],[-116.924204,44.814807],[-116.928438,44.811394],[-116.9321,44.810132],[-116.936286,44.805995],[-116.937543,44.80122],[-116.937459,44.79401],[-116.936041,44.792028],[-116.940263,44.788895],[-116.943948,44.783034],[-116.948147,44.781283],[-116.953194,44.78064],[-116.960158,44.777429],[-116.965205,44.777379],[-116.967324,44.779282],[-116.983051,44.768708],[-116.984637,44.76851],[-116.992936,44.761998],[-116.996024,44.760734],[-117.008123,44.760582],[-117.01608,44.760025],[-117.017276,44.758171],[-117.023093,44.755347],[-117.031281,44.753797],[-117.039147,44.749592],[-117.043398,44.749291],[-117.047981,44.74687],[-117.047809,44.753164],[-117.043934,44.754255],[-117.045096,44.75836],[-117.047536,44.761308],[-117.051442,44.762373],[-117.052388,44.764744],[-117.057696,44.765918],[-117.062048,44.770303],[-117.07184,44.77005],[-117.07372,44.773381],[-117.078574,44.773524],[-117.08124,44.775395],[-117.092381,44.775766],[-117.095955,44.773899],[-117.095745,44.770431],[-117.101915,44.767948],[-117.108456,44.769054],[-117.115643,44.768129],[-117.118029,44.765714],[-117.118664,44.76073],[-117.122768,44.759614],[-117.125538,44.756715],[-117.130482,44.755287],[-117.13915,44.755592],[-117.142693,44.757442],[-117.14528,44.756467],[-117.151661,44.756548],[-117.157217,44.7552],[-117.161389,44.751647],[-117.157344,44.749553],[-117.157061,44.746814],[-117.152333,44.744936],[-117.148159,44.746548],[-117.138247,44.747444],[-117.136482,44.749337],[-117.131815,44.749279],[-117.127372,44.754156],[-117.122289,44.758138],[-117.119016,44.759271],[-117.115657,44.757549],[-117.111968,44.758001],[-117.110676,44.760882],[-117.114861,44.763394],[-117.115479,44.765397],[-117.107939,44.767611],[-117.102931,44.766592],[-117.096199,44.768268],[-117.093811,44.769827],[-117.092457,44.773905],[-117.084483,44.774291],[-117.082094,44.772047],[-117.077587,44.771016],[-117.075483,44.767476],[-117.071192,44.766083],[-117.063797,44.767461],[-117.053853,44.761917],[-117.049925,44.757944],[-117.051444,44.751007],[-117.055049,44.749737],[-117.05299,44.744367],[-117.048689,44.743379],[-117.047889,44.743589],[-117.048689,44.743379]]]},"properties":{"OBJECTID":11,"fhdFtrID":11,"fhdRefID":53684,"fhdRevDt":"20190219","fhdONm":"Peter Robinson","fhdOEnt":"ODFW","fhdSpNm":"SMbass","fhdRun":"NA","fhdLifeHst":"FluvAdfluvRes","fhdUseTy":"ResidentMultipleUses","fhdBasis":"UndocObsFish","fhdStNm":"Brownlee Reservoir","fhdGenus":"Micropterus","fhdSp":"dolomieu","fhdSubSp":null,"fhdOrig":"NonNative","fhdProd":"Natural","fhdComment":null,"fhdESH":"NA","fhdBasisD":null,"fhdNMF":"no","fhdBasisDt":null,"fhdBasisNm":null,"fhdBasisEnt":null,"fhdBasisPrj":null,"fhdBasisMethod":null,"fhdAccess":null,"fhdBarrierFtrID":null,"fhdEndExtent":null,"Shape__Area":110800209.22666524,"Shape__Length":373252.30659661227,"habitatType":"lake"},"id":87},
{"type":"Feature","geometry":{"type":"Polygon","coordinates":[[[-116.837628,44.968133],[-116.845592,44.96818],[-116.852068,44.964849],[-116.85394,44.961655],[-116.849957,44.95272],[-116.846719,44.950222],[-116.842704,44.944131],[-116.835297,44.936955],[-116.833737,44.932911],[-116.834506,44.929915],[-116.839642,44.924404],[-116.840047,44.920011],[-116.842946,44.916208],[-116.844918,44.908694],[-116.849151,44.903343],[-116.851011,44.899088],[-116.854194,44.887875],[-116.857748,44.88472],[-116.858653,44.882228],[-116.865413,44.874904],[-116.867851,44.870023],[-116.878221,44.866415],[-116.879752,44.8627],[-116.884872,44.858346],[-116.894041,44.855419],[-116.88932,44.854375],[-116.884102,44.856759],[-116.868336,44.868772],[-116.863507,44.87109],[-116.860666,44.877117],[-116.858651,44.877835],[-116.854778,44.882538],[-116.854888,44.884068],[-116.850518,44.889122],[-116.850508,44.893038],[-116.848156,44.896545],[-116.848414,44.899453],[-116.844108,44.904029],[-116.841191,44.909778],[-116.840341,44.914683],[-116.837675,44.916587],[-116.835831,44.923408],[-116.831661,44.927786],[-116.830743,44.934167],[-116.833429,44.938744],[-116.834569,44.943085],[-116.836471,44.943114],[-116.839868,44.947566],[-116.845472,44.951715],[-116.843983,44.953693],[-116.849386,44.957932],[-116.850139,44.96075],[-116.846948,44.96378],[-116.843091,44.964449],[-116.837628,44.968133]]]},"properties":{"OBJECTID":12,"fhdFtrID":12,"fhdRefID":53684,"fhdRevDt":"20190201","fhdONm":"Peter Robinson","fhdOEnt":"ODFW","fhdSpNm":"SMbass","fhdRun":"NA","fhdLifeHst":"FluvAdfluvRes","fhdUseTy":"ResidentMultipleUses","fhdBasis":"UndocObsFish","fhdStNm":"Oxbow Reservoir","fhdGenus":"Micropterus","fhdSp":"dolomieu","fhdSubSp":null,"fhdOrig":"NonNative","fhdProd":"Natural","fhdComment":null,"fhdESH":"NA","fhdBasisD":null,"fhdNMF":"no","fhdBasisDt":null,"fhdBasisNm":null,"fhdBasisEnt":null,"fhdBasisPrj":null,"fhdBasisMethod":null,"fhdAccess":null,"fhdBarrierFtrID":null,"fhdEndExtent":null,"Shape__Area":8922295.49513655,"Shape__Length":57451.92246342264,"habitatType":"lake"},"id":88},
{"type":"Feature","geometry":{"type":"Polygon","coordinates":[[[-118.204865,44.521655],[-118.206,44.526667],[-118.21365,44.520536],[-118.211863,44.518115],[-118.213373,44.51448],[-118.202914,44.506966],[-118.208765,44.504582],[-118.206521,44.501283],[-118.201656,44.503297],[-118.195982,44.502033],[-118.19583,44.499991],[-118.200136,44.495445],[-118.205267,44.49233],[-118.200094,44.490296],[-118.193759,44.492964],[-118.190622,44.49576],[-118.188674,44.49958],[-118.181139,44.505168],[-118.188438,44.50592],[-118.195459,44.509052],[-118.200219,44.51236],[-118.204865,44.521655]]]},"properties":{"OBJECTID":13,"fhdFtrID":13,"fhdRefID":53718,"fhdRevDt":"20190508","fhdONm":"Kevin Stertz","fhdOEnt":"ODFW","fhdSpNm":"SMbass","fhdRun":"NA","fhdLifeHst":"FluvAdfluvRes","fhdUseTy":"ResidentMultipleUses","fhdBasis":"DocObsFish","fhdStNm":"Unity Reservoir","fhdGenus":"Micropterus","fhdSp":"dolomieu","fhdSubSp":null,"fhdOrig":"NonNative","fhdProd":"Natural","fhdComment":null,"fhdESH":"NA","fhdBasisD":null,"fhdNMF":"no","fhdBasisDt":"20170000","fhdBasisNm":null,"fhdBasisEnt":null,"fhdBasisPrj":null,"fhdBasisMethod":"Electrofisher","fhdAccess":null,"fhdBarrierFtrID":null,"fhdEndExtent":null,"Shape__Area":7332238.849254505,"Shape__Length":27921.085490194906,"habitatType":"lake"},"id":89},
{"type":"Feature","geometry":{"type":"Polygon","coordinates":[[[-121.276896,44.603184],[-121.28524,44.602256],[-121.287351,44.601172],[-121.291736,44.595584],[-121.293503,44.594638],[-121.301033,44.594777],[-121.305361,44.590664],[-121.312971,44.588904],[-121.317765,44.585608],[-121.328462,44.586413],[-121.3346,44.588979],[-121.34174,44.590415],[-121.347874,44.588686],[-121.352993,44.59119],[-121.35863,44.591478],[-121.368875,44.594082],[-121.383353,44.592227],[-121.394496,44.59658],[-121.405401,44.595913],[-121.411,44.594353],[-121.422432,44.597437],[-121.430133,44.5964],[-121.433287,44.592059],[-121.433364,44.587766],[-121.439221,44.585162],[-121.435804,44.583208],[-121.431855,44.583451],[-121.430042,44.58528],[-121.430496,44.589014],[-121.426207,44.59297],[-121.409474,44.590685],[-121.396094,44.59256],[-121.386038,44.588334],[-121.379912,44.586813],[-121.373943,44.586288],[-121.371007,44.583607],[-121.363864,44.58274],[-121.357795,44.583967],[-121.351279,44.586322],[-121.347134,44.585011],[-121.34121,44.586887],[-121.328778,44.582439],[-121.314797,44.582368],[-121.311304,44.580759],[-121.310221,44.585119],[-121.302734,44.58742],[-121.29864,44.589988],[-121.288302,44.591526],[-121.285064,44.593242],[-121.277144,44.589693],[-121.276345,44.585189],[-121.271309,44.583375],[-121.269219,44.58121],[-121.270054,44.577252],[-121.2765,44.574388],[-121.282583,44.569258],[-121.283189,44.564064],[-121.284746,44.560369],[-121.287544,44.557278],[-121.285085,44.553523],[-121.290313,44.540961],[-121.29359,44.537365],[-121.295212,44.530096],[-121.29116,44.532674],[-121.289615,44.535559],[-121.285773,44.536113],[-121.281212,44.54737],[-121.278323,44.547993],[-121.283498,44.556119],[-121.281293,44.558327],[-121.281625,44.560736],[-121.280134,44.566889],[-121.276904,44.571774],[-121.275232,44.570822],[-121.27563,44.567173],[-121.273235,44.562131],[-121.271887,44.555782],[-121.269606,44.551597],[-121.269777,44.546666],[-121.272034,44.544855],[-121.268499,44.540948],[-121.267037,44.536343],[-121.263186,44.535457],[-121.262789,44.545417],[-121.261642,44.553519],[-121.264968,44.556829],[-121.267364,44.564779],[-121.263962,44.569066],[-121.260965,44.575809],[-121.265065,44.578563],[-121.26654,44.584059],[-121.27198,44.585798],[-121.272829,44.590753],[-121.278907,44.59441],[-121.282355,44.597955],[-121.274677,44.601512],[-121.276896,44.603184]]]},"properties":{"OBJECTID":14,"fhdFtrID":14,"fhdRefID":53684,"fhdRevDt":"20190219","fhdONm":"Peter Robinson","fhdOEnt":"ODFW","fhdSpNm":"SMbass","fhdRun":"NA","fhdLifeHst":"FluvAdfluvRes","fhdUseTy":"ResidentMultipleUses","fhdBasis":"UndocObsFish","fhdStNm":"Lake Billy Chinook","fhdGenus":"Micropterus","fhdSp":"dolomieu","fhdSubSp":null,"fhdOrig":"NonNative","fhdProd":"Natural","fhdComment":null,"fhdESH":"NA","fhdBasisD":null,"fhdNMF":"no","fhdBasisDt":null,"fhdBasisNm":null,"fhdBasisEnt":null,"fhdBasisPrj":null,"fhdBasisMethod":null,"fhdAccess":null,"fhdBarrierFtrID":null,"fhdEndExtent":null,"Shape__Area":28710914.07138223,"Shape__Length":128977.60077072134,"habitatType":"lake"},"id":90},
{"type":"Feature","geometry":{"type":"Polygon","coordinates":[[[-121.690977,43.477135],[-121.694762,43.475103],[-121.691321,43.471111],[-121.690977,43.477135]]]},"properties":{"OBJECTID":15,"fhdFtrID":15,"fhdRefID":53684,"fhdRevDt":"20190219","fhdONm":"Peter Robinson","fhdOEnt":"ODFW","fhdSpNm":"SMbass","fhdRun":"NA","fhdLifeHst":"FluvAdfluvRes","fhdUseTy":"ResidentMultipleUses","fhdBasis":"UndocObsFish","fhdStNm":"Gilchrist Log Pond","fhdGenus":"Micropterus","fhdSp":"dolomieu","fhdSubSp":null,"fhdOrig":"NonNative","fhdProd":"Natural","fhdComment":null,"fhdESH":"NA","fhdBasisD":null,"fhdNMF":"no","fhdBasisDt":null,"fhdBasisNm":null,"fhdBasisEnt":null,"fhdBasisPrj":null,"fhdBasisMethod":null,"fhdAccess":null,"fhdBarrierFtrID":null,"fhdEndExtent":null,"Shape__Area":314525.64445626,"Shape__Length":3189.539961202117,"habitatType":"lake"},"id":91},
{"type":"Feature","geometry":{"type":"Polygon","coordinates":[[[-119.148222,45.914686],[-119.146548,45.915251],[-119.147191,45.916041],[-119.148111,45.915482],[-119.148222,45.914686]]]},"properties":{"OBJECTID":16,"fhdFtrID":16,"fhdRefID":53684,"fhdRevDt":"20190219","fhdONm":"Peter Robinson","fhdOEnt":"ODFW","fhdSpNm":"SMbass","fhdRun":"NA","fhdLifeHst":"FluvAdfluvRes","fhdUseTy":"ResidentMultipleUses","fhdBasis":"UndocObsFish","fhdStNm":"Dodd Ponds","fhdGenus":"Micropterus","fhdSp":"dolomieu","fhdSubSp":null,"fhdOrig":"NonNative","fhdProd":"Natural","fhdComment":null,"fhdESH":"NA","fhdBasisD":null,"fhdNMF":"no","fhdBasisDt":null,"fhdBasisNm":null,"fhdBasisEnt":null,"fhdBasisPrj":null,"fhdBasisMethod":null,"fhdAccess":null,"fhdBarrierFtrID":null,"fhdEndExtent":null,"Shape__Area":78408.42340624,"Shape__Length":2730.3298789633313,"habitatType":"lake"},"id":92},
{"type":"Feature","geometry":{"type":"Polygon","coordinates":[[[-119.957597,45.813669],[-119.953945,45.81912],[-119.937413,45.819719],[-119.928513,45.817887],[-119.915157,45.81969],[-119.9098,45.821274],[-119.907777,45.820571],[-119.895878,45.822394],[-119.890787,45.824487],[-119.886622,45.824732],[-119.884212,45.82654],[-119.871247,45.829634],[-119.861274,45.83379],[-119.853814,45.834704],[-119.849242,45.836109],[-119.831631,45.837874],[-119.823362,45.839614],[-119.799983,45.838255],[-119.797488,45.837394],[-119.788961,45.836658],[-119.784238,45.83715],[-119.779563,45.835433],[-119.771216,45.834789],[-119.75875,45.835453],[-119.753878,45.834908],[-119.727221,45.836521],[-119.717267,45.839184],[-119.717747,45.841548],[-119.710169,45.843798],[-119.707604,45.845959],[-119.701515,45.847847],[-119.691802,45.852827],[-119.680085,45.852619],[-119.673767,45.853414],[-119.67026,45.851187],[-119.665826,45.8518],[-119.66555,45.85497],[-119.652415,45.865601],[-119.647286,45.870842],[-119.629384,45.874858],[-119.619331,45.878411],[-119.614686,45.881616],[-119.607856,45.882825],[-119.608148,45.884624],[-119.613048,45.885367],[-119.612808,45.889261],[-119.605569,45.890487],[-119.606098,45.894068],[-119.60482,45.897885],[-119.602261,45.89935],[-119.598816,45.904457],[-119.599769,45.907429],[-119.596127,45.913551],[-119.590598,45.916064],[-119.590669,45.917791],[-119.586726,45.919311],[-119.576928,45.920772],[-119.568819,45.92001],[-119.559146,45.916698],[-119.536357,45.906796],[-119.52833,45.90505],[-119.512118,45.902214],[-119.49169,45.900758],[-119.483569,45.901907],[-119.474009,45.90173],[-119.468063,45.902971],[-119.456282,45.908551],[-119.445268,45.912221],[-119.433341,45.913483],[-119.420809,45.912281],[-119.414257,45.910788],[-119.408285,45.9123],[-119.396161,45.913333],[-119.387344,45.915375],[-119.384916,45.915073],[-119.369093,45.916791],[-119.364222,45.918154],[-119.352876,45.919113],[-119.350559,45.920819],[-119.341979,45.922708],[-119.336203,45.923258],[-119.326923,45.926002],[-119.328723,45.928196],[-119.323725,45.929535],[-119.314938,45.930385],[-119.313201,45.931959],[-119.303061,45.933248],[-119.297701,45.932271],[-119.299515,45.939824],[-119.310623,45.939084],[-119.31567,45.940203],[-119.321125,45.939297],[-119.327342,45.934783],[-119.332113,45.934799],[-119.337913,45.933141],[-119.348194,45.932595],[-119.34383,45.930408],[-119.35022,45.929485],[-119.361809,45.925937],[-119.370998,45.927491],[-119.361507,45.930358],[-119.364597,45.931547],[-119.367668,45.929511],[-119.380575,45.926857],[-119.389874,45.924448],[-119.394778,45.924175],[-119.409294,45.922156],[-119.417144,45.923254],[-119.434621,45.922532],[-119.448412,45.921166],[-119.472565,45.915891],[-119.484655,45.913528],[-119.488566,45.911075],[-119.500947,45.910696],[-119.506751,45.911935],[-119.520625,45.913488],[-119.523501,45.91265],[-119.535787,45.9159],[-119.540453,45.918923],[-119.546338,45.920503],[-119.558258,45.924623],[-119.551248,45.926212],[-119.546785,45.925872],[-119.540877,45.921259],[-119.538973,45.925668],[-119.532351,45.920802],[-119.528077,45.920422],[-119.528036,45.923384],[-119.535484,45.927022],[-119.537753,45.929929],[-119.528112,45.927217],[-119.525093,45.929717],[-119.53068,45.930196],[-119.533735,45.93431],[-119.546595,45.930714],[-119.550759,45.934378],[-119.554988,45.93457],[-119.556394,45.938881],[-119.562211,45.9374],[-119.57856,45.936719],[-119.589389,45.933629],[-119.599299,45.932661],[-119.606041,45.930855],[-119.609858,45.928396],[-119.614235,45.927769],[-119.62231,45.924634],[-119.627345,45.923747],[-119.630728,45.920261],[-119.637093,45.919452],[-119.644174,45.917289],[-119.645134,45.914958],[-119.65179,45.913019],[-119.658524,45.909808],[-119.658431,45.908453],[-119.672093,45.904047],[-119.678306,45.902655],[-119.685784,45.897747],[-119.696322,45.885276],[-119.706647,45.881974],[-119.715423,45.877267],[-119.745492,45.857516],[-119.751654,45.854215],[-119.759849,45.852371],[-119.770074,45.853488],[-119.774232,45.8552],[-119.774733,45.857295],[-119.772972,45.861698],[-119.778766,45.859089],[-119.781645,45.862161],[-119.784525,45.863028],[-119.792287,45.862513],[-119.798833,45.864395],[-119.812655,45.864982],[-119.818213,45.866287],[-119.827843,45.865106],[-119.833834,45.869273],[-119.842853,45.868519],[-119.849421,45.865929],[-119.856434,45.860991],[-119.861435,45.854759],[-119.862999,45.849818],[-119.865498,45.84572],[-119.870877,45.842389],[-119.879516,45.840296],[-119.885644,45.839625],[-119.889011,45.838283],[-119.894149,45.838142],[-119.904255,45.835447],[-119.916948,45.833892],[-119.923404,45.833871],[-119.928879,45.835429],[-119.936865,45.834579],[-119.941007,45.833345],[-119.948349,45.832752],[-119.959549,45.829844],[-119.9654,45.829947],[-119.976897,45.827706],[-119.991158,45.821542],[-120.005016,45.81792],[-120.014092,45.814119],[-120.020021,45.813134],[-120.022156,45.810761],[-120.025426,45.810801],[-120.029143,45.808954],[-120.032632,45.808977],[-120.044717,45.804176],[-120.049931,45.801584],[-120.064121,45.796995],[-120.06862,45.793711],[-120.073308,45.792729],[-120.091271,45.787626],[-120.101805,45.786889],[-120.11247,45.783907],[-120.121012,45.783848],[-120.130784,45.782008],[-120.134366,45.782114],[-120.143529,45.780654],[-120.150497,45.778803],[-120.15999,45.773717],[-120.167663,45.771339],[-120.17604,45.767266],[-120.177138,45.765654],[-120.185372,45.762166],[-120.185796,45.75795],[-120.190543,45.75319],[-120.197092,45.748359],[-120.200523,45.748545],[-120.204618,45.743248],[-120.209771,45.739979],[-120.214398,45.735827],[-120.220692,45.731526],[-120.224968,45.732249],[-120.230533,45.728946],[-120.242339,45.727143],[-120.252768,45.726879],[-120.263599,45.72542],[-120.272595,45.725424],[-120.277433,45.726254],[-120.290267,45.724426],[-120.309772,45.718577],[-120.314594,45.718912],[-120.32604,45.715314],[-120.340921,45.712696],[-120.341868,45.713568],[-120.349759,45.712798],[-120.364136,45.709684],[-120.374509,45.710118],[-120.384898,45.708122],[-120.38908,45.706309],[-120.39567,45.706937],[-120.40861,45.705175],[-120.41697,45.705331],[-120.432601,45.704182],[-120.46769,45.702309],[-120.476495,45.701462],[-120.48682,45.702911],[-120.494258,45.705085],[-120.503311,45.705766],[-120.505799,45.706776],[-120.509256,45.710469],[-120.524441,45.723282],[-120.535021,45.733629],[-120.54625,45.739357],[-120.555664,45.741821],[-120.564562,45.745353],[-120.58493,45.74969],[-120.59614,45.751297],[-120.607712,45.752072],[-120.622433,45.751807],[-120.639898,45.748277],[-120.649208,45.745363],[-120.658696,45.741615],[-120.67536,45.733501],[-120.679041,45.732202],[-120.685746,45.726822],[-120.692293,45.725187],[-120.699364,45.721606],[-120.688167,45.711059],[-120.682295,45.714174],[-120.672772,45.720678],[-120.658837,45.728501],[-120.646759,45.731711],[-120.64823,45.733763],[-120.641325,45.738307],[-120.633718,45.740415],[-120.627411,45.741053],[-120.616839,45.740807],[-120.607189,45.741612],[-120.594061,45.740584],[-120.57263,45.735799],[-120.56526,45.733063],[-120.557358,45.728938],[-120.551298,45.724714],[-120.540184,45.713508],[-120.532618,45.707237],[-120.523721,45.701678],[-120.510015,45.694587],[-120.501175,45.691642],[-120.484703,45.687858],[-120.471987,45.688103],[-120.463122,45.688698],[-120.441923,45.691102],[-120.419425,45.692016],[-120.408171,45.69317],[-120.388396,45.693251],[-120.36757,45.697699],[-120.353189,45.703529],[-120.341653,45.704141],[-120.334405,45.705097],[-120.32052,45.708229],[-120.303056,45.711404],[-120.283468,45.716582],[-120.2765,45.716711],[-120.266293,45.715726],[-120.251167,45.715946],[-120.245835,45.715187],[-120.241728,45.71736],[-120.234338,45.718356],[-120.217069,45.71966],[-120.209115,45.720791],[-120.209523,45.722853],[-120.205405,45.724038],[-120.202892,45.723232],[-120.199353,45.725607],[-120.187389,45.736339],[-120.179172,45.744755],[-120.169769,45.751823],[-120.169267,45.753715],[-120.163313,45.755929],[-120.156098,45.757188],[-120.146397,45.760848],[-120.142368,45.763501],[-120.137446,45.764996],[-120.137256,45.7668],[-120.121922,45.769191],[-120.105352,45.77121],[-120.103002,45.772401],[-120.09034,45.773222],[-120.079605,45.774743],[-120.060642,45.779618],[-120.049473,45.786175],[-120.045985,45.787069],[-120.034853,45.792599],[-120.028298,45.794708],[-120.024379,45.794789],[-120.012842,45.800975],[-120.004122,45.803784],[-119.99898,45.803981],[-119.98967,45.807495],[-119.97069,45.810852],[-119.968472,45.812059],[-119.957597,45.813669]],[[-119.804414,45.854662],[-119.808856,45.851339],[-119.813321,45.850269],[-119.816232,45.851306],[-119.823459,45.850016],[-119.834616,45.847267],[-119.8515,45.844323],[-119.854754,45.842693],[-119.85776,45.843223],[-119.855555,45.852519],[-119.853502,45.855941],[-119.851289,45.856633],[-119.848074,45.860396],[-119.841751,45.864171],[-119.837905,45.864495],[-119.829899,45.863455],[-119.813408,45.858056],[-119.807051,45.856883],[-119.804414,45.854662]],[[-119.626149,45.894739],[-119.617423,45.902706],[-119.616462,45.899432],[-119.621017,45.898778],[-119.622334,45.896369],[-119.626149,45.894739]]]},"properties":{"OBJECTID":17,"fhdFtrID":17,"fhdRefID":53684,"fhdRevDt":"20190219","fhdONm":"Peter Robinson","fhdOEnt":"ODFW","fhdSpNm":"SMbass","fhdRun":"NA","fhdLifeHst":"FluvAdfluvRes","fhdUseTy":"ResidentMultipleUses","fhdBasis":"UndocObsFish","fhdStNm":"Lake Umatilla","fhdGenus":"Micropterus","fhdSp":"dolomieu","fhdSubSp":null,"fhdOrig":"NonNative","fhdProd":"Natural","fhdComment":null,"fhdESH":"NA","fhdBasisD":null,"fhdNMF":"no","fhdBasisDt":null,"fhdBasisNm":null,"fhdBasisEnt":null,"fhdBasisPrj":null,"fhdBasisMethod":null,"fhdAccess":null,"fhdBarrierFtrID":null,"fhdEndExtent":null,"Shape__Area":416891569.8113827,"Shape__Length":553547.0915356276,"habitatType":"lake"},"id":93},
{"type":"Feature","geometry":{"type":"Polygon","coordinates":[[[-119.024128,46.202282],[-119.027075,46.203138],[-119.026899,46.206659],[-119.020385,46.214018],[-119.003753,46.221854],[-118.994248,46.224789],[-118.985339,46.229341],[-118.978269,46.234427],[-118.974065,46.23589],[-118.968563,46.235539],[-118.956162,46.236544],[-118.951087,46.236276],[-118.931516,46.239871],[-118.917468,46.241048],[-118.914479,46.242043],[-118.908954,46.24187],[-118.896429,46.245966],[-118.884253,46.247612],[-118.880071,46.247483],[-118.880197,46.250481],[-118.885051,46.251064],[-118.894694,46.249798],[-118.904501,46.247668],[-118.910659,46.246985],[-118.928092,46.243623],[-118.931895,46.243442],[-118.953761,46.240942],[-118.96127,46.241821],[-118.969041,46.241287],[-118.97817,46.239869],[-118.986199,46.237349],[-118.997608,46.232799],[-119.005997,46.230011],[-119.009619,46.227704],[-119.011985,46.224551],[-119.023368,46.218133],[-119.033953,46.208455],[-119.039017,46.198348],[-119.032362,46.189711],[-119.027243,46.192465],[-119.027326,46.19262],[-119.030903,46.198641],[-119.030402,46.199059],[-119.030082,46.199157],[-119.029629,46.199359],[-119.029399,46.199503],[-119.02901,46.199685],[-119.02863,46.199737],[-119.027153,46.20023],[-119.026891,46.200407],[-119.024328,46.201774],[-119.024128,46.202282]],[[-118.994437,46.231293],[-118.989375,46.234365],[-118.987389,46.233238],[-118.99095,46.23044],[-118.994437,46.231293]]]},"properties":{"OBJECTID":18,"fhdFtrID":18,"fhdRefID":53684,"fhdRevDt":"20190219","fhdONm":"Peter Robinson","fhdOEnt":"ODFW","fhdSpNm":"SMbass","fhdRun":"NA","fhdLifeHst":"FluvAdfluvRes","fhdUseTy":"ResidentMultipleUses","fhdBasis":"UndocObsFish","fhdStNm":"Lake Wallula","fhdGenus":"Micropterus","fhdSp":"dolomieu","fhdSubSp":null,"fhdOrig":"NonNative","fhdProd":"Natural","fhdComment":null,"fhdESH":"NA","fhdBasisD":null,"fhdNMF":"no","fhdBasisDt":null,"fhdBasisNm":null,"fhdBasisEnt":null,"fhdBasisPrj":null,"fhdBasisMethod":null,"fhdAccess":null,"fhdBarrierFtrID":null,"fhdEndExtent":null,"Shape__Area":16630197.08352501,"Shape__Length":80679.66388100637,"habitatType":"lake"},"id":94},
{"type":"Feature","geometry":{"type":"Polygon","coordinates":[[[-119.541383,45.347392],[-119.545802,45.345061],[-119.528946,45.341275],[-119.525404,45.343011],[-119.534975,45.345116],[-119.541383,45.347392]]]},"properties":{"OBJECTID":19,"fhdFtrID":19,"fhdRefID":53684,"fhdRevDt":"20190219","fhdONm":"Peter Robinson","fhdOEnt":"ODFW","fhdSpNm":"SMbass","fhdRun":"NA","fhdLifeHst":"FluvAdfluvRes","fhdUseTy":"ResidentMultipleUses","fhdBasis":"UndocObsFish","fhdStNm":"Willow Creek Reservoir","fhdGenus":"Micropterus","fhdSp":"dolomieu","fhdSubSp":null,"fhdOrig":"NonNative","fhdProd":"Natural","fhdComment":null,"fhdESH":"NA","fhdBasisD":null,"fhdNMF":"no","fhdBasisDt":null,"fhdBasisNm":null,"fhdBasisEnt":null,"fhdBasisPrj":null,"fhdBasisMethod":null,"fhdAccess":null,"fhdBarrierFtrID":null,"fhdEndExtent":null,"Shape__Area":1259414.525644945,"Shape__Length":8646.776002966564,"habitatType":"lake"},"id":95},
{"type":"Feature","geometry":{"type":"Polygon","coordinates":[[[-121.229893,44.694068],[-121.233973,44.68909],[-121.238825,44.687573],[-121.242568,44.684823],[-121.244441,44.681064],[-121.242949,44.672856],[-121.248474,44.6696],[-121.249434,44.663624],[-121.256796,44.659268],[-121.260575,44.654859],[-121.263917,44.647843],[-121.26767,44.644272],[-121.266143,44.641753],[-121.27717,44.630669],[-121.283516,44.632031],[-121.284209,44.62999],[-121.276118,44.62984],[-121.264601,44.638708],[-121.262493,44.641752],[-121.264549,44.645088],[-121.261665,44.647529],[-121.260625,44.651287],[-121.257592,44.655993],[-121.250717,44.660366],[-121.246471,44.664308],[-121.245967,44.669217],[-121.238366,44.67276],[-121.240598,44.674909],[-121.241426,44.680423],[-121.238838,44.685231],[-121.231796,44.688015],[-121.230051,44.689739],[-121.229893,44.694068]]]},"properties":{"OBJECTID":20,"fhdFtrID":20,"fhdRefID":53684,"fhdRevDt":"20190219","fhdONm":"Peter Robinson","fhdOEnt":"ODFW","fhdSpNm":"SMbass","fhdRun":"NA","fhdLifeHst":"FluvAdfluvRes","fhdUseTy":"ResidentMultipleUses","fhdBasis":"UndocObsFish","fhdStNm":"Lake Simtustus","fhdGenus":"Micropterus","fhdSp":"dolomieu","fhdSubSp":null,"fhdOrig":"NonNative","fhdProd":"Natural","fhdComment":null,"fhdESH":"NA","fhdBasisD":null,"fhdNMF":"no","fhdBasisDt":null,"fhdBasisNm":null,"fhdBasisEnt":null,"fhdBasisPrj":null,"fhdBasisMethod":null,"fhdAccess":null,"fhdBarrierFtrID":null,"fhdEndExtent":null,"Shape__Area":4420406.005423405,"Shape__Length":44683.17050216007,"habitatType":"lake"},"id":96},
{"type":"Feature","geometry":{"type":"Polygon","coordinates":[[[-120.637878,44.166833],[-120.642855,44.166687],[-120.653883,44.168019],[-120.656422,44.166928],[-120.657155,44.163576],[-120.655159,44.161897],[-120.66321,44.156621],[-120.669009,44.155251],[-120.671449,44.150034],[-120.674421,44.146984],[-120.679099,44.147154],[-120.68348,44.150967],[-120.692882,44.145717],[-120.692958,44.13808],[-120.693811,44.136314],[-120.69007,44.132408],[-120.688182,44.125243],[-120.690057,44.123934],[-120.694044,44.125413],[-120.700559,44.130174],[-120.700803,44.132484],[-120.707248,44.133454],[-120.715687,44.13168],[-120.72318,44.128567],[-120.724964,44.130366],[-120.730374,44.131917],[-120.73698,44.134827],[-120.744285,44.134462],[-120.747109,44.132452],[-120.748833,44.126696],[-120.740298,44.119798],[-120.739496,44.116358],[-120.742986,44.110925],[-120.749722,44.107614],[-120.75121,44.105184],[-120.758877,44.105908],[-120.760794,44.108263],[-120.770111,44.111515],[-120.772221,44.110808],[-120.778067,44.113252],[-120.784418,44.113347],[-120.786612,44.111828],[-120.783682,44.109737],[-120.781194,44.105149],[-120.776823,44.106037],[-120.760913,44.102837],[-120.757557,44.101118],[-120.756868,44.097239],[-120.749847,44.102737],[-120.747297,44.10344],[-120.745328,44.106963],[-120.732768,44.111758],[-120.729561,44.110289],[-120.724163,44.111168],[-120.7246,44.117044],[-120.729994,44.120241],[-120.729053,44.12271],[-120.723849,44.121883],[-120.719729,44.122285],[-120.714617,44.12598],[-120.710825,44.126019],[-120.709409,44.123637],[-120.703575,44.122123],[-120.699447,44.117109],[-120.697253,44.119929],[-120.691663,44.119562],[-120.685297,44.117411],[-120.681527,44.120313],[-120.681262,44.124974],[-120.683055,44.128578],[-120.68815,44.133763],[-120.685195,44.138783],[-120.689667,44.142442],[-120.688456,44.145898],[-120.683046,44.147802],[-120.675572,44.143566],[-120.67235,44.144054],[-120.669963,44.149419],[-120.665688,44.152074],[-120.659408,44.153405],[-120.651282,44.15952],[-120.65115,44.16308],[-120.647513,44.165477],[-120.639015,44.165819],[-120.637878,44.166833]],[[-120.734781,44.128634],[-120.729891,44.12316],[-120.732882,44.121782],[-120.73797,44.123535],[-120.741931,44.126266],[-120.740144,44.129444],[-120.734781,44.128634]]]},"properties":{"OBJECTID":21,"fhdFtrID":21,"fhdRefID":53718,"fhdRevDt":"20190508","fhdONm":"Kevin Stertz","fhdOEnt":"ODFW","fhdSpNm":"SMbass","fhdRun":"NA","fhdLifeHst":"FluvAdfluvRes","fhdUseTy":"ResidentMultipleUses","fhdBasis":"DocObsFish","fhdStNm":"Prineville Reservoir","fhdGenus":"Micropterus","fhdSp":"dolomieu","fhdSubSp":null,"fhdOrig":"NonNative","fhdProd":"Natural","fhdComment":null,"fhdESH":"NA","fhdBasisD":null,"fhdNMF":"no","fhdBasisDt":"20170000","fhdBasisNm":null,"fhdBasisEnt":null,"fhdBasisPrj":null,"fhdBasisMethod":"Electrofisher","fhdAccess":null,"fhdBarrierFtrID":null,"fhdEndExtent":null,"Shape__Area":22475405.73573338,"Shape__Length":92386.1152524814,"habitatType":"lake"},"id":97},
{"type":"Feature","geometry":{"type":"Polygon","coordinates":[[[-122.804692,43.924498],[-122.806507,43.922147],[-122.811412,43.918824],[-122.811458,43.915294],[-122.805422,43.913051],[-122.798801,43.913013],[-122.785896,43.908316],[-122.778987,43.908722],[-122.770446,43.908079],[-122.767515,43.909523],[-122.761396,43.909618],[-122.757127,43.911828],[-122.772424,43.91412],[-122.772545,43.915475],[-122.778733,43.915951],[-122.779895,43.914387],[-122.785642,43.915811],[-122.788154,43.920115],[-122.791996,43.921315],[-122.796803,43.920905],[-122.800128,43.923644],[-122.804692,43.924498]]]},"properties":{"OBJECTID":22,"fhdFtrID":22,"fhdRefID":53718,"fhdRevDt":"20190509","fhdONm":"Kevin Stertz","fhdOEnt":"ODFW","fhdSpNm":"SMbass","fhdRun":"NA","fhdLifeHst":"FluvAdfluvRes","fhdUseTy":"ResidentMultipleUses","fhdBasis":"DocObsFish","fhdStNm":"Dexter Reservoir","fhdGenus":"Micropterus","fhdSp":"dolomieu","fhdSubSp":null,"fhdOrig":"NonNative","fhdProd":"Natural","fhdComment":null,"fhdESH":"NA","fhdBasisD":null,"fhdNMF":"no","fhdBasisDt":"20180000","fhdBasisNm":null,"fhdBasisEnt":null,"fhdBasisPrj":null,"fhdBasisMethod":"Electrofishing","fhdAccess":null,"fhdBarrierFtrID":null,"fhdEndExtent":null,"Shape__Area":6897421.247125815,"Shape__Length":19203.89747799104,"habitatType":"lake"},"id":98},
{"type":"Feature","geometry":{"type":"Polygon","coordinates":[[[-122.61672,44.426949],[-122.620121,44.42692],[-122.631697,44.423271],[-122.635322,44.419754],[-122.638401,44.420236],[-122.644649,44.419189],[-122.652275,44.420563],[-122.659612,44.417637],[-122.665126,44.419525],[-122.670072,44.41854],[-122.66979,44.413269],[-122.6632,44.409549],[-122.6532,44.410879],[-122.643846,44.408405],[-122.639007,44.409056],[-122.637051,44.412719],[-122.62386,44.414319],[-122.617052,44.414017],[-122.623733,44.417645],[-122.620463,44.42499],[-122.613217,44.422913],[-122.612928,44.425167],[-122.61672,44.426949]]]},"properties":{"OBJECTID":23,"fhdFtrID":23,"fhdRefID":53684,"fhdRevDt":"20190219","fhdONm":"Peter Robinson","fhdOEnt":"ODFW","fhdSpNm":"SMbass","fhdRun":"NA","fhdLifeHst":"FluvAdfluvRes","fhdUseTy":"ResidentMultipleUses","fhdBasis":"UndocObsFish","fhdStNm":"Foster Reservoir","fhdGenus":"Micropterus","fhdSp":"dolomieu","fhdSubSp":null,"fhdOrig":"NonNative","fhdProd":"Natural","fhdComment":null,"fhdESH":"NA","fhdBasisD":null,"fhdNMF":"no","fhdBasisDt":null,"fhdBasisNm":null,"fhdBasisEnt":null,"fhdBasisPrj":null,"fhdBasisMethod":null,"fhdAccess":null,"fhdBarrierFtrID":null,"fhdEndExtent":null,"Shape__Area":8343843.88449824,"Shape__Length":24726.40161282303,"habitatType":"lake"},"id":99},
{"type":"Feature","geometry":{"type":"Polygon","coordinates":[[[-123.234687,45.497914],[-123.230564,45.490524],[-123.226771,45.487795],[-123.231191,45.485819],[-123.22373,45.482207],[-123.223932,45.47934],[-123.219155,45.475645],[-123.218023,45.471552],[-123.214225,45.471635],[-123.210213,45.470099],[-123.207205,45.471257],[-123.202465,45.470451],[-123.199548,45.474943],[-123.210512,45.481571],[-123.21227,45.483543],[-123.211166,45.488527],[-123.215452,45.486395],[-123.216695,45.489367],[-123.220877,45.493419],[-123.222252,45.497129],[-123.227297,45.495841],[-123.234687,45.497914]]]},"properties":{"OBJECTID":24,"fhdFtrID":24,"fhdRefID":53684,"fhdRevDt":"20190219","fhdONm":"Peter Robinson","fhdOEnt":"ODFW","fhdSpNm":"SMbass","fhdRun":"NA","fhdLifeHst":"FluvAdfluvRes","fhdUseTy":"ResidentMultipleUses","fhdBasis":"UndocObsFish","fhdStNm":"Henry Hagg Lake","fhdGenus":"Micropterus","fhdSp":"dolomieu","fhdSubSp":null,"fhdOrig":"NonNative","fhdProd":"Natural","fhdComment":null,"fhdESH":"NA","fhdBasisD":null,"fhdNMF":"no","fhdBasisDt":null,"fhdBasisNm":null,"fhdBasisEnt":null,"fhdBasisPrj":null,"fhdBasisMethod":null,"fhdAccess":null,"fhdBarrierFtrID":null,"fhdEndExtent":null,"Shape__Area":7338566.494593225,"Shape__Length":24360.73132895802,"habitatType":"lake"},"id":100},
{"type":"Feature","geometry":{"type":"Polygon","coordinates":[[[-122.443553,44.533327],[-122.448433,44.532981],[-122.4521,44.525603],[-122.458382,44.520038],[-122.461984,44.512551],[-122.458985,44.507811],[-122.459755,44.505087],[-122.463207,44.502055],[-122.461197,44.498157],[-122.463608,44.497007],[-122.474279,44.500149],[-122.480747,44.497244],[-122.483391,44.492417],[-122.483152,44.489935],[-122.494857,44.488602],[-122.497733,44.486755],[-122.497643,44.4845],[-122.503003,44.480521],[-122.503615,44.477265],[-122.507992,44.475754],[-122.509436,44.47914],[-122.508051,44.486251],[-122.512435,44.485158],[-122.513022,44.47555],[-122.517508,44.47592],[-122.517669,44.479909],[-122.521833,44.48179],[-122.521089,44.476183],[-122.519425,44.473043],[-122.521859,44.465653],[-122.526767,44.461672],[-122.530706,44.460621],[-122.545566,44.455109],[-122.551198,44.451418],[-122.54697,44.449002],[-122.544579,44.449519],[-122.542601,44.4525],[-122.535214,44.454315],[-122.528603,44.453073],[-122.526969,44.455452],[-122.520087,44.458047],[-122.516276,44.46156],[-122.511547,44.462625],[-122.50923,44.466387],[-122.502109,44.466874],[-122.500156,44.468801],[-122.496363,44.469464],[-122.474199,44.470165],[-122.4699,44.472522],[-122.469035,44.474746],[-122.462825,44.475806],[-122.458052,44.475698],[-122.448144,44.473922],[-122.440362,44.469045],[-122.441195,44.474483],[-122.436747,44.476815],[-122.435901,44.478602],[-122.43021,44.481162],[-122.427713,44.481069],[-122.423274,44.483211],[-122.413645,44.485481],[-122.406198,44.488971],[-122.403803,44.493919],[-122.411503,44.492325],[-122.41572,44.494044],[-122.420068,44.492878],[-122.426043,44.489311],[-122.430167,44.487842],[-122.431991,44.485821],[-122.440088,44.482206],[-122.443395,44.478959],[-122.446264,44.478851],[-122.449544,44.481185],[-122.453923,44.480184],[-122.464049,44.480543],[-122.468987,44.479652],[-122.472071,44.477911],[-122.481203,44.480384],[-122.486421,44.480151],[-122.491838,44.483664],[-122.491766,44.485729],[-122.485831,44.485356],[-122.480594,44.487484],[-122.476468,44.49519],[-122.471656,44.497576],[-122.46568,44.495333],[-122.460085,44.496058],[-122.458338,44.498049],[-122.46157,44.501026],[-122.45647,44.50476],[-122.457325,44.509203],[-122.460147,44.511192],[-122.457487,44.514015],[-122.457676,44.518653],[-122.447459,44.530289],[-122.447166,44.532516],[-122.443553,44.533327]]]},"properties":{"OBJECTID":25,"fhdFtrID":25,"fhdRefID":53684,"fhdRevDt":"20190219","fhdONm":"Peter Robinson","fhdOEnt":"ODFW","fhdSpNm":"SMbass","fhdRun":"NA","fhdLifeHst":"FluvAdfluvRes","fhdUseTy":"ResidentMultipleUses","fhdBasis":"UndocObsFish","fhdStNm":"Green Peter Reservoir","fhdGenus":"Micropterus","fhdSp":"dolomieu","fhdSubSp":null,"fhdOrig":"NonNative","fhdProd":"Natural","fhdComment":null,"fhdESH":"NA","fhdBasisD":null,"fhdNMF":"no","fhdBasisDt":null,"fhdBasisNm":null,"fhdBasisEnt":null,"fhdBasisPrj":null,"fhdBasisMethod":null,"fhdAccess":null,"fhdBarrierFtrID":null,"fhdEndExtent":null,"Shape__Area":27970537.726991344,"Shape__Length":119978.83226247807,"habitatType":"lake"},"id":101},
{"type":"Feature","geometry":{"type":"Polygon","coordinates":[[[-123.474743,45.080016],[-123.474804,45.081126],[-123.478309,45.079692],[-123.476249,45.078961],[-123.474743,45.080016]]]},"properties":{"OBJECTID":26,"fhdFtrID":26,"fhdRefID":53684,"fhdRevDt":"20190219","fhdONm":"Peter Robinson","fhdOEnt":"ODFW","fhdSpNm":"SMbass","fhdRun":"NA","fhdLifeHst":"FluvAdfluvRes","fhdUseTy":"ResidentMultipleUses","fhdBasis":"UndocObsFish","fhdStNm":"Pacific Plywood Log Pond","fhdGenus":"Micropterus","fhdSp":"dolomieu","fhdSubSp":null,"fhdOrig":"NonNative","fhdProd":"Natural","fhdComment":null,"fhdESH":"NA","fhdBasisD":null,"fhdNMF":"no","fhdBasisDt":null,"fhdBasisNm":null,"fhdBasisEnt":null,"fhdBasisPrj":null,"fhdBasisMethod":null,"fhdAccess":null,"fhdBarrierFtrID":null,"fhdEndExtent":null,"Shape__Area":80461.67964366,"Shape__Length":1345.7960461687799,"habitatType":"lake"},"id":102},
{"type":"Feature","geometry":{"type":"Polygon","coordinates":[[[-124.509786,42.75672],[-124.514325,42.756192],[-124.512173,42.750398],[-124.509458,42.748696],[-124.508653,42.753624],[-124.504601,42.752209],[-124.5007,42.755263],[-124.507402,42.754757],[-124.509786,42.75672]]]},"properties":{"OBJECTID":27,"fhdFtrID":27,"fhdRefID":53580,"fhdRevDt":"20190220","fhdONm":"Jay Stevens","fhdOEnt":"BLM","fhdSpNm":"SMbass","fhdRun":"NA","fhdLifeHst":"FluvAdfluvRes","fhdUseTy":"ResidentMultipleUses","fhdBasis":"UndocObsFish","fhdStNm":"Garrison Lake","fhdGenus":"Micropterus","fhdSp":"dolomieu","fhdSubSp":null,"fhdOrig":"NonNative","fhdProd":"Natural","fhdComment":null,"fhdESH":"NA","fhdBasisD":null,"fhdNMF":"no","fhdBasisDt":null,"fhdBasisNm":null,"fhdBasisEnt":null,"fhdBasisPrj":null,"fhdBasisMethod":null,"fhdAccess":null,"fhdBarrierFtrID":null,"fhdEndExtent":null,"Shape__Area":982838.793867905,"Shape__Length":10342.918403594957,"habitatType":"lake"},"id":103},
{"type":"Feature","geometry":{"type":"Polygon","coordinates":[[[-119.032362,46.189711],[-119.036085,46.186723],[-119.026055,46.180042],[-119.018661,46.17412],[-119.014584,46.168744],[-119.0228,46.172027],[-119.027805,46.171469],[-119.013205,46.165754],[-119.012948,46.161914],[-119.009334,46.1607],[-119.006323,46.156377],[-119.001897,46.147434],[-119.005334,46.143043],[-119.005001,46.137223],[-119.00256,46.132636],[-118.992192,46.124862],[-118.988846,46.123372],[-118.978905,46.121023],[-118.973674,46.118068],[-118.971872,46.112787],[-118.966212,46.103492],[-118.971502,46.103068],[-118.968762,46.096135],[-118.966174,46.092735],[-118.957199,46.084395],[-118.953185,46.079344],[-118.952907,46.074105],[-118.951479,46.06675],[-118.950297,46.065664],[-118.955617,46.046839],[-118.95515,46.039077],[-118.958266,46.032253],[-118.988346,46.011022],[-118.995708,46.005308],[-118.999609,45.998026],[-119.007529,45.989249],[-119.012766,45.985099],[-119.02669,45.976575],[-119.035007,45.972628],[-119.062319,45.965451],[-119.06777,45.963498],[-119.090085,45.95242],[-119.100548,45.947541],[-119.115263,45.943119],[-119.125537,45.94149],[-119.147679,45.937388],[-119.15154,45.93728],[-119.168308,45.934749],[-119.180548,45.933868],[-119.200569,45.935128],[-119.209366,45.936032],[-119.220821,45.938547],[-119.234221,45.943818],[-119.240811,45.945768],[-119.250736,45.947857],[-119.263606,45.948206],[-119.29986,45.944348],[-119.296695,45.931969],[-119.2936,45.926501],[-119.269845,45.931442],[-119.249348,45.930527],[-119.230764,45.926784],[-119.219263,45.92319],[-119.206648,45.921141],[-119.197218,45.920084],[-119.1797,45.920572],[-119.174231,45.919771],[-119.170175,45.921169],[-119.158529,45.919774],[-119.150795,45.921242],[-119.145044,45.919139],[-119.138457,45.920173],[-119.129645,45.922928],[-119.12717,45.921819],[-119.12234,45.923101],[-119.118103,45.922215],[-119.114277,45.923292],[-119.095859,45.930912],[-119.063238,45.948721],[-119.060667,45.950411],[-119.047062,45.955358],[-119.040425,45.957276],[-119.02245,45.963355],[-119.01267,45.967843],[-118.995873,45.978693],[-118.993334,45.981366],[-118.983684,45.994041],[-118.975413,46.00156],[-118.965374,46.009225],[-118.947427,46.019107],[-118.941066,46.025048],[-118.933672,46.028585],[-118.937625,46.036577],[-118.940665,46.03876],[-118.941075,46.043],[-118.937137,46.051431],[-118.929983,46.056455],[-118.923246,46.057738],[-118.916232,46.063305],[-118.910597,46.06473],[-118.909215,46.071536],[-118.9094,46.079704],[-118.913526,46.091597],[-118.914029,46.095897],[-118.92203,46.100303],[-118.9249,46.104296],[-118.922769,46.109112],[-118.927342,46.11745],[-118.93097,46.120406],[-118.933387,46.124862],[-118.937529,46.127292],[-118.945111,46.133089],[-118.945459,46.141481],[-118.943479,46.147082],[-118.944482,46.150949],[-118.942904,46.152336],[-118.950396,46.157868],[-118.946615,46.162078],[-118.948281,46.1642],[-118.953547,46.167545],[-118.959608,46.163858],[-118.957231,46.160173],[-118.960388,46.15834],[-118.961547,46.155203],[-118.960677,46.150957],[-118.958869,46.149938],[-118.960935,46.145703],[-118.963223,46.144978],[-118.959158,46.141447],[-118.957997,46.138869],[-118.958515,46.131947],[-118.960849,46.128403],[-118.964472,46.13403],[-118.967152,46.1428],[-118.974018,46.15719],[-118.973128,46.158847],[-118.983139,46.171289],[-118.988029,46.174748],[-119.004651,46.18519],[-119.015101,46.191283],[-119.015542,46.19385],[-119.023808,46.197988],[-119.024128,46.202282],[-119.024328,46.201774],[-119.026891,46.200407],[-119.027153,46.20023],[-119.02863,46.199737],[-119.02901,46.199685],[-119.029399,46.199503],[-119.029629,46.199359],[-119.030082,46.199157],[-119.030402,46.199059],[-119.030903,46.198641],[-119.027326,46.19262],[-119.027243,46.192465],[-119.032362,46.189711]],[[-118.935577,46.103677],[-118.940609,46.113111],[-118.936815,46.111049],[-118.935577,46.103677]]]},"properties":{"OBJECTID":28,"fhdFtrID":28,"fhdRefID":53684,"fhdRevDt":"20190213","fhdONm":"Peter Robinson","fhdOEnt":"ODFW","fhdSpNm":"SMbass","fhdRun":"NA","fhdLifeHst":"FluvAdfluvRes","fhdUseTy":"ResidentMultipleUses","fhdBasis":"UndocObsFish","fhdStNm":"Lake Wallula","fhdGenus":"Micropterus","fhdSp":"dolomieu","fhdSubSp":null,"fhdOrig":"NonNative","fhdProd":"Natural","fhdComment":null,"fhdESH":"NA","fhdBasisD":null,"fhdNMF":"no","fhdBasisDt":null,"fhdBasisNm":null,"fhdBasisEnt":null,"fhdBasisPrj":null,"fhdBasisMethod":null,"fhdAccess":null,"fhdBarrierFtrID":null,"fhdEndExtent":null,"Shape__Area":221177788.1562376,"Shape__Length":261154.4545908588,"habitatType":"lake"},"id":104},
{"type":"Feature","geometry":{"type":"Polygon","coordinates":[[[-118.091359,44.692439],[-118.092255,44.686647],[-118.095345,44.68388],[-118.091029,44.678534],[-118.083424,44.677548],[-118.074068,44.674315],[-118.063417,44.674545],[-118.053283,44.673073],[-118.05187,44.674301],[-118.044728,44.675294],[-118.033794,44.674565],[-118.030101,44.677556],[-118.020682,44.677717],[-118.016469,44.676584],[-118.015321,44.672611],[-118.012762,44.673111],[-118.00559,44.669897],[-118.000326,44.669259],[-117.998774,44.670632],[-118.005116,44.677117],[-118.013823,44.681046],[-118.013844,44.682958],[-118.019832,44.684778],[-118.023229,44.687817],[-118.027854,44.68304],[-118.03235,44.685664],[-118.042908,44.688292],[-118.044819,44.684273],[-118.054399,44.688645],[-118.059418,44.691961],[-118.064218,44.691529],[-118.072525,44.686203],[-118.074706,44.687668],[-118.085661,44.6909],[-118.09068,44.690834],[-118.091359,44.692439]]]},"properties":{"OBJECTID":29,"fhdFtrID":29,"fhdRefID":53718,"fhdRevDt":"20190508","fhdONm":"Kevin Stertz","fhdOEnt":"ODFW","fhdSpNm":"SMbass","fhdRun":"NA","fhdLifeHst":"FluvAdfluvRes","fhdUseTy":"ResidentMultipleUses","fhdBasis":"DocObsFish","fhdStNm":"Phillips Reservoir","fhdGenus":"Micropterus","fhdSp":"dolomieu","fhdSubSp":null,"fhdOrig":"NonNative","fhdProd":"Natural","fhdComment":null,"fhdESH":"NA","fhdBasisD":null,"fhdNMF":"no","fhdBasisDt":"20170000","fhdBasisNm":null,"fhdBasisEnt":null,"fhdBasisPrj":null,"fhdBasisMethod":"Electrofisher","fhdAccess":null,"fhdBarrierFtrID":null,"fhdEndExtent":null,"Shape__Area":17976668.12557424,"Shape__Length":45795.92624182651,"habitatType":"lake"},"id":105},
{"type":"Feature","geometry":{"type":"Polygon","coordinates":[[[-119.133022,45.873813],[-119.137419,45.873788],[-119.146161,45.870889],[-119.157523,45.869807],[-119.161473,45.868881],[-119.165131,45.870242],[-119.168549,45.864554],[-119.171265,45.865712],[-119.173644,45.862679],[-119.17286,45.859355],[-119.175106,45.855489],[-119.173269,45.853645],[-119.168458,45.851972],[-119.165388,45.853551],[-119.162147,45.851845],[-119.158512,45.853489],[-119.157632,45.856133],[-119.150216,45.852999],[-119.146573,45.853705],[-119.139881,45.849019],[-119.133728,45.848369],[-119.131363,45.850864],[-119.136761,45.853351],[-119.141099,45.857954],[-119.141276,45.861421],[-119.133617,45.866689],[-119.131409,45.869194],[-119.126134,45.870011],[-119.126938,45.872489],[-119.133022,45.873813]]]},"properties":{"OBJECTID":30,"fhdFtrID":30,"fhdRefID":53713,"fhdRevDt":"20190327","fhdONm":"Matthew Neilson","fhdOEnt":"USGS","fhdSpNm":"SMbass","fhdRun":"NA","fhdLifeHst":"FluvAdfluvRes","fhdUseTy":"ResidentMultipleUses","fhdBasis":"UndocObsFish","fhdStNm":"Cold Springs Reservoir","fhdGenus":"Micropterus","fhdSp":"dolomieu","fhdSubSp":null,"fhdOrig":"NonNative","fhdProd":"Natural","fhdComment":null,"fhdESH":"NA","fhdBasisD":null,"fhdNMF":"no","fhdBasisDt":null,"fhdBasisNm":null,"fhdBasisEnt":null,"fhdBasisPrj":null,"fhdBasisMethod":null,"fhdAccess":null,"fhdBarrierFtrID":null,"fhdEndExtent":null,"Shape__Area":12015915.16537001,"Shape__Length":27144.181979585923,"habitatType":"lake"},"id":106},
{"type":"Feature","geometry":{"type":"Polygon","coordinates":[[[-118.789735,45.605936],[-118.792595,45.607593],[-118.799373,45.602975],[-118.790773,45.587213],[-118.784291,45.581188],[-118.781948,45.580112],[-118.778053,45.573824],[-118.780204,45.568833],[-118.778825,45.562765],[-118.77413,45.563812],[-118.770914,45.562412],[-118.767646,45.565927],[-118.770179,45.573849],[-118.77259,45.578497],[-118.778774,45.583595],[-118.779404,45.588],[-118.778175,45.592449],[-118.775838,45.5936],[-118.776795,45.601615],[-118.782217,45.604047],[-118.784875,45.603208],[-118.789735,45.605936]]]},"properties":{"OBJECTID":31,"fhdFtrID":31,"fhdRefID":53713,"fhdRevDt":"20190327","fhdONm":"Matthew Neilson","fhdOEnt":"USGS","fhdSpNm":"SMbass","fhdRun":"NA","fhdLifeHst":"FluvAdfluvRes","fhdUseTy":"ResidentMultipleUses","fhdBasis":"UndocObsFish","fhdStNm":"McKay Reservoir","fhdGenus":"Micropterus","fhdSp":"dolomieu","fhdSubSp":null,"fhdOrig":"NonNative","fhdProd":"Natural","fhdComment":null,"fhdESH":"NA","fhdBasisD":null,"fhdNMF":"no","fhdBasisDt":null,"fhdBasisNm":null,"fhdBasisEnt":null,"fhdBasisPrj":null,"fhdBasisMethod":null,"fhdAccess":null,"fhdBarrierFtrID":null,"fhdEndExtent":null,"Shape__Area":9700393.30579944,"Shape__Length":26763.49791374728,"habitatType":"lake"},"id":107},
{"type":"Feature","geometry":{"type":"Polygon","coordinates":[[[-121.153526,44.499338],[-121.155955,44.496572],[-121.160058,44.494987],[-121.158907,44.491768],[-121.155065,44.492897],[-121.147879,44.492763],[-121.146848,44.491449],[-121.141608,44.491439],[-121.144626,44.497814],[-121.150012,44.499389],[-121.153526,44.499338]]]},"properties":{"OBJECTID":32,"fhdFtrID":32,"fhdRefID":53713,"fhdRevDt":"20190327","fhdONm":"Matthew Neilson","fhdOEnt":"USGS","fhdSpNm":"SMbass","fhdRun":"NA","fhdLifeHst":"FluvAdfluvRes","fhdUseTy":"ResidentMultipleUses","fhdBasis":"UndocObsFish","fhdStNm":"Haystack Reservoir","fhdGenus":"Micropterus","fhdSp":"dolomieu","fhdSubSp":null,"fhdOrig":"NonNative","fhdProd":"Natural","fhdComment":null,"fhdESH":"NA","fhdBasisD":null,"fhdNMF":"no","fhdBasisDt":null,"fhdBasisNm":null,"fhdBasisEnt":null,"fhdBasisPrj":null,"fhdBasisMethod":null,"fhdAccess":null,"fhdBarrierFtrID":null,"fhdEndExtent":null,"Shape__Area":1742342.885076705,"Shape__Length":6729.18357050104,"habitatType":"lake"},"id":108},
{"type":"Feature","geometry":{"type":"Polygon","coordinates":[[[-123.113066,42.051184],[-123.112715,42.055535],[-123.123038,42.053471],[-123.1257,42.051774],[-123.13169,42.04993],[-123.130293,42.041844],[-123.135993,42.040775],[-123.144141,42.038351],[-123.146132,42.038691],[-123.149031,42.031563],[-123.147963,42.028745],[-123.152968,42.02419],[-123.162131,42.021088],[-123.160864,42.017262],[-123.157782,42.017744],[-123.153929,42.020775],[-123.148711,42.021962],[-123.147544,42.024287],[-123.142943,42.02822],[-123.141883,42.032373],[-123.144088,42.035658],[-123.135153,42.034939],[-123.131949,42.035646],[-123.127707,42.039766],[-123.125121,42.037211],[-123.116729,42.033609],[-123.110518,42.034317],[-123.112891,42.037134],[-123.117972,42.03676],[-123.123816,42.042815],[-123.126288,42.042488],[-123.123656,42.048156],[-123.118575,42.047909],[-123.113066,42.051184]]]},"properties":{"OBJECTID":33,"fhdFtrID":33,"fhdRefID":53713,"fhdRevDt":"20190327","fhdONm":"Matthew Neilson","fhdOEnt":"USGS","fhdSpNm":"SMbass","fhdRun":"NA","fhdLifeHst":"FluvAdfluvRes","fhdUseTy":"ResidentMultipleUses","fhdBasis":"UndocObsFish","fhdStNm":"Applegate Reservoir","fhdGenus":"Micropterus","fhdSp":"dolomieu","fhdSubSp":null,"fhdOrig":"NonNative","fhdProd":"Natural","fhdComment":null,"fhdESH":"NA","fhdBasisD":null,"fhdNMF":"no","fhdBasisDt":null,"fhdBasisNm":null,"fhdBasisEnt":null,"fhdBasisPrj":null,"fhdBasisMethod":null,"fhdAccess":null,"fhdBarrierFtrID":null,"fhdEndExtent":null,"Shape__Area":6971189.686030145,"Shape__Length":41929.872675770544,"habitatType":"lake"},"id":109},
{"type":"Feature","geometry":{"type":"Polygon","coordinates":[[[-122.605405,42.16171],[-122.613366,42.159],[-122.617417,42.159245],[-122.61441,42.154788],[-122.616916,42.151883],[-122.621113,42.150289],[-122.619678,42.145996],[-122.620863,42.143212],[-122.624228,42.144034],[-122.619374,42.136019],[-122.613857,42.137105],[-122.612814,42.133471],[-122.609694,42.133521],[-122.608619,42.136146],[-122.613116,42.141118],[-122.613067,42.14551],[-122.611416,42.146878],[-122.611943,42.150858],[-122.609791,42.154027],[-122.603305,42.154705],[-122.597096,42.147455],[-122.595065,42.142607],[-122.588682,42.139342],[-122.581266,42.141304],[-122.58993,42.142795],[-122.598066,42.154438],[-122.603913,42.158405],[-122.605405,42.16171]]]},"properties":{"OBJECTID":34,"fhdFtrID":34,"fhdRefID":53713,"fhdRevDt":"20190327","fhdONm":"Matthew Neilson","fhdOEnt":"USGS","fhdSpNm":"SMbass","fhdRun":"NA","fhdLifeHst":"FluvAdfluvRes","fhdUseTy":"ResidentMultipleUses","fhdBasis":"UndocObsFish","fhdStNm":"Emigrant Reservoir","fhdGenus":"Micropterus","fhdSp":"dolomieu","fhdSubSp":null,"fhdOrig":"NonNative","fhdProd":"Natural","fhdComment":null,"fhdESH":"NA","fhdBasisD":null,"fhdNMF":"no","fhdBasisDt":null,"fhdBasisNm":null,"fhdBasisEnt":null,"fhdBasisPrj":null,"fhdBasisMethod":null,"fhdAccess":null,"fhdBarrierFtrID":null,"fhdEndExtent":null,"Shape__Area":5746351.01259549,"Shape__Length":28754.584222983765,"habitatType":"lake"},"id":110},
{"type":"Feature","geometry":{"type":"Polygon","coordinates":[[[-122.666788,42.708026],[-122.670658,42.70659],[-122.671601,42.703182],[-122.667145,42.701504],[-122.664185,42.6977],[-122.666844,42.692652],[-122.671277,42.687799],[-122.664611,42.681395],[-122.667477,42.679674],[-122.674166,42.680373],[-122.674065,42.671201],[-122.676131,42.665351],[-122.660491,42.667064],[-122.652424,42.66485],[-122.647434,42.665572],[-122.644902,42.670524],[-122.640029,42.675856],[-122.638073,42.679444],[-122.624424,42.679431],[-122.621303,42.685271],[-122.620859,42.688067],[-122.615741,42.68896],[-122.610709,42.690984],[-122.600469,42.692624],[-122.597081,42.69477],[-122.595371,42.699641],[-122.590609,42.701334],[-122.584656,42.702298],[-122.586264,42.70463],[-122.5977,42.70194],[-122.600133,42.700115],[-122.599708,42.696957],[-122.603167,42.695217],[-122.607602,42.696435],[-122.613248,42.694068],[-122.620958,42.694418],[-122.623679,42.690308],[-122.628206,42.688545],[-122.635415,42.690463],[-122.635112,42.692765],[-122.640065,42.693053],[-122.642232,42.69473],[-122.646547,42.695295],[-122.652627,42.697638],[-122.653715,42.695175],[-122.658073,42.697292],[-122.659094,42.700579],[-122.658642,42.704904],[-122.664042,42.702293],[-122.667928,42.70528],[-122.666788,42.708026]]]},"properties":{"OBJECTID":35,"fhdFtrID":35,"fhdRefID":53713,"fhdRevDt":"20190327","fhdONm":"Matthew Neilson","fhdOEnt":"USGS","fhdSpNm":"SMbass","fhdRun":"NA","fhdLifeHst":"FluvAdfluvRes","fhdUseTy":"ResidentMultipleUses","fhdBasis":"UndocObsFish","fhdStNm":"Lost Creek Reservoir","fhdGenus":"Micropterus","fhdSp":"dolomieu","fhdSubSp":null,"fhdOrig":"NonNative","fhdProd":"Natural","fhdComment":null,"fhdESH":"NA","fhdBasisD":null,"fhdNMF":"no","fhdBasisDt":null,"fhdBasisNm":null,"fhdBasisEnt":null,"fhdBasisPrj":null,"fhdBasisMethod":null,"fhdAccess":null,"fhdBarrierFtrID":null,"fhdEndExtent":null,"Shape__Area":23643144.7476151,"Shape__Length":63862.79459044005,"habitatType":"lake"},"id":111},
{"type":"Feature","geometry":{"type":"Polygon","coordinates":[[[-123.168345,42.8525],[-123.173053,42.852193],[-123.176045,42.849163],[-123.179135,42.848066],[-123.177436,42.844301],[-123.168432,42.845622],[-123.165325,42.842916],[-123.166486,42.839298],[-123.163305,42.835466],[-123.157387,42.835353],[-123.149131,42.836384],[-123.156515,42.838921],[-123.156807,42.845182],[-123.158171,42.848236],[-123.168345,42.8525]]]},"properties":{"OBJECTID":36,"fhdFtrID":36,"fhdRefID":53718,"fhdRevDt":"20190509","fhdONm":"Kevin Stertz","fhdOEnt":"ODFW","fhdSpNm":"SMbass","fhdRun":"NA","fhdLifeHst":"FluvAdfluvRes","fhdUseTy":"ResidentMultipleUses","fhdBasis":"DocObsFish","fhdStNm":"Galesville Reservoir`","fhdGenus":"Micropterus","fhdSp":"dolomieu","fhdSubSp":null,"fhdOrig":"NonNative","fhdProd":"Natural","fhdComment":null,"fhdESH":"NA","fhdBasisD":null,"fhdNMF":"no","fhdBasisDt":"20180000","fhdBasisNm":null,"fhdBasisEnt":null,"fhdBasisPrj":null,"fhdBasisMethod":"Electrofishing","fhdAccess":null,"fhdBarrierFtrID":null,"fhdEndExtent":null,"Shape__Area":4199699.83910377,"Shape__Length":19957.10202379356,"habitatType":"lake"},"id":112},
{"type":"Feature","geometry":{"type":"Polygon","coordinates":[[[-120.665844,44.315249],[-120.682672,44.312833],[-120.687287,44.311099],[-120.688174,44.309262],[-120.694509,44.30948],[-120.699728,44.306448],[-120.706525,44.304815],[-120.704715,44.303352],[-120.711994,44.301873],[-120.717905,44.301627],[-120.719461,44.30024],[-120.724889,44.299435],[-120.725291,44.296683],[-120.715522,44.297051],[-120.707709,44.295625],[-120.704057,44.293922],[-120.699824,44.296681],[-120.69224,44.299108],[-120.687048,44.304886],[-120.683278,44.306813],[-120.674393,44.305403],[-120.668355,44.309296],[-120.665379,44.309199],[-120.660002,44.312799],[-120.665844,44.315249]]]},"properties":{"OBJECTID":37,"fhdFtrID":37,"fhdRefID":53718,"fhdRevDt":"20190508","fhdONm":"Kevin Stertz","fhdOEnt":"ODFW","fhdSpNm":"SMbass","fhdRun":"NA","fhdLifeHst":"FluvAdfluvRes","fhdUseTy":"ResidentMultipleUses","fhdBasis":"DocObsFish","fhdStNm":"Ochoco Reservoir","fhdGenus":"Micropterus","fhdSp":"dolomieu","fhdSubSp":null,"fhdOrig":"NonNative","fhdProd":"Natural","fhdComment":null,"fhdESH":"NA","fhdBasisD":null,"fhdNMF":"no","fhdBasisDt":"20170000","fhdBasisNm":null,"fhdBasisEnt":null,"fhdBasisPrj":null,"fhdBasisMethod":"Electrofisher","fhdAccess":null,"fhdBarrierFtrID":null,"fhdEndExtent":null,"Shape__Area":7666610.697869395,"Shape__Length":20109.88126895355,"habitatType":"lake"},"id":113},
{"type":"Feature","geometry":{"type":"Polygon","coordinates":[[[-122.949762,43.78998],[-122.955271,43.787386],[-122.953967,43.785126],[-122.95428,43.78123],[-122.950554,43.780397],[-122.944845,43.777041],[-122.93584,43.772897],[-122.928143,43.770977],[-122.923895,43.767764],[-122.920311,43.762211],[-122.917143,43.761514],[-122.913407,43.758035],[-122.909486,43.756286],[-122.906732,43.753051],[-122.902725,43.751177],[-122.897994,43.758273],[-122.900169,43.76195],[-122.900693,43.765637],[-122.903168,43.768027],[-122.904102,43.771122],[-122.908441,43.77151],[-122.911033,43.774476],[-122.916716,43.774669],[-122.921449,43.776134],[-122.923715,43.780448],[-122.92301,43.784653],[-122.927652,43.784412],[-122.933075,43.786884],[-122.934844,43.789444],[-122.942418,43.786927],[-122.94691,43.789799],[-122.949762,43.78998]]]},"properties":{"OBJECTID":38,"fhdFtrID":38,"fhdRefID":53718,"fhdRevDt":"20190508","fhdONm":"Kevin Stertz","fhdOEnt":"ODFW","fhdSpNm":"SMbass","fhdRun":"NA","fhdLifeHst":"FluvAdfluvRes","fhdUseTy":"ResidentMultipleUses","fhdBasis":"DocObsFish","fhdStNm":"Dorena Reservoir","fhdGenus":"Micropterus","fhdSp":"dolomieu","fhdSubSp":null,"fhdOrig":"NonNative","fhdProd":"Natural","fhdComment":null,"fhdESH":"NA","fhdBasisD":null,"fhdNMF":"no","fhdBasisDt":"20170000","fhdBasisNm":null,"fhdBasisEnt":null,"fhdBasisPrj":null,"fhdBasisMethod":"Electrofisher","fhdAccess":null,"fhdBarrierFtrID":null,"fhdEndExtent":null,"Shape__Area":13243070.627173545,"Shape__Length":26273.16951746651,"habitatType":"lake"},"id":114},
{"type":"Feature","geometry":{"type":"Polygon","coordinates":[[[-122.446183,42.202573],[-122.451842,42.198689],[-122.456795,42.199817],[-122.458753,42.196891],[-122.454854,42.192403],[-122.456272,42.186391],[-122.465093,42.180069],[-122.468314,42.176963],[-122.468587,42.172378],[-122.46226,42.171143],[-122.456602,42.173078],[-122.456472,42.178381],[-122.453576,42.181331],[-122.449532,42.181668],[-122.440758,42.185651],[-122.440217,42.189358],[-122.445033,42.188629],[-122.442846,42.194585],[-122.445905,42.195779],[-122.444527,42.200274],[-122.446183,42.202573]]]},"properties":{"OBJECTID":39,"fhdFtrID":39,"fhdRefID":53718,"fhdRevDt":"20190508","fhdONm":"Kevin Stertz","fhdOEnt":"ODFW","fhdSpNm":"SMbass","fhdRun":"NA","fhdLifeHst":"FluvAdfluvRes","fhdUseTy":"ResidentMultipleUses","fhdBasis":"DocObsFish","fhdStNm":"Hyatt Reservoir","fhdGenus":"Micropterus","fhdSp":"dolomieu","fhdSubSp":null,"fhdOrig":"NonNative","fhdProd":"Natural","fhdComment":null,"fhdESH":"NA","fhdBasisD":null,"fhdNMF":"no","fhdBasisDt":"20170000","fhdBasisNm":null,"fhdBasisEnt":null,"fhdBasisPrj":null,"fhdBasisMethod":"Electrofisher","fhdAccess":null,"fhdBarrierFtrID":null,"fhdEndExtent":null,"Shape__Area":5970134.58451086,"Shape__Length":16727.218299607943,"habitatType":"lake"},"id":115},
{"type":"Feature","geometry":{"type":"Polygon","coordinates":[[[-124.094032,43.93098],[-124.098087,43.928211],[-124.104731,43.927161],[-124.105155,43.925635],[-124.101568,43.921728],[-124.103138,43.918352],[-124.104138,43.911515],[-124.10902,43.911821],[-124.108217,43.909339],[-124.113802,43.905236],[-124.116119,43.900329],[-124.112187,43.900007],[-124.10781,43.902534],[-124.105873,43.90097],[-124.09991,43.904874],[-124.100617,43.907541],[-124.095673,43.915539],[-124.091945,43.915969],[-124.087089,43.912328],[-124.083851,43.91389],[-124.088264,43.918516],[-124.095326,43.919798],[-124.092117,43.926204],[-124.094677,43.927943],[-124.094032,43.93098]]]},"properties":{"OBJECTID":40,"fhdFtrID":40,"fhdRefID":53718,"fhdRevDt":"20190509","fhdONm":"Kevin Stertz","fhdOEnt":"ODFW","fhdSpNm":"SMbass","fhdRun":"NA","fhdLifeHst":"FluvAdfluvRes","fhdUseTy":"ResidentMultipleUses","fhdBasis":"DocObsFish","fhdStNm":"Woahink Lake","fhdGenus":"Micropterus","fhdSp":"dolomieu","fhdSubSp":null,"fhdOrig":"NonNative","fhdProd":"Natural","fhdComment":null,"fhdESH":"NA","fhdBasisD":null,"fhdNMF":"no","fhdBasisDt":"20180000","fhdBasisNm":null,"fhdBasisEnt":null,"fhdBasisPrj":null,"fhdBasisMethod":"Electrofishing","fhdAccess":null,"fhdBarrierFtrID":null,"fhdEndExtent":null,"Shape__Area":5767374.119530805,"Shape__Length":32134.141595000463,"habitatType":"lake"},"id":116},
{"type":"Feature","geometry":{"type":"Polygon","coordinates":[[[-119.315567,45.928751],[-119.319685,45.929091],[-119.32018,45.927138],[-119.315567,45.928751]]]},"properties":{"OBJECTID":41,"fhdFtrID":41,"fhdRefID":53718,"fhdRevDt":"20190501","fhdONm":"Kevin Stertz","fhdOEnt":"ODFW","fhdSpNm":"SMbass","fhdRun":"NA","fhdLifeHst":"FluvAdfluvRes","fhdUseTy":"ResidentMultipleUses","fhdBasis":"DocObsFish","fhdStNm":"McNary Ponds","fhdGenus":"Micropterus","fhdSp":"dolomieu","fhdSubSp":null,"fhdOrig":"NonNative","fhdProd":"Natural","fhdComment":null,"fhdESH":"NA","fhdBasisD":null,"fhdNMF":"no","fhdBasisDt":"20180000","fhdBasisNm":null,"fhdBasisEnt":null,"fhdBasisPrj":null,"fhdBasisMethod":null,"fhdAccess":null,"fhdBarrierFtrID":null,"fhdEndExtent":null,"Shape__Area":348193.40567923,"Shape__Length":6941.075249917869,"habitatType":"lake"},"id":117}
]}
