{"type":"FeatureCollection","features":[
{"type":"Feature","geometry":{"type":"LineString","coordinates":[[-118.843832,44.376326],[-118.84465,44.375291],[-118.850015,44.371765],[-118.850963,44.370804],[-118.854001,44.369602],[-118.855199,44.368592]]},"properties":{"OBJECTID":1,"fhdFtrID":16593,"fhdRefID":50117,"fhdRevDt":"19990000","fhdONm":"Tim Unterwegner","fhdOEnt":"ODFW","fhdSpNm":"Westslope cutthroat trout","fhdRun":"NA","fhdLifeHst":"Resident","fhdUseTy":"Unknown","fhdBasis":"DocObsFish","fhdStNm":"Dean Creek","fhdGenus":"Oncorhynchus","fhdSp":"clarkii","fhdSubSp":"lewisi","fhdOrig":"NativeLocal","fhdProd":"Natural","fhdComment":"Reported to IFO database","fhdESH":"NA","fhdBasisD":null,"fhdNMF":"yes","fhdBasisDt":null,"fhdBasisNm":null,"fhdBasisEnt":null,"fhdBasisPrj":null,"fhdBasisMethod":null,"Shape__Length":1784.0363220887173,"fhdAccess":null,"fhdBarrierFtrID":null,"fhdEndExtent":null,"habitatType":"stream"},"id":1},
{"type":"Feature","geometry":{"type":"LineString","coordinates":[[-118.847163,44.287989],[-118.847878,44.288977],[-118.84757,44.291745],[-118.846785,44.292481]]},"properties":{"OBJECTID":2,"fhdFtrID":16594,"fhdRefID":50117,"fhdRevDt":"20080818","fhdONm":"Tim Unterwegner","fhdOEnt":"ODFW","fhdSpNm":"Westslope cutthroat trout","fhdRun":"NA","fhdLifeHst":"Resident","fhdUseTy":"Unknown","fhdBasis":"DocObsFish","fhdStNm":"Brookling Creek","fhdGenus":"Oncorhynchus","fhdSp":"clarkii","fhdSubSp":"lewisi","fhdOrig":"NativeLocal","fhdProd":"Natural","fhdComment":null,"fhdESH":"NA","fhdBasisD":null,"fhdNMF":"yes","fhdBasisDt":null,"fhdBasisNm":null,"fhdBasisEnt":null,"fhdBasisPrj":null,"fhdBasisMethod":null,"Shape__Length":763.9405126101764,"fhdAccess":null,"fhdBarrierFtrID":null,"fhdEndExtent":null,"habitatType":"stream"},"id":2},
{"type":"Feature","geometry":{"type":"LineString","coordinates":[[-118.84757,44.291745],[-118.849006,44.291823]]},"properties":{"OBJECTID":3,"fhdFtrID":16595,"fhdRefID":50117,"fhdRevDt":"20080818","fhdONm":"Tim Unterwegner","fhdOEnt":"ODFW","fhdSpNm":"Westslope cutthroat trout","fhdRun":"NA","fhdLifeHst":"Resident","fhdUseTy":"Unknown","fhdBasis":"DocObsFish","fhdStNm":"Skin Shin Creek","fhdGenus":"Oncorhynchus","fhdSp":"clarkii","fhdSubSp":"lewisi","fhdOrig":"NativeLocal","fhdProd":"Natural","fhdComment":null,"fhdESH":"NA","fhdBasisD":null,"fhdNMF":"yes","fhdBasisDt":null,"fhdBasisNm":null,"fhdBasisEnt":null,"fhdBasisPrj":null,"fhdBasisMethod":null,"Shape__Length":160.3085170843396,"fhdAccess":null,"fhdBarrierFtrID":null,"fhdEndExtent":null,"habitatType":"stream"},"id":3},
{"type":"Feature","geometry":{"type":"LineString","coordinates":[[-118.596021,44.414771],[-118.59378,44.414085],[-118.586856,44.413929],[-118.586168,44.412884],[-118.585005,44.412841],[-118.582126,44.41208],[-118.580842,44.411476],[-118.580075,44.411874],[-118.577448,44.411147],[-118.574415,44.411486],[-118.572925,44.410998],[-118.568733,44.410849],[-118.566554,44.41037],[-118.563081,44.410561],[-118.560971,44.410991],[-118.557666,44.412454],[-118.556743,44.413934],[-118.555462,44.414825],[-118.552849,44.415554],[-118.552011,44.416164],[-118.549867,44.4168],[-118.548712,44.417433],[-118.548438,44.418094],[-118.546925,44.418398],[-118.544639,44.41783],[-118.544452,44.417072],[-118.542007,44.416965],[-118.539389,44.415866],[-118.537812,44.415667],[-118.536894,44.415157],[-118.532718,44.414439],[-118.529891,44.414536],[-118.526995,44.415484],[-118.526678,44.41601],[-118.524696,44.417522],[-118.523987,44.418765],[-118.521152,44.420567],[-118.51963,44.421218],[-118.5176,44.422757],[-118.51635,44.422765],[-118.514305,44.422031],[-118.510419,44.42134],[-118.509282,44.420918],[-118.507539,44.421013],[-118.503998,44.420502],[-118.5014,44.420784],[-118.499013,44.420527],[-118.497335,44.421071],[-118.493884,44.421634],[-118.489073,44.42316],[-118.48704,44.423272],[-118.484582,44.423101],[-118.480738,44.423993],[-118.47563,44.424176],[-118.473269,44.424404],[-118.471302,44.42497],[-118.469177,44.42452],[-118.466501,44.424631],[-118.464218,44.423953],[-118.461622,44.424068],[-118.459397,44.423564]]},"properties":{"OBJECTID":4,"fhdFtrID":16596,"fhdRefID":85540,"fhdRevDt":"20030000","fhdONm":"Bradley Shepard","fhdOEnt":"MT Coop Fish Research","fhdSpNm":"Westslope cutthroat trout","fhdRun":"NA","fhdLifeHst":"Resident","fhdUseTy":"Unknown","fhdBasis":"DocObsFish","fhdStNm":"Reynolds Creek","fhdGenus":"Oncorhynchus","fhdSp":"clarkii","fhdSubSp":"lewisi","fhdOrig":"NativeLocal","fhdProd":"Natural","fhdComment":null,"fhdESH":"NA","fhdBasisD":null,"fhdNMF":"yes","fhdBasisDt":null,"fhdBasisNm":null,"fhdBasisEnt":null,"fhdBasisPrj":null,"fhdBasisMethod":null,"Shape__Length":17331.777193871178,"fhdAccess":null,"fhdBarrierFtrID":null,"fhdEndExtent":null,"habitatType":"stream"},"id":4},
{"type":"Feature","geometry":{"type":"LineString","coordinates":[[-118.5176,44.422757],[-118.514631,44.423935],[-118.513696,44.424843],[-118.513197,44.426525],[-118.513324,44.429804],[-118.513706,44.430884],[-118.513586,44.433249],[-118.512719,44.434489],[-118.513501,44.43889],[-118.513306,44.440536],[-118.512627,44.441864],[-118.512709,44.443906],[-118.513259,44.444979],[-118.513336,44.446725],[-118.514596,44.449215],[-118.514749,44.450051],[-118.515772,44.452081],[-118.513644,44.454166],[-118.509467,44.456648],[-118.507669,44.457432],[-118.505135,44.457718],[-118.503481,44.457213],[-118.500935,44.457431],[-118.496916,44.456192],[-118.493213,44.454503],[-118.489982,44.452533],[-118.485807,44.450503],[-118.48297,44.44887],[-118.480687,44.44808],[-118.479348,44.447859],[-118.474937,44.445715],[-118.472024,44.44487],[-118.469017,44.444616],[-118.467221,44.444081],[-118.464702,44.443744],[-118.461159,44.443691],[-118.458482,44.44273],[-118.455568,44.441156],[-118.453049,44.44031],[-118.450973,44.439288],[-118.44927,44.4389],[-118.446814,44.438764],[-118.444936,44.438259]]},"properties":{"OBJECTID":5,"fhdFtrID":16597,"fhdRefID":85540,"fhdRevDt":"20030000","fhdONm":"Bradley Shepard","fhdOEnt":"MT Coop Fish Research","fhdSpNm":"Westslope cutthroat trout","fhdRun":"NA","fhdLifeHst":"Resident","fhdUseTy":"Unknown","fhdBasis":"DocObsFish","fhdStNm":"North Reynolds Creek","fhdGenus":"Oncorhynchus","fhdSp":"clarkii","fhdSubSp":"lewisi","fhdOrig":"NativeLocal","fhdProd":"Natural","fhdComment":null,"fhdESH":"NA","fhdBasisD":null,"fhdNMF":"yes","fhdBasisDt":null,"fhdBasisNm":null,"fhdBasisEnt":null,"fhdBasisPrj":null,"fhdBasisMethod":null,"Shape__Length":14071.98701129089,"fhdAccess":null,"fhdBarrierFtrID":null,"fhdEndExtent":null,"habitatType":"stream"},"id":5},
{"type":"Feature","geometry":{"type":"LineString","coordinates":[[-118.69849,44.532437],[-118.694166,44.533902],[-118.691461,44.536029],[-118.688607,44.538854],[-118.68647,44.54136],[-118.683419,44.543558],[-118.682555,44.544597],[-118.681078,44.547018],[-118.680571,44.54856],[-118.679467,44.549972],[-118.67789,44.550761],[-118.676943,44.551774],[-118.672369,44.554537],[-118.670398,44.555327],[-118.668111,44.555774],[-118.664168,44.555435],[-118.661487,44.555551],[-118.656913,44.556113],[-118.656045,44.556899],[-118.655018,44.559665],[-118.652808,44.561691],[-118.64839,44.563947],[-118.647601,44.564566],[-118.647915,44.565583],[-118.645942,44.56716],[-118.64452,44.569471],[-118.642547,44.57099],[-118.641678,44.572627],[-118.640415,44.573361],[-118.638364,44.573359],[-118.636887,44.574155]]},"properties":{"OBJECTID":6,"fhdFtrID":16598,"fhdRefID":85540,"fhdRevDt":"20030000","fhdONm":"Bradley Shepard","fhdOEnt":"MT Coop Fish Research","fhdSpNm":"Westslope cutthroat trout","fhdRun":"NA","fhdLifeHst":"Resident","fhdUseTy":"Unknown","fhdBasis":"DocObsFish","fhdStNm":"Standard Creek","fhdGenus":"Oncorhynchus","fhdSp":"clarkii","fhdSubSp":"lewisi","fhdOrig":"NativeLocal","fhdProd":"Natural","fhdComment":null,"fhdESH":"NA","fhdBasisD":null,"fhdNMF":"yes","fhdBasisDt":null,"fhdBasisNm":null,"fhdBasisEnt":null,"fhdBasisPrj":null,"fhdBasisMethod":null,"Shape__Length":10310.734642285845,"fhdAccess":null,"fhdBarrierFtrID":null,"fhdEndExtent":null,"habitatType":"stream"},"id":6},
{"type":"Feature","geometry":{"type":"LineString","coordinates":[[-118.69849,44.532437],[-118.697782,44.533614],[-118.698208,44.536128],[-118.698047,44.537085],[-118.698891,44.539287],[-118.699456,44.540107],[-118.700506,44.542873],[-118.700646,44.544653],[-118.701228,44.546499],[-118.701023,44.548519],[-118.699599,44.551502],[-118.698336,44.553537],[-118.697892,44.555561],[-118.69784,44.560234],[-118.698077,44.561189],[-118.697841,44.562655],[-118.697131,44.563557],[-118.698788,44.565531],[-118.702101,44.566206],[-118.702258,44.567617],[-118.70431,44.568181],[-118.704941,44.568968],[-118.705099,44.57083],[-118.707782,44.571393],[-118.709281,44.572914],[-118.70936,44.573651],[-118.711017,44.574324],[-118.712044,44.575902],[-118.714254,44.577877],[-118.714648,44.579005],[-118.714492,44.580754],[-118.714887,44.581711],[-118.716939,44.583909],[-118.717887,44.585825],[-118.71994,44.586785],[-118.720808,44.587685],[-118.721362,44.589604],[-118.722863,44.591634],[-118.724442,44.593325],[-118.725637,44.595062],[-118.72697,44.595803],[-118.729181,44.597664],[-118.730386,44.598922]]},"properties":{"OBJECTID":7,"fhdFtrID":16599,"fhdRefID":85540,"fhdRevDt":"20030000","fhdONm":"Bradley Shepard","fhdOEnt":"MT Coop Fish Research","fhdSpNm":"Westslope cutthroat trout","fhdRun":"NA","fhdLifeHst":"Resident","fhdUseTy":"Unknown","fhdBasis":"DocObsFish","fhdStNm":"Dixie Creek","fhdGenus":"Oncorhynchus","fhdSp":"clarkii","fhdSubSp":"lewisi","fhdOrig":"NativeLocal","fhdProd":"Natural","fhdComment":null,"fhdESH":"NA","fhdBasisD":null,"fhdNMF":"yes","fhdBasisDt":null,"fhdBasisNm":null,"fhdBasisEnt":null,"fhdBasisPrj":null,"fhdBasisMethod":null,"Shape__Length":12301.246438316988,"fhdAccess":null,"fhdBarrierFtrID":null,"fhdEndExtent":null,"habitatType":"stream"},"id":7},
{"type":"Feature","geometry":{"type":"LineString","coordinates":[[-118.714648,44.579005],[-118.716069,44.579623],[-118.718752,44.579848],[-118.71962,44.580186],[-118.721513,44.580185],[-118.723248,44.579902],[-118.724748,44.580244],[-118.727274,44.581988],[-118.728379,44.582498],[-118.73043,44.582944],[-118.732245,44.58289],[-118.734296,44.582382],[-118.736977,44.581198],[-118.737845,44.58131],[-118.740135,44.583],[-118.741791,44.582322],[-118.74401,44.582636]]},"properties":{"OBJECTID":8,"fhdFtrID":16600,"fhdRefID":85540,"fhdRevDt":"19990000","fhdONm":"Bradley Shepard","fhdOEnt":"MT Coop Fish Research","fhdSpNm":"Westslope cutthroat trout","fhdRun":"NA","fhdLifeHst":"Resident","fhdUseTy":"Unknown","fhdBasis":"DocObsFish","fhdStNm":null,"fhdGenus":"Oncorhynchus","fhdSp":"clarkii","fhdSubSp":"lewisi","fhdOrig":"NativeLocal","fhdProd":"Natural","fhdComment":null,"fhdESH":"NA","fhdBasisD":null,"fhdNMF":"yes","fhdBasisDt":null,"fhdBasisNm":null,"fhdBasisEnt":null,"fhdBasisPrj":null,"fhdBasisMethod":null,"Shape__Length":3711.1064230895186,"fhdAccess":null,"fhdBarrierFtrID":null,"fhdEndExtent":null,"habitatType":"stream"},"id":8},
{"type":"Feature","geometry":{"type":"LineString","coordinates":[[-118.753589,44.558244],[-118.753438,44.558633],[-118.753759,44.56078],[-118.754388,44.562022],[-118.754166,44.562499]]},"properties":{"OBJECTID":9,"fhdFtrID":16601,"fhdRefID":85540,"fhdRevDt":"20030000","fhdONm":"Bradley Shepard","fhdOEnt":"MT Coop Fish Research","fhdSpNm":"Westslope cutthroat trout","fhdRun":"NA","fhdLifeHst":"Resident","fhdUseTy":"Unknown","fhdBasis":"DocObsFish","fhdStNm":"Bear Creek","fhdGenus":"Oncorhynchus","fhdSp":"clarkii","fhdSubSp":"lewisi","fhdOrig":"NativeLocal","fhdProd":"Natural","fhdComment":null,"fhdESH":"NA","fhdBasisD":null,"fhdNMF":"yes","fhdBasisDt":null,"fhdBasisNm":null,"fhdBasisEnt":null,"fhdBasisPrj":null,"fhdBasisMethod":null,"Shape__Length":704.2044048687546,"fhdAccess":null,"fhdBarrierFtrID":null,"fhdEndExtent":null,"habitatType":"stream"},"id":9},
{"type":"Feature","geometry":{"type":"LineString","coordinates":[[-118.753438,44.558633],[-118.752025,44.55965],[-118.751075,44.559651],[-118.749812,44.560894],[-118.747368,44.561738],[-118.746816,44.562304],[-118.743899,44.563037],[-118.742796,44.564108],[-118.741929,44.564337],[-118.739408,44.56659],[-118.739721,44.567621]]},"properties":{"OBJECTID":10,"fhdFtrID":16602,"fhdRefID":85540,"fhdRevDt":"19990000","fhdONm":"Bradley Shepard","fhdOEnt":"MT Coop Fish Research","fhdSpNm":"Westslope cutthroat trout","fhdRun":"NA","fhdLifeHst":"Resident","fhdUseTy":"Unknown","fhdBasis":"DocObsFish","fhdStNm":null,"fhdGenus":"Oncorhynchus","fhdSp":"clarkii","fhdSubSp":"lewisi","fhdOrig":"NativeLocal","fhdProd":"Natural","fhdComment":null,"fhdESH":"NA","fhdBasisD":null,"fhdNMF":"yes","fhdBasisDt":null,"fhdBasisNm":null,"fhdBasisEnt":null,"fhdBasisPrj":null,"fhdBasisMethod":null,"Shape__Length":2271.740933581087,"fhdAccess":null,"fhdBarrierFtrID":null,"fhdEndExtent":null,"habitatType":"stream"},"id":10},
{"type":"Feature","geometry":{"type":"LineString","coordinates":[[-118.921282,44.528825],[-118.922858,44.530572],[-118.922779,44.531698],[-118.921596,44.532434],[-118.921123,44.533333],[-118.921044,44.534689],[-118.921516,44.535478],[-118.921358,44.536998],[-118.916863,44.541003],[-118.917809,44.542635],[-118.91765,44.54433],[-118.916073,44.545117],[-118.914812,44.545116],[-118.913894,44.545811],[-118.908965,44.551002],[-118.909166,44.552417],[-118.910392,44.553459],[-118.910711,44.555209],[-118.910548,44.557071],[-118.910705,44.558706],[-118.911623,44.55997]]},"properties":{"OBJECTID":11,"fhdFtrID":16603,"fhdRefID":85540,"fhdRevDt":"20030000","fhdONm":"Bradley Shepard","fhdOEnt":"MT Coop Fish Research","fhdSpNm":"Westslope cutthroat trout","fhdRun":"NA","fhdLifeHst":"Resident","fhdUseTy":"Unknown","fhdBasis":"DocObsFish","fhdStNm":"Lake Creek","fhdGenus":"Oncorhynchus","fhdSp":"clarkii","fhdSubSp":"lewisi","fhdOrig":"NativeLocal","fhdProd":"Natural","fhdComment":null,"fhdESH":"NA","fhdBasisD":null,"fhdNMF":"yes","fhdBasisDt":null,"fhdBasisNm":null,"fhdBasisEnt":null,"fhdBasisPrj":null,"fhdBasisMethod":null,"Shape__Length":5781.0379575188845,"fhdAccess":null,"fhdBarrierFtrID":null,"fhdEndExtent":null,"habitatType":"stream"},"id":11},
{"type":"Feature","geometry":{"type":"LineString","coordinates":[[-119.037778,44.52115],[-119.036596,44.521604],[-119.034312,44.520587],[-119.032577,44.521207],[-119.031159,44.520247],[-119.029348,44.519739],[-119.026906,44.517599],[-119.025015,44.517596],[-119.023125,44.516072],[-119.021392,44.515338],[-119.018792,44.515339],[-119.018083,44.515734],[-119.016429,44.515057],[-119.013906,44.51624],[-119.012645,44.516069],[-119.010677,44.514492],[-119.008629,44.514262],[-119.006974,44.514377],[-119.004849,44.512794],[-119.004377,44.511952],[-119.001083,44.512288],[-118.998107,44.513529],[-118.997163,44.51522],[-118.996376,44.515558],[-118.994326,44.515053],[-118.994326,44.514378],[-118.992985,44.513699],[-118.992435,44.514771],[-118.991255,44.51607],[-118.990703,44.516071],[-118.989205,44.51494],[-118.987314,44.514942],[-118.985501,44.513929],[-118.983294,44.514323],[-118.981955,44.513423],[-118.980221,44.51348],[-118.978883,44.514494],[-118.976756,44.514328],[-118.975259,44.514723],[-118.974076,44.51365],[-118.971791,44.512695],[-118.971791,44.512357],[-118.96651,44.510103],[-118.965565,44.509818],[-118.963594,44.507848],[-118.961782,44.507511],[-118.957844,44.509203],[-118.956977,44.508637],[-118.953668,44.50841],[-118.951778,44.508753],[-118.949729,44.509428],[-118.946972,44.509709],[-118.946499,44.510162],[-118.9413,44.51157],[-118.939093,44.512021],[-118.936809,44.511516],[-118.933894,44.512078],[-118.932791,44.512754],[-118.930506,44.513094],[-118.929009,44.51456],[-118.926802,44.515291],[-118.927275,44.516084],[-118.926959,44.517039],[-118.927038,44.518789],[-118.925698,44.519689],[-118.926407,44.520816],[-118.925619,44.522117],[-118.92546,44.523073],[-118.924436,44.523919],[-118.924278,44.525893],[-118.923017,44.526851],[-118.921834,44.528599],[-118.921282,44.528825],[-118.918366,44.529612],[-118.916238,44.529387],[-118.910373,44.527581]]},"properties":{"OBJECTID":12,"fhdFtrID":16604,"fhdRefID":85540,"fhdRevDt":"20030000","fhdONm":"Bradley Shepard","fhdOEnt":"MT Coop Fish Research","fhdSpNm":"Westslope cutthroat trout","fhdRun":"NA","fhdLifeHst":"Resident","fhdUseTy":"Unknown","fhdBasis":"DocObsFish","fhdStNm":"East Fork Beech Creek","fhdGenus":"Oncorhynchus","fhdSp":"clarkii","fhdSubSp":"lewisi","fhdOrig":"NativeLocal","fhdProd":"Natural","fhdComment":null,"fhdESH":"NA","fhdBasisD":null,"fhdNMF":"yes","fhdBasisDt":null,"fhdBasisNm":null,"fhdBasisEnt":null,"fhdBasisPrj":null,"fhdBasisMethod":null,"Shape__Length":19569.542159727123,"fhdAccess":null,"fhdBarrierFtrID":null,"fhdEndExtent":null,"habitatType":"stream"},"id":12},
{"type":"Feature","geometry":{"type":"LineString","coordinates":[[-119.079705,44.532881],[-119.081754,44.533105],[-119.082858,44.533557],[-119.084041,44.534854],[-119.087851,44.534212]]},"properties":{"OBJECTID":13,"fhdFtrID":16605,"fhdRefID":85540,"fhdRevDt":"19990000","fhdONm":"Bradley Shepard","fhdOEnt":"MT Coop Fish Research","fhdSpNm":"Westslope cutthroat trout","fhdRun":"NA","fhdLifeHst":"Resident","fhdUseTy":"Unknown","fhdBasis":"DocObsFish","fhdStNm":null,"fhdGenus":"Oncorhynchus","fhdSp":"clarkii","fhdSubSp":"lewisi","fhdOrig":"NativeLocal","fhdProd":"Natural","fhdComment":null,"fhdESH":"NA","fhdBasisD":null,"fhdNMF":"yes","fhdBasisDt":null,"fhdBasisNm":null,"fhdBasisEnt":null,"fhdBasisPrj":null,"fhdBasisMethod":null,"Shape__Length":1085.966904064444,"fhdAccess":null,"fhdBarrierFtrID":null,"fhdEndExtent":null,"habitatType":"stream"},"id":13},
{"type":"Feature","geometry":{"type":"LineString","coordinates":[[-119.042658,44.535022],[-119.044629,44.535869],[-119.047861,44.535644],[-119.048413,44.534685],[-119.049517,44.534066],[-119.052906,44.533389],[-119.054719,44.532658],[-119.056059,44.532544],[-119.057398,44.531359],[-119.060709,44.529948],[-119.065596,44.528937],[-119.069143,44.528598],[-119.072295,44.530121],[-119.073556,44.530121],[-119.075527,44.530684],[-119.076315,44.531417],[-119.078128,44.531978],[-119.079705,44.532881],[-119.082069,44.532203],[-119.085773,44.531469],[-119.087507,44.530231],[-119.087821,44.528762],[-119.088845,44.52837],[-119.091683,44.529439],[-119.094048,44.529553],[-119.095151,44.52848],[-119.096885,44.52865],[-119.100341,44.526812]]},"properties":{"OBJECTID":14,"fhdFtrID":16606,"fhdRefID":85540,"fhdRevDt":"19990000","fhdONm":"Bradley Shepard","fhdOEnt":"MT Coop Fish Research","fhdSpNm":"Westslope cutthroat trout","fhdRun":"NA","fhdLifeHst":"Resident","fhdUseTy":"Unknown","fhdBasis":"DocObsFish","fhdStNm":"Bear Creek","fhdGenus":"Oncorhynchus","fhdSp":"clarkii","fhdSubSp":"lewisi","fhdOrig":"NativeLocal","fhdProd":"Natural","fhdComment":null,"fhdESH":"NA","fhdBasisD":null,"fhdNMF":"yes","fhdBasisDt":null,"fhdBasisNm":null,"fhdBasisEnt":null,"fhdBasisPrj":null,"fhdBasisMethod":null,"Shape__Length":7765.206151676754,"fhdAccess":null,"fhdBarrierFtrID":null,"fhdEndExtent":null,"habitatType":"stream"},"id":14},
{"type":"Feature","geometry":{"type":"LineString","coordinates":[[-119.085629,44.559155],[-119.08484,44.559268],[-119.083974,44.562705],[-119.08366,44.565524],[-119.084292,44.567669],[-119.084056,44.568682],[-119.084924,44.569922],[-119.08382,44.570657],[-119.082006,44.571222],[-119.078773,44.572631],[-119.076801,44.573306],[-119.074986,44.573024],[-119.073409,44.573534],[-119.070787,44.575715]]},"properties":{"OBJECTID":15,"fhdFtrID":16607,"fhdRefID":85540,"fhdRevDt":"19990000","fhdONm":"Bradley Shepard","fhdOEnt":"MT Coop Fish Research","fhdSpNm":"Westslope cutthroat trout","fhdRun":"NA","fhdLifeHst":"Resident","fhdUseTy":"Unknown","fhdBasis":"DocObsFish","fhdStNm":"Cottonwood Creek","fhdGenus":"Oncorhynchus","fhdSp":"clarkii","fhdSubSp":"lewisi","fhdOrig":"NativeLocal","fhdProd":"Natural","fhdComment":null,"fhdESH":"NA","fhdBasisD":null,"fhdNMF":"yes","fhdBasisDt":null,"fhdBasisNm":null,"fhdBasisEnt":null,"fhdBasisPrj":null,"fhdBasisMethod":null,"Shape__Length":3832.473915003275,"fhdAccess":null,"fhdBarrierFtrID":null,"fhdEndExtent":null,"habitatType":"stream"},"id":15},
{"type":"Feature","geometry":{"type":"LineString","coordinates":[[-119.085629,44.559155],[-119.087364,44.56028],[-119.090914,44.561295],[-119.09683,44.562704],[-119.099906,44.56411],[-119.101249,44.56603],[-119.102511,44.566592],[-119.105193,44.566871],[-119.107403,44.568055],[-119.110084,44.568226],[-119.114423,44.568897],[-119.117736,44.568503],[-119.118486,44.568019]]},"properties":{"OBJECTID":16,"fhdFtrID":16608,"fhdRefID":85540,"fhdRevDt":"20030000","fhdONm":"Bradley Shepard","fhdOEnt":"MT Coop Fish Research","fhdSpNm":"Westslope cutthroat trout","fhdRun":"NA","fhdLifeHst":"Resident","fhdUseTy":"Unknown","fhdBasis":"DocObsFish","fhdStNm":"Beech Creek","fhdGenus":"Oncorhynchus","fhdSp":"clarkii","fhdSubSp":"lewisi","fhdOrig":"NativeLocal","fhdProd":"Natural","fhdComment":null,"fhdESH":"NA","fhdBasisD":null,"fhdNMF":"yes","fhdBasisDt":null,"fhdBasisNm":null,"fhdBasisEnt":null,"fhdBasisPrj":null,"fhdBasisMethod":null,"Shape__Length":4251.1079602782675,"fhdAccess":null,"fhdBarrierFtrID":null,"fhdEndExtent":null,"habitatType":"stream"},"id":16},
{"type":"Feature","geometry":{"type":"LineString","coordinates":[[-119.03807,44.520334],[-119.037778,44.52115],[-119.039196,44.523124],[-119.039589,44.525043],[-119.040298,44.525944],[-119.041006,44.528029],[-119.041242,44.529781],[-119.041083,44.532093],[-119.040767,44.532823],[-119.042658,44.535022],[-119.046205,44.537448],[-119.047466,44.539081],[-119.049121,44.539988],[-119.051091,44.541677],[-119.05251,44.542578],[-119.058107,44.544044],[-119.061497,44.545738],[-119.062916,44.545965],[-119.064099,44.547204],[-119.067962,44.549628],[-119.070564,44.549909],[-119.071117,44.551038],[-119.072615,44.551375],[-119.07364,44.550979],[-119.074902,44.551658],[-119.075139,44.552954],[-119.076242,44.55284],[-119.079318,44.554364],[-119.084287,44.557181],[-119.085629,44.559155]]},"properties":{"OBJECTID":17,"fhdFtrID":16609,"fhdRefID":85540,"fhdRevDt":"20030000","fhdONm":"Bradley Shepard","fhdOEnt":"MT Coop Fish Research","fhdSpNm":"Westslope cutthroat trout","fhdRun":"NA","fhdLifeHst":"Resident","fhdUseTy":"Unknown","fhdBasis":"DocObsFish","fhdStNm":"Beech Creek","fhdGenus":"Oncorhynchus","fhdSp":"clarkii","fhdSubSp":"lewisi","fhdOrig":"NativeLocal","fhdProd":"Natural","fhdComment":null,"fhdESH":"NA","fhdBasisD":null,"fhdNMF":"yes","fhdBasisDt":null,"fhdBasisNm":null,"fhdBasisEnt":null,"fhdBasisPrj":null,"fhdBasisMethod":null,"Shape__Length":9109.41997330262,"fhdAccess":null,"fhdBarrierFtrID":null,"fhdEndExtent":null,"habitatType":"stream"},"id":17},
{"type":"Feature","geometry":{"type":"LineString","coordinates":[[-119.21157,44.503707],[-119.209249,44.504983],[-119.206039,44.507845],[-119.205488,44.508918],[-119.204386,44.509817],[-119.202732,44.510609],[-119.200998,44.510607],[-119.199659,44.511227],[-119.198556,44.512301],[-119.197138,44.512806],[-119.195405,44.512582],[-119.193435,44.513426],[-119.190835,44.513881],[-119.190048,44.51467],[-119.187368,44.515289],[-119.185872,44.516812],[-119.185714,44.518107],[-119.186186,44.519574],[-119.185871,44.520476],[-119.183507,44.522732],[-119.181537,44.523692],[-119.181221,44.524535],[-119.179251,44.525496],[-119.17736,44.526792],[-119.175704,44.529948],[-119.173102,44.530961],[-119.171763,44.530851],[-119.170817,44.531639],[-119.169004,44.531808],[-119.166009,44.531753],[-119.164195,44.532539],[-119.161436,44.534063],[-119.159781,44.533779],[-119.155525,44.533554],[-119.154894,44.533156],[-119.152845,44.5331],[-119.150166,44.532367],[-119.149535,44.531803],[-119.147172,44.530673]]},"properties":{"OBJECTID":18,"fhdFtrID":16610,"fhdRefID":85540,"fhdRevDt":"20030000","fhdONm":"Bradley Shepard","fhdOEnt":"MT Coop Fish Research","fhdSpNm":"Westslope cutthroat trout","fhdRun":"NA","fhdLifeHst":"Resident","fhdUseTy":"Unknown","fhdBasis":"DocObsFish","fhdStNm":"Birch Creek","fhdGenus":"Oncorhynchus","fhdSp":"clarkii","fhdSubSp":"lewisi","fhdOrig":"NativeLocal","fhdProd":"Natural","fhdComment":null,"fhdESH":"NA","fhdBasisD":null,"fhdNMF":"yes","fhdBasisDt":null,"fhdBasisNm":null,"fhdBasisEnt":null,"fhdBasisPrj":null,"fhdBasisMethod":null,"Shape__Length":10085.565405766287,"fhdAccess":null,"fhdBarrierFtrID":null,"fhdEndExtent":null,"habitatType":"stream"},"id":18},
{"type":"Feature","geometry":{"type":"LineString","coordinates":[[-119.280824,44.511522],[-119.282221,44.513657],[-119.283628,44.517157],[-119.283718,44.519136],[-119.284103,44.520623],[-119.283366,44.522371],[-119.282433,44.523564],[-119.282019,44.524806],[-119.280815,44.5251],[-119.280483,44.526718],[-119.278393,44.528777],[-119.277339,44.52914],[-119.276716,44.531106],[-119.275463,44.532112],[-119.274365,44.532494],[-119.271244,44.532543],[-119.266734,44.534505],[-119.265157,44.534617],[-119.263028,44.535348],[-119.261058,44.535122],[-119.259874,44.536248],[-119.257667,44.536193],[-119.255301,44.537261],[-119.252621,44.537431],[-119.250903,44.537825],[-119.248932,44.537823],[-119.245071,44.538449],[-119.241365,44.538166],[-119.24034,44.537884],[-119.23837,44.538],[-119.237345,44.537718],[-119.236163,44.538056],[-119.235059,44.537718],[-119.233404,44.538169],[-119.231592,44.539186],[-119.23041,44.539299],[-119.229938,44.540204],[-119.228519,44.540709],[-119.225287,44.541217],[-119.224026,44.540994],[-119.223632,44.541839],[-119.221898,44.542913],[-119.219929,44.544774],[-119.218431,44.545618],[-119.21737,44.545738]]},"properties":{"OBJECTID":19,"fhdFtrID":16611,"fhdRefID":85540,"fhdRevDt":"20030000","fhdONm":"Bradley Shepard","fhdOEnt":"MT Coop Fish Research","fhdSpNm":"Westslope cutthroat trout","fhdRun":"NA","fhdLifeHst":"Resident","fhdUseTy":"Unknown","fhdBasis":"DocObsFish","fhdStNm":"Belshaw Creek","fhdGenus":"Oncorhynchus","fhdSp":"clarkii","fhdSubSp":"lewisi","fhdOrig":"NativeLocal","fhdProd":"Natural","fhdComment":null,"fhdESH":"NA","fhdBasisD":null,"fhdNMF":"yes","fhdBasisDt":null,"fhdBasisNm":null,"fhdBasisEnt":null,"fhdBasisPrj":null,"fhdBasisMethod":null,"Shape__Length":11248.5383827153,"fhdAccess":null,"fhdBarrierFtrID":null,"fhdEndExtent":null,"habitatType":"stream"},"id":19},
{"type":"Feature","geometry":{"type":"LineString","coordinates":[[-118.527999,44.255768],[-118.528242,44.257954],[-118.529567,44.259773],[-118.530079,44.26221],[-118.530334,44.264546],[-118.530917,44.264867],[-118.532332,44.265793],[-118.533711,44.266251],[-118.534527,44.267974],[-118.53701,44.26978],[-118.537113,44.270838],[-118.53824,44.271895],[-118.53874,44.273209],[-118.540218,44.273531],[-118.54014,44.274166],[-118.541225,44.275061],[-118.541454,44.275791],[-118.542676,44.276847],[-118.5427,44.278234]]},"properties":{"OBJECTID":20,"fhdFtrID":16612,"fhdRefID":85540,"fhdRevDt":"20030000","fhdONm":"Bradley Shepard","fhdOEnt":"MT Coop Fish Research","fhdSpNm":"Westslope cutthroat trout","fhdRun":"NA","fhdLifeHst":"Resident","fhdUseTy":"Unknown","fhdBasis":"DocObsFish","fhdStNm":"John Day River","fhdGenus":"Oncorhynchus","fhdSp":"clarkii","fhdSubSp":"lewisi","fhdOrig":"NativeLocal","fhdProd":"Natural","fhdComment":null,"fhdESH":"NA","fhdBasisD":null,"fhdNMF":"yes","fhdBasisDt":null,"fhdBasisNm":null,"fhdBasisEnt":null,"fhdBasisPrj":null,"fhdBasisMethod":null,"Shape__Length":4509.752649234857,"fhdAccess":null,"fhdBarrierFtrID":null,"fhdEndExtent":null,"habitatType":"stream"},"id":20},
{"type":"Feature","geometry":{"type":"LineString","coordinates":[[-118.5427,44.278234],[-118.544376,44.279688],[-118.544063,44.281394],[-118.544811,44.282549],[-118.545586,44.282792],[-118.546368,44.284297],[-118.546577,44.285743],[-118.54769,44.28724],[-118.547345,44.288755],[-118.547852,44.289682],[-118.5477,44.29073],[-118.548477,44.292349],[-118.549042,44.29269],[-118.549614,44.296898],[-118.54907,44.297741],[-118.549889,44.298427],[-118.549324,44.29916],[-118.549267,44.300555],[-118.550663,44.302229],[-118.551989,44.302814],[-118.552026,44.303715],[-118.551427,44.30466],[-118.55172,44.306573],[-118.552079,44.30699],[-118.553817,44.30724],[-118.553504,44.308149],[-118.553643,44.309897],[-118.552578,44.31039],[-118.552375,44.311459],[-118.552924,44.311801],[-118.552668,44.313363],[-118.552115,44.314455],[-118.553537,44.315737],[-118.553439,44.317226],[-118.553796,44.318615],[-118.555537,44.319898],[-118.557611,44.320198],[-118.558978,44.319417],[-118.561702,44.319713],[-118.563481,44.32051],[-118.565583,44.321794],[-118.566384,44.322791],[-118.567108,44.32467],[-118.566935,44.32521],[-118.569525,44.331588],[-118.57003,44.331677],[-118.570898,44.333382],[-118.571463,44.333564],[-118.573107,44.336032],[-118.573804,44.338391],[-118.573968,44.339886],[-118.574537,44.340378],[-118.574771,44.342837],[-118.575432,44.344191],[-118.574874,44.346458],[-118.57434,44.347412],[-118.574186,44.348915],[-118.574939,44.350463],[-118.574743,44.351388],[-118.575578,44.353563],[-118.57566,44.357475],[-118.575997,44.35906],[-118.577343,44.362567],[-118.576876,44.363086],[-118.577037,44.36477],[-118.577952,44.365629],[-118.577644,44.366566],[-118.578394,44.369174],[-118.578563,44.370507],[-118.579583,44.370684],[-118.579622,44.371979],[-118.579597,44.373994],[-118.579898,44.37496],[-118.578879,44.377855],[-118.578128,44.378096],[-118.57684,44.379382],[-118.576656,44.38086],[-118.575643,44.382025],[-118.574518,44.384223],[-118.574594,44.386042],[-118.573763,44.388034],[-118.573486,44.389779],[-118.574058,44.392345],[-118.576409,44.394956],[-118.577291,44.39556],[-118.577897,44.39671],[-118.579823,44.398253],[-118.580835,44.399995],[-118.58184,44.400043],[-118.582476,44.400797],[-118.58248,44.401904],[-118.583785,44.40312],[-118.583669,44.405157],[-118.585266,44.406868],[-118.586202,44.408637],[-118.587217,44.409943],[-118.588576,44.410585],[-118.590077,44.411974],[-118.592281,44.412547],[-118.594175,44.412396],[-118.59517,44.412954],[-118.596183,44.414072]]},"properties":{"OBJECTID":21,"fhdFtrID":16613,"fhdRefID":85540,"fhdRevDt":"20030000","fhdONm":"Bradley Shepard","fhdOEnt":"MT Coop Fish Research","fhdSpNm":"Westslope cutthroat trout","fhdRun":"NA","fhdLifeHst":"Resident","fhdUseTy":"Unknown","fhdBasis":"DocObsFish","fhdStNm":"John Day River","fhdGenus":"Oncorhynchus","fhdSp":"clarkii","fhdSubSp":"lewisi","fhdOrig":"NativeLocal","fhdProd":"Natural","fhdComment":null,"fhdESH":"NA","fhdBasisD":null,"fhdNMF":"yes","fhdBasisDt":null,"fhdBasisNm":null,"fhdBasisEnt":null,"fhdBasisPrj":null,"fhdBasisMethod":null,"Shape__Length":27981.832756933094,"fhdAccess":null,"fhdBarrierFtrID":null,"fhdEndExtent":null,"habitatType":"stream"},"id":21},
{"type":"Feature","geometry":{"type":"LineString","coordinates":[[-118.914891,44.39938],[-118.914269,44.397291],[-118.914526,44.396692],[-118.914488,44.393983],[-118.914126,44.392125],[-118.91299,44.390398],[-118.912555,44.387083],[-118.912066,44.386326],[-118.91217,44.384893],[-118.91108,44.38149],[-118.910901,44.379827],[-118.911655,44.377159],[-118.912031,44.373669],[-118.913389,44.37144],[-118.913422,44.369995],[-118.914279,44.368466]]},"properties":{"OBJECTID":22,"fhdFtrID":16614,"fhdRefID":85540,"fhdRevDt":"19990000","fhdONm":"Bradley Shepard","fhdOEnt":"MT Coop Fish Research","fhdSpNm":"Westslope cutthroat trout","fhdRun":"NA","fhdLifeHst":"Resident","fhdUseTy":"Unknown","fhdBasis":"DocObsFish","fhdStNm":"Little Pine Creek","fhdGenus":"Oncorhynchus","fhdSp":"clarkii","fhdSubSp":"lewisi","fhdOrig":"NativeLocal","fhdProd":"Natural","fhdComment":null,"fhdESH":"NA","fhdBasisD":null,"fhdNMF":"yes","fhdBasisDt":null,"fhdBasisNm":null,"fhdBasisEnt":null,"fhdBasisPrj":null,"fhdBasisMethod":null,"Shape__Length":4997.976116103752,"fhdAccess":null,"fhdBarrierFtrID":null,"fhdEndExtent":null,"habitatType":"stream"},"id":22},
{"type":"Feature","geometry":{"type":"LineString","coordinates":[[-118.89143,44.403021],[-118.887749,44.399632],[-118.886301,44.399107],[-118.88496,44.397625],[-118.882732,44.395916],[-118.881466,44.394037],[-118.881357,44.391797],[-118.883223,44.389669],[-118.883435,44.388837],[-118.885725,44.385873],[-118.886253,44.38473],[-118.886382,44.38326],[-118.887183,44.382428],[-118.887275,44.381343]]},"properties":{"OBJECTID":23,"fhdFtrID":16615,"fhdRefID":85540,"fhdRevDt":"19990000","fhdONm":"Bradley Shepard","fhdOEnt":"MT Coop Fish Research","fhdSpNm":"Westslope cutthroat trout","fhdRun":"NA","fhdLifeHst":"Resident","fhdUseTy":"Unknown","fhdBasis":"DocObsFish","fhdStNm":"Dog Creek","fhdGenus":"Oncorhynchus","fhdSp":"clarkii","fhdSubSp":"lewisi","fhdOrig":"NativeLocal","fhdProd":"Natural","fhdComment":null,"fhdESH":"NA","fhdBasisD":null,"fhdNMF":"yes","fhdBasisDt":null,"fhdBasisNm":null,"fhdBasisEnt":null,"fhdBasisPrj":null,"fhdBasisMethod":null,"Shape__Length":4018.979541170383,"fhdAccess":null,"fhdBarrierFtrID":null,"fhdEndExtent":null,"habitatType":"stream"},"id":23},
{"type":"Feature","geometry":{"type":"LineString","coordinates":[[-118.813379,44.389842],[-118.813491,44.388871],[-118.814357,44.387633],[-118.815882,44.386609],[-118.817334,44.384858],[-118.818935,44.384265],[-118.822015,44.382406],[-118.824706,44.380139],[-118.827918,44.378531],[-118.82936,44.378093],[-118.830591,44.376912],[-118.832135,44.372994],[-118.832513,44.369949],[-118.833466,44.368331],[-118.833508,44.367057],[-118.835235,44.365764],[-118.837316,44.363412],[-118.839726,44.361884],[-118.839866,44.361386],[-118.841445,44.360312],[-118.841928,44.358315],[-118.841498,44.356552],[-118.840479,44.355678],[-118.839835,44.354527],[-118.84042,44.353468],[-118.840531,44.351918],[-118.840047,44.350985],[-118.8381,44.349792],[-118.836364,44.34788],[-118.835789,44.346453],[-118.832594,44.344393],[-118.831345,44.343222]]},"properties":{"OBJECTID":24,"fhdFtrID":16616,"fhdRefID":85540,"fhdRevDt":"20030000","fhdONm":"Bradley Shepard","fhdOEnt":"MT Coop Fish Research","fhdSpNm":"Westslope cutthroat trout","fhdRun":"NA","fhdLifeHst":"Resident","fhdUseTy":"Unknown","fhdBasis":"DocObsFish","fhdStNm":"Pine Creek","fhdGenus":"Oncorhynchus","fhdSp":"clarkii","fhdSubSp":"lewisi","fhdOrig":"NativeLocal","fhdProd":"Natural","fhdComment":null,"fhdESH":"NA","fhdBasisD":null,"fhdNMF":"yes","fhdBasisDt":null,"fhdBasisNm":null,"fhdBasisEnt":null,"fhdBasisPrj":null,"fhdBasisMethod":null,"Shape__Length":9114.908636039227,"fhdAccess":null,"fhdBarrierFtrID":null,"fhdEndExtent":null,"habitatType":"stream"},"id":24},
{"type":"Feature","geometry":{"type":"LineString","coordinates":[[-118.763488,44.403231],[-118.763431,44.40216],[-118.764013,44.401467],[-118.763836,44.399759],[-118.764548,44.398371],[-118.764531,44.397399],[-118.763513,44.395686],[-118.763586,44.394334],[-118.764185,44.393794],[-118.7645,44.391763],[-118.765143,44.39016],[-118.764871,44.389075],[-118.765432,44.387265],[-118.765956,44.386726],[-118.766788,44.384769],[-118.767571,44.383667],[-118.767502,44.383029],[-118.768788,44.380308],[-118.769768,44.378893],[-118.769824,44.377407],[-118.77041,44.376434],[-118.770745,44.373625],[-118.771985,44.371049],[-118.77131,44.369034],[-118.771941,44.367898],[-118.771589,44.366553],[-118.772291,44.364882],[-118.77314,44.364063],[-118.772995,44.362854],[-118.774155,44.361098],[-118.774241,44.36012],[-118.772874,44.357855],[-118.772727,44.356867],[-118.773423,44.356046],[-118.773584,44.354837],[-118.773071,44.351878],[-118.772231,44.350086],[-118.77217,44.348575],[-118.77264,44.347037],[-118.773334,44.346382],[-118.777562,44.343863],[-118.778965,44.340132]]},"properties":{"OBJECTID":25,"fhdFtrID":16617,"fhdRefID":85540,"fhdRevDt":"19990000","fhdONm":"Bradley Shepard","fhdOEnt":"MT Coop Fish Research","fhdSpNm":"Westslope cutthroat trout","fhdRun":"NA","fhdLifeHst":"Resident","fhdUseTy":"Unknown","fhdBasis":"DocObsFish","fhdStNm":"Little Indian Creek","fhdGenus":"Oncorhynchus","fhdSp":"clarkii","fhdSubSp":"lewisi","fhdOrig":"NativeLocal","fhdProd":"Natural","fhdComment":null,"fhdESH":"NA","fhdBasisD":null,"fhdNMF":"yes","fhdBasisDt":null,"fhdBasisNm":null,"fhdBasisEnt":null,"fhdBasisPrj":null,"fhdBasisMethod":null,"Shape__Length":10689.493290508291,"fhdAccess":null,"fhdBarrierFtrID":null,"fhdEndExtent":null,"habitatType":"stream"},"id":25},
{"type":"Feature","geometry":{"type":"LineString","coordinates":[[-118.62035,44.336553],[-118.619872,44.337719],[-118.618908,44.338578],[-118.618553,44.339584],[-118.619018,44.342228],[-118.619854,44.343224],[-118.620298,44.345548],[-118.620038,44.346631],[-118.620141,44.349755],[-118.620559,44.352571],[-118.61985,44.35437],[-118.617964,44.356115],[-118.615385,44.357065],[-118.614238,44.357698],[-118.612512,44.359232],[-118.610144,44.360989],[-118.608146,44.361262],[-118.60633,44.362696],[-118.605355,44.363037],[-118.603681,44.363004],[-118.601198,44.363801],[-118.60034,44.363842],[-118.598414,44.364595],[-118.595963,44.364917],[-118.59434,44.365995],[-118.593117,44.366264],[-118.590856,44.368127],[-118.589803,44.368248],[-118.585647,44.370196],[-118.583672,44.371618],[-118.582682,44.372024],[-118.579622,44.371979]]},"properties":{"OBJECTID":26,"fhdFtrID":16618,"fhdRefID":85540,"fhdRevDt":"19990000","fhdONm":"Bradley Shepard","fhdOEnt":"MT Coop Fish Research","fhdSpNm":"Westslope cutthroat trout","fhdRun":"NA","fhdLifeHst":"Resident","fhdUseTy":"Unknown","fhdBasis":"DocObsFish","fhdStNm":"Graham Creek","fhdGenus":"Oncorhynchus","fhdSp":"clarkii","fhdSubSp":"lewisi","fhdOrig":"NativeLocal","fhdProd":"Natural","fhdComment":null,"fhdESH":"NA","fhdBasisD":null,"fhdNMF":"yes","fhdBasisDt":null,"fhdBasisNm":null,"fhdBasisEnt":null,"fhdBasisPrj":null,"fhdBasisMethod":null,"Shape__Length":9153.573810387055,"fhdAccess":null,"fhdBarrierFtrID":null,"fhdEndExtent":null,"habitatType":"stream"},"id":26},
{"type":"Feature","geometry":{"type":"LineString","coordinates":[[-118.596183,44.414072],[-118.596021,44.414771],[-118.597979,44.417169],[-118.598948,44.417354],[-118.60027,44.418735],[-118.600639,44.420178],[-118.60176,44.420144],[-118.603103,44.420877],[-118.603734,44.424565],[-118.605006,44.426332],[-118.60694,44.428138],[-118.608438,44.428194],[-118.611432,44.428976],[-118.616224,44.429944],[-118.620777,44.43125],[-118.622124,44.431447],[-118.623082,44.43357],[-118.624782,44.433569],[-118.625876,44.434972],[-118.62657,44.435296],[-118.627352,44.436474],[-118.626916,44.437056],[-118.627638,44.43773],[-118.629086,44.438295],[-118.630971,44.438286],[-118.633458,44.440519],[-118.634302,44.440561],[-118.635582,44.441857],[-118.635458,44.442822],[-118.637653,44.443574],[-118.641523,44.444013],[-118.643234,44.44362],[-118.646321,44.443944],[-118.647544,44.444494],[-118.647624,44.445123],[-118.649104,44.445444],[-118.649436,44.446096],[-118.65063,44.446097],[-118.653001,44.447287],[-118.653507,44.448297],[-118.65571,44.449768],[-118.65648,44.449865],[-118.657765,44.451388],[-118.659204,44.451986],[-118.660699,44.451997],[-118.662172,44.452492],[-118.663646,44.452597],[-118.665751,44.453269],[-118.665998,44.454003],[-118.668736,44.453477],[-118.669591,44.453041],[-118.671528,44.453085],[-118.672493,44.453431],[-118.674391,44.452575],[-118.675574,44.452621],[-118.677538,44.453609],[-118.678095,44.454627],[-118.679702,44.455855],[-118.679917,44.456797],[-118.682868,44.457132],[-118.685988,44.457239],[-118.686606,44.457734],[-118.68807,44.457496],[-118.689592,44.458869],[-118.691092,44.459],[-118.692691,44.458643],[-118.694391,44.459212],[-118.697684,44.459604],[-118.698962,44.459045],[-118.699903,44.459391],[-118.702518,44.459424],[-118.70387,44.458378],[-118.70492,44.459019],[-118.708028,44.459135],[-118.709539,44.458779],[-118.710927,44.457678],[-118.714649,44.457307],[-118.715553,44.456843],[-118.716292,44.455473],[-118.718713,44.454005],[-118.720252,44.45361],[-118.722557,44.453506],[-118.724986,44.45364],[-118.726155,44.454055],[-118.727097,44.453481],[-118.728622,44.453757],[-118.730452,44.453162],[-118.731311,44.452446],[-118.738934,44.450125],[-118.739921,44.449489],[-118.743338,44.448167],[-118.746401,44.448387],[-118.74795,44.445834],[-118.750392,44.444224],[-118.754895,44.442608],[-118.757178,44.442828],[-118.759796,44.442602],[-118.7621,44.443065],[-118.766032,44.442531],[-118.76669,44.443182],[-118.768273,44.443187],[-118.769705,44.442673],[-118.771646,44.442421],[-118.774531,44.441096],[-118.778833,44.440936],[-118.779625,44.439885],[-118.781578,44.439984],[-118.782493,44.440369],[-118.784065,44.439995],[-118.787196,44.440489],[-118.789208,44.440293],[-118.793155,44.440979],[-118.794532,44.442272],[-118.797916,44.44345],[-118.799039,44.443508],[-118.800352,44.442748],[-118.802578,44.442568],[-118.806695,44.440883],[-118.808449,44.439543],[-118.813594,44.43876],[-118.815479,44.438235],[-118.81727,44.43849],[-118.819699,44.438255],[-118.821558,44.437567],[-118.822611,44.437606],[-118.823888,44.438192],[-118.825677,44.438474],[-118.827269,44.43783],[-118.829247,44.437578],[-118.831893,44.437999],[-118.83417,44.437785],[-118.835255,44.438299],[-118.837281,44.438034],[-118.837822,44.437324],[-118.837142,44.436274],[-118.838466,44.43516],[-118.8395,44.434928],[-118.84309,44.434789],[-118.844175,44.43545],[-118.845901,44.435026],[-118.847229,44.433833],[-118.848793,44.433565],[-118.852558,44.430435],[-118.854395,44.430042],[-118.855382,44.429426],[-118.857503,44.429264],[-118.859365,44.428521],[-118.859802,44.427133],[-118.860609,44.426379],[-118.861807,44.425963],[-118.863426,44.424915],[-118.863913,44.423366],[-118.863598,44.42249],[-118.863976,44.421397],[-118.866114,44.420475],[-118.867542,44.420527],[-118.869268,44.420103],[-118.870879,44.420242],[-118.873269,44.420005],[-118.87525,44.420779],[-118.876159,44.420704],[-118.881137,44.419047],[-118.883141,44.418957],[-118.884498,44.418412],[-118.886182,44.418581],[-118.887601,44.418227],[-118.89111,44.418705],[-118.892803,44.418198],[-118.894201,44.418141],[-118.897823,44.419702],[-118.899292,44.419701],[-118.90196,44.418744],[-118.904174,44.418877],[-118.904805,44.418468],[-118.906936,44.418707],[-118.90915,44.41776],[-118.912592,44.417046],[-118.915189,44.417085],[-118.918198,44.417706],[-118.919744,44.41768],[-118.922582,44.416431],[-118.926211,44.416264],[-118.928173,44.415146],[-118.931415,44.415126],[-118.93336,44.415871],[-118.935597,44.41568],[-118.939839,44.415913],[-118.942034,44.416855],[-118.945182,44.417102],[-118.947226,44.418066],[-118.948501,44.419245],[-118.953134,44.422003],[-118.953912,44.422192],[-118.958325,44.422133],[-118.959325,44.422384],[-118.965747,44.422147],[-118.968921,44.420936],[-118.970984,44.420523],[-118.973672,44.420347],[-118.975749,44.420853],[-118.980472,44.420641],[-118.983,44.421703],[-118.98445,44.422537],[-118.987556,44.423403],[-118.989644,44.424286],[-118.992273,44.424406],[-118.99277,44.424855],[-118.994709,44.425166],[-118.996178,44.425731],[-118.997523,44.425346],[-118.99895,44.425423],[-119.000412,44.424988],[-119.00198,44.425205],[-119.003494,44.424556],[-119.006182,44.424921],[-119.010724,44.42354],[-119.013642,44.423291],[-119.014533,44.422944],[-119.017987,44.422579],[-119.022962,44.422563],[-119.024636,44.421784],[-119.026568,44.421636],[-119.028843,44.420877],[-119.033216,44.420841],[-119.03938,44.419975],[-119.041843,44.418656],[-119.044101,44.416465],[-119.045376,44.415996],[-119.04967,44.41547],[-119.051283,44.41558],[-119.052716,44.416116],[-119.053743,44.416529],[-119.057324,44.416518],[-119.059196,44.416824],[-119.061201,44.416571],[-119.06452,44.415416],[-119.065984,44.415494],[-119.069032,44.414437],[-119.070754,44.414605],[-119.072004,44.41562],[-119.073166,44.415714],[-119.07703,44.414848],[-119.080455,44.413777],[-119.081776,44.413742],[-119.083391,44.414391],[-119.085306,44.414484],[-119.086974,44.41546],[-119.089593,44.415738],[-119.091726,44.415406],[-119.093326,44.415704],[-119.09676,44.415066],[-119.099718,44.413654],[-119.103312,44.413426],[-119.104408,44.41395],[-119.107156,44.41399],[-119.108153,44.413159],[-119.111195,44.41275],[-119.113418,44.41161],[-119.116574,44.411328],[-119.119393,44.409722],[-119.122139,44.409789],[-119.124337,44.409593],[-119.125507,44.410146],[-119.126753,44.410107],[-119.129733,44.411181],[-119.131773,44.412249],[-119.135287,44.412098],[-119.137763,44.41283],[-119.140208,44.414047],[-119.145386,44.415519],[-119.147737,44.415868],[-119.149772,44.417585],[-119.151218,44.417363],[-119.153879,44.417588],[-119.15595,44.419332],[-119.160185,44.421987],[-119.169275,44.423021],[-119.169789,44.421499],[-119.171343,44.420201],[-119.172743,44.419546],[-119.173171,44.417616],[-119.174332,44.417141],[-119.176297,44.41764],[-119.176028,44.418873],[-119.176851,44.420116],[-119.179854,44.420297],[-119.18281,44.420045],[-119.185727,44.419508],[-119.188821,44.416843],[-119.19026,44.415001],[-119.191781,44.414214],[-119.19365,44.414439],[-119.194722,44.415339],[-119.196691,44.415188],[-119.199187,44.416217],[-119.201402,44.416345],[-119.202811,44.416689],[-119.203376,44.417275],[-119.205425,44.41764],[-119.208176,44.417056],[-119.210944,44.417364],[-119.213206,44.417358],[-119.21538,44.416944],[-119.218161,44.415902],[-119.220669,44.41558],[-119.222206,44.415118],[-119.223768,44.415349],[-119.224598,44.415916],[-119.224095,44.41671],[-119.224419,44.417531],[-119.22709,44.419348],[-119.229452,44.419534],[-119.230947,44.419151],[-119.233293,44.41958],[-119.236225,44.419704],[-119.237896,44.419489],[-119.24079,44.419611],[-119.242888,44.420976],[-119.245032,44.423397],[-119.246277,44.425139],[-119.249111,44.426205],[-119.250437,44.427275],[-119.252322,44.427255],[-119.254619,44.426116],[-119.254864,44.425232],[-119.256462,44.424988],[-119.257821,44.425546],[-119.25932,44.425676],[-119.260862,44.42632],[-119.262517,44.42578],[-119.26357,44.425815],[-119.264348,44.426624],[-119.266002,44.426678],[-119.2682,44.425912],[-119.27096,44.42576],[-119.272362,44.426238],[-119.27342,44.42738],[-119.272406,44.429696],[-119.273647,44.431519],[-119.273592,44.43357],[-119.275428,44.43552],[-119.276026,44.436782],[-119.278478,44.437942],[-119.280653,44.438121],[-119.281834,44.437917],[-119.284119,44.438153],[-119.285875,44.437805],[-119.287412,44.436154],[-119.288504,44.435595],[-119.290129,44.435513],[-119.291818,44.436216],[-119.293224,44.437828],[-119.294838,44.439123],[-119.296266,44.439197],[-119.297225,44.438336],[-119.299416,44.437084],[-119.301368,44.437201],[-119.304667,44.438092],[-119.306588,44.439315],[-119.309763,44.438581],[-119.312198,44.438821],[-119.313762,44.437927],[-119.313777,44.436496],[-119.316148,44.435357],[-119.319766,44.435366],[-119.320957,44.434999],[-119.322734,44.434921],[-119.324677,44.4352],[-119.326147,44.434599],[-119.326688,44.433779],[-119.328823,44.433389],[-119.330975,44.432729],[-119.332364,44.432828],[-119.334023,44.433421],[-119.336124,44.433569],[-119.337914,44.433276],[-119.341819,44.435062],[-119.343036,44.435973],[-119.344547,44.436356],[-119.346149,44.436197],[-119.347636,44.438018]]},"properties":{"OBJECTID":27,"fhdFtrID":16619,"fhdRefID":85540,"fhdRevDt":"20030000","fhdONm":"Bradley Shepard","fhdOEnt":"MT Coop Fish Research","fhdSpNm":"Westslope cutthroat trout","fhdRun":"NA","fhdLifeHst":"Resident","fhdUseTy":"Unknown","fhdBasis":"DocObsFish","fhdStNm":"John Day River","fhdGenus":"Oncorhynchus","fhdSp":"clarkii","fhdSubSp":"lewisi","fhdOrig":"NativeLocal","fhdProd":"Natural","fhdComment":null,"fhdESH":"NA","fhdBasisD":null,"fhdNMF":"yes","fhdBasisDt":null,"fhdBasisNm":null,"fhdBasisEnt":null,"fhdBasisPrj":null,"fhdBasisMethod":null,"Shape__Length":102912.4267840329,"fhdAccess":null,"fhdBarrierFtrID":null,"fhdEndExtent":null,"habitatType":"stream"},"id":27},
{"type":"Feature","geometry":{"type":"LineString","coordinates":[[-118.618955,44.733877],[-118.619841,44.734918],[-118.620812,44.736709],[-118.621374,44.738429],[-118.622963,44.739055],[-118.624962,44.739459],[-118.624961,44.739931],[-118.626524,44.741016],[-118.626576,44.741673],[-118.630528,44.742589],[-118.635611,44.744087],[-118.636688,44.744121],[-118.638589,44.745255],[-118.642029,44.746205],[-118.64352,44.74748],[-118.646496,44.75233],[-118.647974,44.754343],[-118.647764,44.755255],[-118.648525,44.756896],[-118.648506,44.760403],[-118.649067,44.761281],[-118.651318,44.762743],[-118.652338,44.763953],[-118.652838,44.766583],[-118.652776,44.768479],[-118.654208,44.769579],[-118.654609,44.771549],[-118.655992,44.772357],[-118.656244,44.7732],[-118.658601,44.7743],[-118.661313,44.776057],[-118.663106,44.776935],[-118.66428,44.778399],[-118.665189,44.781469],[-118.665583,44.784722],[-118.667377,44.7856],[-118.669277,44.785568],[-118.67056,44.785937],[-118.673121,44.787366],[-118.673939,44.788102],[-118.674189,44.789597],[-118.672691,44.791239],[-118.672839,44.792407],[-118.673501,44.793541],[-118.67729,44.796141],[-118.679496,44.79695],[-118.682618,44.799294],[-118.683688,44.801088],[-118.683112,44.803423],[-118.68408,44.805183],[-118.683148,44.806677],[-118.682989,44.807624],[-118.68329,44.809308],[-118.683015,44.812886],[-118.682392,44.814236],[-118.685307,44.817384],[-118.685253,44.817934],[-118.686789,44.818996],[-118.688586,44.819514]]},"properties":{"OBJECTID":28,"fhdFtrID":16620,"fhdRefID":85540,"fhdRevDt":"20030000","fhdONm":"Bradley Shepard","fhdOEnt":"MT Coop Fish Research","fhdSpNm":"Westslope cutthroat trout","fhdRun":"NA","fhdLifeHst":"Resident","fhdUseTy":"Unknown","fhdBasis":"DocObsFish","fhdStNm":"South Fork Desolation Creek","fhdGenus":"Oncorhynchus","fhdSp":"clarkii","fhdSubSp":"lewisi","fhdOrig":"NativeLocal","fhdProd":"Mixed","fhdComment":null,"fhdESH":"NA","fhdBasisD":null,"fhdNMF":"yes","fhdBasisDt":null,"fhdBasisNm":null,"fhdBasisEnt":null,"fhdBasisPrj":null,"fhdBasisMethod":null,"Shape__Length":17582.920826757796,"fhdAccess":null,"fhdBarrierFtrID":null,"fhdEndExtent":null,"habitatType":"stream"},"id":28},
{"type":"Feature","geometry":{"type":"LineString","coordinates":[[-118.878929,44.966634],[-118.877691,44.964261],[-118.877636,44.9632],[-118.878817,44.96174],[-118.877884,44.959842],[-118.877208,44.957725],[-118.877923,44.955611],[-118.878641,44.954658],[-118.878021,44.954039],[-118.878637,44.953236],[-118.878941,44.951377],[-118.877756,44.95105],[-118.876666,44.948529],[-118.874563,44.947654],[-118.873357,44.945793],[-118.872173,44.945911],[-118.870595,44.947494],[-118.869925,44.947496],[-118.868265,44.946479],[-118.865903,44.947148],[-118.864658,44.946385],[-118.863009,44.946286],[-118.862438,44.945885],[-118.862834,44.944493],[-118.861583,44.943253],[-118.860599,44.942783],[-118.859417,44.943009],[-118.857736,44.944666],[-118.854796,44.944349],[-118.853699,44.942998],[-118.849898,44.943897],[-118.849067,44.943316],[-118.848431,44.94167],[-118.847859,44.941162],[-118.846365,44.941244],[-118.845093,44.942638],[-118.842552,44.941112],[-118.841461,44.940239],[-118.839554,44.940103],[-118.839497,44.939627],[-118.840721,44.938522],[-118.841731,44.936728],[-118.841098,44.935375],[-118.839404,44.935897],[-118.838125,44.936669],[-118.836578,44.936496],[-118.837082,44.935502],[-118.835786,44.934776],[-118.835155,44.933611],[-118.830976,44.932935],[-118.830607,44.932203],[-118.831832,44.931135],[-118.831355,44.929932],[-118.831156,44.928121],[-118.832371,44.923997],[-118.831791,44.922683],[-118.829872,44.921521],[-118.828013,44.920979],[-118.82687,44.920034],[-118.823514,44.919246],[-118.821859,44.918557],[-118.820974,44.91772],[-118.819656,44.914869],[-118.819706,44.913851],[-118.818964,44.912823],[-118.816475,44.911189],[-118.816569,44.910309],[-118.813298,44.907728],[-118.811326,44.906382],[-118.808541,44.905918],[-118.807919,44.905518],[-118.807442,44.904202],[-118.805476,44.903333],[-118.804335,44.902496],[-118.803758,44.90151],[-118.801845,44.900789],[-118.800197,44.900689],[-118.79796,44.8985],[-118.796464,44.898177],[-118.79583,44.896644],[-118.795504,44.894997],[-118.793998,44.893688],[-118.790836,44.891577],[-118.790294,44.888984],[-118.791981,44.88795],[-118.792217,44.885826],[-118.790711,44.884517],[-118.78706,44.884826],[-118.784676,44.883338],[-118.782767,44.883215],[-118.782803,44.881333],[-118.780884,44.879877],[-118.78009,44.877792],[-118.777293,44.875977],[-118.777024,44.874892],[-118.778007,44.872095],[-118.776962,44.870396],[-118.776814,44.869233],[-118.775616,44.867537],[-118.774878,44.867112],[-118.772335,44.86657],[-118.770892,44.865211],[-118.770793,44.86397],[-118.772271,44.862264],[-118.772401,44.861641],[-118.770358,44.860727],[-118.769611,44.860046],[-118.768231,44.857623],[-118.767494,44.857202],[-118.765635,44.857051],[-118.763999,44.855987],[-118.761973,44.856824],[-118.7611,44.856878],[-118.760132,44.855799],[-118.75984,44.854894],[-118.757435,44.853914],[-118.756361,44.852765],[-118.756371,44.850352],[-118.755175,44.84866],[-118.754445,44.84842],[-118.752985,44.849247],[-118.751641,44.849088],[-118.74979,44.849422],[-118.747939,44.849347],[-118.746501,44.848942],[-118.744809,44.847658],[-118.742393,44.847465],[-118.740284,44.847718],[-118.736742,44.846281],[-118.736386,44.845256],[-118.734485,44.844848],[-118.733357,44.844078],[-118.732488,44.842687],[-118.729617,44.840853],[-118.728333,44.840373],[-118.725352,44.840112],[-118.724737,44.839743],[-118.723614,44.837694],[-118.722229,44.836887],[-118.71997,44.836259],[-118.719512,44.835123],[-118.717613,44.83435],[-118.714378,44.833395],[-118.712994,44.832475],[-118.711197,44.832106],[-118.709864,44.831297],[-118.707816,44.82928],[-118.707308,44.828113],[-118.704795,44.826791],[-118.701972,44.825757],[-118.699973,44.824513],[-118.698797,44.82323],[-118.695613,44.822638],[-118.692483,44.821347],[-118.690994,44.821198],[-118.689609,44.820503],[-118.688586,44.819514]]},"properties":{"OBJECTID":29,"fhdFtrID":16621,"fhdRefID":85540,"fhdRevDt":"19990000","fhdONm":"Bradley Shepard","fhdOEnt":"MT Coop Fish Research","fhdSpNm":"Westslope cutthroat trout","fhdRun":"NA","fhdLifeHst":"Resident","fhdUseTy":"Unknown","fhdBasis":"DocObsFish","fhdStNm":"Desolation Creek","fhdGenus":"Oncorhynchus","fhdSp":"clarkii","fhdSubSp":"lewisi","fhdOrig":"NativeLocal","fhdProd":"Mixed","fhdComment":null,"fhdESH":"NA","fhdBasisD":null,"fhdNMF":"yes","fhdBasisDt":null,"fhdBasisNm":null,"fhdBasisEnt":null,"fhdBasisPrj":null,"fhdBasisMethod":null,"Shape__Length":39915.00491463669,"fhdAccess":null,"fhdBarrierFtrID":null,"fhdEndExtent":null,"habitatType":"stream"},"id":29},
{"type":"Feature","geometry":{"type":"LineString","coordinates":[[-118.558684,44.858321],[-118.559195,44.857153],[-118.561146,44.856123],[-118.564538,44.855537],[-118.564842,44.854362],[-118.565766,44.853742],[-118.567258,44.85396],[-118.568341,44.854688],[-118.570189,44.853664],[-118.569929,44.852821],[-118.571362,44.850956],[-118.573207,44.849306],[-118.573928,44.849413],[-118.576542,44.84714],[-118.578959,44.846846],[-118.579882,44.846261],[-118.585224,44.844567],[-118.588357,44.843358],[-118.59026,44.843575],[-118.592163,44.843463],[-118.595913,44.842506],[-118.596167,44.841773],[-118.595392,44.840749],[-118.59513,44.839542],[-118.594148,44.838192],[-118.593939,44.837313],[-118.592289,44.836179],[-118.591617,44.835342],[-118.591713,44.833365],[-118.587637,44.829749],[-118.587117,44.82832],[-118.587216,44.827333],[-118.588233,44.824186],[-118.590233,44.822754],[-118.592081,44.82195],[-118.592386,44.820996],[-118.591354,44.820119],[-118.591552,44.818145],[-118.590879,44.816939],[-118.589899,44.816062],[-118.589582,44.813793],[-118.587619,44.811381],[-118.586687,44.809517],[-118.587401,44.807981],[-118.58466,44.803595],[-118.583935,44.802129],[-118.582323,44.797411],[-118.582371,44.796353],[-118.584161,44.793826],[-118.589753,44.790998],[-118.590569,44.789205],[-118.591748,44.788545],[-118.59329,44.788433],[-118.594157,44.786639],[-118.598056,44.784838],[-118.59906,44.783572]]},"properties":{"OBJECTID":30,"fhdFtrID":16622,"fhdRefID":85540,"fhdRevDt":"20030000","fhdONm":"Bradley Shepard","fhdOEnt":"MT Coop Fish Research","fhdSpNm":"Westslope cutthroat trout","fhdRun":"NA","fhdLifeHst":"Resident","fhdUseTy":"Unknown","fhdBasis":"DocObsFish","fhdStNm":"Lake Creek","fhdGenus":"Oncorhynchus","fhdSp":"clarkii","fhdSubSp":"lewisi","fhdOrig":"NativeLocal","fhdProd":"Mixed","fhdComment":null,"fhdESH":"NA","fhdBasisD":null,"fhdNMF":"yes","fhdBasisDt":null,"fhdBasisNm":null,"fhdBasisEnt":null,"fhdBasisPrj":null,"fhdBasisMethod":null,"Shape__Length":16622.815745218082,"fhdAccess":null,"fhdBarrierFtrID":null,"fhdEndExtent":null,"habitatType":"stream"},"id":30},
{"type":"Feature","geometry":{"type":"LineString","coordinates":[[-118.564965,44.747033],[-118.567275,44.745682],[-118.572507,44.744418],[-118.574303,44.743322],[-118.575074,44.742483],[-118.575334,44.740765],[-118.575899,44.740001],[-118.578621,44.737339],[-118.582009,44.735042],[-118.583601,44.733071]]},"properties":{"OBJECTID":31,"fhdFtrID":16623,"fhdRefID":85540,"fhdRevDt":"20030000","fhdONm":"Bradley Shepard","fhdOEnt":"MT Coop Fish Research","fhdSpNm":"Westslope cutthroat trout","fhdRun":"NA","fhdLifeHst":"Resident","fhdUseTy":"Unknown","fhdBasis":"DocObsFish","fhdStNm":"West Fork Clear Creek","fhdGenus":"Oncorhynchus","fhdSp":"clarkii","fhdSubSp":"lewisi","fhdOrig":"NativeLocal","fhdProd":"Mixed","fhdComment":null,"fhdESH":"NA","fhdBasisD":null,"fhdNMF":"yes","fhdBasisDt":null,"fhdBasisNm":null,"fhdBasisEnt":null,"fhdBasisPrj":null,"fhdBasisMethod":null,"Shape__Length":3180.6916290138397,"fhdAccess":null,"fhdBarrierFtrID":null,"fhdEndExtent":null,"habitatType":"stream"},"id":31},
{"type":"Feature","geometry":{"type":"LineString","coordinates":[[-118.545785,44.748891],[-118.555477,44.748692],[-118.558656,44.74819],[-118.560965,44.747461],[-118.56204,44.748121],[-118.563887,44.747687],[-118.564965,44.747033]]},"properties":{"OBJECTID":32,"fhdFtrID":16624,"fhdRefID":85540,"fhdRevDt":"20030000","fhdONm":"Bradley Shepard","fhdOEnt":"MT Coop Fish Research","fhdSpNm":"Westslope cutthroat trout","fhdRun":"NA","fhdLifeHst":"Resident","fhdUseTy":"Unknown","fhdBasis":"DocObsFish","fhdStNm":"West Fork Clear Creek","fhdGenus":"Oncorhynchus","fhdSp":"clarkii","fhdSubSp":"lewisi","fhdOrig":"NativeLocal","fhdProd":"Mixed","fhdComment":null,"fhdESH":"NA","fhdBasisD":null,"fhdNMF":"yes","fhdBasisDt":null,"fhdBasisNm":null,"fhdBasisEnt":null,"fhdBasisPrj":null,"fhdBasisMethod":null,"Shape__Length":2275.84045958509,"fhdAccess":null,"fhdBarrierFtrID":null,"fhdEndExtent":null,"habitatType":"stream"},"id":32},
{"type":"Feature","geometry":{"type":"LineString","coordinates":[[-118.545785,44.748891],[-118.54312,44.748482],[-118.539505,44.750313],[-118.538892,44.751154],[-118.537454,44.751339],[-118.534061,44.750687],[-118.532982,44.750981],[-118.52548,44.750586],[-118.521985,44.750079],[-118.520443,44.750153],[-118.51721,44.751326],[-118.511573,44.756342],[-118.509729,44.758248]]},"properties":{"OBJECTID":33,"fhdFtrID":16625,"fhdRefID":85540,"fhdRevDt":"20030000","fhdONm":"Bradley Shepard","fhdOEnt":"MT Coop Fish Research","fhdSpNm":"Westslope cutthroat trout","fhdRun":"NA","fhdLifeHst":"Resident","fhdUseTy":"Unknown","fhdBasis":"DocObsFish","fhdStNm":"West Fork Clear Creek","fhdGenus":"Oncorhynchus","fhdSp":"clarkii","fhdSubSp":"lewisi","fhdOrig":"NativeLocal","fhdProd":"Mixed","fhdComment":null,"fhdESH":"NA","fhdBasisD":null,"fhdNMF":"yes","fhdBasisDt":null,"fhdBasisNm":null,"fhdBasisEnt":null,"fhdBasisPrj":null,"fhdBasisMethod":null,"Shape__Length":4846.086246318899,"fhdAccess":null,"fhdBarrierFtrID":null,"fhdEndExtent":null,"habitatType":"stream"},"id":33},
{"type":"Feature","geometry":{"type":"LineString","coordinates":[[-118.509729,44.758248],[-118.508085,44.758396],[-118.503255,44.758401],[-118.501767,44.759131],[-118.500899,44.76016],[-118.499287,44.761352],[-118.498652,44.762517],[-118.496774,44.76422],[-118.495322,44.768123],[-118.493325,44.770814],[-118.491157,44.77145],[-118.488931,44.772528],[-118.488141,44.77369],[-118.486184,44.773968],[-118.483872,44.77402],[-118.48142,44.773264],[-118.47928,44.772257],[-118.476157,44.771717],[-118.474745,44.77024],[-118.473164,44.76964],[-118.470653,44.769326],[-118.469104,44.769787],[-118.46834,44.76945],[-118.463355,44.769658],[-118.462528,44.769943],[-118.460788,44.769637],[-118.458989,44.769691],[-118.456302,44.770653],[-118.453281,44.77304],[-118.45251,44.775994],[-118.452947,44.777424],[-118.454208,44.778718],[-118.456756,44.77972]]},"properties":{"OBJECTID":34,"fhdFtrID":16626,"fhdRefID":85540,"fhdRevDt":"20030000","fhdONm":"Bradley Shepard","fhdOEnt":"MT Coop Fish Research","fhdSpNm":"Westslope cutthroat trout","fhdRun":"NA","fhdLifeHst":"Resident","fhdUseTy":"Unknown","fhdBasis":"DocObsFish","fhdStNm":"Clear Creek","fhdGenus":"Oncorhynchus","fhdSp":"clarkii","fhdSubSp":"lewisi","fhdOrig":"NativeLocal","fhdProd":"Mixed","fhdComment":null,"fhdESH":"NA","fhdBasisD":null,"fhdNMF":"yes","fhdBasisDt":null,"fhdBasisNm":null,"fhdBasisEnt":null,"fhdBasisPrj":null,"fhdBasisMethod":null,"Shape__Length":9577.392030485384,"fhdAccess":null,"fhdBarrierFtrID":null,"fhdEndExtent":null,"habitatType":"stream"},"id":34},
{"type":"Feature","geometry":{"type":"LineString","coordinates":[[-118.450018,44.82156],[-118.452032,44.820581],[-118.452354,44.819775],[-118.453717,44.818291],[-118.453754,44.816171],[-118.454347,44.814601],[-118.455701,44.81363],[-118.458418,44.811057],[-118.459457,44.810373],[-118.46136,44.807391],[-118.462249,44.806484],[-118.464742,44.804972],[-118.466523,44.803014],[-118.468399,44.801495],[-118.469227,44.801138],[-118.471104,44.799583],[-118.472571,44.797949],[-118.472822,44.795281],[-118.473354,44.794262],[-118.473581,44.790019],[-118.474135,44.787685],[-118.473087,44.78592],[-118.471321,44.784111],[-118.468731,44.782403],[-118.4642,44.780058],[-118.46149,44.779408],[-118.459585,44.779649],[-118.456756,44.77972]]},"properties":{"OBJECTID":35,"fhdFtrID":16627,"fhdRefID":85540,"fhdRevDt":"20030000","fhdONm":"Bradley Shepard","fhdOEnt":"MT Coop Fish Research","fhdSpNm":"Westslope cutthroat trout","fhdRun":"NA","fhdLifeHst":"Resident","fhdUseTy":"Unknown","fhdBasis":"DocObsFish","fhdStNm":"Clear Creek","fhdGenus":"Oncorhynchus","fhdSp":"clarkii","fhdSubSp":"lewisi","fhdOrig":"NativeLocal","fhdProd":"Mixed","fhdComment":null,"fhdESH":"NA","fhdBasisD":null,"fhdNMF":"yes","fhdBasisDt":null,"fhdBasisNm":null,"fhdBasisEnt":null,"fhdBasisPrj":null,"fhdBasisMethod":null,"Shape__Length":8904.819450615472,"fhdAccess":null,"fhdBarrierFtrID":null,"fhdEndExtent":null,"habitatType":"stream"},"id":35},
{"type":"Feature","geometry":{"type":"LineString","coordinates":[[-118.457782,44.83117],[-118.456807,44.829625],[-118.457302,44.8278],[-118.456861,44.82655],[-118.455847,44.825735],[-118.453505,44.824469],[-118.453111,44.823515],[-118.450018,44.82156]]},"properties":{"OBJECTID":36,"fhdFtrID":16628,"fhdRefID":85540,"fhdRevDt":"20030000","fhdONm":"Bradley Shepard","fhdOEnt":"MT Coop Fish Research","fhdSpNm":"Westslope cutthroat trout","fhdRun":"NA","fhdLifeHst":"Resident","fhdUseTy":"Unknown","fhdBasis":"DocObsFish","fhdStNm":"Granite Creek","fhdGenus":"Oncorhynchus","fhdSp":"clarkii","fhdSubSp":"lewisi","fhdOrig":"NativeLocal","fhdProd":"Mixed","fhdComment":null,"fhdESH":"NA","fhdBasisD":null,"fhdNMF":"yes","fhdBasisDt":null,"fhdBasisNm":null,"fhdBasisEnt":null,"fhdBasisPrj":null,"fhdBasisMethod":null,"Shape__Length":1956.3872399662544,"fhdAccess":null,"fhdBarrierFtrID":null,"fhdEndExtent":null,"habitatType":"stream"},"id":36},
{"type":"Feature","geometry":{"type":"LineString","coordinates":[[-118.515772,44.452081],[-118.516793,44.454619],[-118.518209,44.456086],[-118.519151,44.459864],[-118.520252,44.461897],[-118.521731,44.463259],[-118.523146,44.465185],[-118.523871,44.466575],[-118.527886,44.469056],[-118.529303,44.470864],[-118.529593,44.472463]]},"properties":{"OBJECTID":37,"fhdFtrID":16629,"fhdRefID":85540,"fhdRevDt":"20030000","fhdONm":"Bradley Shepard","fhdOEnt":"MT Coop Fish Research","fhdSpNm":"Westslope cutthroat trout","fhdRun":"NA","fhdLifeHst":"Resident","fhdUseTy":"Unknown","fhdBasis":"DocObsFish","fhdStNm":"Mossy Gulch","fhdGenus":"Oncorhynchus","fhdSp":"clarkii","fhdSubSp":"lewisi","fhdOrig":"NativeLocal","fhdProd":"Natural","fhdComment":null,"fhdESH":"NA","fhdBasisD":null,"fhdNMF":"yes","fhdBasisDt":null,"fhdBasisNm":null,"fhdBasisEnt":null,"fhdBasisPrj":null,"fhdBasisMethod":null,"Shape__Length":3653.574106162695,"fhdAccess":null,"fhdBarrierFtrID":null,"fhdEndExtent":null,"habitatType":"stream"},"id":37},
{"type":"Feature","geometry":{"type":"LineString","coordinates":[[-119.052716,44.416116],[-119.052759,44.41271],[-119.051894,44.412419],[-119.048004,44.412156],[-119.04718,44.411567],[-119.045853,44.409899],[-119.045551,44.408437],[-119.044064,44.405411],[-119.04311,44.402908],[-119.043391,44.401966],[-119.043278,44.400204],[-119.041556,44.397228],[-119.041864,44.396349],[-119.041196,44.394821],[-119.040047,44.394284],[-119.0408,44.39319],[-119.040604,44.39115],[-119.039988,44.389333],[-119.040513,44.387082],[-119.040626,44.384559],[-119.041377,44.383412],[-119.042739,44.383225],[-119.043197,44.382677],[-119.043663,44.380202],[-119.045351,44.377489],[-119.046391,44.376714],[-119.046344,44.374581],[-119.047125,44.37363],[-119.049879,44.371988],[-119.050837,44.369945],[-119.052107,44.369292],[-119.054458,44.369051],[-119.055267,44.367416],[-119.055859,44.367135],[-119.058648,44.36469],[-119.06001,44.363829],[-119.060356,44.361878],[-119.061036,44.361235],[-119.063034,44.360587],[-119.063512,44.358823],[-119.064886,44.358312],[-119.064981,44.357428],[-119.066426,44.353926],[-119.06597,44.352728],[-119.064906,44.351721],[-119.065333,44.349598],[-119.064535,44.349018],[-119.063555,44.347208],[-119.063369,44.345825],[-119.064066,44.344597],[-119.066825,44.342071],[-119.067368,44.341116],[-119.068827,44.340487],[-119.070135,44.338455],[-119.070965,44.336446],[-119.071122,44.335259],[-119.072064,44.334076],[-119.0712,44.332611],[-119.072927,44.329793],[-119.073477,44.329567],[-119.073712,44.327312],[-119.074969,44.326182],[-119.075911,44.324774],[-119.077161,44.324268]]},"properties":{"OBJECTID":38,"fhdFtrID":16630,"fhdRefID":85540,"fhdRevDt":"20030000","fhdONm":"Bradley Shepard","fhdOEnt":"MT Coop Fish Research","fhdSpNm":"Westslope cutthroat trout","fhdRun":"NA","fhdLifeHst":"Resident","fhdUseTy":"Unknown","fhdBasis":"DocObsFish","fhdStNm":"Laycock Creek","fhdGenus":"Oncorhynchus","fhdSp":"clarkii","fhdSubSp":"lewisi","fhdOrig":"NativeLocal","fhdProd":"Natural","fhdComment":null,"fhdESH":"NA","fhdBasisD":null,"fhdNMF":"yes","fhdBasisDt":null,"fhdBasisNm":null,"fhdBasisEnt":null,"fhdBasisPrj":null,"fhdBasisMethod":null,"Shape__Length":17765.39074025453,"fhdAccess":null,"fhdBarrierFtrID":null,"fhdEndExtent":null,"habitatType":"stream"},"id":38},
{"type":"Feature","geometry":{"type":"LineString","coordinates":[[-118.913034,44.245837],[-118.910915,44.246178],[-118.908953,44.247418],[-118.906756,44.247981],[-118.903616,44.24933],[-118.90236,44.249612],[-118.900225,44.250908],[-118.897715,44.251755],[-118.895518,44.252823],[-118.894028,44.252654],[-118.890733,44.253667],[-118.890811,44.254571],[-118.889947,44.255584],[-118.888456,44.256487],[-118.889866,44.258516],[-118.889316,44.259646],[-118.888059,44.260828],[-118.886334,44.260825],[-118.884451,44.260487],[-118.883195,44.261557],[-118.881938,44.263194],[-118.879977,44.263532],[-118.879034,44.264488],[-118.878562,44.26573],[-118.876443,44.266741],[-118.876052,44.26772],[-118.873845,44.269507],[-118.873253,44.270291],[-118.873379,44.272112],[-118.871863,44.272691],[-118.870902,44.273976],[-118.868428,44.275894],[-118.867464,44.277071],[-118.866964,44.278407],[-118.865759,44.279255],[-118.863783,44.27967],[-118.8622,44.280578],[-118.861764,44.281472],[-118.860859,44.281982],[-118.859896,44.283159],[-118.858308,44.283901],[-118.858181,44.284897],[-118.857206,44.285629],[-118.854236,44.286227],[-118.853258,44.286904],[-118.850201,44.287062],[-118.847823,44.286929],[-118.847163,44.287989],[-118.844057,44.28925],[-118.841691,44.289509],[-118.839771,44.289315],[-118.837,44.288747],[-118.835609,44.28827],[-118.833999,44.288178],[-118.832215,44.28732],[-118.830908,44.287121],[-118.829973,44.286523],[-118.828296,44.286771],[-118.827315,44.287336],[-118.824187,44.287715],[-118.822174,44.286914],[-118.82034,44.287047],[-118.817878,44.286586],[-118.81633,44.285945],[-118.814845,44.284802],[-118.813773,44.284819],[-118.811648,44.285515],[-118.809099,44.284664],[-118.805285,44.285215],[-118.801488,44.286378],[-118.799497,44.286351],[-118.798185,44.28598],[-118.795425,44.286294]]},"properties":{"OBJECTID":39,"fhdFtrID":16631,"fhdRefID":85540,"fhdRevDt":"20030000","fhdONm":"Bradley Shepard","fhdOEnt":"MT Coop Fish Research","fhdSpNm":"Westslope cutthroat trout","fhdRun":"NA","fhdLifeHst":"Resident","fhdUseTy":"Unknown","fhdBasis":"DocObsFish","fhdStNm":"East Fork Canyon Creek","fhdGenus":"Oncorhynchus","fhdSp":"clarkii","fhdSubSp":"lewisi","fhdOrig":"NativeLocal","fhdProd":"Natural","fhdComment":null,"fhdESH":"NA","fhdBasisD":null,"fhdNMF":"yes","fhdBasisDt":null,"fhdBasisNm":null,"fhdBasisEnt":null,"fhdBasisPrj":null,"fhdBasisMethod":null,"Shape__Length":17956.92893901905,"fhdAccess":null,"fhdBarrierFtrID":null,"fhdEndExtent":null,"habitatType":"stream"},"id":39},
{"type":"Feature","geometry":{"type":"LineString","coordinates":[[-119.094611,44.348371],[-119.095717,44.346703],[-119.09823,44.344559],[-119.100037,44.343545],[-119.098935,44.341008],[-119.09972,44.340386],[-119.10082,44.340555],[-119.101605,44.339991],[-119.101209,44.335425],[-119.101993,44.33379],[-119.102856,44.333],[-119.104662,44.332039],[-119.108354,44.331643],[-119.109924,44.330628],[-119.110784,44.326795],[-119.112431,44.324536],[-119.113136,44.322902],[-119.113214,44.321776],[-119.114075,44.319293],[-119.11635,44.316644],[-119.116268,44.31422],[-119.116816,44.312584],[-119.116736,44.310722],[-119.117676,44.30903]]},"properties":{"OBJECTID":40,"fhdFtrID":16632,"fhdRefID":85540,"fhdRevDt":"19990000","fhdONm":"Bradley Shepard","fhdOEnt":"MT Coop Fish Research","fhdSpNm":"Westslope cutthroat trout","fhdRun":"NA","fhdLifeHst":"Resident","fhdUseTy":"Unknown","fhdBasis":"DocObsFish","fhdStNm":"Ingle Creek","fhdGenus":"Oncorhynchus","fhdSp":"clarkii","fhdSubSp":"lewisi","fhdOrig":"NativeLocal","fhdProd":"Natural","fhdComment":null,"fhdESH":"NA","fhdBasisD":null,"fhdNMF":"yes","fhdBasisDt":null,"fhdBasisNm":null,"fhdBasisEnt":null,"fhdBasisPrj":null,"fhdBasisMethod":null,"Shape__Length":7451.814286960268,"fhdAccess":null,"fhdBarrierFtrID":null,"fhdEndExtent":null,"habitatType":"stream"},"id":40},
{"type":"Feature","geometry":{"type":"LineString","coordinates":[[-118.473754,44.372002],[-118.47475,44.37135],[-118.477678,44.37043],[-118.479197,44.370333],[-118.484776,44.369482],[-118.485729,44.369596],[-118.487881,44.368897],[-118.490025,44.368964],[-118.493612,44.370132],[-118.495365,44.370911],[-118.496346,44.370916],[-118.499432,44.370218],[-118.501542,44.370717],[-118.502799,44.371281],[-118.505471,44.371791],[-118.50745,44.372413],[-118.508458,44.372354],[-118.511209,44.372921],[-118.512189,44.373322],[-118.514471,44.373274],[-118.516554,44.37371],[-118.518506,44.375386],[-118.518595,44.377154],[-118.519615,44.379463],[-118.519953,44.380975],[-118.520557,44.381323],[-118.521966,44.383469],[-118.523699,44.385553],[-118.525664,44.386737],[-118.52692,44.388656],[-118.528965,44.390011],[-118.53148,44.391364],[-118.533525,44.391984],[-118.535254,44.393001],[-118.538793,44.393678],[-118.541152,44.393961],[-118.544455,44.395371],[-118.54959,44.39639],[-118.552556,44.39667],[-118.558133,44.398232],[-118.560721,44.396954],[-118.562859,44.396273],[-118.56396,44.395596],[-118.566241,44.395204],[-118.567696,44.39468],[-118.569712,44.394517],[-118.576409,44.394956]]},"properties":{"OBJECTID":41,"fhdFtrID":16633,"fhdRefID":85540,"fhdRevDt":"20030000","fhdONm":"Bradley Shepard","fhdOEnt":"MT Coop Fish Research","fhdSpNm":"Westslope cutthroat trout","fhdRun":"NA","fhdLifeHst":"Resident","fhdUseTy":"Unknown","fhdBasis":"DocObsFish","fhdStNm":"Deardorff Creek","fhdGenus":"Oncorhynchus","fhdSp":"clarkii","fhdSubSp":"lewisi","fhdOrig":"NativeLocal","fhdProd":"Natural","fhdComment":null,"fhdESH":"NA","fhdBasisD":null,"fhdNMF":"yes","fhdBasisDt":null,"fhdBasisNm":null,"fhdBasisEnt":null,"fhdBasisPrj":null,"fhdBasisMethod":null,"Shape__Length":13917.332971206919,"fhdAccess":null,"fhdBarrierFtrID":null,"fhdEndExtent":null,"habitatType":"stream"},"id":41},
{"type":"Feature","geometry":{"type":"LineString","coordinates":[[-118.473754,44.372002],[-118.472599,44.372543],[-118.471157,44.372647],[-118.469533,44.371975],[-118.466581,44.369105],[-118.46301,44.36717],[-118.460034,44.366218],[-118.458505,44.366048],[-118.454415,44.367505],[-118.45236,44.367603],[-118.450438,44.368195]]},"properties":{"OBJECTID":42,"fhdFtrID":16634,"fhdRefID":85540,"fhdRevDt":"20030000","fhdONm":"Bradley Shepard","fhdOEnt":"MT Coop Fish Research","fhdSpNm":"Westslope cutthroat trout","fhdRun":"NA","fhdLifeHst":"Resident","fhdUseTy":"Unknown","fhdBasis":"DocObsFish","fhdStNm":"Deardorff Creek","fhdGenus":"Oncorhynchus","fhdSp":"clarkii","fhdSubSp":"lewisi","fhdOrig":"NativeLocal","fhdProd":"Natural","fhdComment":null,"fhdESH":"NA","fhdBasisD":null,"fhdNMF":"yes","fhdBasisDt":null,"fhdBasisNm":null,"fhdBasisEnt":null,"fhdBasisPrj":null,"fhdBasisMethod":null,"Shape__Length":3100.147702478465,"fhdAccess":null,"fhdBarrierFtrID":null,"fhdEndExtent":null,"habitatType":"stream"},"id":42},
{"type":"Feature","geometry":{"type":"LineString","coordinates":[[-118.450438,44.368195],[-118.447892,44.369771],[-118.447339,44.370985],[-118.447077,44.373941],[-118.446426,44.375524],[-118.444461,44.376652],[-118.443517,44.377501],[-118.441008,44.378438],[-118.439505,44.378457],[-118.438577,44.37886],[-118.435497,44.381334],[-118.433688,44.383364],[-118.432981,44.38449],[-118.432764,44.387317]]},"properties":{"OBJECTID":43,"fhdFtrID":16635,"fhdRefID":85540,"fhdRevDt":"20030000","fhdONm":"Bradley Shepard","fhdOEnt":"MT Coop Fish Research","fhdSpNm":"Westslope cutthroat trout","fhdRun":"NA","fhdLifeHst":"Resident","fhdUseTy":"Unknown","fhdBasis":"DocObsFish","fhdStNm":"North Fork Deardorff Creek","fhdGenus":"Oncorhynchus","fhdSp":"clarkii","fhdSubSp":"lewisi","fhdOrig":"NativeLocal","fhdProd":"Natural","fhdComment":null,"fhdESH":"NA","fhdBasisD":null,"fhdNMF":"yes","fhdBasisDt":null,"fhdBasisNm":null,"fhdBasisEnt":null,"fhdBasisPrj":null,"fhdBasisMethod":null,"Shape__Length":3898.3536242245546,"fhdAccess":null,"fhdBarrierFtrID":null,"fhdEndExtent":null,"habitatType":"stream"},"id":43},
{"type":"Feature","geometry":{"type":"LineString","coordinates":[[-118.450438,44.368195],[-118.448449,44.367356],[-118.445874,44.365592],[-118.443575,44.365689],[-118.440413,44.367534],[-118.438016,44.369387],[-118.437316,44.370373],[-118.436082,44.371023],[-118.433841,44.371672],[-118.431936,44.37193],[-118.431009,44.372586],[-118.430386,44.37452],[-118.428657,44.377162],[-118.427784,44.377709]]},"properties":{"OBJECTID":44,"fhdFtrID":16636,"fhdRefID":85540,"fhdRevDt":"20030000","fhdONm":"Bradley Shepard","fhdOEnt":"MT Coop Fish Research","fhdSpNm":"Westslope cutthroat trout","fhdRun":"NA","fhdLifeHst":"Resident","fhdUseTy":"Unknown","fhdBasis":"DocObsFish","fhdStNm":"Deardorff Creek","fhdGenus":"Oncorhynchus","fhdSp":"clarkii","fhdSubSp":"lewisi","fhdOrig":"NativeLocal","fhdProd":"Natural","fhdComment":null,"fhdESH":"NA","fhdBasisD":null,"fhdNMF":"yes","fhdBasisDt":null,"fhdBasisNm":null,"fhdBasisEnt":null,"fhdBasisPrj":null,"fhdBasisMethod":null,"Shape__Length":3655.974212313216,"fhdAccess":null,"fhdBarrierFtrID":null,"fhdEndExtent":null,"habitatType":"stream"},"id":44},
{"type":"Feature","geometry":{"type":"LineString","coordinates":[[-118.473754,44.372002],[-118.473465,44.373018],[-118.472043,44.37364],[-118.470198,44.374853]]},"properties":{"OBJECTID":45,"fhdFtrID":16637,"fhdRefID":85540,"fhdRevDt":"20030000","fhdONm":"Bradley Shepard","fhdOEnt":"MT Coop Fish Research","fhdSpNm":"Westslope cutthroat trout","fhdRun":"NA","fhdLifeHst":"Resident","fhdUseTy":"Unknown","fhdBasis":"DocObsFish","fhdStNm":"Escondida Gulch","fhdGenus":"Oncorhynchus","fhdSp":"clarkii","fhdSubSp":"lewisi","fhdOrig":"NativeLocal","fhdProd":"Natural","fhdComment":null,"fhdESH":"NA","fhdBasisD":null,"fhdNMF":"yes","fhdBasisDt":null,"fhdBasisNm":null,"fhdBasisEnt":null,"fhdBasisPrj":null,"fhdBasisMethod":null,"Shape__Length":635.094506932711,"fhdAccess":null,"fhdBarrierFtrID":null,"fhdEndExtent":null,"habitatType":"stream"},"id":45},
{"type":"Feature","geometry":{"type":"LineString","coordinates":[[-119.309739,44.372921],[-119.311468,44.372976],[-119.312255,44.372469],[-119.315478,44.372584],[-119.316657,44.373204],[-119.318151,44.372809],[-119.319645,44.373485],[-119.321295,44.373654],[-119.323442,44.372844]]},"properties":{"OBJECTID":46,"fhdFtrID":16638,"fhdRefID":85540,"fhdRevDt":"19990000","fhdONm":"Bradley Shepard","fhdOEnt":"MT Coop Fish Research","fhdSpNm":"Westslope cutthroat trout","fhdRun":"NA","fhdLifeHst":"Resident","fhdUseTy":"Unknown","fhdBasis":"DocObsFish","fhdStNm":"Wickiup Creek","fhdGenus":"Oncorhynchus","fhdSp":"clarkii","fhdSubSp":"lewisi","fhdOrig":"NativeLocal","fhdProd":"Natural","fhdComment":null,"fhdESH":"NA","fhdBasisD":null,"fhdNMF":"yes","fhdBasisDt":null,"fhdBasisNm":null,"fhdBasisEnt":null,"fhdBasisPrj":null,"fhdBasisMethod":null,"Shape__Length":1696.6068321115479,"fhdAccess":null,"fhdBarrierFtrID":null,"fhdEndExtent":null,"habitatType":"stream"},"id":46},
{"type":"Feature","geometry":{"type":"LineString","coordinates":[[-118.491506,44.302752],[-118.492411,44.303812],[-118.493945,44.304788],[-118.494511,44.307774],[-118.492851,44.310914],[-118.492262,44.312825],[-118.493013,44.314648],[-118.49393,44.315598],[-118.493916,44.31679],[-118.494498,44.317882],[-118.496508,44.320255],[-118.497176,44.322043],[-118.498038,44.322886],[-118.49813,44.323622],[-118.499103,44.325373],[-118.499669,44.327061],[-118.500115,44.329647],[-118.500565,44.330417],[-118.500353,44.331726],[-118.500756,44.332897],[-118.500341,44.334241],[-118.500483,44.335613],[-118.500074,44.337421],[-118.500951,44.338741],[-118.501701,44.340607],[-118.504718,44.342056],[-118.506688,44.34322],[-118.50865,44.343321],[-118.509593,44.343842],[-118.514411,44.344723],[-118.519021,44.34477],[-118.5221,44.34402],[-118.523543,44.343358],[-118.524564,44.343915],[-118.528072,44.342064],[-118.529514,44.342118],[-118.531495,44.341333],[-118.532108,44.340674],[-118.534929,44.339865],[-118.538144,44.339449],[-118.539795,44.339547],[-118.542439,44.340239],[-118.543437,44.340234],[-118.544578,44.340985],[-118.549456,44.341846],[-118.551968,44.342735],[-118.553267,44.342788],[-118.55678,44.344106],[-118.559634,44.344508],[-118.560546,44.345121],[-118.561763,44.345185],[-118.5633,44.345947],[-118.569626,44.347137],[-118.573057,44.348288],[-118.574186,44.348915]]},"properties":{"OBJECTID":47,"fhdFtrID":16639,"fhdRefID":85540,"fhdRevDt":"20030000","fhdONm":"Bradley Shepard","fhdOEnt":"MT Coop Fish Research","fhdSpNm":"Westslope cutthroat trout","fhdRun":"NA","fhdLifeHst":"Resident","fhdUseTy":"Unknown","fhdBasis":"DocObsFish","fhdStNm":"Rail Creek","fhdGenus":"Oncorhynchus","fhdSp":"clarkii","fhdSubSp":"lewisi","fhdOrig":"NativeLocal","fhdProd":"Natural","fhdComment":null,"fhdESH":"NA","fhdBasisD":null,"fhdNMF":"yes","fhdBasisDt":null,"fhdBasisNm":null,"fhdBasisEnt":null,"fhdBasisPrj":null,"fhdBasisMethod":null,"Shape__Length":16774.681441868284,"fhdAccess":null,"fhdBarrierFtrID":null,"fhdEndExtent":null,"habitatType":"stream"},"id":47},
{"type":"Feature","geometry":{"type":"LineString","coordinates":[[-118.511629,44.28935],[-118.513186,44.290977],[-118.514247,44.293346],[-118.515854,44.294287],[-118.516951,44.295596],[-118.517761,44.295798],[-118.518397,44.297975],[-118.518593,44.299498],[-118.519694,44.300683],[-118.51953,44.301372],[-118.521302,44.302904],[-118.522237,44.304787],[-118.522393,44.305712],[-118.526328,44.309762],[-118.526854,44.310931],[-118.528565,44.312758],[-118.530493,44.313543],[-118.531918,44.315607],[-118.533375,44.316634],[-118.534452,44.316826],[-118.537323,44.318182],[-118.538962,44.318466],[-118.541704,44.319403],[-118.54519,44.320151],[-118.545246,44.320442],[-118.547719,44.321323],[-118.550609,44.321582],[-118.553356,44.320782],[-118.557611,44.320198]]},"properties":{"OBJECTID":48,"fhdFtrID":16640,"fhdRefID":85540,"fhdRevDt":"20030000","fhdONm":"Bradley Shepard","fhdOEnt":"MT Coop Fish Research","fhdSpNm":"Westslope cutthroat trout","fhdRun":"NA","fhdLifeHst":"Resident","fhdUseTy":"Unknown","fhdBasis":"DocObsFish","fhdStNm":"Call Creek","fhdGenus":"Oncorhynchus","fhdSp":"clarkii","fhdSubSp":"lewisi","fhdOrig":"NativeLocal","fhdProd":"Natural","fhdComment":null,"fhdESH":"NA","fhdBasisD":null,"fhdNMF":"yes","fhdBasisDt":null,"fhdBasisNm":null,"fhdBasisEnt":null,"fhdBasisPrj":null,"fhdBasisMethod":null,"Shape__Length":8665.376859506427,"fhdAccess":null,"fhdBarrierFtrID":null,"fhdEndExtent":null,"habitatType":"stream"},"id":48},
{"type":"Feature","geometry":{"type":"LineString","coordinates":[[-118.52067,44.25978],[-118.521165,44.25944],[-118.523612,44.259567],[-118.526281,44.260263],[-118.526742,44.260903],[-118.528508,44.262177],[-118.530079,44.26221]]},"properties":{"OBJECTID":49,"fhdFtrID":16641,"fhdRefID":85540,"fhdRevDt":"19990000","fhdONm":"Bradley Shepard","fhdOEnt":"MT Coop Fish Research","fhdSpNm":"Westslope cutthroat trout","fhdRun":"NA","fhdLifeHst":"Resident","fhdUseTy":"Unknown","fhdBasis":"DocObsFish","fhdStNm":"Snow Creek","fhdGenus":"Oncorhynchus","fhdSp":"clarkii","fhdSubSp":"lewisi","fhdOrig":"NativeLocal","fhdProd":"Natural","fhdComment":null,"fhdESH":"NA","fhdBasisD":null,"fhdNMF":"yes","fhdBasisDt":null,"fhdBasisNm":null,"fhdBasisEnt":null,"fhdBasisPrj":null,"fhdBasisMethod":null,"Shape__Length":1343.0622568926829,"fhdAccess":null,"fhdBarrierFtrID":null,"fhdEndExtent":null,"habitatType":"stream"},"id":49},
{"type":"Feature","geometry":{"type":"LineString","coordinates":[[-118.547124,44.253694],[-118.544867,44.254751],[-118.544004,44.254713],[-118.540911,44.256052],[-118.534984,44.259846],[-118.534307,44.260674],[-118.53272,44.261591],[-118.53139,44.262806],[-118.530917,44.264867]]},"properties":{"OBJECTID":50,"fhdFtrID":16642,"fhdRefID":85540,"fhdRevDt":"19990000","fhdONm":"Bradley Shepard","fhdOEnt":"MT Coop Fish Research","fhdSpNm":"Westslope cutthroat trout","fhdRun":"NA","fhdLifeHst":"Resident","fhdUseTy":"Unknown","fhdBasis":"DocObsFish","fhdStNm":null,"fhdGenus":"Oncorhynchus","fhdSp":"clarkii","fhdSubSp":"lewisi","fhdOrig":"NativeLocal","fhdProd":"Natural","fhdComment":null,"fhdESH":"NA","fhdBasisD":null,"fhdNMF":"yes","fhdBasisDt":null,"fhdBasisNm":null,"fhdBasisEnt":null,"fhdBasisPrj":null,"fhdBasisMethod":null,"Shape__Length":2917.656902698331,"fhdAccess":null,"fhdBarrierFtrID":null,"fhdEndExtent":null,"habitatType":"stream"},"id":50},
{"type":"Feature","geometry":{"type":"LineString","coordinates":[[-118.764274,44.403558],[-118.763488,44.403231],[-118.758642,44.402837],[-118.757346,44.401066],[-118.757016,44.400107],[-118.755686,44.398903],[-118.754886,44.396935],[-118.754951,44.396151],[-118.753338,44.394267],[-118.752077,44.392423],[-118.7515,44.390775],[-118.74898,44.387915],[-118.74727,44.384907],[-118.745099,44.38368],[-118.743649,44.381739],[-118.743575,44.380939],[-118.742273,44.379402],[-118.742015,44.37747],[-118.74219,44.376162],[-118.741671,44.374729],[-118.740467,44.373901],[-118.73816,44.371479],[-118.738109,44.370606],[-118.739103,44.368989],[-118.739911,44.367005],[-118.741068,44.366267],[-118.741867,44.363851],[-118.742566,44.362598],[-118.742415,44.361758],[-118.743439,44.360028],[-118.743444,44.358898],[-118.744275,44.358021],[-118.743896,44.357185],[-118.745777,44.35622],[-118.746172,44.35476],[-118.746999,44.353162],[-118.746483,44.352108],[-118.747032,44.350925],[-118.747108,44.349236],[-118.750091,44.346638],[-118.750639,44.345342],[-118.751514,44.344279],[-118.752572,44.343723],[-118.752997,44.340818],[-118.751735,44.336331],[-118.751686,44.33219],[-118.751926,44.331061],[-118.751337,44.327969],[-118.751649,44.327163],[-118.751068,44.324817],[-118.749589,44.322562],[-118.747938,44.321044],[-118.747387,44.319576],[-118.746206,44.317604],[-118.745366,44.31434],[-118.746121,44.311965],[-118.745312,44.309173],[-118.744546,44.30819],[-118.744049,44.306176],[-118.743208,44.30492],[-118.743481,44.304173],[-118.741791,44.301592],[-118.741053,44.299695],[-118.740297,44.298999],[-118.737312,44.297028],[-118.736722,44.294961]]},"properties":{"OBJECTID":51,"fhdFtrID":16643,"fhdRefID":85540,"fhdRevDt":"20030000","fhdONm":"Bradley Shepard","fhdOEnt":"MT Coop Fish Research","fhdSpNm":"Westslope cutthroat trout","fhdRun":"NA","fhdLifeHst":"Resident","fhdUseTy":"Unknown","fhdBasis":"DocObsFish","fhdStNm":"Indian Creek","fhdGenus":"Oncorhynchus","fhdSp":"clarkii","fhdSubSp":"lewisi","fhdOrig":"NativeLocal","fhdProd":"Natural","fhdComment":null,"fhdESH":"NA","fhdBasisD":null,"fhdNMF":"yes","fhdBasisDt":null,"fhdBasisNm":null,"fhdBasisEnt":null,"fhdBasisPrj":null,"fhdBasisMethod":null,"Shape__Length":19437.37478814237,"fhdAccess":null,"fhdBarrierFtrID":null,"fhdEndExtent":null,"habitatType":"stream"},"id":51},
{"type":"Feature","geometry":{"type":"LineString","coordinates":[[-118.73816,44.371479],[-118.733749,44.370844],[-118.731012,44.369976],[-118.729772,44.369229],[-118.728724,44.368165],[-118.728042,44.366726],[-118.726298,44.364803],[-118.722681,44.362269],[-118.721422,44.361086],[-118.720966,44.359662],[-118.719927,44.35866],[-118.719141,44.35725],[-118.718431,44.354487],[-118.718665,44.350995],[-118.719534,44.35019],[-118.720229,44.34655]]},"properties":{"OBJECTID":52,"fhdFtrID":16644,"fhdRefID":85540,"fhdRevDt":"19990000","fhdONm":"Bradley Shepard","fhdOEnt":"MT Coop Fish Research","fhdSpNm":"Westslope cutthroat trout","fhdRun":"NA","fhdLifeHst":"Resident","fhdUseTy":"Unknown","fhdBasis":"DocObsFish","fhdStNm":"Overholt Creek","fhdGenus":"Oncorhynchus","fhdSp":"clarkii","fhdSubSp":"lewisi","fhdOrig":"NativeLocal","fhdProd":"Natural","fhdComment":null,"fhdESH":"NA","fhdBasisD":null,"fhdNMF":"yes","fhdBasisDt":null,"fhdBasisNm":null,"fhdBasisEnt":null,"fhdBasisPrj":null,"fhdBasisMethod":null,"Shape__Length":5005.567644800222,"fhdAccess":null,"fhdBarrierFtrID":null,"fhdEndExtent":null,"habitatType":"stream"},"id":52},
{"type":"Feature","geometry":{"type":"LineString","coordinates":[[-119.307145,44.363619],[-119.307538,44.362266],[-119.310289,44.362039],[-119.311075,44.361586],[-119.311468,44.360462],[-119.313276,44.359444],[-119.313905,44.358657],[-119.314926,44.358317],[-119.317598,44.356345],[-119.320113,44.355947],[-119.322078,44.354989],[-119.324514,44.354935]]},"properties":{"OBJECTID":53,"fhdFtrID":16645,"fhdRefID":85540,"fhdRevDt":"19990000","fhdONm":"Bradley Shepard","fhdOEnt":"MT Coop Fish Research","fhdSpNm":"Westslope cutthroat trout","fhdRun":"NA","fhdLifeHst":"Resident","fhdUseTy":"Unknown","fhdBasis":"DocObsFish","fhdStNm":"Buck Cabin Creek","fhdGenus":"Oncorhynchus","fhdSp":"clarkii","fhdSubSp":"lewisi","fhdOrig":"NativeLocal","fhdProd":"Natural","fhdComment":null,"fhdESH":"NA","fhdBasisD":null,"fhdNMF":"yes","fhdBasisDt":null,"fhdBasisNm":null,"fhdBasisEnt":null,"fhdBasisPrj":null,"fhdBasisMethod":null,"Shape__Length":2659.759582198142,"fhdAccess":null,"fhdBarrierFtrID":null,"fhdEndExtent":null,"habitatType":"stream"},"id":53},
{"type":"Feature","geometry":{"type":"LineString","coordinates":[[-119.324514,44.354935],[-119.325457,44.355555],[-119.326557,44.355271],[-119.327814,44.353864],[-119.331507,44.353973],[-119.334336,44.353298],[-119.337323,44.353408],[-119.3396,44.351719],[-119.344,44.350535]]},"properties":{"OBJECTID":54,"fhdFtrID":16646,"fhdRefID":85540,"fhdRevDt":"19990000","fhdONm":"Bradley Shepard","fhdOEnt":"MT Coop Fish Research","fhdSpNm":"Westslope cutthroat trout","fhdRun":"NA","fhdLifeHst":"Resident","fhdUseTy":"Unknown","fhdBasis":"DocObsFish","fhdStNm":null,"fhdGenus":"Oncorhynchus","fhdSp":"clarkii","fhdSubSp":"lewisi","fhdOrig":"NativeLocal","fhdProd":"Natural","fhdComment":null,"fhdESH":"NA","fhdBasisD":null,"fhdNMF":"yes","fhdBasisDt":null,"fhdBasisNm":null,"fhdBasisEnt":null,"fhdBasisPrj":null,"fhdBasisMethod":null,"Shape__Length":2559.7156804312067,"fhdAccess":null,"fhdBarrierFtrID":null,"fhdEndExtent":null,"habitatType":"stream"},"id":54},
{"type":"Feature","geometry":{"type":"LineString","coordinates":[[-118.582844,44.305841],[-118.582118,44.306593],[-118.581829,44.308447],[-118.582092,44.308783],[-118.581644,44.310885],[-118.581873,44.31196],[-118.580828,44.313843],[-118.581563,44.316556],[-118.581096,44.317292],[-118.581459,44.318566],[-118.581325,44.32048],[-118.580424,44.322071],[-118.579902,44.323785],[-118.579207,44.324763],[-118.578212,44.32531],[-118.577249,44.326668],[-118.577085,44.327622],[-118.575813,44.329742],[-118.57588,44.330835],[-118.576624,44.332021],[-118.576983,44.334175],[-118.578367,44.335423],[-118.578306,44.335984],[-118.579227,44.337624],[-118.579187,44.339664],[-118.581617,44.340986],[-118.582829,44.342203],[-118.583138,44.343207],[-118.582543,44.344645],[-118.581528,44.345409],[-118.578621,44.346142],[-118.577999,44.346618],[-118.575171,44.347525],[-118.57434,44.347412]]},"properties":{"OBJECTID":55,"fhdFtrID":16647,"fhdRefID":85540,"fhdRevDt":"20030000","fhdONm":"Bradley Shepard","fhdOEnt":"MT Coop Fish Research","fhdSpNm":"Westslope cutthroat trout","fhdRun":"NA","fhdLifeHst":"Resident","fhdUseTy":"Unknown","fhdBasis":"DocObsFish","fhdStNm":"Roberts Creek","fhdGenus":"Oncorhynchus","fhdSp":"clarkii","fhdSubSp":"lewisi","fhdOrig":"NativeLocal","fhdProd":"Natural","fhdComment":null,"fhdESH":"NA","fhdBasisD":null,"fhdNMF":"yes","fhdBasisDt":null,"fhdBasisNm":null,"fhdBasisEnt":null,"fhdBasisPrj":null,"fhdBasisMethod":null,"Shape__Length":8436.630433862647,"fhdAccess":null,"fhdBarrierFtrID":null,"fhdEndExtent":null,"habitatType":"stream"},"id":55},
{"type":"Feature","geometry":{"type":"LineString","coordinates":[[-118.671278,44.381555],[-118.671525,44.381171],[-118.669188,44.379323],[-118.668933,44.378751],[-118.664751,44.3749],[-118.661489,44.37163],[-118.660151,44.370911],[-118.659145,44.369963],[-118.658406,44.368677],[-118.656266,44.367105],[-118.652543,44.363711],[-118.65298,44.362539],[-118.651666,44.360402],[-118.651218,44.358288],[-118.649603,44.356443],[-118.648694,44.35489],[-118.648684,44.35408],[-118.649437,44.349072],[-118.650704,44.348226],[-118.653761,44.34558],[-118.656435,44.342255]]},"properties":{"OBJECTID":56,"fhdFtrID":16648,"fhdRefID":85540,"fhdRevDt":"20030000","fhdONm":"Bradley Shepard","fhdOEnt":"MT Coop Fish Research","fhdSpNm":"Westslope cutthroat trout","fhdRun":"NA","fhdLifeHst":"Resident","fhdUseTy":"Unknown","fhdBasis":"DocObsFish","fhdStNm":"Strawberry Creek","fhdGenus":"Oncorhynchus","fhdSp":"clarkii","fhdSubSp":"lewisi","fhdOrig":"NativeLocal","fhdProd":"Natural","fhdComment":null,"fhdESH":"NA","fhdBasisD":null,"fhdNMF":"yes","fhdBasisDt":null,"fhdBasisNm":null,"fhdBasisEnt":null,"fhdBasisPrj":null,"fhdBasisMethod":null,"Shape__Length":7389.768468189378,"fhdAccess":null,"fhdBarrierFtrID":null,"fhdEndExtent":null,"habitatType":"stream"},"id":56},
{"type":"Feature","geometry":{"type":"LineString","coordinates":[[-118.677879,44.390306],[-118.676952,44.387888],[-118.6754,44.385867],[-118.67442,44.385765],[-118.673022,44.38303],[-118.672254,44.382025]]},"properties":{"OBJECTID":57,"fhdFtrID":16649,"fhdRefID":85540,"fhdRevDt":"19990000","fhdONm":"Bradley Shepard","fhdOEnt":"MT Coop Fish Research","fhdSpNm":"Westslope cutthroat trout","fhdRun":"NA","fhdLifeHst":"Resident","fhdUseTy":"Unknown","fhdBasis":"DocObsFish","fhdStNm":"Slyfe Creek","fhdGenus":"Oncorhynchus","fhdSp":"clarkii","fhdSubSp":"lewisi","fhdOrig":"NativeLocal","fhdProd":"Natural","fhdComment":null,"fhdESH":"NA","fhdBasisD":null,"fhdNMF":"yes","fhdBasisDt":null,"fhdBasisNm":null,"fhdBasisEnt":null,"fhdBasisPrj":null,"fhdBasisMethod":null,"Shape__Length":1535.5724423865822,"fhdAccess":null,"fhdBarrierFtrID":null,"fhdEndExtent":null,"habitatType":"stream"},"id":57},
{"type":"Feature","geometry":{"type":"LineString","coordinates":[[-118.656435,44.342255],[-118.658575,44.340833],[-118.660994,44.338367],[-118.662677,44.337024],[-118.663744,44.335658],[-118.664026,44.332944],[-118.665239,44.330923],[-118.666811,44.329347],[-118.667833,44.326753],[-118.671952,44.322875],[-118.674511,44.319817],[-118.675328,44.319265],[-118.676474,44.317677],[-118.67671,44.316715],[-118.678281,44.314914],[-118.678282,44.312996],[-118.678988,44.312094],[-118.682141,44.309527],[-118.683228,44.308156],[-118.685001,44.307446],[-118.687425,44.305678]]},"properties":{"OBJECTID":58,"fhdFtrID":16650,"fhdRefID":85540,"fhdRevDt":"20030000","fhdONm":"Bradley Shepard","fhdOEnt":"MT Coop Fish Research","fhdSpNm":"Westslope cutthroat trout","fhdRun":"NA","fhdLifeHst":"Resident","fhdUseTy":"Unknown","fhdBasis":"DocObsFish","fhdStNm":"Strawberry Creek","fhdGenus":"Oncorhynchus","fhdSp":"clarkii","fhdSubSp":"lewisi","fhdOrig":"NativeLocal","fhdProd":"Natural","fhdComment":null,"fhdESH":"NA","fhdBasisD":null,"fhdNMF":"yes","fhdBasisDt":null,"fhdBasisNm":null,"fhdBasisEnt":null,"fhdBasisPrj":null,"fhdBasisMethod":null,"Shape__Length":6893.093672068918,"fhdAccess":null,"fhdBarrierFtrID":null,"fhdEndExtent":null,"habitatType":"stream"},"id":58},
{"type":"Feature","geometry":{"type":"LineString","coordinates":[[-118.656435,44.342255],[-118.656278,44.34097],[-118.65565,44.33966],[-118.655779,44.33824],[-118.656632,44.336099],[-118.65809,44.333516],[-118.65919,44.332105],[-118.661234,44.330022],[-118.663041,44.327768],[-118.663356,44.326638],[-118.662097,44.323964],[-118.662396,44.322393]]},"properties":{"OBJECTID":59,"fhdFtrID":16651,"fhdRefID":85540,"fhdRevDt":"20030000","fhdONm":"Bradley Shepard","fhdOEnt":"MT Coop Fish Research","fhdSpNm":"Westslope cutthroat trout","fhdRun":"NA","fhdLifeHst":"Resident","fhdUseTy":"Unknown","fhdBasis":"DocObsFish","fhdStNm":"Slide Creek","fhdGenus":"Oncorhynchus","fhdSp":"clarkii","fhdSubSp":"lewisi","fhdOrig":"NativeLocal","fhdProd":"Natural","fhdComment":null,"fhdESH":"NA","fhdBasisD":null,"fhdNMF":"yes","fhdBasisDt":null,"fhdBasisNm":null,"fhdBasisEnt":null,"fhdBasisPrj":null,"fhdBasisMethod":null,"Shape__Length":3359.860962596096,"fhdAccess":null,"fhdBarrierFtrID":null,"fhdEndExtent":null,"habitatType":"stream"},"id":59},
{"type":"Feature","geometry":{"type":"LineString","coordinates":[[-118.678337,44.39065],[-118.6794,44.388329],[-118.679421,44.387294],[-118.678252,44.384619],[-118.677301,44.383832],[-118.677337,44.380707],[-118.679356,44.376266],[-118.679326,44.371999],[-118.678668,44.368929],[-118.677949,44.367642],[-118.678011,44.366559],[-118.679148,44.362819],[-118.680293,44.36081],[-118.681555,44.360101],[-118.684168,44.359058],[-118.685822,44.357359],[-118.686447,44.354154],[-118.688097,44.351505],[-118.690926,44.348853],[-118.693283,44.347278],[-118.695391,44.346572],[-118.697002,44.345103],[-118.697604,44.343388],[-118.697889,44.341007],[-118.699413,44.337117],[-118.699566,44.336057],[-118.700351,44.335154],[-118.703179,44.332897],[-118.704351,44.331303]]},"properties":{"OBJECTID":60,"fhdFtrID":16652,"fhdRefID":85540,"fhdRevDt":"19990000","fhdONm":"Bradley Shepard","fhdOEnt":"MT Coop Fish Research","fhdSpNm":"Westslope cutthroat trout","fhdRun":"NA","fhdLifeHst":"Resident","fhdUseTy":"Unknown","fhdBasis":"DocObsFish","fhdStNm":"Squaw Creek","fhdGenus":"Oncorhynchus","fhdSp":"clarkii","fhdSubSp":"lewisi","fhdOrig":"NativeLocal","fhdProd":"Natural","fhdComment":null,"fhdESH":"NA","fhdBasisD":null,"fhdNMF":"yes","fhdBasisDt":null,"fhdBasisNm":null,"fhdBasisEnt":null,"fhdBasisPrj":null,"fhdBasisMethod":null,"Shape__Length":10500.301859809211,"fhdAccess":null,"fhdBarrierFtrID":null,"fhdEndExtent":null,"habitatType":"stream"},"id":60},
{"type":"Feature","geometry":{"type":"LineString","coordinates":[[-118.948874,44.350783],[-118.947625,44.348975],[-118.946336,44.347953],[-118.945977,44.346582],[-118.94691,44.343307],[-118.948579,44.341423],[-118.950735,44.337596],[-118.951227,44.335418],[-118.950836,44.334579],[-118.949449,44.333225],[-118.949135,44.332456],[-118.949924,44.331668],[-118.949986,44.329002],[-118.949172,44.328287],[-118.948639,44.326595],[-118.948617,44.320986],[-118.950599,44.319189],[-118.950992,44.318462],[-118.951679,44.314437],[-118.951674,44.313514],[-118.952545,44.313071],[-118.952711,44.311183],[-118.951298,44.309493],[-118.949273,44.307648],[-118.94904,44.306795],[-118.949599,44.305394],[-118.948996,44.304341],[-118.949278,44.303048],[-118.948988,44.301925],[-118.950158,44.301449],[-118.953232,44.299293],[-118.954107,44.298068],[-118.954702,44.295471],[-118.955382,44.294362],[-118.954195,44.293481],[-118.956019,44.292396],[-118.956572,44.290942],[-118.957234,44.290351],[-118.960627,44.285025],[-118.960665,44.283847],[-118.95964,44.283519],[-118.959315,44.28257],[-118.958344,44.281951],[-118.958287,44.28079],[-118.95743,44.280226],[-118.957848,44.278218],[-118.956352,44.277683],[-118.956125,44.276895],[-118.955159,44.276624],[-118.95412,44.275223],[-118.953088,44.274874],[-118.951846,44.275163],[-118.951182,44.274131],[-118.951721,44.273632],[-118.950717,44.272479],[-118.950034,44.269973],[-118.950141,44.269466],[-118.947021,44.26806],[-118.94585,44.268881],[-118.942967,44.267482],[-118.941789,44.268067],[-118.941164,44.266929],[-118.941622,44.264662],[-118.93866,44.262335],[-118.935483,44.261336],[-118.931515,44.260952],[-118.928143,44.258412],[-118.92477,44.256776],[-118.92336,44.254243],[-118.921164,44.252777],[-118.918184,44.251139],[-118.917662,44.249504],[-118.916721,44.249448],[-118.915936,44.248489],[-118.915152,44.248376],[-118.913975,44.246514],[-118.913034,44.245837],[-118.911544,44.244484],[-118.90974,44.243979],[-118.906681,44.241437],[-118.903386,44.241325],[-118.900483,44.240649],[-118.898522,44.240533],[-118.897816,44.239802],[-118.895542,44.238728],[-118.892875,44.237993],[-118.891934,44.23732],[-118.890444,44.237543],[-118.886992,44.237429],[-118.884639,44.236806],[-118.883383,44.236975],[-118.882207,44.236243],[-118.881032,44.235056],[-118.878053,44.233421],[-118.875736,44.232744],[-118.874751,44.232917],[-118.874244,44.232124],[-118.872204,44.231393],[-118.87189,44.230831],[-118.870163,44.229702],[-118.869063,44.22818],[-118.867493,44.227675],[-118.864825,44.226152],[-118.863335,44.226154],[-118.862393,44.225363],[-118.862392,44.224688],[-118.861058,44.223787],[-118.859018,44.22328],[-118.858782,44.222321],[-118.857448,44.221478],[-118.85635,44.221419],[-118.854859,44.220521],[-118.853603,44.218997],[-118.853053,44.21725],[-118.851012,44.215613],[-118.850698,44.214263],[-118.849207,44.213756],[-118.847246,44.21246],[-118.846378,44.21229],[-118.844187,44.210596],[-118.839952,44.209697],[-118.837207,44.208908],[-118.836188,44.208402],[-118.833836,44.208796],[-118.830621,44.208348],[-118.829602,44.208684],[-118.826623,44.208853],[-118.825525,44.209532],[-118.824349,44.2097],[-118.821988,44.210539],[-118.818939,44.211956],[-118.817215,44.212352],[-118.815019,44.213873],[-118.815176,44.215],[-118.812588,44.218102],[-118.811961,44.220413],[-118.810157,44.222161],[-118.808196,44.225037],[-118.80749,44.225318],[-118.805608,44.226843],[-118.804103,44.22846],[-118.802941,44.228816],[-118.800744,44.229999],[-118.798783,44.230619],[-118.796273,44.231014],[-118.795488,44.231914],[-118.793527,44.233155],[-118.789918,44.234],[-118.787956,44.235241],[-118.786308,44.235803],[-118.784033,44.235802],[-118.783013,44.236705],[-118.780738,44.237155],[-118.778698,44.236872],[-118.777991,44.237153],[-118.773432,44.237354],[-118.770146,44.237828],[-118.768184,44.23794],[-118.765361,44.237263],[-118.763871,44.236584],[-118.76293,44.236531],[-118.761361,44.235569],[-118.760028,44.235455],[-118.757989,44.234779],[-118.755792,44.235115],[-118.75391,44.234662],[-118.751712,44.235394],[-118.74995,44.235511],[-118.748696,44.236129],[-118.747129,44.237373],[-118.74556,44.237599],[-118.745483,44.239063],[-118.743446,44.241377],[-118.742977,44.242617],[-118.741017,44.244646],[-118.737724,44.246623],[-118.73545,44.247693],[-118.73443,44.247695],[-118.733254,44.248541],[-118.733097,44.249498],[-118.732037,44.250311],[-118.731231,44.252529],[-118.731483,44.253965],[-118.731186,44.254577],[-118.731227,44.257224],[-118.730778,44.258239],[-118.731464,44.26259],[-118.731031,44.2642],[-118.732501,44.265289],[-118.733056,44.266555],[-118.732461,44.267613],[-118.732329,44.268997],[-118.731622,44.269938]]},"properties":{"OBJECTID":61,"fhdFtrID":16653,"fhdRefID":85540,"fhdRevDt":"19990000","fhdONm":"Bradley Shepard","fhdOEnt":"MT Coop Fish Research","fhdSpNm":"Westslope cutthroat trout","fhdRun":"NA","fhdLifeHst":"Resident","fhdUseTy":"Unknown","fhdBasis":"DocObsFish","fhdStNm":"Canyon Creek","fhdGenus":"Oncorhynchus","fhdSp":"clarkii","fhdSubSp":"lewisi","fhdOrig":"NativeLocal","fhdProd":"Natural","fhdComment":null,"fhdESH":"NA","fhdBasisD":null,"fhdNMF":"yes","fhdBasisDt":null,"fhdBasisNm":null,"fhdBasisEnt":null,"fhdBasisPrj":null,"fhdBasisMethod":null,"Shape__Length":51852.04717667202,"fhdAccess":null,"fhdBarrierFtrID":null,"fhdEndExtent":null,"habitatType":"stream"},"id":61},
{"type":"Feature","geometry":{"type":"LineString","coordinates":[[-118.846378,44.21229],[-118.844188,44.212685],[-118.84271,44.212646],[-118.841523,44.213138],[-118.839171,44.213365],[-118.836897,44.214378],[-118.835799,44.21449],[-118.834858,44.215226],[-118.833134,44.215956],[-118.831958,44.217537],[-118.830468,44.218835],[-118.828979,44.219678],[-118.828352,44.220471],[-118.826313,44.222048],[-118.824353,44.223231],[-118.823334,44.225147],[-118.822393,44.225824],[-118.821844,44.226841],[-118.82106,44.227236],[-118.820197,44.2287],[-118.82004,44.229661],[-118.819334,44.23028],[-118.818629,44.232029],[-118.816668,44.233042],[-118.81149,44.233326],[-118.809922,44.233774],[-118.808823,44.235129],[-118.804587,44.238005],[-118.801605,44.239303],[-118.798254,44.24185],[-118.797838,44.24291],[-118.796112,44.244715],[-118.796347,44.246013],[-118.796111,44.247196],[-118.794463,44.248041]]},"properties":{"OBJECTID":62,"fhdFtrID":16654,"fhdRefID":85540,"fhdRevDt":"20030000","fhdONm":"Bradley Shepard","fhdOEnt":"MT Coop Fish Research","fhdSpNm":"Westslope cutthroat trout","fhdRun":"NA","fhdLifeHst":"Resident","fhdUseTy":"Unknown","fhdBasis":"DocObsFish","fhdStNm":"Middle Fork Canyon Creek","fhdGenus":"Oncorhynchus","fhdSp":"clarkii","fhdSubSp":"lewisi","fhdOrig":"NativeLocal","fhdProd":"Natural","fhdComment":null,"fhdESH":"NA","fhdBasisD":null,"fhdNMF":"yes","fhdBasisDt":null,"fhdBasisNm":null,"fhdBasisEnt":null,"fhdBasisPrj":null,"fhdBasisMethod":null,"Shape__Length":8837.682993015074,"fhdAccess":null,"fhdBarrierFtrID":null,"fhdEndExtent":null,"habitatType":"stream"},"id":62},
{"type":"Feature","geometry":{"type":"LineString","coordinates":[[-118.794463,44.248041],[-118.790539,44.248377],[-118.789755,44.249056],[-118.78853,44.251011],[-118.787327,44.251858],[-118.787043,44.25269],[-118.785685,44.253427],[-118.783397,44.253738],[-118.781051,44.254769],[-118.778878,44.256568],[-118.776687,44.257646],[-118.774736,44.259113],[-118.772446,44.259369],[-118.771159,44.259938],[-118.770494,44.26083],[-118.768679,44.261687],[-118.76817,44.26269],[-118.766103,44.265589],[-118.765908,44.26692],[-118.765307,44.267316],[-118.765016,44.267929],[-118.766114,44.268907],[-118.765596,44.269576],[-118.764224,44.269818],[-118.763261,44.271048],[-118.76313,44.271879],[-118.762,44.272558],[-118.761137,44.271797],[-118.760072,44.272029],[-118.759493,44.273312],[-118.759662,44.273917],[-118.76092,44.275172],[-118.761176,44.276163],[-118.760426,44.276777],[-118.760967,44.277967],[-118.760641,44.279097],[-118.759505,44.279556],[-118.757384,44.282028],[-118.757225,44.283322],[-118.754811,44.285191]]},"properties":{"OBJECTID":63,"fhdFtrID":16655,"fhdRefID":85540,"fhdRevDt":"20030000","fhdONm":"Bradley Shepard","fhdOEnt":"MT Coop Fish Research","fhdSpNm":"Westslope cutthroat trout","fhdRun":"NA","fhdLifeHst":"Resident","fhdUseTy":"Unknown","fhdBasis":"DocObsFish","fhdStNm":"Middle Fork Canyon Creek","fhdGenus":"Oncorhynchus","fhdSp":"clarkii","fhdSubSp":"lewisi","fhdOrig":"NativeLocal","fhdProd":"Natural","fhdComment":null,"fhdESH":"NA","fhdBasisD":null,"fhdNMF":"yes","fhdBasisDt":null,"fhdBasisNm":null,"fhdBasisEnt":null,"fhdBasisPrj":null,"fhdBasisMethod":null,"Shape__Length":8692.233571334353,"fhdAccess":null,"fhdBarrierFtrID":null,"fhdEndExtent":null,"habitatType":"stream"},"id":63},
{"type":"Feature","geometry":{"type":"LineString","coordinates":[[-118.776687,44.257646],[-118.776424,44.259311],[-118.775917,44.260368],[-118.775746,44.262581],[-118.77647,44.263898],[-118.776596,44.265777],[-118.778263,44.266847]]},"properties":{"OBJECTID":64,"fhdFtrID":16656,"fhdRefID":85540,"fhdRevDt":"19990000","fhdONm":"Bradley Shepard","fhdOEnt":"MT Coop Fish Research","fhdSpNm":"Westslope cutthroat trout","fhdRun":"NA","fhdLifeHst":"Resident","fhdUseTy":"Unknown","fhdBasis":"DocObsFish","fhdStNm":null,"fhdGenus":"Oncorhynchus","fhdSp":"clarkii","fhdSubSp":"lewisi","fhdOrig":"NativeLocal","fhdProd":"Natural","fhdComment":null,"fhdESH":"NA","fhdBasisD":null,"fhdNMF":"yes","fhdBasisDt":null,"fhdBasisNm":null,"fhdBasisEnt":null,"fhdBasisPrj":null,"fhdBasisMethod":null,"Shape__Length":1563.06786031259,"fhdAccess":null,"fhdBarrierFtrID":null,"fhdEndExtent":null,"habitatType":"stream"},"id":64},
{"type":"Feature","geometry":{"type":"LineString","coordinates":[[-118.765307,44.267316],[-118.762881,44.268232],[-118.762208,44.26885],[-118.760539,44.269429],[-118.759493,44.270382],[-118.758272,44.270563],[-118.75521,44.270551],[-118.753238,44.270749]]},"properties":{"OBJECTID":65,"fhdFtrID":16657,"fhdRefID":85540,"fhdRevDt":"19990000","fhdONm":"Bradley Shepard","fhdOEnt":"MT Coop Fish Research","fhdSpNm":"Westslope cutthroat trout","fhdRun":"NA","fhdLifeHst":"Resident","fhdUseTy":"Unknown","fhdBasis":"DocObsFish","fhdStNm":null,"fhdGenus":"Oncorhynchus","fhdSp":"clarkii","fhdSubSp":"lewisi","fhdOrig":"NativeLocal","fhdProd":"Natural","fhdComment":null,"fhdESH":"NA","fhdBasisD":null,"fhdNMF":"yes","fhdBasisDt":null,"fhdBasisNm":null,"fhdBasisEnt":null,"fhdBasisPrj":null,"fhdBasisMethod":null,"Shape__Length":1548.97467485593,"fhdAccess":null,"fhdBarrierFtrID":null,"fhdEndExtent":null,"habitatType":"stream"},"id":65},
{"type":"Feature","geometry":{"type":"LineString","coordinates":[[-118.812588,44.218102],[-118.809687,44.218157],[-118.807726,44.218949],[-118.805138,44.219287],[-118.803413,44.219229],[-118.801139,44.218779],[-118.799963,44.21782],[-118.797532,44.217197],[-118.794395,44.21703],[-118.79165,44.216466],[-118.788749,44.216295],[-118.787416,44.216465],[-118.785219,44.217422],[-118.782553,44.217535],[-118.779574,44.216348],[-118.776996,44.2162],[-118.773692,44.217309],[-118.771418,44.216799],[-118.769066,44.216683],[-118.764596,44.21691],[-118.761457,44.218318]]},"properties":{"OBJECTID":66,"fhdFtrID":16658,"fhdRefID":85540,"fhdRevDt":"20030000","fhdONm":"Bradley Shepard","fhdOEnt":"MT Coop Fish Research","fhdSpNm":"Westslope cutthroat trout","fhdRun":"NA","fhdLifeHst":"Resident","fhdUseTy":"Unknown","fhdBasis":"DocObsFish","fhdStNm":"Crazy Creek","fhdGenus":"Oncorhynchus","fhdSp":"clarkii","fhdSubSp":"lewisi","fhdOrig":"NativeLocal","fhdProd":"Natural","fhdComment":null,"fhdESH":"NA","fhdBasisD":null,"fhdNMF":"yes","fhdBasisDt":null,"fhdBasisNm":null,"fhdBasisEnt":null,"fhdBasisPrj":null,"fhdBasisMethod":null,"Shape__Length":6125.142887464044,"fhdAccess":null,"fhdBarrierFtrID":null,"fhdEndExtent":null,"habitatType":"stream"},"id":66},
{"type":"Feature","geometry":{"type":"LineString","coordinates":[[-118.884172,44.308407],[-118.887698,44.307907],[-118.888563,44.30678],[-118.88927,44.30667],[-118.890996,44.307456],[-118.897042,44.307518],[-118.899083,44.307178],[-118.901438,44.307237],[-118.903922,44.307615],[-118.905599,44.308194],[-118.907012,44.308364],[-118.909289,44.309101],[-118.910388,44.308988],[-118.912037,44.308312],[-118.914393,44.30865],[-118.916669,44.309382],[-118.920045,44.309438],[-118.923421,44.310115],[-118.925306,44.310114],[-118.92876,44.310511],[-118.931385,44.311377],[-118.933629,44.311468],[-118.934723,44.312033],[-118.938927,44.312551],[-118.939603,44.312285],[-118.944235,44.312425],[-118.946162,44.311537],[-118.947254,44.311859],[-118.949333,44.311471],[-118.951188,44.311703],[-118.952545,44.313071]]},"properties":{"OBJECTID":67,"fhdFtrID":16659,"fhdRefID":85540,"fhdRevDt":"20030000","fhdONm":"Bradley Shepard","fhdOEnt":"MT Coop Fish Research","fhdSpNm":"Westslope cutthroat trout","fhdRun":"NA","fhdLifeHst":"Resident","fhdUseTy":"Unknown","fhdBasis":"DocObsFish","fhdStNm":"Berry Creek","fhdGenus":"Oncorhynchus","fhdSp":"clarkii","fhdSubSp":"lewisi","fhdOrig":"NativeLocal","fhdProd":"Natural","fhdComment":null,"fhdESH":"NA","fhdBasisD":null,"fhdNMF":"yes","fhdBasisDt":null,"fhdBasisNm":null,"fhdBasisEnt":null,"fhdBasisPrj":null,"fhdBasisMethod":null,"Shape__Length":8297.208871348963,"fhdAccess":null,"fhdBarrierFtrID":null,"fhdEndExtent":null,"habitatType":"stream"},"id":67},
{"type":"Feature","geometry":{"type":"LineString","coordinates":[[-119.202061,44.349287],[-119.20101,44.350411],[-119.201688,44.352892],[-119.202405,44.353931],[-119.202601,44.35553],[-119.201878,44.357196],[-119.202215,44.358355],[-119.201026,44.359747],[-119.20024,44.361909],[-119.197694,44.3642],[-119.195941,44.367002],[-119.195167,44.367764],[-119.19407,44.370324],[-119.191989,44.371768],[-119.191042,44.373776],[-119.191481,44.374569],[-119.190398,44.377867],[-119.189681,44.378493],[-119.188268,44.381023],[-119.188065,44.382629],[-119.187254,44.383779],[-119.186571,44.386002],[-119.184711,44.389995],[-119.185115,44.390743],[-119.184234,44.393047],[-119.18292,44.394503],[-119.182418,44.39553],[-119.182284,44.397326]]},"properties":{"OBJECTID":68,"fhdFtrID":16660,"fhdRefID":85540,"fhdRevDt":"19990000","fhdONm":"Bradley Shepard","fhdOEnt":"MT Coop Fish Research","fhdSpNm":"Westslope cutthroat trout","fhdRun":"NA","fhdLifeHst":"Resident","fhdUseTy":"Unknown","fhdBasis":"DocObsFish","fhdStNm":"McClellan Creek","fhdGenus":"Oncorhynchus","fhdSp":"clarkii","fhdSubSp":"lewisi","fhdOrig":"NativeLocal","fhdProd":"Natural","fhdComment":null,"fhdESH":"NA","fhdBasisD":null,"fhdNMF":"yes","fhdBasisDt":null,"fhdBasisNm":null,"fhdBasisEnt":null,"fhdBasisPrj":null,"fhdBasisMethod":null,"Shape__Length":8290.734857446538,"fhdAccess":null,"fhdBarrierFtrID":null,"fhdEndExtent":null,"habitatType":"stream"},"id":68},
{"type":"Feature","geometry":{"type":"LineString","coordinates":[[-119.234946,44.402867],[-119.235404,44.400411],[-119.235117,44.399147],[-119.235424,44.396971],[-119.236056,44.395779],[-119.23706,44.394778],[-119.237475,44.393141],[-119.238653,44.390768],[-119.239475,44.390266],[-119.240507,44.388706],[-119.240702,44.387892],[-119.242081,44.38619],[-119.242079,44.385479],[-119.242919,44.383797],[-119.243385,44.381555],[-119.24352,44.379185],[-119.244002,44.376672],[-119.243707,44.374175],[-119.244165,44.373212],[-119.244228,44.371419],[-119.244922,44.369875],[-119.243788,44.368439],[-119.243115,44.36658],[-119.243504,44.365275],[-119.242891,44.364009],[-119.24294,44.362982],[-119.242189,44.361061],[-119.241091,44.359921],[-119.239884,44.35755],[-119.239734,44.355924],[-119.240682,44.353465],[-119.240213,44.352367],[-119.239535,44.3471],[-119.239221,44.346403]]},"properties":{"OBJECTID":69,"fhdFtrID":16661,"fhdRefID":85540,"fhdRevDt":"19990000","fhdONm":"Bradley Shepard","fhdOEnt":"MT Coop Fish Research","fhdSpNm":"Westslope cutthroat trout","fhdRun":"NA","fhdLifeHst":"Resident","fhdUseTy":"Unknown","fhdBasis":"DocObsFish","fhdStNm":"Moon Creek","fhdGenus":"Oncorhynchus","fhdSp":"clarkii","fhdSubSp":"lewisi","fhdOrig":"NativeLocal","fhdProd":"Natural","fhdComment":null,"fhdESH":"NA","fhdBasisD":null,"fhdNMF":"yes","fhdBasisDt":null,"fhdBasisNm":null,"fhdBasisEnt":null,"fhdBasisPrj":null,"fhdBasisMethod":null,"Shape__Length":9356.97588604503,"fhdAccess":null,"fhdBarrierFtrID":null,"fhdEndExtent":null,"habitatType":"stream"},"id":69},
{"type":"Feature","geometry":{"type":"LineString","coordinates":[[-119.30992,44.373986],[-119.309739,44.372921],[-119.310604,44.370891],[-119.30966,44.369087],[-119.309582,44.367847],[-119.310053,44.366775],[-119.310053,44.365028],[-119.308324,44.363785],[-119.307145,44.363619],[-119.306516,44.363223],[-119.306359,44.362037],[-119.307224,44.360629],[-119.306989,44.357811],[-119.30581,44.356458],[-119.305417,44.353526],[-119.304946,44.352397],[-119.303374,44.351213],[-119.303296,44.349522],[-119.299132,44.346478],[-119.298661,44.344561],[-119.297718,44.343319],[-119.296304,44.342416],[-119.295441,44.340556],[-119.295205,44.339314],[-119.293006,44.338017],[-119.29175,44.33689],[-119.290336,44.334973],[-119.290808,44.334073],[-119.290573,44.332664],[-119.289788,44.33114],[-119.288532,44.330125],[-119.288296,44.329392],[-119.284846,44.32722]]},"properties":{"OBJECTID":70,"fhdFtrID":16662,"fhdRefID":85540,"fhdRevDt":"20030000","fhdONm":"Bradley Shepard","fhdOEnt":"MT Coop Fish Research","fhdSpNm":"Westslope cutthroat trout","fhdRun":"NA","fhdLifeHst":"Resident","fhdUseTy":"Unknown","fhdBasis":"DocObsFish","fhdStNm":"Fields Creek","fhdGenus":"Oncorhynchus","fhdSp":"clarkii","fhdSubSp":"lewisi","fhdOrig":"NativeLocal","fhdProd":"Natural","fhdComment":null,"fhdESH":"NA","fhdBasisD":null,"fhdNMF":"yes","fhdBasisDt":null,"fhdBasisNm":null,"fhdBasisEnt":null,"fhdBasisPrj":null,"fhdBasisMethod":null,"Shape__Length":8606.19083888463,"fhdAccess":null,"fhdBarrierFtrID":null,"fhdEndExtent":null,"habitatType":"stream"},"id":70},
{"type":"Feature","geometry":{"type":"LineString","coordinates":[[-118.799497,44.286351],[-118.799519,44.287179],[-118.796466,44.287551],[-118.79542,44.288508],[-118.792894,44.289354]]},"properties":{"OBJECTID":71,"fhdFtrID":16663,"fhdRefID":50117,"fhdRevDt":"20080818","fhdONm":"Tim Unterwegner","fhdOEnt":"ODFW","fhdSpNm":"Westslope cutthroat trout","fhdRun":"NA","fhdLifeHst":"Resident","fhdUseTy":"Unknown","fhdBasis":"DocObsFish","fhdStNm":"Miners Creek","fhdGenus":"Oncorhynchus","fhdSp":"clarkii","fhdSubSp":"lewisi","fhdOrig":"NativeLocal","fhdProd":"Natural","fhdComment":null,"fhdESH":"NA","fhdBasisD":null,"fhdNMF":"yes","fhdBasisDt":null,"fhdBasisNm":null,"fhdBasisEnt":null,"fhdBasisPrj":null,"fhdBasisMethod":null,"Shape__Length":999.920970233313,"fhdAccess":null,"fhdBarrierFtrID":null,"fhdEndExtent":null,"habitatType":"stream"},"id":71},
{"type":"Feature","geometry":{"type":"LineString","coordinates":[[-118.58466,44.803595],[-118.582961,44.803119],[-118.579563,44.801478],[-118.579044,44.80009],[-118.577497,44.798846],[-118.576925,44.79709],[-118.576202,44.796033],[-118.574449,44.794752],[-118.575367,44.792669],[-118.575257,44.790618],[-118.576226,44.788714],[-118.578174,44.787175],[-118.578735,44.786114],[-118.57857,44.783002],[-118.577222,44.779861],[-118.576958,44.777884],[-118.57597,44.77463],[-118.575964,44.772983],[-118.577238,44.770089],[-118.578108,44.76892],[-118.578199,44.765737],[-118.580144,44.763757],[-118.580808,44.76273],[-118.583476,44.761591],[-118.583782,44.760862],[-118.585572,44.758663],[-118.586593,44.756979],[-118.587567,44.756133],[-118.587872,44.75522],[-118.58946,44.75423],[-118.590796,44.754045],[-118.593973,44.751732],[-118.594019,44.750489],[-118.595058,44.749133],[-118.596958,44.747496],[-118.598397,44.745266],[-118.598759,44.743073]]},"properties":{"OBJECTID":72,"fhdFtrID":16664,"fhdRefID":53578,"fhdRevDt":"20170925","fhdONm":"Ana Hernandez","fhdOEnt":"USFS","fhdSpNm":"Westslope cutthroat trout","fhdRun":"NA","fhdLifeHst":"FluvRes","fhdUseTy":"ResidentMultipleUses","fhdBasis":"UndocObsFish","fhdStNm":"Lost Creek","fhdGenus":"Oncorhynchus","fhdSp":"clarkii","fhdSubSp":"lewisi","fhdOrig":"NativeLocal","fhdProd":"Natural","fhdComment":null,"fhdESH":"NA","fhdBasisD":null,"fhdNMF":"yes","fhdBasisDt":null,"fhdBasisNm":"Ana Hernandez","fhdBasisEnt":"USFS Umatilla","fhdBasisPrj":null,"fhdBasisMethod":null,"Shape__Length":11139.230620054595,"fhdAccess":null,"fhdBarrierFtrID":null,"fhdEndExtent":null,"habitatType":"stream"},"id":72},
{"type":"Feature","geometry":{"type":"LineString","coordinates":[[-118.59906,44.783572],[-118.600614,44.781872],[-118.600501,44.779164],[-118.60024,44.778178],[-118.60152,44.776967],[-118.601564,44.774882],[-118.602278,44.773671],[-118.602169,44.772061],[-118.601396,44.771334],[-118.604115,44.770341],[-118.607243,44.768686],[-118.610523,44.766448],[-118.611648,44.764875],[-118.612512,44.762639],[-118.612143,44.760115]]},"properties":{"OBJECTID":73,"fhdFtrID":16665,"fhdRefID":53578,"fhdRevDt":"20170925","fhdONm":"Ana Hernandez","fhdOEnt":"USFS","fhdSpNm":"Westslope cutthroat trout","fhdRun":"NA","fhdLifeHst":"FluvRes","fhdUseTy":"ResidentMultipleUses","fhdBasis":"UndocObsFish","fhdStNm":"Lake Creek","fhdGenus":"Oncorhynchus","fhdSp":"clarkii","fhdSubSp":"lewisi","fhdOrig":"NativeLocal","fhdProd":"Natural","fhdComment":null,"fhdESH":"NA","fhdBasisD":null,"fhdNMF":"yes","fhdBasisDt":null,"fhdBasisNm":"Ana Hernandez","fhdBasisEnt":"USFS Umatilla","fhdBasisPrj":null,"fhdBasisMethod":null,"Shape__Length":4440.59877889302,"fhdAccess":null,"fhdBarrierFtrID":null,"fhdEndExtent":null,"habitatType":"stream"},"id":73},
{"type":"Feature","geometry":{"type":"LineString","coordinates":[[-118.488141,44.77369],[-118.491013,44.7739],[-118.493239,44.77586],[-118.4952,44.778364],[-118.494818,44.779679],[-118.496561,44.779841]]},"properties":{"OBJECTID":74,"fhdFtrID":16666,"fhdRefID":53578,"fhdRevDt":"20170925","fhdONm":"Ana Hernandez","fhdOEnt":"USFS","fhdSpNm":"Westslope cutthroat trout","fhdRun":"NA","fhdLifeHst":"FluvRes","fhdUseTy":"ResidentMultipleUses","fhdBasis":"UndocObsFish","fhdStNm":"Ruby Creek","fhdGenus":"Oncorhynchus","fhdSp":"clarkii","fhdSubSp":"lewisi","fhdOrig":"NativeLocal","fhdProd":"Natural","fhdComment":null,"fhdESH":"NA","fhdBasisD":null,"fhdNMF":"yes","fhdBasisDt":null,"fhdBasisNm":"Ana Hernandez","fhdBasisEnt":"USFS Umatilla","fhdBasisPrj":null,"fhdBasisMethod":null,"Shape__Length":1597.6472799836652,"fhdAccess":null,"fhdBarrierFtrID":null,"fhdEndExtent":null,"habitatType":"stream"},"id":74},
{"type":"Feature","geometry":{"type":"LineString","coordinates":[[-118.496561,44.779841],[-118.49703,44.779479],[-118.497675,44.777729],[-118.499128,44.776864],[-118.504543,44.777166],[-118.506086,44.777713],[-118.508197,44.778954],[-118.51046,44.779609],[-118.512722,44.77957],[-118.513956,44.779788],[-118.517552,44.779565],[-118.520741,44.780148],[-118.525158,44.779378],[-118.52819,44.779153],[-118.531837,44.778672],[-118.536152,44.777754]]},"properties":{"OBJECTID":75,"fhdFtrID":16667,"fhdRefID":53578,"fhdRevDt":"20170925","fhdONm":"Ana Hernandez","fhdOEnt":"USFS","fhdSpNm":"Westslope cutthroat trout","fhdRun":"NA","fhdLifeHst":"FluvRes","fhdUseTy":"ResidentMultipleUses","fhdBasis":"UndocObsFish","fhdStNm":"South Fork Ruby Creek","fhdGenus":"Oncorhynchus","fhdSp":"clarkii","fhdSubSp":"lewisi","fhdOrig":"NativeLocal","fhdProd":"Natural","fhdComment":null,"fhdESH":"NA","fhdBasisD":null,"fhdNMF":"yes","fhdBasisDt":null,"fhdBasisNm":"Ana Hernandez","fhdBasisEnt":"USFS Umatilla","fhdBasisPrj":null,"fhdBasisMethod":null,"Shape__Length":4908.34367535134,"fhdAccess":null,"fhdBarrierFtrID":null,"fhdEndExtent":null,"habitatType":"stream"},"id":75},
{"type":"Feature","geometry":{"type":"LineString","coordinates":[[-118.496561,44.779841],[-118.497157,44.781053],[-118.497085,44.782296],[-118.497685,44.783256],[-118.498752,44.783962],[-118.501378,44.784481],[-118.502357,44.785323],[-118.503183,44.786897],[-118.505552,44.788391],[-118.509258,44.790035],[-118.511213,44.790585],[-118.513679,44.790436],[-118.516149,44.7912],[-118.517696,44.792773]]},"properties":{"OBJECTID":76,"fhdFtrID":16668,"fhdRefID":53578,"fhdRevDt":"20170925","fhdONm":"Ana Hernandez","fhdOEnt":"USFS","fhdSpNm":"Westslope cutthroat trout","fhdRun":"NA","fhdLifeHst":"FluvRes","fhdUseTy":"ResidentMultipleUses","fhdBasis":"UndocObsFish","fhdStNm":"North Fork Ruby Creek","fhdGenus":"Oncorhynchus","fhdSp":"clarkii","fhdSubSp":"lewisi","fhdOrig":"NativeLocal","fhdProd":"Natural","fhdComment":null,"fhdESH":"NA","fhdBasisD":null,"fhdNMF":"yes","fhdBasisDt":null,"fhdBasisNm":"Ana Hernandez","fhdBasisEnt":"USFS Umatilla","fhdBasisPrj":null,"fhdBasisMethod":null,"Shape__Length":3437.225353817375,"fhdAccess":null,"fhdBarrierFtrID":null,"fhdEndExtent":null,"habitatType":"stream"},"id":76},
{"type":"Feature","geometry":{"type":"LineString","coordinates":[[-118.612143,44.760115],[-118.611158,44.757959],[-118.611048,44.756093],[-118.611606,44.754262],[-118.610368,44.752911]]},"properties":{"OBJECTID":77,"fhdFtrID":16669,"fhdRefID":53578,"fhdRevDt":"20170925","fhdONm":"Ana Hernandez","fhdOEnt":"USFS","fhdSpNm":"Westslope cutthroat trout","fhdRun":"NA","fhdLifeHst":"FluvRes","fhdUseTy":"ResidentMultipleUses","fhdBasis":"UndocObsFish","fhdStNm":"Unnamed trib to Lake Creek","fhdGenus":"Oncorhynchus","fhdSp":"clarkii","fhdSubSp":"lewisi","fhdOrig":"NativeLocal","fhdProd":"Natural","fhdComment":null,"fhdESH":"NA","fhdBasisD":null,"fhdNMF":"yes","fhdBasisDt":null,"fhdBasisNm":"Ana Hernandez","fhdBasisEnt":"USFS Umatilla","fhdBasisPrj":null,"fhdBasisMethod":null,"Shape__Length":1203.1047843397953,"fhdAccess":null,"fhdBarrierFtrID":null,"fhdEndExtent":null,"habitatType":"stream"},"id":77},
{"type":"Feature","geometry":{"type":"LineString","coordinates":[[-118.509729,44.758248],[-118.511221,44.759016],[-118.512918,44.759417],[-118.516056,44.760617],[-118.518833,44.761458],[-118.522227,44.762223],[-118.524641,44.761746],[-118.526904,44.762548],[-118.52932,44.7628],[-118.530607,44.763494],[-118.536469,44.764657],[-118.540682,44.76447],[-118.542947,44.765565],[-118.545107,44.766112],[-118.546702,44.766878],[-118.551075,44.7683],[-118.553389,44.76866],[-118.554673,44.768404],[-118.556518,44.766938],[-118.556409,44.765293],[-118.557793,44.76423],[-118.559691,44.763164],[-118.560512,44.76309],[-118.562878,44.763598],[-118.563702,44.764149]]},"properties":{"OBJECTID":78,"fhdFtrID":16670,"fhdRefID":53578,"fhdRevDt":"20170925","fhdONm":"Ana Hernandez","fhdOEnt":"USFS","fhdSpNm":"Westslope cutthroat trout","fhdRun":"NA","fhdLifeHst":"FluvRes","fhdUseTy":"ResidentMultipleUses","fhdBasis":"UndocObsFish","fhdStNm":"Wolsey Creek","fhdGenus":"Oncorhynchus","fhdSp":"clarkii","fhdSubSp":"lewisi","fhdOrig":"NativeLocal","fhdProd":"Natural","fhdComment":null,"fhdESH":"NA","fhdBasisD":null,"fhdNMF":"yes","fhdBasisDt":null,"fhdBasisNm":"Ana Hernandez","fhdBasisEnt":"USFS Umatilla","fhdBasisPrj":null,"fhdBasisMethod":null,"Shape__Length":7017.705812176572,"fhdAccess":null,"fhdBarrierFtrID":null,"fhdEndExtent":null,"habitatType":"stream"},"id":78},
{"type":"Feature","geometry":{"type":"LineString","coordinates":[[-118.496774,44.76422],[-118.497339,44.761188],[-118.497873,44.759984],[-118.497395,44.757861],[-118.497572,44.756508],[-118.496963,44.756098],[-118.497032,44.755075],[-118.496392,44.753459],[-118.498381,44.751209],[-118.50009,44.750309],[-118.500563,44.748048],[-118.501644,44.747035],[-118.503293,44.744114],[-118.503504,44.742217]]},"properties":{"OBJECTID":79,"fhdFtrID":16671,"fhdRefID":53578,"fhdRevDt":"20170925","fhdONm":"Ana Hernandez","fhdOEnt":"USFS","fhdSpNm":"Westslope cutthroat trout","fhdRun":"NA","fhdLifeHst":"FluvRes","fhdUseTy":"ResidentMultipleUses","fhdBasis":"UndocObsFish","fhdStNm":"Lightning Creek","fhdGenus":"Oncorhynchus","fhdSp":"clarkii","fhdSubSp":"lewisi","fhdOrig":"NativeLocal","fhdProd":"Natural","fhdComment":null,"fhdESH":"NA","fhdBasisD":null,"fhdNMF":"yes","fhdBasisDt":null,"fhdBasisNm":"Ana Hernandez","fhdBasisEnt":"USFS Umatilla","fhdBasisPrj":null,"fhdBasisMethod":null,"Shape__Length":3807.3133700426274,"fhdAccess":null,"fhdBarrierFtrID":null,"fhdEndExtent":null,"habitatType":"stream"},"id":79},
{"type":"Feature","geometry":{"type":"LineString","coordinates":[[-118.50009,44.750309],[-118.504053,44.750131],[-118.50512,44.749879],[-118.507228,44.748874],[-118.511281,44.747862],[-118.512822,44.747171],[-118.513953,44.745788],[-118.516419,44.743856],[-118.519293,44.742733],[-118.522012,44.74208],[-118.524631,44.740515],[-118.524944,44.738035],[-118.523464,44.73544],[-118.523724,44.734198],[-118.525266,44.732666],[-118.528706,44.730338],[-118.530092,44.729572],[-118.532247,44.728882],[-118.533479,44.728046],[-118.535021,44.725968],[-118.537177,44.724508]]},"properties":{"OBJECTID":80,"fhdFtrID":16672,"fhdRefID":53578,"fhdRevDt":"20170925","fhdONm":"Ana Hernandez","fhdOEnt":"USFS","fhdSpNm":"Westslope cutthroat trout","fhdRun":"NA","fhdLifeHst":"FluvRes","fhdUseTy":"ResidentMultipleUses","fhdBasis":"UndocObsFish","fhdStNm":"Dry Creek","fhdGenus":"Oncorhynchus","fhdSp":"clarkii","fhdSubSp":"lewisi","fhdOrig":"NativeLocal","fhdProd":"Natural","fhdComment":null,"fhdESH":"NA","fhdBasisD":null,"fhdNMF":"yes","fhdBasisDt":null,"fhdBasisNm":"Ana Hernandez","fhdBasisEnt":"USFS Umatilla","fhdBasisPrj":null,"fhdBasisMethod":null,"Shape__Length":6483.104591159783,"fhdAccess":null,"fhdBarrierFtrID":null,"fhdEndExtent":null,"habitatType":"stream"},"id":80},
{"type":"Feature","geometry":{"type":"LineString","coordinates":[[-118.503504,44.742217],[-118.504838,44.741749],[-118.50566,44.74091],[-118.508434,44.739127],[-118.510232,44.737744],[-118.515622,44.735166],[-118.516958,44.733672],[-118.517631,44.7313]]},"properties":{"OBJECTID":81,"fhdFtrID":16673,"fhdRefID":53578,"fhdRevDt":"20170925","fhdONm":"Ana Hernandez","fhdOEnt":"USFS","fhdSpNm":"Westslope cutthroat trout","fhdRun":"NA","fhdLifeHst":"FluvRes","fhdUseTy":"ResidentMultipleUses","fhdBasis":"UndocObsFish","fhdStNm":"Spring Creek","fhdGenus":"Oncorhynchus","fhdSp":"clarkii","fhdSubSp":"lewisi","fhdOrig":"NativeLocal","fhdProd":"Natural","fhdComment":null,"fhdESH":"NA","fhdBasisD":null,"fhdNMF":"yes","fhdBasisDt":null,"fhdBasisNm":"Ana Hernandez","fhdBasisEnt":"USFS Umatilla","fhdBasisPrj":null,"fhdBasisMethod":null,"Shape__Length":2441.0885178179888,"fhdAccess":null,"fhdBarrierFtrID":null,"fhdEndExtent":null,"habitatType":"stream"},"id":81}
]}
