{"type":"FeatureCollection","features":[
{"type":"Feature","geometry":{"type":"LineString","coordinates":[[-120.523322,42.091395],[-120.497277,42.082472]]},"properties":{"OBJECTID":1,"fhdFtrID":1,"fhdRefID":53670,"fhdRevDt":"20180122","fhdONm":"M. Heck et. al","fhdOEnt":"ODFW","fhdSpNm":"White crappie","fhdRun":"NA","fhdLifeHst":"Resident","fhdUseTy":"ResidentMultipleUses","fhdBasis":"DocObsFish","fhdStNm":"Drews Creek","fhdGenus":"Pomoxis","fhdSp":"annularis","fhdSubSp":null,"fhdOrig":"NonNative","fhdProd":"Natural","fhdComment":null,"fhdESH":"NA","fhdBasisD":null,"fhdNMF":"no","fhdBasisDt":"20080000","fhdBasisNm":null,"fhdBasisEnt":null,"fhdBasisPrj":null,"fhdBasisMethod":null,"fhdAccess":null,"fhdBarrierFtrID":null,"fhdEndExtent":null,"Shape__Length":4607.337288922799,"habitatType":"stream"},"id":1},
{"type":"Feature","geometry":{"type":"LineString","coordinates":[[-120.607267,42.12717],[-120.587377,42.11884]]},"properties":{"OBJECTID":2,"fhdFtrID":2,"fhdRefID":53670,"fhdRevDt":"20180122","fhdONm":"M. Heck et. al","fhdOEnt":"ODFW","fhdSpNm":"White crappie","fhdRun":"NA","fhdLifeHst":"Resident","fhdUseTy":"ResidentMultipleUses","fhdBasis":"DocObsFish","fhdStNm":"Drews Creek","fhdGenus":"Pomoxis","fhdSp":"annularis","fhdSubSp":null,"fhdOrig":"NonNative","fhdProd":"Natural","fhdComment":null,"fhdESH":"NA","fhdBasisD":null,"fhdNMF":"no","fhdBasisDt":"20080000","fhdBasisNm":null,"fhdBasisEnt":null,"fhdBasisPrj":null,"fhdBasisMethod":null,"fhdAccess":null,"fhdBarrierFtrID":null,"fhdEndExtent":null,"Shape__Length":3612.198902150874,"habitatType":"stream"},"id":2},
{"type":"Feature","geometry":{"type":"LineString","coordinates":[[-117.230112,43.986856],[-117.213765,43.991555],[-117.184163,43.984032],[-117.13806,44.003827],[-117.123741,44.001367],[-117.089601,44.005811],[-117.074305,44.018742],[-117.046617,44.033725],[-117.042371,44.028685],[-117.008149,44.047645],[-116.974671,44.059001]]},"properties":{"OBJECTID":3,"fhdFtrID":3,"fhdRefID":53714,"fhdRevDt":"20190401","fhdONm":"H. Lavigne, et al.","fhdOEnt":"OSU","fhdSpNm":"White crappie","fhdRun":"NA","fhdLifeHst":"Resident","fhdUseTy":"ResidentMultipleUses","fhdBasis":"DocObsFish","fhdStNm":"Malheur River","fhdGenus":"Pomoxis","fhdSp":"annularis","fhdSubSp":null,"fhdOrig":"NonNative","fhdProd":"Natural","fhdComment":null,"fhdESH":"NA","fhdBasisD":null,"fhdNMF":"no","fhdBasisDt":"20070000","fhdBasisNm":null,"fhdBasisEnt":null,"fhdBasisPrj":null,"fhdBasisMethod":"Electrofishing","fhdAccess":null,"fhdBarrierFtrID":null,"fhdEndExtent":null,"Shape__Length":45362.38856370998,"habitatType":"stream"},"id":3},
{"type":"Feature","geometry":{"type":"LineString","coordinates":[[-123.253304,44.528828],[-123.241912,44.544116],[-123.260747,44.555887],[-123.253867,44.572179],[-123.228216,44.583154],[-123.185432,44.58686],[-123.1977,44.603366],[-123.170585,44.621703],[-123.163923,44.637522],[-123.103387,44.639268],[-123.07833,44.646346],[-123.074904,44.659551],[-123.093693,44.676016],[-123.116746,44.676751],[-123.121699,44.691836],[-123.144337,44.709079],[-123.150515,44.723029],[-123.132706,44.743437],[-123.147521,44.754383],[-123.144151,44.775751],[-123.123194,44.793301],[-123.101729,44.797375],[-123.092657,44.813666],[-123.12835,44.826595],[-123.167694,44.828423],[-123.178617,44.833819],[-123.183247,44.847279],[-123.178722,44.860506],[-123.147538,44.862699],[-123.145031,44.877364],[-123.128561,44.904508],[-123.107273,44.920815],[-123.10982,44.930815],[-123.073479,44.927932],[-123.043476,44.94465],[-123.03695,44.967049],[-123.039144,44.987213],[-123.064263,44.989722],[-123.075742,45.014413],[-123.065876,45.066459],[-123.069137,45.076138],[-123.043779,45.091594],[-123.035519,45.10419],[-123.013973,45.102806],[-122.997175,45.120411],[-123.033097,45.148672],[-123.029115,45.160705],[-123.005214,45.160127],[-123.014524,45.17583],[-123.018712,45.197067],[-123.045854,45.200706],[-123.043832,45.219795],[-123.026772,45.223171],[-123.004303,45.221878],[-122.995238,45.234674],[-123.001196,45.258532],[-122.990477,45.272395],[-122.963758,45.284847],[-122.944393,45.26752],[-122.920121,45.268262],[-122.904583,45.259896]]},"properties":{"OBJECTID":4,"fhdFtrID":4,"fhdRefID":53753,"fhdRevDt":"20190705","fhdONm":"Alan Herlihy","fhdOEnt":"OSU","fhdSpNm":"White crappie","fhdRun":"NA","fhdLifeHst":"Resident","fhdUseTy":"ResidentMultipleUses","fhdBasis":"DocObsFish","fhdStNm":"Willamette River","fhdGenus":"Pomoxis","fhdSp":"annularis","fhdSubSp":null,"fhdOrig":"NonNative","fhdProd":"Natural","fhdComment":null,"fhdESH":"NA","fhdBasisD":null,"fhdNMF":"no","fhdBasisDt":"20060000","fhdBasisNm":null,"fhdBasisEnt":null,"fhdBasisPrj":"RIVMAP","fhdBasisMethod":"Electrofisher","fhdAccess":null,"fhdBarrierFtrID":null,"fhdEndExtent":null,"Shape__Length":204570.839324054,"habitatType":"stream"},"id":4},
{"type":"Feature","geometry":{"type":"LineString","coordinates":[[-123.217687,44.319643],[-123.229689,44.341614],[-123.232796,44.357746],[-123.223434,44.369201],[-123.240902,44.375965],[-123.240102,44.384879],[-123.223215,44.39442],[-123.229477,44.414889],[-123.226713,44.434427],[-123.208479,44.435862],[-123.205565,44.444925],[-123.216766,44.468986],[-123.220052,44.486458],[-123.211769,44.501272],[-123.237623,44.527902],[-123.253304,44.528828]]},"properties":{"OBJECTID":5,"fhdFtrID":5,"fhdRefID":53710,"fhdRevDt":"20190705","fhdONm":"Stan Gregory","fhdOEnt":"OSU","fhdSpNm":"White crappie","fhdRun":"NA","fhdLifeHst":"Resident","fhdUseTy":"ResidentMultipleUses","fhdBasis":"DocObsFish","fhdStNm":"Willamette River","fhdGenus":"Pomoxis","fhdSp":"annularis","fhdSubSp":null,"fhdOrig":"NonNative","fhdProd":"Natural","fhdComment":null,"fhdESH":"NA","fhdBasisD":null,"fhdNMF":"no","fhdBasisDt":"20010000","fhdBasisNm":null,"fhdBasisEnt":null,"fhdBasisPrj":null,"fhdBasisMethod":"Electrofisher","fhdAccess":null,"fhdBarrierFtrID":null,"fhdEndExtent":null,"Shape__Length":48169.335248177485,"habitatType":"stream"},"id":5},
{"type":"Feature","geometry":{"type":"LineString","coordinates":[[-123.337603,44.066924],[-123.332549,44.080823],[-123.31199,44.09659],[-123.301893,44.110759],[-123.303503,44.135395],[-123.290494,44.152265],[-123.288981,44.169185],[-123.277438,44.172462],[-123.274089,44.186216],[-123.286002,44.202072],[-123.274404,44.206736],[-123.264802,44.226842],[-123.266771,44.260351],[-123.283064,44.267086],[-123.287347,44.286249],[-123.27614,44.295467],[-123.296446,44.315171],[-123.292623,44.323032],[-123.295998,44.345855],[-123.290069,44.364668],[-123.257459,44.3807],[-123.240102,44.384879]]},"properties":{"OBJECTID":6,"fhdFtrID":6,"fhdRefID":53713,"fhdRevDt":"20190705","fhdONm":"Matthew Neilson","fhdOEnt":"USGS","fhdSpNm":"White crappie","fhdRun":"NA","fhdLifeHst":"Resident","fhdUseTy":"ResidentMultipleUses","fhdBasis":"UndocObsFish","fhdStNm":"Long Tom River","fhdGenus":"Pomoxis","fhdSp":"annularis","fhdSubSp":null,"fhdOrig":"NonNative","fhdProd":"Natural","fhdComment":null,"fhdESH":"NA","fhdBasisD":null,"fhdNMF":"no","fhdBasisDt":null,"fhdBasisNm":null,"fhdBasisEnt":null,"fhdBasisPrj":null,"fhdBasisMethod":null,"fhdAccess":null,"fhdBarrierFtrID":null,"fhdEndExtent":null,"Shape__Length":64707.07331874356,"habitatType":"stream"},"id":6},
{"type":"Feature","geometry":{"type":"LineString","coordinates":[[-123.083686,44.371887],[-123.081801,44.396683],[-123.088322,44.405369]]},"properties":{"OBJECTID":7,"fhdFtrID":7,"fhdRefID":53749,"fhdRevDt":"20190705","fhdONm":"Alan Herlihy","fhdOEnt":"OSU","fhdSpNm":"White crappie","fhdRun":"NA","fhdLifeHst":"Resident","fhdUseTy":"ResidentMultipleUses","fhdBasis":"DocObsFish","fhdStNm":"Spoon Creek","fhdGenus":"Pomoxis","fhdSp":"annularis","fhdSubSp":null,"fhdOrig":"NonNative","fhdProd":"Natural","fhdComment":null,"fhdESH":"NA","fhdBasisD":null,"fhdNMF":"no","fhdBasisDt":"19970822","fhdBasisNm":null,"fhdBasisEnt":null,"fhdBasisPrj":null,"fhdBasisMethod":"Electrofisher","fhdAccess":null,"fhdBarrierFtrID":null,"fhdEndExtent":null,"Shape__Length":6318.922170882255,"habitatType":"stream"},"id":7},
{"type":"Feature","geometry":{"type":"LineString","coordinates":[[-123.533782,46.201709],[-123.517227,46.223682],[-123.524171,46.229483]]},"properties":{"OBJECTID":8,"fhdFtrID":8,"fhdRefID":53713,"fhdRevDt":"20190705","fhdONm":"Matthew Neilson","fhdOEnt":"USGS","fhdSpNm":"White crappie","fhdRun":"NA","fhdLifeHst":"Resident","fhdUseTy":"ResidentMultipleUses","fhdBasis":"UndocObsFish","fhdStNm":"Blind Slough","fhdGenus":"Pomoxis","fhdSp":"annularis","fhdSubSp":null,"fhdOrig":"NonNative","fhdProd":"Natural","fhdComment":null,"fhdESH":"NA","fhdBasisD":null,"fhdNMF":"no","fhdBasisDt":null,"fhdBasisNm":null,"fhdBasisEnt":null,"fhdBasisPrj":null,"fhdBasisMethod":null,"fhdAccess":null,"fhdBarrierFtrID":null,"fhdEndExtent":null,"Shape__Length":11359.33821582524,"habitatType":"stream"},"id":8},
{"type":"Feature","geometry":{"type":"LineString","coordinates":[[-123.230765,46.140912],[-123.230096,46.138555],[-123.221547,46.121161],[-123.190989,46.133992]]},"properties":{"OBJECTID":9,"fhdFtrID":9,"fhdRefID":53713,"fhdRevDt":"20190705","fhdONm":"Matthew Neilson","fhdOEnt":"USGS","fhdSpNm":"White crappie","fhdRun":"NA","fhdLifeHst":"Resident","fhdUseTy":"ResidentMultipleUses","fhdBasis":"UndocObsFish","fhdStNm":"Beaver Slough","fhdGenus":"Pomoxis","fhdSp":"annularis","fhdSubSp":null,"fhdOrig":"NonNative","fhdProd":"Natural","fhdComment":null,"fhdESH":"NA","fhdBasisD":null,"fhdNMF":"no","fhdBasisDt":null,"fhdBasisNm":null,"fhdBasisEnt":null,"fhdBasisPrj":null,"fhdBasisMethod":null,"fhdAccess":null,"fhdBarrierFtrID":null,"fhdEndExtent":null,"Shape__Length":11998.324549685423,"habitatType":"stream"},"id":9},
{"type":"Feature","geometry":{"type":"LineString","coordinates":[[-123.199305,46.102505],[-123.221547,46.121161]]},"properties":{"OBJECTID":10,"fhdFtrID":10,"fhdRefID":53713,"fhdRevDt":"20190705","fhdONm":"Matthew Neilson","fhdOEnt":"USGS","fhdSpNm":"White crappie","fhdRun":"NA","fhdLifeHst":"Resident","fhdUseTy":"ResidentMultipleUses","fhdBasis":"UndocObsFish","fhdStNm":"Clatskanie River","fhdGenus":"Pomoxis","fhdSp":"annularis","fhdSubSp":null,"fhdOrig":"NonNative","fhdProd":"Natural","fhdComment":null,"fhdESH":"NA","fhdBasisD":null,"fhdNMF":"no","fhdBasisDt":null,"fhdBasisNm":null,"fhdBasisEnt":null,"fhdBasisPrj":null,"fhdBasisMethod":null,"fhdAccess":null,"fhdBarrierFtrID":null,"fhdEndExtent":null,"Shape__Length":4740.577978182788,"habitatType":"stream"},"id":10},
{"type":"Feature","geometry":{"type":"LineString","coordinates":[[-123.034646,46.123931],[-122.994822,46.102371],[-122.964138,46.095334]]},"properties":{"OBJECTID":11,"fhdFtrID":11,"fhdRefID":53713,"fhdRevDt":"20190705","fhdONm":"Matthew Neilson","fhdOEnt":"USGS","fhdSpNm":"White crappie","fhdRun":"NA","fhdLifeHst":"Resident","fhdUseTy":"ResidentMultipleUses","fhdBasis":"UndocObsFish","fhdStNm":"Rinearson Slough","fhdGenus":"Pomoxis","fhdSp":"annularis","fhdSubSp":null,"fhdOrig":"NonNative","fhdProd":"Natural","fhdComment":null,"fhdESH":"NA","fhdBasisD":null,"fhdNMF":"no","fhdBasisDt":null,"fhdBasisNm":null,"fhdBasisEnt":null,"fhdBasisPrj":null,"fhdBasisMethod":null,"fhdAccess":null,"fhdBarrierFtrID":null,"fhdEndExtent":null,"Shape__Length":13027.678052627713,"habitatType":"stream"},"id":11},
{"type":"Feature","geometry":{"type":"LineString","coordinates":[[-123.230096,46.138555],[-123.24555,46.123962],[-123.271911,46.116397],[-123.305711,46.127274],[-123.324672,46.115963],[-123.33795,46.125579],[-123.360299,46.125523],[-123.364143,46.136453],[-123.379997,46.137926],[-123.384162,46.150013]]},"properties":{"OBJECTID":12,"fhdFtrID":12,"fhdRefID":53713,"fhdRevDt":"20190705","fhdONm":"Matthew Neilson","fhdOEnt":"USGS","fhdSpNm":"White crappie","fhdRun":"NA","fhdLifeHst":"Resident","fhdUseTy":"ResidentMultipleUses","fhdBasis":"UndocObsFish","fhdStNm":"Westport Slough","fhdGenus":"Pomoxis","fhdSp":"annularis","fhdSubSp":null,"fhdOrig":"NonNative","fhdProd":"Natural","fhdComment":null,"fhdESH":"NA","fhdBasisD":null,"fhdNMF":"no","fhdBasisDt":null,"fhdBasisNm":null,"fhdBasisEnt":null,"fhdBasisPrj":null,"fhdBasisMethod":null,"fhdAccess":null,"fhdBarrierFtrID":null,"fhdEndExtent":null,"Shape__Length":26884.06047898207,"habitatType":"stream"},"id":12},
{"type":"Feature","geometry":{"type":"LineString","coordinates":[[-117.818559,43.777952],[-117.784172,43.776565],[-117.768618,43.780923],[-117.738139,43.774212],[-117.719561,43.787427],[-117.688093,43.790646],[-117.681235,43.800736],[-117.637826,43.832184],[-117.623271,43.849768],[-117.613576,43.850658],[-117.597635,43.867947],[-117.568864,43.882399],[-117.537349,43.884798],[-117.530352,43.873827],[-117.508743,43.884259],[-117.51087,43.892812],[-117.50084,43.912683],[-117.469527,43.955169],[-117.440131,43.949155],[-117.418837,43.951666],[-117.39231,43.948897],[-117.371263,43.943105],[-117.332624,43.912431],[-117.281885,43.928308],[-117.279792,43.936336],[-117.243125,43.964376],[-117.230112,43.986856]]},"properties":{"OBJECTID":13,"fhdFtrID":13,"fhdRefID":53580,"fhdRevDt":"20190705","fhdONm":"Jay Stevens","fhdOEnt":"BLM","fhdSpNm":"White crappie","fhdRun":"NA","fhdLifeHst":"Resident","fhdUseTy":"ResidentMultipleUses","fhdBasis":"UndocObsFish","fhdStNm":"Malheur River","fhdGenus":"Pomoxis","fhdSp":"annularis","fhdSubSp":null,"fhdOrig":"NonNative","fhdProd":"Natural","fhdComment":null,"fhdESH":"NA","fhdBasisD":null,"fhdNMF":"no","fhdBasisDt":null,"fhdBasisNm":null,"fhdBasisEnt":null,"fhdBasisPrj":null,"fhdBasisMethod":null,"fhdAccess":null,"fhdBarrierFtrID":null,"fhdEndExtent":null,"Shape__Length":125039.20342727625,"habitatType":"stream"},"id":13},
{"type":"Feature","geometry":{"type":"LineString","coordinates":[[-117.023021,43.814443],[-117.01998,43.821143],[-117.03192,43.835173],[-117.010036,43.848762],[-117.021433,43.857743],[-117.009112,43.863689],[-116.99059,43.864001],[-116.976177,43.895406],[-116.979083,43.916145],[-116.961858,43.917771],[-116.959252,43.927054],[-116.968944,43.940649],[-116.960968,43.969617],[-116.9504,43.984132],[-116.934465,43.987927],[-116.944408,44.004598],[-116.934538,44.022532],[-116.944557,44.036339],[-116.973073,44.049092],[-116.977201,44.085935],[-116.943992,44.093792],[-116.933641,44.100026],[-116.927319,44.116781],[-116.916064,44.124729],[-116.911543,44.139375],[-116.895047,44.151966],[-116.8949,44.16994],[-116.903102,44.179888],[-116.926575,44.191977],[-116.96324,44.1943],[-116.97205,44.20066],[-116.973256,44.239147]]},"properties":{"OBJECTID":14,"fhdFtrID":14,"fhdRefID":53580,"fhdRevDt":"20190705","fhdONm":"Jay Stevens","fhdOEnt":"BLM","fhdSpNm":"White crappie","fhdRun":"NA","fhdLifeHst":"Resident","fhdUseTy":"ResidentMultipleUses","fhdBasis":"UndocObsFish","fhdStNm":"Snake River","fhdGenus":"Pomoxis","fhdSp":"annularis","fhdSubSp":null,"fhdOrig":"NonNative","fhdProd":"Natural","fhdComment":null,"fhdESH":"NA","fhdBasisD":null,"fhdNMF":"no","fhdBasisDt":null,"fhdBasisNm":null,"fhdBasisEnt":null,"fhdBasisPrj":null,"fhdBasisMethod":null,"fhdAccess":null,"fhdBarrierFtrID":null,"fhdEndExtent":null,"Shape__Length":95141.68078834296,"habitatType":"stream"},"id":14},
{"type":"Feature","geometry":{"type":"LineString","coordinates":[[-117.697318,43.072058],[-117.711501,43.080273],[-117.714813,43.106223],[-117.705658,43.118067],[-117.701743,43.133062],[-117.687805,43.139544],[-117.663388,43.139909],[-117.659677,43.182889],[-117.644745,43.19397]]},"properties":{"OBJECTID":15,"fhdFtrID":15,"fhdRefID":53580,"fhdRevDt":"20190705","fhdONm":"Jay Stevens","fhdOEnt":"BLM","fhdSpNm":"White crappie","fhdRun":"NA","fhdLifeHst":"Resident","fhdUseTy":"ResidentMultipleUses","fhdBasis":"DocObsFish","fhdStNm":"Owyhee River","fhdGenus":"Pomoxis","fhdSp":"annularis","fhdSubSp":null,"fhdOrig":"NonNative","fhdProd":"Natural","fhdComment":null,"fhdESH":"NA","fhdBasisD":null,"fhdNMF":"no","fhdBasisDt":null,"fhdBasisNm":null,"fhdBasisEnt":null,"fhdBasisPrj":null,"fhdBasisMethod":null,"fhdAccess":null,"fhdBarrierFtrID":null,"fhdEndExtent":null,"Shape__Length":28683.610207391746,"habitatType":"stream"},"id":15},
{"type":"Feature","geometry":{"type":"Polygon","coordinates":[[[-120.703463,42.223429],[-120.702769,42.221848],[-120.709938,42.218547],[-120.710908,42.215419],[-120.70813,42.208613],[-120.705632,42.207856],[-120.701702,42.210916],[-120.6968,42.209922],[-120.696152,42.208135],[-120.702813,42.208408],[-120.702025,42.205416],[-120.692636,42.196582],[-120.686626,42.193489],[-120.686812,42.189193],[-120.691019,42.187611],[-120.691942,42.185343],[-120.685702,42.183416],[-120.681125,42.179086],[-120.680479,42.173035],[-120.677984,42.169013],[-120.678865,42.161516],[-120.676923,42.15918],[-120.677339,42.156361],[-120.675955,42.153919],[-120.672812,42.155499],[-120.667729,42.155188],[-120.664682,42.152096],[-120.666623,42.149416],[-120.66362,42.148449],[-120.657757,42.143053],[-120.653231,42.141091],[-120.658407,42.137482],[-120.66298,42.133289],[-120.659747,42.132773],[-120.652818,42.137377],[-120.649767,42.138305],[-120.643905,42.135519],[-120.635781,42.130426],[-120.626649,42.119926],[-120.623306,42.121068],[-120.617892,42.120069],[-120.616689,42.121345],[-120.62243,42.123135],[-120.624375,42.124683],[-120.626961,42.129906],[-120.631204,42.134276],[-120.63051,42.135446],[-120.635309,42.140192],[-120.636185,42.14284],[-120.639922,42.147208],[-120.643201,42.149441],[-120.645647,42.15312],[-120.648372,42.154874],[-120.648969,42.1578],[-120.651786,42.160825],[-120.654278,42.166018],[-120.656633,42.173234],[-120.655153,42.175059],[-120.657185,42.177019],[-120.663746,42.180287],[-120.665223,42.18441],[-120.663234,42.188228],[-120.667948,42.194142],[-120.665912,42.197063],[-120.670581,42.199058],[-120.67969,42.205416],[-120.681168,42.208098],[-120.686717,42.209507],[-120.691943,42.21226],[-120.691343,42.216075],[-120.693471,42.21941],[-120.703463,42.223429]]]},"properties":{"OBJECTID":1,"fhdFtrID":1,"fhdRefID":53684,"fhdRevDt":"20180122","fhdONm":"Peter Robinson","fhdOEnt":"ODFW","fhdSpNm":"White crappie","fhdRun":"NA","fhdLifeHst":"Resident","fhdUseTy":"ResidentMultipleUses","fhdBasis":"UndocObsFish","fhdStNm":"Drews Reservoir","fhdGenus":"Pomoxis","fhdSp":"annularis","fhdSubSp":null,"fhdOrig":"NonNative","fhdProd":"Unknown","fhdComment":null,"fhdESH":"NA","fhdBasisD":null,"fhdNMF":"no","fhdBasisDt":null,"fhdBasisNm":null,"fhdBasisEnt":null,"fhdBasisPrj":null,"fhdBasisMethod":null,"fhdAccess":null,"fhdBarrierFtrID":null,"fhdEndExtent":null,"Shape__Area":34605317.33263022,"Shape__Length":64788.83016157339,"habitatType":"lake"},"id":16},
{"type":"Feature","geometry":{"type":"Polygon","coordinates":[[[-116.701875,45.236909],[-116.700389,45.242403],[-116.702999,45.243297],[-116.706749,45.237817],[-116.705282,45.234058],[-116.706655,45.227379],[-116.710882,45.221827],[-116.711583,45.215194],[-116.709814,45.210951],[-116.709968,45.204311],[-116.710942,45.201575],[-116.715638,45.193619],[-116.717666,45.186338],[-116.721826,45.179636],[-116.726524,45.174467],[-116.726851,45.172399],[-116.725341,45.161835],[-116.728725,45.156556],[-116.730448,45.150976],[-116.731245,45.14272],[-116.732493,45.14085],[-116.745554,45.134235],[-116.746985,45.132522],[-116.746461,45.12774],[-116.753559,45.123023],[-116.755268,45.115055],[-116.759314,45.112198],[-116.767405,45.11022],[-116.775547,45.10696],[-116.780236,45.101232],[-116.784584,45.094352],[-116.785297,45.084265],[-116.786609,45.080008],[-116.78502,45.07846],[-116.788771,45.073694],[-116.791102,45.072049],[-116.79675,45.06478],[-116.797708,45.061286],[-116.801784,45.057761],[-116.805915,45.055396],[-116.8212,45.045006],[-116.826005,45.039425],[-116.832989,45.035776],[-116.842809,45.03143],[-116.844175,45.028286],[-116.849371,45.022797],[-116.849632,45.020435],[-116.846883,45.018081],[-116.845708,45.014351],[-116.848953,45.011915],[-116.846531,45.008125],[-116.845376,45.002036],[-116.852852,44.992643],[-116.856176,44.986222],[-116.858615,44.984408],[-116.859525,44.98009],[-116.858809,44.977019],[-116.85375,44.972117],[-116.8481,44.970874],[-116.843853,44.974939],[-116.838902,44.982263],[-116.836832,44.983574],[-116.83081,44.984394],[-116.826688,44.982595],[-116.831431,44.975655],[-116.834785,44.973404],[-116.833026,44.972159],[-116.827986,44.978655],[-116.825428,44.984074],[-116.83268,44.985385],[-116.840464,44.98354],[-116.845546,44.975361],[-116.849841,44.972385],[-116.853046,44.973103],[-116.857872,44.978334],[-116.856532,44.983405],[-116.851731,44.991463],[-116.844369,45.000356],[-116.843388,45.005459],[-116.844127,45.009536],[-116.845913,45.011691],[-116.843666,45.015845],[-116.846554,45.023173],[-116.842912,45.026373],[-116.841847,45.029213],[-116.834988,45.032145],[-116.823985,45.037644],[-116.816186,45.045822],[-116.807442,45.050415],[-116.796455,45.058499],[-116.794025,45.063958],[-116.791932,45.06517],[-116.786959,45.072224],[-116.782268,45.075597],[-116.78128,45.078634],[-116.782619,45.081341],[-116.78242,45.094007],[-116.776922,45.100198],[-116.774138,45.104613],[-116.765428,45.108669],[-116.759013,45.110631],[-116.753252,45.113273],[-116.750634,45.118783],[-116.745399,45.121653],[-116.740604,45.125974],[-116.740405,45.129702],[-116.736842,45.131556],[-116.733119,45.136774],[-116.728866,45.139904],[-116.726092,45.149239],[-116.72662,45.155042],[-116.723763,45.159108],[-116.722278,45.164702],[-116.723284,45.172031],[-116.720275,45.178483],[-116.715866,45.184205],[-116.712708,45.194925],[-116.70876,45.198754],[-116.706513,45.207782],[-116.708258,45.21641],[-116.702762,45.228063],[-116.701875,45.236909]]]},"properties":{"OBJECTID":2,"fhdFtrID":2,"fhdRefID":53684,"fhdRevDt":"20190212","fhdONm":"Peter Robinson","fhdOEnt":"ODFW","fhdSpNm":"White crappie","fhdRun":"NA","fhdLifeHst":"Resident","fhdUseTy":"ResidentMultipleUses","fhdBasis":"UndocObsFish","fhdStNm":"Hells Canyon Reservoir","fhdGenus":"Pomoxis","fhdSp":"annularis","fhdSubSp":null,"fhdOrig":"NonNative","fhdProd":"Unknown","fhdComment":null,"fhdESH":"NA","fhdBasisD":null,"fhdNMF":"no","fhdBasisDt":null,"fhdBasisNm":null,"fhdBasisEnt":null,"fhdBasisPrj":null,"fhdBasisMethod":null,"fhdAccess":null,"fhdBarrierFtrID":null,"fhdEndExtent":null,"Shape__Area":18695910.95635435,"Shape__Length":121775.12852254763,"habitatType":"lake"},"id":17},
{"type":"Feature","geometry":{"type":"Polygon","coordinates":[[[-117.313619,43.110899],[-117.320894,43.109329],[-117.318429,43.105646],[-117.31926,43.104295],[-117.325988,43.104718],[-117.331232,43.103855],[-117.33312,43.105474],[-117.335854,43.103574],[-117.344911,43.102441],[-117.344864,43.099658],[-117.336257,43.099276],[-117.334121,43.097092],[-117.329942,43.09925],[-117.324294,43.099706],[-117.319476,43.095869],[-117.315012,43.097039],[-117.311813,43.094442],[-117.31218,43.092279],[-117.305754,43.090522],[-117.300968,43.090599],[-117.298525,43.093162],[-117.295042,43.09404],[-117.297213,43.099063],[-117.297317,43.102988],[-117.304936,43.10508],[-117.312196,43.108748],[-117.313619,43.110899]]]},"properties":{"OBJECTID":3,"fhdFtrID":3,"fhdRefID":53684,"fhdRevDt":"20190219","fhdONm":"Peter Robinson","fhdOEnt":"ODFW","fhdSpNm":"White crappie","fhdRun":"NA","fhdLifeHst":"Resident","fhdUseTy":"ResidentMultipleUses","fhdBasis":"UndocObsFish","fhdStNm":"Cow Lakes","fhdGenus":"Pomoxis","fhdSp":"annularis","fhdSubSp":null,"fhdOrig":"NonNative","fhdProd":"Unknown","fhdComment":null,"fhdESH":"NA","fhdBasisD":null,"fhdNMF":"no","fhdBasisDt":null,"fhdBasisNm":null,"fhdBasisEnt":null,"fhdBasisPrj":null,"fhdBasisMethod":null,"fhdAccess":null,"fhdBarrierFtrID":null,"fhdEndExtent":null,"Shape__Area":7936151.21547595,"Shape__Length":23213.031564203116,"habitatType":"lake"},"id":18},
{"type":"Feature","geometry":{"type":"Polygon","coordinates":[[[-116.837628,44.968133],[-116.845592,44.96818],[-116.852068,44.964849],[-116.85394,44.961655],[-116.849957,44.95272],[-116.846719,44.950222],[-116.842704,44.944131],[-116.835297,44.936955],[-116.833737,44.932911],[-116.834506,44.929915],[-116.839642,44.924404],[-116.840047,44.920011],[-116.842946,44.916208],[-116.844918,44.908694],[-116.849151,44.903343],[-116.851011,44.899088],[-116.854194,44.887875],[-116.857748,44.88472],[-116.858653,44.882228],[-116.865413,44.874904],[-116.865877,44.871758],[-116.867851,44.870023],[-116.878221,44.866415],[-116.879752,44.8627],[-116.884872,44.858346],[-116.894041,44.855419],[-116.88932,44.854375],[-116.884102,44.856759],[-116.868336,44.868772],[-116.863507,44.87109],[-116.860666,44.877117],[-116.858651,44.877835],[-116.854778,44.882538],[-116.854888,44.884068],[-116.850518,44.889122],[-116.850508,44.893038],[-116.848156,44.896545],[-116.848414,44.899453],[-116.844108,44.904029],[-116.841191,44.909778],[-116.840341,44.914683],[-116.837675,44.916587],[-116.835831,44.923408],[-116.831661,44.927786],[-116.830743,44.934167],[-116.833429,44.938744],[-116.834569,44.943085],[-116.836471,44.943114],[-116.839868,44.947566],[-116.845472,44.951715],[-116.843983,44.953693],[-116.849386,44.957932],[-116.850139,44.96075],[-116.846948,44.96378],[-116.843091,44.964449],[-116.837628,44.968133]]]},"properties":{"OBJECTID":4,"fhdFtrID":4,"fhdRefID":53684,"fhdRevDt":"20190219","fhdONm":"Peter Robinson","fhdOEnt":"ODFW","fhdSpNm":"White crappie","fhdRun":"NA","fhdLifeHst":"Resident","fhdUseTy":"ResidentMultipleUses","fhdBasis":"UndocObsFish","fhdStNm":"Oxbow Reservoir","fhdGenus":"Pomoxis","fhdSp":"annularis","fhdSubSp":null,"fhdOrig":"NonNative","fhdProd":"Unknown","fhdComment":null,"fhdESH":"NA","fhdBasisD":null,"fhdNMF":"no","fhdBasisDt":null,"fhdBasisNm":null,"fhdBasisEnt":null,"fhdBasisPrj":null,"fhdBasisMethod":null,"fhdAccess":null,"fhdBarrierFtrID":null,"fhdEndExtent":null,"Shape__Area":8922295.49513655,"Shape__Length":57451.92246342264,"habitatType":"lake"},"id":19},
{"type":"Feature","geometry":{"type":"Polygon","coordinates":[[[-117.421056,44.03461],[-117.426967,44.036642],[-117.432636,44.035534],[-117.436158,44.032383],[-117.434584,44.028036],[-117.424778,44.029287],[-117.421605,44.03134],[-117.417202,44.027261],[-117.411703,44.025394],[-117.410397,44.020393],[-117.406921,44.019146],[-117.404641,44.016649],[-117.399335,44.012882],[-117.397958,44.013518],[-117.395254,44.019269],[-117.397747,44.021696],[-117.401025,44.021571],[-117.407306,44.025074],[-117.405213,44.026802],[-117.40735,44.029372],[-117.414933,44.031843],[-117.415952,44.034385],[-117.421056,44.03461]]]},"properties":{"OBJECTID":5,"fhdFtrID":5,"fhdRefID":53684,"fhdRevDt":"20190219","fhdONm":"Peter Robinson","fhdOEnt":"ODFW","fhdSpNm":"White crappie","fhdRun":"NA","fhdLifeHst":"Resident","fhdUseTy":"ResidentMultipleUses","fhdBasis":"UndocObsFish","fhdStNm":"Bully Creek Reservoir","fhdGenus":"Pomoxis","fhdSp":"annularis","fhdSubSp":null,"fhdOrig":"NonNative","fhdProd":"Unknown","fhdComment":null,"fhdESH":"NA","fhdBasisD":null,"fhdNMF":"no","fhdBasisDt":null,"fhdBasisNm":null,"fhdBasisEnt":null,"fhdBasisPrj":null,"fhdBasisMethod":null,"fhdAccess":null,"fhdBarrierFtrID":null,"fhdEndExtent":null,"Shape__Area":4786584.97927659,"Shape__Length":20134.498932298662,"habitatType":"lake"},"id":20},
{"type":"Feature","geometry":{"type":"Polygon","coordinates":[[[-117.048689,44.743379],[-117.052256,44.741807],[-117.05529,44.737856],[-117.054829,44.73548],[-117.057716,44.732347],[-117.062051,44.730887],[-117.063367,44.729081],[-117.064291,44.724175],[-117.063329,44.723199],[-117.064468,44.717277],[-117.066523,44.712492],[-117.066653,44.707322],[-117.070916,44.702202],[-117.076017,44.699924],[-117.081541,44.695796],[-117.083909,44.691965],[-117.084499,44.68578],[-117.081113,44.68048],[-117.082889,44.676588],[-117.086456,44.673811],[-117.090832,44.671988],[-117.098742,44.665527],[-117.10096,44.65826],[-117.101646,44.649852],[-117.104166,44.646921],[-117.105247,44.643359],[-117.109215,44.635092],[-117.111625,44.631244],[-117.117555,44.627504],[-117.122221,44.62107],[-117.124519,44.613962],[-117.124883,44.609401],[-117.127078,44.605483],[-117.126391,44.601608],[-117.131007,44.594098],[-117.129994,44.585832],[-117.13062,44.581321],[-117.133279,44.579095],[-117.138687,44.576743],[-117.14109,44.576815],[-117.148134,44.5728],[-117.151384,44.568966],[-117.150873,44.562237],[-117.146901,44.557538],[-117.146428,44.554097],[-117.148058,44.548829],[-117.153373,44.542942],[-117.157127,44.539958],[-117.158986,44.53621],[-117.163691,44.533258],[-117.166338,44.533275],[-117.17062,44.529972],[-117.177134,44.526845],[-117.183671,44.525062],[-117.18763,44.522651],[-117.191495,44.51903],[-117.196519,44.516023],[-117.199472,44.511511],[-117.199056,44.505249],[-117.199707,44.501353],[-117.204429,44.493732],[-117.21057,44.491096],[-117.210515,44.488961],[-117.215307,44.488582],[-117.224498,44.486477],[-117.229578,44.482293],[-117.230179,44.475801],[-117.225558,44.467191],[-117.221693,44.463044],[-117.217135,44.449939],[-117.218504,44.445526],[-117.21827,44.438024],[-117.217448,44.43359],[-117.21832,44.431685],[-117.217567,44.426499],[-117.22117,44.419067],[-117.226335,44.41412],[-117.22751,44.407611],[-117.236929,44.400714],[-117.241873,44.39945],[-117.244977,44.395222],[-117.245271,44.390978],[-117.23864,44.378601],[-117.237106,44.374244],[-117.232542,44.370141],[-117.2315,44.367803],[-117.228254,44.365444],[-117.221689,44.363109],[-117.217234,44.359405],[-117.213569,44.357897],[-117.206033,44.352459],[-117.203859,44.349551],[-117.198314,44.346429],[-117.19416,44.340409],[-117.191024,44.337599],[-117.192094,44.330821],[-117.197217,44.327116],[-117.200236,44.322154],[-117.201641,44.318076],[-117.205737,44.312829],[-117.220235,44.308226],[-117.223825,44.305744],[-117.228607,44.30099],[-117.224769,44.298357],[-117.22346,44.295196],[-117.218053,44.287662],[-117.21508,44.285369],[-117.209494,44.282999],[-117.207805,44.280958],[-117.206443,44.275909],[-117.201217,44.271343],[-117.19474,44.26861],[-117.192066,44.265175],[-117.181175,44.260312],[-117.174073,44.258215],[-117.158778,44.256324],[-117.153983,44.255154],[-117.149471,44.252809],[-117.14366,44.25279],[-117.14013,44.256104],[-117.132453,44.260316],[-117.134851,44.263548],[-117.140538,44.260638],[-117.145129,44.25941],[-117.156936,44.258552],[-117.164649,44.260585],[-117.168513,44.260091],[-117.173324,44.263023],[-117.183848,44.268199],[-117.19089,44.271069],[-117.203244,44.280113],[-117.205124,44.283494],[-117.209931,44.28582],[-117.210038,44.287274],[-117.214121,44.29403],[-117.216162,44.295571],[-117.214874,44.302328],[-117.209702,44.306813],[-117.205453,44.308614],[-117.199783,44.315629],[-117.198148,44.320815],[-117.195213,44.325349],[-117.190236,44.329526],[-117.18846,44.336607],[-117.191342,44.340069],[-117.194982,44.347797],[-117.2007,44.349874],[-117.202927,44.353311],[-117.20924,44.358853],[-117.215009,44.36114],[-117.217336,44.364098],[-117.226168,44.36915],[-117.230257,44.372825],[-117.233856,44.378033],[-117.23346,44.379388],[-117.236654,44.383591],[-117.238916,44.388639],[-117.240318,44.389336],[-117.241372,44.39529],[-117.230643,44.399866],[-117.224652,44.403864],[-117.22183,44.408946],[-117.222154,44.41258],[-117.219744,44.416543],[-117.214723,44.420232],[-117.212804,44.428366],[-117.2143,44.433157],[-117.211905,44.438316],[-117.212917,44.441797],[-117.211915,44.444342],[-117.213083,44.451899],[-117.212256,44.4546],[-117.214825,44.458084],[-117.216099,44.462441],[-117.214353,44.464791],[-117.21689,44.465954],[-117.218326,44.471222],[-117.221763,44.475979],[-117.220103,44.482242],[-117.21647,44.483927],[-117.209333,44.484423],[-117.201583,44.488507],[-117.195581,44.494309],[-117.190083,44.503329],[-117.188527,44.50846],[-117.18891,44.510919],[-117.186486,44.514503],[-117.179652,44.520018],[-117.161869,44.523643],[-117.156644,44.525463],[-117.150611,44.529106],[-117.148,44.533693],[-117.142954,44.539382],[-117.139426,44.546065],[-117.13681,44.554049],[-117.137068,44.556738],[-117.143156,44.566197],[-117.135168,44.57043],[-117.129048,44.571975],[-117.122937,44.576809],[-117.120294,44.582683],[-117.122497,44.589613],[-117.122648,44.594678],[-117.120318,44.5998],[-117.12161,44.601764],[-117.118474,44.607594],[-117.118086,44.611627],[-117.115464,44.617457],[-117.111442,44.623347],[-117.106818,44.626175],[-117.102526,44.631412],[-117.099693,44.637132],[-117.096513,44.640382],[-117.095564,44.647121],[-117.093083,44.651386],[-117.092855,44.657285],[-117.094273,44.663119],[-117.089106,44.665266],[-117.082925,44.670211],[-117.077335,44.67306],[-117.074337,44.682462],[-117.075491,44.683702],[-117.075092,44.688235],[-117.068084,44.697054],[-117.062129,44.702125],[-117.058796,44.70826],[-117.059843,44.713172],[-117.058649,44.716876],[-117.056309,44.719543],[-117.05523,44.72631],[-117.047461,44.732247],[-117.045442,44.740061],[-117.034505,44.74587],[-117.027541,44.749139],[-117.024045,44.748671],[-117.016304,44.750685],[-117.010409,44.754151],[-117.006266,44.753671],[-116.997003,44.75417],[-116.990728,44.755841],[-116.984316,44.761288],[-116.973036,44.768371],[-116.969762,44.769014],[-116.967806,44.771759],[-116.956597,44.772628],[-116.945858,44.777074],[-116.940934,44.778139],[-116.930547,44.784779],[-116.930046,44.787023],[-116.924828,44.791193],[-116.924511,44.793696],[-116.918437,44.79398],[-116.917874,44.795879],[-116.925913,44.797806],[-116.924323,44.80381],[-116.916689,44.811288],[-116.913582,44.811886],[-116.913179,44.816506],[-116.909815,44.82106],[-116.907115,44.822223],[-116.904976,44.827008],[-116.902592,44.829553],[-116.901842,44.832895],[-116.899835,44.835199],[-116.904676,44.838131],[-116.909013,44.83467],[-116.909639,44.832897],[-116.915232,44.828454],[-116.91558,44.825792],[-116.918466,44.821353],[-116.924204,44.814807],[-116.928438,44.811394],[-116.9321,44.810132],[-116.936286,44.805995],[-116.937543,44.80122],[-116.937459,44.79401],[-116.936041,44.792028],[-116.938199,44.788796],[-116.940263,44.788895],[-116.943948,44.783034],[-116.948147,44.781283],[-116.953194,44.78064],[-116.960158,44.777429],[-116.965205,44.777379],[-116.967324,44.779282],[-116.983051,44.768708],[-116.984637,44.76851],[-116.992936,44.761998],[-116.996024,44.760734],[-117.008123,44.760582],[-117.01608,44.760025],[-117.017276,44.758171],[-117.023093,44.755347],[-117.031281,44.753797],[-117.039147,44.749592],[-117.043398,44.749291],[-117.047981,44.74687],[-117.047809,44.753164],[-117.043934,44.754255],[-117.045096,44.75836],[-117.047536,44.761308],[-117.051442,44.762373],[-117.052388,44.764744],[-117.057696,44.765918],[-117.062048,44.770303],[-117.07184,44.77005],[-117.07372,44.773381],[-117.078574,44.773524],[-117.08124,44.775395],[-117.092381,44.775766],[-117.095955,44.773899],[-117.095745,44.770431],[-117.101915,44.767948],[-117.108456,44.769054],[-117.11045,44.768011],[-117.115643,44.768129],[-117.118029,44.765714],[-117.117379,44.762701],[-117.118664,44.76073],[-117.122768,44.759614],[-117.125538,44.756715],[-117.130482,44.755287],[-117.13915,44.755592],[-117.142693,44.757442],[-117.14528,44.756467],[-117.151661,44.756548],[-117.157217,44.7552],[-117.161229,44.753205],[-117.161389,44.751647],[-117.157344,44.749553],[-117.157061,44.746814],[-117.152333,44.744936],[-117.148159,44.746548],[-117.138247,44.747444],[-117.136482,44.749337],[-117.131815,44.749279],[-117.127372,44.754156],[-117.122289,44.758138],[-117.119016,44.759271],[-117.115657,44.757549],[-117.111968,44.758001],[-117.110676,44.760882],[-117.114861,44.763394],[-117.115479,44.765397],[-117.107939,44.767611],[-117.102931,44.766592],[-117.096199,44.768268],[-117.093811,44.769827],[-117.092457,44.773905],[-117.084483,44.774291],[-117.082094,44.772047],[-117.077587,44.771016],[-117.075483,44.767476],[-117.071192,44.766083],[-117.066871,44.767548],[-117.063797,44.767461],[-117.053853,44.761917],[-117.053437,44.760013],[-117.049925,44.757944],[-117.049849,44.755112],[-117.05196,44.75301],[-117.051444,44.751007],[-117.055049,44.749737],[-117.05299,44.744367],[-117.048689,44.743379],[-117.047889,44.743589],[-117.048689,44.743379]]]},"properties":{"OBJECTID":6,"fhdFtrID":6,"fhdRefID":53684,"fhdRevDt":"20190219","fhdONm":"Peter Robinson","fhdOEnt":"ODFW","fhdSpNm":"White crappie","fhdRun":"NA","fhdLifeHst":"Resident","fhdUseTy":"ResidentMultipleUses","fhdBasis":"UndocObsFish","fhdStNm":"Brownlee Reservoir","fhdGenus":"Pomoxis","fhdSp":"annularis","fhdSubSp":null,"fhdOrig":"NonNative","fhdProd":"Unknown","fhdComment":null,"fhdESH":"NA","fhdBasisD":null,"fhdNMF":"no","fhdBasisDt":null,"fhdBasisNm":null,"fhdBasisEnt":null,"fhdBasisPrj":null,"fhdBasisMethod":null,"fhdAccess":null,"fhdBarrierFtrID":null,"fhdEndExtent":null,"Shape__Area":110800209.22875844,"Shape__Length":373252.3066615128,"habitatType":"lake"},"id":21},
{"type":"Feature","geometry":{"type":"Polygon","coordinates":[[[-119.024128,46.202282],[-119.027075,46.203138],[-119.026899,46.206659],[-119.020385,46.214018],[-119.017587,46.214785],[-119.012338,46.218107],[-119.003753,46.221854],[-118.994248,46.224789],[-118.985339,46.229341],[-118.978269,46.234427],[-118.974065,46.23589],[-118.968563,46.235539],[-118.956162,46.236544],[-118.951087,46.236276],[-118.931516,46.239871],[-118.917468,46.241048],[-118.914479,46.242043],[-118.908954,46.24187],[-118.896429,46.245966],[-118.884253,46.247612],[-118.880071,46.247483],[-118.880197,46.250481],[-118.885051,46.251064],[-118.894694,46.249798],[-118.904501,46.247668],[-118.910659,46.246985],[-118.928092,46.243623],[-118.931895,46.243442],[-118.953761,46.240942],[-118.96127,46.241821],[-118.969041,46.241287],[-118.97817,46.239869],[-118.986199,46.237349],[-118.997608,46.232799],[-119.005997,46.230011],[-119.009619,46.227704],[-119.011985,46.224551],[-119.0197,46.220676],[-119.023368,46.218133],[-119.033953,46.208455],[-119.039017,46.198348],[-119.032362,46.189711],[-119.027243,46.192465],[-119.027326,46.19262],[-119.030903,46.198641],[-119.030402,46.199059],[-119.030082,46.199157],[-119.029629,46.199359],[-119.029399,46.199503],[-119.02901,46.199685],[-119.02863,46.199737],[-119.027153,46.20023],[-119.026891,46.200407],[-119.024328,46.201774],[-119.024128,46.202282]],[[-118.994437,46.231293],[-118.989375,46.234365],[-118.987389,46.233238],[-118.99095,46.23044],[-118.994437,46.231293]]]},"properties":{"OBJECTID":7,"fhdFtrID":7,"fhdRefID":53684,"fhdRevDt":"20190219","fhdONm":"Peter Robinson","fhdOEnt":"ODFW","fhdSpNm":"White crappie","fhdRun":"NA","fhdLifeHst":"Resident","fhdUseTy":"ResidentMultipleUses","fhdBasis":"UndocObsFish","fhdStNm":"Lake Wallula","fhdGenus":"Pomoxis","fhdSp":"annularis","fhdSubSp":null,"fhdOrig":"NonNative","fhdProd":"Unknown","fhdComment":null,"fhdESH":"NA","fhdBasisD":null,"fhdNMF":"no","fhdBasisDt":null,"fhdBasisNm":null,"fhdBasisEnt":null,"fhdBasisPrj":null,"fhdBasisMethod":null,"fhdAccess":null,"fhdBarrierFtrID":null,"fhdEndExtent":null,"Shape__Area":16630197.08352501,"Shape__Length":80679.66388100637,"habitatType":"lake"},"id":22},
{"type":"Feature","geometry":{"type":"Polygon","coordinates":[[[-119.707827,45.836083],[-119.708267,45.837086],[-119.709844,45.836965],[-119.707827,45.836083]]]},"properties":{"OBJECTID":8,"fhdFtrID":8,"fhdRefID":53684,"fhdRevDt":"20190219","fhdONm":"Peter Robinson","fhdOEnt":"ODFW","fhdSpNm":"White crappie","fhdRun":"NA","fhdLifeHst":"Resident","fhdUseTy":"ResidentMultipleUses","fhdBasis":"UndocObsFish","fhdStNm":"Messner Pond #2","fhdGenus":"Pomoxis","fhdSp":"annularis","fhdSubSp":null,"fhdOrig":"NonNative","fhdProd":"Unknown","fhdComment":null,"fhdESH":"NA","fhdBasisD":null,"fhdNMF":"no","fhdBasisDt":null,"fhdBasisNm":null,"fhdBasisEnt":null,"fhdBasisPrj":null,"fhdBasisMethod":null,"fhdAccess":null,"fhdBarrierFtrID":null,"fhdEndExtent":null,"Shape__Area":22729.277997265,"Shape__Length":695.9091372764744,"habitatType":"lake"},"id":23},
{"type":"Feature","geometry":{"type":"Polygon","coordinates":[[[-119.133022,45.873813],[-119.137419,45.873788],[-119.146161,45.870889],[-119.157523,45.869807],[-119.161473,45.868881],[-119.165131,45.870242],[-119.168549,45.864554],[-119.171265,45.865712],[-119.173644,45.862679],[-119.17286,45.859355],[-119.175106,45.855489],[-119.173269,45.853645],[-119.168458,45.851972],[-119.165388,45.853551],[-119.162147,45.851845],[-119.158512,45.853489],[-119.157632,45.856133],[-119.150216,45.852999],[-119.146573,45.853705],[-119.142948,45.851987],[-119.139881,45.849019],[-119.133728,45.848369],[-119.131363,45.850864],[-119.136761,45.853351],[-119.141099,45.857954],[-119.141276,45.861421],[-119.133617,45.866689],[-119.131409,45.869194],[-119.126134,45.870011],[-119.126938,45.872489],[-119.133022,45.873813]]]},"properties":{"OBJECTID":9,"fhdFtrID":9,"fhdRefID":53684,"fhdRevDt":"20190219","fhdONm":"Peter Robinson","fhdOEnt":"ODFW","fhdSpNm":"White crappie","fhdRun":"NA","fhdLifeHst":"Resident","fhdUseTy":"ResidentMultipleUses","fhdBasis":"UndocObsFish","fhdStNm":"Cold Springs Reservoir","fhdGenus":"Pomoxis","fhdSp":"annularis","fhdSubSp":null,"fhdOrig":"NonNative","fhdProd":"Unknown","fhdComment":null,"fhdESH":"NA","fhdBasisD":null,"fhdNMF":"no","fhdBasisDt":null,"fhdBasisNm":null,"fhdBasisEnt":null,"fhdBasisPrj":null,"fhdBasisMethod":null,"fhdAccess":null,"fhdBarrierFtrID":null,"fhdEndExtent":null,"Shape__Area":12015915.16537001,"Shape__Length":27144.181979585923,"habitatType":"lake"},"id":24},
{"type":"Feature","geometry":{"type":"Polygon","coordinates":[[[-121.322528,45.695857],[-121.326239,45.69645],[-121.329706,45.694178],[-121.322246,45.69414],[-121.322528,45.695857]]]},"properties":{"OBJECTID":10,"fhdFtrID":10,"fhdRefID":53684,"fhdRevDt":"20190219","fhdONm":"Peter Robinson","fhdOEnt":"ODFW","fhdSpNm":"White crappie","fhdRun":"NA","fhdLifeHst":"Resident","fhdUseTy":"ResidentMultipleUses","fhdBasis":"UndocObsFish","fhdStNm":"McClure Lake","fhdGenus":"Pomoxis","fhdSp":"annularis","fhdSubSp":null,"fhdOrig":"NonNative","fhdProd":"Unknown","fhdComment":null,"fhdESH":"NA","fhdBasisD":null,"fhdNMF":"no","fhdBasisDt":null,"fhdBasisNm":null,"fhdBasisEnt":null,"fhdBasisPrj":null,"fhdBasisMethod":null,"fhdAccess":null,"fhdBarrierFtrID":null,"fhdEndExtent":null,"Shape__Area":447526.444337235,"Shape__Length":4336.19005930949,"habitatType":"lake"},"id":25},
{"type":"Feature","geometry":{"type":"Polygon","coordinates":[[[-123.937215,46.147943],[-123.938028,46.146599],[-123.934421,46.138518],[-123.933182,46.140213],[-123.937215,46.147943]]]},"properties":{"OBJECTID":11,"fhdFtrID":11,"fhdRefID":53684,"fhdRevDt":"20190219","fhdONm":"Peter Robinson","fhdOEnt":"ODFW","fhdSpNm":"White crappie","fhdRun":"NA","fhdLifeHst":"Resident","fhdUseTy":"ResidentMultipleUses","fhdBasis":"UndocObsFish","fhdStNm":"Smith Lake","fhdGenus":"Pomoxis","fhdSp":"annularis","fhdSubSp":null,"fhdOrig":"NonNative","fhdProd":"Unknown","fhdComment":null,"fhdESH":"NA","fhdBasisD":null,"fhdNMF":"no","fhdBasisDt":null,"fhdBasisNm":null,"fhdBasisEnt":null,"fhdBasisPrj":null,"fhdBasisMethod":null,"fhdAccess":null,"fhdBarrierFtrID":null,"fhdEndExtent":null,"Shape__Area":371773.45582826,"Shape__Length":5336.1357325247845,"habitatType":"lake"},"id":26},
{"type":"Feature","geometry":{"type":"Polygon","coordinates":[[[-122.89005,46.036649],[-122.891342,46.036518],[-122.890801,46.033149],[-122.88831,46.035551],[-122.89005,46.036649]]]},"properties":{"OBJECTID":12,"fhdFtrID":12,"fhdRefID":53684,"fhdRevDt":"20190219","fhdONm":"Peter Robinson","fhdOEnt":"ODFW","fhdSpNm":"White crappie","fhdRun":"NA","fhdLifeHst":"Resident","fhdUseTy":"ResidentMultipleUses","fhdBasis":"UndocObsFish","fhdStNm":"Recreation Lake ","fhdGenus":"Pomoxis","fhdSp":"annularis","fhdSubSp":null,"fhdOrig":"NonNative","fhdProd":"Unknown","fhdComment":null,"fhdESH":"NA","fhdBasisD":null,"fhdNMF":"no","fhdBasisDt":null,"fhdBasisNm":null,"fhdBasisEnt":null,"fhdBasisPrj":null,"fhdBasisMethod":null,"fhdAccess":null,"fhdBarrierFtrID":null,"fhdEndExtent":null,"Shape__Area":223027.362977965,"Shape__Length":4760.134842351155,"habitatType":"lake"},"id":27},
{"type":"Feature","geometry":{"type":"Polygon","coordinates":[[[-122.120183,45.578454],[-122.123754,45.578836],[-122.124994,45.576701],[-122.120589,45.577608],[-122.120183,45.578454]]]},"properties":{"OBJECTID":13,"fhdFtrID":13,"fhdRefID":53684,"fhdRevDt":"20190219","fhdONm":"Peter Robinson","fhdOEnt":"ODFW","fhdSpNm":"White crappie","fhdRun":"NA","fhdLifeHst":"Resident","fhdUseTy":"ResidentMultipleUses","fhdBasis":"UndocObsFish","fhdStNm":"Benson Lake","fhdGenus":"Pomoxis","fhdSp":"annularis","fhdSubSp":null,"fhdOrig":"NonNative","fhdProd":"Unknown","fhdComment":null,"fhdESH":"NA","fhdBasisD":null,"fhdNMF":"no","fhdBasisDt":null,"fhdBasisNm":null,"fhdBasisEnt":null,"fhdBasisPrj":null,"fhdBasisMethod":null,"fhdAccess":null,"fhdBarrierFtrID":null,"fhdEndExtent":null,"Shape__Area":190530.223523615,"Shape__Length":1873.0431266569778,"habitatType":"lake"},"id":28},
{"type":"Feature","geometry":{"type":"Polygon","coordinates":[[[-122.227257,45.543582],[-122.230271,45.543642],[-122.238586,45.542278],[-122.241585,45.543078],[-122.24519,45.541342],[-122.236329,45.541642],[-122.227257,45.543582]]]},"properties":{"OBJECTID":14,"fhdFtrID":14,"fhdRefID":53684,"fhdRevDt":"20190219","fhdONm":"Peter Robinson","fhdOEnt":"ODFW","fhdSpNm":"White crappie","fhdRun":"NA","fhdLifeHst":"Resident","fhdUseTy":"ResidentMultipleUses","fhdBasis":"UndocObsFish","fhdStNm":"Mirror Pond","fhdGenus":"Pomoxis","fhdSp":"annularis","fhdSubSp":null,"fhdOrig":"NonNative","fhdProd":"Unknown","fhdComment":null,"fhdESH":"NA","fhdBasisD":null,"fhdNMF":"no","fhdBasisDt":null,"fhdBasisNm":null,"fhdBasisEnt":null,"fhdBasisPrj":null,"fhdBasisMethod":null,"fhdAccess":null,"fhdBarrierFtrID":null,"fhdEndExtent":null,"Shape__Area":285601.220385745,"Shape__Length":6442.146456840715,"habitatType":"lake"},"id":29},
{"type":"Feature","geometry":{"type":"Polygon","coordinates":[[[-123.058696,44.33215],[-123.060081,44.329229],[-123.058606,44.324531],[-123.058696,44.33215]]]},"properties":{"OBJECTID":15,"fhdFtrID":15,"fhdRefID":53684,"fhdRevDt":"20190219","fhdONm":"Peter Robinson","fhdOEnt":"ODFW","fhdSpNm":"White crappie","fhdRun":"NA","fhdLifeHst":"Resident","fhdUseTy":"ResidentMultipleUses","fhdBasis":"UndocObsFish","fhdStNm":"Bond Butte Pond ","fhdGenus":"Pomoxis","fhdSp":"annularis","fhdSubSp":null,"fhdOrig":"NonNative","fhdProd":"Unknown","fhdComment":null,"fhdESH":"NA","fhdBasisD":null,"fhdNMF":"no","fhdBasisDt":null,"fhdBasisNm":null,"fhdBasisEnt":null,"fhdBasisPrj":null,"fhdBasisMethod":null,"fhdAccess":null,"fhdBarrierFtrID":null,"fhdEndExtent":null,"Shape__Area":217061.21930719,"Shape__Length":3715.3723875804076,"habitatType":"lake"},"id":30},
{"type":"Feature","geometry":{"type":"Polygon","coordinates":[[[-122.804692,43.924498],[-122.806507,43.922147],[-122.811412,43.918824],[-122.811458,43.915294],[-122.805422,43.913051],[-122.798801,43.913013],[-122.785896,43.908316],[-122.778987,43.908722],[-122.770446,43.908079],[-122.767515,43.909523],[-122.761396,43.909618],[-122.757127,43.911828],[-122.754861,43.915263],[-122.76197,43.912847],[-122.772424,43.91412],[-122.772545,43.915475],[-122.778733,43.915951],[-122.779895,43.914387],[-122.785642,43.915811],[-122.788154,43.920115],[-122.791996,43.921315],[-122.796803,43.920905],[-122.800128,43.923644],[-122.804692,43.924498]]]},"properties":{"OBJECTID":16,"fhdFtrID":16,"fhdRefID":53684,"fhdRevDt":"20190219","fhdONm":"Peter Robinson","fhdOEnt":"ODFW","fhdSpNm":"White crappie","fhdRun":"NA","fhdLifeHst":"Resident","fhdUseTy":"ResidentMultipleUses","fhdBasis":"UndocObsFish","fhdStNm":"Dexter Reservoir","fhdGenus":"Pomoxis","fhdSp":"annularis","fhdSubSp":null,"fhdOrig":"NonNative","fhdProd":"Unknown","fhdComment":null,"fhdESH":"NA","fhdBasisD":null,"fhdNMF":"no","fhdBasisDt":null,"fhdBasisNm":null,"fhdBasisEnt":null,"fhdBasisPrj":null,"fhdBasisMethod":null,"fhdAccess":null,"fhdBarrierFtrID":null,"fhdEndExtent":null,"Shape__Area":6897421.247125815,"Shape__Length":19203.89747799104,"habitatType":"lake"},"id":31},
{"type":"Feature","geometry":{"type":"Polygon","coordinates":[[[-122.825659,45.135936],[-122.824519,45.136441],[-122.825124,45.137654],[-122.825667,45.137802],[-122.825031,45.136617],[-122.825659,45.135936]]]},"properties":{"OBJECTID":17,"fhdFtrID":17,"fhdRefID":53684,"fhdRevDt":"20190219","fhdONm":"Peter Robinson","fhdOEnt":"ODFW","fhdSpNm":"White crappie","fhdRun":"NA","fhdLifeHst":"Resident","fhdUseTy":"ResidentMultipleUses","fhdBasis":"UndocObsFish","fhdStNm":"Serres Reservoir","fhdGenus":"Pomoxis","fhdSp":"annularis","fhdSubSp":null,"fhdOrig":"NonNative","fhdProd":"Unknown","fhdComment":null,"fhdESH":"NA","fhdBasisD":null,"fhdNMF":"no","fhdBasisDt":null,"fhdBasisNm":null,"fhdBasisEnt":null,"fhdBasisPrj":null,"fhdBasisMethod":null,"fhdAccess":null,"fhdBarrierFtrID":null,"fhdEndExtent":null,"Shape__Area":16019.190280215,"Shape__Length":837.687723790015,"habitatType":"lake"},"id":32},
{"type":"Feature","geometry":{"type":"Polygon","coordinates":[[[-122.738789,45.615756],[-122.743504,45.610915],[-122.74218,45.608847],[-122.735305,45.604685],[-122.727987,45.603453],[-122.720085,45.603692],[-122.718952,45.605234],[-122.721057,45.608575],[-122.714459,45.609576],[-122.713858,45.612439],[-122.722171,45.615779],[-122.729841,45.614948],[-122.735096,45.616007],[-122.735479,45.616032],[-122.737959,45.615981],[-122.738789,45.615756]]]},"properties":{"OBJECTID":18,"fhdFtrID":18,"fhdRefID":53684,"fhdRevDt":"20190219","fhdONm":"Peter Robinson","fhdOEnt":"ODFW","fhdSpNm":"White crappie","fhdRun":"NA","fhdLifeHst":"Resident","fhdUseTy":"ResidentMultipleUses","fhdBasis":"UndocObsFish","fhdStNm":"Smith Lake","fhdGenus":"Pomoxis","fhdSp":"annularis","fhdSubSp":null,"fhdOrig":"NonNative","fhdProd":"Unknown","fhdComment":null,"fhdESH":"NA","fhdBasisD":null,"fhdNMF":"no","fhdBasisDt":null,"fhdBasisNm":null,"fhdBasisEnt":null,"fhdBasisPrj":null,"fhdBasisMethod":null,"fhdAccess":null,"fhdBarrierFtrID":null,"fhdEndExtent":null,"Shape__Area":4204710.042151095,"Shape__Length":19581.304953776194,"habitatType":"lake"},"id":33},
{"type":"Feature","geometry":{"type":"Polygon","coordinates":[[[-123.071339,44.659312],[-123.068194,44.657216],[-123.068947,44.653824],[-123.065664,44.654225],[-123.06681,44.657979],[-123.071339,44.659312]]]},"properties":{"OBJECTID":19,"fhdFtrID":19,"fhdRefID":53684,"fhdRevDt":"20190219","fhdONm":"Peter Robinson","fhdOEnt":"ODFW","fhdSpNm":"White crappie","fhdRun":"NA","fhdLifeHst":"Resident","fhdUseTy":"ResidentMultipleUses","fhdBasis":"UndocObsFish","fhdStNm":"Second Lake","fhdGenus":"Pomoxis","fhdSp":"annularis","fhdSubSp":null,"fhdOrig":"NonNative","fhdProd":"Unknown","fhdComment":null,"fhdESH":"NA","fhdBasisD":null,"fhdNMF":"no","fhdBasisDt":null,"fhdBasisNm":null,"fhdBasisEnt":null,"fhdBasisPrj":null,"fhdBasisMethod":null,"fhdAccess":null,"fhdBarrierFtrID":null,"fhdEndExtent":null,"Shape__Area":402985.15897401,"Shape__Length":8682.668240636054,"habitatType":"lake"},"id":34},
{"type":"Feature","geometry":{"type":"Polygon","coordinates":[[[-122.988042,44.909417],[-122.988468,44.910838],[-122.990924,44.911742],[-122.989005,44.907166],[-122.988042,44.909417]]]},"properties":{"OBJECTID":20,"fhdFtrID":20,"fhdRefID":53684,"fhdRevDt":"20190219","fhdONm":"Peter Robinson","fhdOEnt":"ODFW","fhdSpNm":"White crappie","fhdRun":"NA","fhdLifeHst":"Resident","fhdUseTy":"ResidentMultipleUses","fhdBasis":"UndocObsFish","fhdStNm":"Wirth Lake","fhdGenus":"Pomoxis","fhdSp":"annularis","fhdSubSp":null,"fhdOrig":"NonNative","fhdProd":"Unknown","fhdComment":null,"fhdESH":"NA","fhdBasisD":null,"fhdNMF":"no","fhdBasisDt":null,"fhdBasisNm":null,"fhdBasisEnt":null,"fhdBasisPrj":null,"fhdBasisMethod":null,"fhdAccess":null,"fhdBarrierFtrID":null,"fhdEndExtent":null,"Shape__Area":143453.98414238,"Shape__Length":2338.135376262992,"habitatType":"lake"},"id":35},
{"type":"Feature","geometry":{"type":"Polygon","coordinates":[[[-122.704053,45.252147],[-122.704186,45.252943],[-122.704667,45.252849],[-122.704512,45.252356],[-122.704053,45.252147]]]},"properties":{"OBJECTID":21,"fhdFtrID":21,"fhdRefID":53684,"fhdRevDt":"20190219","fhdONm":"Peter Robinson","fhdOEnt":"ODFW","fhdSpNm":"White crappie","fhdRun":"NA","fhdLifeHst":"Resident","fhdUseTy":"ResidentMultipleUses","fhdBasis":"UndocObsFish","fhdStNm":"Canby Pond","fhdGenus":"Pomoxis","fhdSp":"annularis","fhdSubSp":null,"fhdOrig":"NonNative","fhdProd":"Unknown","fhdComment":null,"fhdESH":"NA","fhdBasisD":null,"fhdNMF":"no","fhdBasisDt":null,"fhdBasisNm":null,"fhdBasisEnt":null,"fhdBasisPrj":null,"fhdBasisMethod":null,"fhdAccess":null,"fhdBarrierFtrID":null,"fhdEndExtent":null,"Shape__Area":8426.08792313,"Shape__Length":399.6238540228263,"habitatType":"lake"},"id":36},
{"type":"Feature","geometry":{"type":"Polygon","coordinates":[[[-123.067632,44.641669],[-123.071275,44.640395],[-123.07036,44.639309],[-123.067632,44.641669]]]},"properties":{"OBJECTID":22,"fhdFtrID":22,"fhdRefID":53684,"fhdRevDt":"20190219","fhdONm":"Peter Robinson","fhdOEnt":"ODFW","fhdSpNm":"White crappie","fhdRun":"NA","fhdLifeHst":"Resident","fhdUseTy":"ResidentMultipleUses","fhdBasis":"UndocObsFish","fhdStNm":"Waverly Lake","fhdGenus":"Pomoxis","fhdSp":"annularis","fhdSubSp":null,"fhdOrig":"NonNative","fhdProd":"Unknown","fhdComment":null,"fhdESH":"NA","fhdBasisD":null,"fhdNMF":"no","fhdBasisDt":null,"fhdBasisNm":null,"fhdBasisEnt":null,"fhdBasisPrj":null,"fhdBasisMethod":null,"fhdAccess":null,"fhdBarrierFtrID":null,"fhdEndExtent":null,"Shape__Area":81791.14170408,"Shape__Length":1506.1258383266297,"habitatType":"lake"},"id":37},
{"type":"Feature","geometry":{"type":"Polygon","coordinates":[[[-122.735096,45.616007],[-122.730312,45.617669],[-122.733919,45.621624],[-122.736843,45.620728],[-122.740691,45.621802],[-122.743513,45.62078],[-122.748127,45.621162],[-122.750971,45.625276],[-122.753983,45.623439],[-122.74792,45.617535],[-122.743195,45.615205],[-122.738789,45.615756],[-122.737959,45.615981],[-122.735479,45.616032],[-122.735096,45.616007]]]},"properties":{"OBJECTID":23,"fhdFtrID":23,"fhdRefID":53684,"fhdRevDt":"20190219","fhdONm":"Peter Robinson","fhdOEnt":"ODFW","fhdSpNm":"White crappie","fhdRun":"NA","fhdLifeHst":"Resident","fhdUseTy":"ResidentMultipleUses","fhdBasis":"UndocObsFish","fhdStNm":"Bybee Lake","fhdGenus":"Pomoxis","fhdSp":"annularis","fhdSubSp":null,"fhdOrig":"NonNative","fhdProd":"Unknown","fhdComment":null,"fhdESH":"NA","fhdBasisD":null,"fhdNMF":"no","fhdBasisDt":null,"fhdBasisNm":null,"fhdBasisEnt":null,"fhdBasisPrj":null,"fhdBasisMethod":null,"fhdAccess":null,"fhdBarrierFtrID":null,"fhdEndExtent":null,"Shape__Area":1916145.08317101,"Shape__Length":17285.852429924096,"habitatType":"lake"},"id":38},
{"type":"Feature","geometry":{"type":"Polygon","coordinates":[[[-123.294811,44.12095],[-123.297409,44.119886],[-123.284687,44.117441],[-123.283703,44.119143],[-123.294811,44.12095]]]},"properties":{"OBJECTID":24,"fhdFtrID":24,"fhdRefID":53684,"fhdRevDt":"20190219","fhdONm":"Peter Robinson","fhdOEnt":"ODFW","fhdSpNm":"White crappie","fhdRun":"NA","fhdLifeHst":"Resident","fhdUseTy":"ResidentMultipleUses","fhdBasis":"UndocObsFish","fhdStNm":"Kirk Pond","fhdGenus":"Pomoxis","fhdSp":"annularis","fhdSubSp":null,"fhdOrig":"NonNative","fhdProd":"Unknown","fhdComment":null,"fhdESH":"NA","fhdBasisD":null,"fhdNMF":"no","fhdBasisDt":null,"fhdBasisNm":null,"fhdBasisEnt":null,"fhdBasisPrj":null,"fhdBasisMethod":null,"fhdAccess":null,"fhdBarrierFtrID":null,"fhdEndExtent":null,"Shape__Area":405791.98043621,"Shape__Length":5776.310026661573,"habitatType":"lake"},"id":39},
{"type":"Feature","geometry":{"type":"Polygon","coordinates":[[[-122.958687,45.264106],[-122.962967,45.261443],[-122.957257,45.262191],[-122.958687,45.264106]]]},"properties":{"OBJECTID":25,"fhdFtrID":25,"fhdRefID":53684,"fhdRevDt":"20190219","fhdONm":"Peter Robinson","fhdOEnt":"ODFW","fhdSpNm":"White crappie","fhdRun":"NA","fhdLifeHst":"Resident","fhdUseTy":"ResidentMultipleUses","fhdBasis":"UndocObsFish","fhdStNm":"Skookum Lakes","fhdGenus":"Pomoxis","fhdSp":"annularis","fhdSubSp":null,"fhdOrig":"NonNative","fhdProd":"Unknown","fhdComment":null,"fhdESH":"NA","fhdBasisD":null,"fhdNMF":"no","fhdBasisDt":null,"fhdBasisNm":null,"fhdBasisEnt":null,"fhdBasisPrj":null,"fhdBasisMethod":null,"fhdAccess":null,"fhdBarrierFtrID":null,"fhdEndExtent":null,"Shape__Area":237843.475578635,"Shape__Length":2340.786512040427,"habitatType":"lake"},"id":40},
{"type":"Feature","geometry":{"type":"Polygon","coordinates":[[[-122.41994,43.709245],[-122.428289,43.707072],[-122.428373,43.704786],[-122.433237,43.695788],[-122.430362,43.691425],[-122.432181,43.687994],[-122.43636,43.68697],[-122.440203,43.687295],[-122.441476,43.683835],[-122.437326,43.683112],[-122.432462,43.684484],[-122.43256,43.680712],[-122.430202,43.675558],[-122.431451,43.673332],[-122.429058,43.670609],[-122.430332,43.668338],[-122.433408,43.668407],[-122.434802,43.66519],[-122.437694,43.662341],[-122.43489,43.659869],[-122.432314,43.663404],[-122.428958,43.664126],[-122.428741,43.659524],[-122.429857,43.658224],[-122.4285,43.653553],[-122.431392,43.651991],[-122.436252,43.646766],[-122.435654,43.644467],[-122.437518,43.642684],[-122.440745,43.631616],[-122.44073,43.62525],[-122.439343,43.623829],[-122.441089,43.621299],[-122.447269,43.617754],[-122.446809,43.615249],[-122.450261,43.611808],[-122.451275,43.607959],[-122.448372,43.605622],[-122.445812,43.607698],[-122.444308,43.612337],[-122.445183,43.614205],[-122.438493,43.619287],[-122.437114,43.622234],[-122.432632,43.626984],[-122.4316,43.633876],[-122.42905,43.642642],[-122.430356,43.647448],[-122.423021,43.652093],[-122.422224,43.654989],[-122.425529,43.656923],[-122.422727,43.66205],[-122.422412,43.665119],[-122.419804,43.666754],[-122.41687,43.671295],[-122.416874,43.674672],[-122.41455,43.678919],[-122.418028,43.678549],[-122.420366,43.683027],[-122.416259,43.686941],[-122.41705,43.692546],[-122.419764,43.695288],[-122.418292,43.701277],[-122.4201,43.704186],[-122.405785,43.704634],[-122.403899,43.703382],[-122.398815,43.702932],[-122.391019,43.699433],[-122.387607,43.700486],[-122.389015,43.703654],[-122.393848,43.705562],[-122.399661,43.706412],[-122.409963,43.708978],[-122.41994,43.709245]]]},"properties":{"OBJECTID":26,"fhdFtrID":26,"fhdRefID":53684,"fhdRevDt":"20190219","fhdONm":"Peter Robinson","fhdOEnt":"ODFW","fhdSpNm":"White crappie","fhdRun":"NA","fhdLifeHst":"Resident","fhdUseTy":"ResidentMultipleUses","fhdBasis":"UndocObsFish","fhdStNm":"Hills Creek Reservoir","fhdGenus":"Pomoxis","fhdSp":"annularis","fhdSubSp":null,"fhdOrig":"NonNative","fhdProd":"Unknown","fhdComment":null,"fhdESH":"NA","fhdBasisD":null,"fhdNMF":"no","fhdBasisDt":null,"fhdBasisNm":null,"fhdBasisEnt":null,"fhdBasisPrj":null,"fhdBasisMethod":null,"fhdAccess":null,"fhdBarrierFtrID":null,"fhdEndExtent":null,"Shape__Area":20055010.836727004,"Shape__Length":62149.61010364579,"habitatType":"lake"},"id":41},
{"type":"Feature","geometry":{"type":"Polygon","coordinates":[[[-123.043173,45.067646],[-123.044559,45.067356],[-123.045907,45.064985],[-123.045288,45.064683],[-123.043862,45.067213],[-123.043173,45.067646]]]},"properties":{"OBJECTID":27,"fhdFtrID":27,"fhdRefID":53684,"fhdRevDt":"20190219","fhdONm":"Peter Robinson","fhdOEnt":"ODFW","fhdSpNm":"White crappie","fhdRun":"NA","fhdLifeHst":"Resident","fhdUseTy":"ResidentMultipleUses","fhdBasis":"UndocObsFish","fhdStNm":"Goose Lake","fhdGenus":"Pomoxis","fhdSp":"annularis","fhdSubSp":null,"fhdOrig":"NonNative","fhdProd":"Unknown","fhdComment":null,"fhdESH":"NA","fhdBasisD":null,"fhdNMF":"no","fhdBasisDt":null,"fhdBasisNm":null,"fhdBasisEnt":null,"fhdBasisPrj":null,"fhdBasisMethod":null,"fhdAccess":null,"fhdBarrierFtrID":null,"fhdEndExtent":null,"Shape__Area":94504.702903785,"Shape__Length":2831.789897366108,"habitatType":"lake"},"id":42},
{"type":"Feature","geometry":{"type":"Polygon","coordinates":[[[-123.05345,44.63826],[-123.053804,44.638886],[-123.056256,44.638227],[-123.055956,44.637728],[-123.05345,44.63826]]]},"properties":{"OBJECTID":28,"fhdFtrID":28,"fhdRefID":53684,"fhdRevDt":"20190219","fhdONm":"Peter Robinson","fhdOEnt":"ODFW","fhdSpNm":"White crappie","fhdRun":"NA","fhdLifeHst":"Resident","fhdUseTy":"ResidentMultipleUses","fhdBasis":"UndocObsFish","fhdStNm":"Timber-Linn Lake","fhdGenus":"Pomoxis","fhdSp":"annularis","fhdSubSp":null,"fhdOrig":"NonNative","fhdProd":"Unknown","fhdComment":null,"fhdESH":"NA","fhdBasisD":null,"fhdNMF":"no","fhdBasisDt":null,"fhdBasisNm":null,"fhdBasisEnt":null,"fhdBasisPrj":null,"fhdBasisMethod":null,"fhdAccess":null,"fhdBarrierFtrID":null,"fhdEndExtent":null,"Shape__Area":50989.335330445,"Shape__Length":1211.3820771206479,"habitatType":"lake"},"id":43},
{"type":"Feature","geometry":{"type":"Polygon","coordinates":[[[-123.065931,44.59192],[-123.063028,44.590274],[-123.057114,44.589857],[-123.057221,44.591788],[-123.060939,44.591789],[-123.063035,44.590455],[-123.065931,44.59192]]]},"properties":{"OBJECTID":29,"fhdFtrID":29,"fhdRefID":53684,"fhdRevDt":"20190219","fhdONm":"Peter Robinson","fhdOEnt":"ODFW","fhdSpNm":"White crappie","fhdRun":"NA","fhdLifeHst":"Resident","fhdUseTy":"ResidentMultipleUses","fhdBasis":"UndocObsFish","fhdStNm":"Freeway Lakes","fhdGenus":"Pomoxis","fhdSp":"annularis","fhdSubSp":null,"fhdOrig":"NonNative","fhdProd":"Unknown","fhdComment":null,"fhdESH":"NA","fhdBasisD":null,"fhdNMF":"no","fhdBasisDt":null,"fhdBasisNm":null,"fhdBasisEnt":null,"fhdBasisPrj":null,"fhdBasisMethod":null,"fhdAccess":null,"fhdBarrierFtrID":null,"fhdEndExtent":null,"Shape__Area":305078.344354025,"Shape__Length":4134.62192345138,"habitatType":"lake"},"id":44},
{"type":"Feature","geometry":{"type":"Polygon","coordinates":[[[-123.302743,44.120435],[-123.303512,44.121237],[-123.312304,44.121407],[-123.317462,44.119228],[-123.311878,44.116226],[-123.315824,44.112599],[-123.319998,44.113092],[-123.326801,44.110803],[-123.325315,44.108152],[-123.320973,44.108696],[-123.32002,44.104914],[-123.321421,44.102088],[-123.324231,44.100216],[-123.324071,44.0965],[-123.329965,44.096576],[-123.332179,44.089792],[-123.331159,44.08847],[-123.335955,44.086394],[-123.339646,44.081509],[-123.338548,44.078518],[-123.33446,44.078952],[-123.335075,44.075324],[-123.337913,44.071065],[-123.338748,44.066399],[-123.336038,44.063979],[-123.332612,44.064117],[-123.33269,44.06741],[-123.329836,44.071011],[-123.325505,44.074689],[-123.325361,44.07684],[-123.317154,44.082461],[-123.309449,44.083691],[-123.306267,44.080782],[-123.305133,44.075096],[-123.305438,44.071786],[-123.307357,44.067099],[-123.306832,44.063916],[-123.307601,44.057769],[-123.306901,44.055008],[-123.302342,44.056028],[-123.289023,44.057256],[-123.288119,44.052794],[-123.270692,44.052679],[-123.269733,44.053266],[-123.269595,44.054577],[-123.271618,44.056257],[-123.27346,44.056203],[-123.275117,44.059969],[-123.277909,44.061874],[-123.278022,44.063318],[-123.280883,44.06553],[-123.283897,44.065438],[-123.284101,44.068495],[-123.279183,44.070135],[-123.279395,44.07216],[-123.276493,44.073833],[-123.281011,44.082391],[-123.280979,44.084537],[-123.278693,44.087945],[-123.273934,44.087246],[-123.270465,44.083118],[-123.26812,44.082749],[-123.261776,44.084311],[-123.26089,44.087867],[-123.255699,44.085427],[-123.253527,44.086804],[-123.259876,44.089359],[-123.259575,44.093629],[-123.272997,44.099633],[-123.277693,44.10559],[-123.278511,44.11356],[-123.2803,44.115706],[-123.300906,44.119656],[-123.302743,44.120435]],[[-123.28418,44.062743],[-123.281614,44.065328],[-123.278821,44.06356],[-123.278023,44.061649],[-123.277079,44.061226],[-123.274577,44.058251],[-123.273863,44.056006],[-123.272265,44.055967],[-123.269747,44.054303],[-123.271704,44.05308],[-123.285912,44.053227],[-123.286717,44.057854],[-123.281358,44.060284],[-123.28418,44.062743]]]},"properties":{"OBJECTID":30,"fhdFtrID":30,"fhdRefID":53684,"fhdRevDt":"20190219","fhdONm":"Peter Robinson","fhdOEnt":"ODFW","fhdSpNm":"White crappie","fhdRun":"NA","fhdLifeHst":"Resident","fhdUseTy":"ResidentMultipleUses","fhdBasis":"UndocObsFish","fhdStNm":"Fern Ridge Lake","fhdGenus":"Pomoxis","fhdSp":"annularis","fhdSubSp":null,"fhdOrig":"NonNative","fhdProd":"Unknown","fhdComment":null,"fhdESH":"NA","fhdBasisD":null,"fhdNMF":"no","fhdBasisDt":null,"fhdBasisNm":null,"fhdBasisEnt":null,"fhdBasisPrj":null,"fhdBasisMethod":null,"fhdAccess":null,"fhdBarrierFtrID":null,"fhdEndExtent":null,"Shape__Area":49935184.18302248,"Shape__Length":99754.73773583688,"habitatType":"lake"},"id":45},
{"type":"Feature","geometry":{"type":"Polygon","coordinates":[[[-122.872915,45.557403],[-122.874172,45.557143],[-122.873991,45.556229],[-122.870087,45.557233],[-122.872915,45.557403]]]},"properties":{"OBJECTID":31,"fhdFtrID":31,"fhdRefID":53684,"fhdRevDt":"20190219","fhdONm":"Peter Robinson","fhdOEnt":"ODFW","fhdSpNm":"White crappie","fhdRun":"NA","fhdLifeHst":"Resident","fhdUseTy":"ResidentMultipleUses","fhdBasis":"UndocObsFish","fhdStNm":"Bethany Lake","fhdGenus":"Pomoxis","fhdSp":"annularis","fhdSubSp":null,"fhdOrig":"NonNative","fhdProd":"Unknown","fhdComment":null,"fhdESH":"NA","fhdBasisD":null,"fhdNMF":"no","fhdBasisDt":null,"fhdBasisNm":null,"fhdBasisEnt":null,"fhdBasisPrj":null,"fhdBasisMethod":null,"fhdAccess":null,"fhdBarrierFtrID":null,"fhdEndExtent":null,"Shape__Area":63283.99886014,"Shape__Length":1674.7357245690184,"habitatType":"lake"},"id":46},
{"type":"Feature","geometry":{"type":"Polygon","coordinates":[[[-122.749788,43.916918],[-122.752506,43.916568],[-122.751512,43.908692],[-122.74543,43.907625],[-122.741372,43.904347],[-122.737717,43.897118],[-122.73015,43.890662],[-122.725231,43.891011],[-122.720556,43.889622],[-122.711926,43.884855],[-122.710466,43.882934],[-122.705208,43.881282],[-122.704645,43.879407],[-122.700425,43.876974],[-122.697857,43.877742],[-122.695063,43.876249],[-122.694304,43.873897],[-122.690072,43.871445],[-122.68713,43.867628],[-122.686399,43.864565],[-122.679149,43.861114],[-122.676051,43.858791],[-122.670401,43.856623],[-122.664151,43.852688],[-122.661319,43.854003],[-122.648482,43.849174],[-122.643436,43.850293],[-122.637179,43.850075],[-122.635561,43.848242],[-122.626059,43.841711],[-122.62556,43.835839],[-122.623381,43.832347],[-122.622923,43.827996],[-122.619024,43.825012],[-122.604405,43.822153],[-122.594408,43.816463],[-122.594716,43.822398],[-122.599814,43.826243],[-122.612079,43.827843],[-122.613051,43.831412],[-122.61661,43.832964],[-122.619416,43.837772],[-122.617048,43.842374],[-122.619516,43.849351],[-122.634272,43.853542],[-122.63578,43.853006],[-122.641081,43.855103],[-122.649943,43.856706],[-122.65336,43.859778],[-122.658572,43.860145],[-122.664167,43.863169],[-122.663871,43.864978],[-122.670062,43.868363],[-122.663897,43.87138],[-122.666544,43.872207],[-122.670883,43.870833],[-122.675078,43.875185],[-122.674085,43.877136],[-122.677512,43.8809],[-122.681437,43.882622],[-122.684065,43.882242],[-122.68865,43.88402],[-122.689117,43.887505],[-122.693178,43.887039],[-122.697456,43.890445],[-122.700961,43.891652],[-122.702428,43.894636],[-122.704983,43.894283],[-122.7095,43.897365],[-122.71752,43.899834],[-122.720731,43.900211],[-122.726135,43.902952],[-122.72724,43.90652],[-122.736404,43.91244],[-122.743118,43.91539],[-122.749788,43.916918]]]},"properties":{"OBJECTID":32,"fhdFtrID":32,"fhdRefID":53684,"fhdRevDt":"20190219","fhdONm":"Peter Robinson","fhdOEnt":"ODFW","fhdSpNm":"White crappie","fhdRun":"NA","fhdLifeHst":"Resident","fhdUseTy":"ResidentMultipleUses","fhdBasis":"UndocObsFish","fhdStNm":"Lookout Point Reservoir","fhdGenus":"Pomoxis","fhdSp":"annularis","fhdSubSp":null,"fhdOrig":"NonNative","fhdProd":"Unknown","fhdComment":null,"fhdESH":"NA","fhdBasisD":null,"fhdNMF":"no","fhdBasisDt":null,"fhdBasisNm":null,"fhdBasisEnt":null,"fhdBasisPrj":null,"fhdBasisMethod":null,"fhdAccess":null,"fhdBarrierFtrID":null,"fhdEndExtent":null,"Shape__Area":31826926.49139867,"Shape__Length":70052.02338603995,"habitatType":"lake"},"id":47},
{"type":"Feature","geometry":{"type":"Polygon","coordinates":[[[-123.04849,45.078024],[-123.045973,45.078764],[-123.043734,45.080613],[-123.04268,45.082819],[-123.043871,45.087637],[-123.044801,45.087583],[-123.043772,45.083654],[-123.043896,45.082046],[-123.045577,45.079884],[-123.04849,45.078024]]]},"properties":{"OBJECTID":33,"fhdFtrID":33,"fhdRefID":53684,"fhdRevDt":"20190219","fhdONm":"Peter Robinson","fhdOEnt":"ODFW","fhdSpNm":"White crappie","fhdRun":"NA","fhdLifeHst":"Resident","fhdUseTy":"ResidentMultipleUses","fhdBasis":"UndocObsFish","fhdStNm":"Mission Lake","fhdGenus":"Pomoxis","fhdSp":"annularis","fhdSubSp":null,"fhdOrig":"NonNative","fhdProd":"Unknown","fhdComment":null,"fhdESH":"NA","fhdBasisD":null,"fhdNMF":"no","fhdBasisDt":null,"fhdBasisNm":null,"fhdBasisEnt":null,"fhdBasisPrj":null,"fhdBasisMethod":null,"fhdAccess":null,"fhdBarrierFtrID":null,"fhdEndExtent":null,"Shape__Area":234955.69232847,"Shape__Length":5165.616184276207,"habitatType":"lake"},"id":48},
{"type":"Feature","geometry":{"type":"Polygon","coordinates":[[[-122.929384,45.109585],[-122.928121,45.10931],[-122.926997,45.11038],[-122.928593,45.110484],[-122.929384,45.109585]]]},"properties":{"OBJECTID":34,"fhdFtrID":34,"fhdRefID":53684,"fhdRevDt":"20190219","fhdONm":"Peter Robinson","fhdOEnt":"ODFW","fhdSpNm":"White crappie","fhdRun":"NA","fhdLifeHst":"Resident","fhdUseTy":"ResidentMultipleUses","fhdBasis":"UndocObsFish","fhdStNm":"St. Louis Ponds","fhdGenus":"Pomoxis","fhdSp":"annularis","fhdSubSp":null,"fhdOrig":"NonNative","fhdProd":"Unknown","fhdComment":null,"fhdESH":"NA","fhdBasisD":null,"fhdNMF":"no","fhdBasisDt":null,"fhdBasisNm":null,"fhdBasisEnt":null,"fhdBasisPrj":null,"fhdBasisMethod":null,"fhdAccess":null,"fhdBarrierFtrID":null,"fhdEndExtent":null,"Shape__Area":73331.64783679,"Shape__Length":2990.852531977683,"habitatType":"lake"},"id":49},
{"type":"Feature","geometry":{"type":"Polygon","coordinates":[[[-122.456515,45.555482],[-122.456908,45.554321],[-122.45059,45.552392],[-122.450797,45.554362],[-122.456515,45.555482]]]},"properties":{"OBJECTID":35,"fhdFtrID":35,"fhdRefID":53684,"fhdRevDt":"20190211","fhdONm":"Peter Robinson","fhdOEnt":"ODFW","fhdSpNm":"White crappie","fhdRun":"NA","fhdLifeHst":"Resident","fhdUseTy":"ResidentMultipleUses","fhdBasis":"UndocObsFish","fhdStNm":"Blue Lake","fhdGenus":"Pomoxis","fhdSp":"annularis","fhdSubSp":null,"fhdOrig":"NonNative","fhdProd":"Unknown","fhdComment":null,"fhdESH":"NA","fhdBasisD":null,"fhdNMF":"no","fhdBasisDt":null,"fhdBasisNm":null,"fhdBasisEnt":null,"fhdBasisPrj":null,"fhdBasisMethod":null,"fhdAccess":null,"fhdBarrierFtrID":null,"fhdEndExtent":null,"Shape__Area":544933.781376635,"Shape__Length":4580.39469051574,"habitatType":"lake"},"id":50},
{"type":"Feature","geometry":{"type":"Polygon","coordinates":[[[-119.427154,43.461876],[-119.429918,43.463989],[-119.436918,43.460818],[-119.441299,43.461022],[-119.438331,43.455129],[-119.431788,43.452121],[-119.43699,43.448951],[-119.437031,43.447162],[-119.428496,43.440822],[-119.430284,43.437083],[-119.425488,43.435755],[-119.425618,43.430013],[-119.424699,43.42605],[-119.420492,43.421018],[-119.415509,43.420238],[-119.416083,43.417018],[-119.404301,43.407699],[-119.398613,43.404998],[-119.397814,43.407527],[-119.401884,43.40896],[-119.41259,43.417154],[-119.41295,43.421719],[-119.418459,43.422527],[-119.42147,43.4251],[-119.422809,43.429396],[-119.421834,43.431413],[-119.423643,43.436929],[-119.425813,43.439684],[-119.425813,43.442448],[-119.428292,43.444399],[-119.42626,43.450902],[-119.427398,43.455698],[-119.427154,43.461876]]]},"properties":{"OBJECTID":36,"fhdFtrID":36,"fhdRefID":53684,"fhdRevDt":"20190219","fhdONm":"Peter Robinson","fhdOEnt":"ODFW","fhdSpNm":"White crappie","fhdRun":"NA","fhdLifeHst":"Resident","fhdUseTy":"ResidentMultipleUses","fhdBasis":"UndocObsFish","fhdStNm":"Moon Reservoir","fhdGenus":"Pomoxis","fhdSp":"annularis","fhdSubSp":null,"fhdOrig":"NonNative","fhdProd":"Unknown","fhdComment":null,"fhdESH":"NA","fhdBasisD":null,"fhdNMF":"no","fhdBasisDt":null,"fhdBasisNm":null,"fhdBasisEnt":null,"fhdBasisPrj":null,"fhdBasisMethod":null,"fhdAccess":null,"fhdBarrierFtrID":null,"fhdEndExtent":null,"Shape__Area":5565661.639135725,"Shape__Length":26443.544620945755,"habitatType":"lake"},"id":51},
{"type":"Feature","geometry":{"type":"Polygon","coordinates":[[[-119.822656,42.440499],[-119.830501,42.443098],[-119.836183,42.444194],[-119.847213,42.44531],[-119.859383,42.444774],[-119.862886,42.443571],[-119.863632,42.441765],[-119.863101,42.435429],[-119.865201,42.431198],[-119.862873,42.428429],[-119.865624,42.423978],[-119.865599,42.42152],[-119.863339,42.418926],[-119.864371,42.414262],[-119.86977,42.408016],[-119.874144,42.39921],[-119.876799,42.396518],[-119.880595,42.39019],[-119.883904,42.389033],[-119.884044,42.380738],[-119.886917,42.378007],[-119.885869,42.374961],[-119.866995,42.362282],[-119.866127,42.360093],[-119.8617,42.35525],[-119.860132,42.355032],[-119.855935,42.351089],[-119.848235,42.350691],[-119.84556,42.355334],[-119.844979,42.360963],[-119.839706,42.363538],[-119.840589,42.36876],[-119.844117,42.378236],[-119.848417,42.379414],[-119.850157,42.381164],[-119.854872,42.382539],[-119.862232,42.387584],[-119.860925,42.391496],[-119.851379,42.393919],[-119.851367,42.398939],[-119.848393,42.400827],[-119.838701,42.396978],[-119.837346,42.394757],[-119.834526,42.39383],[-119.829582,42.395477],[-119.827643,42.397304],[-119.828199,42.40059],[-119.83025,42.402697],[-119.829666,42.405923],[-119.825633,42.409462],[-119.823842,42.414757],[-119.82454,42.421828],[-119.822734,42.424972],[-119.822549,42.428111],[-119.824305,42.431468],[-119.823039,42.434146],[-119.822656,42.440499]]]},"properties":{"OBJECTID":37,"fhdFtrID":38,"fhdRefID":53580,"fhdRevDt":"20190705","fhdONm":"Jay Stevens","fhdOEnt":"BLM","fhdSpNm":"White crappie","fhdRun":"NA","fhdLifeHst":"Resident","fhdUseTy":"ResidentMultipleUses","fhdBasis":"UndocObsFish","fhdStNm":"Hart Lake","fhdGenus":"Pomoxis","fhdSp":"annularis","fhdSubSp":null,"fhdOrig":"NonNative","fhdProd":"Unknown","fhdComment":null,"fhdESH":"NA","fhdBasisD":null,"fhdNMF":"no","fhdBasisDt":null,"fhdBasisNm":null,"fhdBasisEnt":null,"fhdBasisPrj":null,"fhdBasisMethod":null,"fhdAccess":null,"fhdBarrierFtrID":null,"fhdEndExtent":null,"Shape__Area":53506689.36506394,"Shape__Length":79711.9683811532,"habitatType":"lake"},"id":52},
{"type":"Feature","geometry":{"type":"Polygon","coordinates":[[[-119.320009,42.692596],[-119.324703,42.693446],[-119.329888,42.691634],[-119.32834,42.689862],[-119.322642,42.687942],[-119.323452,42.683031],[-119.313165,42.685462],[-119.310413,42.684612],[-119.306374,42.685451],[-119.312764,42.688694],[-119.313656,42.689978],[-119.320009,42.692596]]]},"properties":{"OBJECTID":38,"fhdFtrID":39,"fhdRefID":53684,"fhdRevDt":"20190219","fhdONm":"Peter Robinson","fhdOEnt":"ODFW","fhdSpNm":"White crappie","fhdRun":"NA","fhdLifeHst":"Resident","fhdUseTy":"ResidentMultipleUses","fhdBasis":"UndocObsFish","fhdStNm":"Rock Creek Reservoir","fhdGenus":"Pomoxis","fhdSp":"annularis","fhdSubSp":null,"fhdOrig":"NonNative","fhdProd":"Unknown","fhdComment":null,"fhdESH":"NA","fhdBasisD":null,"fhdNMF":"no","fhdBasisDt":null,"fhdBasisNm":null,"fhdBasisEnt":null,"fhdBasisPrj":null,"fhdBasisMethod":null,"fhdAccess":null,"fhdBarrierFtrID":null,"fhdEndExtent":null,"Shape__Area":2149927.83825882,"Shape__Length":11336.292081144831,"habitatType":"lake"},"id":53},
{"type":"Feature","geometry":{"type":"Polygon","coordinates":[[[-119.81818,42.33459],[-119.821862,42.331841],[-119.822799,42.324834],[-119.821342,42.322525],[-119.822118,42.319886],[-119.825348,42.317263],[-119.830087,42.318595],[-119.831188,42.316785],[-119.827439,42.312818],[-119.832723,42.30991],[-119.833049,42.312516],[-119.837551,42.31348],[-119.841526,42.309419],[-119.852322,42.303913],[-119.855149,42.298914],[-119.861582,42.294401],[-119.865578,42.292458],[-119.86534,42.290839],[-119.86185,42.287757],[-119.860921,42.281344],[-119.858947,42.279513],[-119.861473,42.277948],[-119.855479,42.274807],[-119.85361,42.276113],[-119.850629,42.269722],[-119.854753,42.266682],[-119.854075,42.264805],[-119.849211,42.262536],[-119.844511,42.256689],[-119.842856,42.253386],[-119.846424,42.25022],[-119.847465,42.254186],[-119.849819,42.258421],[-119.854337,42.2635],[-119.857524,42.265879],[-119.863408,42.268642],[-119.867294,42.269364],[-119.872797,42.268912],[-119.876613,42.267087],[-119.877025,42.261294],[-119.876254,42.255588],[-119.87431,42.253504],[-119.87462,42.249828],[-119.873535,42.246998],[-119.874616,42.242905],[-119.872521,42.237611],[-119.865985,42.23519],[-119.86595,42.230044],[-119.861375,42.231851],[-119.860661,42.234156],[-119.856765,42.237285],[-119.853154,42.236162],[-119.848562,42.236789],[-119.846562,42.238825],[-119.842758,42.249037],[-119.832887,42.251737],[-119.831787,42.254244],[-119.827778,42.256906],[-119.824256,42.26151],[-119.819633,42.265641],[-119.813125,42.274601],[-119.816295,42.27786],[-119.812993,42.28282],[-119.807163,42.282677],[-119.804747,42.28598],[-119.807082,42.287341],[-119.804295,42.292789],[-119.800888,42.295762],[-119.805492,42.297205],[-119.803459,42.302785],[-119.805026,42.304245],[-119.8051,42.309352],[-119.801625,42.318361],[-119.800168,42.320056],[-119.800966,42.325883],[-119.805158,42.328237],[-119.810511,42.332862],[-119.812989,42.332209],[-119.81818,42.33459]]]},"properties":{"OBJECTID":39,"fhdFtrID":40,"fhdRefID":53580,"fhdRevDt":"20190705","fhdONm":"Jay Stevens","fhdOEnt":"BLM","fhdSpNm":"White crappie","fhdRun":"NA","fhdLifeHst":"Resident","fhdUseTy":"ResidentMultipleUses","fhdBasis":"UndocObsFish","fhdStNm":"Crump Lake","fhdGenus":"Pomoxis","fhdSp":"annularis","fhdSubSp":null,"fhdOrig":"NonNative","fhdProd":"Unknown","fhdComment":null,"fhdESH":"NA","fhdBasisD":null,"fhdNMF":"no","fhdBasisDt":null,"fhdBasisNm":null,"fhdBasisEnt":null,"fhdBasisPrj":null,"fhdBasisMethod":null,"fhdAccess":null,"fhdBarrierFtrID":null,"fhdEndExtent":null,"Shape__Area":62696596.1854476,"Shape__Length":154287.79646352679,"habitatType":"lake"},"id":54},
{"type":"Feature","geometry":{"type":"Polygon","coordinates":[[[-119.890293,42.341581],[-119.894876,42.344189],[-119.897731,42.34436],[-119.89984,42.342506],[-119.899273,42.336344],[-119.894565,42.33332],[-119.889495,42.339918],[-119.890293,42.341581]]]},"properties":{"OBJECTID":40,"fhdFtrID":41,"fhdRefID":53580,"fhdRevDt":"20190705","fhdONm":"Jay Stevens","fhdOEnt":"BLM","fhdSpNm":"White crappie","fhdRun":"NA","fhdLifeHst":"Resident","fhdUseTy":"ResidentMultipleUses","fhdBasis":"UndocObsFish","fhdStNm":"Priday Reservoir","fhdGenus":"Pomoxis","fhdSp":"annularis","fhdSubSp":null,"fhdOrig":"NonNative","fhdProd":"Unknown","fhdComment":null,"fhdESH":"NA","fhdBasisD":null,"fhdNMF":"no","fhdBasisDt":null,"fhdBasisNm":null,"fhdBasisEnt":null,"fhdBasisPrj":null,"fhdBasisMethod":null,"fhdAccess":null,"fhdBarrierFtrID":null,"fhdEndExtent":null,"Shape__Area":1233375.991817945,"Shape__Length":6009.85551581698,"habitatType":"lake"},"id":55},
{"type":"Feature","geometry":{"type":"Polygon","coordinates":[[[-120.269969,42.40015],[-120.271142,42.40065],[-120.272434,42.40048],[-120.271637,42.399669],[-120.269969,42.40015]]]},"properties":{"OBJECTID":41,"fhdFtrID":42,"fhdRefID":53684,"fhdRevDt":"20190219","fhdONm":"Peter Robinson","fhdOEnt":"ODFW","fhdSpNm":"White crappie","fhdRun":"NA","fhdLifeHst":"Resident","fhdUseTy":"ResidentMultipleUses","fhdBasis":"UndocObsFish","fhdStNm":"Wilson Lake","fhdGenus":"Pomoxis","fhdSp":"annularis","fhdSubSp":null,"fhdOrig":"NonNative","fhdProd":"Unknown","fhdComment":null,"fhdESH":"NA","fhdBasisD":null,"fhdNMF":"no","fhdBasisDt":null,"fhdBasisNm":null,"fhdBasisEnt":null,"fhdBasisPrj":null,"fhdBasisMethod":null,"fhdAccess":null,"fhdBarrierFtrID":null,"fhdEndExtent":null,"Shape__Area":28412.250595125,"Shape__Length":699.8023556080739,"habitatType":"lake"},"id":56},
{"type":"Feature","geometry":{"type":"Polygon","coordinates":[[[-121.106281,42.054375],[-121.104733,42.058119],[-121.108137,42.060582],[-121.10883,42.056767],[-121.106281,42.054375]]]},"properties":{"OBJECTID":42,"fhdFtrID":43,"fhdRefID":53684,"fhdRevDt":"20190219","fhdONm":"Peter Robinson","fhdOEnt":"ODFW","fhdSpNm":"White crappie","fhdRun":"NA","fhdLifeHst":"Resident","fhdUseTy":"ResidentMultipleUses","fhdBasis":"UndocObsFish","fhdStNm":"Bumphead Reservoir","fhdGenus":"Pomoxis","fhdSp":"annularis","fhdSubSp":null,"fhdOrig":"NonNative","fhdProd":"Unknown","fhdComment":null,"fhdESH":"NA","fhdBasisD":null,"fhdNMF":"no","fhdBasisDt":null,"fhdBasisNm":null,"fhdBasisEnt":null,"fhdBasisPrj":null,"fhdBasisMethod":null,"fhdAccess":null,"fhdBarrierFtrID":null,"fhdEndExtent":null,"Shape__Area":312292.871164985,"Shape__Length":2395.704627282051,"habitatType":"lake"},"id":57},
{"type":"Feature","geometry":{"type":"Polygon","coordinates":[[[-122.018077,42.150796],[-122.026448,42.149512],[-122.03491,42.149821],[-122.036696,42.147615],[-122.037989,42.143267],[-122.035837,42.1391],[-122.033939,42.143102],[-122.03624,42.144694],[-122.034483,42.148718],[-122.024804,42.148347],[-122.018077,42.150796]]]},"properties":{"OBJECTID":43,"fhdFtrID":44,"fhdRefID":53684,"fhdRevDt":"20190219","fhdONm":"Peter Robinson","fhdOEnt":"ODFW","fhdSpNm":"White crappie","fhdRun":"NA","fhdLifeHst":"Resident","fhdUseTy":"ResidentMultipleUses","fhdBasis":"UndocObsFish","fhdStNm":"John C Boyle Reservoir","fhdGenus":"Pomoxis","fhdSp":"annularis","fhdSubSp":null,"fhdOrig":"NonNative","fhdProd":"Unknown","fhdComment":null,"fhdESH":"NA","fhdBasisD":null,"fhdNMF":"no","fhdBasisDt":null,"fhdBasisNm":null,"fhdBasisEnt":null,"fhdBasisPrj":null,"fhdBasisMethod":null,"fhdAccess":null,"fhdBarrierFtrID":null,"fhdEndExtent":null,"Shape__Area":1352961.49781106,"Shape__Length":15250.925992162365,"habitatType":"lake"},"id":58},
{"type":"Feature","geometry":{"type":"Polygon","coordinates":[[[-121.10048,42.239821],[-121.100222,42.229531],[-121.104113,42.222892],[-121.106018,42.221986],[-121.105821,42.21912],[-121.108532,42.216035],[-121.116659,42.212728],[-121.122397,42.21349],[-121.128251,42.217301],[-121.131013,42.217099],[-121.13225,42.220519],[-121.128983,42.223859],[-121.137265,42.229382],[-121.139305,42.226669],[-121.143213,42.224782],[-121.142366,42.222076],[-121.136798,42.222096],[-121.129761,42.213841],[-121.1268,42.213863],[-121.125027,42.208032],[-121.120892,42.207149],[-121.12354,42.204128],[-121.123206,42.202526],[-121.126533,42.199906],[-121.120158,42.195963],[-121.119441,42.194103],[-121.116096,42.192156],[-121.113558,42.193354],[-121.110181,42.189008],[-121.11047,42.180265],[-121.108435,42.172385],[-121.102021,42.1686],[-121.096951,42.167685],[-121.09379,42.169418],[-121.095994,42.171692],[-121.09644,42.17656],[-121.089348,42.176578],[-121.086405,42.179334],[-121.083276,42.180614],[-121.087587,42.183577],[-121.0869,42.186285],[-121.084585,42.187479],[-121.079248,42.184017],[-121.073018,42.18251],[-121.070451,42.178546],[-121.06206,42.178881],[-121.069455,42.181713],[-121.072311,42.18483],[-121.078001,42.186366],[-121.080631,42.196202],[-121.085756,42.201481],[-121.089964,42.204125],[-121.08973,42.209455],[-121.092375,42.213614],[-121.090376,42.217183],[-121.092289,42.220266],[-121.098767,42.223316],[-121.092852,42.223543],[-121.094752,42.22908],[-121.098211,42.233459],[-121.098901,42.238847],[-121.10048,42.239821]]]},"properties":{"OBJECTID":44,"fhdFtrID":45,"fhdRefID":53684,"fhdRevDt":"20190219","fhdONm":"Peter Robinson","fhdOEnt":"ODFW","fhdSpNm":"White crappie","fhdRun":"NA","fhdLifeHst":"Resident","fhdUseTy":"ResidentMultipleUses","fhdBasis":"UndocObsFish","fhdStNm":"Gerber Reservoir","fhdGenus":"Pomoxis","fhdSp":"annularis","fhdSubSp":null,"fhdOrig":"NonNative","fhdProd":"Unknown","fhdComment":null,"fhdESH":"NA","fhdBasisD":null,"fhdNMF":"no","fhdBasisDt":null,"fhdBasisNm":null,"fhdBasisEnt":null,"fhdBasisPrj":null,"fhdBasisMethod":null,"fhdAccess":null,"fhdBarrierFtrID":null,"fhdEndExtent":null,"Shape__Area":28128431.30408254,"Shape__Length":62900.03493764147,"habitatType":"lake"},"id":59},
{"type":"Feature","geometry":{"type":"Polygon","coordinates":[[[-122.929972,45.11533],[-122.931375,45.115428],[-122.932282,45.114677],[-122.930732,45.114507],[-122.929972,45.11533]]]},"properties":{"OBJECTID":45,"fhdFtrID":46,"fhdRefID":53684,"fhdRevDt":"20190219","fhdONm":"Peter Robinson","fhdOEnt":"ODFW","fhdSpNm":"White crappie","fhdRun":"NA","fhdLifeHst":"Resident","fhdUseTy":"ResidentMultipleUses","fhdBasis":"UndocObsFish","fhdStNm":"St. Louis Ponds","fhdGenus":"Pomoxis","fhdSp":"annularis","fhdSubSp":null,"fhdOrig":"NonNative","fhdProd":"Unknown","fhdComment":null,"fhdESH":"NA","fhdBasisD":null,"fhdNMF":"no","fhdBasisDt":null,"fhdBasisNm":null,"fhdBasisEnt":null,"fhdBasisPrj":null,"fhdBasisMethod":null,"fhdAccess":null,"fhdBarrierFtrID":null,"fhdEndExtent":null,"Shape__Area":38138.000854575,"Shape__Length":2062.1122037876553,"habitatType":"lake"},"id":60},
{"type":"Feature","geometry":{"type":"Polygon","coordinates":[[[-122.927702,45.114205],[-122.929352,45.114353],[-122.929569,45.113722],[-122.927981,45.113459],[-122.92833,45.11246],[-122.927818,45.112657],[-122.927725,45.113579],[-122.929267,45.113826],[-122.929205,45.114128],[-122.927717,45.114013],[-122.927702,45.114205]]]},"properties":{"OBJECTID":46,"fhdFtrID":47,"fhdRefID":53684,"fhdRevDt":"20190219","fhdONm":"Peter Robinson","fhdOEnt":"ODFW","fhdSpNm":"White crappie","fhdRun":"NA","fhdLifeHst":"Resident","fhdUseTy":"ResidentMultipleUses","fhdBasis":"UndocObsFish","fhdStNm":"St. Louis Ponds","fhdGenus":"Pomoxis","fhdSp":"annularis","fhdSubSp":null,"fhdOrig":"NonNative","fhdProd":"Unknown","fhdComment":null,"fhdESH":"NA","fhdBasisD":null,"fhdNMF":"no","fhdBasisDt":null,"fhdBasisNm":null,"fhdBasisEnt":null,"fhdBasisPrj":null,"fhdBasisMethod":null,"fhdAccess":null,"fhdBarrierFtrID":null,"fhdEndExtent":null,"Shape__Area":31641.299672535,"Shape__Length":2086.626714213839,"habitatType":"lake"},"id":61},
{"type":"Feature","geometry":{"type":"Polygon","coordinates":[[[-122.935087,45.114419],[-122.936723,45.113398],[-122.934243,45.112976],[-122.935087,45.114419]]]},"properties":{"OBJECTID":47,"fhdFtrID":48,"fhdRefID":53684,"fhdRevDt":"20190219","fhdONm":"Peter Robinson","fhdOEnt":"ODFW","fhdSpNm":"White crappie","fhdRun":"NA","fhdLifeHst":"Resident","fhdUseTy":"ResidentMultipleUses","fhdBasis":"UndocObsFish","fhdStNm":"St. Louis Ponds","fhdGenus":"Pomoxis","fhdSp":"annularis","fhdSubSp":null,"fhdOrig":"NonNative","fhdProd":"Unknown","fhdComment":null,"fhdESH":"NA","fhdBasisD":null,"fhdNMF":"no","fhdBasisDt":null,"fhdBasisNm":null,"fhdBasisEnt":null,"fhdBasisPrj":null,"fhdBasisMethod":null,"fhdAccess":null,"fhdBarrierFtrID":null,"fhdEndExtent":null,"Shape__Area":60810.708173765,"Shape__Length":2474.891465697579,"habitatType":"lake"},"id":62},
{"type":"Feature","geometry":{"type":"Polygon","coordinates":[[[-122.928871,45.116016],[-122.929329,45.114661],[-122.927934,45.114578],[-122.927655,45.115269],[-122.928871,45.116016]]]},"properties":{"OBJECTID":48,"fhdFtrID":49,"fhdRefID":53684,"fhdRevDt":"20190219","fhdONm":"Peter Robinson","fhdOEnt":"ODFW","fhdSpNm":"White crappie","fhdRun":"NA","fhdLifeHst":"Resident","fhdUseTy":"ResidentMultipleUses","fhdBasis":"UndocObsFish","fhdStNm":"St. Louis Ponds","fhdGenus":"Pomoxis","fhdSp":"annularis","fhdSubSp":null,"fhdOrig":"NonNative","fhdProd":"Unknown","fhdComment":null,"fhdESH":"NA","fhdBasisD":null,"fhdNMF":"no","fhdBasisDt":null,"fhdBasisNm":null,"fhdBasisEnt":null,"fhdBasisPrj":null,"fhdBasisMethod":null,"fhdAccess":null,"fhdBarrierFtrID":null,"fhdEndExtent":null,"Shape__Area":60624.10886951,"Shape__Length":3110.8244700458577,"habitatType":"lake"},"id":63},
{"type":"Feature","geometry":{"type":"Polygon","coordinates":[[[-122.930329,45.112592],[-122.930585,45.112268],[-122.927276,45.111856],[-122.927524,45.111198],[-122.928492,45.111225],[-122.928237,45.11066],[-122.927028,45.110622],[-122.926989,45.112125],[-122.92857,45.112235],[-122.930329,45.112592]]]},"properties":{"OBJECTID":49,"fhdFtrID":50,"fhdRefID":53684,"fhdRevDt":"20190219","fhdONm":"Peter Robinson","fhdOEnt":"ODFW","fhdSpNm":"White crappie","fhdRun":"NA","fhdLifeHst":"Resident","fhdUseTy":"ResidentMultipleUses","fhdBasis":"UndocObsFish","fhdStNm":"St. Louis Ponds","fhdGenus":"Pomoxis","fhdSp":"annularis","fhdSubSp":null,"fhdOrig":"NonNative","fhdProd":"Unknown","fhdComment":null,"fhdESH":"NA","fhdBasisD":null,"fhdNMF":"no","fhdBasisDt":null,"fhdBasisNm":null,"fhdBasisEnt":null,"fhdBasisPrj":null,"fhdBasisMethod":null,"fhdAccess":null,"fhdBarrierFtrID":null,"fhdEndExtent":null,"Shape__Area":53966.68542063,"Shape__Length":2372.88741990527,"habitatType":"lake"},"id":64},
{"type":"Feature","geometry":{"type":"Polygon","coordinates":[[[-122.93222,45.116334],[-122.93556,45.115248],[-122.933561,45.114534],[-122.93222,45.116334]]]},"properties":{"OBJECTID":50,"fhdFtrID":51,"fhdRefID":53684,"fhdRevDt":"20190219","fhdONm":"Peter Robinson","fhdOEnt":"ODFW","fhdSpNm":"White crappie","fhdRun":"NA","fhdLifeHst":"Resident","fhdUseTy":"ResidentMultipleUses","fhdBasis":"UndocObsFish","fhdStNm":"St. Louis Ponds","fhdGenus":"Pomoxis","fhdSp":"annularis","fhdSubSp":null,"fhdOrig":"NonNative","fhdProd":"Unknown","fhdComment":null,"fhdESH":"NA","fhdBasisD":null,"fhdNMF":"no","fhdBasisDt":null,"fhdBasisNm":null,"fhdBasisEnt":null,"fhdBasisPrj":null,"fhdBasisMethod":null,"fhdAccess":null,"fhdBarrierFtrID":null,"fhdEndExtent":null,"Shape__Area":61327.12517181,"Shape__Length":2579.672103173037,"habitatType":"lake"},"id":65},
{"type":"Feature","geometry":{"type":"Polygon","coordinates":[[[-120.700357,42.077016],[-120.698093,42.07929],[-120.700312,42.084558],[-120.701054,42.089143],[-120.703413,42.087799],[-120.701978,42.085627],[-120.704013,42.082907],[-120.702671,42.077842],[-120.708774,42.07591],[-120.711453,42.07188],[-120.712607,42.067467],[-120.708909,42.068884],[-120.708911,42.072189],[-120.705535,42.0725],[-120.700357,42.077016]]]},"properties":{"OBJECTID":51,"fhdFtrID":52,"fhdRefID":53684,"fhdRevDt":"20190125","fhdONm":"Peter Robinson","fhdOEnt":"ODFW","fhdSpNm":"White crappie","fhdRun":"NA","fhdLifeHst":"Resident","fhdUseTy":"ResidentMultipleUses","fhdBasis":"UndocObsFish","fhdStNm":"Dog Lake Reservoir","fhdGenus":"Pomoxis","fhdSp":"annularis","fhdSubSp":null,"fhdOrig":"NonNative","fhdProd":"Unknown","fhdComment":null,"fhdESH":"NA","fhdBasisD":null,"fhdNMF":"no","fhdBasisDt":null,"fhdBasisNm":null,"fhdBasisEnt":null,"fhdBasisPrj":null,"fhdBasisMethod":null,"fhdAccess":null,"fhdBarrierFtrID":null,"fhdEndExtent":null,"Shape__Area":1530876.210822425,"Shape__Length":10689.19454115802,"habitatType":"lake"},"id":66},
{"type":"Feature","geometry":{"type":"Polygon","coordinates":[[[-119.032362,46.189711],[-119.036085,46.186723],[-119.026055,46.180042],[-119.018661,46.17412],[-119.014584,46.168744],[-119.0228,46.172027],[-119.027805,46.171469],[-119.018579,46.168208],[-119.013205,46.165754],[-119.014683,46.163977],[-119.012948,46.161914],[-119.009334,46.1607],[-119.006323,46.156377],[-119.001897,46.147434],[-119.005334,46.143043],[-119.005001,46.137223],[-119.00256,46.132636],[-118.992192,46.124862],[-118.988846,46.123372],[-118.978905,46.121023],[-118.973674,46.118068],[-118.971872,46.112787],[-118.966212,46.103492],[-118.971502,46.103068],[-118.968762,46.096135],[-118.966174,46.092735],[-118.957199,46.084395],[-118.953185,46.079344],[-118.952907,46.074105],[-118.951479,46.06675],[-118.950297,46.065664],[-118.951406,46.060766],[-118.955617,46.046839],[-118.95515,46.039077],[-118.958266,46.032253],[-118.988346,46.011022],[-118.995708,46.005308],[-118.999609,45.998026],[-119.007529,45.989249],[-119.012766,45.985099],[-119.02669,45.976575],[-119.035007,45.972628],[-119.062319,45.965451],[-119.06777,45.963498],[-119.090085,45.95242],[-119.100548,45.947541],[-119.115263,45.943119],[-119.125537,45.94149],[-119.147679,45.937388],[-119.15154,45.93728],[-119.168308,45.934749],[-119.180548,45.933868],[-119.200569,45.935128],[-119.209366,45.936032],[-119.220821,45.938547],[-119.234221,45.943818],[-119.240811,45.945768],[-119.250736,45.947857],[-119.263606,45.948206],[-119.275895,45.947042],[-119.29986,45.944348],[-119.296695,45.931969],[-119.2936,45.926501],[-119.269845,45.931442],[-119.255101,45.930552],[-119.249348,45.930527],[-119.230764,45.926784],[-119.219263,45.92319],[-119.206648,45.921141],[-119.197218,45.920084],[-119.187826,45.920255],[-119.183473,45.919783],[-119.1797,45.920572],[-119.174231,45.919771],[-119.170175,45.921169],[-119.158529,45.919774],[-119.150795,45.921242],[-119.145044,45.919139],[-119.138457,45.920173],[-119.129645,45.922928],[-119.12717,45.921819],[-119.12234,45.923101],[-119.118103,45.922215],[-119.114277,45.923292],[-119.095859,45.930912],[-119.063238,45.948721],[-119.060667,45.950411],[-119.047062,45.955358],[-119.040425,45.957276],[-119.02245,45.963355],[-119.01267,45.967843],[-118.995873,45.978693],[-118.993334,45.981366],[-118.983684,45.994041],[-118.975413,46.00156],[-118.965374,46.009225],[-118.947427,46.019107],[-118.943302,46.02219],[-118.941066,46.025048],[-118.933672,46.028585],[-118.937625,46.036577],[-118.940665,46.03876],[-118.941075,46.043],[-118.93998,46.046714],[-118.937137,46.051431],[-118.929983,46.056455],[-118.923246,46.057738],[-118.916232,46.063305],[-118.910597,46.06473],[-118.909215,46.071536],[-118.9094,46.079704],[-118.913526,46.091597],[-118.914029,46.095897],[-118.92203,46.100303],[-118.9249,46.104296],[-118.922769,46.109112],[-118.927342,46.11745],[-118.93097,46.120406],[-118.933387,46.124862],[-118.937529,46.127292],[-118.945111,46.133089],[-118.945459,46.141481],[-118.943479,46.147082],[-118.944482,46.150949],[-118.942904,46.152336],[-118.950396,46.157868],[-118.946615,46.162078],[-118.948281,46.1642],[-118.953547,46.167545],[-118.959608,46.163858],[-118.957231,46.160173],[-118.960388,46.15834],[-118.961547,46.155203],[-118.960677,46.150957],[-118.958869,46.149938],[-118.960935,46.145703],[-118.963223,46.144978],[-118.959158,46.141447],[-118.957997,46.138869],[-118.958515,46.131947],[-118.960849,46.128403],[-118.964472,46.13403],[-118.967152,46.1428],[-118.974018,46.15719],[-118.973128,46.158847],[-118.983139,46.171289],[-118.988029,46.174748],[-119.004651,46.18519],[-119.015101,46.191283],[-119.015542,46.19385],[-119.023808,46.197988],[-119.024128,46.202282],[-119.024328,46.201774],[-119.026891,46.200407],[-119.027153,46.20023],[-119.02863,46.199737],[-119.02901,46.199685],[-119.029399,46.199503],[-119.029629,46.199359],[-119.030082,46.199157],[-119.030402,46.199059],[-119.030903,46.198641],[-119.027326,46.19262],[-119.027243,46.192465],[-119.032362,46.189711]],[[-118.935577,46.103677],[-118.940609,46.113111],[-118.936815,46.111049],[-118.935577,46.103677]]]},"properties":{"OBJECTID":52,"fhdFtrID":53,"fhdRefID":53684,"fhdRevDt":"20190213","fhdONm":"Peter Robinson","fhdOEnt":"ODFW","fhdSpNm":"White crappie","fhdRun":"NA","fhdLifeHst":"Resident","fhdUseTy":"ResidentMultipleUses","fhdBasis":"UndocObsFish","fhdStNm":"Lake Wallula","fhdGenus":"Pomoxis","fhdSp":"annularis","fhdSubSp":null,"fhdOrig":"NonNative","fhdProd":"Unknown","fhdComment":null,"fhdESH":"NA","fhdBasisD":null,"fhdNMF":"no","fhdBasisDt":null,"fhdBasisNm":null,"fhdBasisEnt":null,"fhdBasisPrj":null,"fhdBasisMethod":null,"fhdAccess":null,"fhdBarrierFtrID":null,"fhdEndExtent":null,"Shape__Area":221177788.1562376,"Shape__Length":261154.4545908588,"habitatType":"lake"},"id":67},
{"type":"Feature","geometry":{"type":"Polygon","coordinates":[[[-123.087982,44.097085],[-123.085494,44.098358],[-123.087986,44.099153],[-123.087982,44.097085]]]},"properties":{"OBJECTID":53,"fhdFtrID":54,"fhdRefID":53713,"fhdRevDt":"20190705","fhdONm":"Matthew Neilson","fhdOEnt":"USGS","fhdSpNm":"White crappie","fhdRun":"NA","fhdLifeHst":"Resident","fhdUseTy":"ResidentMultipleUses","fhdBasis":"UndocObsFish","fhdStNm":"Ayers Pond","fhdGenus":"Pomoxis","fhdSp":"annularis","fhdSubSp":null,"fhdOrig":"NonNative","fhdProd":"Unknown","fhdComment":null,"fhdESH":"NA","fhdBasisD":null,"fhdNMF":"no","fhdBasisDt":null,"fhdBasisNm":null,"fhdBasisEnt":null,"fhdBasisPrj":null,"fhdBasisMethod":null,"fhdAccess":null,"fhdBarrierFtrID":null,"fhdEndExtent":null,"Shape__Area":226545.081709185,"Shape__Length":3004.981368049768,"habitatType":"lake"},"id":68},
{"type":"Feature","geometry":{"type":"Polygon","coordinates":[[[-123.218635,44.573223],[-123.215935,44.578674],[-123.217195,44.579189],[-123.218635,44.573223]]]},"properties":{"OBJECTID":54,"fhdFtrID":55,"fhdRefID":53713,"fhdRevDt":"20190705","fhdONm":"Matthew Neilson","fhdOEnt":"USGS","fhdSpNm":"White crappie","fhdRun":"NA","fhdLifeHst":"Resident","fhdUseTy":"ResidentMultipleUses","fhdBasis":"UndocObsFish","fhdStNm":"Colorado Lake","fhdGenus":"Pomoxis","fhdSp":"annularis","fhdSubSp":null,"fhdOrig":"NonNative","fhdProd":"Unknown","fhdComment":null,"fhdESH":"NA","fhdBasisD":null,"fhdNMF":"no","fhdBasisDt":null,"fhdBasisNm":null,"fhdBasisEnt":null,"fhdBasisPrj":null,"fhdBasisMethod":null,"fhdAccess":null,"fhdBarrierFtrID":null,"fhdEndExtent":null,"Shape__Area":193958.826833345,"Shape__Length":3572.472609093616,"habitatType":"lake"},"id":69},
{"type":"Feature","geometry":{"type":"Polygon","coordinates":[[[-123.108496,44.07943],[-123.10884,44.082097],[-123.111496,44.080565],[-123.108496,44.07943]]]},"properties":{"OBJECTID":55,"fhdFtrID":56,"fhdRefID":53713,"fhdRevDt":"20190705","fhdONm":"Matthew Neilson","fhdOEnt":"USGS","fhdSpNm":"White crappie","fhdRun":"NA","fhdLifeHst":"Resident","fhdUseTy":"ResidentMultipleUses","fhdBasis":"UndocObsFish","fhdStNm":"Delta Ponds","fhdGenus":"Pomoxis","fhdSp":"annularis","fhdSubSp":null,"fhdOrig":"NonNative","fhdProd":"Unknown","fhdComment":null,"fhdESH":"NA","fhdBasisD":null,"fhdNMF":"no","fhdBasisDt":null,"fhdBasisNm":null,"fhdBasisEnt":null,"fhdBasisPrj":null,"fhdBasisMethod":null,"fhdAccess":null,"fhdBarrierFtrID":null,"fhdEndExtent":null,"Shape__Area":112411.126662205,"Shape__Length":2921.3959026254474,"habitatType":"lake"},"id":70},
{"type":"Feature","geometry":{"type":"Polygon","coordinates":[[[-123.907164,46.091655],[-123.907035,46.083086],[-123.90323,46.076814],[-123.896757,46.079166],[-123.900571,46.081509],[-123.901798,46.086261],[-123.904715,46.087507],[-123.904524,46.089932],[-123.907164,46.091655]]]},"properties":{"OBJECTID":56,"fhdFtrID":57,"fhdRefID":53713,"fhdRevDt":"20190705","fhdONm":"Matthew Neilson","fhdOEnt":"USGS","fhdSpNm":"White crappie","fhdRun":"NA","fhdLifeHst":"Resident","fhdUseTy":"ResidentMultipleUses","fhdBasis":"UndocObsFish","fhdStNm":"Cullaby Lake","fhdGenus":"Pomoxis","fhdSp":"annularis","fhdSubSp":null,"fhdOrig":"NonNative","fhdProd":"Unknown","fhdComment":null,"fhdESH":"NA","fhdBasisD":null,"fhdNMF":"no","fhdBasisDt":null,"fhdBasisNm":null,"fhdBasisEnt":null,"fhdBasisPrj":null,"fhdBasisMethod":null,"fhdAccess":null,"fhdBarrierFtrID":null,"fhdEndExtent":null,"Shape__Area":1636555.44524015,"Shape__Length":14281.805200586636,"habitatType":"lake"},"id":71},
{"type":"Feature","geometry":{"type":"Polygon","coordinates":[[[-118.805276,42.9576],[-118.808168,42.960619],[-118.81218,42.959806],[-118.808997,42.954406],[-118.803782,42.949659],[-118.7983,42.946009],[-118.796917,42.947886],[-118.801966,42.955772],[-118.805276,42.9576]]]},"properties":{"OBJECTID":57,"fhdFtrID":58,"fhdRefID":53713,"fhdRevDt":"20190705","fhdONm":"Matthew Neilson","fhdOEnt":"USGS","fhdSpNm":"White crappie","fhdRun":"NA","fhdLifeHst":"Resident","fhdUseTy":"ResidentMultipleUses","fhdBasis":"UndocObsFish","fhdStNm":"Krumbo Reservoir","fhdGenus":"Pomoxis","fhdSp":"annularis","fhdSubSp":null,"fhdOrig":"NonNative","fhdProd":"Unknown","fhdComment":null,"fhdESH":"NA","fhdBasisD":null,"fhdNMF":"no","fhdBasisDt":null,"fhdBasisNm":null,"fhdBasisEnt":null,"fhdBasisPrj":null,"fhdBasisMethod":null,"fhdAccess":null,"fhdBarrierFtrID":null,"fhdEndExtent":null,"Shape__Area":1655811.84992363,"Shape__Length":8605.195534621193,"habitatType":"lake"},"id":72},
{"type":"Feature","geometry":{"type":"Polygon","coordinates":[[[-121.112488,42.016444],[-121.117359,42.022531],[-121.119769,42.018167],[-121.116909,42.01269],[-121.115999,42.007608],[-121.109571,42.003154],[-121.100974,41.997948],[-121.104133,42.004797],[-121.103454,42.011614],[-121.098205,42.010117],[-121.097906,42.015271],[-121.105621,42.016735],[-121.10545,42.014248],[-121.112488,42.016444]]]},"properties":{"OBJECTID":58,"fhdFtrID":59,"fhdRefID":53580,"fhdRevDt":"20190705","fhdONm":"Jay Stevens","fhdOEnt":"BLM","fhdSpNm":"White crappie","fhdRun":"NA","fhdLifeHst":"Resident","fhdUseTy":"ResidentMultipleUses","fhdBasis":"UndocObsFish","fhdStNm":"Willow Valley Reservoir","fhdGenus":"Pomoxis","fhdSp":"annularis","fhdSubSp":null,"fhdOrig":"NonNative","fhdProd":"Unknown","fhdComment":null,"fhdESH":"NA","fhdBasisD":null,"fhdNMF":"no","fhdBasisDt":null,"fhdBasisNm":null,"fhdBasisEnt":null,"fhdBasisPrj":null,"fhdBasisMethod":null,"fhdAccess":null,"fhdBarrierFtrID":null,"fhdEndExtent":null,"Shape__Area":3984589.57296903,"Shape__Length":14973.395195935786,"habitatType":"lake"},"id":73},
{"type":"Feature","geometry":{"type":"Polygon","coordinates":[[[-119.767809,42.579095],[-119.774451,42.586669],[-119.7805,42.591021],[-119.788288,42.595144],[-119.798928,42.598848],[-119.813297,42.601652],[-119.82183,42.601553],[-119.821844,42.598776],[-119.827606,42.597009],[-119.826179,42.592823],[-119.827863,42.585768],[-119.826992,42.580117],[-119.823955,42.577621],[-119.821104,42.573084],[-119.817474,42.570725],[-119.811922,42.565695],[-119.80965,42.56463],[-119.801398,42.563747],[-119.795586,42.564799],[-119.788177,42.569566],[-119.781445,42.570168],[-119.776636,42.568806],[-119.767779,42.571162],[-119.766197,42.573373],[-119.767719,42.578843],[-119.767809,42.579095]]]},"properties":{"OBJECTID":59,"fhdFtrID":60,"fhdRefID":53580,"fhdRevDt":"20190705","fhdONm":"Jay Stevens","fhdOEnt":"BLM","fhdSpNm":"White crappie","fhdRun":"NA","fhdLifeHst":"Resident","fhdUseTy":"ResidentMultipleUses","fhdBasis":"UndocObsFish","fhdStNm":"Flagstaff Lake","fhdGenus":"Pomoxis","fhdSp":"annularis","fhdSubSp":null,"fhdOrig":"NonNative","fhdProd":"Natural","fhdComment":null,"fhdESH":"NA","fhdBasisD":null,"fhdNMF":"no","fhdBasisDt":null,"fhdBasisNm":null,"fhdBasisEnt":null,"fhdBasisPrj":null,"fhdBasisMethod":null,"fhdAccess":null,"fhdBarrierFtrID":null,"fhdEndExtent":null,"Shape__Area":27137023.72266047,"Shape__Length":29131.94438709654,"habitatType":"lake"},"id":74},
{"type":"Feature","geometry":{"type":"Polygon","coordinates":[[[-119.823065,42.509047],[-119.821131,42.511368],[-119.823357,42.518396],[-119.819434,42.520443],[-119.815295,42.520844],[-119.813063,42.522254],[-119.81284,42.527038],[-119.813746,42.530499],[-119.818627,42.533188],[-119.82925,42.535804],[-119.835452,42.535994],[-119.838299,42.532022],[-119.836495,42.529658],[-119.83596,42.525839],[-119.83305,42.518746],[-119.833553,42.515723],[-119.825684,42.513475],[-119.823517,42.50885],[-119.823065,42.509047]]]},"properties":{"OBJECTID":60,"fhdFtrID":61,"fhdRefID":53580,"fhdRevDt":"20190705","fhdONm":"Jay Stevens","fhdOEnt":"BLM","fhdSpNm":"White crappie","fhdRun":"NA","fhdLifeHst":"Resident","fhdUseTy":"ResidentMultipleUses","fhdBasis":"UndocObsFish","fhdStNm":"Swamp Lake","fhdGenus":"Pomoxis","fhdSp":"annularis","fhdSubSp":null,"fhdOrig":"NonNative","fhdProd":"Natural","fhdComment":null,"fhdESH":"NA","fhdBasisD":null,"fhdNMF":"no","fhdBasisDt":null,"fhdBasisNm":null,"fhdBasisEnt":null,"fhdBasisPrj":null,"fhdBasisMethod":null,"fhdAccess":null,"fhdBarrierFtrID":null,"fhdEndExtent":null,"Shape__Area":6870352.119945765,"Shape__Length":20044.33773468158,"habitatType":"lake"},"id":75},
{"type":"Feature","geometry":{"type":"Polygon","coordinates":[[[-119.823517,42.50885],[-119.824361,42.504572],[-119.823798,42.500611],[-119.824875,42.497808],[-119.824085,42.495258],[-119.820418,42.49426],[-119.818938,42.496241],[-119.813899,42.495617],[-119.806509,42.49733],[-119.803394,42.500611],[-119.804929,42.502735],[-119.810803,42.505019],[-119.816825,42.505986],[-119.822707,42.507863],[-119.823065,42.509047],[-119.823517,42.50885]]]},"properties":{"OBJECTID":61,"fhdFtrID":62,"fhdRefID":53580,"fhdRevDt":"20190705","fhdONm":"Jay Stevens","fhdOEnt":"BLM","fhdSpNm":"White crappie","fhdRun":"NA","fhdLifeHst":"Resident","fhdUseTy":"ResidentMultipleUses","fhdBasis":"UndocObsFish","fhdStNm":"Anderson Lake","fhdGenus":"Pomoxis","fhdSp":"annularis","fhdSubSp":null,"fhdOrig":"NonNative","fhdProd":"Natural","fhdComment":null,"fhdESH":"NA","fhdBasisD":null,"fhdNMF":"no","fhdBasisDt":null,"fhdBasisNm":null,"fhdBasisEnt":null,"fhdBasisPrj":null,"fhdBasisMethod":null,"fhdAccess":null,"fhdBarrierFtrID":null,"fhdEndExtent":null,"Shape__Area":3220511.11723822,"Shape__Length":8754.506171551104,"habitatType":"lake"},"id":76},
{"type":"Feature","geometry":{"type":"Polygon","coordinates":[[[-119.729879,42.582047],[-119.741011,42.588088],[-119.750838,42.591072],[-119.755937,42.591836],[-119.760066,42.591152],[-119.758354,42.58714],[-119.75835,42.583519],[-119.764971,42.584471],[-119.764002,42.580625],[-119.767809,42.579095],[-119.767719,42.578843],[-119.763482,42.580872],[-119.759913,42.578533],[-119.75652,42.578488],[-119.753008,42.570865],[-119.75008,42.569802],[-119.74199,42.570673],[-119.737981,42.569902],[-119.735221,42.571357],[-119.737725,42.574039],[-119.736712,42.579059],[-119.730128,42.580686],[-119.72968,42.581964],[-119.729879,42.582047]]]},"properties":{"OBJECTID":62,"fhdFtrID":63,"fhdRefID":53580,"fhdRevDt":"20190705","fhdONm":"Jay Stevens","fhdOEnt":"BLM","fhdSpNm":"White crappie","fhdRun":"NA","fhdLifeHst":"Resident","fhdUseTy":"ResidentMultipleUses","fhdBasis":"UndocObsFish","fhdStNm":"Upper Campbell Lake","fhdGenus":"Pomoxis","fhdSp":"annularis","fhdSubSp":null,"fhdOrig":"NonNative","fhdProd":"Natural","fhdComment":null,"fhdESH":"NA","fhdBasisD":null,"fhdNMF":"no","fhdBasisDt":null,"fhdBasisNm":null,"fhdBasisEnt":null,"fhdBasisPrj":null,"fhdBasisMethod":null,"fhdAccess":null,"fhdBarrierFtrID":null,"fhdEndExtent":null,"Shape__Area":7313422.324104655,"Shape__Length":21091.698288124946,"habitatType":"lake"},"id":77},
{"type":"Feature","geometry":{"type":"Polygon","coordinates":[[[-119.72968,42.581964],[-119.724189,42.580946],[-119.719549,42.581519],[-119.71079,42.585674],[-119.707004,42.588018],[-119.697991,42.591136],[-119.695757,42.594341],[-119.697213,42.596623],[-119.702063,42.600314],[-119.715391,42.608788],[-119.726535,42.612164],[-119.732367,42.614498],[-119.746185,42.615889],[-119.74859,42.613971],[-119.745963,42.609307],[-119.740911,42.608081],[-119.738643,42.605004],[-119.740074,42.602079],[-119.736712,42.596984],[-119.737481,42.592435],[-119.735265,42.588299],[-119.729879,42.582047],[-119.72968,42.581964]]]},"properties":{"OBJECTID":63,"fhdFtrID":64,"fhdRefID":53580,"fhdRevDt":"20190705","fhdONm":"Jay Stevens","fhdOEnt":"BLM","fhdSpNm":"White crappie","fhdRun":"NA","fhdLifeHst":"Resident","fhdUseTy":"ResidentMultipleUses","fhdBasis":"UndocObsFish","fhdStNm":"Campbell Lake","fhdGenus":"Pomoxis","fhdSp":"annularis","fhdSubSp":null,"fhdOrig":"NonNative","fhdProd":"Natural","fhdComment":null,"fhdESH":"NA","fhdBasisD":null,"fhdNMF":"no","fhdBasisDt":null,"fhdBasisNm":null,"fhdBasisEnt":null,"fhdBasisPrj":null,"fhdBasisMethod":null,"fhdAccess":null,"fhdBarrierFtrID":null,"fhdEndExtent":null,"Shape__Area":17114790.78827911,"Shape__Length":23147.52005611755,"habitatType":"lake"},"id":78},
{"type":"Feature","geometry":{"type":"Polygon","coordinates":[[[-119.705342,42.632185],[-119.706993,42.629994],[-119.706834,42.626834],[-119.704404,42.623775],[-119.70842,42.618139],[-119.709065,42.614112],[-119.704525,42.611068],[-119.703292,42.61205],[-119.707,42.616087],[-119.705717,42.620307],[-119.702901,42.619676],[-119.696571,42.614871],[-119.689781,42.613149],[-119.690464,42.610872],[-119.687069,42.605161],[-119.682107,42.607251],[-119.679055,42.611064],[-119.674828,42.613648],[-119.673654,42.616425],[-119.682991,42.622252],[-119.696604,42.62937],[-119.705235,42.632296],[-119.705342,42.632185]]]},"properties":{"OBJECTID":64,"fhdFtrID":65,"fhdRefID":53580,"fhdRevDt":"20190705","fhdONm":"Jay Stevens","fhdOEnt":"BLM","fhdSpNm":"White crappie","fhdRun":"NA","fhdLifeHst":"Resident","fhdUseTy":"ResidentMultipleUses","fhdBasis":"UndocObsFish","fhdStNm":"Stone Corral Lake","fhdGenus":"Pomoxis","fhdSp":"annularis","fhdSubSp":null,"fhdOrig":"NonNative","fhdProd":"Natural","fhdComment":null,"fhdESH":"NA","fhdBasisD":null,"fhdNMF":"no","fhdBasisDt":null,"fhdBasisNm":null,"fhdBasisEnt":null,"fhdBasisPrj":null,"fhdBasisMethod":null,"fhdAccess":null,"fhdBarrierFtrID":null,"fhdEndExtent":null,"Shape__Area":7299898.848993685,"Shape__Length":19996.55959793281,"habitatType":"lake"},"id":79},
{"type":"Feature","geometry":{"type":"Polygon","coordinates":[[[-119.705235,42.632296],[-119.703032,42.633462],[-119.704215,42.637248],[-119.709656,42.642536],[-119.716183,42.646139],[-119.719527,42.645272],[-119.719068,42.637505],[-119.712397,42.63864],[-119.708665,42.635294],[-119.704838,42.635267],[-119.705342,42.632185],[-119.705235,42.632296]]]},"properties":{"OBJECTID":65,"fhdFtrID":66,"fhdRefID":53580,"fhdRevDt":"20190705","fhdONm":"Jay Stevens","fhdOEnt":"BLM","fhdSpNm":"White crappie","fhdRun":"NA","fhdLifeHst":"Resident","fhdUseTy":"ResidentMultipleUses","fhdBasis":"UndocObsFish","fhdStNm":"Turpin Lake","fhdGenus":"Pomoxis","fhdSp":"annularis","fhdSubSp":null,"fhdOrig":"NonNative","fhdProd":"Natural","fhdComment":null,"fhdESH":"NA","fhdBasisD":null,"fhdNMF":"no","fhdBasisDt":null,"fhdBasisNm":null,"fhdBasisEnt":null,"fhdBasisPrj":null,"fhdBasisMethod":null,"fhdAccess":null,"fhdBarrierFtrID":null,"fhdEndExtent":null,"Shape__Area":1567390.063204855,"Shape__Length":11198.44514672489,"habitatType":"lake"},"id":80},
{"type":"Feature","geometry":{"type":"Polygon","coordinates":[[[-119.75619,42.628141],[-119.761429,42.623533],[-119.756912,42.616481],[-119.75392,42.614927],[-119.751208,42.615415],[-119.751257,42.619507],[-119.74744,42.622178],[-119.740737,42.625084],[-119.74407,42.626745],[-119.754214,42.626297],[-119.75619,42.628141]]]},"properties":{"OBJECTID":66,"fhdFtrID":67,"fhdRefID":53580,"fhdRevDt":"20190705","fhdONm":"Jay Stevens","fhdOEnt":"BLM","fhdSpNm":"White crappie","fhdRun":"NA","fhdLifeHst":"Resident","fhdUseTy":"ResidentMultipleUses","fhdBasis":"UndocObsFish","fhdStNm":null,"fhdGenus":"Pomoxis","fhdSp":"annularis","fhdSubSp":null,"fhdOrig":"NonNative","fhdProd":"Natural","fhdComment":null,"fhdESH":"NA","fhdBasisD":null,"fhdNMF":"no","fhdBasisDt":null,"fhdBasisNm":null,"fhdBasisEnt":null,"fhdBasisPrj":null,"fhdBasisMethod":null,"fhdAccess":null,"fhdBarrierFtrID":null,"fhdEndExtent":null,"Shape__Area":2170151.38573315,"Shape__Length":14310.700457310893,"habitatType":"lake"},"id":81},
{"type":"Feature","geometry":{"type":"Polygon","coordinates":[[[-119.875003,42.210902],[-119.879688,42.210954],[-119.881328,42.209741],[-119.883745,42.205034],[-119.886676,42.203141],[-119.887785,42.199954],[-119.87995,42.198754],[-119.877941,42.200196],[-119.879436,42.204608],[-119.874806,42.206398],[-119.875003,42.210902]]]},"properties":{"OBJECTID":67,"fhdFtrID":68,"fhdRefID":53580,"fhdRevDt":"20190705","fhdONm":"Jay Stevens","fhdOEnt":"BLM","fhdSpNm":"White crappie","fhdRun":"NA","fhdLifeHst":"Resident","fhdUseTy":"ResidentMultipleUses","fhdBasis":"UndocObsFish","fhdStNm":"Pelican Lake","fhdGenus":"Pomoxis","fhdSp":"annularis","fhdSubSp":null,"fhdOrig":"NonNative","fhdProd":"Natural","fhdComment":null,"fhdESH":"NA","fhdBasisD":null,"fhdNMF":"no","fhdBasisDt":null,"fhdBasisNm":null,"fhdBasisEnt":null,"fhdBasisPrj":null,"fhdBasisMethod":null,"fhdAccess":null,"fhdBarrierFtrID":null,"fhdEndExtent":null,"Shape__Area":1383414.870830815,"Shape__Length":9638.514737669191,"habitatType":"lake"},"id":82},
{"type":"Feature","geometry":{"type":"Polygon","coordinates":[[[-117.238128,43.643285],[-117.243341,43.641465],[-117.238766,43.639102],[-117.237531,43.634508],[-117.240945,43.633101],[-117.246892,43.632583],[-117.252871,43.6311],[-117.253507,43.628987],[-117.26263,43.626746],[-117.265322,43.62408],[-117.265741,43.620946],[-117.26871,43.616331],[-117.278893,43.618892],[-117.286894,43.618839],[-117.290226,43.619822],[-117.295999,43.616047],[-117.300064,43.610487],[-117.303079,43.607502],[-117.308903,43.608726],[-117.317145,43.608528],[-117.321457,43.606091],[-117.322159,43.599049],[-117.325708,43.598983],[-117.328647,43.601392],[-117.332255,43.595238],[-117.330969,43.58841],[-117.33186,43.586511],[-117.336564,43.58595],[-117.34166,43.583446],[-117.344134,43.578643],[-117.34238,43.575086],[-117.349507,43.574898],[-117.35075,43.571203],[-117.355106,43.571097],[-117.352385,43.566153],[-117.362693,43.570019],[-117.365023,43.567773],[-117.370105,43.568895],[-117.369353,43.571794],[-117.370804,43.573396],[-117.374893,43.57117],[-117.372059,43.568373],[-117.378735,43.567087],[-117.382581,43.564638],[-117.38728,43.56465],[-117.393583,43.562197],[-117.400614,43.561358],[-117.394035,43.558922],[-117.388523,43.560215],[-117.386066,43.559746],[-117.374794,43.563322],[-117.364114,43.564474],[-117.358573,43.563478],[-117.35911,43.554822],[-117.355702,43.550135],[-117.355653,43.544432],[-117.356711,43.537472],[-117.357834,43.535803],[-117.362732,43.536942],[-117.367559,43.535354],[-117.369826,43.530528],[-117.368073,43.527856],[-117.368749,43.524996],[-117.364005,43.526222],[-117.361401,43.524033],[-117.360091,43.528029],[-117.357814,43.5287],[-117.354875,43.523558],[-117.349789,43.520277],[-117.351457,43.5101],[-117.354125,43.507382],[-117.356352,43.501031],[-117.352265,43.498235],[-117.346863,43.500436],[-117.343726,43.497996],[-117.341678,43.493742],[-117.342305,43.487281],[-117.352064,43.482146],[-117.354302,43.479785],[-117.353793,43.475311],[-117.348937,43.47175],[-117.341008,43.470188],[-117.342973,43.467344],[-117.337969,43.46739],[-117.339287,43.465177],[-117.348156,43.463885],[-117.350649,43.461408],[-117.353509,43.456033],[-117.352654,43.450797],[-117.348629,43.448542],[-117.350465,43.445484],[-117.357268,43.444818],[-117.358719,43.441436],[-117.362438,43.438508],[-117.362788,43.433952],[-117.355522,43.426248],[-117.352985,43.427858],[-117.348194,43.42585],[-117.345295,43.427481],[-117.340993,43.425385],[-117.34438,43.421207],[-117.349779,43.419652],[-117.34672,43.417183],[-117.341453,43.410043],[-117.338261,43.410093],[-117.330821,43.408349],[-117.325173,43.402948],[-117.320851,43.396411],[-117.321641,43.395016],[-117.315972,43.392854],[-117.316349,43.390532],[-117.31254,43.390367],[-117.3126,43.385515],[-117.314346,43.378527],[-117.317627,43.376002],[-117.316204,43.372219],[-117.318153,43.367443],[-117.316498,43.364122],[-117.313315,43.36129],[-117.312781,43.357898],[-117.319589,43.354692],[-117.321191,43.352924],[-117.32213,43.347429],[-117.324348,43.344152],[-117.323731,43.340062],[-117.318924,43.335808],[-117.32227,43.33246],[-117.330805,43.330576],[-117.334353,43.326876],[-117.329779,43.319784],[-117.331688,43.317116],[-117.337197,43.314068],[-117.342689,43.307244],[-117.343146,43.305037],[-117.347159,43.303093],[-117.35564,43.307745],[-117.357067,43.306361],[-117.364425,43.305113],[-117.375042,43.300991],[-117.381542,43.303887],[-117.387593,43.303471],[-117.387868,43.307368],[-117.393624,43.308925],[-117.396757,43.311237],[-117.401952,43.310618],[-117.408618,43.314056],[-117.411287,43.31353],[-117.414836,43.310989],[-117.417145,43.306514],[-117.419724,43.306324],[-117.427901,43.3084],[-117.433681,43.311546],[-117.433824,43.31253],[-117.440409,43.31462],[-117.445078,43.317314],[-117.446846,43.321287],[-117.444749,43.325086],[-117.447057,43.327374],[-117.451749,43.327166],[-117.449681,43.324253],[-117.452063,43.320974],[-117.446732,43.314357],[-117.442943,43.313004],[-117.441454,43.310959],[-117.432983,43.306739],[-117.431728,43.300348],[-117.424926,43.302492],[-117.418357,43.302257],[-117.414161,43.307279],[-117.402421,43.305972],[-117.39658,43.30673],[-117.393448,43.303761],[-117.388692,43.300952],[-117.384316,43.303126],[-117.380641,43.302392],[-117.377923,43.299547],[-117.370395,43.299368],[-117.363918,43.30126],[-117.361047,43.303653],[-117.355345,43.304265],[-117.352284,43.301988],[-117.344865,43.301518],[-117.340132,43.303885],[-117.33769,43.306971],[-117.335039,43.312949],[-117.326147,43.318099],[-117.325456,43.320109],[-117.328472,43.32551],[-117.328112,43.32748],[-117.323518,43.328452],[-117.316382,43.332268],[-117.315488,43.333997],[-117.317255,43.336939],[-117.316872,43.34059],[-117.314338,43.345942],[-117.304906,43.347215],[-117.303476,43.349015],[-117.302039,43.354417],[-117.303761,43.357046],[-117.303407,43.361608],[-117.306694,43.365961],[-117.30695,43.368267],[-117.310108,43.375233],[-117.3102,43.377462],[-117.308137,43.383517],[-117.305375,43.388402],[-117.305939,43.39113],[-117.309318,43.392695],[-117.310342,43.395061],[-117.30712,43.397487],[-117.309092,43.399414],[-117.313842,43.398113],[-117.317351,43.400264],[-117.319693,43.405408],[-117.325724,43.410413],[-117.330702,43.413629],[-117.330402,43.416802],[-117.326299,43.419805],[-117.327437,43.425514],[-117.335029,43.426501],[-117.333735,43.431217],[-117.335055,43.434082],[-117.341987,43.438455],[-117.345067,43.437916],[-117.343633,43.446804],[-117.342782,43.44816],[-117.344127,43.453923],[-117.343736,43.456915],[-117.335312,43.457861],[-117.327717,43.460283],[-117.324441,43.465251],[-117.33038,43.468258],[-117.332847,43.474922],[-117.336247,43.476667],[-117.345563,43.476577],[-117.348135,43.478222],[-117.338435,43.482177],[-117.333559,43.48495],[-117.338068,43.492448],[-117.339409,43.498804],[-117.337483,43.502107],[-117.333867,43.504221],[-117.340293,43.506442],[-117.342919,43.509323],[-117.345661,43.516156],[-117.344193,43.521997],[-117.347439,43.526464],[-117.352306,43.528131],[-117.354647,43.531561],[-117.35277,43.532786],[-117.35103,43.537765],[-117.346761,43.539945],[-117.343806,43.545358],[-117.347589,43.54977],[-117.347116,43.552954],[-117.349434,43.554666],[-117.348688,43.556609],[-117.345232,43.55773],[-117.347309,43.559743],[-117.344207,43.561402],[-117.343508,43.56677],[-117.342241,43.568434],[-117.33578,43.571904],[-117.330617,43.573667],[-117.334778,43.575445],[-117.337777,43.579885],[-117.33392,43.583102],[-117.330794,43.582976],[-117.32535,43.584552],[-117.324663,43.587478],[-117.327429,43.593021],[-117.32647,43.595607],[-117.319001,43.592193],[-117.311358,43.597205],[-117.314153,43.604132],[-117.306789,43.600674],[-117.297452,43.604136],[-117.293712,43.609087],[-117.289247,43.610947],[-117.288142,43.614371],[-117.275519,43.613879],[-117.273435,43.611936],[-117.261621,43.610169],[-117.253861,43.612443],[-117.25647,43.616945],[-117.245777,43.620349],[-117.241389,43.622667],[-117.23814,43.622328],[-117.23176,43.630075],[-117.229736,43.631229],[-117.23,43.639736],[-117.233198,43.641914],[-117.238128,43.643285]]]},"properties":{"OBJECTID":68,"fhdFtrID":69,"fhdRefID":53580,"fhdRevDt":"20190705","fhdONm":"Jay Stevens","fhdOEnt":"BLM","fhdSpNm":"White crappie","fhdRun":"NA","fhdLifeHst":"Resident","fhdUseTy":"ResidentMultipleUses","fhdBasis":"UndocObsFish","fhdStNm":"Owyhee Reservoir","fhdGenus":"Pomoxis","fhdSp":"annularis","fhdSubSp":null,"fhdOrig":"NonNative","fhdProd":"Unknown","fhdComment":null,"fhdESH":"NA","fhdBasisD":null,"fhdNMF":"no","fhdBasisDt":null,"fhdBasisNm":null,"fhdBasisEnt":null,"fhdBasisPrj":null,"fhdBasisMethod":null,"fhdAccess":null,"fhdBarrierFtrID":null,"fhdEndExtent":null,"Shape__Area":85506348.58477437,"Shape__Length":312798.5313875224,"habitatType":"lake"},"id":83}
]}
