{"type":"FeatureCollection","features":[
{"type":"Feature","geometry":{"type":"LineString","coordinates":[[-120.701549,42.093758],[-120.675826,42.107515],[-120.67611,42.11454],[-120.660759,42.132739]]},"properties":{"OBJECTID":1,"fhdFtrID":1,"fhdRefID":53670,"fhdRevDt":"20180122","fhdONm":"M. Heck et al.","fhdOEnt":"ODFW","fhdSpNm":"YP","fhdRun":"NA","fhdLifeHst":"Resident","fhdUseTy":"ResidentMultipleUses","fhdBasis":"DocObsFish","fhdStNm":"Dog Creek","fhdGenus":"Perca","fhdSp":"flavescens","fhdSubSp":null,"fhdOrig":"NonNative","fhdProd":"Natural","fhdComment":null,"fhdESH":"NA","fhdBasisD":null,"fhdNMF":"no","fhdBasisDt":"20080000","fhdBasisNm":null,"fhdBasisEnt":null,"fhdBasisPrj":null,"fhdBasisMethod":null,"fhdAccess":null,"fhdBarrierFtrID":null,"fhdEndExtent":null,"Shape__Length":9177.19863872088,"habitatType":"stream"},"id":1},
{"type":"Feature","geometry":{"type":"LineString","coordinates":[[-120.660759,42.132739],[-120.64447,42.141772]]},"properties":{"OBJECTID":2,"fhdFtrID":2,"fhdRefID":53670,"fhdRevDt":"20180122","fhdONm":"M. Heck et al.","fhdOEnt":"ODFW","fhdSpNm":"YP","fhdRun":"NA","fhdLifeHst":"Resident","fhdUseTy":"ResidentMultipleUses","fhdBasis":"DocObsFish","fhdStNm":"Sagehen Creek","fhdGenus":"Perca","fhdSp":"flavescens","fhdSubSp":null,"fhdOrig":"NonNative","fhdProd":"Natural","fhdComment":null,"fhdESH":"NA","fhdBasisD":null,"fhdNMF":"no","fhdBasisDt":"20080000","fhdBasisNm":null,"fhdBasisEnt":null,"fhdBasisPrj":null,"fhdBasisMethod":null,"fhdAccess":null,"fhdBarrierFtrID":null,"fhdEndExtent":null,"Shape__Length":2380.1660528174557,"habitatType":"stream"},"id":2},
{"type":"Feature","geometry":{"type":"LineString","coordinates":[[-120.64447,42.141772],[-120.625119,42.122339],[-120.616048,42.121993],[-120.599764,42.1294],[-120.585129,42.119394],[-120.574124,42.121151],[-120.556561,42.109748],[-120.542697,42.093634],[-120.534474,42.095915],[-120.494978,42.081606],[-120.467509,42.062383],[-120.460415,42.052161]]},"properties":{"OBJECTID":3,"fhdFtrID":3,"fhdRefID":53670,"fhdRevDt":"20180122","fhdONm":"M. Heck et al.","fhdOEnt":"ODFW","fhdSpNm":"YP","fhdRun":"NA","fhdLifeHst":"Resident","fhdUseTy":"ResidentMultipleUses","fhdBasis":"DocObsFish","fhdStNm":"Drews Creek","fhdGenus":"Perca","fhdSp":"flavescens","fhdSubSp":null,"fhdOrig":"NonNative","fhdProd":"Natural","fhdComment":null,"fhdESH":"NA","fhdBasisD":null,"fhdNMF":"no","fhdBasisDt":"20080000","fhdBasisNm":null,"fhdBasisEnt":null,"fhdBasisPrj":null,"fhdBasisMethod":null,"fhdAccess":null,"fhdBarrierFtrID":null,"fhdEndExtent":null,"Shape__Length":36479.363381070696,"habitatType":"stream"},"id":3},
{"type":"Feature","geometry":{"type":"LineString","coordinates":[[-120.722885,42.245983],[-120.704209,42.22402]]},"properties":{"OBJECTID":4,"fhdFtrID":4,"fhdRefID":53704,"fhdRevDt":"20190122","fhdONm":"Mike Meeuwig","fhdOEnt":"ODFW","fhdSpNm":"YP","fhdRun":"NA","fhdLifeHst":"Resident","fhdUseTy":"ResidentMultipleUses","fhdBasis":"DocObsFish","fhdStNm":"Drews Creek","fhdGenus":"Perca","fhdSp":"flavescens","fhdSubSp":null,"fhdOrig":"NonNative","fhdProd":"Natural","fhdComment":null,"fhdESH":"NA","fhdBasisD":null,"fhdNMF":"no","fhdBasisDt":"20161000","fhdBasisNm":null,"fhdBasisEnt":"ODFW","fhdBasisPrj":"Native Fish Investigations","fhdBasisMethod":"electrofishing","fhdAccess":null,"fhdBarrierFtrID":null,"fhdEndExtent":null,"Shape__Length":4990.854738603041,"habitatType":"stream"},"id":4},
{"type":"Feature","geometry":{"type":"LineString","coordinates":[[-117.525245,43.875215],[-117.508743,43.884259],[-117.51087,43.892812],[-117.50084,43.912683],[-117.490812,43.910944],[-117.478808,43.918963],[-117.490113,43.925911],[-117.484731,43.937266],[-117.469527,43.955169],[-117.440131,43.949155],[-117.418837,43.951666],[-117.39231,43.948897],[-117.371263,43.943105],[-117.332624,43.912431],[-117.281885,43.928308],[-117.279792,43.936336],[-117.243125,43.964376],[-117.239316,43.974973]]},"properties":{"OBJECTID":5,"fhdFtrID":5,"fhdRefID":53580,"fhdRevDt":"20190401","fhdONm":"Jay Stevens","fhdOEnt":"BLM","fhdSpNm":"YP","fhdRun":"NA","fhdLifeHst":"Resident","fhdUseTy":"ResidentMultipleUses","fhdBasis":"UndocObsFish","fhdStNm":"Malheur River","fhdGenus":"Perca","fhdSp":"flavescens","fhdSubSp":null,"fhdOrig":"NonNative","fhdProd":"Natural","fhdComment":null,"fhdESH":"NA","fhdBasisD":null,"fhdNMF":"no","fhdBasisDt":null,"fhdBasisNm":null,"fhdBasisEnt":null,"fhdBasisPrj":null,"fhdBasisMethod":null,"fhdAccess":null,"fhdBarrierFtrID":null,"fhdEndExtent":null,"Shape__Length":64441.01263229749,"habitatType":"stream"},"id":5},
{"type":"Feature","geometry":{"type":"LineString","coordinates":[[-117.239316,43.974973],[-117.230262,43.986829],[-117.220762,43.986713]]},"properties":{"OBJECTID":6,"fhdFtrID":6,"fhdRefID":53714,"fhdRevDt":"20190401","fhdONm":"H. Lavigne, et al.","fhdOEnt":"OSU","fhdSpNm":"YP","fhdRun":"NA","fhdLifeHst":"Resident","fhdUseTy":"ResidentMultipleUses","fhdBasis":"DocObsFish","fhdStNm":"Malheur River","fhdGenus":"Perca","fhdSp":"flavescens","fhdSubSp":null,"fhdOrig":"NonNative","fhdProd":"Natural","fhdComment":null,"fhdESH":"NA","fhdBasisD":null,"fhdNMF":"no","fhdBasisDt":"20070000","fhdBasisNm":null,"fhdBasisEnt":null,"fhdBasisPrj":null,"fhdBasisMethod":"Electrofishing","fhdAccess":null,"fhdBarrierFtrID":null,"fhdEndExtent":null,"Shape__Length":3500.690627488667,"habitatType":"stream"},"id":6},
{"type":"Feature","geometry":{"type":"LineString","coordinates":[[-121.79222,42.179965],[-121.802342,42.169896],[-121.818146,42.168153],[-121.838817,42.157971],[-121.855015,42.140547],[-121.853118,42.127084],[-121.842903,42.113977],[-121.859761,42.104658],[-121.869815,42.087935],[-121.88487,42.085392],[-121.887213,42.100761],[-121.906532,42.113808],[-121.907937,42.122179],[-121.923689,42.120707],[-121.940802,42.136285]]},"properties":{"OBJECTID":7,"fhdFtrID":7,"fhdRefID":53585,"fhdRevDt":"20190501","fhdONm":"Wayne Wood","fhdOEnt":"OSU","fhdSpNm":"YP","fhdRun":"NA","fhdLifeHst":"Resident","fhdUseTy":"ResidentMultipleUses","fhdBasis":"DocObsFish","fhdStNm":"Klamath River","fhdGenus":"Perca","fhdSp":"flavescens","fhdSubSp":null,"fhdOrig":"NonNative","fhdProd":"Natural","fhdComment":null,"fhdESH":"NA","fhdBasisD":null,"fhdNMF":"no","fhdBasisDt":"20030000","fhdBasisNm":null,"fhdBasisEnt":"OSU Ichthyology Collection","fhdBasisPrj":null,"fhdBasisMethod":null,"fhdAccess":null,"fhdBarrierFtrID":null,"fhdEndExtent":null,"Shape__Length":35032.48827187333,"habitatType":"stream"},"id":7},
{"type":"Feature","geometry":{"type":"LineString","coordinates":[[-121.287248,42.460425],[-121.288963,42.453044],[-121.31023,42.450357],[-121.331708,42.46549],[-121.349835,42.466788],[-121.36547,42.459042],[-121.375743,42.466748],[-121.390285,42.466273],[-121.399904,42.46136],[-121.427905,42.465827],[-121.452554,42.466167],[-121.46598,42.457296],[-121.478956,42.463787],[-121.50293,42.46186],[-121.53589,42.469382],[-121.546266,42.474579],[-121.53771,42.490789],[-121.556873,42.492995],[-121.557943,42.483111],[-121.572064,42.477294],[-121.579623,42.485876],[-121.58123,42.497739],[-121.597419,42.499315],[-121.615399,42.506977],[-121.605286,42.530774],[-121.606973,42.542501],[-121.631023,42.555183],[-121.65855,42.557219],[-121.685241,42.562526],[-121.678681,42.569007],[-121.679593,42.585809],[-121.693633,42.582651],[-121.679743,42.603795],[-121.69356,42.608703],[-121.715467,42.606443],[-121.722187,42.611178],[-121.74156,42.593408],[-121.757738,42.594026],[-121.764524,42.600061],[-121.763979,42.611735]]},"properties":{"OBJECTID":8,"fhdFtrID":8,"fhdRefID":53750,"fhdRevDt":"20190501","fhdONm":"Matthew Neilson","fhdOEnt":"USGS","fhdSpNm":"YP","fhdRun":"NA","fhdLifeHst":"Resident","fhdUseTy":"ResidentMultipleUses","fhdBasis":"DocObsFish","fhdStNm":"Sprague River","fhdGenus":"Perca","fhdSp":"flavescens","fhdSubSp":null,"fhdOrig":"NonNative","fhdProd":"Natural","fhdComment":null,"fhdESH":"NA","fhdBasisD":null,"fhdNMF":"no","fhdBasisDt":null,"fhdBasisNm":null,"fhdBasisEnt":null,"fhdBasisPrj":null,"fhdBasisMethod":null,"fhdAccess":null,"fhdBarrierFtrID":null,"fhdEndExtent":null,"Shape__Length":130313.28251747238,"habitatType":"stream"},"id":8},
{"type":"Feature","geometry":{"type":"LineString","coordinates":[[-121.109752,42.438381],[-121.121425,42.437405],[-121.161823,42.449137],[-121.187723,42.441607],[-121.221114,42.446236],[-121.241896,42.446638],[-121.267575,42.461927],[-121.287248,42.460425]]},"properties":{"OBJECTID":9,"fhdFtrID":9,"fhdRefID":53580,"fhdRevDt":"20190501","fhdONm":"Jay Stevens","fhdOEnt":"BLM","fhdSpNm":"YP","fhdRun":"NA","fhdLifeHst":"Resident","fhdUseTy":"ResidentMultipleUses","fhdBasis":"UndocObsFish","fhdStNm":"Sprague River","fhdGenus":"Perca","fhdSp":"flavescens","fhdSubSp":null,"fhdOrig":"NonNative","fhdProd":"Natural","fhdComment":null,"fhdESH":"NA","fhdBasisD":null,"fhdNMF":"no","fhdBasisDt":null,"fhdBasisNm":null,"fhdBasisEnt":null,"fhdBasisPrj":null,"fhdBasisMethod":null,"fhdAccess":null,"fhdBarrierFtrID":null,"fhdEndExtent":null,"Shape__Length":30915.44365907552,"habitatType":"stream"},"id":9},
{"type":"Feature","geometry":{"type":"LineString","coordinates":[[-121.118472,42.207885],[-121.13959,42.181689],[-121.138963,42.16588],[-121.167325,42.156446],[-121.17146,42.146171],[-121.189081,42.140085],[-121.211858,42.127777],[-121.205346,42.122074],[-121.220406,42.111177],[-121.237952,42.112615],[-121.257545,42.107912]]},"properties":{"OBJECTID":10,"fhdFtrID":10,"fhdRefID":53580,"fhdRevDt":"20190501","fhdONm":"Jay Stevens","fhdOEnt":"BLM","fhdSpNm":"YP","fhdRun":"NA","fhdLifeHst":"Resident","fhdUseTy":"ResidentMultipleUses","fhdBasis":"UndocObsFish","fhdStNm":"Miller Creek","fhdGenus":"Perca","fhdSp":"flavescens","fhdSubSp":null,"fhdOrig":"NonNative","fhdProd":"Natural","fhdComment":null,"fhdESH":"NA","fhdBasisD":null,"fhdNMF":"no","fhdBasisDt":null,"fhdBasisNm":null,"fhdBasisEnt":null,"fhdBasisPrj":null,"fhdBasisMethod":null,"fhdAccess":null,"fhdBarrierFtrID":null,"fhdEndExtent":null,"Shape__Length":28650.93981358635,"habitatType":"stream"},"id":10},
{"type":"Feature","geometry":{"type":"LineString","coordinates":[[-117.205653,43.700183],[-117.191285,43.701504],[-117.203887,43.728305],[-117.17758,43.737993],[-117.143589,43.747981],[-117.15509,43.757015],[-117.152188,43.773712],[-117.1438,43.773561],[-117.128169,43.785735],[-117.111912,43.785563],[-117.069579,43.773928],[-117.052225,43.785611],[-117.053829,43.794385],[-117.025665,43.812765]]},"properties":{"OBJECTID":11,"fhdFtrID":11,"fhdRefID":53580,"fhdRevDt":"20190430","fhdONm":"Jay Stevens","fhdOEnt":"BLM","fhdSpNm":"YP","fhdRun":"NA","fhdLifeHst":"Resident","fhdUseTy":"ResidentMultipleUses","fhdBasis":"UndocObsFish","fhdStNm":"Owyhee River","fhdGenus":"Perca","fhdSp":"flavescens","fhdSubSp":null,"fhdOrig":"NonNative","fhdProd":"Natural","fhdComment":null,"fhdESH":"NA","fhdBasisD":null,"fhdNMF":"no","fhdBasisDt":null,"fhdBasisNm":null,"fhdBasisEnt":null,"fhdBasisPrj":null,"fhdBasisMethod":null,"fhdAccess":null,"fhdBarrierFtrID":null,"fhdEndExtent":null,"Shape__Length":44787.30772294464,"habitatType":"stream"},"id":11},
{"type":"Feature","geometry":{"type":"LineString","coordinates":[[-117.352529,43.559807],[-117.356751,43.565445],[-117.376503,43.565165],[-117.392863,43.560609],[-117.405335,43.562592]]},"properties":{"OBJECTID":12,"fhdFtrID":12,"fhdRefID":53580,"fhdRevDt":"20190430","fhdONm":"Jay Stevens","fhdOEnt":"BLM","fhdSpNm":"YP","fhdRun":"NA","fhdLifeHst":"Resident","fhdUseTy":"ResidentMultipleUses","fhdBasis":"UndocObsFish","fhdStNm":"Dry Creek","fhdGenus":"Perca","fhdSp":"flavescens","fhdSubSp":null,"fhdOrig":"NonNative","fhdProd":"Natural","fhdComment":null,"fhdESH":"NA","fhdBasisD":null,"fhdNMF":"no","fhdBasisDt":null,"fhdBasisNm":null,"fhdBasisEnt":null,"fhdBasisPrj":null,"fhdBasisMethod":null,"fhdAccess":null,"fhdBarrierFtrID":null,"fhdEndExtent":null,"Shape__Length":6744.639670011291,"habitatType":"stream"},"id":12},
{"type":"Feature","geometry":{"type":"LineString","coordinates":[[-117.026506,43.793026],[-117.029296,43.805378],[-117.01998,43.821143],[-117.031762,43.828603],[-117.03192,43.835173],[-117.010036,43.848762],[-117.021433,43.857743],[-117.009112,43.863689],[-116.99059,43.864001],[-116.982273,43.869631],[-116.983659,43.881385],[-116.976177,43.895406],[-116.979083,43.916145],[-116.961858,43.917771],[-116.959252,43.927054],[-116.968944,43.940649],[-116.961938,43.956271],[-116.978096,43.958991],[-116.974837,43.966864],[-116.960968,43.969617],[-116.9504,43.984132],[-116.934465,43.987927],[-116.944408,44.004598],[-116.936546,44.011884],[-116.934538,44.022532],[-116.944557,44.036339],[-116.959158,44.045644],[-116.973073,44.049092],[-116.973785,44.059352]]},"properties":{"OBJECTID":13,"fhdFtrID":13,"fhdRefID":53580,"fhdRevDt":"20190430","fhdONm":"Jay Stevens","fhdOEnt":"BLM","fhdSpNm":"YP","fhdRun":"NA","fhdLifeHst":"Resident","fhdUseTy":"ResidentMultipleUses","fhdBasis":"UndocObsFish","fhdStNm":"Snake River","fhdGenus":"Perca","fhdSp":"flavescens","fhdSubSp":null,"fhdOrig":"NonNative","fhdProd":"Natural","fhdComment":null,"fhdESH":"NA","fhdBasisD":null,"fhdNMF":"no","fhdBasisDt":null,"fhdBasisNm":null,"fhdBasisEnt":null,"fhdBasisPrj":null,"fhdBasisMethod":null,"fhdAccess":null,"fhdBarrierFtrID":null,"fhdEndExtent":null,"Shape__Length":59238.06836243405,"habitatType":"stream"},"id":13},
{"type":"Feature","geometry":{"type":"LineString","coordinates":[[-120.910986,42.181729],[-120.920066,42.183106],[-120.945535,42.171997],[-120.965175,42.171982],[-120.973118,42.157642],[-120.987474,42.156872],[-121.004519,42.16958],[-121.022724,42.175146],[-121.038427,42.171913],[-121.062685,42.178675],[-121.086088,42.189773],[-121.102467,42.193726],[-121.118472,42.207885]]},"properties":{"OBJECTID":14,"fhdFtrID":14,"fhdRefID":53580,"fhdRevDt":"20190501","fhdONm":"Jay Stevens","fhdOEnt":"BLM","fhdSpNm":"YP","fhdRun":"NA","fhdLifeHst":"Resident","fhdUseTy":"ResidentMultipleUses","fhdBasis":"UndocObsFish","fhdStNm":"Barnes Valley Creek","fhdGenus":"Perca","fhdSp":"flavescens","fhdSubSp":null,"fhdOrig":"NonNative","fhdProd":"Natural","fhdComment":null,"fhdESH":"NA","fhdBasisD":null,"fhdNMF":"no","fhdBasisDt":null,"fhdBasisNm":null,"fhdBasisEnt":null,"fhdBasisPrj":null,"fhdBasisMethod":null,"fhdAccess":null,"fhdBarrierFtrID":null,"fhdEndExtent":null,"Shape__Length":31227.088557394807,"habitatType":"stream"},"id":14},
{"type":"Feature","geometry":{"type":"LineString","coordinates":[[-117.658319,43.184819],[-117.646693,43.18914],[-117.644992,43.200387],[-117.611372,43.203149],[-117.599615,43.209262],[-117.574312,43.204781],[-117.552507,43.205681],[-117.540726,43.209771],[-117.533842,43.19961],[-117.520121,43.201438],[-117.512547,43.214151],[-117.496152,43.217839],[-117.497405,43.236282],[-117.486048,43.240459],[-117.497985,43.258159],[-117.497921,43.266858],[-117.486047,43.273395],[-117.485296,43.283604],[-117.471014,43.304498],[-117.468303,43.320561],[-117.463087,43.325571],[-117.447896,43.321174],[-117.440893,43.311258],[-117.419483,43.302563],[-117.410415,43.310719],[-117.372181,43.299482],[-117.358455,43.305762],[-117.346082,43.302326],[-117.327706,43.318135],[-117.333046,43.325807],[-117.318658,43.332014],[-117.313648,43.36622],[-117.315322,43.373566],[-117.309621,43.390794],[-117.318002,43.395101],[-117.328251,43.40998],[-117.335796,43.410568],[-117.33734,43.425554],[-117.346661,43.443858],[-117.343605,43.462165],[-117.332135,43.469431],[-117.350816,43.474227],[-117.350075,43.482182],[-117.340265,43.486926],[-117.340497,43.498048],[-117.348451,43.503072],[-117.349259,43.52225],[-117.368412,43.533517],[-117.350072,43.543459],[-117.352529,43.559807],[-117.337456,43.58324],[-117.326777,43.58703],[-117.328206,43.59599],[-117.320457,43.602574],[-117.29906,43.605944],[-117.293422,43.612998],[-117.273708,43.614315],[-117.258989,43.624395],[-117.23686,43.633034],[-117.243221,43.642234]]},"properties":{"OBJECTID":15,"fhdFtrID":15,"fhdRefID":53580,"fhdRevDt":"20190430","fhdONm":"Jay Stevens","fhdOEnt":"BLM","fhdSpNm":"YP","fhdRun":"NA","fhdLifeHst":"Resident","fhdUseTy":"ResidentMultipleUses","fhdBasis":"UndocObsFish","fhdStNm":"Owyhee River","fhdGenus":"Perca","fhdSp":"flavescens","fhdSubSp":null,"fhdOrig":"NonNative","fhdProd":"Natural","fhdComment":null,"fhdESH":"NA","fhdBasisD":null,"fhdNMF":"no","fhdBasisDt":null,"fhdBasisNm":null,"fhdBasisEnt":null,"fhdBasisPrj":null,"fhdBasisMethod":null,"fhdAccess":null,"fhdBarrierFtrID":null,"fhdEndExtent":null,"Shape__Length":150168.94426062494,"habitatType":"stream"},"id":15},
{"type":"Feature","geometry":{"type":"LineString","coordinates":[[-121.198863,41.99619],[-121.221491,42.002062],[-121.233078,42.015123],[-121.232607,42.078081],[-121.257545,42.107912],[-121.272072,42.113625],[-121.276559,42.121447],[-121.288163,42.124489],[-121.294244,42.134571],[-121.324854,42.14451],[-121.325283,42.152333],[-121.317714,42.167825],[-121.32513,42.179029],[-121.349172,42.186659],[-121.355707,42.194507],[-121.379418,42.195987],[-121.391942,42.201964],[-121.404749,42.192462],[-121.438228,42.188032],[-121.455927,42.167846],[-121.454816,42.159509],[-121.475226,42.152879],[-121.495388,42.149363],[-121.510828,42.152086],[-121.535552,42.169268],[-121.560914,42.169163],[-121.568667,42.166376],[-121.59355,42.179261],[-121.616844,42.174091],[-121.632478,42.164381],[-121.659677,42.158429],[-121.671645,42.142585],[-121.687865,42.136525],[-121.686785,42.12175],[-121.694106,42.112679],[-121.672812,42.102257],[-121.66786,42.085622],[-121.65357,42.076957],[-121.64477,42.063015],[-121.623993,42.051577],[-121.61889,42.025511],[-121.596531,42.023317],[-121.586427,42.013768],[-121.565661,42.008656],[-121.545017,42.016907],[-121.531723,42.004949]]},"properties":{"OBJECTID":16,"fhdFtrID":16,"fhdRefID":53713,"fhdRevDt":"20190501","fhdONm":"Matthew Neilson","fhdOEnt":"USGS","fhdSpNm":"YP","fhdRun":"NA","fhdLifeHst":"Resident","fhdUseTy":"ResidentMultipleUses","fhdBasis":"DocObsFish","fhdStNm":"Lost River","fhdGenus":"Perca","fhdSp":"flavescens","fhdSubSp":null,"fhdOrig":"NonNative","fhdProd":"Natural","fhdComment":null,"fhdESH":"NA","fhdBasisD":null,"fhdNMF":"no","fhdBasisDt":null,"fhdBasisNm":null,"fhdBasisEnt":null,"fhdBasisPrj":null,"fhdBasisMethod":null,"fhdAccess":null,"fhdBarrierFtrID":null,"fhdEndExtent":null,"Shape__Length":133572.42098526744,"habitatType":"stream"},"id":16},
{"type":"Feature","geometry":{"type":"LineString","coordinates":[[-121.173578,42.232623],[-121.162259,42.225003],[-121.138131,42.223669],[-121.118472,42.207885]]},"properties":{"OBJECTID":17,"fhdFtrID":17,"fhdRefID":53580,"fhdRevDt":"20190501","fhdONm":"Jay Stevens","fhdOEnt":"BLM","fhdSpNm":"YP","fhdRun":"NA","fhdLifeHst":"Resident","fhdUseTy":"ResidentMultipleUses","fhdBasis":"UndocObsFish","fhdStNm":"Ben Hall Creek","fhdGenus":"Perca","fhdSp":"flavescens","fhdSubSp":null,"fhdOrig":"NonNative","fhdProd":"Natural","fhdComment":null,"fhdESH":"NA","fhdBasisD":null,"fhdNMF":"no","fhdBasisDt":"20140000","fhdBasisNm":null,"fhdBasisEnt":null,"fhdBasisPrj":null,"fhdBasisMethod":null,"fhdAccess":null,"fhdBarrierFtrID":null,"fhdEndExtent":null,"Shape__Length":9373.121672405627,"habitatType":"stream"},"id":17},
{"type":"Feature","geometry":{"type":"LineString","coordinates":[[-120.9973,42.20441],[-121.025488,42.228867]]},"properties":{"OBJECTID":18,"fhdFtrID":18,"fhdRefID":53580,"fhdRevDt":"20190501","fhdONm":"Jay Stevens","fhdOEnt":"BLM","fhdSpNm":"YP","fhdRun":"NA","fhdLifeHst":"Resident","fhdUseTy":"ResidentMultipleUses","fhdBasis":"UndocObsFish","fhdStNm":"Long Branch Creek","fhdGenus":"Perca","fhdSp":"flavescens","fhdSubSp":null,"fhdOrig":"NonNative","fhdProd":"Natural","fhdComment":null,"fhdESH":"NA","fhdBasisD":null,"fhdNMF":"no","fhdBasisDt":"20150000","fhdBasisNm":null,"fhdBasisEnt":null,"fhdBasisPrj":null,"fhdBasisMethod":null,"fhdAccess":null,"fhdBarrierFtrID":null,"fhdEndExtent":null,"Shape__Length":5581.515223390804,"habitatType":"stream"},"id":18},
{"type":"Feature","geometry":{"type":"LineString","coordinates":[[-116.973785,44.059352],[-116.975182,44.073282]]},"properties":{"OBJECTID":19,"fhdFtrID":19,"fhdRefID":53580,"fhdRevDt":"20190430","fhdONm":"Jay Stevens","fhdOEnt":"BLM","fhdSpNm":"YP","fhdRun":"NA","fhdLifeHst":"Resident","fhdUseTy":"ResidentMultipleUses","fhdBasis":"UndocObsFish","fhdStNm":"Snake River","fhdGenus":"Perca","fhdSp":"flavescens","fhdSubSp":null,"fhdOrig":"NonNative","fhdProd":"Natural","fhdComment":null,"fhdESH":"NA","fhdBasisD":null,"fhdNMF":"no","fhdBasisDt":null,"fhdBasisNm":null,"fhdBasisEnt":null,"fhdBasisPrj":null,"fhdBasisMethod":null,"fhdAccess":null,"fhdBarrierFtrID":null,"fhdEndExtent":null,"Shape__Length":2206.39047713654,"habitatType":"stream"},"id":19},
{"type":"Feature","geometry":{"type":"LineString","coordinates":[[-118.966518,44.079689],[-118.974252,44.068367],[-118.944906,44.056477],[-118.949119,44.049075],[-118.945585,44.025728],[-118.93614,44.020445],[-118.928348,44.005179],[-118.93744,43.982658],[-118.945438,43.975571],[-118.936672,43.963619],[-118.939748,43.943255],[-118.952808,43.932625],[-118.962172,43.919458],[-118.984747,43.919635],[-119.006345,43.911857],[-119.005603,43.907111],[-119.02425,43.897675],[-119.026091,43.890386],[-119.041284,43.885766],[-119.051494,43.863354],[-119.062994,43.865874],[-119.079949,43.851764],[-119.104239,43.848348],[-119.113622,43.858277],[-119.133878,43.85998],[-119.150385,43.870556],[-119.167083,43.861515],[-119.166199,43.851095],[-119.177307,43.842367],[-119.183568,43.816854],[-119.183273,43.799571],[-119.195929,43.787982],[-119.206213,43.762977],[-119.193771,43.743964],[-119.191508,43.732028],[-119.18011,43.725031],[-119.17296,43.704289],[-119.174985,43.699543],[-119.161841,43.688589],[-119.154161,43.673382],[-119.140361,43.669664],[-119.13138,43.673514],[-119.114343,43.671383],[-119.093308,43.658265],[-119.085214,43.638316],[-119.06472,43.623713],[-119.060807,43.614484],[-119.051564,43.611718],[-119.047693,43.594675],[-119.031326,43.576844],[-119.033171,43.568674]]},"properties":{"OBJECTID":20,"fhdFtrID":20,"fhdRefID":53585,"fhdRevDt":"20190501","fhdONm":"Wayne Wood","fhdOEnt":"OSU","fhdSpNm":"YP","fhdRun":"NA","fhdLifeHst":"Resident","fhdUseTy":"ResidentMultipleUses","fhdBasis":"DocObsFish","fhdStNm":"Silvies River","fhdGenus":"Perca","fhdSp":"flavescens","fhdSubSp":null,"fhdOrig":"NonNative","fhdProd":"Natural","fhdComment":null,"fhdESH":"NA","fhdBasisD":null,"fhdNMF":"no","fhdBasisDt":"19990000","fhdBasisNm":null,"fhdBasisEnt":"OSU Ichthyology Collection","fhdBasisPrj":null,"fhdBasisMethod":null,"fhdAccess":null,"fhdBarrierFtrID":null,"fhdEndExtent":null,"Shape__Length":177113.3707846244,"habitatType":"stream"},"id":20},
{"type":"Feature","geometry":{"type":"LineString","coordinates":[[-122.66602,42.19443],[-122.686634,42.197325],[-122.704105,42.205383],[-122.710629,42.215275],[-122.73601,42.21978],[-122.770785,42.239008],[-122.791162,42.261943],[-122.812028,42.27314],[-122.824154,42.288621],[-122.839383,42.297227],[-122.855372,42.320319],[-122.867568,42.324657],[-122.875384,42.339476],[-122.87739,42.356736],[-122.909781,42.389791],[-122.927316,42.397161],[-122.936767,42.411609],[-122.96041,42.429703],[-122.968988,42.432764]]},"properties":{"OBJECTID":21,"fhdFtrID":21,"fhdRefID":53580,"fhdRevDt":"20190318","fhdONm":"Jay Stevens","fhdOEnt":"BLM","fhdSpNm":"YP","fhdRun":"NA","fhdLifeHst":"Resident","fhdUseTy":"ResidentMultipleUses","fhdBasis":"UndocObsFish","fhdStNm":"Bear Creek","fhdGenus":"Perca","fhdSp":"flavescens","fhdSubSp":null,"fhdOrig":"NonNative","fhdProd":"Natural","fhdComment":null,"fhdESH":"NA","fhdBasisD":null,"fhdNMF":"no","fhdBasisDt":null,"fhdBasisNm":null,"fhdBasisEnt":null,"fhdBasisPrj":null,"fhdBasisMethod":null,"fhdAccess":null,"fhdBarrierFtrID":null,"fhdEndExtent":null,"Shape__Length":58080.36773036941,"habitatType":"stream"},"id":21},
{"type":"Feature","geometry":{"type":"LineString","coordinates":[[-122.576287,42.138498],[-122.589567,42.141162],[-122.604647,42.163473],[-122.626758,42.176858],[-122.638137,42.189991],[-122.647303,42.193881],[-122.66602,42.19443]]},"properties":{"OBJECTID":22,"fhdFtrID":22,"fhdRefID":53580,"fhdRevDt":"20190318","fhdONm":"Jay Stevens","fhdOEnt":"BLM","fhdSpNm":"YP","fhdRun":"NA","fhdLifeHst":"Resident","fhdUseTy":"ResidentMultipleUses","fhdBasis":"UndocObsFish","fhdStNm":"Emigrant Creek","fhdGenus":"Perca","fhdSp":"flavescens","fhdSubSp":null,"fhdOrig":"NonNative","fhdProd":"Natural","fhdComment":null,"fhdESH":"NA","fhdBasisD":null,"fhdNMF":"no","fhdBasisDt":null,"fhdBasisNm":null,"fhdBasisEnt":null,"fhdBasisPrj":null,"fhdBasisMethod":null,"fhdAccess":null,"fhdBarrierFtrID":null,"fhdEndExtent":null,"Shape__Length":16254.77773859175,"habitatType":"stream"},"id":22},
{"type":"Feature","geometry":{"type":"LineString","coordinates":[[-122.71977,45.300383],[-122.71273,45.296626],[-122.687709,45.299571],[-122.668415,45.28484],[-122.660435,45.292456],[-122.666198,45.30406],[-122.666058,45.318648],[-122.649729,45.337523],[-122.624842,45.348894],[-122.60397,45.36535],[-122.619749,45.377236],[-122.629356,45.394029],[-122.658235,45.409761],[-122.656074,45.42373],[-122.645833,45.439922],[-122.665095,45.463281],[-122.669234,45.489517],[-122.665506,45.502914],[-122.670581,45.513556],[-122.667953,45.526423],[-122.697971,45.550344],[-122.722669,45.560354],[-122.749739,45.578796],[-122.764148,45.584804],[-122.782788,45.604652],[-122.79086,45.619485],[-122.788736,45.633],[-122.770776,45.645993],[-122.764025,45.657479]]},"properties":{"OBJECTID":23,"fhdFtrID":23,"fhdRefID":53710,"fhdRevDt":"20190501","fhdONm":"Stan Gregory","fhdOEnt":"OSU","fhdSpNm":"YP","fhdRun":"NA","fhdLifeHst":"Resident","fhdUseTy":"ResidentMultipleUses","fhdBasis":"DocObsFish","fhdStNm":"Willamette River","fhdGenus":"Perca","fhdSp":"flavescens","fhdSubSp":null,"fhdOrig":"NonNative","fhdProd":"Natural","fhdComment":null,"fhdESH":"NA","fhdBasisD":null,"fhdNMF":"no","fhdBasisDt":"20130000","fhdBasisNm":"Randy Wildman, Stan Gregory","fhdBasisEnt":null,"fhdBasisPrj":null,"fhdBasisMethod":"Electrofisher","fhdAccess":null,"fhdBarrierFtrID":null,"fhdEndExtent":null,"Shape__Length":82085.00809584896,"habitatType":"stream"},"id":23},
{"type":"Feature","geometry":{"type":"LineString","coordinates":[[-123.104609,44.097449],[-123.099153,44.108738],[-123.109762,44.128983],[-123.121582,44.137839],[-123.136076,44.167615],[-123.129076,44.180471],[-123.145505,44.186681],[-123.149186,44.197337],[-123.165042,44.203731],[-123.159121,44.216999],[-123.150907,44.224171],[-123.15577,44.232742],[-123.179638,44.253367],[-123.174477,44.258579],[-123.176101,44.278231],[-123.188364,44.286266],[-123.194097,44.307108],[-123.213966,44.309629],[-123.221869,44.330501],[-123.239023,44.329531],[-123.243617,44.336363],[-123.229689,44.341614],[-123.232796,44.357746],[-123.219273,44.361045],[-123.223434,44.369201],[-123.240902,44.375965],[-123.240102,44.384879],[-123.223215,44.39442],[-123.229477,44.414889],[-123.223174,44.422922],[-123.226713,44.434427],[-123.208479,44.435862],[-123.205565,44.444925],[-123.216766,44.468986],[-123.214379,44.479889],[-123.220052,44.486458],[-123.211769,44.501272],[-123.237623,44.527902],[-123.253304,44.528828],[-123.241912,44.544116],[-123.260747,44.555951],[-123.253867,44.572179],[-123.228216,44.583154],[-123.185432,44.58686],[-123.18492,44.594853],[-123.1977,44.603366],[-123.183153,44.609945],[-123.182824,44.617615],[-123.170585,44.621703],[-123.170672,44.634451],[-123.163923,44.637522],[-123.133461,44.637885],[-123.121001,44.640797],[-123.103387,44.639268],[-123.07833,44.646346],[-123.074904,44.659551],[-123.093693,44.676016],[-123.116746,44.676751],[-123.121699,44.691836],[-123.144337,44.709079],[-123.150515,44.723029],[-123.147882,44.730437],[-123.132706,44.743437],[-123.147521,44.754383],[-123.144151,44.775751],[-123.123194,44.793301],[-123.101729,44.797375],[-123.092657,44.813666],[-123.12835,44.826595],[-123.146582,44.825798],[-123.167694,44.828423],[-123.178617,44.833819],[-123.183247,44.847279],[-123.178722,44.860506],[-123.168503,44.864394],[-123.147538,44.862699],[-123.145031,44.877364],[-123.13483,44.889095],[-123.128561,44.904508],[-123.107273,44.920815],[-123.10982,44.930815],[-123.073479,44.927932],[-123.059289,44.938486],[-123.043476,44.94465],[-123.03695,44.967049],[-123.039144,44.987213],[-123.04889,44.991206],[-123.064263,44.989722],[-123.075742,45.014413],[-123.065876,45.066459],[-123.069137,45.076138],[-123.043779,45.091594],[-123.035519,45.10419],[-123.013973,45.102806],[-122.997175,45.120411],[-123.014776,45.136649],[-123.027751,45.141076],[-123.033097,45.148672],[-123.029115,45.160705],[-123.005214,45.160127],[-123.000736,45.166464],[-123.014524,45.17583],[-123.018712,45.197067],[-123.027638,45.202101],[-123.045854,45.200706],[-123.043832,45.219795],[-123.026772,45.223171],[-123.004303,45.221878],[-122.995238,45.234674],[-123.001196,45.258532],[-122.990477,45.272395],[-122.963758,45.284847],[-122.952141,45.270368]]},"properties":{"OBJECTID":24,"fhdFtrID":24,"fhdRefID":53710,"fhdRevDt":"20190501","fhdONm":"Stan Gregory","fhdOEnt":"OSU","fhdSpNm":"YP","fhdRun":"NA","fhdLifeHst":"Resident","fhdUseTy":"ResidentMultipleUses","fhdBasis":"DocObsFish","fhdStNm":"Willamette River","fhdGenus":"Perca","fhdSp":"flavescens","fhdSubSp":null,"fhdOrig":"NonNative","fhdProd":"Natural","fhdComment":null,"fhdESH":"NA","fhdBasisD":null,"fhdNMF":"no","fhdBasisDt":"20130000","fhdBasisNm":"Randy Wildman, Stan Gregory","fhdBasisEnt":null,"fhdBasisPrj":null,"fhdBasisMethod":"Electrofisher","fhdAccess":null,"fhdBarrierFtrID":null,"fhdEndExtent":null,"Shape__Length":292597.4581117321,"habitatType":"stream"},"id":24},
{"type":"Feature","geometry":{"type":"LineString","coordinates":[[-122.045929,42.530352],[-122.031263,42.513587],[-122.037409,42.502963],[-122.035498,42.495628]]},"properties":{"OBJECTID":25,"fhdFtrID":25,"fhdRefID":53580,"fhdRevDt":"20180228","fhdONm":"Jay Stevens","fhdOEnt":"BLM","fhdSpNm":"YP","fhdRun":"NA","fhdLifeHst":"Resident","fhdUseTy":"ResidentMultipleUses","fhdBasis":"UndocObsFish","fhdStNm":"Thomason Creek","fhdGenus":"Perca","fhdSp":"flavescens","fhdSubSp":null,"fhdOrig":"NonNative","fhdProd":"Natural","fhdComment":null,"fhdESH":"NA","fhdBasisD":null,"fhdNMF":"no","fhdBasisDt":null,"fhdBasisNm":null,"fhdBasisEnt":"BLM","fhdBasisPrj":null,"fhdBasisMethod":null,"fhdAccess":null,"fhdBarrierFtrID":null,"fhdEndExtent":null,"Shape__Length":7820.33009763383,"habitatType":"stream"},"id":25},
{"type":"Feature","geometry":{"type":"LineString","coordinates":[[-122.053752,42.525835],[-122.045683,42.521891],[-122.048788,42.512084],[-122.037409,42.502963]]},"properties":{"OBJECTID":26,"fhdFtrID":26,"fhdRefID":53580,"fhdRevDt":"20180228","fhdONm":"Jay Stevens","fhdOEnt":"BLM","fhdSpNm":"YP","fhdRun":"NA","fhdLifeHst":"Resident","fhdUseTy":"ResidentMultipleUses","fhdBasis":"UndocObsFish","fhdStNm":"West Fork Thomason Creek","fhdGenus":"Perca","fhdSp":"flavescens","fhdSubSp":null,"fhdOrig":"NonNative","fhdProd":"Natural","fhdComment":null,"fhdESH":"NA","fhdBasisD":null,"fhdNMF":"no","fhdBasisDt":null,"fhdBasisNm":null,"fhdBasisEnt":"BLM","fhdBasisPrj":null,"fhdBasisMethod":null,"fhdAccess":null,"fhdBarrierFtrID":null,"fhdEndExtent":null,"Shape__Length":6733.425884739898,"habitatType":"stream"},"id":26},
{"type":"Feature","geometry":{"type":"LineString","coordinates":[[-122.051892,42.55045],[-122.065898,42.535615],[-122.076384,42.534944]]},"properties":{"OBJECTID":27,"fhdFtrID":27,"fhdRefID":53580,"fhdRevDt":"20180228","fhdONm":"Jay Stevens","fhdOEnt":"BLM","fhdSpNm":"YP","fhdRun":"NA","fhdLifeHst":"Resident","fhdUseTy":"ResidentMultipleUses","fhdBasis":"UndocObsFish","fhdStNm":"Fourmile Slough","fhdGenus":"Perca","fhdSp":"flavescens","fhdSubSp":null,"fhdOrig":"NonNative","fhdProd":"Natural","fhdComment":null,"fhdESH":"NA","fhdBasisD":null,"fhdNMF":"no","fhdBasisDt":null,"fhdBasisNm":null,"fhdBasisEnt":"BLM","fhdBasisPrj":null,"fhdBasisMethod":null,"fhdAccess":null,"fhdBarrierFtrID":null,"fhdEndExtent":null,"Shape__Length":5492.52621498079,"habitatType":"stream"},"id":27},
{"type":"Feature","geometry":{"type":"LineString","coordinates":[[-122.051352,42.591366],[-122.082043,42.57468]]},"properties":{"OBJECTID":28,"fhdFtrID":28,"fhdRefID":53580,"fhdRevDt":"20180228","fhdONm":"Jay Stevens","fhdOEnt":"BLM","fhdSpNm":"YP","fhdRun":"NA","fhdLifeHst":"Resident","fhdUseTy":"ResidentMultipleUses","fhdBasis":"UndocObsFish","fhdStNm":null,"fhdGenus":"Perca","fhdSp":"flavescens","fhdSubSp":null,"fhdOrig":"NonNative","fhdProd":"Natural","fhdComment":null,"fhdESH":"NA","fhdBasisD":null,"fhdNMF":"no","fhdBasisDt":null,"fhdBasisNm":null,"fhdBasisEnt":"BLM","fhdBasisPrj":null,"fhdBasisMethod":null,"fhdAccess":null,"fhdBarrierFtrID":null,"fhdEndExtent":null,"Shape__Length":4256.185324639063,"habitatType":"stream"},"id":28},
{"type":"Feature","geometry":{"type":"LineString","coordinates":[[-122.051385,42.611579],[-122.051352,42.591366],[-122.051892,42.55045],[-122.051658,42.531018],[-122.045929,42.530352]]},"properties":{"OBJECTID":29,"fhdFtrID":29,"fhdRefID":53580,"fhdRevDt":"20180228","fhdONm":"Jay Stevens","fhdOEnt":"BLM","fhdSpNm":"YP","fhdRun":"NA","fhdLifeHst":"Resident","fhdUseTy":"ResidentMultipleUses","fhdBasis":"UndocObsFish","fhdStNm":"Fourmile Canal","fhdGenus":"Perca","fhdSp":"flavescens","fhdSubSp":null,"fhdOrig":"NonNative","fhdProd":"Natural","fhdComment":null,"fhdESH":"NA","fhdBasisD":null,"fhdNMF":"no","fhdBasisDt":null,"fhdBasisNm":null,"fhdBasisEnt":"BLM","fhdBasisPrj":null,"fhdBasisMethod":null,"fhdAccess":null,"fhdBarrierFtrID":null,"fhdEndExtent":null,"Shape__Length":12846.331562016128,"habitatType":"stream"},"id":29},
{"type":"Feature","geometry":{"type":"LineString","coordinates":[[-122.082043,42.57468],[-122.076384,42.534944],[-122.084634,42.530403],[-122.075052,42.506066],[-122.065589,42.491436],[-122.064493,42.479078],[-122.076935,42.46039]]},"properties":{"OBJECTID":30,"fhdFtrID":30,"fhdRefID":53680,"fhdRevDt":"20190306","fhdONm":"Jay Stevens","fhdOEnt":"BLM","fhdSpNm":"YP","fhdRun":"NA","fhdLifeHst":"Resident","fhdUseTy":"ResidentMultipleUses","fhdBasis":"UndocObsFish","fhdStNm":"Crystal Creek","fhdGenus":"Perca","fhdSp":"flavescens","fhdSubSp":null,"fhdOrig":"NonNative","fhdProd":"Natural","fhdComment":null,"fhdESH":"NA","fhdBasisD":null,"fhdNMF":"no","fhdBasisDt":null,"fhdBasisNm":null,"fhdBasisEnt":null,"fhdBasisPrj":null,"fhdBasisMethod":null,"fhdAccess":null,"fhdBarrierFtrID":null,"fhdEndExtent":null,"Shape__Length":21450.94270569929,"habitatType":"stream"},"id":30},
{"type":"Feature","geometry":{"type":"LineString","coordinates":[[-122.075052,42.506066],[-122.08653,42.477349],[-122.085436,42.47035]]},"properties":{"OBJECTID":31,"fhdFtrID":31,"fhdRefID":53680,"fhdRevDt":"20190306","fhdONm":"Jay Stevens","fhdOEnt":"BLM","fhdSpNm":"YP","fhdRun":"NA","fhdLifeHst":"Resident","fhdUseTy":"ResidentMultipleUses","fhdBasis":"UndocObsFish","fhdStNm":"Recreation Creek","fhdGenus":"Perca","fhdSp":"flavescens","fhdSubSp":null,"fhdOrig":"NonNative","fhdProd":"Natural","fhdComment":null,"fhdESH":"NA","fhdBasisD":null,"fhdNMF":"no","fhdBasisDt":null,"fhdBasisNm":null,"fhdBasisEnt":null,"fhdBasisPrj":null,"fhdBasisMethod":null,"fhdAccess":null,"fhdBarrierFtrID":null,"fhdEndExtent":null,"Shape__Length":6000.077212230715,"habitatType":"stream"},"id":31},
{"type":"Feature","geometry":{"type":"LineString","coordinates":[[-122.79086,45.619485],[-122.803564,45.620027],[-122.820305,45.632661],[-122.824682,45.645023],[-122.842344,45.653872],[-122.867066,45.674944],[-122.868633,45.694267],[-122.866772,45.717257],[-122.855989,45.732498],[-122.839797,45.73782],[-122.839322,45.745178],[-122.825248,45.747463],[-122.818201,45.762044],[-122.819498,45.769677],[-122.803744,45.788261],[-122.800675,45.799953],[-122.817471,45.803284],[-122.827177,45.812441],[-122.811343,45.834669],[-122.799051,45.846293],[-122.793883,45.856901]]},"properties":{"OBJECTID":32,"fhdFtrID":32,"fhdRefID":53710,"fhdRevDt":"20190501","fhdONm":"Stan Gregory","fhdOEnt":"OSU","fhdSpNm":"YP","fhdRun":"NA","fhdLifeHst":"Resident","fhdUseTy":"ResidentMultipleUses","fhdBasis":"DocObsFish","fhdStNm":"Multnomah Channel","fhdGenus":"Perca","fhdSp":"flavescens","fhdSubSp":null,"fhdOrig":"NonNative","fhdProd":"Natural","fhdComment":null,"fhdESH":"NA","fhdBasisD":null,"fhdNMF":"no","fhdBasisDt":"20130000","fhdBasisNm":"Randy Wildman, Stan Gregory","fhdBasisEnt":null,"fhdBasisPrj":null,"fhdBasisMethod":"Electrofisher","fhdAccess":null,"fhdBarrierFtrID":null,"fhdEndExtent":null,"Shape__Length":49097.3556602543,"habitatType":"stream"},"id":32},
{"type":"Feature","geometry":{"type":"LineString","coordinates":[[-122.757543,45.386133],[-122.710573,45.383566],[-122.697071,45.378913],[-122.677622,45.349156],[-122.663887,45.340475],[-122.651247,45.338144]]},"properties":{"OBJECTID":33,"fhdFtrID":33,"fhdRefID":53710,"fhdRevDt":"20190501","fhdONm":"Stan Gregory","fhdOEnt":"OSU","fhdSpNm":"YP","fhdRun":"NA","fhdLifeHst":"Resident","fhdUseTy":"ResidentMultipleUses","fhdBasis":"DocObsFish","fhdStNm":"Tualatin River","fhdGenus":"Perca","fhdSp":"flavescens","fhdSubSp":null,"fhdOrig":"NonNative","fhdProd":"Natural","fhdComment":null,"fhdESH":"NA","fhdBasisD":null,"fhdNMF":"no","fhdBasisDt":"20130000","fhdBasisNm":"Randy Wildman, Stan Gregory","fhdBasisEnt":null,"fhdBasisPrj":null,"fhdBasisMethod":"Electrofisher","fhdAccess":null,"fhdBarrierFtrID":null,"fhdEndExtent":null,"Shape__Length":19682.923815716993,"habitatType":"stream"},"id":33},
{"type":"Feature","geometry":{"type":"LineString","coordinates":[[-122.863419,45.401479],[-122.857138,45.387759],[-122.842226,45.389252],[-122.838143,45.396294],[-122.8222,45.39592],[-122.814862,45.389535],[-122.780104,45.398762],[-122.763838,45.392789],[-122.757543,45.386133]]},"properties":{"OBJECTID":34,"fhdFtrID":34,"fhdRefID":53751,"fhdRevDt":"20190501","fhdONm":"Matthew Neilson","fhdOEnt":"USGS","fhdSpNm":"YP","fhdRun":"NA","fhdLifeHst":"Resident","fhdUseTy":"ResidentMultipleUses","fhdBasis":"DocObsFish","fhdStNm":"Tualatin River","fhdGenus":"Perca","fhdSp":"flavescens","fhdSubSp":null,"fhdOrig":"NonNative","fhdProd":"Natural","fhdComment":null,"fhdESH":"NA","fhdBasisD":null,"fhdNMF":"no","fhdBasisDt":"20060000","fhdBasisNm":null,"fhdBasisEnt":null,"fhdBasisPrj":null,"fhdBasisMethod":null,"fhdAccess":null,"fhdBarrierFtrID":null,"fhdEndExtent":null,"Shape__Length":25627.286071469687,"habitatType":"stream"},"id":34},
{"type":"Feature","geometry":{"type":"LineString","coordinates":[[-122.657059,45.584204],[-122.688396,45.589933],[-122.746293,45.607589]]},"properties":{"OBJECTID":35,"fhdFtrID":35,"fhdRefID":53751,"fhdRevDt":"20190501","fhdONm":"Matthew Neilson","fhdOEnt":"USGS","fhdSpNm":"YP","fhdRun":"NA","fhdLifeHst":"Resident","fhdUseTy":"ResidentMultipleUses","fhdBasis":"DocObsFish","fhdStNm":"Columbia Slough","fhdGenus":"Perca","fhdSp":"flavescens","fhdSubSp":null,"fhdOrig":"NonNative","fhdProd":"Natural","fhdComment":null,"fhdESH":"NA","fhdBasisD":null,"fhdNMF":"no","fhdBasisDt":"20060000","fhdBasisNm":null,"fhdBasisEnt":null,"fhdBasisPrj":null,"fhdBasisMethod":null,"fhdAccess":null,"fhdBarrierFtrID":null,"fhdEndExtent":null,"Shape__Length":11141.992088253268,"habitatType":"stream"},"id":35},
{"type":"Feature","geometry":{"type":"LineString","coordinates":[[-123.069422,45.324242],[-123.037122,45.317116],[-123.022895,45.320279],[-123.010205,45.31601],[-123.001227,45.303407],[-122.99152,45.300377],[-122.979265,45.288606]]},"properties":{"OBJECTID":36,"fhdFtrID":36,"fhdRefID":53749,"fhdRevDt":"20190501","fhdONm":"Matthew Neilson","fhdOEnt":"USGS","fhdSpNm":"YP","fhdRun":"NA","fhdLifeHst":"Resident","fhdUseTy":"ResidentMultipleUses","fhdBasis":"DocObsFish","fhdStNm":"Chehalem Creek","fhdGenus":"Perca","fhdSp":"flavescens","fhdSubSp":null,"fhdOrig":"NonNative","fhdProd":"Natural","fhdComment":null,"fhdESH":"NA","fhdBasisD":null,"fhdNMF":"no","fhdBasisDt":"19970000","fhdBasisNm":null,"fhdBasisEnt":null,"fhdBasisPrj":null,"fhdBasisMethod":null,"fhdAccess":null,"fhdBarrierFtrID":null,"fhdEndExtent":null,"Shape__Length":16016.104081630945,"habitatType":"stream"},"id":36},
{"type":"Feature","geometry":{"type":"LineString","coordinates":[[-123.274722,44.545515],[-123.277189,44.55588],[-123.260747,44.555951]]},"properties":{"OBJECTID":37,"fhdFtrID":37,"fhdRefID":53585,"fhdRevDt":"20190501","fhdONm":"Wayne Wood","fhdOEnt":"OSU","fhdSpNm":"YP","fhdRun":"NA","fhdLifeHst":"Resident","fhdUseTy":"ResidentMultipleUses","fhdBasis":"DocObsFish","fhdStNm":"Marys River","fhdGenus":"Perca","fhdSp":"flavescens","fhdSubSp":null,"fhdOrig":"NonNative","fhdProd":"Natural","fhdComment":null,"fhdESH":"NA","fhdBasisD":null,"fhdNMF":"no","fhdBasisDt":"20020000","fhdBasisNm":null,"fhdBasisEnt":"OSU Ichthyology Collection","fhdBasisPrj":null,"fhdBasisMethod":null,"fhdAccess":null,"fhdBarrierFtrID":null,"fhdEndExtent":null,"Shape__Length":5503.199139134706,"habitatType":"stream"},"id":37},
{"type":"Feature","geometry":{"type":"LineString","coordinates":[[-123.284697,44.366106],[-123.26669,44.36775],[-123.257459,44.3807],[-123.240102,44.384879]]},"properties":{"OBJECTID":38,"fhdFtrID":38,"fhdRefID":53585,"fhdRevDt":"20190501","fhdONm":"Wayne Wood","fhdOEnt":"OSU","fhdSpNm":"YP","fhdRun":"NA","fhdLifeHst":"Resident","fhdUseTy":"ResidentMultipleUses","fhdBasis":"DocObsFish","fhdStNm":"Long Tom River","fhdGenus":"Perca","fhdSp":"flavescens","fhdSubSp":null,"fhdOrig":"NonNative","fhdProd":"Natural","fhdComment":null,"fhdESH":"NA","fhdBasisD":null,"fhdNMF":"no","fhdBasisDt":"20000000","fhdBasisNm":null,"fhdBasisEnt":"OSU Ichthyology Collection","fhdBasisPrj":null,"fhdBasisMethod":null,"fhdAccess":null,"fhdBarrierFtrID":null,"fhdEndExtent":null,"Shape__Length":7885.547168860446,"habitatType":"stream"},"id":38},
{"type":"Feature","geometry":{"type":"LineString","coordinates":[[-123.216766,44.468986],[-123.236598,44.49445]]},"properties":{"OBJECTID":39,"fhdFtrID":39,"fhdRefID":53585,"fhdRevDt":"20190501","fhdONm":"Wayne Wood","fhdOEnt":"OSU","fhdSpNm":"YP","fhdRun":"NA","fhdLifeHst":"Resident","fhdUseTy":"ResidentMultipleUses","fhdBasis":"DocObsFish","fhdStNm":"Middle Channel","fhdGenus":"Perca","fhdSp":"flavescens","fhdSubSp":null,"fhdOrig":"NonNative","fhdProd":"Natural","fhdComment":null,"fhdESH":"NA","fhdBasisD":null,"fhdNMF":"no","fhdBasisDt":null,"fhdBasisNm":null,"fhdBasisEnt":"OSU Ichthyology Collection","fhdBasisPrj":null,"fhdBasisMethod":null,"fhdAccess":null,"fhdBarrierFtrID":null,"fhdEndExtent":null,"Shape__Length":6288.37622415561,"habitatType":"stream"},"id":39},
{"type":"Feature","geometry":{"type":"LineString","coordinates":[[-122.051249,42.610699],[-122.040517,42.593772]]},"properties":{"OBJECTID":40,"fhdFtrID":40,"fhdRefID":53580,"fhdRevDt":"20180228","fhdONm":"Jay Stevens","fhdOEnt":"BLM","fhdSpNm":"YP","fhdRun":"NA","fhdLifeHst":"Resident","fhdUseTy":"ResidentMultipleUses","fhdBasis":"UndocObsFish","fhdStNm":null,"fhdGenus":"Perca","fhdSp":"flavescens","fhdSubSp":null,"fhdOrig":"NonNative","fhdProd":"Natural","fhdComment":null,"fhdESH":"NA","fhdBasisD":null,"fhdNMF":"no","fhdBasisDt":null,"fhdBasisNm":null,"fhdBasisEnt":"BLM","fhdBasisPrj":null,"fhdBasisMethod":null,"fhdAccess":null,"fhdBarrierFtrID":null,"fhdEndExtent":null,"Shape__Length":3849.2029025413876,"habitatType":"stream"},"id":40},
{"type":"Feature","geometry":{"type":"Polygon","coordinates":[[[-120.703463,42.223429],[-120.702769,42.221848],[-120.707209,42.220338],[-120.709938,42.218547],[-120.710908,42.215419],[-120.710352,42.212737],[-120.70813,42.208613],[-120.705632,42.207856],[-120.701702,42.210916],[-120.6968,42.209922],[-120.696152,42.208135],[-120.702813,42.208408],[-120.704892,42.207135],[-120.702025,42.205416],[-120.695597,42.198956],[-120.692868,42.198131],[-120.692636,42.196582],[-120.686626,42.193489],[-120.685701,42.191768],[-120.686812,42.189193],[-120.691019,42.187611],[-120.691942,42.185343],[-120.689676,42.183933],[-120.685702,42.183416],[-120.682512,42.181285],[-120.681125,42.179086],[-120.680479,42.173035],[-120.677984,42.169013],[-120.678031,42.165195],[-120.678865,42.161516],[-120.676923,42.15918],[-120.674704,42.160864],[-120.672904,42.159936],[-120.677339,42.156361],[-120.675955,42.153919],[-120.672812,42.155499],[-120.667729,42.155188],[-120.664682,42.152096],[-120.666623,42.149416],[-120.66362,42.148449],[-120.657757,42.143053],[-120.653231,42.141091],[-120.65605,42.138515],[-120.658407,42.137482],[-120.66298,42.133289],[-120.659747,42.132773],[-120.654851,42.135559],[-120.652818,42.137377],[-120.649767,42.138305],[-120.643905,42.135519],[-120.635781,42.130426],[-120.633797,42.127679],[-120.633522,42.124927],[-120.631132,42.124787],[-120.626649,42.119926],[-120.623306,42.121068],[-120.617892,42.120069],[-120.616689,42.121345],[-120.62243,42.123135],[-120.624375,42.124683],[-120.626961,42.129906],[-120.628346,42.130457],[-120.631204,42.134276],[-120.63051,42.135446],[-120.635309,42.140192],[-120.636185,42.14284],[-120.639922,42.147208],[-120.643201,42.149441],[-120.645647,42.15312],[-120.648372,42.154874],[-120.648969,42.1578],[-120.651786,42.160825],[-120.654278,42.166018],[-120.656633,42.173234],[-120.655153,42.175059],[-120.657185,42.177019],[-120.663746,42.180287],[-120.665223,42.18441],[-120.663234,42.188228],[-120.665914,42.190908],[-120.667948,42.194142],[-120.665912,42.197063],[-120.667807,42.19861],[-120.670581,42.199058],[-120.67969,42.205416],[-120.681168,42.208098],[-120.686717,42.209507],[-120.691943,42.21226],[-120.691343,42.216075],[-120.693471,42.21941],[-120.703463,42.223429]]]},"properties":{"OBJECTID":1,"fhdFtrID":1,"fhdRefID":53669,"fhdRevDt":"20180122","fhdONm":"Justin Miles","fhdOEnt":"ODFW","fhdSpNm":"YP","fhdRun":"NA","fhdLifeHst":"Resident","fhdUseTy":"ResidentMultipleUses","fhdBasis":"UndocObsFish","fhdStNm":"Drews Reservoir","fhdGenus":"Perca","fhdSp":"flavescens","fhdSubSp":null,"fhdOrig":"NonNative","fhdProd":"Natural","fhdComment":null,"fhdESH":"NA","fhdBasisD":null,"fhdNMF":"no","fhdBasisDt":null,"fhdBasisNm":null,"fhdBasisEnt":null,"fhdBasisPrj":null,"fhdBasisMethod":null,"fhdAccess":null,"fhdBarrierFtrID":null,"fhdEndExtent":null,"Shape__Area":34605317.33263022,"Shape__Length":64788.83016157339,"habitatType":"lake"},"id":41},
{"type":"Feature","geometry":{"type":"Polygon","coordinates":[[[-120.700357,42.077016],[-120.698093,42.07929],[-120.700312,42.084558],[-120.701054,42.089143],[-120.700129,42.09283],[-120.703506,42.091862],[-120.703413,42.087799],[-120.701978,42.085627],[-120.704013,42.082907],[-120.702763,42.081216],[-120.702671,42.077842],[-120.704196,42.076634],[-120.708774,42.07591],[-120.711453,42.07188],[-120.712607,42.067467],[-120.710112,42.067021],[-120.708909,42.068884],[-120.708911,42.072189],[-120.705535,42.0725],[-120.700357,42.077016]]]},"properties":{"OBJECTID":2,"fhdFtrID":2,"fhdRefID":53669,"fhdRevDt":"20190125","fhdONm":"Justin Miles","fhdOEnt":"ODFW","fhdSpNm":"YP","fhdRun":"NA","fhdLifeHst":"Resident","fhdUseTy":"ResidentMultipleUses","fhdBasis":"UndocObsFish","fhdStNm":"Dog Lake Reservoir","fhdGenus":"Perca","fhdSp":"flavescens","fhdSubSp":null,"fhdOrig":"NonNative","fhdProd":"Natural","fhdComment":null,"fhdESH":"NA","fhdBasisD":null,"fhdNMF":"no","fhdBasisDt":null,"fhdBasisNm":null,"fhdBasisEnt":null,"fhdBasisPrj":null,"fhdBasisMethod":null,"fhdAccess":null,"fhdBarrierFtrID":null,"fhdEndExtent":null,"Shape__Area":1530876.210822425,"Shape__Length":10689.19454115802,"habitatType":"lake"},"id":42},
{"type":"Feature","geometry":{"type":"Polygon","coordinates":[[[-120.956891,42.317628],[-120.956985,42.318935],[-120.96013,42.321233],[-120.962485,42.315777],[-120.959108,42.312998],[-120.955273,42.312344],[-120.956891,42.317628]]]},"properties":{"OBJECTID":3,"fhdFtrID":3,"fhdRefID":53713,"fhdRevDt":"20190201","fhdONm":"Matthew Neilson","fhdOEnt":"USGS","fhdSpNm":"YP","fhdRun":"NA","fhdLifeHst":"Resident","fhdUseTy":"ResidentMultipleUses","fhdBasis":"DocObsFish","fhdStNm":"Devil Lake","fhdGenus":"Perca","fhdSp":"flavescens","fhdSubSp":null,"fhdOrig":"NonNative","fhdProd":"Natural","fhdComment":null,"fhdESH":"NA","fhdBasisD":null,"fhdNMF":"no","fhdBasisDt":null,"fhdBasisNm":null,"fhdBasisEnt":null,"fhdBasisPrj":null,"fhdBasisMethod":null,"fhdAccess":null,"fhdBarrierFtrID":null,"fhdEndExtent":null,"Shape__Area":694768.71469741,"Shape__Length":4017.9410479701637,"habitatType":"lake"},"id":43},
{"type":"Feature","geometry":{"type":"Polygon","coordinates":[[[-122.004822,42.495693],[-122.008175,42.490957],[-122.012231,42.491634],[-122.021079,42.494575],[-122.025106,42.494801],[-122.033733,42.496396],[-122.038118,42.494525],[-122.040654,42.494613],[-122.049371,42.491661],[-122.052962,42.48951],[-122.055544,42.485997],[-122.056976,42.480842],[-122.057555,42.475062],[-122.059253,42.470775],[-122.058186,42.469704],[-122.060707,42.467135],[-122.059736,42.464884],[-122.061382,42.460959],[-122.06391,42.459274],[-122.069374,42.458763],[-122.074475,42.460865],[-122.076989,42.463171],[-122.079549,42.47124],[-122.085313,42.475909],[-122.087501,42.475794],[-122.090567,42.470722],[-122.086273,42.468483],[-122.087889,42.466957],[-122.084188,42.463181],[-122.086263,42.459749],[-122.082304,42.460952],[-122.083024,42.462972],[-122.079888,42.463599],[-122.07962,42.460826],[-122.077291,42.456984],[-122.072591,42.453246],[-122.066193,42.448981],[-122.064295,42.448388],[-122.060723,42.444106],[-122.053023,42.437869],[-122.051319,42.435415],[-122.04743,42.43321],[-122.042604,42.432428],[-122.037937,42.42898],[-122.035716,42.425526],[-122.036213,42.422386],[-122.040845,42.419752],[-122.040424,42.416118],[-122.035508,42.40802],[-122.025721,42.399085],[-122.021078,42.397113],[-122.019006,42.395213],[-122.016325,42.394235],[-122.009607,42.394912],[-122.00308,42.397467],[-122.002429,42.404664],[-122.005626,42.407542],[-122.007431,42.410222],[-122.008066,42.413192],[-122.007301,42.415338],[-122.004062,42.416928],[-122.000421,42.417329],[-121.993583,42.417251],[-121.988037,42.412686],[-121.979384,42.411421],[-121.974817,42.406504],[-121.973509,42.397952],[-121.974371,42.390667],[-121.97371,42.38773],[-121.971221,42.385996],[-121.969353,42.3816],[-121.966118,42.384427],[-121.964482,42.384878],[-121.961929,42.389177],[-121.958412,42.390292],[-121.954829,42.393932],[-121.952726,42.398604],[-121.953712,42.401091],[-121.952802,42.404187],[-121.958235,42.414946],[-121.962363,42.419995],[-121.965307,42.426181],[-121.965649,42.42824],[-121.964227,42.430836],[-121.957401,42.427626],[-121.950924,42.421726],[-121.948819,42.418806],[-121.947804,42.415315],[-121.946218,42.41307],[-121.944898,42.405576],[-121.943135,42.399077],[-121.941564,42.395899],[-121.939357,42.393868],[-121.934907,42.387933],[-121.934655,42.386468],[-121.931227,42.383015],[-121.924711,42.379572],[-121.919365,42.373708],[-121.913799,42.369458],[-121.910542,42.367503],[-121.905185,42.362912],[-121.901811,42.360715],[-121.899836,42.358189],[-121.894842,42.355602],[-121.893348,42.354015],[-121.894075,42.352132],[-121.898152,42.353742],[-121.901231,42.35275],[-121.906568,42.352126],[-121.910868,42.350996],[-121.918515,42.347193],[-121.925716,42.345784],[-121.931362,42.342853],[-121.938918,42.341771],[-121.941145,42.340877],[-121.941278,42.338659],[-121.943735,42.33323],[-121.945361,42.323343],[-121.943083,42.320307],[-121.942002,42.317277],[-121.94252,42.314549],[-121.941647,42.310898],[-121.938777,42.30688],[-121.936218,42.304794],[-121.930104,42.293929],[-121.929993,42.292156],[-121.927753,42.28805],[-121.924877,42.288538],[-121.929002,42.292332],[-121.928772,42.298387],[-121.926368,42.303064],[-121.925087,42.308449],[-121.919784,42.310666],[-121.913245,42.312196],[-121.903444,42.313259],[-121.897023,42.314947],[-121.897435,42.317928],[-121.892892,42.319211],[-121.889624,42.317711],[-121.886837,42.315349],[-121.88599,42.311764],[-121.886716,42.309876],[-121.885431,42.307521],[-121.882734,42.305186],[-121.880222,42.301902],[-121.876646,42.298843],[-121.875664,42.296522],[-121.876008,42.293118],[-121.874873,42.289018],[-121.870472,42.286759],[-121.863178,42.282244],[-121.859659,42.281741],[-121.856877,42.278953],[-121.855426,42.275973],[-121.85232,42.273312],[-121.849655,42.265792],[-121.845609,42.260474],[-121.844477,42.257032],[-121.840647,42.254415],[-121.843328,42.250906],[-121.842947,42.248057],[-121.841373,42.24713],[-121.841423,42.244061],[-121.839953,42.242914],[-121.836133,42.242794],[-121.834802,42.240758],[-121.832047,42.240297],[-121.829749,42.238656],[-121.828965,42.236746],[-121.823543,42.235742],[-121.819657,42.236017],[-121.814294,42.234941],[-121.809329,42.234957],[-121.807157,42.240145],[-121.812417,42.240738],[-121.814242,42.242632],[-121.815978,42.249197],[-121.81307,42.252047],[-121.812782,42.255318],[-121.81409,42.260028],[-121.817977,42.263805],[-121.820113,42.264645],[-121.824608,42.269135],[-121.827321,42.270545],[-121.831875,42.275496],[-121.835019,42.28272],[-121.835287,42.287507],[-121.833174,42.290307],[-121.830867,42.290148],[-121.828325,42.296577],[-121.830404,42.301116],[-121.818054,42.301304],[-121.818626,42.328965],[-121.820846,42.333439],[-121.825597,42.338132],[-121.829416,42.343319],[-121.829143,42.346822],[-121.826806,42.352097],[-121.81473,42.381392],[-121.81456,42.384417],[-121.815419,42.38653],[-121.819026,42.391515],[-121.825152,42.401412],[-121.828908,42.404628],[-121.838897,42.414491],[-121.844018,42.417937],[-121.850815,42.423204],[-121.857651,42.430541],[-121.864509,42.434315],[-121.867922,42.438727],[-121.868585,42.442849],[-121.87173,42.446235],[-121.879793,42.447841],[-121.886035,42.446703],[-121.892144,42.444718],[-121.894329,42.447387],[-121.894236,42.452558],[-121.893458,42.458204],[-121.895908,42.459624],[-121.899986,42.463606],[-121.902296,42.464002],[-121.903711,42.465817],[-121.908084,42.46577],[-121.908616,42.469991],[-121.911331,42.471537],[-121.913753,42.475744],[-121.922157,42.476812],[-121.924493,42.478343],[-121.925185,42.480804],[-121.927134,42.482141],[-121.927751,42.486854],[-121.929607,42.48958],[-121.934779,42.487746],[-121.938276,42.48872],[-121.943512,42.487963],[-121.944896,42.490014],[-121.943336,42.491977],[-121.944476,42.493159],[-121.94818,42.494182],[-121.948991,42.492875],[-121.953205,42.493108],[-121.955331,42.49523],[-121.957405,42.494732],[-122.000084,42.495473],[-122.004822,42.495693]],[[-121.819869,42.329026],[-121.819032,42.325825],[-121.818921,42.320391],[-121.821702,42.318508],[-121.820896,42.316724],[-121.822257,42.315252],[-121.821369,42.312266],[-121.825266,42.310158],[-121.829999,42.309603],[-121.833446,42.310739],[-121.831309,42.312369],[-121.832301,42.314038],[-121.835059,42.313011],[-121.835933,42.314526],[-121.833115,42.316261],[-121.830786,42.32045],[-121.83132,42.323184],[-121.828643,42.327438],[-121.824233,42.325869],[-121.823701,42.328515],[-121.819869,42.329026]],[[-121.852803,42.301226],[-121.847632,42.297352],[-121.846041,42.293872],[-121.84646,42.290924],[-121.848538,42.290237],[-121.852317,42.29297],[-121.85775,42.300906],[-121.856538,42.301938],[-121.852803,42.301226]],[[-121.935394,42.418334],[-121.938247,42.4198],[-121.938461,42.42238],[-121.936424,42.423906],[-121.934527,42.427095],[-121.931207,42.427447],[-121.927347,42.423812],[-121.927903,42.421995],[-121.933623,42.420179],[-121.935394,42.418334]],[[-121.821006,42.308127],[-121.818713,42.307622],[-121.818594,42.301798],[-121.819193,42.301298],[-121.82877,42.301303],[-121.828112,42.303598],[-121.825686,42.303411],[-121.820828,42.307216],[-121.821006,42.308127]],[[-121.822544,42.308292],[-121.823424,42.306453],[-121.827588,42.306524],[-121.832573,42.308351],[-121.831515,42.309334],[-121.822544,42.308292]],[[-121.820281,42.310872],[-121.818802,42.308457],[-121.822034,42.308407],[-121.820281,42.310872]],[[-121.84184,42.308761],[-121.842159,42.312027],[-121.838897,42.31166],[-121.840021,42.309387],[-121.84184,42.308761]],[[-121.924028,42.473072],[-121.921176,42.4727],[-121.920053,42.4706],[-121.924633,42.471574],[-121.924028,42.473072]],[[-121.969142,42.3899],[-121.970956,42.388379],[-121.97303,42.389119],[-121.973386,42.391139],[-121.969142,42.3899]]]},"properties":{"OBJECTID":4,"fhdFtrID":4,"fhdRefID":53585,"fhdRevDt":"20190430","fhdONm":"Wayne Wood","fhdOEnt":"OSU","fhdSpNm":"YP","fhdRun":"NA","fhdLifeHst":"Resident","fhdUseTy":"ResidentMultipleUses","fhdBasis":"DocObsFish","fhdStNm":"Upper Klamath Lake","fhdGenus":"Perca","fhdSp":"flavescens","fhdSubSp":null,"fhdOrig":"NonNative","fhdProd":"Natural","fhdComment":null,"fhdESH":"NA","fhdBasisD":null,"fhdNMF":"no","fhdBasisDt":null,"fhdBasisNm":null,"fhdBasisEnt":"OSU Ichthyology Collection","fhdBasisPrj":null,"fhdBasisMethod":null,"fhdAccess":null,"fhdBarrierFtrID":null,"fhdEndExtent":null,"Shape__Area":461074607.09581786,"Shape__Length":369212.49486474745,"habitatType":"lake"},"id":44},
{"type":"Feature","geometry":{"type":"Polygon","coordinates":[[[-121.10048,42.239821],[-121.101415,42.239731],[-121.100146,42.233841],[-121.100222,42.229531],[-121.104113,42.222892],[-121.106018,42.221986],[-121.105821,42.21912],[-121.108532,42.216035],[-121.112858,42.214606],[-121.115088,42.21477],[-121.116659,42.212728],[-121.122397,42.21349],[-121.128251,42.217301],[-121.131013,42.217099],[-121.13225,42.220519],[-121.128983,42.223859],[-121.131013,42.22561],[-121.137265,42.229382],[-121.139082,42.228996],[-121.139305,42.226669],[-121.143213,42.224782],[-121.142366,42.222076],[-121.136798,42.222096],[-121.130904,42.215649],[-121.129761,42.213841],[-121.1268,42.213863],[-121.125027,42.208032],[-121.120892,42.207149],[-121.12354,42.204128],[-121.123206,42.202526],[-121.126533,42.199906],[-121.120158,42.195963],[-121.119441,42.194103],[-121.116096,42.192156],[-121.113558,42.193354],[-121.110181,42.189008],[-121.110644,42.186429],[-121.11047,42.180265],[-121.108435,42.172385],[-121.102021,42.1686],[-121.10122,42.167451],[-121.096951,42.167685],[-121.09379,42.169418],[-121.095994,42.171692],[-121.09644,42.17656],[-121.089348,42.176578],[-121.086405,42.179334],[-121.083276,42.180614],[-121.087587,42.183577],[-121.0869,42.186285],[-121.084585,42.187479],[-121.081367,42.18624],[-121.079248,42.184017],[-121.075639,42.182607],[-121.073018,42.18251],[-121.070451,42.178546],[-121.067875,42.179018],[-121.06206,42.178881],[-121.069455,42.181713],[-121.070112,42.186323],[-121.072311,42.18483],[-121.078001,42.186366],[-121.079546,42.193726],[-121.080631,42.196202],[-121.085756,42.201481],[-121.089964,42.204125],[-121.08973,42.209455],[-121.092375,42.213614],[-121.090376,42.217183],[-121.092289,42.220266],[-121.098767,42.223316],[-121.098503,42.226017],[-121.095348,42.223685],[-121.092852,42.223543],[-121.094752,42.22908],[-121.096666,42.230397],[-121.098211,42.233459],[-121.098901,42.238847],[-121.10048,42.239821]],[[-121.11581,42.201795],[-121.113883,42.20313],[-121.111457,42.197917],[-121.113204,42.194787],[-121.115109,42.196425],[-121.11478,42.199271],[-121.11581,42.201795]]]},"properties":{"OBJECTID":5,"fhdFtrID":5,"fhdRefID":53684,"fhdRevDt":"20190201","fhdONm":"Peter Robinson","fhdOEnt":"ODFW","fhdSpNm":"YP","fhdRun":"NA","fhdLifeHst":"Resident","fhdUseTy":"ResidentMultipleUses","fhdBasis":"UndocObsFish","fhdStNm":"Gerber Reservoir","fhdGenus":"Perca","fhdSp":"flavescens","fhdSubSp":null,"fhdOrig":"NonNative","fhdProd":"Natural","fhdComment":null,"fhdESH":"NA","fhdBasisD":null,"fhdNMF":"no","fhdBasisDt":null,"fhdBasisNm":null,"fhdBasisEnt":null,"fhdBasisPrj":null,"fhdBasisMethod":null,"fhdAccess":null,"fhdBarrierFtrID":null,"fhdEndExtent":null,"Shape__Area":28128431.30408254,"Shape__Length":62900.03493764147,"habitatType":"lake"},"id":45},
{"type":"Feature","geometry":{"type":"Polygon","coordinates":[[[-121.112488,42.016444],[-121.114262,42.017027],[-121.114993,42.019684],[-121.117359,42.022531],[-121.119198,42.021043],[-121.119769,42.018167],[-121.116909,42.01269],[-121.117209,42.010654],[-121.115999,42.007608],[-121.112258,42.005255],[-121.112234,42.003291],[-121.109571,42.003154],[-121.100974,41.997948],[-121.104133,42.004797],[-121.103267,42.008272],[-121.104939,42.009824],[-121.103454,42.011614],[-121.098205,42.010117],[-121.09733,42.011506],[-121.097906,42.015271],[-121.096457,42.016748],[-121.099218,42.017856],[-121.100689,42.016143],[-121.105621,42.016735],[-121.10545,42.014248],[-121.112488,42.016444]]]},"properties":{"OBJECTID":6,"fhdFtrID":6,"fhdRefID":53684,"fhdRevDt":"20190201","fhdONm":"Peter Robinson","fhdOEnt":"ODFW","fhdSpNm":"YP","fhdRun":"NA","fhdLifeHst":"Resident","fhdUseTy":"ResidentMultipleUses","fhdBasis":"UndocObsFish","fhdStNm":"Willow Valley Reservoir","fhdGenus":"Perca","fhdSp":"flavescens","fhdSubSp":null,"fhdOrig":"NonNative","fhdProd":"Natural","fhdComment":null,"fhdESH":"NA","fhdBasisD":null,"fhdNMF":"no","fhdBasisDt":null,"fhdBasisNm":null,"fhdBasisEnt":null,"fhdBasisPrj":null,"fhdBasisMethod":null,"fhdAccess":null,"fhdBarrierFtrID":null,"fhdEndExtent":null,"Shape__Area":3984589.57296903,"Shape__Length":14973.395195935786,"habitatType":"lake"},"id":46},
{"type":"Feature","geometry":{"type":"Polygon","coordinates":[[[-122.20662,42.355555],[-122.208245,42.359808],[-122.206697,42.363985],[-122.208993,42.368855],[-122.203294,42.375894],[-122.204439,42.377172],[-122.208146,42.377972],[-122.211214,42.377588],[-122.213312,42.378935],[-122.214746,42.38171],[-122.215105,42.385252],[-122.218149,42.388199],[-122.223711,42.387625],[-122.226991,42.384513],[-122.224985,42.380852],[-122.222795,42.378847],[-122.221368,42.368597],[-122.223085,42.361323],[-122.223039,42.356181],[-122.221574,42.349038],[-122.214448,42.347963],[-122.211922,42.348756],[-122.207002,42.353108],[-122.20662,42.355555]]]},"properties":{"OBJECTID":7,"fhdFtrID":7,"fhdRefID":53585,"fhdRevDt":"20190430","fhdONm":"Wayne Wood","fhdOEnt":"OSU","fhdSpNm":"YP","fhdRun":"NA","fhdLifeHst":"Resident","fhdUseTy":"ResidentMultipleUses","fhdBasis":"DocObsFish","fhdStNm":"Lake of the Woods","fhdGenus":"Perca","fhdSp":"flavescens","fhdSubSp":null,"fhdOrig":"NonNative","fhdProd":"Natural","fhdComment":null,"fhdESH":"NA","fhdBasisD":null,"fhdNMF":"no","fhdBasisDt":null,"fhdBasisNm":null,"fhdBasisEnt":"OSU Ichthyology Collection","fhdBasisPrj":null,"fhdBasisMethod":null,"fhdAccess":null,"fhdBarrierFtrID":null,"fhdEndExtent":null,"Shape__Area":9110674.089643095,"Shape__Length":17792.341731765933,"habitatType":"lake"},"id":47},
{"type":"Feature","geometry":{"type":"Polygon","coordinates":[[[-121.957405,42.494732],[-121.956812,42.498435],[-121.957355,42.503505],[-121.951962,42.507935],[-121.953333,42.513062],[-121.952629,42.515758],[-121.950358,42.51539],[-121.946789,42.516862],[-121.944979,42.520243],[-121.941269,42.521199],[-121.93879,42.520134],[-121.936207,42.521759],[-121.931284,42.518732],[-121.925802,42.521748],[-121.927583,42.522953],[-121.929668,42.53007],[-121.928866,42.535367],[-121.931389,42.538381],[-121.932665,42.546104],[-121.93043,42.551347],[-121.930727,42.553422],[-121.929026,42.559065],[-121.930265,42.563632],[-121.92947,42.570252],[-121.929551,42.574797],[-121.934245,42.577004],[-121.936191,42.574265],[-121.934587,42.571312],[-121.936733,42.569325],[-121.940655,42.571833],[-121.940016,42.574123],[-121.941507,42.576519],[-121.945186,42.576972],[-121.942378,42.581418],[-121.950282,42.583163],[-121.957837,42.585682],[-121.960645,42.585846],[-121.965637,42.584895],[-121.97114,42.581732],[-121.975831,42.576186],[-121.978791,42.569153],[-121.979196,42.563905],[-121.974247,42.559762],[-121.972017,42.554405],[-121.973974,42.548471],[-121.97798,42.544484],[-121.997638,42.543943],[-122.003287,42.539862],[-122.005512,42.53299],[-122.004715,42.528999],[-122.005261,42.523702],[-122.00234,42.520879],[-122.001911,42.519204],[-122.005918,42.51117],[-122.004495,42.509259],[-122.00565,42.503956],[-122.004675,42.499981],[-122.005558,42.497291],[-122.004822,42.495693],[-122.000084,42.495473],[-121.957405,42.494732]],[[-121.985641,42.533782],[-121.988239,42.534538],[-121.987084,42.537564],[-121.985036,42.539162],[-121.988408,42.541373],[-121.99307,42.541651],[-121.997363,42.543125],[-121.978269,42.543858],[-121.977948,42.540938],[-121.97964,42.539537],[-121.979601,42.536573],[-121.983342,42.53605],[-121.985641,42.533782]]]},"properties":{"OBJECTID":8,"fhdFtrID":8,"fhdRefID":53580,"fhdRevDt":"20190430","fhdONm":"Jay Stevens","fhdOEnt":"BLM","fhdSpNm":"YP","fhdRun":"NA","fhdLifeHst":"Resident","fhdUseTy":"ResidentMultipleUses","fhdBasis":"UndocObsFish","fhdStNm":"Agency Lake","fhdGenus":"Perca","fhdSp":"flavescens","fhdSubSp":null,"fhdOrig":"NonNative","fhdProd":"Natural","fhdComment":null,"fhdESH":"NA","fhdBasisD":null,"fhdNMF":"no","fhdBasisDt":null,"fhdBasisNm":null,"fhdBasisEnt":null,"fhdBasisPrj":null,"fhdBasisMethod":null,"fhdAccess":null,"fhdBarrierFtrID":null,"fhdEndExtent":null,"Shape__Area":76958237.7460003,"Shape__Length":121735.1280473508,"habitatType":"lake"},"id":48},
{"type":"Feature","geometry":{"type":"Polygon","coordinates":[[[-121.085077,42.141832],[-121.086405,42.139103],[-121.083224,42.130476],[-121.08,42.132203],[-121.079018,42.129241],[-121.074611,42.129582],[-121.071743,42.134193],[-121.070719,42.137382],[-121.072636,42.139687],[-121.085077,42.141832]]]},"properties":{"OBJECTID":9,"fhdFtrID":9,"fhdRefID":53684,"fhdRevDt":"20190201","fhdONm":"Peter Robinson","fhdOEnt":"ODFW","fhdSpNm":"YP","fhdRun":"NA","fhdLifeHst":"Resident","fhdUseTy":"ResidentMultipleUses","fhdBasis":"UndocObsFish","fhdStNm":"Round Valley Reservoir","fhdGenus":"Perca","fhdSp":"flavescens","fhdSubSp":null,"fhdOrig":"NonNative","fhdProd":"Natural","fhdComment":null,"fhdESH":"NA","fhdBasisD":null,"fhdNMF":"no","fhdBasisDt":null,"fhdBasisNm":null,"fhdBasisEnt":null,"fhdBasisPrj":null,"fhdBasisMethod":null,"fhdAccess":null,"fhdBarrierFtrID":null,"fhdEndExtent":null,"Shape__Area":2286682.914148585,"Shape__Length":7355.667477198186,"habitatType":"lake"},"id":49},
{"type":"Feature","geometry":{"type":"Polygon","coordinates":[[[-116.701875,45.236909],[-116.700389,45.242403],[-116.702999,45.243297],[-116.706749,45.237817],[-116.705282,45.234058],[-116.706655,45.227379],[-116.710882,45.221827],[-116.711583,45.215194],[-116.709814,45.210951],[-116.709968,45.204311],[-116.710942,45.201575],[-116.713261,45.198294],[-116.715638,45.193619],[-116.717666,45.186338],[-116.721826,45.179636],[-116.726524,45.174467],[-116.726851,45.172399],[-116.725341,45.161835],[-116.728725,45.156556],[-116.730448,45.150976],[-116.731245,45.14272],[-116.732493,45.14085],[-116.745554,45.134235],[-116.746985,45.132522],[-116.746461,45.12774],[-116.750445,45.125554],[-116.753559,45.123023],[-116.755268,45.115055],[-116.759314,45.112198],[-116.767405,45.11022],[-116.775547,45.10696],[-116.780236,45.101232],[-116.78299,45.096094],[-116.784584,45.094352],[-116.785218,45.091397],[-116.785297,45.084265],[-116.786609,45.080008],[-116.78502,45.07846],[-116.788771,45.073694],[-116.791102,45.072049],[-116.79675,45.06478],[-116.797708,45.061286],[-116.801784,45.057761],[-116.805915,45.055396],[-116.810876,45.051391],[-116.812392,45.051133],[-116.8212,45.045006],[-116.826005,45.039425],[-116.832989,45.035776],[-116.842809,45.03143],[-116.844175,45.028286],[-116.849371,45.022797],[-116.849632,45.020435],[-116.846883,45.018081],[-116.845708,45.014351],[-116.848953,45.011915],[-116.846531,45.008125],[-116.845376,45.002036],[-116.848563,44.998655],[-116.85129,44.994059],[-116.852852,44.992643],[-116.856176,44.986222],[-116.858615,44.984408],[-116.859525,44.98009],[-116.858809,44.977019],[-116.85375,44.972117],[-116.8481,44.970874],[-116.843853,44.974939],[-116.838902,44.982263],[-116.836832,44.983574],[-116.83081,44.984394],[-116.826688,44.982595],[-116.831431,44.975655],[-116.834785,44.973404],[-116.833026,44.972159],[-116.830327,44.976543],[-116.827986,44.978655],[-116.825428,44.984074],[-116.83268,44.985385],[-116.838623,44.98449],[-116.840464,44.98354],[-116.845546,44.975361],[-116.849841,44.972385],[-116.853046,44.973103],[-116.857872,44.978334],[-116.856532,44.983405],[-116.851731,44.991463],[-116.848622,44.994444],[-116.847899,44.996451],[-116.844369,45.000356],[-116.843388,45.005459],[-116.844127,45.009536],[-116.845913,45.011691],[-116.844174,45.013337],[-116.843666,45.015845],[-116.845154,45.018185],[-116.846554,45.023173],[-116.842912,45.026373],[-116.841847,45.029213],[-116.83828,45.031402],[-116.834988,45.032145],[-116.823985,45.037644],[-116.820117,45.042217],[-116.817739,45.043107],[-116.816186,45.045822],[-116.807442,45.050415],[-116.802279,45.053941],[-116.796455,45.058499],[-116.794025,45.063958],[-116.791932,45.06517],[-116.786959,45.072224],[-116.782268,45.075597],[-116.78128,45.078634],[-116.782619,45.081341],[-116.782816,45.087908],[-116.78242,45.094007],[-116.776922,45.100198],[-116.774138,45.104613],[-116.772054,45.105948],[-116.765428,45.108669],[-116.759013,45.110631],[-116.753252,45.113273],[-116.750634,45.118783],[-116.745399,45.121653],[-116.740604,45.125974],[-116.740405,45.129702],[-116.736842,45.131556],[-116.733119,45.136774],[-116.728866,45.139904],[-116.727233,45.142832],[-116.727512,45.14495],[-116.726092,45.149239],[-116.72662,45.155042],[-116.723763,45.159108],[-116.722278,45.164702],[-116.723284,45.172031],[-116.720275,45.178483],[-116.717586,45.180926],[-116.715866,45.184205],[-116.712708,45.194925],[-116.70876,45.198754],[-116.706602,45.205514],[-116.706513,45.207782],[-116.708258,45.21641],[-116.708169,45.218986],[-116.70672,45.219857],[-116.702762,45.228063],[-116.701875,45.236909]]]},"properties":{"OBJECTID":10,"fhdFtrID":10,"fhdRefID":53684,"fhdRevDt":"20190212","fhdONm":"Peter Robinson","fhdOEnt":"ODFW","fhdSpNm":"YP","fhdRun":"NA","fhdLifeHst":"Resident","fhdUseTy":"ResidentMultipleUses","fhdBasis":"UndocObsFish","fhdStNm":"Hells Canyon Reservoir","fhdGenus":"Perca","fhdSp":"flavescens","fhdSubSp":null,"fhdOrig":"NonNative","fhdProd":"Natural","fhdComment":null,"fhdESH":"NA","fhdBasisD":null,"fhdNMF":"no","fhdBasisDt":null,"fhdBasisNm":null,"fhdBasisEnt":null,"fhdBasisPrj":null,"fhdBasisMethod":null,"fhdAccess":null,"fhdBarrierFtrID":null,"fhdEndExtent":null,"Shape__Area":18695910.95635435,"Shape__Length":121775.12852254763,"habitatType":"lake"},"id":50},
{"type":"Feature","geometry":{"type":"Polygon","coordinates":[[[-117.048689,44.743379],[-117.052984,44.744364],[-117.052256,44.741807],[-117.05529,44.737856],[-117.054829,44.73548],[-117.057716,44.732347],[-117.062051,44.730887],[-117.063367,44.729081],[-117.064291,44.724175],[-117.063329,44.723199],[-117.064468,44.717277],[-117.066523,44.712492],[-117.066653,44.707322],[-117.070916,44.702202],[-117.076017,44.699924],[-117.081541,44.695796],[-117.083909,44.691965],[-117.084731,44.688694],[-117.084499,44.68578],[-117.081398,44.682082],[-117.081113,44.68048],[-117.082889,44.676588],[-117.086456,44.673811],[-117.090832,44.671988],[-117.098742,44.665527],[-117.10096,44.65826],[-117.101825,44.652355],[-117.101646,44.649852],[-117.104166,44.646921],[-117.105247,44.643359],[-117.109215,44.635092],[-117.111112,44.63344],[-117.111625,44.631244],[-117.117555,44.627504],[-117.120772,44.623722],[-117.122221,44.62107],[-117.124519,44.613962],[-117.124883,44.609401],[-117.126383,44.608353],[-117.127078,44.605483],[-117.126391,44.601608],[-117.131007,44.594098],[-117.129994,44.585832],[-117.13062,44.581321],[-117.133279,44.579095],[-117.138687,44.576743],[-117.14109,44.576815],[-117.148134,44.5728],[-117.151384,44.568966],[-117.150543,44.564383],[-117.150873,44.562237],[-117.146901,44.557538],[-117.146428,44.554097],[-117.148058,44.548829],[-117.150746,44.546695],[-117.153373,44.542942],[-117.157127,44.539958],[-117.157074,44.538152],[-117.158986,44.53621],[-117.163691,44.533258],[-117.166338,44.533275],[-117.17062,44.529972],[-117.177134,44.526845],[-117.178968,44.52685],[-117.183671,44.525062],[-117.18763,44.522651],[-117.191495,44.51903],[-117.193858,44.518415],[-117.196519,44.516023],[-117.199472,44.511511],[-117.199056,44.505249],[-117.199707,44.501353],[-117.204429,44.493732],[-117.21057,44.491096],[-117.210515,44.488961],[-117.215307,44.488582],[-117.224498,44.486477],[-117.229578,44.482293],[-117.230221,44.480564],[-117.230179,44.475801],[-117.225558,44.467191],[-117.221693,44.463044],[-117.221377,44.459904],[-117.220066,44.457742],[-117.217135,44.449939],[-117.218504,44.445526],[-117.21827,44.438024],[-117.218767,44.436844],[-117.217448,44.43359],[-117.21832,44.431685],[-117.217567,44.426499],[-117.219395,44.421548],[-117.22117,44.419067],[-117.224928,44.416311],[-117.226335,44.41412],[-117.22751,44.407611],[-117.232377,44.40442],[-117.236929,44.400714],[-117.241873,44.39945],[-117.243504,44.398271],[-117.244977,44.395222],[-117.245271,44.390978],[-117.23864,44.378601],[-117.237106,44.374244],[-117.232542,44.370141],[-117.2315,44.367803],[-117.228254,44.365444],[-117.229427,44.363813],[-117.224344,44.364046],[-117.221689,44.363109],[-117.217234,44.359405],[-117.213569,44.357897],[-117.206033,44.352459],[-117.203859,44.349551],[-117.198314,44.346429],[-117.195545,44.343411],[-117.19416,44.340409],[-117.191024,44.337599],[-117.19107,44.334427],[-117.192094,44.330821],[-117.197217,44.327116],[-117.197858,44.324536],[-117.200236,44.322154],[-117.201641,44.318076],[-117.205737,44.312829],[-117.220235,44.308226],[-117.223825,44.305744],[-117.227002,44.301896],[-117.228607,44.30099],[-117.224769,44.298357],[-117.22346,44.295196],[-117.218053,44.287662],[-117.21508,44.285369],[-117.209494,44.282999],[-117.207805,44.280958],[-117.206443,44.275909],[-117.201217,44.271343],[-117.196932,44.270087],[-117.19474,44.26861],[-117.192066,44.265175],[-117.188614,44.263232],[-117.181175,44.260312],[-117.174073,44.258215],[-117.158778,44.256324],[-117.153983,44.255154],[-117.149471,44.252809],[-117.14366,44.25279],[-117.14013,44.256104],[-117.132453,44.260316],[-117.134851,44.263548],[-117.140538,44.260638],[-117.145129,44.25941],[-117.156936,44.258552],[-117.164649,44.260585],[-117.168513,44.260091],[-117.171698,44.261008],[-117.173324,44.263023],[-117.181144,44.266498],[-117.183848,44.268199],[-117.19089,44.271069],[-117.199424,44.277677],[-117.203244,44.280113],[-117.205124,44.283494],[-117.209931,44.28582],[-117.210038,44.287274],[-117.214121,44.29403],[-117.216162,44.295571],[-117.215775,44.300736],[-117.214874,44.302328],[-117.209702,44.306813],[-117.205453,44.308614],[-117.199783,44.315629],[-117.198148,44.320815],[-117.196535,44.32166],[-117.195213,44.325349],[-117.190236,44.329526],[-117.18846,44.336607],[-117.191342,44.340069],[-117.192637,44.344045],[-117.194982,44.347797],[-117.2007,44.349874],[-117.202927,44.353311],[-117.20924,44.358853],[-117.215009,44.36114],[-117.217336,44.364098],[-117.222058,44.367263],[-117.226168,44.36915],[-117.230257,44.372825],[-117.233856,44.378033],[-117.23346,44.379388],[-117.236654,44.383591],[-117.238916,44.388639],[-117.240318,44.389336],[-117.240299,44.39366],[-117.241372,44.39529],[-117.236107,44.397251],[-117.230643,44.399866],[-117.224652,44.403864],[-117.22183,44.408946],[-117.222154,44.41258],[-117.219744,44.416543],[-117.217049,44.417702],[-117.214723,44.420232],[-117.212804,44.428366],[-117.2143,44.433157],[-117.211905,44.438316],[-117.212917,44.441797],[-117.211915,44.444342],[-117.213083,44.451899],[-117.212256,44.4546],[-117.214825,44.458084],[-117.214603,44.45995],[-117.216099,44.462441],[-117.214353,44.464791],[-117.21689,44.465954],[-117.218326,44.471222],[-117.221763,44.475979],[-117.220782,44.477516],[-117.221098,44.480331],[-117.220103,44.482242],[-117.21647,44.483927],[-117.209333,44.484423],[-117.206788,44.485334],[-117.203431,44.487986],[-117.201583,44.488507],[-117.198172,44.491735],[-117.197391,44.494007],[-117.195581,44.494309],[-117.190083,44.503329],[-117.188527,44.50846],[-117.18891,44.510919],[-117.186486,44.514503],[-117.179652,44.520018],[-117.170009,44.522113],[-117.168259,44.522854],[-117.161869,44.523643],[-117.156644,44.525463],[-117.150611,44.529106],[-117.148,44.533693],[-117.142954,44.539382],[-117.141931,44.542417],[-117.139426,44.546065],[-117.13681,44.554049],[-117.137068,44.556738],[-117.139836,44.561624],[-117.142091,44.56331],[-117.143156,44.566197],[-117.140061,44.56827],[-117.135384,44.569184],[-117.135168,44.57043],[-117.129048,44.571975],[-117.12824,44.57311],[-117.122937,44.576809],[-117.123207,44.577901],[-117.120294,44.582683],[-117.120758,44.586096],[-117.122497,44.589613],[-117.122648,44.594678],[-117.120723,44.59744],[-117.120318,44.5998],[-117.12161,44.601764],[-117.118474,44.607594],[-117.118086,44.611627],[-117.116912,44.612813],[-117.115464,44.617457],[-117.111442,44.623347],[-117.106818,44.626175],[-117.102526,44.631412],[-117.099693,44.637132],[-117.096513,44.640382],[-117.095339,44.644125],[-117.095564,44.647121],[-117.093083,44.651386],[-117.092855,44.657285],[-117.094273,44.663119],[-117.089106,44.665266],[-117.087769,44.666846],[-117.082925,44.670211],[-117.080756,44.670761],[-117.077335,44.67306],[-117.074337,44.682462],[-117.075491,44.683702],[-117.075092,44.688235],[-117.068084,44.697054],[-117.062129,44.702125],[-117.059196,44.706526],[-117.058796,44.70826],[-117.059843,44.713172],[-117.058649,44.716876],[-117.056309,44.719543],[-117.05523,44.72631],[-117.053529,44.72817],[-117.047461,44.732247],[-117.045442,44.740061],[-117.043532,44.741674],[-117.038895,44.743133],[-117.034505,44.74587],[-117.031208,44.746802],[-117.027541,44.749139],[-117.024045,44.748671],[-117.016304,44.750685],[-117.011959,44.752571],[-117.010409,44.754151],[-117.006266,44.753671],[-116.997003,44.75417],[-116.990728,44.755841],[-116.984316,44.761288],[-116.978842,44.764857],[-116.975746,44.766109],[-116.973036,44.768371],[-116.969762,44.769014],[-116.967806,44.771759],[-116.965226,44.772352],[-116.956597,44.772628],[-116.952506,44.774028],[-116.945858,44.777074],[-116.940934,44.778139],[-116.930547,44.784779],[-116.930046,44.787023],[-116.924828,44.791193],[-116.924511,44.793696],[-116.918437,44.79398],[-116.917874,44.795879],[-116.925913,44.797806],[-116.925673,44.801176],[-116.924323,44.80381],[-116.921325,44.803068],[-116.92184,44.805988],[-116.916689,44.811288],[-116.913582,44.811886],[-116.913179,44.816506],[-116.909815,44.82106],[-116.907115,44.822223],[-116.904976,44.827008],[-116.902592,44.829553],[-116.901842,44.832895],[-116.899835,44.835199],[-116.904676,44.838131],[-116.909013,44.83467],[-116.909639,44.832897],[-116.913558,44.829238],[-116.915232,44.828454],[-116.91558,44.825792],[-116.918466,44.821353],[-116.92078,44.8194],[-116.924204,44.814807],[-116.928438,44.811394],[-116.9321,44.810132],[-116.936286,44.805995],[-116.937543,44.80122],[-116.937459,44.79401],[-116.936041,44.792028],[-116.938199,44.788796],[-116.940263,44.788895],[-116.943948,44.783034],[-116.948147,44.781283],[-116.953194,44.78064],[-116.960158,44.777429],[-116.965205,44.777379],[-116.967324,44.779282],[-116.970259,44.776708],[-116.972978,44.775621],[-116.983051,44.768708],[-116.984637,44.76851],[-116.992936,44.761998],[-116.996024,44.760734],[-117.000284,44.761341],[-117.001638,44.760386],[-117.008123,44.760582],[-117.01608,44.760025],[-117.017276,44.758171],[-117.02156,44.756647],[-117.023093,44.755347],[-117.031281,44.753797],[-117.039147,44.749592],[-117.043398,44.749291],[-117.045694,44.746855],[-117.047981,44.74687],[-117.048634,44.749687],[-117.047809,44.753164],[-117.043934,44.754255],[-117.045096,44.75836],[-117.047536,44.761308],[-117.051442,44.762373],[-117.052388,44.764744],[-117.057696,44.765918],[-117.062048,44.770303],[-117.07184,44.77005],[-117.07372,44.773381],[-117.078574,44.773524],[-117.08124,44.775395],[-117.084885,44.775888],[-117.092381,44.775766],[-117.095955,44.773899],[-117.095745,44.770431],[-117.099065,44.769738],[-117.101915,44.767948],[-117.108456,44.769054],[-117.11045,44.768011],[-117.115643,44.768129],[-117.118029,44.765714],[-117.117379,44.762701],[-117.118664,44.76073],[-117.122768,44.759614],[-117.125538,44.756715],[-117.130482,44.755287],[-117.134689,44.755066],[-117.13915,44.755592],[-117.142693,44.757442],[-117.14528,44.756467],[-117.151661,44.756548],[-117.157217,44.7552],[-117.161229,44.753205],[-117.161389,44.751647],[-117.157344,44.749553],[-117.157061,44.746814],[-117.152333,44.744936],[-117.148159,44.746548],[-117.146496,44.74573],[-117.14276,44.747199],[-117.138247,44.747444],[-117.136482,44.749337],[-117.131815,44.749279],[-117.127372,44.754156],[-117.122289,44.758138],[-117.119016,44.759271],[-117.115657,44.757549],[-117.111968,44.758001],[-117.110676,44.760882],[-117.114861,44.763394],[-117.115479,44.765397],[-117.107939,44.767611],[-117.102931,44.766592],[-117.096199,44.768268],[-117.093811,44.769827],[-117.092457,44.773905],[-117.084483,44.774291],[-117.082094,44.772047],[-117.077587,44.771016],[-117.075483,44.767476],[-117.071192,44.766083],[-117.066871,44.767548],[-117.063797,44.767461],[-117.053853,44.761917],[-117.053437,44.760013],[-117.049925,44.757944],[-117.049849,44.755112],[-117.05196,44.75301],[-117.051444,44.751007],[-117.055049,44.749737],[-117.05299,44.744367],[-117.048689,44.743379],[-117.047889,44.743589],[-117.048689,44.743379]]]},"properties":{"OBJECTID":11,"fhdFtrID":11,"fhdRefID":53684,"fhdRevDt":"20190219","fhdONm":"Peter Robinson","fhdOEnt":"ODFW","fhdSpNm":"YP","fhdRun":"NA","fhdLifeHst":"Resident","fhdUseTy":"ResidentMultipleUses","fhdBasis":"UndocObsFish","fhdStNm":"Brownlee Reservoir","fhdGenus":"Perca","fhdSp":"flavescens","fhdSubSp":null,"fhdOrig":"NonNative","fhdProd":"Natural","fhdComment":null,"fhdESH":"NA","fhdBasisD":null,"fhdNMF":"no","fhdBasisDt":null,"fhdBasisNm":null,"fhdBasisEnt":null,"fhdBasisPrj":null,"fhdBasisMethod":null,"fhdAccess":null,"fhdBarrierFtrID":null,"fhdEndExtent":null,"Shape__Area":110800209.22657964,"Shape__Length":373252.30661397206,"habitatType":"lake"},"id":51},
{"type":"Feature","geometry":{"type":"Polygon","coordinates":[[[-118.248039,43.667104],[-118.254624,43.667138],[-118.255385,43.662298],[-118.253338,43.660052],[-118.256016,43.658435],[-118.25567,43.656113],[-118.260509,43.654332],[-118.260325,43.649024],[-118.259148,43.646752],[-118.260028,43.643256],[-118.262604,43.643658],[-118.267647,43.641207],[-118.261647,43.641188],[-118.257089,43.641866],[-118.254461,43.639977],[-118.251583,43.639053],[-118.248857,43.639256],[-118.244291,43.637606],[-118.242846,43.635604],[-118.243486,43.633825],[-118.241897,43.631263],[-118.249364,43.626462],[-118.248889,43.6235],[-118.252798,43.62072],[-118.254474,43.621905],[-118.256803,43.619964],[-118.252286,43.619439],[-118.248418,43.620301],[-118.249457,43.617579],[-118.24869,43.61344],[-118.252293,43.612306],[-118.25416,43.610709],[-118.257785,43.611012],[-118.259327,43.610042],[-118.257713,43.607604],[-118.255198,43.607071],[-118.255624,43.604025],[-118.259905,43.605229],[-118.259182,43.60255],[-118.26009,43.60058],[-118.258936,43.598719],[-118.25992,43.596656],[-118.255796,43.596824],[-118.255269,43.595134],[-118.25104,43.595996],[-118.24374,43.60307],[-118.241497,43.602912],[-118.241131,43.599844],[-118.239491,43.59844],[-118.239549,43.595356],[-118.242824,43.59233],[-118.243788,43.590068],[-118.249932,43.588132],[-118.250278,43.586646],[-118.245537,43.587071],[-118.238449,43.589423],[-118.235393,43.591538],[-118.231421,43.591748],[-118.231306,43.589393],[-118.233585,43.587987],[-118.23743,43.581438],[-118.241084,43.580547],[-118.241353,43.578231],[-118.236074,43.575061],[-118.23551,43.577564],[-118.232476,43.578938],[-118.233451,43.581006],[-118.232887,43.583224],[-118.230292,43.585804],[-118.225234,43.587101],[-118.223957,43.586701],[-118.218235,43.588728],[-118.213682,43.588625],[-118.209324,43.585245],[-118.205881,43.586848],[-118.206555,43.590964],[-118.208684,43.592309],[-118.205831,43.594746],[-118.212606,43.598345],[-118.21531,43.598772],[-118.219571,43.602075],[-118.216346,43.602394],[-118.217287,43.610813],[-118.224482,43.616848],[-118.222617,43.618594],[-118.225136,43.622698],[-118.225203,43.625715],[-118.227243,43.627158],[-118.229346,43.630686],[-118.231727,43.631135],[-118.235009,43.634817],[-118.23523,43.636672],[-118.238868,43.640742],[-118.24139,43.647256],[-118.245609,43.648802],[-118.249355,43.652949],[-118.250831,43.655604],[-118.249725,43.659831],[-118.252383,43.662],[-118.252554,43.665288],[-118.248028,43.664541],[-118.248039,43.667104]]]},"properties":{"OBJECTID":12,"fhdFtrID":12,"fhdRefID":53684,"fhdRevDt":"20190219","fhdONm":"Peter Robinson","fhdOEnt":"ODFW","fhdSpNm":"YP","fhdRun":"NA","fhdLifeHst":"Resident","fhdUseTy":"ResidentMultipleUses","fhdBasis":"UndocObsFish","fhdStNm":"Warm Springs Reservoir","fhdGenus":"Perca","fhdSp":"flavescens","fhdSubSp":null,"fhdOrig":"NonNative","fhdProd":"Natural","fhdComment":null,"fhdESH":"NA","fhdBasisD":null,"fhdNMF":"no","fhdBasisDt":null,"fhdBasisNm":null,"fhdBasisEnt":null,"fhdBasisPrj":null,"fhdBasisMethod":null,"fhdAccess":null,"fhdBarrierFtrID":null,"fhdEndExtent":null,"Shape__Area":31964369.911938075,"Shape__Length":71794.61772522835,"habitatType":"lake"},"id":52},
{"type":"Feature","geometry":{"type":"Polygon","coordinates":[[[-118.091359,44.692439],[-118.092305,44.692169],[-118.092255,44.686647],[-118.095278,44.685596],[-118.095345,44.68388],[-118.092246,44.680804],[-118.091029,44.678534],[-118.083424,44.677548],[-118.074068,44.674315],[-118.069098,44.674798],[-118.063417,44.674545],[-118.058297,44.676461],[-118.058573,44.673956],[-118.053283,44.673073],[-118.05187,44.674301],[-118.044728,44.675294],[-118.039991,44.675342],[-118.033794,44.674565],[-118.031873,44.675231],[-118.030101,44.677556],[-118.020682,44.677717],[-118.016469,44.676584],[-118.015321,44.672611],[-118.012762,44.673111],[-118.008796,44.671872],[-118.00559,44.669897],[-118.002817,44.670169],[-118.000326,44.669259],[-117.998774,44.670632],[-118.005116,44.677117],[-118.009519,44.678725],[-118.013823,44.681046],[-118.013844,44.682958],[-118.019832,44.684778],[-118.020285,44.686596],[-118.023229,44.687817],[-118.025452,44.686658],[-118.026194,44.684162],[-118.027854,44.68304],[-118.0311,44.683754],[-118.03235,44.685664],[-118.037625,44.68716],[-118.040302,44.686722],[-118.042908,44.688292],[-118.044819,44.684273],[-118.054399,44.688645],[-118.059418,44.691961],[-118.064218,44.691529],[-118.068148,44.688652],[-118.070223,44.688692],[-118.072525,44.686203],[-118.074706,44.687668],[-118.08007,44.689567],[-118.085661,44.6909],[-118.09068,44.690834],[-118.091359,44.692439]]]},"properties":{"OBJECTID":13,"fhdFtrID":13,"fhdRefID":53718,"fhdRevDt":"20190508","fhdONm":"Kevin Stertz","fhdOEnt":"ODFW","fhdSpNm":"YP","fhdRun":"NA","fhdLifeHst":"Resident","fhdUseTy":"ResidentMultipleUses","fhdBasis":"DocObsFish","fhdStNm":"Phillips Reservoir","fhdGenus":"Perca","fhdSp":"flavescens","fhdSubSp":null,"fhdOrig":"NonNative","fhdProd":"Natural","fhdComment":null,"fhdESH":"NA","fhdBasisD":null,"fhdNMF":"no","fhdBasisDt":"20170000","fhdBasisNm":"Kevin Stertz","fhdBasisEnt":null,"fhdBasisPrj":null,"fhdBasisMethod":"Boat Electrofisher","fhdAccess":null,"fhdBarrierFtrID":null,"fhdEndExtent":null,"Shape__Area":17976668.12557424,"Shape__Length":45795.92624182651,"habitatType":"lake"},"id":53},
{"type":"Feature","geometry":{"type":"Polygon","coordinates":[[[-117.421056,44.03461],[-117.426967,44.036642],[-117.432636,44.035534],[-117.436158,44.032383],[-117.434584,44.028036],[-117.433306,44.027164],[-117.43021,44.028585],[-117.424778,44.029287],[-117.424093,44.030934],[-117.421605,44.03134],[-117.417202,44.027261],[-117.413262,44.026503],[-117.411703,44.025394],[-117.410397,44.020393],[-117.406921,44.019146],[-117.404641,44.016649],[-117.399335,44.012882],[-117.397958,44.013518],[-117.395254,44.019269],[-117.397747,44.021696],[-117.401025,44.021571],[-117.407306,44.025074],[-117.405213,44.026802],[-117.40735,44.029372],[-117.409852,44.029652],[-117.414933,44.031843],[-117.415952,44.034385],[-117.421056,44.03461]]]},"properties":{"OBJECTID":14,"fhdFtrID":14,"fhdRefID":53684,"fhdRevDt":"20190219","fhdONm":"Peter Robinson","fhdOEnt":"ODFW","fhdSpNm":"YP","fhdRun":"NA","fhdLifeHst":"Resident","fhdUseTy":"ResidentMultipleUses","fhdBasis":"UndocObsFish","fhdStNm":"Bully Creek Reservoir","fhdGenus":"Perca","fhdSp":"flavescens","fhdSubSp":null,"fhdOrig":"NonNative","fhdProd":"Natural","fhdComment":null,"fhdESH":"NA","fhdBasisD":null,"fhdNMF":"no","fhdBasisDt":null,"fhdBasisNm":null,"fhdBasisEnt":null,"fhdBasisPrj":null,"fhdBasisMethod":null,"fhdAccess":null,"fhdBarrierFtrID":null,"fhdEndExtent":null,"Shape__Area":4786584.97927659,"Shape__Length":20134.498932298662,"habitatType":"lake"},"id":54},
{"type":"Feature","geometry":{"type":"Polygon","coordinates":[[[-116.837628,44.968133],[-116.834555,44.969631],[-116.836998,44.971282],[-116.842231,44.968409],[-116.845592,44.96818],[-116.852068,44.964849],[-116.85394,44.961655],[-116.849957,44.95272],[-116.846719,44.950222],[-116.843661,44.946428],[-116.842704,44.944131],[-116.8391,44.941093],[-116.835297,44.936955],[-116.833737,44.932911],[-116.834506,44.929915],[-116.838241,44.926814],[-116.839642,44.924404],[-116.840047,44.920011],[-116.842946,44.916208],[-116.844918,44.908694],[-116.849151,44.903343],[-116.851011,44.899088],[-116.854194,44.887875],[-116.857748,44.88472],[-116.858653,44.882228],[-116.865413,44.874904],[-116.865877,44.871758],[-116.867851,44.870023],[-116.878221,44.866415],[-116.879752,44.8627],[-116.884872,44.858346],[-116.891973,44.856143],[-116.896231,44.856622],[-116.899048,44.854894],[-116.899691,44.852112],[-116.896939,44.848901],[-116.899227,44.842317],[-116.901983,44.839601],[-116.898342,44.839792],[-116.895498,44.847468],[-116.89595,44.850476],[-116.898102,44.851964],[-116.896649,44.85446],[-116.894041,44.855419],[-116.88932,44.854375],[-116.884102,44.856759],[-116.881507,44.859282],[-116.876442,44.862539],[-116.872462,44.86602],[-116.868336,44.868772],[-116.863507,44.87109],[-116.861495,44.873725],[-116.860666,44.877117],[-116.858651,44.877835],[-116.854778,44.882538],[-116.854888,44.884068],[-116.850518,44.889122],[-116.850508,44.893038],[-116.848156,44.896545],[-116.848414,44.899453],[-116.844108,44.904029],[-116.841191,44.909778],[-116.840341,44.914683],[-116.837675,44.916587],[-116.835831,44.923408],[-116.833552,44.926825],[-116.831661,44.927786],[-116.830588,44.9308],[-116.830743,44.934167],[-116.833429,44.938744],[-116.834569,44.943085],[-116.836471,44.943114],[-116.839555,44.94617],[-116.839868,44.947566],[-116.845472,44.951715],[-116.843983,44.953693],[-116.847641,44.955949],[-116.849386,44.957932],[-116.850139,44.96075],[-116.846948,44.96378],[-116.843091,44.964449],[-116.840574,44.96693],[-116.837628,44.968133]]]},"properties":{"OBJECTID":15,"fhdFtrID":15,"fhdRefID":53684,"fhdRevDt":"20190219","fhdONm":"Peter Robinson","fhdOEnt":"ODFW","fhdSpNm":"YP","fhdRun":"NA","fhdLifeHst":"Resident","fhdUseTy":"ResidentMultipleUses","fhdBasis":"UndocObsFish","fhdStNm":"Oxbow Reservoir","fhdGenus":"Perca","fhdSp":"flavescens","fhdSubSp":null,"fhdOrig":"NonNative","fhdProd":"Natural","fhdComment":null,"fhdESH":"NA","fhdBasisD":null,"fhdNMF":"no","fhdBasisDt":null,"fhdBasisNm":null,"fhdBasisEnt":null,"fhdBasisPrj":null,"fhdBasisMethod":null,"fhdAccess":null,"fhdBarrierFtrID":null,"fhdEndExtent":null,"Shape__Area":8922295.49513655,"Shape__Length":57451.92246342264,"habitatType":"lake"},"id":55},
{"type":"Feature","geometry":{"type":"Polygon","coordinates":[[[-120.047118,44.973243],[-120.047102,44.974504],[-120.048431,44.974669],[-120.047118,44.973243]]]},"properties":{"OBJECTID":16,"fhdFtrID":16,"fhdRefID":53684,"fhdRevDt":"20190219","fhdONm":"Peter Robinson","fhdOEnt":"ODFW","fhdSpNm":"YP","fhdRun":"NA","fhdLifeHst":"Resident","fhdUseTy":"ResidentMultipleUses","fhdBasis":"UndocObsFish","fhdStNm":"Searcy Pond ","fhdGenus":"Perca","fhdSp":"flavescens","fhdSubSp":null,"fhdOrig":"NonNative","fhdProd":"Natural","fhdComment":null,"fhdESH":"NA","fhdBasisD":null,"fhdNMF":"no","fhdBasisDt":null,"fhdBasisNm":null,"fhdBasisEnt":null,"fhdBasisPrj":null,"fhdBasisMethod":null,"fhdAccess":null,"fhdBarrierFtrID":null,"fhdEndExtent":null,"Shape__Area":26809.711408075,"Shape__Length":848.5288048380721,"habitatType":"lake"},"id":56},
{"type":"Feature","geometry":{"type":"Polygon","coordinates":[[[-121.322528,45.695857],[-121.326239,45.69645],[-121.331883,45.696048],[-121.329706,45.694178],[-121.322246,45.69414],[-121.322528,45.695857]]]},"properties":{"OBJECTID":17,"fhdFtrID":17,"fhdRefID":53684,"fhdRevDt":"20190219","fhdONm":"Peter Robinson","fhdOEnt":"ODFW","fhdSpNm":"YP","fhdRun":"NA","fhdLifeHst":"Resident","fhdUseTy":"ResidentMultipleUses","fhdBasis":"UndocObsFish","fhdStNm":"McClure Lake","fhdGenus":"Perca","fhdSp":"flavescens","fhdSubSp":null,"fhdOrig":"NonNative","fhdProd":"Natural","fhdComment":null,"fhdESH":"NA","fhdBasisD":null,"fhdNMF":"no","fhdBasisDt":null,"fhdBasisNm":null,"fhdBasisEnt":null,"fhdBasisPrj":null,"fhdBasisMethod":null,"fhdAccess":null,"fhdBarrierFtrID":null,"fhdEndExtent":null,"Shape__Area":447526.444337235,"Shape__Length":4336.19005930949,"habitatType":"lake"},"id":57},
{"type":"Feature","geometry":{"type":"Polygon","coordinates":[[[-118.789735,45.605936],[-118.792595,45.607593],[-118.799373,45.602975],[-118.798552,45.602267],[-118.794607,45.594597],[-118.793545,45.59164],[-118.790773,45.587213],[-118.784291,45.581188],[-118.781948,45.580112],[-118.778053,45.573824],[-118.780204,45.568833],[-118.778825,45.562765],[-118.77413,45.563812],[-118.770914,45.562412],[-118.767646,45.565927],[-118.770179,45.573849],[-118.766601,45.575044],[-118.771287,45.576494],[-118.77259,45.578497],[-118.775112,45.579447],[-118.775885,45.581405],[-118.778774,45.583595],[-118.779404,45.588],[-118.778175,45.592449],[-118.775838,45.5936],[-118.776795,45.601615],[-118.782217,45.604047],[-118.784875,45.603208],[-118.789735,45.605936]]]},"properties":{"OBJECTID":18,"fhdFtrID":18,"fhdRefID":53684,"fhdRevDt":"20190219","fhdONm":"Peter Robinson","fhdOEnt":"ODFW","fhdSpNm":"YP","fhdRun":"NA","fhdLifeHst":"Resident","fhdUseTy":"ResidentMultipleUses","fhdBasis":"UndocObsFish","fhdStNm":"McKay Reservoir","fhdGenus":"Perca","fhdSp":"flavescens","fhdSubSp":null,"fhdOrig":"NonNative","fhdProd":"Natural","fhdComment":null,"fhdESH":"NA","fhdBasisD":null,"fhdNMF":"no","fhdBasisDt":null,"fhdBasisNm":null,"fhdBasisEnt":null,"fhdBasisPrj":null,"fhdBasisMethod":null,"fhdAccess":null,"fhdBarrierFtrID":null,"fhdEndExtent":null,"Shape__Area":9700393.30579944,"Shape__Length":26763.49791374728,"habitatType":"lake"},"id":58},
{"type":"Feature","geometry":{"type":"Polygon","coordinates":[[[-119.024128,46.202282],[-119.027075,46.203138],[-119.025281,46.205688],[-119.026899,46.206659],[-119.022409,46.21137],[-119.019732,46.210047],[-119.01804,46.211483],[-119.020385,46.214018],[-119.017587,46.214785],[-119.012338,46.218107],[-119.003753,46.221854],[-118.994248,46.224789],[-118.98759,46.228622],[-118.985339,46.229341],[-118.978269,46.234427],[-118.974065,46.23589],[-118.968563,46.235539],[-118.956162,46.236544],[-118.951087,46.236276],[-118.944748,46.237599],[-118.931516,46.239871],[-118.917468,46.241048],[-118.914479,46.242043],[-118.908954,46.24187],[-118.904233,46.242902],[-118.903016,46.24412],[-118.896429,46.245966],[-118.891368,46.246901],[-118.884253,46.247612],[-118.880071,46.247483],[-118.880197,46.250481],[-118.885051,46.251064],[-118.894694,46.249798],[-118.904501,46.247668],[-118.910659,46.246985],[-118.928092,46.243623],[-118.931895,46.243442],[-118.953761,46.240942],[-118.96127,46.241821],[-118.969041,46.241287],[-118.97817,46.239869],[-118.986199,46.237349],[-118.997608,46.232799],[-119.005997,46.230011],[-119.009619,46.227704],[-119.011985,46.224551],[-119.0197,46.220676],[-119.023368,46.218133],[-119.032357,46.209535],[-119.033953,46.208455],[-119.036475,46.203558],[-119.037298,46.200442],[-119.039017,46.198348],[-119.035458,46.19433],[-119.035269,46.192694],[-119.032362,46.189711],[-119.027243,46.192465],[-119.027326,46.19262],[-119.028796,46.193955],[-119.030903,46.198641],[-119.030402,46.199059],[-119.030082,46.199157],[-119.029629,46.199359],[-119.029399,46.199503],[-119.02901,46.199685],[-119.02863,46.199737],[-119.027153,46.20023],[-119.026891,46.200407],[-119.024328,46.201774],[-119.024128,46.202282]],[[-118.994437,46.231293],[-118.989375,46.234365],[-118.987389,46.233238],[-118.99095,46.23044],[-118.994437,46.231293]],[[-118.913531,46.243467],[-118.903118,46.245036],[-118.90485,46.243504],[-118.910163,46.242606],[-118.913531,46.243467]]]},"properties":{"OBJECTID":19,"fhdFtrID":19,"fhdRefID":53684,"fhdRevDt":"20190219","fhdONm":"Peter Robinson","fhdOEnt":"ODFW","fhdSpNm":"YP","fhdRun":"NA","fhdLifeHst":"Resident","fhdUseTy":"ResidentMultipleUses","fhdBasis":"UndocObsFish","fhdStNm":"Lake Wallula","fhdGenus":"Perca","fhdSp":"flavescens","fhdSubSp":null,"fhdOrig":"NonNative","fhdProd":"Natural","fhdComment":null,"fhdESH":"NA","fhdBasisD":null,"fhdNMF":"no","fhdBasisDt":null,"fhdBasisNm":null,"fhdBasisEnt":null,"fhdBasisPrj":null,"fhdBasisMethod":null,"fhdAccess":null,"fhdBarrierFtrID":null,"fhdEndExtent":null,"Shape__Area":16630197.08352501,"Shape__Length":80679.66388100637,"habitatType":"lake"},"id":59},
{"type":"Feature","geometry":{"type":"Polygon","coordinates":[[[-123.95863,46.168447],[-123.962589,46.175343],[-123.965638,46.176296],[-123.958905,46.166034],[-123.95863,46.168447]]]},"properties":{"OBJECTID":20,"fhdFtrID":20,"fhdRefID":53684,"fhdRevDt":"20190219","fhdONm":"Peter Robinson","fhdOEnt":"ODFW","fhdSpNm":"YP","fhdRun":"NA","fhdLifeHst":"Resident","fhdUseTy":"ResidentMultipleUses","fhdBasis":"UndocObsFish","fhdStNm":"Coffenbury Lake","fhdGenus":"Perca","fhdSp":"flavescens","fhdSubSp":null,"fhdOrig":"NonNative","fhdProd":"Natural","fhdComment":null,"fhdESH":"NA","fhdBasisD":null,"fhdNMF":"no","fhdBasisDt":null,"fhdBasisNm":null,"fhdBasisEnt":null,"fhdBasisPrj":null,"fhdBasisMethod":null,"fhdAccess":null,"fhdBarrierFtrID":null,"fhdEndExtent":null,"Shape__Area":431530.224363005,"Shape__Length":5609.185302445733,"habitatType":"lake"},"id":60},
{"type":"Feature","geometry":{"type":"Polygon","coordinates":[[[-123.937885,46.14915],[-123.937759,46.150061],[-123.940056,46.153177],[-123.940806,46.152463],[-123.937885,46.14915]]]},"properties":{"OBJECTID":21,"fhdFtrID":21,"fhdRefID":53684,"fhdRevDt":"20190219","fhdONm":"Peter Robinson","fhdOEnt":"ODFW","fhdSpNm":"YP","fhdRun":"NA","fhdLifeHst":"Resident","fhdUseTy":"ResidentMultipleUses","fhdBasis":"UndocObsFish","fhdStNm":"Cemetery Lake","fhdGenus":"Perca","fhdSp":"flavescens","fhdSubSp":null,"fhdOrig":"NonNative","fhdProd":"Natural","fhdComment":null,"fhdESH":"NA","fhdBasisD":null,"fhdNMF":"no","fhdBasisDt":null,"fhdBasisNm":null,"fhdBasisEnt":null,"fhdBasisPrj":null,"fhdBasisMethod":null,"fhdAccess":null,"fhdBarrierFtrID":null,"fhdEndExtent":null,"Shape__Area":83390.48976121,"Shape__Length":1552.0270834589605,"habitatType":"lake"},"id":61},
{"type":"Feature","geometry":{"type":"Polygon","coordinates":[[[-123.907164,46.091655],[-123.907035,46.083086],[-123.90323,46.076814],[-123.900084,46.078514],[-123.896757,46.079166],[-123.900571,46.081509],[-123.900349,46.083364],[-123.901798,46.086261],[-123.904715,46.087507],[-123.904524,46.089932],[-123.907164,46.091655]]]},"properties":{"OBJECTID":22,"fhdFtrID":22,"fhdRefID":53684,"fhdRevDt":"20190219","fhdONm":"Peter Robinson","fhdOEnt":"ODFW","fhdSpNm":"YP","fhdRun":"NA","fhdLifeHst":"Resident","fhdUseTy":"ResidentMultipleUses","fhdBasis":"UndocObsFish","fhdStNm":"Cullaby Lake","fhdGenus":"Perca","fhdSp":"flavescens","fhdSubSp":null,"fhdOrig":"NonNative","fhdProd":"Natural","fhdComment":null,"fhdESH":"NA","fhdBasisD":null,"fhdNMF":"no","fhdBasisDt":null,"fhdBasisNm":null,"fhdBasisEnt":null,"fhdBasisPrj":null,"fhdBasisMethod":null,"fhdAccess":null,"fhdBarrierFtrID":null,"fhdEndExtent":null,"Shape__Area":1636555.44524015,"Shape__Length":14281.805200586636,"habitatType":"lake"},"id":62},
{"type":"Feature","geometry":{"type":"Polygon","coordinates":[[[-122.227257,45.543582],[-122.230271,45.543642],[-122.238586,45.542278],[-122.241585,45.543078],[-122.24519,45.541342],[-122.236329,45.541642],[-122.227257,45.543582]]]},"properties":{"OBJECTID":23,"fhdFtrID":23,"fhdRefID":53684,"fhdRevDt":"20190219","fhdONm":"Peter Robinson","fhdOEnt":"ODFW","fhdSpNm":"YP","fhdRun":"NA","fhdLifeHst":"Resident","fhdUseTy":"ResidentMultipleUses","fhdBasis":"UndocObsFish","fhdStNm":"Mirror Pond","fhdGenus":"Perca","fhdSp":"flavescens","fhdSubSp":null,"fhdOrig":"NonNative","fhdProd":"Natural","fhdComment":null,"fhdESH":"NA","fhdBasisD":null,"fhdNMF":"no","fhdBasisDt":null,"fhdBasisNm":null,"fhdBasisEnt":null,"fhdBasisPrj":null,"fhdBasisMethod":null,"fhdAccess":null,"fhdBarrierFtrID":null,"fhdEndExtent":null,"Shape__Area":285601.220385745,"Shape__Length":6442.146456840715,"habitatType":"lake"},"id":63},
{"type":"Feature","geometry":{"type":"Polygon","coordinates":[[[-123.949753,46.162019],[-123.950013,46.163215],[-123.951593,46.165508],[-123.952265,46.166951],[-123.953679,46.169074],[-123.954595,46.169359],[-123.952691,46.166424],[-123.95153,46.164104],[-123.950614,46.163457],[-123.949753,46.162019]]]},"properties":{"OBJECTID":24,"fhdFtrID":24,"fhdRefID":53684,"fhdRevDt":"20190219","fhdONm":"Peter Robinson","fhdOEnt":"ODFW","fhdSpNm":"YP","fhdRun":"NA","fhdLifeHst":"Resident","fhdUseTy":"ResidentMultipleUses","fhdBasis":"UndocObsFish","fhdStNm":"Crabapple Lake","fhdGenus":"Perca","fhdSp":"flavescens","fhdSubSp":null,"fhdOrig":"NonNative","fhdProd":"Natural","fhdComment":null,"fhdESH":"NA","fhdBasisD":null,"fhdNMF":"no","fhdBasisDt":null,"fhdBasisNm":null,"fhdBasisEnt":null,"fhdBasisPrj":null,"fhdBasisMethod":null,"fhdAccess":null,"fhdBarrierFtrID":null,"fhdEndExtent":null,"Shape__Area":84855.79064739,"Shape__Length":2712.8208387249315,"habitatType":"lake"},"id":64},
{"type":"Feature","geometry":{"type":"Polygon","coordinates":[[[-122.89005,46.036649],[-122.891342,46.036518],[-122.890801,46.033149],[-122.88831,46.035551],[-122.89005,46.036649]]]},"properties":{"OBJECTID":25,"fhdFtrID":25,"fhdRefID":53684,"fhdRevDt":"20190219","fhdONm":"Peter Robinson","fhdOEnt":"ODFW","fhdSpNm":"YP","fhdRun":"NA","fhdLifeHst":"Resident","fhdUseTy":"ResidentMultipleUses","fhdBasis":"UndocObsFish","fhdStNm":"Recreation Lake ","fhdGenus":"Perca","fhdSp":"flavescens","fhdSubSp":null,"fhdOrig":"NonNative","fhdProd":"Natural","fhdComment":null,"fhdESH":"NA","fhdBasisD":null,"fhdNMF":"no","fhdBasisDt":null,"fhdBasisNm":null,"fhdBasisEnt":null,"fhdBasisPrj":null,"fhdBasisMethod":null,"fhdAccess":null,"fhdBarrierFtrID":null,"fhdEndExtent":null,"Shape__Area":223027.362977965,"Shape__Length":4760.134842351155,"habitatType":"lake"},"id":65},
{"type":"Feature","geometry":{"type":"Polygon","coordinates":[[[-123.937215,46.147943],[-123.938028,46.146599],[-123.934421,46.138518],[-123.933182,46.140213],[-123.937215,46.147943]]]},"properties":{"OBJECTID":26,"fhdFtrID":26,"fhdRefID":53585,"fhdRevDt":"20190430","fhdONm":"Wayne Wood","fhdOEnt":"OSU","fhdSpNm":"YP","fhdRun":"NA","fhdLifeHst":"Resident","fhdUseTy":"ResidentMultipleUses","fhdBasis":"DocObsFish","fhdStNm":"Smith Lake","fhdGenus":"Perca","fhdSp":"flavescens","fhdSubSp":null,"fhdOrig":"NonNative","fhdProd":"Natural","fhdComment":null,"fhdESH":"NA","fhdBasisD":null,"fhdNMF":"no","fhdBasisDt":null,"fhdBasisNm":null,"fhdBasisEnt":"OSU Ichthyology Collection","fhdBasisPrj":null,"fhdBasisMethod":null,"fhdAccess":null,"fhdBarrierFtrID":null,"fhdEndExtent":null,"Shape__Area":371773.45582826,"Shape__Length":5336.1357325247845,"habitatType":"lake"},"id":66},
{"type":"Feature","geometry":{"type":"Polygon","coordinates":[[[-122.79849,45.75367],[-122.797129,45.755631],[-122.798472,45.757115],[-122.801722,45.756567],[-122.804964,45.754388],[-122.803983,45.751533],[-122.804866,45.748689],[-122.809284,45.744182],[-122.803924,45.743469],[-122.80307,45.74157],[-122.804802,45.739815],[-122.803894,45.734893],[-122.801528,45.731897],[-122.801881,45.729153],[-122.795787,45.726832],[-122.796257,45.724769],[-122.802109,45.72669],[-122.804404,45.728534],[-122.80655,45.73858],[-122.805922,45.74055],[-122.812066,45.741269],[-122.816454,45.740237],[-122.817559,45.742394],[-122.821462,45.742311],[-122.829243,45.74079],[-122.831766,45.740988],[-122.833881,45.738875],[-122.830832,45.736949],[-122.830244,45.73363],[-122.831778,45.730014],[-122.829231,45.727617],[-122.82978,45.724783],[-122.831674,45.724193],[-122.830459,45.720247],[-122.830529,45.7178],[-122.827223,45.714673],[-122.823518,45.714224],[-122.825039,45.721752],[-122.824514,45.725082],[-122.821773,45.729368],[-122.821359,45.732429],[-122.816571,45.732331],[-122.815153,45.72471],[-122.815874,45.723651],[-122.815607,45.719536],[-122.81361,45.713324],[-122.811448,45.708364],[-122.810094,45.700973],[-122.815912,45.697539],[-122.814158,45.695135],[-122.808051,45.69401],[-122.803923,45.698498],[-122.803218,45.700809],[-122.793484,45.703413],[-122.792874,45.70135],[-122.795013,45.698695],[-122.799577,45.70027],[-122.802577,45.69829],[-122.807526,45.691926],[-122.800322,45.695958],[-122.794465,45.698185],[-122.793008,45.700039],[-122.788959,45.701591],[-122.787368,45.703291],[-122.786857,45.707247],[-122.790569,45.708828],[-122.791304,45.710782],[-122.795228,45.711008],[-122.796582,45.712687],[-122.792454,45.714749],[-122.792853,45.715753],[-122.791856,45.722529],[-122.78634,45.723851],[-122.783433,45.726335],[-122.784873,45.727993],[-122.784605,45.730637],[-122.785355,45.73551],[-122.787673,45.738385],[-122.786722,45.743351],[-122.788923,45.747922],[-122.791031,45.748383],[-122.79121,45.752732],[-122.794729,45.753051],[-122.799143,45.750544],[-122.79849,45.75367]],[[-122.794993,45.710481],[-122.791368,45.708949],[-122.793851,45.707578],[-122.794993,45.710481]]]},"properties":{"OBJECTID":27,"fhdFtrID":27,"fhdRefID":53684,"fhdRevDt":"20190219","fhdONm":"Peter Robinson","fhdOEnt":"ODFW","fhdSpNm":"YP","fhdRun":"NA","fhdLifeHst":"Resident","fhdUseTy":"ResidentMultipleUses","fhdBasis":"UndocObsFish","fhdStNm":"Sturgeon Lake","fhdGenus":"Perca","fhdSp":"flavescens","fhdSubSp":null,"fhdOrig":"NonNative","fhdProd":"Natural","fhdComment":null,"fhdESH":"NA","fhdBasisD":null,"fhdNMF":"no","fhdBasisDt":null,"fhdBasisNm":null,"fhdBasisEnt":null,"fhdBasisPrj":null,"fhdBasisMethod":null,"fhdAccess":null,"fhdBarrierFtrID":null,"fhdEndExtent":null,"Shape__Area":26283117.452131316,"Shape__Length":89255.07772463848,"habitatType":"lake"},"id":67},
{"type":"Feature","geometry":{"type":"Polygon","coordinates":[[[-122.750828,45.624173],[-122.752188,45.627241],[-122.754878,45.627922],[-122.753983,45.623439],[-122.757323,45.622261],[-122.750675,45.620678],[-122.74792,45.617535],[-122.737082,45.617002],[-122.735096,45.616007],[-122.730312,45.617669],[-122.730993,45.619298],[-122.733919,45.621624],[-122.736843,45.620728],[-122.740691,45.621802],[-122.743513,45.62078],[-122.748127,45.621162],[-122.750828,45.624173]]]},"properties":{"OBJECTID":28,"fhdFtrID":28,"fhdRefID":53684,"fhdRevDt":"20190219","fhdONm":"Peter Robinson","fhdOEnt":"ODFW","fhdSpNm":"YP","fhdRun":"NA","fhdLifeHst":"Resident","fhdUseTy":"ResidentMultipleUses","fhdBasis":"UndocObsFish","fhdStNm":"Bybee Lake","fhdGenus":"Perca","fhdSp":"flavescens","fhdSubSp":null,"fhdOrig":"NonNative","fhdProd":"Natural","fhdComment":null,"fhdESH":"NA","fhdBasisD":null,"fhdNMF":"no","fhdBasisDt":null,"fhdBasisNm":null,"fhdBasisEnt":null,"fhdBasisPrj":null,"fhdBasisMethod":null,"fhdAccess":null,"fhdBarrierFtrID":null,"fhdEndExtent":null,"Shape__Area":1916145.08317101,"Shape__Length":17285.852429924096,"habitatType":"lake"},"id":68},
{"type":"Feature","geometry":{"type":"Polygon","coordinates":[[[-122.816396,45.814659],[-122.818899,45.811767],[-122.815839,45.805369],[-122.81245,45.804332],[-122.80979,45.805688],[-122.806699,45.804502],[-122.804267,45.806785],[-122.808284,45.807613],[-122.810938,45.809179],[-122.811657,45.811603],[-122.816396,45.814659]]]},"properties":{"OBJECTID":29,"fhdFtrID":29,"fhdRefID":53684,"fhdRevDt":"20190219","fhdONm":"Peter Robinson","fhdOEnt":"ODFW","fhdSpNm":"YP","fhdRun":"NA","fhdLifeHst":"Resident","fhdUseTy":"ResidentMultipleUses","fhdBasis":"UndocObsFish","fhdStNm":"Cunningham Lake","fhdGenus":"Perca","fhdSp":"flavescens","fhdSubSp":null,"fhdOrig":"NonNative","fhdProd":"Natural","fhdComment":null,"fhdESH":"NA","fhdBasisD":null,"fhdNMF":"no","fhdBasisDt":null,"fhdBasisNm":null,"fhdBasisEnt":null,"fhdBasisPrj":null,"fhdBasisMethod":null,"fhdAccess":null,"fhdBarrierFtrID":null,"fhdEndExtent":null,"Shape__Area":1306224.60492618,"Shape__Length":12327.574047686607,"habitatType":"lake"},"id":69},
{"type":"Feature","geometry":{"type":"Polygon","coordinates":[[[-123.234687,45.497914],[-123.237426,45.49776],[-123.231738,45.492916],[-123.230564,45.490524],[-123.228512,45.489947],[-123.226771,45.487795],[-123.231191,45.485819],[-123.233595,45.4832],[-123.228024,45.48399],[-123.22373,45.482207],[-123.223932,45.47934],[-123.221348,45.476617],[-123.219155,45.475645],[-123.218023,45.471552],[-123.214225,45.471635],[-123.210213,45.470099],[-123.207205,45.471257],[-123.202465,45.470451],[-123.199548,45.474943],[-123.203188,45.476669],[-123.210512,45.481571],[-123.21227,45.483543],[-123.211166,45.488527],[-123.215452,45.486395],[-123.216695,45.489367],[-123.219264,45.492702],[-123.220877,45.493419],[-123.222252,45.497129],[-123.227297,45.495841],[-123.229895,45.497159],[-123.234687,45.497914]]]},"properties":{"OBJECTID":30,"fhdFtrID":30,"fhdRefID":53684,"fhdRevDt":"20190219","fhdONm":"Peter Robinson","fhdOEnt":"ODFW","fhdSpNm":"YP","fhdRun":"NA","fhdLifeHst":"Resident","fhdUseTy":"ResidentMultipleUses","fhdBasis":"UndocObsFish","fhdStNm":"Henry Hagg Lake","fhdGenus":"Perca","fhdSp":"flavescens","fhdSubSp":null,"fhdOrig":"NonNative","fhdProd":"Natural","fhdComment":null,"fhdESH":"NA","fhdBasisD":null,"fhdNMF":"no","fhdBasisDt":null,"fhdBasisNm":null,"fhdBasisEnt":null,"fhdBasisPrj":null,"fhdBasisMethod":null,"fhdAccess":null,"fhdBarrierFtrID":null,"fhdEndExtent":null,"Shape__Area":7338566.494593225,"Shape__Length":24360.73132895802,"habitatType":"lake"},"id":70},
{"type":"Feature","geometry":{"type":"Polygon","coordinates":[[[-123.474743,45.080016],[-123.474804,45.081126],[-123.478309,45.079692],[-123.476249,45.078961],[-123.474743,45.080016]]]},"properties":{"OBJECTID":31,"fhdFtrID":31,"fhdRefID":53684,"fhdRevDt":"20190219","fhdONm":"Peter Robinson","fhdOEnt":"ODFW","fhdSpNm":"YP","fhdRun":"NA","fhdLifeHst":"Resident","fhdUseTy":"ResidentMultipleUses","fhdBasis":"UndocObsFish","fhdStNm":"Pacific Plywood Log Pond","fhdGenus":"Perca","fhdSp":"flavescens","fhdSubSp":null,"fhdOrig":"NonNative","fhdProd":"Natural","fhdComment":null,"fhdESH":"NA","fhdBasisD":null,"fhdNMF":"no","fhdBasisDt":null,"fhdBasisNm":null,"fhdBasisEnt":null,"fhdBasisPrj":null,"fhdBasisMethod":null,"fhdAccess":null,"fhdBarrierFtrID":null,"fhdEndExtent":null,"Shape__Area":80461.67964366,"Shape__Length":1345.7960461687799,"habitatType":"lake"},"id":71},
{"type":"Feature","geometry":{"type":"Polygon","coordinates":[[[-122.682097,45.600551],[-122.682263,45.600413],[-122.682101,45.600259],[-122.682199,45.60011],[-122.682081,45.599782],[-122.681996,45.600218],[-122.682177,45.600458],[-122.682097,45.600551]]]},"properties":{"OBJECTID":32,"fhdFtrID":32,"fhdRefID":53684,"fhdRevDt":"20190219","fhdONm":"Peter Robinson","fhdOEnt":"ODFW","fhdSpNm":"YP","fhdRun":"NA","fhdLifeHst":"Resident","fhdUseTy":"ResidentMultipleUses","fhdBasis":"UndocObsFish","fhdStNm":"Delta Park Ponds ","fhdGenus":"Perca","fhdSp":"flavescens","fhdSubSp":null,"fhdOrig":"NonNative","fhdProd":"Natural","fhdComment":null,"fhdESH":"NA","fhdBasisD":null,"fhdNMF":"no","fhdBasisDt":null,"fhdBasisNm":null,"fhdBasisEnt":null,"fhdBasisPrj":null,"fhdBasisMethod":null,"fhdAccess":null,"fhdBarrierFtrID":null,"fhdEndExtent":null,"Shape__Area":2732.761363335,"Shape__Length":496.0500049420633,"habitatType":"lake"},"id":72},
{"type":"Feature","geometry":{"type":"Polygon","coordinates":[[[-124.148575,43.78743],[-124.149817,43.786911],[-124.146929,43.785141],[-124.146251,43.785592],[-124.148575,43.78743]]]},"properties":{"OBJECTID":33,"fhdFtrID":33,"fhdRefID":53684,"fhdRevDt":"20190219","fhdONm":"Peter Robinson","fhdOEnt":"ODFW","fhdSpNm":"YP","fhdRun":"NA","fhdLifeHst":"Resident","fhdUseTy":"ResidentMultipleUses","fhdBasis":"UndocObsFish","fhdStNm":"Elbow Lake","fhdGenus":"Perca","fhdSp":"flavescens","fhdSubSp":null,"fhdOrig":"NonNative","fhdProd":"Natural","fhdComment":null,"fhdESH":"NA","fhdBasisD":null,"fhdNMF":"no","fhdBasisDt":null,"fhdBasisNm":null,"fhdBasisEnt":null,"fhdBasisPrj":null,"fhdBasisMethod":null,"fhdAccess":null,"fhdBarrierFtrID":null,"fhdEndExtent":null,"Shape__Area":139728.889529005,"Shape__Length":2624.7958168290006,"habitatType":"lake"},"id":73},
{"type":"Feature","geometry":{"type":"Polygon","coordinates":[[[-122.76644,42.414813],[-122.768853,42.415726],[-122.775174,42.414488],[-122.774999,42.410376],[-122.770299,42.403418],[-122.76732,42.403887],[-122.767786,42.406415],[-122.764344,42.408768],[-122.764485,42.412081],[-122.76644,42.414813]]]},"properties":{"OBJECTID":34,"fhdFtrID":34,"fhdRefID":53684,"fhdRevDt":"20190219","fhdONm":"Peter Robinson","fhdOEnt":"ODFW","fhdSpNm":"YP","fhdRun":"NA","fhdLifeHst":"Resident","fhdUseTy":"ResidentMultipleUses","fhdBasis":"UndocObsFish","fhdStNm":"Agate Reservoir","fhdGenus":"Perca","fhdSp":"flavescens","fhdSubSp":null,"fhdOrig":"NonNative","fhdProd":"Natural","fhdComment":null,"fhdESH":"NA","fhdBasisD":null,"fhdNMF":"no","fhdBasisDt":null,"fhdBasisNm":null,"fhdBasisEnt":null,"fhdBasisPrj":null,"fhdBasisMethod":null,"fhdAccess":null,"fhdBarrierFtrID":null,"fhdEndExtent":null,"Shape__Area":1518822.048751095,"Shape__Length":7153.578969228619,"habitatType":"lake"},"id":74},
{"type":"Feature","geometry":{"type":"Polygon","coordinates":[[[-123.590101,43.05095],[-123.59115,43.051746],[-123.595386,43.050756],[-123.593963,43.049055],[-123.589742,43.050171],[-123.587398,43.048107],[-123.585953,43.048091],[-123.582831,43.045457],[-123.580436,43.044908],[-123.569958,43.045519],[-123.565842,43.046243],[-123.562706,43.045766],[-123.559562,43.046617],[-123.559517,43.043499],[-123.556254,43.040057],[-123.554211,43.041259],[-123.556098,43.046842],[-123.558814,43.049438],[-123.563447,43.048203],[-123.566022,43.049641],[-123.57171,43.047352],[-123.575317,43.047505],[-123.580564,43.04622],[-123.584359,43.0483],[-123.587413,43.048777],[-123.590101,43.05095]]]},"properties":{"OBJECTID":35,"fhdFtrID":35,"fhdRefID":53684,"fhdRevDt":"20190219","fhdONm":"Peter Robinson","fhdOEnt":"ODFW","fhdSpNm":"YP","fhdRun":"NA","fhdLifeHst":"Resident","fhdUseTy":"ResidentMultipleUses","fhdBasis":"UndocObsFish","fhdStNm":"Berry Creek Reservoir","fhdGenus":"Perca","fhdSp":"flavescens","fhdSubSp":null,"fhdOrig":"NonNative","fhdProd":"Natural","fhdComment":null,"fhdESH":"NA","fhdBasisD":null,"fhdNMF":"no","fhdBasisDt":null,"fhdBasisNm":null,"fhdBasisEnt":null,"fhdBasisPrj":null,"fhdBasisMethod":null,"fhdAccess":null,"fhdBarrierFtrID":null,"fhdEndExtent":null,"Shape__Area":1686187.53484692,"Shape__Length":14846.048560311088,"habitatType":"lake"},"id":75},
{"type":"Feature","geometry":{"type":"Polygon","coordinates":[[[-124.076487,44.028412],[-124.080106,44.027685],[-124.080392,44.025593],[-124.084398,44.022854],[-124.084787,44.020276],[-124.081834,44.016369],[-124.080465,44.018606],[-124.07518,44.023707],[-124.076487,44.028412]]]},"properties":{"OBJECTID":36,"fhdFtrID":36,"fhdRefID":53684,"fhdRevDt":"20190219","fhdONm":"Peter Robinson","fhdOEnt":"ODFW","fhdSpNm":"YP","fhdRun":"NA","fhdLifeHst":"Resident","fhdUseTy":"ResidentMultipleUses","fhdBasis":"UndocObsFish","fhdStNm":"Clear Lake","fhdGenus":"Perca","fhdSp":"flavescens","fhdSubSp":null,"fhdOrig":"NonNative","fhdProd":"Natural","fhdComment":null,"fhdESH":"NA","fhdBasisD":null,"fhdNMF":"no","fhdBasisDt":null,"fhdBasisNm":null,"fhdBasisEnt":null,"fhdBasisPrj":null,"fhdBasisMethod":null,"fhdAccess":null,"fhdBarrierFtrID":null,"fhdEndExtent":null,"Shape__Area":1196766.66093377,"Shape__Length":5640.07901618491,"habitatType":"lake"},"id":76},
{"type":"Feature","geometry":{"type":"Polygon","coordinates":[[[-124.114397,43.94729],[-124.115822,43.945633],[-124.117618,43.940623],[-124.11932,43.939219],[-124.119386,43.935156],[-124.117648,43.932839],[-124.11554,43.932284],[-124.117252,43.92976],[-124.113628,43.929565],[-124.114296,43.932564],[-124.117676,43.933053],[-124.119128,43.937132],[-124.117814,43.938476],[-124.115448,43.943197],[-124.114397,43.94729]]]},"properties":{"OBJECTID":37,"fhdFtrID":37,"fhdRefID":53684,"fhdRevDt":"20190219","fhdONm":"Peter Robinson","fhdOEnt":"ODFW","fhdSpNm":"YP","fhdRun":"NA","fhdLifeHst":"Resident","fhdUseTy":"ResidentMultipleUses","fhdBasis":"UndocObsFish","fhdStNm":"Cleawox Lake","fhdGenus":"Perca","fhdSp":"flavescens","fhdSubSp":null,"fhdOrig":"NonNative","fhdProd":"Natural","fhdComment":null,"fhdESH":"NA","fhdBasisD":null,"fhdNMF":"no","fhdBasisDt":null,"fhdBasisNm":null,"fhdBasisEnt":null,"fhdBasisPrj":null,"fhdBasisMethod":null,"fhdAccess":null,"fhdBarrierFtrID":null,"fhdEndExtent":null,"Shape__Area":562698.6291255,"Shape__Length":12528.545829735653,"habitatType":"lake"},"id":77},
{"type":"Feature","geometry":{"type":"Polygon","coordinates":[[[-124.234688,43.508605],[-124.236289,43.505229],[-124.234177,43.500524],[-124.231921,43.507608],[-124.234688,43.508605]]]},"properties":{"OBJECTID":38,"fhdFtrID":38,"fhdRefID":53684,"fhdRevDt":"20190219","fhdONm":"Peter Robinson","fhdOEnt":"ODFW","fhdSpNm":"YP","fhdRun":"NA","fhdLifeHst":"Resident","fhdUseTy":"ResidentMultipleUses","fhdBasis":"UndocObsFish","fhdStNm":"Beale Lake","fhdGenus":"Perca","fhdSp":"flavescens","fhdSubSp":null,"fhdOrig":"NonNative","fhdProd":"Natural","fhdComment":null,"fhdESH":"NA","fhdBasisD":null,"fhdNMF":"no","fhdBasisDt":null,"fhdBasisNm":null,"fhdBasisEnt":null,"fhdBasisPrj":null,"fhdBasisMethod":null,"fhdAccess":null,"fhdBarrierFtrID":null,"fhdEndExtent":null,"Shape__Area":415636.43761064,"Shape__Length":4238.854969140803,"habitatType":"lake"},"id":78},
{"type":"Feature","geometry":{"type":"Polygon","coordinates":[[[-124.116211,43.543954],[-124.11551,43.545554],[-124.11847,43.548393],[-124.120614,43.54866],[-124.122291,43.55112],[-124.128526,43.550951],[-124.127354,43.553141],[-124.124725,43.554635],[-124.123634,43.557797],[-124.119952,43.559332],[-124.116544,43.562792],[-124.113994,43.563118],[-124.110014,43.561455],[-124.108212,43.563346],[-124.113014,43.564735],[-124.119149,43.56368],[-124.119985,43.561543],[-124.124164,43.559462],[-124.127543,43.555967],[-124.129662,43.556738],[-124.131772,43.559032],[-124.135281,43.559906],[-124.135952,43.563339],[-124.135108,43.565238],[-124.131208,43.565943],[-124.132587,43.568145],[-124.136149,43.567893],[-124.140879,43.568531],[-124.144777,43.567717],[-124.149186,43.571689],[-124.151691,43.573141],[-124.155801,43.574342],[-124.162077,43.571622],[-124.166187,43.571508],[-124.166619,43.571477],[-124.169103,43.571181],[-124.1747,43.572447],[-124.175709,43.571465],[-124.172587,43.568201],[-124.16947,43.567134],[-124.167404,43.568479],[-124.162529,43.567403],[-124.161123,43.563195],[-124.163006,43.561302],[-124.16936,43.55887],[-124.170357,43.557914],[-124.17503,43.557533],[-124.174543,43.556709],[-124.17146,43.556075],[-124.166899,43.558372],[-124.161966,43.560043],[-124.159412,43.557908],[-124.16004,43.553886],[-124.155826,43.557503],[-124.159164,43.561783],[-124.157667,43.563779],[-124.158333,43.567554],[-124.160484,43.56927],[-124.153725,43.570059],[-124.151149,43.569382],[-124.151218,43.567175],[-124.153404,43.566874],[-124.152487,43.560968],[-124.147913,43.560717],[-124.143902,43.562053],[-124.141589,43.564183],[-124.140093,43.559714],[-124.142016,43.556589],[-124.141646,43.55471],[-124.137293,43.552377],[-124.136251,43.554197],[-124.133737,43.554852],[-124.131248,43.548186],[-124.129793,43.547823],[-124.123278,43.548756],[-124.117728,43.544389],[-124.116407,43.543781],[-124.115961,43.543942],[-124.116211,43.543954]]]},"properties":{"OBJECTID":39,"fhdFtrID":39,"fhdRefID":53684,"fhdRevDt":"20190219","fhdONm":"Peter Robinson","fhdOEnt":"ODFW","fhdSpNm":"YP","fhdRun":"NA","fhdLifeHst":"Resident","fhdUseTy":"ResidentMultipleUses","fhdBasis":"UndocObsFish","fhdStNm":"Tenmile Lake","fhdGenus":"Perca","fhdSp":"flavescens","fhdSubSp":null,"fhdOrig":"NonNative","fhdProd":"Natural","fhdComment":null,"fhdESH":"NA","fhdBasisD":null,"fhdNMF":"no","fhdBasisDt":null,"fhdBasisNm":null,"fhdBasisEnt":null,"fhdBasisPrj":null,"fhdBasisMethod":null,"fhdAccess":null,"fhdBarrierFtrID":null,"fhdEndExtent":null,"Shape__Area":8780119.180753754,"Shape__Length":52451.37876660104,"habitatType":"lake"},"id":79},
{"type":"Feature","geometry":{"type":"Polygon","coordinates":[[[-124.217577,43.536261],[-124.220575,43.534527],[-124.219714,43.531709],[-124.22061,43.528728],[-124.217764,43.528902],[-124.216579,43.530507],[-124.219065,43.534552],[-124.217577,43.536261]]]},"properties":{"OBJECTID":40,"fhdFtrID":40,"fhdRefID":53684,"fhdRevDt":"20190219","fhdONm":"Peter Robinson","fhdOEnt":"ODFW","fhdSpNm":"YP","fhdRun":"NA","fhdLifeHst":"Resident","fhdUseTy":"ResidentMultipleUses","fhdBasis":"UndocObsFish","fhdStNm":"Saunders Lake","fhdGenus":"Perca","fhdSp":"flavescens","fhdSubSp":null,"fhdOrig":"NonNative","fhdProd":"Natural","fhdComment":null,"fhdESH":"NA","fhdBasisD":null,"fhdNMF":"no","fhdBasisDt":null,"fhdBasisNm":null,"fhdBasisEnt":null,"fhdBasisPrj":null,"fhdBasisMethod":null,"fhdAccess":null,"fhdBarrierFtrID":null,"fhdEndExtent":null,"Shape__Area":432543.91275857,"Shape__Length":10058.345048884401,"habitatType":"lake"},"id":80},
{"type":"Feature","geometry":{"type":"Polygon","coordinates":[[[-124.410203,42.426415],[-124.409824,42.427436],[-124.402007,42.429516],[-124.40543,42.433086],[-124.407729,42.431404],[-124.413717,42.428907],[-124.421162,42.428361],[-124.423853,42.427644],[-124.433134,42.420359],[-124.43127,42.418145],[-124.425313,42.422431],[-124.424109,42.42012],[-124.420197,42.420706],[-124.413323,42.424651],[-124.41047,42.424675],[-124.410203,42.426415]]]},"properties":{"OBJECTID":41,"fhdFtrID":41,"fhdRefID":53684,"fhdRevDt":"20190219","fhdONm":"Peter Robinson","fhdOEnt":"ODFW","fhdSpNm":"YP","fhdRun":"NA","fhdLifeHst":"Resident","fhdUseTy":"ResidentMultipleUses","fhdBasis":"UndocObsFish","fhdStNm":"Rogue River Bay","fhdGenus":"Perca","fhdSp":"flavescens","fhdSubSp":null,"fhdOrig":"NonNative","fhdProd":"Natural","fhdComment":null,"fhdESH":"NA","fhdBasisD":null,"fhdNMF":"no","fhdBasisDt":null,"fhdBasisNm":null,"fhdBasisEnt":null,"fhdBasisPrj":null,"fhdBasisMethod":null,"fhdAccess":null,"fhdBarrierFtrID":null,"fhdEndExtent":null,"Shape__Area":2321745.76257185,"Shape__Length":15668.681243729914,"habitatType":"lake"},"id":81},
{"type":"Feature","geometry":{"type":"Polygon","coordinates":[[[-124.259627,43.397767],[-124.262862,43.397155],[-124.262316,43.394667],[-124.258268,43.396548],[-124.259627,43.397767]]]},"properties":{"OBJECTID":42,"fhdFtrID":42,"fhdRefID":53684,"fhdRevDt":"20190219","fhdONm":"Peter Robinson","fhdOEnt":"ODFW","fhdSpNm":"YP","fhdRun":"NA","fhdLifeHst":"Resident","fhdUseTy":"ResidentMultipleUses","fhdBasis":"UndocObsFish","fhdStNm":"Lower Empire Lake","fhdGenus":"Perca","fhdSp":"flavescens","fhdSubSp":null,"fhdOrig":"NonNative","fhdProd":"Natural","fhdComment":null,"fhdESH":"NA","fhdBasisD":null,"fhdNMF":"no","fhdBasisDt":null,"fhdBasisNm":null,"fhdBasisEnt":null,"fhdBasisPrj":null,"fhdBasisMethod":null,"fhdAccess":null,"fhdBarrierFtrID":null,"fhdEndExtent":null,"Shape__Area":169598.490982075,"Shape__Length":3609.300809429159,"habitatType":"lake"},"id":82},
{"type":"Feature","geometry":{"type":"Polygon","coordinates":[[[-122.44365,42.479592],[-122.443841,42.480025],[-122.453856,42.47847],[-122.457304,42.470796],[-122.455791,42.468555],[-122.452521,42.472412],[-122.450033,42.470446],[-122.44935,42.467876],[-122.446921,42.46872],[-122.446953,42.472079],[-122.441759,42.466542],[-122.440607,42.468905],[-122.441673,42.472117],[-122.440316,42.472822],[-122.44365,42.479592]]]},"properties":{"OBJECTID":43,"fhdFtrID":43,"fhdRefID":53684,"fhdRevDt":"20190219","fhdONm":"Peter Robinson","fhdOEnt":"ODFW","fhdSpNm":"YP","fhdRun":"NA","fhdLifeHst":"Resident","fhdUseTy":"ResidentMultipleUses","fhdBasis":"UndocObsFish","fhdStNm":"Willow Lake","fhdGenus":"Perca","fhdSp":"flavescens","fhdSubSp":null,"fhdOrig":"NonNative","fhdProd":"Natural","fhdComment":null,"fhdESH":"NA","fhdBasisD":null,"fhdNMF":"no","fhdBasisDt":null,"fhdBasisNm":null,"fhdBasisEnt":null,"fhdBasisPrj":null,"fhdBasisMethod":null,"fhdAccess":null,"fhdBarrierFtrID":null,"fhdEndExtent":null,"Shape__Area":2321100.7733018,"Shape__Length":9904.143149544061,"habitatType":"lake"},"id":83},
{"type":"Feature","geometry":{"type":"Polygon","coordinates":[[[-123.955623,45.225554],[-123.957859,45.224972],[-123.957005,45.223408],[-123.955188,45.225049],[-123.955623,45.225554]]]},"properties":{"OBJECTID":44,"fhdFtrID":44,"fhdRefID":53684,"fhdRevDt":"20190219","fhdONm":"Peter Robinson","fhdOEnt":"ODFW","fhdSpNm":"YP","fhdRun":"NA","fhdLifeHst":"Resident","fhdUseTy":"ResidentMultipleUses","fhdBasis":"UndocObsFish","fhdStNm":"Town Lake","fhdGenus":"Perca","fhdSp":"flavescens","fhdSubSp":null,"fhdOrig":"NonNative","fhdProd":"Natural","fhdComment":null,"fhdESH":"NA","fhdBasisD":null,"fhdNMF":"no","fhdBasisDt":null,"fhdBasisNm":null,"fhdBasisEnt":null,"fhdBasisPrj":null,"fhdBasisMethod":null,"fhdAccess":null,"fhdBarrierFtrID":null,"fhdEndExtent":null,"Shape__Area":80478.43321432,"Shape__Length":1745.1459408897388,"habitatType":"lake"},"id":84},
{"type":"Feature","geometry":{"type":"Polygon","coordinates":[[[-124.077293,44.039137],[-124.079137,44.038255],[-124.07969,44.032289],[-124.076221,44.032295],[-124.077293,44.039137]]]},"properties":{"OBJECTID":45,"fhdFtrID":45,"fhdRefID":53684,"fhdRevDt":"20190219","fhdONm":"Peter Robinson","fhdOEnt":"ODFW","fhdSpNm":"YP","fhdRun":"NA","fhdLifeHst":"Resident","fhdUseTy":"ResidentMultipleUses","fhdBasis":"UndocObsFish","fhdStNm":"Collard Lake","fhdGenus":"Perca","fhdSp":"flavescens","fhdSubSp":null,"fhdOrig":"NonNative","fhdProd":"Natural","fhdComment":null,"fhdESH":"NA","fhdBasisD":null,"fhdNMF":"no","fhdBasisDt":null,"fhdBasisNm":null,"fhdBasisEnt":null,"fhdBasisPrj":null,"fhdBasisMethod":null,"fhdAccess":null,"fhdBarrierFtrID":null,"fhdEndExtent":null,"Shape__Area":324267.784598405,"Shape__Length":4884.242798557664,"habitatType":"lake"},"id":85},
{"type":"Feature","geometry":{"type":"Polygon","coordinates":[[[-124.086952,44.064664],[-124.092201,44.062278],[-124.091478,44.057923],[-124.094183,44.058847],[-124.099017,44.057985],[-124.098171,44.05491],[-124.095398,44.053874],[-124.09345,44.054595],[-124.093178,44.056673],[-124.088373,44.057052],[-124.088677,44.060493],[-124.086952,44.064664]]]},"properties":{"OBJECTID":46,"fhdFtrID":46,"fhdRefID":53684,"fhdRevDt":"20190219","fhdONm":"Peter Robinson","fhdOEnt":"ODFW","fhdSpNm":"YP","fhdRun":"NA","fhdLifeHst":"Resident","fhdUseTy":"ResidentMultipleUses","fhdBasis":"UndocObsFish","fhdStNm":"Sutton Lake","fhdGenus":"Perca","fhdSp":"flavescens","fhdSubSp":null,"fhdOrig":"NonNative","fhdProd":"Natural","fhdComment":null,"fhdESH":"NA","fhdBasisD":null,"fhdNMF":"no","fhdBasisDt":null,"fhdBasisNm":null,"fhdBasisEnt":null,"fhdBasisPrj":null,"fhdBasisMethod":null,"fhdAccess":null,"fhdBarrierFtrID":null,"fhdEndExtent":null,"Shape__Area":893763.39322878,"Shape__Length":7850.055638732848,"habitatType":"lake"},"id":86},
{"type":"Feature","geometry":{"type":"Polygon","coordinates":[[[-124.10248,43.831659],[-124.104421,43.831532],[-124.104827,43.828074],[-124.107638,43.825197],[-124.110753,43.824998],[-124.110039,43.822649],[-124.11313,43.820391],[-124.115659,43.820716],[-124.117018,43.823142],[-124.116272,43.82532],[-124.117018,43.827686],[-124.119929,43.828981],[-124.12443,43.826671],[-124.123262,43.825448],[-124.119387,43.824242],[-124.117373,43.81881],[-124.118212,43.816438],[-124.121172,43.812749],[-124.124882,43.80958],[-124.126293,43.810813],[-124.126025,43.813928],[-124.127585,43.81845],[-124.128871,43.818105],[-124.128239,43.813764],[-124.129998,43.812815],[-124.127964,43.807798],[-124.128565,43.805806],[-124.130702,43.80517],[-124.133891,43.807477],[-124.131206,43.801395],[-124.132738,43.799436],[-124.132255,43.797553],[-124.13949,43.799143],[-124.140979,43.800286],[-124.141858,43.804001],[-124.140886,43.8061],[-124.142526,43.807663],[-124.146243,43.808525],[-124.15013,43.807039],[-124.146919,43.805578],[-124.146519,43.803273],[-124.14489,43.802592],[-124.146506,43.799365],[-124.140318,43.795828],[-124.136864,43.794586],[-124.135935,43.791699],[-124.133021,43.788251],[-124.129417,43.785554],[-124.13143,43.780391],[-124.136084,43.777981],[-124.131609,43.775194],[-124.126238,43.775169],[-124.123496,43.773949],[-124.12557,43.772347],[-124.123992,43.77069],[-124.118732,43.774469],[-124.114922,43.77532],[-124.111089,43.773847],[-124.107258,43.774979],[-124.103519,43.77936],[-124.102156,43.780041],[-124.094264,43.781618],[-124.091901,43.783759],[-124.097628,43.783138],[-124.106527,43.779737],[-124.107873,43.777607],[-124.115793,43.777848],[-124.117696,43.777005],[-124.120527,43.77907],[-124.12567,43.778043],[-124.127446,43.779544],[-124.126159,43.783267],[-124.126158,43.790038],[-124.127724,43.795982],[-124.126353,43.800254],[-124.123212,43.799718],[-124.118509,43.79999],[-124.114235,43.803033],[-124.111991,43.801118],[-124.110973,43.798023],[-124.108123,43.796921],[-124.103513,43.797715],[-124.102197,43.795063],[-124.095361,43.793028],[-124.092763,43.793348],[-124.091437,43.795705],[-124.087187,43.795928],[-124.086239,43.792822],[-124.082896,43.792919],[-124.07917,43.794892],[-124.078455,43.797913],[-124.073808,43.800329],[-124.072568,43.804231],[-124.06931,43.806708],[-124.069717,43.809037],[-124.06756,43.810778],[-124.069137,43.814128],[-124.070968,43.813483],[-124.069997,43.811029],[-124.072074,43.809613],[-124.073286,43.807039],[-124.076233,43.805914],[-124.074558,43.803449],[-124.075634,43.800809],[-124.078748,43.799805],[-124.084027,43.795424],[-124.08493,43.797883],[-124.086893,43.798546],[-124.091447,43.79804],[-124.094772,43.79681],[-124.099289,43.79778],[-124.100707,43.799723],[-124.096427,43.802013],[-124.097538,43.803517],[-124.101337,43.800963],[-124.106037,43.801425],[-124.10962,43.805016],[-124.104743,43.806],[-124.10812,43.807758],[-124.102629,43.811346],[-124.104353,43.81218],[-124.107857,43.81015],[-124.111077,43.810477],[-124.116704,43.809304],[-124.120092,43.805228],[-124.122144,43.807447],[-124.11954,43.810104],[-124.116278,43.815545],[-124.114377,43.817538],[-124.111101,43.818539],[-124.109302,43.820564],[-124.1048,43.820659],[-124.103299,43.822295],[-124.102635,43.825792],[-124.099375,43.82531],[-124.097003,43.826891],[-124.092993,43.827233],[-124.095488,43.829301],[-124.101514,43.828059],[-124.100902,43.82981],[-124.10248,43.831659]]]},"properties":{"OBJECTID":47,"fhdFtrID":47,"fhdRefID":53718,"fhdRevDt":"20190509","fhdONm":"Kevin Stertz","fhdOEnt":"ODFW","fhdSpNm":"YP","fhdRun":"NA","fhdLifeHst":"Resident","fhdUseTy":"ResidentMultipleUses","fhdBasis":"DocObsFish","fhdStNm":"Tahkenitch Lake","fhdGenus":"Perca","fhdSp":"flavescens","fhdSubSp":null,"fhdOrig":"NonNative","fhdProd":"Natural","fhdComment":null,"fhdESH":"NA","fhdBasisD":null,"fhdNMF":"no","fhdBasisDt":"20180000","fhdBasisNm":"Kevin Stertz","fhdBasisEnt":null,"fhdBasisPrj":null,"fhdBasisMethod":"Electrofisher","fhdAccess":null,"fhdBarrierFtrID":null,"fhdEndExtent":null,"Shape__Area":15968025.491645545,"Shape__Length":115151.20018983645,"habitatType":"lake"},"id":87},
{"type":"Feature","geometry":{"type":"Polygon","coordinates":[[[-123.573648,44.177855],[-123.578931,44.177283],[-123.581344,44.175856],[-123.580808,44.173308],[-123.578495,44.170926],[-123.57769,44.168785],[-123.573526,44.16636],[-123.569192,44.167148],[-123.56925,44.169697],[-123.563837,44.172411],[-123.563385,44.173926],[-123.568299,44.176393],[-123.573648,44.177855]]]},"properties":{"OBJECTID":48,"fhdFtrID":48,"fhdRefID":53684,"fhdRevDt":"20190618","fhdONm":"Peter Robinson","fhdOEnt":"ODFW","fhdSpNm":"YP","fhdRun":"NA","fhdLifeHst":"Resident","fhdUseTy":"ResidentMultipleUses","fhdBasis":"UndocObsFish","fhdStNm":"Triangle Lake","fhdGenus":"Perca","fhdSp":"flavescens","fhdSubSp":null,"fhdOrig":"NonNative","fhdProd":"Natural","fhdComment":null,"fhdESH":"NA","fhdBasisD":null,"fhdNMF":"no","fhdBasisDt":null,"fhdBasisNm":null,"fhdBasisEnt":null,"fhdBasisPrj":null,"fhdBasisMethod":null,"fhdAccess":null,"fhdBarrierFtrID":null,"fhdEndExtent":null,"Shape__Area":2397590.807928095,"Shape__Length":9888.023355413172,"habitatType":"lake"},"id":88},
{"type":"Feature","geometry":{"type":"Polygon","coordinates":[[[-123.947955,45.582529],[-123.94947,45.578386],[-123.948142,45.576411],[-123.945141,45.574601],[-123.946963,45.582617],[-123.947955,45.582529]]]},"properties":{"OBJECTID":49,"fhdFtrID":49,"fhdRefID":53684,"fhdRevDt":"20190219","fhdONm":"Peter Robinson","fhdOEnt":"ODFW","fhdSpNm":"YP","fhdRun":"NA","fhdLifeHst":"Resident","fhdUseTy":"ResidentMultipleUses","fhdBasis":"UndocObsFish","fhdStNm":"Smith Lake","fhdGenus":"Perca","fhdSp":"flavescens","fhdSubSp":null,"fhdOrig":"NonNative","fhdProd":"Natural","fhdComment":null,"fhdESH":"NA","fhdBasisD":null,"fhdNMF":"no","fhdBasisDt":null,"fhdBasisNm":null,"fhdBasisEnt":null,"fhdBasisPrj":null,"fhdBasisMethod":null,"fhdAccess":null,"fhdBarrierFtrID":null,"fhdEndExtent":null,"Shape__Area":348118.420507725,"Shape__Length":4655.007677131836,"habitatType":"lake"},"id":89},
{"type":"Feature","geometry":{"type":"Polygon","coordinates":[[[-123.940087,46.114321],[-123.940493,46.110983],[-123.938628,46.111705],[-123.938155,46.114025],[-123.940087,46.114321]]]},"properties":{"OBJECTID":50,"fhdFtrID":50,"fhdRefID":53684,"fhdRevDt":"20190219","fhdONm":"Peter Robinson","fhdOEnt":"ODFW","fhdSpNm":"YP","fhdRun":"NA","fhdLifeHst":"Resident","fhdUseTy":"ResidentMultipleUses","fhdBasis":"UndocObsFish","fhdStNm":"Slusher Lake","fhdGenus":"Perca","fhdSp":"flavescens","fhdSubSp":null,"fhdOrig":"NonNative","fhdProd":"Natural","fhdComment":null,"fhdESH":"NA","fhdBasisD":null,"fhdNMF":"no","fhdBasisDt":null,"fhdBasisNm":null,"fhdBasisEnt":null,"fhdBasisPrj":null,"fhdBasisMethod":null,"fhdAccess":null,"fhdBarrierFtrID":null,"fhdEndExtent":null,"Shape__Area":163448.018215525,"Shape__Length":2055.836099394606,"habitatType":"lake"},"id":90},
{"type":"Feature","geometry":{"type":"Polygon","coordinates":[[[-123.017111,42.043503],[-123.01921,42.043593],[-123.024344,42.037278],[-123.020873,42.037063],[-123.017111,42.043503]]]},"properties":{"OBJECTID":51,"fhdFtrID":51,"fhdRefID":53684,"fhdRevDt":"20190219","fhdONm":"Peter Robinson","fhdOEnt":"ODFW","fhdSpNm":"YP","fhdRun":"NA","fhdLifeHst":"Resident","fhdUseTy":"ResidentMultipleUses","fhdBasis":"UndocObsFish","fhdStNm":"Squaw Lakes","fhdGenus":"Perca","fhdSp":"flavescens","fhdSubSp":null,"fhdOrig":"NonNative","fhdProd":"Natural","fhdComment":null,"fhdESH":"NA","fhdBasisD":null,"fhdNMF":"no","fhdBasisDt":null,"fhdBasisNm":null,"fhdBasisEnt":null,"fhdBasisPrj":null,"fhdBasisMethod":null,"fhdAccess":null,"fhdBarrierFtrID":null,"fhdEndExtent":null,"Shape__Area":403592.7806664,"Shape__Length":3724.7948480374484,"habitatType":"lake"},"id":91},
{"type":"Feature","geometry":{"type":"Polygon","coordinates":[[[-124.077107,44.010931],[-124.081582,44.010735],[-124.083474,44.009817],[-124.085965,44.006174],[-124.082807,44.004682],[-124.077334,44.005535],[-124.077164,44.007184],[-124.0798,44.008762],[-124.077107,44.010931]]]},"properties":{"OBJECTID":52,"fhdFtrID":52,"fhdRefID":53684,"fhdRevDt":"20190219","fhdONm":"Peter Robinson","fhdOEnt":"ODFW","fhdSpNm":"YP","fhdRun":"NA","fhdLifeHst":"Resident","fhdUseTy":"ResidentMultipleUses","fhdBasis":"UndocObsFish","fhdStNm":"Munsel Lake","fhdGenus":"Perca","fhdSp":"flavescens","fhdSubSp":null,"fhdOrig":"NonNative","fhdProd":"Natural","fhdComment":null,"fhdESH":"NA","fhdBasisD":null,"fhdNMF":"no","fhdBasisDt":null,"fhdBasisNm":null,"fhdBasisEnt":null,"fhdBasisPrj":null,"fhdBasisMethod":null,"fhdAccess":null,"fhdBarrierFtrID":null,"fhdEndExtent":null,"Shape__Area":819451.383059885,"Shape__Length":7066.454660033698,"habitatType":"lake"},"id":92},
{"type":"Feature","geometry":{"type":"Polygon","coordinates":[[[-124.185015,43.653785],[-124.185818,43.651111],[-124.187496,43.649464],[-124.185959,43.64631],[-124.190608,43.643156],[-124.189784,43.639716],[-124.188008,43.63706],[-124.184457,43.63363],[-124.18216,43.634041],[-124.181443,43.636696],[-124.178259,43.638061],[-124.177372,43.640897],[-124.183725,43.639886],[-124.186033,43.64061],[-124.184462,43.643327],[-124.178656,43.644423],[-124.176865,43.646692],[-124.174097,43.647189],[-124.171341,43.648955],[-124.177002,43.649257],[-124.181247,43.646332],[-124.184059,43.648707],[-124.183746,43.652357],[-124.185015,43.653785]]]},"properties":{"OBJECTID":53,"fhdFtrID":53,"fhdRefID":53684,"fhdRevDt":"20190219","fhdONm":"Peter Robinson","fhdOEnt":"ODFW","fhdSpNm":"YP","fhdRun":"NA","fhdLifeHst":"Resident","fhdUseTy":"ResidentMultipleUses","fhdBasis":"UndocObsFish","fhdStNm":"Clear Lake","fhdGenus":"Perca","fhdSp":"flavescens","fhdSubSp":null,"fhdOrig":"NonNative","fhdProd":"Natural","fhdComment":null,"fhdESH":"NA","fhdBasisD":null,"fhdNMF":"no","fhdBasisDt":null,"fhdBasisNm":null,"fhdBasisEnt":null,"fhdBasisPrj":null,"fhdBasisMethod":null,"fhdAccess":null,"fhdBarrierFtrID":null,"fhdEndExtent":null,"Shape__Area":2396494.894770115,"Shape__Length":18516.138940613644,"habitatType":"lake"},"id":93},
{"type":"Feature","geometry":{"type":"Polygon","coordinates":[[[-124.251643,43.464001],[-124.253136,43.463257],[-124.253683,43.459233],[-124.252941,43.454418],[-124.251366,43.451731],[-124.249878,43.451514],[-124.247073,43.453967],[-124.248025,43.455766],[-124.247161,43.458243],[-124.250702,43.462121],[-124.251643,43.464001]]]},"properties":{"OBJECTID":54,"fhdFtrID":54,"fhdRefID":53684,"fhdRevDt":"20190219","fhdONm":"Peter Robinson","fhdOEnt":"ODFW","fhdSpNm":"YP","fhdRun":"NA","fhdLifeHst":"Resident","fhdUseTy":"ResidentMultipleUses","fhdBasis":"UndocObsFish","fhdStNm":"Horsfall Lake","fhdGenus":"Perca","fhdSp":"flavescens","fhdSubSp":null,"fhdOrig":"NonNative","fhdProd":"Natural","fhdComment":null,"fhdESH":"NA","fhdBasisD":null,"fhdNMF":"no","fhdBasisDt":null,"fhdBasisNm":null,"fhdBasisEnt":null,"fhdBasisPrj":null,"fhdBasisMethod":null,"fhdAccess":null,"fhdBarrierFtrID":null,"fhdEndExtent":null,"Shape__Area":935075.410161325,"Shape__Length":4679.027857087421,"habitatType":"lake"},"id":94},
{"type":"Feature","geometry":{"type":"Polygon","coordinates":[[[-124.195157,43.660594],[-124.196112,43.659333],[-124.193507,43.658694],[-124.195157,43.660594]]]},"properties":{"OBJECTID":55,"fhdFtrID":55,"fhdRefID":53684,"fhdRevDt":"20190219","fhdONm":"Peter Robinson","fhdOEnt":"ODFW","fhdSpNm":"YP","fhdRun":"NA","fhdLifeHst":"Resident","fhdUseTy":"ResidentMultipleUses","fhdBasis":"UndocObsFish","fhdStNm":"Lake Marie","fhdGenus":"Perca","fhdSp":"flavescens","fhdSubSp":null,"fhdOrig":"NonNative","fhdProd":"Natural","fhdComment":null,"fhdESH":"NA","fhdBasisD":null,"fhdNMF":"no","fhdBasisDt":null,"fhdBasisNm":null,"fhdBasisEnt":null,"fhdBasisPrj":null,"fhdBasisMethod":null,"fhdAccess":null,"fhdBarrierFtrID":null,"fhdEndExtent":null,"Shape__Area":108701.48039553,"Shape__Length":1808.3263280198075,"habitatType":"lake"},"id":95},
{"type":"Feature","geometry":{"type":"Polygon","coordinates":[[[-124.180457,43.136209],[-124.18251,43.136282],[-124.185516,43.133982],[-124.189668,43.132498],[-124.189443,43.130033],[-124.182151,43.1301],[-124.180719,43.131663],[-124.180457,43.136209]]]},"properties":{"OBJECTID":56,"fhdFtrID":56,"fhdRefID":53684,"fhdRevDt":"20190219","fhdONm":"Peter Robinson","fhdOEnt":"ODFW","fhdSpNm":"YP","fhdRun":"NA","fhdLifeHst":"Resident","fhdUseTy":"ResidentMultipleUses","fhdBasis":"UndocObsFish","fhdStNm":"Johnson Log Storage and Storing Reservoir","fhdGenus":"Perca","fhdSp":"flavescens","fhdSubSp":null,"fhdOrig":"NonNative","fhdProd":"Natural","fhdComment":null,"fhdESH":"NA","fhdBasisD":null,"fhdNMF":"no","fhdBasisDt":null,"fhdBasisNm":null,"fhdBasisEnt":null,"fhdBasisPrj":null,"fhdBasisMethod":null,"fhdAccess":null,"fhdBarrierFtrID":null,"fhdEndExtent":null,"Shape__Area":671920.234697355,"Shape__Length":3524.7725875397355,"habitatType":"lake"},"id":96},
{"type":"Feature","geometry":{"type":"Polygon","coordinates":[[[-124.144943,43.857409],[-124.147974,43.853897],[-124.146818,43.851484],[-124.144943,43.857409]]]},"properties":{"OBJECTID":57,"fhdFtrID":57,"fhdRefID":53684,"fhdRevDt":"20190219","fhdONm":"Peter Robinson","fhdOEnt":"ODFW","fhdSpNm":"YP","fhdRun":"NA","fhdLifeHst":"Resident","fhdUseTy":"ResidentMultipleUses","fhdBasis":"UndocObsFish","fhdStNm":"Carter Lake","fhdGenus":"Perca","fhdSp":"flavescens","fhdSubSp":null,"fhdOrig":"NonNative","fhdProd":"Natural","fhdComment":null,"fhdESH":"NA","fhdBasisD":null,"fhdNMF":"no","fhdBasisDt":null,"fhdBasisNm":null,"fhdBasisEnt":null,"fhdBasisPrj":null,"fhdBasisMethod":null,"fhdAccess":null,"fhdBarrierFtrID":null,"fhdEndExtent":null,"Shape__Area":213486.45154001,"Shape__Length":5141.9530121962625,"habitatType":"lake"},"id":97},
{"type":"Feature","geometry":{"type":"Polygon","coordinates":[[[-123.920853,45.979763],[-123.921925,45.979598],[-123.921293,45.979024],[-123.920853,45.979763]]]},"properties":{"OBJECTID":58,"fhdFtrID":58,"fhdRefID":53684,"fhdRevDt":"20190219","fhdONm":"Peter Robinson","fhdOEnt":"ODFW","fhdSpNm":"YP","fhdRun":"NA","fhdLifeHst":"Resident","fhdUseTy":"ResidentMultipleUses","fhdBasis":"UndocObsFish","fhdStNm":"Chapman Ponds","fhdGenus":"Perca","fhdSp":"flavescens","fhdSubSp":null,"fhdOrig":"NonNative","fhdProd":"Natural","fhdComment":null,"fhdESH":"NA","fhdBasisD":null,"fhdNMF":"no","fhdBasisDt":null,"fhdBasisNm":null,"fhdBasisEnt":null,"fhdBasisPrj":null,"fhdBasisMethod":null,"fhdAccess":null,"fhdBarrierFtrID":null,"fhdEndExtent":null,"Shape__Area":14499.427906465,"Shape__Length":536.3151832029877,"habitatType":"lake"},"id":98},
{"type":"Feature","geometry":{"type":"Polygon","coordinates":[[[-124.245124,43.487277],[-124.24715,43.487751],[-124.246377,43.484463],[-124.243336,43.485703],[-124.245124,43.487277]]]},"properties":{"OBJECTID":59,"fhdFtrID":59,"fhdRefID":53684,"fhdRevDt":"20190219","fhdONm":"Peter Robinson","fhdOEnt":"ODFW","fhdSpNm":"YP","fhdRun":"NA","fhdLifeHst":"Resident","fhdUseTy":"ResidentMultipleUses","fhdBasis":"UndocObsFish","fhdStNm":"Snag Lake","fhdGenus":"Perca","fhdSp":"flavescens","fhdSubSp":null,"fhdOrig":"NonNative","fhdProd":"Natural","fhdComment":null,"fhdESH":"NA","fhdBasisD":null,"fhdNMF":"no","fhdBasisDt":null,"fhdBasisNm":null,"fhdBasisEnt":null,"fhdBasisPrj":null,"fhdBasisMethod":null,"fhdAccess":null,"fhdBarrierFtrID":null,"fhdEndExtent":null,"Shape__Area":245475.03380531,"Shape__Length":2918.883674438951,"habitatType":"lake"},"id":99},
{"type":"Feature","geometry":{"type":"Polygon","coordinates":[[[-124.25494,43.432409],[-124.255483,43.432881],[-124.256209,43.431932],[-124.255302,43.431735],[-124.25494,43.432409]]]},"properties":{"OBJECTID":60,"fhdFtrID":60,"fhdRefID":53684,"fhdRevDt":"20190219","fhdONm":"Peter Robinson","fhdOEnt":"ODFW","fhdSpNm":"YP","fhdRun":"NA","fhdLifeHst":"Resident","fhdUseTy":"ResidentMultipleUses","fhdBasis":"UndocObsFish","fhdStNm":"Jordan Lake","fhdGenus":"Perca","fhdSp":"flavescens","fhdSubSp":null,"fhdOrig":"NonNative","fhdProd":"Natural","fhdComment":null,"fhdESH":"NA","fhdBasisD":null,"fhdNMF":"no","fhdBasisDt":null,"fhdBasisNm":null,"fhdBasisEnt":null,"fhdBasisPrj":null,"fhdBasisMethod":null,"fhdAccess":null,"fhdBarrierFtrID":null,"fhdEndExtent":null,"Shape__Area":17911.02885192,"Shape__Length":587.9651463050319,"habitatType":"lake"},"id":100},
{"type":"Feature","geometry":{"type":"Polygon","coordinates":[[[-124.089698,43.904298],[-124.093273,43.900788],[-124.091412,43.897045],[-124.092427,43.893439],[-124.091036,43.88873],[-124.092938,43.883165],[-124.094921,43.882578],[-124.097119,43.88419],[-124.095838,43.886006],[-124.098753,43.888854],[-124.09805,43.892461],[-124.09964,43.893442],[-124.108638,43.8936],[-124.11014,43.893082],[-124.10936,43.88592],[-124.113556,43.885177],[-124.113363,43.881418],[-124.110805,43.88092],[-124.111259,43.878477],[-124.108745,43.875789],[-124.109846,43.873537],[-124.112402,43.873278],[-124.113628,43.869337],[-124.112024,43.865875],[-124.108772,43.860801],[-124.105926,43.859498],[-124.106237,43.857096],[-124.100654,43.85656],[-124.101455,43.855021],[-124.099272,43.853893],[-124.09745,43.850804],[-124.098853,43.849914],[-124.092608,43.844494],[-124.0907,43.845875],[-124.091457,43.847715],[-124.094976,43.848801],[-124.093083,43.852545],[-124.096067,43.853965],[-124.098576,43.856835],[-124.097997,43.86092],[-124.095445,43.85924],[-124.094587,43.856984],[-124.089422,43.857013],[-124.088148,43.858753],[-124.0844,43.855807],[-124.078507,43.85755],[-124.073955,43.8578],[-124.072015,43.856341],[-124.073683,43.853959],[-124.070797,43.851091],[-124.067494,43.851698],[-124.066897,43.85293],[-124.062757,43.854418],[-124.063388,43.855636],[-124.069231,43.855271],[-124.069139,43.857028],[-124.07156,43.859837],[-124.07731,43.860868],[-124.0802,43.860017],[-124.082967,43.860887],[-124.08278,43.86427],[-124.08376,43.866301],[-124.082615,43.868249],[-124.078595,43.870676],[-124.077002,43.870028],[-124.075007,43.872257],[-124.075668,43.874299],[-124.070954,43.87656],[-124.069884,43.878333],[-124.06622,43.881418],[-124.065446,43.884118],[-124.06462,43.89116],[-124.064741,43.893981],[-124.059778,43.894749],[-124.058692,43.897197],[-124.056514,43.897894],[-124.055777,43.90196],[-124.061901,43.902517],[-124.059497,43.899233],[-124.060172,43.89691],[-124.062325,43.895952],[-124.065083,43.896236],[-124.068354,43.894343],[-124.069408,43.892262],[-124.072394,43.892538],[-124.077201,43.888003],[-124.081132,43.887399],[-124.085146,43.887716],[-124.086316,43.88866],[-124.085125,43.891701],[-124.08594,43.898067],[-124.085076,43.90141],[-124.087956,43.901671],[-124.089698,43.904298]],[[-124.108578,43.867884],[-124.103672,43.866218],[-124.101212,43.862279],[-124.104021,43.862392],[-124.105593,43.865617],[-124.108578,43.867884]]]},"properties":{"OBJECTID":61,"fhdFtrID":61,"fhdRefID":53718,"fhdRevDt":"20190509","fhdONm":"Kevin Stertz","fhdOEnt":"ODFW","fhdSpNm":"YP","fhdRun":"NA","fhdLifeHst":"Resident","fhdUseTy":"ResidentMultipleUses","fhdBasis":"DocObsFish","fhdStNm":"Siltcoos Lake","fhdGenus":"Perca","fhdSp":"flavescens","fhdSubSp":null,"fhdOrig":"NonNative","fhdProd":"Natural","fhdComment":null,"fhdESH":"NA","fhdBasisD":null,"fhdNMF":"no","fhdBasisDt":"20180000","fhdBasisNm":"Kevin Stertz","fhdBasisEnt":"OSU Ichthyology Collection","fhdBasisPrj":null,"fhdBasisMethod":"Electrofisher","fhdAccess":null,"fhdBarrierFtrID":null,"fhdEndExtent":null,"Shape__Area":24193832.514073506,"Shape__Length":71550.49603910773,"habitatType":"lake"},"id":101},
{"type":"Feature","geometry":{"type":"Polygon","coordinates":[[[-124.166628,43.773633],[-124.169791,43.77274],[-124.170685,43.76888],[-124.168998,43.766214],[-124.166628,43.773633]]]},"properties":{"OBJECTID":62,"fhdFtrID":62,"fhdRefID":53684,"fhdRevDt":"20190219","fhdONm":"Peter Robinson","fhdOEnt":"ODFW","fhdSpNm":"YP","fhdRun":"NA","fhdLifeHst":"Resident","fhdUseTy":"ResidentMultipleUses","fhdBasis":"UndocObsFish","fhdStNm":"Threemile Lake","fhdGenus":"Perca","fhdSp":"flavescens","fhdSubSp":null,"fhdOrig":"NonNative","fhdProd":"Natural","fhdComment":null,"fhdESH":"NA","fhdBasisD":null,"fhdNMF":"no","fhdBasisDt":null,"fhdBasisNm":null,"fhdBasisEnt":null,"fhdBasisPrj":null,"fhdBasisMethod":null,"fhdAccess":null,"fhdBarrierFtrID":null,"fhdEndExtent":null,"Shape__Area":525941.40052727,"Shape__Length":6927.157780102025,"habitatType":"lake"},"id":102},
{"type":"Feature","geometry":{"type":"Polygon","coordinates":[[[-123.978033,44.999563],[-123.982116,44.999393],[-123.986888,44.996516],[-123.992772,44.991973],[-123.993859,44.996897],[-123.995918,44.997113],[-123.996336,44.99269],[-123.99465,44.989086],[-123.990355,44.984226],[-123.994106,44.982519],[-123.993728,44.978976],[-123.995509,44.977826],[-123.996365,44.973795],[-123.999672,44.973622],[-124.000737,44.972181],[-124.005448,44.971832],[-124.007799,44.970884],[-124.009309,44.968026],[-124.007563,44.967323],[-124.001238,44.966966],[-123.996227,44.968026],[-123.993028,44.970007],[-123.991031,44.972644],[-123.990974,44.975201],[-123.986575,44.978264],[-123.988502,44.979732],[-123.986661,44.981819],[-123.982416,44.984304],[-123.983695,44.989325],[-123.985642,44.986742],[-123.987367,44.987466],[-123.984227,44.990796],[-123.984357,44.992442],[-123.978538,44.9972],[-123.978033,44.999563]]]},"properties":{"OBJECTID":63,"fhdFtrID":63,"fhdRefID":53718,"fhdRevDt":"20190509","fhdONm":"Kevin Stertz","fhdOEnt":"ODFW","fhdSpNm":"YP","fhdRun":"NA","fhdLifeHst":"Resident","fhdUseTy":"ResidentMultipleUses","fhdBasis":"DocObsFish","fhdStNm":"Devils Lake","fhdGenus":"Perca","fhdSp":"flavescens","fhdSubSp":null,"fhdOrig":"NonNative","fhdProd":"Natural","fhdComment":null,"fhdESH":"NA","fhdBasisD":null,"fhdNMF":"no","fhdBasisDt":"20180000","fhdBasisNm":"Kevin Stertz","fhdBasisEnt":null,"fhdBasisPrj":null,"fhdBasisMethod":"Electrofisher","fhdAccess":null,"fhdBarrierFtrID":null,"fhdEndExtent":null,"Shape__Area":5112901.004194045,"Shape__Length":29205.238340746324,"habitatType":"lake"},"id":103},
{"type":"Feature","geometry":{"type":"Polygon","coordinates":[[[-123.911517,46.072718],[-123.913212,46.072713],[-123.911731,46.069396],[-123.91162,46.067548],[-123.910432,46.067659],[-123.911517,46.072718]]]},"properties":{"OBJECTID":64,"fhdFtrID":64,"fhdRefID":53684,"fhdRevDt":"20190219","fhdONm":"Peter Robinson","fhdOEnt":"ODFW","fhdSpNm":"YP","fhdRun":"NA","fhdLifeHst":"Resident","fhdUseTy":"ResidentMultipleUses","fhdBasis":"UndocObsFish","fhdStNm":"West Lake","fhdGenus":"Perca","fhdSp":"flavescens","fhdSubSp":null,"fhdOrig":"NonNative","fhdProd":"Natural","fhdComment":null,"fhdESH":"NA","fhdBasisD":null,"fhdNMF":"no","fhdBasisDt":null,"fhdBasisNm":null,"fhdBasisEnt":null,"fhdBasisPrj":null,"fhdBasisMethod":null,"fhdAccess":null,"fhdBarrierFtrID":null,"fhdEndExtent":null,"Shape__Area":152378.32680577,"Shape__Length":3359.711811404707,"habitatType":"lake"},"id":104},
{"type":"Feature","geometry":{"type":"Polygon","coordinates":[[[-123.928509,46.103366],[-123.92912,46.100853],[-123.928295,46.098834],[-123.92925,46.095823],[-123.927879,46.092218],[-123.928203,46.091398],[-123.927674,46.090531],[-123.927391,46.087873],[-123.928022,46.086002],[-123.926651,46.085302],[-123.926151,46.080558],[-123.92342,46.073148],[-123.92212,46.072912],[-123.923348,46.07921],[-123.925074,46.080411],[-123.926713,46.08739],[-123.927848,46.091357],[-123.927264,46.092695],[-123.927997,46.095888],[-123.926845,46.099295],[-123.928509,46.103366]]]},"properties":{"OBJECTID":65,"fhdFtrID":65,"fhdRefID":53684,"fhdRevDt":"20190219","fhdONm":"Peter Robinson","fhdOEnt":"ODFW","fhdSpNm":"YP","fhdRun":"NA","fhdLifeHst":"Resident","fhdUseTy":"ResidentMultipleUses","fhdBasis":"UndocObsFish","fhdStNm":"Sunset Lake","fhdGenus":"Perca","fhdSp":"flavescens","fhdSubSp":null,"fhdOrig":"NonNative","fhdProd":"Natural","fhdComment":null,"fhdESH":"NA","fhdBasisD":null,"fhdNMF":"no","fhdBasisDt":null,"fhdBasisNm":null,"fhdBasisEnt":null,"fhdBasisPrj":null,"fhdBasisMethod":null,"fhdAccess":null,"fhdBarrierFtrID":null,"fhdEndExtent":null,"Shape__Area":810905.374264205,"Shape__Length":15734.062969559734,"habitatType":"lake"},"id":105},
{"type":"Feature","geometry":{"type":"Polygon","coordinates":[[[-124.509786,42.75672],[-124.514325,42.756192],[-124.512173,42.750398],[-124.509458,42.748696],[-124.508653,42.753624],[-124.504601,42.752209],[-124.5007,42.755263],[-124.507402,42.754757],[-124.509786,42.75672]]]},"properties":{"OBJECTID":66,"fhdFtrID":66,"fhdRefID":53684,"fhdRevDt":"20190219","fhdONm":"Peter Robinson","fhdOEnt":"ODFW","fhdSpNm":"YP","fhdRun":"NA","fhdLifeHst":"Resident","fhdUseTy":"ResidentMultipleUses","fhdBasis":"UndocObsFish","fhdStNm":"Garrison Lake","fhdGenus":"Perca","fhdSp":"flavescens","fhdSubSp":null,"fhdOrig":"NonNative","fhdProd":"Natural","fhdComment":null,"fhdESH":"NA","fhdBasisD":null,"fhdNMF":"no","fhdBasisDt":null,"fhdBasisNm":null,"fhdBasisEnt":null,"fhdBasisPrj":null,"fhdBasisMethod":null,"fhdAccess":null,"fhdBarrierFtrID":null,"fhdEndExtent":null,"Shape__Area":982838.793867905,"Shape__Length":10342.918403594957,"habitatType":"lake"},"id":106},
{"type":"Feature","geometry":{"type":"Polygon","coordinates":[[[-124.094032,43.93098],[-124.095651,43.930736],[-124.098087,43.928211],[-124.100867,43.928358],[-124.104731,43.927161],[-124.105155,43.925635],[-124.102086,43.923561],[-124.101568,43.921728],[-124.106304,43.91822],[-124.103138,43.918352],[-124.104138,43.911515],[-124.10902,43.911821],[-124.108217,43.909339],[-124.113802,43.905236],[-124.116119,43.900329],[-124.112187,43.900007],[-124.10781,43.902534],[-124.105873,43.90097],[-124.102279,43.90242],[-124.09991,43.904874],[-124.100617,43.907541],[-124.097949,43.912877],[-124.095673,43.915539],[-124.091945,43.915969],[-124.088505,43.914043],[-124.087089,43.912328],[-124.082977,43.911152],[-124.083851,43.91389],[-124.088264,43.918516],[-124.095326,43.919798],[-124.092117,43.926204],[-124.094677,43.927943],[-124.094032,43.93098]]]},"properties":{"OBJECTID":67,"fhdFtrID":67,"fhdRefID":53718,"fhdRevDt":"20190509","fhdONm":"Kevin Stertz","fhdOEnt":"ODFW","fhdSpNm":"YP","fhdRun":"NA","fhdLifeHst":"Resident","fhdUseTy":"ResidentMultipleUses","fhdBasis":"DocObsFish","fhdStNm":"Woahink Lake","fhdGenus":"Perca","fhdSp":"flavescens","fhdSubSp":null,"fhdOrig":"NonNative","fhdProd":"Natural","fhdComment":null,"fhdESH":"NA","fhdBasisD":null,"fhdNMF":"no","fhdBasisDt":"20180000","fhdBasisNm":"Kevin Stertz","fhdBasisEnt":null,"fhdBasisPrj":null,"fhdBasisMethod":"Electrofisher","fhdAccess":null,"fhdBarrierFtrID":null,"fhdEndExtent":null,"Shape__Area":5767374.119530805,"Shape__Length":32134.141595000463,"habitatType":"lake"},"id":107},
{"type":"Feature","geometry":{"type":"Polygon","coordinates":[[[-124.068956,44.064983],[-124.072727,44.065262],[-124.071283,44.062742],[-124.066697,44.059102],[-124.067715,44.052624],[-124.069925,44.052657],[-124.076133,44.05024],[-124.082362,44.052252],[-124.08498,44.051732],[-124.081293,44.048994],[-124.078334,44.048337],[-124.077688,44.046169],[-124.072609,44.045762],[-124.07259,44.048274],[-124.070658,44.049202],[-124.062892,44.0476],[-124.058729,44.05047],[-124.054955,44.053859],[-124.053425,44.056078],[-124.05654,44.057895],[-124.057712,44.054652],[-124.05937,44.052688],[-124.064487,44.050106],[-124.065108,44.055858],[-124.063553,44.057115],[-124.065431,44.061324],[-124.069705,44.063243],[-124.068956,44.064983]]]},"properties":{"OBJECTID":68,"fhdFtrID":68,"fhdRefID":53684,"fhdRevDt":"20190219","fhdONm":"Peter Robinson","fhdOEnt":"ODFW","fhdSpNm":"YP","fhdRun":"NA","fhdLifeHst":"Resident","fhdUseTy":"ResidentMultipleUses","fhdBasis":"UndocObsFish","fhdStNm":"Mercer Lake","fhdGenus":"Perca","fhdSp":"flavescens","fhdSubSp":null,"fhdOrig":"NonNative","fhdProd":"Natural","fhdComment":null,"fhdESH":"NA","fhdBasisD":null,"fhdNMF":"no","fhdBasisDt":null,"fhdBasisNm":null,"fhdBasisEnt":null,"fhdBasisPrj":null,"fhdBasisMethod":null,"fhdAccess":null,"fhdBarrierFtrID":null,"fhdEndExtent":null,"Shape__Area":2745219.17266368,"Shape__Length":20227.92438077049,"habitatType":"lake"},"id":108},
{"type":"Feature","geometry":{"type":"Polygon","coordinates":[[[-123.17474,45.853571],[-123.171497,45.854309],[-123.172588,45.856778],[-123.175595,45.856634],[-123.17474,45.853571]]]},"properties":{"OBJECTID":69,"fhdFtrID":69,"fhdRefID":53684,"fhdRevDt":"20190219","fhdONm":"Peter Robinson","fhdOEnt":"ODFW","fhdSpNm":"YP","fhdRun":"NA","fhdLifeHst":"Resident","fhdUseTy":"ResidentMultipleUses","fhdBasis":"UndocObsFish","fhdStNm":"Vernonia Lake","fhdGenus":"Perca","fhdSp":"flavescens","fhdSubSp":null,"fhdOrig":"NonNative","fhdProd":"Natural","fhdComment":null,"fhdESH":"NA","fhdBasisD":null,"fhdNMF":"no","fhdBasisDt":null,"fhdBasisNm":null,"fhdBasisEnt":null,"fhdBasisPrj":null,"fhdBasisMethod":null,"fhdAccess":null,"fhdBarrierFtrID":null,"fhdEndExtent":null,"Shape__Area":268930.519702615,"Shape__Length":2076.514930720309,"habitatType":"lake"},"id":109},
{"type":"Feature","geometry":{"type":"Polygon","coordinates":[[[-120.269969,42.40015],[-120.271142,42.40065],[-120.272434,42.40048],[-120.271637,42.399669],[-120.269969,42.40015]]]},"properties":{"OBJECTID":70,"fhdFtrID":70,"fhdRefID":53684,"fhdRevDt":"20190219","fhdONm":"Peter Robinson","fhdOEnt":"ODFW","fhdSpNm":"YP","fhdRun":"NA","fhdLifeHst":"Resident","fhdUseTy":"ResidentMultipleUses","fhdBasis":"UndocObsFish","fhdStNm":"Wilson Lake","fhdGenus":"Perca","fhdSp":"flavescens","fhdSubSp":null,"fhdOrig":"NonNative","fhdProd":"Natural","fhdComment":null,"fhdESH":"NA","fhdBasisD":null,"fhdNMF":"no","fhdBasisDt":null,"fhdBasisNm":null,"fhdBasisEnt":null,"fhdBasisPrj":null,"fhdBasisMethod":null,"fhdAccess":null,"fhdBarrierFtrID":null,"fhdEndExtent":null,"Shape__Area":28412.250595125,"Shape__Length":699.8023556080739,"habitatType":"lake"},"id":110},
{"type":"Feature","geometry":{"type":"Polygon","coordinates":[[[-120.949921,42.844155],[-120.94858,42.845923],[-120.951218,42.84647],[-120.951725,42.8448],[-120.949921,42.844155]]]},"properties":{"OBJECTID":71,"fhdFtrID":71,"fhdRefID":53684,"fhdRevDt":"20190219","fhdONm":"Peter Robinson","fhdOEnt":"ODFW","fhdSpNm":"YP","fhdRun":"NA","fhdLifeHst":"Resident","fhdUseTy":"ResidentMultipleUses","fhdBasis":"UndocObsFish","fhdStNm":"Emigrant Lake","fhdGenus":"Perca","fhdSp":"flavescens","fhdSubSp":null,"fhdOrig":"NonNative","fhdProd":"Natural","fhdComment":null,"fhdESH":"NA","fhdBasisD":null,"fhdNMF":"no","fhdBasisDt":null,"fhdBasisNm":null,"fhdBasisEnt":null,"fhdBasisPrj":null,"fhdBasisMethod":null,"fhdAccess":null,"fhdBarrierFtrID":null,"fhdEndExtent":null,"Shape__Area":111703.2045471,"Shape__Length":1260.1597069588815,"habitatType":"lake"},"id":111},
{"type":"Feature","geometry":{"type":"Polygon","coordinates":[[[-119.427154,43.461876],[-119.429918,43.463989],[-119.436918,43.460818],[-119.441299,43.461022],[-119.438331,43.455129],[-119.435852,43.453747],[-119.432804,43.454153],[-119.431788,43.452121],[-119.43699,43.448951],[-119.437031,43.447162],[-119.432641,43.443423],[-119.428496,43.440822],[-119.430284,43.437083],[-119.428821,43.435782],[-119.425488,43.435755],[-119.425618,43.430013],[-119.424699,43.42605],[-119.420492,43.421018],[-119.415509,43.420238],[-119.416083,43.417018],[-119.414172,43.413649],[-119.412396,43.413813],[-119.405323,43.409005],[-119.404301,43.407699],[-119.398613,43.404998],[-119.397814,43.407527],[-119.401884,43.40896],[-119.403215,43.410458],[-119.408602,43.413845],[-119.41259,43.417154],[-119.41295,43.421719],[-119.415509,43.422855],[-119.418459,43.422527],[-119.42147,43.4251],[-119.422809,43.429396],[-119.421834,43.431413],[-119.423643,43.436929],[-119.427566,43.437714],[-119.425813,43.439684],[-119.425813,43.442448],[-119.428292,43.444399],[-119.42626,43.450902],[-119.427398,43.455698],[-119.427154,43.461876]]]},"properties":{"OBJECTID":72,"fhdFtrID":72,"fhdRefID":53684,"fhdRevDt":"20190219","fhdONm":"Peter Robinson","fhdOEnt":"ODFW","fhdSpNm":"YP","fhdRun":"NA","fhdLifeHst":"Resident","fhdUseTy":"ResidentMultipleUses","fhdBasis":"UndocObsFish","fhdStNm":"Moon Reservoir","fhdGenus":"Perca","fhdSp":"flavescens","fhdSubSp":null,"fhdOrig":"NonNative","fhdProd":"Natural","fhdComment":null,"fhdESH":"NA","fhdBasisD":null,"fhdNMF":"no","fhdBasisDt":null,"fhdBasisNm":null,"fhdBasisEnt":null,"fhdBasisPrj":null,"fhdBasisMethod":null,"fhdAccess":null,"fhdBarrierFtrID":null,"fhdEndExtent":null,"Shape__Area":5565661.639135725,"Shape__Length":26443.544620945755,"habitatType":"lake"},"id":112},
{"type":"Feature","geometry":{"type":"Polygon","coordinates":[[[-122.683612,45.59784],[-122.683515,45.597943],[-122.683149,45.598135],[-122.683199,45.598177],[-122.683478,45.598048],[-122.683612,45.597938],[-122.683612,45.59784]]]},"properties":{"OBJECTID":73,"fhdFtrID":74,"fhdRefID":53684,"fhdRevDt":"20190219","fhdONm":"Peter Robinson","fhdOEnt":"ODFW","fhdSpNm":"YP","fhdRun":"NA","fhdLifeHst":"Resident","fhdUseTy":"ResidentMultipleUses","fhdBasis":"UndocObsFish","fhdStNm":"Delta Park Ponds ","fhdGenus":"Perca","fhdSp":"flavescens","fhdSubSp":null,"fhdOrig":"NonNative","fhdProd":"Natural","fhdComment":null,"fhdESH":"NA","fhdBasisD":null,"fhdNMF":"no","fhdBasisDt":null,"fhdBasisNm":null,"fhdBasisEnt":null,"fhdBasisPrj":null,"fhdBasisMethod":null,"fhdAccess":null,"fhdBarrierFtrID":null,"fhdEndExtent":null,"Shape__Area":3510.29518264,"Shape__Length":778.4914602709579,"habitatType":"lake"},"id":113},
{"type":"Feature","geometry":{"type":"Polygon","coordinates":[[[-122.687356,45.604058],[-122.690542,45.603308],[-122.691698,45.601406],[-122.689628,45.599289],[-122.687078,45.598988],[-122.685078,45.600478],[-122.685033,45.602916],[-122.687356,45.604058]]]},"properties":{"OBJECTID":74,"fhdFtrID":75,"fhdRefID":53684,"fhdRevDt":"20190219","fhdONm":"Peter Robinson","fhdOEnt":"ODFW","fhdSpNm":"YP","fhdRun":"NA","fhdLifeHst":"Resident","fhdUseTy":"ResidentMultipleUses","fhdBasis":"UndocObsFish","fhdStNm":"Delta Park Ponds","fhdGenus":"Perca","fhdSp":"flavescens","fhdSubSp":null,"fhdOrig":"NonNative","fhdProd":"Natural","fhdComment":null,"fhdESH":"NA","fhdBasisD":null,"fhdNMF":"no","fhdBasisDt":null,"fhdBasisNm":null,"fhdBasisEnt":null,"fhdBasisPrj":null,"fhdBasisMethod":null,"fhdAccess":null,"fhdBarrierFtrID":null,"fhdEndExtent":null,"Shape__Area":454192.30812559,"Shape__Length":2632.851057344057,"habitatType":"lake"},"id":114},
{"type":"Feature","geometry":{"type":"Polygon","coordinates":[[[-122.696126,45.600692],[-122.695094,45.599785],[-122.693777,45.599434],[-122.692708,45.599539],[-122.692056,45.599189],[-122.691216,45.597939],[-122.690678,45.597928],[-122.691906,45.599462],[-122.693025,45.599905],[-122.693975,45.599796],[-122.695134,45.600114],[-122.696126,45.600692]]]},"properties":{"OBJECTID":75,"fhdFtrID":76,"fhdRefID":53684,"fhdRevDt":"20190219","fhdONm":"Peter Robinson","fhdOEnt":"ODFW","fhdSpNm":"YP","fhdRun":"NA","fhdLifeHst":"Resident","fhdUseTy":"ResidentMultipleUses","fhdBasis":"UndocObsFish","fhdStNm":"Delta Park Ponds ","fhdGenus":"Perca","fhdSp":"flavescens","fhdSubSp":null,"fhdOrig":"NonNative","fhdProd":"Natural","fhdComment":null,"fhdESH":"NA","fhdBasisD":null,"fhdNMF":"no","fhdBasisDt":null,"fhdBasisNm":null,"fhdBasisEnt":null,"fhdBasisPrj":null,"fhdBasisMethod":null,"fhdAccess":null,"fhdBarrierFtrID":null,"fhdEndExtent":null,"Shape__Area":54547.839766145,"Shape__Length":2436.365934246746,"habitatType":"lake"},"id":115},
{"type":"Feature","geometry":{"type":"Polygon","coordinates":[[[-122.695636,45.599274],[-122.693466,45.597922],[-122.691737,45.596418],[-122.69083,45.59631],[-122.693738,45.598623],[-122.695636,45.599274]]]},"properties":{"OBJECTID":76,"fhdFtrID":77,"fhdRefID":53684,"fhdRevDt":"20190219","fhdONm":"Peter Robinson","fhdOEnt":"ODFW","fhdSpNm":"YP","fhdRun":"NA","fhdLifeHst":"Resident","fhdUseTy":"ResidentMultipleUses","fhdBasis":"UndocObsFish","fhdStNm":"Delta Park Ponds ","fhdGenus":"Perca","fhdSp":"flavescens","fhdSubSp":null,"fhdOrig":"NonNative","fhdProd":"Natural","fhdComment":null,"fhdESH":"NA","fhdBasisD":null,"fhdNMF":"no","fhdBasisDt":null,"fhdBasisNm":null,"fhdBasisEnt":null,"fhdBasisPrj":null,"fhdBasisMethod":null,"fhdAccess":null,"fhdBarrierFtrID":null,"fhdEndExtent":null,"Shape__Area":74126.280405435,"Shape__Length":2629.8460608921805,"habitatType":"lake"},"id":116},
{"type":"Feature","geometry":{"type":"Polygon","coordinates":[[[-119.032362,46.189711],[-119.036085,46.186723],[-119.026055,46.180042],[-119.018661,46.17412],[-119.014584,46.168744],[-119.0228,46.172027],[-119.027315,46.172692],[-119.027805,46.171469],[-119.018579,46.168208],[-119.013205,46.165754],[-119.014683,46.163977],[-119.012948,46.161914],[-119.009334,46.1607],[-119.006323,46.156377],[-119.001897,46.147434],[-119.005334,46.143043],[-119.005001,46.137223],[-119.00256,46.132636],[-118.992192,46.124862],[-118.988846,46.123372],[-118.978905,46.121023],[-118.973674,46.118068],[-118.971872,46.112787],[-118.967633,46.106535],[-118.966212,46.103492],[-118.968206,46.102613],[-118.971502,46.103068],[-118.968762,46.096135],[-118.966174,46.092735],[-118.957199,46.084395],[-118.953185,46.079344],[-118.952388,46.076426],[-118.952907,46.074105],[-118.951479,46.06675],[-118.950297,46.065664],[-118.951406,46.060766],[-118.955617,46.046839],[-118.95515,46.039077],[-118.956849,46.03419],[-118.958266,46.032253],[-118.969492,46.024231],[-118.988346,46.011022],[-118.995708,46.005308],[-118.999609,45.998026],[-119.007529,45.989249],[-119.012766,45.985099],[-119.02669,45.976575],[-119.031207,45.974059],[-119.035007,45.972628],[-119.062319,45.965451],[-119.06777,45.963498],[-119.078543,45.958352],[-119.090085,45.95242],[-119.100548,45.947541],[-119.115263,45.943119],[-119.119546,45.942097],[-119.125537,45.94149],[-119.137136,45.939134],[-119.147679,45.937388],[-119.15154,45.93728],[-119.168308,45.934749],[-119.180548,45.933868],[-119.200569,45.935128],[-119.209366,45.936032],[-119.220821,45.938547],[-119.228849,45.941429],[-119.234221,45.943818],[-119.240811,45.945768],[-119.250736,45.947857],[-119.263606,45.948206],[-119.275895,45.947042],[-119.29986,45.944348],[-119.296695,45.931969],[-119.2936,45.926501],[-119.288114,45.927487],[-119.286596,45.928606],[-119.283413,45.928627],[-119.269845,45.931442],[-119.260524,45.930928],[-119.258707,45.931777],[-119.255101,45.930552],[-119.249348,45.930527],[-119.230764,45.926784],[-119.219263,45.92319],[-119.213196,45.9225],[-119.206648,45.921141],[-119.197218,45.920084],[-119.187826,45.920255],[-119.183473,45.919783],[-119.1797,45.920572],[-119.174231,45.919771],[-119.170175,45.921169],[-119.164784,45.921152],[-119.164651,45.920104],[-119.158529,45.919774],[-119.150795,45.921242],[-119.145044,45.919139],[-119.142064,45.920268],[-119.138457,45.920173],[-119.134817,45.921729],[-119.129645,45.922928],[-119.12717,45.921819],[-119.12234,45.923101],[-119.118103,45.922215],[-119.114277,45.923292],[-119.095859,45.930912],[-119.080259,45.939319],[-119.063238,45.948721],[-119.060667,45.950411],[-119.047062,45.955358],[-119.040425,45.957276],[-119.03189,45.960357],[-119.02245,45.963355],[-119.01267,45.967843],[-118.995873,45.978693],[-118.993334,45.981366],[-118.983684,45.994041],[-118.975413,46.00156],[-118.965374,46.009225],[-118.960542,46.012062],[-118.947427,46.019107],[-118.943302,46.02219],[-118.941066,46.025048],[-118.936593,46.026578],[-118.933672,46.028585],[-118.937625,46.036577],[-118.940665,46.03876],[-118.941075,46.043],[-118.93998,46.046714],[-118.937137,46.051431],[-118.934623,46.053691],[-118.929983,46.056455],[-118.923246,46.057738],[-118.919109,46.060925],[-118.915721,46.060375],[-118.916232,46.063305],[-118.914687,46.0645],[-118.910597,46.06473],[-118.909215,46.071536],[-118.9094,46.079704],[-118.913526,46.091597],[-118.914029,46.095897],[-118.92203,46.100303],[-118.9249,46.104296],[-118.922769,46.109112],[-118.927342,46.11745],[-118.93097,46.120406],[-118.933387,46.124862],[-118.937529,46.127292],[-118.945111,46.133089],[-118.945979,46.135667],[-118.944985,46.137686],[-118.945459,46.141481],[-118.943479,46.147082],[-118.944482,46.150949],[-118.942904,46.152336],[-118.950396,46.157868],[-118.948761,46.160832],[-118.946615,46.162078],[-118.948281,46.1642],[-118.953547,46.167545],[-118.959608,46.163858],[-118.952211,46.159642],[-118.954002,46.158989],[-118.957231,46.160173],[-118.960388,46.15834],[-118.961547,46.155203],[-118.960283,46.153623],[-118.960677,46.150957],[-118.958869,46.149938],[-118.960746,46.147639],[-118.960935,46.145703],[-118.963223,46.144978],[-118.959158,46.141447],[-118.957997,46.138869],[-118.958515,46.131947],[-118.960849,46.128403],[-118.964472,46.13403],[-118.967152,46.1428],[-118.971766,46.152781],[-118.973045,46.153828],[-118.974018,46.15719],[-118.973128,46.158847],[-118.978745,46.165882],[-118.978596,46.166733],[-118.983139,46.171289],[-118.988029,46.174748],[-119.00045,46.182426],[-119.003279,46.183751],[-119.007948,46.181844],[-119.011035,46.181708],[-119.01198,46.184354],[-119.007677,46.183759],[-119.004651,46.18519],[-119.010507,46.188675],[-119.011785,46.190107],[-119.015101,46.191283],[-119.015542,46.19385],[-119.023808,46.197988],[-119.022747,46.201251],[-119.024128,46.202282],[-119.024328,46.201774],[-119.026891,46.200407],[-119.027153,46.20023],[-119.02863,46.199737],[-119.02901,46.199685],[-119.029399,46.199503],[-119.029629,46.199359],[-119.030082,46.199157],[-119.030402,46.199059],[-119.030903,46.198641],[-119.028796,46.193955],[-119.027326,46.19262],[-119.027243,46.192465],[-119.032362,46.189711]],[[-118.935577,46.103677],[-118.938116,46.107681],[-118.940609,46.113111],[-118.936815,46.111049],[-118.935577,46.103677]]]},"properties":{"OBJECTID":77,"fhdFtrID":78,"fhdRefID":53684,"fhdRevDt":"20190213","fhdONm":"Peter Robinson","fhdOEnt":"ODFW","fhdSpNm":"YP","fhdRun":"NA","fhdLifeHst":"Resident","fhdUseTy":"ResidentMultipleUses","fhdBasis":"UndocObsFish","fhdStNm":"Lake Wallula","fhdGenus":"Perca","fhdSp":"flavescens","fhdSubSp":null,"fhdOrig":"NonNative","fhdProd":"Natural","fhdComment":null,"fhdESH":"NA","fhdBasisD":null,"fhdNMF":"no","fhdBasisDt":null,"fhdBasisNm":null,"fhdBasisEnt":null,"fhdBasisPrj":null,"fhdBasisMethod":null,"fhdAccess":null,"fhdBarrierFtrID":null,"fhdEndExtent":null,"Shape__Area":221177788.1562376,"Shape__Length":261154.4545908588,"habitatType":"lake"},"id":117},
{"type":"Feature","geometry":{"type":"Polygon","coordinates":[[[-122.61672,44.426949],[-122.620121,44.42692],[-122.622463,44.425649],[-122.6261,44.425377],[-122.627392,44.42404],[-122.631697,44.423271],[-122.635322,44.419754],[-122.638401,44.420236],[-122.644649,44.419189],[-122.650837,44.419829],[-122.652275,44.420563],[-122.656457,44.418473],[-122.659612,44.417637],[-122.665126,44.419525],[-122.667622,44.419735],[-122.670072,44.41854],[-122.66979,44.413269],[-122.668076,44.411666],[-122.6632,44.409549],[-122.6532,44.410879],[-122.643846,44.408405],[-122.639007,44.409056],[-122.637051,44.412719],[-122.63097,44.413825],[-122.626209,44.413449],[-122.62386,44.414319],[-122.617052,44.414017],[-122.621672,44.416464],[-122.62639,44.41539],[-122.628862,44.417189],[-122.623733,44.417645],[-122.621139,44.418802],[-122.622095,44.421178],[-122.620463,44.42499],[-122.613217,44.422913],[-122.612928,44.425167],[-122.615493,44.425396],[-122.61672,44.426949]]]},"properties":{"OBJECTID":78,"fhdFtrID":79,"fhdRefID":53718,"fhdRevDt":"20190426","fhdONm":"Kevin Stertz","fhdOEnt":"ODFW","fhdSpNm":"YP","fhdRun":"NA","fhdLifeHst":"Resident","fhdUseTy":"ResidentMultipleUses","fhdBasis":"DocObsFish","fhdStNm":"Foster Reservoir","fhdGenus":"Perca","fhdSp":"flavescens","fhdSubSp":null,"fhdOrig":"NonNative","fhdProd":"Natural","fhdComment":null,"fhdESH":"NA","fhdBasisD":null,"fhdNMF":"no","fhdBasisDt":null,"fhdBasisNm":null,"fhdBasisEnt":null,"fhdBasisPrj":null,"fhdBasisMethod":null,"fhdAccess":null,"fhdBarrierFtrID":null,"fhdEndExtent":null,"Shape__Area":8343843.88449824,"Shape__Length":24726.40161282303,"habitatType":"lake"},"id":118},
{"type":"Feature","geometry":{"type":"Polygon","coordinates":[[[-117.238128,43.643285],[-117.243341,43.641465],[-117.238766,43.639102],[-117.237531,43.634508],[-117.240945,43.633101],[-117.246892,43.632583],[-117.249747,43.631253],[-117.252871,43.6311],[-117.253507,43.628987],[-117.26263,43.626746],[-117.265322,43.62408],[-117.265741,43.620946],[-117.26871,43.616331],[-117.270969,43.616304],[-117.274882,43.617716],[-117.277033,43.620697],[-117.278893,43.618892],[-117.283313,43.619277],[-117.286894,43.618839],[-117.290226,43.619822],[-117.292923,43.618736],[-117.295999,43.616047],[-117.296332,43.613023],[-117.298304,43.613221],[-117.300064,43.610487],[-117.302361,43.611234],[-117.303079,43.607502],[-117.308903,43.608726],[-117.310852,43.611322],[-117.313096,43.608786],[-117.317145,43.608528],[-117.321457,43.606091],[-117.32151,43.6012],[-117.322159,43.599049],[-117.325708,43.598983],[-117.328647,43.601392],[-117.332255,43.595238],[-117.332368,43.59301],[-117.330969,43.58841],[-117.33186,43.586511],[-117.336564,43.58595],[-117.338875,43.587761],[-117.339924,43.584621],[-117.34166,43.583446],[-117.344134,43.578643],[-117.34238,43.575086],[-117.345913,43.574355],[-117.349507,43.574898],[-117.35075,43.571203],[-117.355106,43.571097],[-117.352385,43.566153],[-117.362693,43.570019],[-117.365023,43.567773],[-117.370105,43.568895],[-117.369353,43.571794],[-117.370804,43.573396],[-117.369961,43.576338],[-117.372604,43.576347],[-117.37229,43.572325],[-117.374893,43.57117],[-117.372059,43.568373],[-117.37504,43.567224],[-117.378735,43.567087],[-117.382581,43.564638],[-117.38728,43.56465],[-117.393583,43.562197],[-117.396635,43.562267],[-117.400614,43.561358],[-117.394035,43.558922],[-117.390994,43.559005],[-117.388523,43.560215],[-117.386066,43.559746],[-117.374794,43.563322],[-117.367911,43.563704],[-117.364114,43.564474],[-117.358573,43.563478],[-117.35911,43.554822],[-117.357493,43.553543],[-117.357454,43.551304],[-117.355702,43.550135],[-117.355653,43.544432],[-117.356609,43.541111],[-117.356711,43.537472],[-117.357834,43.535803],[-117.362732,43.536942],[-117.367559,43.535354],[-117.369248,43.533629],[-117.369826,43.530528],[-117.368073,43.527856],[-117.368749,43.524996],[-117.364005,43.526222],[-117.361401,43.524033],[-117.360091,43.528029],[-117.357814,43.5287],[-117.354875,43.523558],[-117.350287,43.521216],[-117.349789,43.520277],[-117.351457,43.5101],[-117.354125,43.507382],[-117.354906,43.50405],[-117.35655,43.503358],[-117.356352,43.501031],[-117.352265,43.498235],[-117.346863,43.500436],[-117.343726,43.497996],[-117.341678,43.493742],[-117.342305,43.487281],[-117.352064,43.482146],[-117.354302,43.479785],[-117.35479,43.477424],[-117.353793,43.475311],[-117.348937,43.47175],[-117.341008,43.470188],[-117.34638,43.468227],[-117.345467,43.466273],[-117.342973,43.467344],[-117.337969,43.46739],[-117.339287,43.465177],[-117.348156,43.463885],[-117.350649,43.461408],[-117.353509,43.456033],[-117.352654,43.450797],[-117.348629,43.448542],[-117.350465,43.445484],[-117.357268,43.444818],[-117.358719,43.441436],[-117.362438,43.438508],[-117.362788,43.433952],[-117.355522,43.426248],[-117.352985,43.427858],[-117.348194,43.42585],[-117.347841,43.427848],[-117.345295,43.427481],[-117.340993,43.425385],[-117.34438,43.421207],[-117.349779,43.419652],[-117.349379,43.418093],[-117.34672,43.417183],[-117.341453,43.410043],[-117.342077,43.408078],[-117.338282,43.408079],[-117.338261,43.410093],[-117.330821,43.408349],[-117.325173,43.402948],[-117.326716,43.400176],[-117.323968,43.400324],[-117.320851,43.396411],[-117.321641,43.395016],[-117.315972,43.392854],[-117.316349,43.390532],[-117.31254,43.390367],[-117.313421,43.386876],[-117.3126,43.385515],[-117.314346,43.378527],[-117.317627,43.376002],[-117.316204,43.372219],[-117.318153,43.367443],[-117.316498,43.364122],[-117.313315,43.36129],[-117.312781,43.357898],[-117.319589,43.354692],[-117.321191,43.352924],[-117.32213,43.347429],[-117.324348,43.344152],[-117.323731,43.340062],[-117.318924,43.335808],[-117.319797,43.333569],[-117.32227,43.33246],[-117.330805,43.330576],[-117.334353,43.326876],[-117.329779,43.319784],[-117.331688,43.317116],[-117.337197,43.314068],[-117.338421,43.311883],[-117.342689,43.307244],[-117.343146,43.305037],[-117.347159,43.303093],[-117.35564,43.307745],[-117.357067,43.306361],[-117.364425,43.305113],[-117.366574,43.30389],[-117.375042,43.300991],[-117.377117,43.301386],[-117.381542,43.303887],[-117.387593,43.303471],[-117.387868,43.307368],[-117.393624,43.308925],[-117.396757,43.311237],[-117.401952,43.310618],[-117.402688,43.311658],[-117.408618,43.314056],[-117.411287,43.31353],[-117.414836,43.310989],[-117.417145,43.306514],[-117.419724,43.306324],[-117.427901,43.3084],[-117.433681,43.311546],[-117.433824,43.31253],[-117.440409,43.31462],[-117.445078,43.317314],[-117.446846,43.321287],[-117.444749,43.325086],[-117.447057,43.327374],[-117.451749,43.327166],[-117.449681,43.324253],[-117.452274,43.322974],[-117.452063,43.320974],[-117.446732,43.314357],[-117.442943,43.313004],[-117.441454,43.310959],[-117.436786,43.309003],[-117.435132,43.307171],[-117.432983,43.306739],[-117.432915,43.304317],[-117.43151,43.302845],[-117.431728,43.300348],[-117.424926,43.302492],[-117.418357,43.302257],[-117.416312,43.305409],[-117.414161,43.307279],[-117.409268,43.307107],[-117.402421,43.305972],[-117.400624,43.30691],[-117.39658,43.30673],[-117.393448,43.303761],[-117.388692,43.300952],[-117.386309,43.301374],[-117.384316,43.303126],[-117.380641,43.302392],[-117.377923,43.299547],[-117.370395,43.299368],[-117.363918,43.30126],[-117.361047,43.303653],[-117.355345,43.304265],[-117.352284,43.301988],[-117.344865,43.301518],[-117.340132,43.303885],[-117.33769,43.306971],[-117.335039,43.312949],[-117.326147,43.318099],[-117.325456,43.320109],[-117.328472,43.32551],[-117.328112,43.32748],[-117.323518,43.328452],[-117.316382,43.332268],[-117.315488,43.333997],[-117.317255,43.336939],[-117.315496,43.339371],[-117.316872,43.34059],[-117.316421,43.342725],[-117.314338,43.345942],[-117.304906,43.347215],[-117.303476,43.349015],[-117.302039,43.354417],[-117.303761,43.357046],[-117.303407,43.361608],[-117.306694,43.365961],[-117.30695,43.368267],[-117.310108,43.375233],[-117.3102,43.377462],[-117.308137,43.383517],[-117.305375,43.388402],[-117.305939,43.39113],[-117.309318,43.392695],[-117.310342,43.395061],[-117.30712,43.397487],[-117.297914,43.396031],[-117.303356,43.398969],[-117.309092,43.399414],[-117.313842,43.398113],[-117.317351,43.400264],[-117.319693,43.405408],[-117.325724,43.410413],[-117.330702,43.413629],[-117.330402,43.416802],[-117.326299,43.419805],[-117.326043,43.42176],[-117.327437,43.425514],[-117.335029,43.426501],[-117.335316,43.427923],[-117.333735,43.431217],[-117.335055,43.434082],[-117.337647,43.436348],[-117.339213,43.436249],[-117.341987,43.438455],[-117.345067,43.437916],[-117.343633,43.446804],[-117.342782,43.44816],[-117.344127,43.453923],[-117.343736,43.456915],[-117.335312,43.457861],[-117.332404,43.457093],[-117.331741,43.458893],[-117.327717,43.460283],[-117.324441,43.465251],[-117.33038,43.468258],[-117.331278,43.472369],[-117.332847,43.474922],[-117.336247,43.476667],[-117.336202,43.478983],[-117.340656,43.476517],[-117.345563,43.476577],[-117.348135,43.478222],[-117.344902,43.479832],[-117.341366,43.479734],[-117.341541,43.481342],[-117.338435,43.482177],[-117.333559,43.48495],[-117.333371,43.486789],[-117.335618,43.487552],[-117.338068,43.492448],[-117.338194,43.496493],[-117.339409,43.498804],[-117.337483,43.502107],[-117.333867,43.504221],[-117.340293,43.506442],[-117.342919,43.509323],[-117.345018,43.513154],[-117.343654,43.515548],[-117.345661,43.516156],[-117.344193,43.521997],[-117.347439,43.526464],[-117.343043,43.529643],[-117.346483,43.529752],[-117.349929,43.526815],[-117.352306,43.528131],[-117.354647,43.531561],[-117.35277,43.532786],[-117.35103,43.537765],[-117.346761,43.539945],[-117.343806,43.545358],[-117.347589,43.54977],[-117.347116,43.552954],[-117.349434,43.554666],[-117.348688,43.556609],[-117.345232,43.55773],[-117.347309,43.559743],[-117.344207,43.561402],[-117.342976,43.56008],[-117.34032,43.562347],[-117.343537,43.563729],[-117.343508,43.56677],[-117.342241,43.568434],[-117.33578,43.571904],[-117.330617,43.573667],[-117.334778,43.575445],[-117.337777,43.579885],[-117.33392,43.583102],[-117.330794,43.582976],[-117.32535,43.584552],[-117.324663,43.587478],[-117.327429,43.593021],[-117.32647,43.595607],[-117.319001,43.592193],[-117.314938,43.594922],[-117.312808,43.593884],[-117.311358,43.597205],[-117.312725,43.600784],[-117.315981,43.60276],[-117.314153,43.604132],[-117.3116,43.602452],[-117.306789,43.600674],[-117.301992,43.602068],[-117.297452,43.604136],[-117.293712,43.609087],[-117.291,43.609339],[-117.289247,43.610947],[-117.288142,43.614371],[-117.275519,43.613879],[-117.273435,43.611936],[-117.261621,43.610169],[-117.256846,43.610985],[-117.253861,43.612443],[-117.254296,43.614749],[-117.25647,43.616945],[-117.245777,43.620349],[-117.241389,43.622667],[-117.23814,43.622328],[-117.236419,43.625446],[-117.234515,43.626254],[-117.23176,43.630075],[-117.229736,43.631229],[-117.229377,43.636235],[-117.23,43.639736],[-117.233198,43.641914],[-117.238128,43.643285]],[[-117.364159,43.530097],[-117.362109,43.531761],[-117.358895,43.532388],[-117.358253,43.530917],[-117.364159,43.530097]]]},"properties":{"OBJECTID":79,"fhdFtrID":80,"fhdRefID":53718,"fhdRevDt":"20190508","fhdONm":"Kevin Stertz","fhdOEnt":"ODFW","fhdSpNm":"YP","fhdRun":"NA","fhdLifeHst":"Resident","fhdUseTy":"ResidentMultipleUses","fhdBasis":"DocObsFish","fhdStNm":"Owyhee Reservoir","fhdGenus":"Perca","fhdSp":"flavescens","fhdSubSp":null,"fhdOrig":"NonNative","fhdProd":"Natural","fhdComment":null,"fhdESH":"NA","fhdBasisD":null,"fhdNMF":"no","fhdBasisDt":"20170000","fhdBasisNm":"Kevin Stertz","fhdBasisEnt":null,"fhdBasisPrj":null,"fhdBasisMethod":"Boat Electrofisher","fhdAccess":null,"fhdBarrierFtrID":null,"fhdEndExtent":null,"Shape__Area":85251208.81921154,"Shape__Length":319417.8155288524,"habitatType":"lake"},"id":119},
{"type":"Feature","geometry":{"type":"Polygon","coordinates":[[[-122.018077,42.150796],[-122.021705,42.150639],[-122.026448,42.149512],[-122.03491,42.149821],[-122.036696,42.147615],[-122.037989,42.143267],[-122.035837,42.1391],[-122.033131,42.136766],[-122.031959,42.134257],[-122.038179,42.129389],[-122.04183,42.128204],[-122.045278,42.124616],[-122.043461,42.123622],[-122.042076,42.126151],[-122.03888,42.12789],[-122.03103,42.133142],[-122.030999,42.137984],[-122.033491,42.140022],[-122.033939,42.143102],[-122.03624,42.144694],[-122.034483,42.148718],[-122.028699,42.148046],[-122.024804,42.148347],[-122.018077,42.150796]]]},"properties":{"OBJECTID":80,"fhdFtrID":81,"fhdRefID":53580,"fhdRevDt":"20190501","fhdONm":"Jay Stevens","fhdOEnt":"BLM","fhdSpNm":"YP","fhdRun":"NA","fhdLifeHst":"Resident","fhdUseTy":"ResidentMultipleUses","fhdBasis":"DocObsFish","fhdStNm":"John C Boyle Reservoir","fhdGenus":"Perca","fhdSp":"flavescens","fhdSubSp":null,"fhdOrig":"NonNative","fhdProd":"Natural","fhdComment":null,"fhdESH":"NA","fhdBasisD":null,"fhdNMF":"no","fhdBasisDt":null,"fhdBasisNm":null,"fhdBasisEnt":null,"fhdBasisPrj":null,"fhdBasisMethod":null,"fhdAccess":null,"fhdBarrierFtrID":null,"fhdEndExtent":null,"Shape__Area":1352961.49781106,"Shape__Length":15250.925992162365,"habitatType":"lake"},"id":120},
{"type":"Feature","geometry":{"type":"Polygon","coordinates":[[[-121.02437,42.113702],[-121.021217,42.115204],[-121.024199,42.12014],[-121.026789,42.116106],[-121.02437,42.113702]]]},"properties":{"OBJECTID":81,"fhdFtrID":82,"fhdRefID":53580,"fhdRevDt":"20190501","fhdONm":"Jay Stevens","fhdOEnt":"BLM","fhdSpNm":"YP","fhdRun":"NA","fhdLifeHst":"Resident","fhdUseTy":"ResidentMultipleUses","fhdBasis":"UndocObsFish","fhdStNm":"Upper Midway Reservoir","fhdGenus":"Perca","fhdSp":"flavescens","fhdSubSp":null,"fhdOrig":"NonNative","fhdProd":"Natural","fhdComment":null,"fhdESH":"NA","fhdBasisD":null,"fhdNMF":"no","fhdBasisDt":null,"fhdBasisNm":null,"fhdBasisEnt":null,"fhdBasisPrj":null,"fhdBasisMethod":null,"fhdAccess":null,"fhdBarrierFtrID":null,"fhdEndExtent":null,"Shape__Area":364028.906889515,"Shape__Length":2541.3669496885086,"habitatType":"lake"},"id":121},
{"type":"Feature","geometry":{"type":"Polygon","coordinates":[[[-121.337776,42.110334],[-121.340478,42.110173],[-121.334889,42.105174],[-121.331608,42.103341],[-121.327702,42.102524],[-121.329346,42.105987],[-121.32869,42.107354],[-121.332708,42.109099],[-121.337776,42.110334]]]},"properties":{"OBJECTID":82,"fhdFtrID":83,"fhdRefID":53713,"fhdRevDt":"20190501","fhdONm":"Matthew Neilson","fhdOEnt":"USGS","fhdSpNm":"YP","fhdRun":"NA","fhdLifeHst":"Resident","fhdUseTy":"ResidentMultipleUses","fhdBasis":"DocObsHabitat","fhdStNm":"Smith Reservoir","fhdGenus":"Perca","fhdSp":"flavescens","fhdSubSp":null,"fhdOrig":"NonNative","fhdProd":"Natural","fhdComment":null,"fhdESH":"NA","fhdBasisD":null,"fhdNMF":"no","fhdBasisDt":null,"fhdBasisNm":null,"fhdBasisEnt":null,"fhdBasisPrj":null,"fhdBasisMethod":null,"fhdAccess":null,"fhdBarrierFtrID":null,"fhdEndExtent":null,"Shape__Area":771739.08570874,"Shape__Length":4551.312346936167,"habitatType":"lake"},"id":122},
{"type":"Feature","geometry":{"type":"Polygon","coordinates":[[[-121.63256,42.163769],[-121.634968,42.164521],[-121.640423,42.163738],[-121.645824,42.161852],[-121.654288,42.159917],[-121.659252,42.159419],[-121.662744,42.158207],[-121.662818,42.156099],[-121.658332,42.157799],[-121.651987,42.158077],[-121.646799,42.160195],[-121.643419,42.160786],[-121.638816,42.15961],[-121.635141,42.161107],[-121.63256,42.163769]],[[-121.634591,42.163474],[-121.635479,42.16238],[-121.640822,42.161021],[-121.640083,42.162876],[-121.634591,42.163474]]]},"properties":{"OBJECTID":83,"fhdFtrID":84,"fhdRefID":53713,"fhdRevDt":"20190501","fhdONm":"Matthew Neilson","fhdOEnt":"USGS","fhdSpNm":"YP","fhdRun":"NA","fhdLifeHst":"Resident","fhdUseTy":"ResidentMultipleUses","fhdBasis":"DocObsHabitat","fhdStNm":"Lost River Pool","fhdGenus":"Perca","fhdSp":"flavescens","fhdSubSp":null,"fhdOrig":"NonNative","fhdProd":"Natural","fhdComment":null,"fhdESH":"NA","fhdBasisD":null,"fhdNMF":"no","fhdBasisDt":null,"fhdBasisNm":null,"fhdBasisEnt":null,"fhdBasisPrj":null,"fhdBasisMethod":null,"fhdAccess":null,"fhdBarrierFtrID":null,"fhdEndExtent":null,"Shape__Area":1500356.088719275,"Shape__Length":21456.58668663756,"habitatType":"lake"},"id":123},
{"type":"Feature","geometry":{"type":"Polygon","coordinates":[[[-121.222562,42.006547],[-121.2242,42.00622],[-121.223168,42.002829],[-121.221802,42.001525],[-121.216842,42.001609],[-121.208568,41.996652],[-121.204714,41.997728],[-121.20171,41.99723],[-121.197661,41.994834],[-121.192353,41.992553],[-121.183474,41.991882],[-121.190052,41.994507],[-121.196931,41.995444],[-121.200332,41.997335],[-121.205045,41.998199],[-121.208365,41.997154],[-121.216562,42.002641],[-121.22139,42.002771],[-121.222562,42.006547]]]},"properties":{"OBJECTID":84,"fhdFtrID":85,"fhdRefID":53713,"fhdRevDt":"20190501","fhdONm":"Matthew Neilson","fhdOEnt":"USGS","fhdSpNm":"YP","fhdRun":"NA","fhdLifeHst":"Resident","fhdUseTy":"ResidentMultipleUses","fhdBasis":"DocObsHabitat","fhdStNm":"Malone Pool","fhdGenus":"Perca","fhdSp":"flavescens","fhdSubSp":null,"fhdOrig":"NonNative","fhdProd":"Natural","fhdComment":null,"fhdESH":"NA","fhdBasisD":null,"fhdNMF":"no","fhdBasisDt":null,"fhdBasisNm":null,"fhdBasisEnt":null,"fhdBasisPrj":null,"fhdBasisMethod":null,"fhdAccess":null,"fhdBarrierFtrID":null,"fhdEndExtent":null,"Shape__Area":911423.52050977,"Shape__Length":24232.63931882378,"habitatType":"lake"},"id":124},
{"type":"Feature","geometry":{"type":"Polygon","coordinates":[[[-118.805276,42.9576],[-118.808168,42.960619],[-118.81218,42.959806],[-118.808997,42.954406],[-118.803782,42.949659],[-118.7983,42.946009],[-118.796917,42.947886],[-118.799046,42.950399],[-118.801966,42.955772],[-118.805276,42.9576]]]},"properties":{"OBJECTID":85,"fhdFtrID":86,"fhdRefID":53713,"fhdRevDt":"20190501","fhdONm":"Matthew Neilson","fhdOEnt":"USGS","fhdSpNm":"YP","fhdRun":"NA","fhdLifeHst":"Resident","fhdUseTy":"ResidentMultipleUses","fhdBasis":"DocObsHabitat","fhdStNm":"Krumbo Reservoir","fhdGenus":"Perca","fhdSp":"flavescens","fhdSubSp":null,"fhdOrig":"NonNative","fhdProd":"Natural","fhdComment":null,"fhdESH":"NA","fhdBasisD":null,"fhdNMF":"no","fhdBasisDt":null,"fhdBasisNm":null,"fhdBasisEnt":null,"fhdBasisPrj":null,"fhdBasisMethod":null,"fhdAccess":null,"fhdBarrierFtrID":null,"fhdEndExtent":null,"Shape__Area":1655811.84992363,"Shape__Length":8605.195534621193,"habitatType":"lake"},"id":125},
{"type":"Feature","geometry":{"type":"Polygon","coordinates":[[[-118.713006,43.383418],[-118.719413,43.383679],[-118.721352,43.379984],[-118.723127,43.38097],[-118.727796,43.380711],[-118.72711,43.377779],[-118.724022,43.371734],[-118.719166,43.364969],[-118.719345,43.362533],[-118.722476,43.354113],[-118.727005,43.356005],[-118.729227,43.360345],[-118.725167,43.362443],[-118.724974,43.366855],[-118.723689,43.369238],[-118.725977,43.370389],[-118.725438,43.37326],[-118.731496,43.375397],[-118.734578,43.373547],[-118.74043,43.372551],[-118.744866,43.370589],[-118.750007,43.373177],[-118.756773,43.373702],[-118.765895,43.367999],[-118.765178,43.361435],[-118.76314,43.360007],[-118.760132,43.359589],[-118.765083,43.356655],[-118.770048,43.354626],[-118.773742,43.352257],[-118.778495,43.351457],[-118.784879,43.353412],[-118.790189,43.352782],[-118.792602,43.354324],[-118.795738,43.353606],[-118.798152,43.355988],[-118.795993,43.357573],[-118.794556,43.360152],[-118.791367,43.360915],[-118.789577,43.359537],[-118.784891,43.361419],[-118.784506,43.363987],[-118.779713,43.368947],[-118.784617,43.368838],[-118.784122,43.366347],[-118.789771,43.365464],[-118.790148,43.363988],[-118.794962,43.361618],[-118.796347,43.358029],[-118.799197,43.355472],[-118.801273,43.354824],[-118.806154,43.35663],[-118.808778,43.35674],[-118.813118,43.355318],[-118.816457,43.353458],[-118.81899,43.349336],[-118.824893,43.346965],[-118.828547,43.347612],[-118.834728,43.345377],[-118.83396,43.344214],[-118.837665,43.340048],[-118.840898,43.340058],[-118.843567,43.339081],[-118.845436,43.335282],[-118.848691,43.334233],[-118.846078,43.339409],[-118.842697,43.343504],[-118.844645,43.345764],[-118.840954,43.346802],[-118.841917,43.348317],[-118.845136,43.349682],[-118.84603,43.346845],[-118.849143,43.347014],[-118.849012,43.343184],[-118.846981,43.340501],[-118.851882,43.338781],[-118.85291,43.337233],[-118.853418,43.332289],[-118.850762,43.328026],[-118.847855,43.320349],[-118.850853,43.318697],[-118.852884,43.320907],[-118.852465,43.323575],[-118.855982,43.322992],[-118.86371,43.324124],[-118.864387,43.324848],[-118.86437,43.338897],[-118.866152,43.339285],[-118.867984,43.337435],[-118.872615,43.336577],[-118.879355,43.33271],[-118.882829,43.331855],[-118.886616,43.334321],[-118.892932,43.333127],[-118.888813,43.331715],[-118.886356,43.329909],[-118.884431,43.330413],[-118.880331,43.325582],[-118.88204,43.323305],[-118.88044,43.321938],[-118.876053,43.322881],[-118.876227,43.325946],[-118.872994,43.325612],[-118.873789,43.323142],[-118.876053,43.322016],[-118.876078,43.319939],[-118.881112,43.317954],[-118.883798,43.315348],[-118.879454,43.314787],[-118.878818,43.312575],[-118.881647,43.308016],[-118.885908,43.308293],[-118.889846,43.307663],[-118.891545,43.306023],[-118.894085,43.30547],[-118.901892,43.305857],[-118.910512,43.304734],[-118.910488,43.306391],[-118.915898,43.309553],[-118.916477,43.307128],[-118.920009,43.306601],[-118.923586,43.304302],[-118.92176,43.303216],[-118.923714,43.301383],[-118.928809,43.300791],[-118.930026,43.299271],[-118.935886,43.298525],[-118.932881,43.296928],[-118.925984,43.296466],[-118.92153,43.294863],[-118.921958,43.29302],[-118.9276,43.291769],[-118.929666,43.292466],[-118.9334,43.291901],[-118.938606,43.292175],[-118.941791,43.290738],[-118.946569,43.290743],[-118.947853,43.288811],[-118.935826,43.288768],[-118.931883,43.287977],[-118.927188,43.289091],[-118.923259,43.288251],[-118.920856,43.284217],[-118.917108,43.284019],[-118.9168,43.282516],[-118.913864,43.281632],[-118.917192,43.27992],[-118.913489,43.278262],[-118.910853,43.278876],[-118.908073,43.280862],[-118.906827,43.279654],[-118.902695,43.280855],[-118.897851,43.280354],[-118.896906,43.277961],[-118.892942,43.275128],[-118.893146,43.273866],[-118.886368,43.26961],[-118.887651,43.262109],[-118.890341,43.261923],[-118.88777,43.257799],[-118.887091,43.255533],[-118.884504,43.253801],[-118.885031,43.263506],[-118.88516,43.272669],[-118.87586,43.272642],[-118.871206,43.268732],[-118.86304,43.269873],[-118.856207,43.26713],[-118.848868,43.268545],[-118.843881,43.268063],[-118.839137,43.27195],[-118.835254,43.271259],[-118.831619,43.271403],[-118.830148,43.272989],[-118.830817,43.276166],[-118.828573,43.280079],[-118.823976,43.280579],[-118.820978,43.278203],[-118.817771,43.278302],[-118.814436,43.276607],[-118.815075,43.273051],[-118.816299,43.271744],[-118.814233,43.270208],[-118.810854,43.271602],[-118.803013,43.273604],[-118.802832,43.275859],[-118.79783,43.277348],[-118.7911,43.278174],[-118.780169,43.282107],[-118.775706,43.284679],[-118.766954,43.286004],[-118.762016,43.289037],[-118.76106,43.291731],[-118.761899,43.293954],[-118.761296,43.296413],[-118.760266,43.306384],[-118.758106,43.310251],[-118.755173,43.312703],[-118.75105,43.314841],[-118.746295,43.318393],[-118.744231,43.320611],[-118.739374,43.327473],[-118.734972,43.331811],[-118.730747,43.331522],[-118.734403,43.325385],[-118.736734,43.326174],[-118.739933,43.32266],[-118.740562,43.320448],[-118.743175,43.317192],[-118.742058,43.312479],[-118.737742,43.309408],[-118.732505,43.31003],[-118.73098,43.311386],[-118.730884,43.31435],[-118.727692,43.31631],[-118.730274,43.32278],[-118.727638,43.324712],[-118.724893,43.324154],[-118.721517,43.32185],[-118.716496,43.321462],[-118.708296,43.322896],[-118.705433,43.324669],[-118.703854,43.32355],[-118.698202,43.325598],[-118.694946,43.323897],[-118.694277,43.322541],[-118.689835,43.326592],[-118.693451,43.330762],[-118.697271,43.332447],[-118.695437,43.335833],[-118.695176,43.350492],[-118.696613,43.351979],[-118.695087,43.353439],[-118.697591,43.355096],[-118.697329,43.357807],[-118.692342,43.355694],[-118.691297,43.35795],[-118.692501,43.360403],[-118.696066,43.362785],[-118.693223,43.366226],[-118.694887,43.370836],[-118.693367,43.372608],[-118.694625,43.375507],[-118.698435,43.378835],[-118.700598,43.379926],[-118.703413,43.379638],[-118.703056,43.376649],[-118.70478,43.373732],[-118.702695,43.372075],[-118.702477,43.369238],[-118.704123,43.367739],[-118.70614,43.36877],[-118.706916,43.374083],[-118.70973,43.374269],[-118.712415,43.3721],[-118.710908,43.367743],[-118.713961,43.364845],[-118.714814,43.370184],[-118.714243,43.37295],[-118.71957,43.373673],[-118.719555,43.374885],[-118.722179,43.377438],[-118.720936,43.379733],[-118.718225,43.376396],[-118.716881,43.379919],[-118.714124,43.380821],[-118.713006,43.383418]],[[-118.859343,43.314868],[-118.853773,43.313444],[-118.85326,43.310728],[-118.859886,43.307487],[-118.861511,43.30994],[-118.865937,43.309499],[-118.870028,43.313261],[-118.875489,43.310757],[-118.878081,43.312355],[-118.879093,43.31516],[-118.87688,43.318589],[-118.874242,43.318631],[-118.876029,43.32167],[-118.869843,43.32339],[-118.868875,43.325631],[-118.870584,43.327939],[-118.874276,43.32886],[-118.873236,43.333679],[-118.86901,43.333094],[-118.865708,43.331235],[-118.864759,43.328931],[-118.867592,43.327662],[-118.86771,43.325181],[-118.869016,43.323496],[-118.865294,43.322258],[-118.863384,43.320656],[-118.866335,43.318257],[-118.86544,43.316704],[-118.859343,43.314868]],[[-118.872787,43.291841],[-118.865333,43.290385],[-118.860312,43.28665],[-118.860307,43.280235],[-118.859432,43.274874],[-118.85714,43.274002],[-118.858325,43.271653],[-118.855823,43.26947],[-118.863311,43.270279],[-118.870512,43.269496],[-118.873934,43.274334],[-118.870233,43.276773],[-118.871429,43.278452],[-118.869225,43.283029],[-118.86919,43.285444],[-118.873511,43.286792],[-118.872787,43.291841]],[[-118.72553,43.354348],[-118.724048,43.353169],[-118.726669,43.348015],[-118.73125,43.34135],[-118.732201,43.335774],[-118.735095,43.334544],[-118.73561,43.339038],[-118.735031,43.340076],[-118.733789,43.347403],[-118.731673,43.352441],[-118.73041,43.353957],[-118.726644,43.355187],[-118.72553,43.354348]],[[-118.886155,43.299447],[-118.884632,43.297213],[-118.881439,43.296838],[-118.882854,43.29421],[-118.880219,43.292524],[-118.882977,43.291148],[-118.887597,43.290991],[-118.887201,43.288142],[-118.890319,43.287381],[-118.88919,43.290465],[-118.891879,43.29175],[-118.893447,43.294308],[-118.892731,43.29816],[-118.890266,43.298087],[-118.886155,43.299447]],[[-118.850672,43.282285],[-118.849561,43.284135],[-118.846564,43.283812],[-118.844437,43.282233],[-118.843121,43.279434],[-118.843135,43.276767],[-118.848445,43.276886],[-118.848997,43.28222],[-118.850672,43.282285]],[[-118.870443,43.307362],[-118.867922,43.303137],[-118.869649,43.301868],[-118.873639,43.30258],[-118.877873,43.302582],[-118.878578,43.303521],[-118.874643,43.306146],[-118.872313,43.305731],[-118.870443,43.307362]],[[-118.725628,43.331919],[-118.722039,43.327689],[-118.719017,43.327635],[-118.717086,43.329018],[-118.714372,43.327795],[-118.718505,43.325105],[-118.723708,43.326887],[-118.725581,43.329894],[-118.725628,43.331919]],[[-118.700721,43.330701],[-118.696781,43.327876],[-118.699247,43.327414],[-118.701938,43.328286],[-118.705975,43.328401],[-118.703292,43.330542],[-118.700721,43.330701]],[[-118.732041,43.332504],[-118.731542,43.339517],[-118.730054,43.33954],[-118.72926,43.333213],[-118.732041,43.332504]],[[-118.706208,43.349041],[-118.708952,43.347032],[-118.711096,43.349249],[-118.706208,43.349041]]]},"properties":{"OBJECTID":86,"fhdFtrID":87,"fhdRefID":53585,"fhdRevDt":"20190501","fhdONm":"Wayne Wood","fhdOEnt":"OSU","fhdSpNm":"YP","fhdRun":"NA","fhdLifeHst":"Resident","fhdUseTy":"ResidentMultipleUses","fhdBasis":"DocObsFish","fhdStNm":"Malheur Lake","fhdGenus":"Perca","fhdSp":"flavescens","fhdSubSp":null,"fhdOrig":"NonNative","fhdProd":"Natural","fhdComment":null,"fhdESH":"NA","fhdBasisD":null,"fhdNMF":"no","fhdBasisDt":null,"fhdBasisNm":null,"fhdBasisEnt":null,"fhdBasisPrj":null,"fhdBasisMethod":null,"fhdAccess":null,"fhdBarrierFtrID":null,"fhdEndExtent":null,"Shape__Area":213936262.75880128,"Shape__Length":307126.606568195,"habitatType":"lake"},"id":126},
{"type":"Feature","geometry":{"type":"Polygon","coordinates":[[[-122.605405,42.16171],[-122.609611,42.160747],[-122.613366,42.159],[-122.61575,42.160267],[-122.617417,42.159245],[-122.61441,42.154788],[-122.616916,42.151883],[-122.62034,42.152046],[-122.621113,42.150289],[-122.619678,42.145996],[-122.620863,42.143212],[-122.624228,42.144034],[-122.621767,42.139273],[-122.619374,42.136019],[-122.615872,42.137559],[-122.613857,42.137105],[-122.612814,42.133471],[-122.609694,42.133521],[-122.608619,42.136146],[-122.613116,42.141118],[-122.613067,42.14551],[-122.611416,42.146878],[-122.611943,42.150858],[-122.609791,42.154027],[-122.603305,42.154705],[-122.597096,42.147455],[-122.597604,42.145967],[-122.595065,42.142607],[-122.590977,42.139995],[-122.588682,42.139342],[-122.584834,42.14017],[-122.576611,42.13884],[-122.581266,42.141304],[-122.58993,42.142795],[-122.595009,42.14992],[-122.597379,42.151825],[-122.598066,42.154438],[-122.603913,42.158405],[-122.605405,42.16171]]]},"properties":{"OBJECTID":87,"fhdFtrID":88,"fhdRefID":53580,"fhdRevDt":"20190501","fhdONm":"Jay Stevens","fhdOEnt":"BLM","fhdSpNm":"YP","fhdRun":"NA","fhdLifeHst":"Resident","fhdUseTy":"ResidentMultipleUses","fhdBasis":"DocObsFish","fhdStNm":"Emigrant Reservoir","fhdGenus":"Perca","fhdSp":"flavescens","fhdSubSp":null,"fhdOrig":"NonNative","fhdProd":"Natural","fhdComment":null,"fhdESH":"NA","fhdBasisD":null,"fhdNMF":"no","fhdBasisDt":null,"fhdBasisNm":null,"fhdBasisEnt":null,"fhdBasisPrj":null,"fhdBasisMethod":null,"fhdAccess":null,"fhdBarrierFtrID":null,"fhdEndExtent":null,"Shape__Area":5746351.01259549,"Shape__Length":28754.584222983765,"habitatType":"lake"},"id":127},
{"type":"Feature","geometry":{"type":"Polygon","coordinates":[[[-119.310812,45.939106],[-119.31567,45.940203],[-119.321125,45.939297],[-119.327342,45.934783],[-119.332113,45.934799],[-119.337913,45.933141],[-119.348194,45.932595],[-119.34383,45.930408],[-119.35022,45.929485],[-119.361809,45.925937],[-119.365912,45.926374],[-119.371845,45.925708],[-119.370998,45.927491],[-119.361507,45.930358],[-119.364597,45.931547],[-119.367668,45.929511],[-119.380575,45.926857],[-119.389874,45.924448],[-119.394778,45.924175],[-119.409294,45.922156],[-119.417144,45.923254],[-119.434621,45.922532],[-119.448412,45.921166],[-119.461574,45.918422],[-119.472565,45.915891],[-119.484655,45.913528],[-119.487962,45.912572],[-119.488566,45.911075],[-119.495958,45.910594],[-119.500947,45.910696],[-119.506751,45.911935],[-119.520625,45.913488],[-119.523501,45.91265],[-119.535787,45.9159],[-119.540453,45.918923],[-119.546338,45.920503],[-119.558258,45.924623],[-119.55649,45.925631],[-119.551248,45.926212],[-119.546785,45.925872],[-119.544043,45.923826],[-119.543745,45.921874],[-119.540877,45.921259],[-119.54221,45.928877],[-119.538973,45.925668],[-119.535941,45.923951],[-119.532351,45.920802],[-119.528077,45.920422],[-119.526183,45.921387],[-119.528036,45.923384],[-119.535484,45.927022],[-119.537753,45.929929],[-119.528112,45.927217],[-119.525093,45.929717],[-119.53068,45.930196],[-119.533735,45.93431],[-119.537642,45.932885],[-119.542075,45.932151],[-119.546595,45.930714],[-119.550759,45.934378],[-119.554988,45.93457],[-119.555947,45.936452],[-119.551018,45.938804],[-119.556394,45.938881],[-119.562211,45.9374],[-119.570448,45.937373],[-119.57856,45.936719],[-119.580689,45.935222],[-119.583291,45.935429],[-119.589389,45.933629],[-119.599299,45.932661],[-119.606041,45.930855],[-119.609858,45.928396],[-119.614235,45.927769],[-119.62231,45.924634],[-119.627345,45.923747],[-119.630728,45.920261],[-119.634343,45.918908],[-119.637093,45.919452],[-119.644174,45.917289],[-119.645134,45.914958],[-119.65179,45.913019],[-119.658524,45.909808],[-119.658431,45.908453],[-119.672093,45.904047],[-119.678306,45.902655],[-119.685784,45.897747],[-119.696322,45.885276],[-119.70298,45.882665],[-119.706647,45.881974],[-119.712291,45.878502],[-119.715423,45.877267],[-119.732142,45.866181],[-119.745492,45.857516],[-119.750756,45.85521],[-119.751654,45.854215],[-119.759849,45.852371],[-119.770074,45.853488],[-119.774232,45.8552],[-119.774733,45.857295],[-119.772298,45.860019],[-119.771966,45.863162],[-119.759661,45.870385],[-119.747588,45.871197],[-119.750423,45.872286],[-119.759881,45.870511],[-119.764906,45.868955],[-119.771557,45.864878],[-119.772972,45.861698],[-119.778766,45.859089],[-119.780814,45.859528],[-119.781645,45.862161],[-119.784525,45.863028],[-119.792287,45.862513],[-119.797146,45.863013],[-119.798833,45.864395],[-119.812655,45.864982],[-119.818213,45.866287],[-119.821179,45.866193],[-119.825991,45.864805],[-119.827843,45.865106],[-119.833834,45.869273],[-119.842853,45.868519],[-119.849421,45.865929],[-119.856434,45.860991],[-119.861435,45.854759],[-119.862999,45.849818],[-119.865498,45.84572],[-119.870877,45.842389],[-119.879516,45.840296],[-119.885644,45.839625],[-119.889011,45.838283],[-119.894149,45.838142],[-119.904255,45.835447],[-119.916948,45.833892],[-119.923404,45.833871],[-119.928879,45.835429],[-119.936865,45.834579],[-119.941007,45.833345],[-119.948349,45.832752],[-119.959549,45.829844],[-119.9654,45.829947],[-119.976897,45.827706],[-119.984016,45.824863],[-119.991158,45.821542],[-119.99217,45.821629],[-120.003055,45.818089],[-120.005016,45.81792],[-120.014092,45.814119],[-120.020021,45.813134],[-120.022156,45.810761],[-120.025426,45.810801],[-120.029143,45.808954],[-120.032632,45.808977],[-120.044717,45.804176],[-120.049931,45.801584],[-120.060617,45.798459],[-120.064121,45.796995],[-120.06862,45.793711],[-120.073308,45.792729],[-120.077666,45.791045],[-120.081224,45.790447],[-120.091271,45.787626],[-120.101805,45.786889],[-120.109179,45.785181],[-120.11247,45.783907],[-120.121012,45.783848],[-120.122979,45.782932],[-120.126167,45.783278],[-120.130784,45.782008],[-120.134366,45.782114],[-120.143529,45.780654],[-120.150497,45.778803],[-120.15999,45.773717],[-120.167663,45.771339],[-120.17604,45.767266],[-120.177138,45.765654],[-120.183014,45.762753],[-120.185372,45.762166],[-120.187018,45.759863],[-120.185796,45.75795],[-120.190543,45.75319],[-120.197092,45.748359],[-120.200523,45.748545],[-120.204618,45.743248],[-120.209771,45.739979],[-120.214398,45.735827],[-120.216707,45.734757],[-120.220692,45.731526],[-120.224309,45.730242],[-120.224968,45.732249],[-120.230533,45.728946],[-120.242339,45.727143],[-120.252768,45.726879],[-120.263599,45.72542],[-120.272595,45.725424],[-120.277433,45.726254],[-120.290267,45.724426],[-120.309772,45.718577],[-120.314211,45.721259],[-120.314594,45.718912],[-120.321758,45.716384],[-120.32604,45.715314],[-120.340921,45.712696],[-120.341868,45.713568],[-120.349759,45.712798],[-120.364136,45.709684],[-120.36553,45.710215],[-120.374509,45.710118],[-120.384898,45.708122],[-120.38908,45.706309],[-120.391678,45.707089],[-120.39567,45.706937],[-120.40861,45.705175],[-120.41697,45.705331],[-120.432601,45.704182],[-120.46769,45.702309],[-120.476495,45.701462],[-120.48682,45.702911],[-120.494258,45.705085],[-120.503311,45.705766],[-120.505799,45.706776],[-120.509256,45.710469],[-120.524441,45.723282],[-120.535021,45.733629],[-120.54625,45.739357],[-120.555664,45.741821],[-120.558155,45.743274],[-120.564562,45.745353],[-120.58493,45.74969],[-120.587226,45.749558],[-120.59614,45.751297],[-120.607712,45.752072],[-120.622433,45.751807],[-120.625793,45.751356],[-120.639898,45.748277],[-120.649208,45.745363],[-120.658696,45.741615],[-120.667816,45.737449],[-120.67536,45.733501],[-120.679041,45.732202],[-120.679966,45.730375],[-120.682613,45.729805],[-120.685746,45.726822],[-120.688056,45.727047],[-120.692293,45.725187],[-120.692269,45.723624],[-120.696991,45.723103],[-120.699364,45.721606],[-120.696466,45.719302],[-120.688167,45.711059],[-120.682295,45.714174],[-120.672772,45.720678],[-120.658837,45.728501],[-120.652876,45.730265],[-120.650496,45.72999],[-120.646759,45.731711],[-120.64823,45.733763],[-120.645972,45.73595],[-120.641325,45.738307],[-120.633718,45.740415],[-120.627411,45.741053],[-120.616839,45.740807],[-120.607189,45.741612],[-120.601894,45.74146],[-120.594061,45.740584],[-120.583118,45.738124],[-120.579812,45.737768],[-120.57263,45.735799],[-120.56526,45.733063],[-120.557358,45.728938],[-120.551298,45.724714],[-120.540184,45.713508],[-120.532618,45.707237],[-120.523721,45.701678],[-120.510015,45.694587],[-120.501175,45.691642],[-120.49098,45.68899],[-120.484703,45.687858],[-120.47928,45.687695],[-120.471987,45.688103],[-120.469484,45.688757],[-120.463122,45.688698],[-120.441923,45.691102],[-120.419425,45.692016],[-120.408171,45.69317],[-120.391409,45.693005],[-120.388396,45.693251],[-120.36757,45.697699],[-120.353189,45.703529],[-120.341653,45.704141],[-120.334405,45.705097],[-120.32052,45.708229],[-120.303056,45.711404],[-120.283468,45.716582],[-120.2765,45.716711],[-120.266293,45.715726],[-120.260774,45.715575],[-120.251167,45.715946],[-120.245835,45.715187],[-120.241728,45.71736],[-120.234338,45.718356],[-120.217069,45.71966],[-120.209115,45.720791],[-120.209523,45.722853],[-120.205405,45.724038],[-120.202892,45.723232],[-120.199353,45.725607],[-120.191438,45.733016],[-120.187389,45.736339],[-120.179172,45.744755],[-120.175858,45.746817],[-120.169769,45.751823],[-120.169267,45.753715],[-120.163313,45.755929],[-120.156098,45.757188],[-120.146397,45.760848],[-120.142368,45.763501],[-120.137446,45.764996],[-120.137256,45.7668],[-120.133071,45.767933],[-120.130502,45.767635],[-120.121922,45.769191],[-120.116688,45.769517],[-120.105352,45.77121],[-120.103002,45.772401],[-120.094595,45.77327],[-120.09034,45.773222],[-120.079605,45.774743],[-120.066848,45.778291],[-120.065289,45.777677],[-120.060642,45.779618],[-120.051958,45.784405],[-120.049473,45.786175],[-120.045985,45.787069],[-120.034853,45.792599],[-120.028298,45.794708],[-120.024379,45.794789],[-120.012842,45.800975],[-120.004122,45.803784],[-119.99898,45.803981],[-119.98967,45.807495],[-119.981375,45.80871],[-119.97069,45.810852],[-119.968472,45.812059],[-119.963658,45.813026],[-119.958012,45.813427],[-119.956931,45.815944],[-119.953945,45.81912],[-119.944432,45.819763],[-119.937413,45.819719],[-119.934057,45.818474],[-119.928513,45.817887],[-119.915157,45.81969],[-119.913753,45.820715],[-119.9098,45.821274],[-119.907777,45.820571],[-119.895878,45.822394],[-119.890787,45.824487],[-119.886622,45.824732],[-119.884212,45.82654],[-119.871247,45.829634],[-119.863516,45.832435],[-119.861274,45.83379],[-119.853814,45.834704],[-119.849242,45.836109],[-119.84044,45.837264],[-119.837185,45.837116],[-119.831631,45.837874],[-119.823362,45.839614],[-119.799983,45.838255],[-119.797488,45.837394],[-119.788961,45.836658],[-119.784238,45.83715],[-119.779563,45.835433],[-119.771216,45.834789],[-119.75875,45.835453],[-119.753878,45.834908],[-119.747758,45.835152],[-119.727221,45.836521],[-119.723275,45.837263],[-119.717267,45.839184],[-119.717747,45.841548],[-119.710169,45.843798],[-119.707604,45.845959],[-119.702276,45.846854],[-119.701515,45.847847],[-119.691802,45.852827],[-119.688404,45.852449],[-119.680085,45.852619],[-119.673767,45.853414],[-119.67026,45.851187],[-119.665826,45.8518],[-119.66555,45.85497],[-119.661915,45.858276],[-119.652415,45.865601],[-119.647286,45.870842],[-119.63992,45.872753],[-119.629384,45.874858],[-119.619331,45.878411],[-119.618155,45.880117],[-119.614686,45.881616],[-119.607856,45.882825],[-119.608148,45.884624],[-119.613048,45.885367],[-119.612808,45.889261],[-119.608654,45.889493],[-119.605569,45.890487],[-119.606098,45.894068],[-119.60482,45.897885],[-119.602261,45.89935],[-119.598816,45.904457],[-119.599769,45.907429],[-119.596127,45.913551],[-119.590598,45.916064],[-119.590669,45.917791],[-119.586726,45.919311],[-119.576928,45.920772],[-119.568819,45.92001],[-119.559146,45.916698],[-119.543725,45.90988],[-119.542594,45.908964],[-119.536357,45.906796],[-119.52833,45.90505],[-119.512118,45.902214],[-119.50325,45.901804],[-119.49169,45.900758],[-119.483569,45.901907],[-119.474009,45.90173],[-119.468063,45.902971],[-119.456282,45.908551],[-119.445268,45.912221],[-119.433341,45.913483],[-119.428588,45.912748],[-119.420809,45.912281],[-119.414257,45.910788],[-119.409794,45.911324],[-119.408285,45.9123],[-119.401756,45.913143],[-119.396161,45.913333],[-119.387344,45.915375],[-119.384916,45.915073],[-119.369093,45.916791],[-119.364222,45.918154],[-119.352876,45.919113],[-119.350559,45.920819],[-119.341979,45.922708],[-119.336203,45.923258],[-119.326923,45.926002],[-119.328723,45.928196],[-119.323725,45.929535],[-119.314938,45.930385],[-119.313201,45.931959],[-119.303061,45.933248],[-119.297701,45.932271],[-119.298187,45.936346],[-119.299515,45.939824],[-119.303909,45.940005],[-119.310812,45.939106]],[[-119.804414,45.854662],[-119.808856,45.851339],[-119.813321,45.850269],[-119.816232,45.851306],[-119.818986,45.850165],[-119.823459,45.850016],[-119.834616,45.847267],[-119.844933,45.845718],[-119.8515,45.844323],[-119.854754,45.842693],[-119.85776,45.843223],[-119.855555,45.852519],[-119.853502,45.855941],[-119.851289,45.856633],[-119.848074,45.860396],[-119.841751,45.864171],[-119.837905,45.864495],[-119.829899,45.863455],[-119.823172,45.861532],[-119.821523,45.860474],[-119.813408,45.858056],[-119.807051,45.856883],[-119.804414,45.854662]],[[-119.614845,45.916916],[-119.61398,45.916225],[-119.617088,45.913131],[-119.622374,45.911708],[-119.625462,45.912348],[-119.621843,45.914735],[-119.618253,45.915214],[-119.614845,45.916916]],[[-119.611049,45.906866],[-119.613758,45.905269],[-119.614721,45.901994],[-119.616462,45.899432],[-119.620335,45.900445],[-119.615508,45.904336],[-119.611049,45.906866]],[[-119.601022,45.913225],[-119.600856,45.911756],[-119.602965,45.906315],[-119.604719,45.908886],[-119.601987,45.911097],[-119.601022,45.913225]]]},"properties":{"OBJECTID":88,"fhdFtrID":89,"fhdRefID":53585,"fhdRevDt":"20190501","fhdONm":"Wayne Wood","fhdOEnt":"OSU","fhdSpNm":"YP","fhdRun":"NA","fhdLifeHst":"Resident","fhdUseTy":"ResidentMultipleUses","fhdBasis":"DocObsFish","fhdStNm":"Lake Umatilla","fhdGenus":"Perca","fhdSp":"flavescens","fhdSubSp":null,"fhdOrig":"NonNative","fhdProd":"Natural","fhdComment":null,"fhdESH":"NA","fhdBasisD":null,"fhdNMF":"no","fhdBasisDt":null,"fhdBasisNm":null,"fhdBasisEnt":null,"fhdBasisPrj":null,"fhdBasisMethod":null,"fhdAccess":null,"fhdBarrierFtrID":null,"fhdEndExtent":null,"Shape__Area":416891569.81139374,"Shape__Length":553547.0915356288,"habitatType":"lake"},"id":128},
{"type":"Feature","geometry":{"type":"Polygon","coordinates":[[[-123.926032,44.686648],[-123.931047,44.685381],[-123.929232,44.68329],[-123.921986,44.685671],[-123.922185,44.688108],[-123.926032,44.686648]]]},"properties":{"OBJECTID":89,"fhdFtrID":90,"fhdRefID":53718,"fhdRevDt":"20190509","fhdONm":"Kevin Stertz","fhdOEnt":"ODFW","fhdSpNm":"YP","fhdRun":"NA","fhdLifeHst":"Resident","fhdUseTy":"ResidentMultipleUses","fhdBasis":"DocObsFish","fhdStNm":"Olalla Reservoir","fhdGenus":"Perca","fhdSp":"flavescens","fhdSubSp":null,"fhdOrig":"NonNative","fhdProd":"Natural","fhdComment":null,"fhdESH":"NA","fhdBasisD":null,"fhdNMF":"no","fhdBasisDt":"20180000","fhdBasisNm":"Kevin Stertz","fhdBasisEnt":"ODFW","fhdBasisPrj":null,"fhdBasisMethod":"Electrofisher","fhdAccess":null,"fhdBarrierFtrID":null,"fhdEndExtent":null,"Shape__Area":770061.587892165,"Shape__Length":9047.700873327389,"habitatType":"lake"},"id":129},
{"type":"Feature","geometry":{"type":"Polygon","coordinates":[[[-123.055365,43.716645],[-123.058682,43.716406],[-123.065126,43.713291],[-123.066291,43.711532],[-123.07343,43.706941],[-123.076922,43.70268],[-123.076643,43.695632],[-123.078366,43.692099],[-123.074961,43.688228],[-123.076269,43.686255],[-123.07488,43.684272],[-123.071167,43.682843],[-123.070877,43.685087],[-123.068432,43.688194],[-123.06804,43.694865],[-123.066551,43.697381],[-123.06432,43.697845],[-123.054622,43.702686],[-123.050814,43.707155],[-123.047818,43.708236],[-123.048953,43.711232],[-123.049592,43.715874],[-123.055365,43.716645]]]},"properties":{"OBJECTID":90,"fhdFtrID":91,"fhdRefID":53718,"fhdRevDt":"20190508","fhdONm":"Kevin Stertz","fhdOEnt":"ODFW","fhdSpNm":"YP","fhdRun":"NA","fhdLifeHst":"Resident","fhdUseTy":"ResidentMultipleUses","fhdBasis":"DocObsFish","fhdStNm":"Cottage Grove Reservoir","fhdGenus":"Perca","fhdSp":"flavescens","fhdSubSp":null,"fhdOrig":"NonNative","fhdProd":"Natural","fhdComment":null,"fhdESH":"NA","fhdBasisD":null,"fhdNMF":"no","fhdBasisDt":"20170000","fhdBasisNm":"Kevin Stertz","fhdBasisEnt":null,"fhdBasisPrj":null,"fhdBasisMethod":"Electrofisher","fhdAccess":null,"fhdBarrierFtrID":null,"fhdEndExtent":null,"Shape__Area":7949340.124322945,"Shape__Length":23674.51012774601,"habitatType":"lake"},"id":130},
{"type":"Feature","geometry":{"type":"Polygon","coordinates":[[[-122.949762,43.78998],[-122.955271,43.787386],[-122.953967,43.785126],[-122.95428,43.78123],[-122.953039,43.779734],[-122.950554,43.780397],[-122.948109,43.779496],[-122.944845,43.777041],[-122.93584,43.772897],[-122.933281,43.772724],[-122.931338,43.771322],[-122.928143,43.770977],[-122.923895,43.767764],[-122.920311,43.762211],[-122.917143,43.761514],[-122.913407,43.758035],[-122.909486,43.756286],[-122.906732,43.753051],[-122.902725,43.751177],[-122.89827,43.751483],[-122.901471,43.75401],[-122.897994,43.758273],[-122.900169,43.76195],[-122.900693,43.765637],[-122.903168,43.768027],[-122.901642,43.769366],[-122.904102,43.771122],[-122.908441,43.77151],[-122.911033,43.774476],[-122.913316,43.775299],[-122.916716,43.774669],[-122.921449,43.776134],[-122.923715,43.780448],[-122.92301,43.784653],[-122.927652,43.784412],[-122.933075,43.786884],[-122.934844,43.789444],[-122.942418,43.786927],[-122.945531,43.78809],[-122.94691,43.789799],[-122.949762,43.78998]]]},"properties":{"OBJECTID":91,"fhdFtrID":92,"fhdRefID":53718,"fhdRevDt":"20190508","fhdONm":"Kevin Stertz","fhdOEnt":"ODFW","fhdSpNm":"YP","fhdRun":"NA","fhdLifeHst":"Resident","fhdUseTy":"ResidentMultipleUses","fhdBasis":"DocObsFish","fhdStNm":"Dorena Reservoir","fhdGenus":"Perca","fhdSp":"flavescens","fhdSubSp":null,"fhdOrig":"NonNative","fhdProd":"Natural","fhdComment":null,"fhdESH":"NA","fhdBasisD":null,"fhdNMF":"no","fhdBasisDt":"20170000","fhdBasisNm":"Kevin Stertz","fhdBasisEnt":null,"fhdBasisPrj":null,"fhdBasisMethod":"Electrofisher","fhdAccess":null,"fhdBarrierFtrID":null,"fhdEndExtent":null,"Shape__Area":13243070.627173545,"Shape__Length":26273.16951746651,"habitatType":"lake"},"id":131},
{"type":"Feature","geometry":{"type":"Polygon","coordinates":[[[-124.166187,43.571508],[-124.163966,43.575168],[-124.16204,43.576791],[-124.158163,43.576749],[-124.15459,43.57774],[-124.152725,43.581252],[-124.154518,43.581765],[-124.154555,43.585619],[-124.152924,43.588453],[-124.148841,43.585469],[-124.144291,43.585902],[-124.14111,43.584718],[-124.136255,43.580805],[-124.136734,43.58451],[-124.138797,43.584912],[-124.142401,43.588136],[-124.140311,43.589642],[-124.136887,43.588731],[-124.134608,43.589411],[-124.133212,43.596178],[-124.131019,43.597496],[-124.125592,43.596375],[-124.121001,43.597239],[-124.120803,43.595697],[-124.113339,43.592123],[-124.115307,43.596899],[-124.117301,43.597235],[-124.115893,43.602206],[-124.118805,43.606107],[-124.115015,43.608319],[-124.110445,43.607963],[-124.105551,43.608604],[-124.095651,43.6129],[-124.096762,43.613799],[-124.10636,43.609929],[-124.110491,43.609439],[-124.114911,43.610152],[-124.12052,43.606779],[-124.120609,43.60482],[-124.118045,43.601122],[-124.118904,43.599867],[-124.125927,43.599154],[-124.126141,43.601794],[-124.129574,43.603039],[-124.132947,43.601214],[-124.134612,43.59819],[-124.137487,43.596235],[-124.138389,43.592183],[-124.143048,43.592208],[-124.145567,43.591139],[-124.146728,43.598754],[-124.145232,43.603523],[-124.143663,43.604403],[-124.143515,43.607043],[-124.144627,43.611489],[-124.146655,43.60992],[-124.145518,43.606185],[-124.147293,43.603718],[-124.148092,43.600118],[-124.149623,43.598536],[-124.147744,43.593575],[-124.151051,43.592875],[-124.156929,43.592546],[-124.159216,43.583248],[-124.156424,43.582313],[-124.156131,43.579966],[-124.160534,43.577049],[-124.16245,43.576841],[-124.164398,43.575092],[-124.166619,43.571477],[-124.166187,43.571508]]]},"properties":{"OBJECTID":92,"fhdFtrID":93,"fhdRefID":53718,"fhdRevDt":"20190508","fhdONm":"Kevin Stertz","fhdOEnt":"ODFW","fhdSpNm":"YP","fhdRun":"NA","fhdLifeHst":"Resident","fhdUseTy":"ResidentMultipleUses","fhdBasis":"DocObsFish","fhdStNm":"North Tenmile Lake","fhdGenus":"Perca","fhdSp":"flavescens","fhdSubSp":null,"fhdOrig":"NonNative","fhdProd":"Natural","fhdComment":null,"fhdESH":"NA","fhdBasisD":null,"fhdNMF":"no","fhdBasisDt":"20170000","fhdBasisNm":"Kevin Stertz","fhdBasisEnt":null,"fhdBasisPrj":null,"fhdBasisMethod":"Electrofisher","fhdAccess":null,"fhdBarrierFtrID":null,"fhdEndExtent":null,"Shape__Area":7235184.993485575,"Shape__Length":59640.477162137795,"habitatType":"lake"},"id":132},
{"type":"Feature","geometry":{"type":"Polygon","coordinates":[[[-124.116211,43.543954],[-124.11551,43.545554],[-124.11847,43.548393],[-124.120614,43.54866],[-124.122291,43.55112],[-124.128526,43.550951],[-124.127354,43.553141],[-124.124725,43.554635],[-124.123634,43.557797],[-124.119952,43.559332],[-124.116544,43.562792],[-124.113994,43.563118],[-124.110014,43.561455],[-124.108212,43.563346],[-124.113014,43.564735],[-124.119149,43.56368],[-124.119985,43.561543],[-124.124164,43.559462],[-124.127543,43.555967],[-124.129662,43.556738],[-124.131772,43.559032],[-124.135281,43.559906],[-124.135952,43.563339],[-124.135108,43.565238],[-124.131208,43.565943],[-124.132587,43.568145],[-124.136149,43.567893],[-124.140879,43.568531],[-124.144777,43.567717],[-124.149186,43.571689],[-124.151691,43.573141],[-124.155801,43.574342],[-124.162077,43.571622],[-124.166187,43.571508],[-124.166619,43.571477],[-124.169103,43.571181],[-124.1747,43.572447],[-124.175709,43.571465],[-124.172587,43.568201],[-124.16947,43.567134],[-124.167404,43.568479],[-124.162529,43.567403],[-124.161123,43.563195],[-124.163006,43.561302],[-124.16936,43.55887],[-124.170357,43.557914],[-124.17503,43.557533],[-124.174543,43.556709],[-124.17146,43.556075],[-124.166899,43.558372],[-124.161966,43.560043],[-124.159412,43.557908],[-124.16004,43.553886],[-124.155826,43.557503],[-124.159164,43.561783],[-124.157667,43.563779],[-124.158333,43.567554],[-124.160484,43.56927],[-124.153725,43.570059],[-124.151149,43.569382],[-124.151218,43.567175],[-124.153404,43.566874],[-124.152487,43.560968],[-124.147913,43.560717],[-124.143902,43.562053],[-124.141589,43.564183],[-124.140093,43.559714],[-124.142016,43.556589],[-124.141646,43.55471],[-124.137293,43.552377],[-124.136251,43.554197],[-124.133737,43.554852],[-124.131248,43.548186],[-124.129793,43.547823],[-124.123278,43.548756],[-124.117728,43.544389],[-124.116407,43.543781],[-124.115961,43.543942],[-124.116211,43.543954]]]},"properties":{"OBJECTID":93,"fhdFtrID":94,"fhdRefID":53718,"fhdRevDt":"20190508","fhdONm":"Kevin Stertz","fhdOEnt":"ODFW","fhdSpNm":"YP","fhdRun":"NA","fhdLifeHst":"Resident","fhdUseTy":"ResidentMultipleUses","fhdBasis":"DocObsFish","fhdStNm":"Tenmile Lake","fhdGenus":"Perca","fhdSp":"flavescens","fhdSubSp":null,"fhdOrig":"NonNative","fhdProd":"Natural","fhdComment":null,"fhdESH":"NA","fhdBasisD":null,"fhdNMF":"no","fhdBasisDt":"20170000","fhdBasisNm":"Kevin Stertz","fhdBasisEnt":null,"fhdBasisPrj":null,"fhdBasisMethod":"Electrofisher","fhdAccess":null,"fhdBarrierFtrID":null,"fhdEndExtent":null,"Shape__Area":9005880.917599645,"Shape__Length":56768.48081251962,"habitatType":"lake"},"id":133},
{"type":"Feature","geometry":{"type":"Polygon","coordinates":[[[-123.590101,43.05095],[-123.59115,43.051746],[-123.595386,43.050756],[-123.593963,43.049055],[-123.589742,43.050171],[-123.587398,43.048107],[-123.585953,43.048091],[-123.582831,43.045457],[-123.580436,43.044908],[-123.569958,43.045519],[-123.565842,43.046243],[-123.562706,43.045766],[-123.559562,43.046617],[-123.559517,43.043499],[-123.556254,43.040057],[-123.554211,43.041259],[-123.556098,43.046842],[-123.558814,43.049438],[-123.563447,43.048203],[-123.566022,43.049641],[-123.57171,43.047352],[-123.575317,43.047505],[-123.580564,43.04622],[-123.584359,43.0483],[-123.587413,43.048777],[-123.590101,43.05095]]]},"properties":{"OBJECTID":94,"fhdFtrID":95,"fhdRefID":53718,"fhdRevDt":"20190509","fhdONm":"Kevin Stertz","fhdOEnt":"ODFW","fhdSpNm":"YP","fhdRun":"NA","fhdLifeHst":"Resident","fhdUseTy":"ResidentMultipleUses","fhdBasis":"DocObsFish","fhdStNm":"Ben Irving Reservoir","fhdGenus":"Perca","fhdSp":"flavescens","fhdSubSp":null,"fhdOrig":"NonNative","fhdProd":"Natural","fhdComment":null,"fhdESH":"NA","fhdBasisD":null,"fhdNMF":"no","fhdBasisDt":"20180000","fhdBasisNm":"Kevin Stertz","fhdBasisEnt":null,"fhdBasisPrj":null,"fhdBasisMethod":"Electrofisher","fhdAccess":null,"fhdBarrierFtrID":null,"fhdEndExtent":null,"Shape__Area":1686187.53484692,"Shape__Length":14846.048560311088,"habitatType":"lake"},"id":134},
{"type":"Feature","geometry":{"type":"Polygon","coordinates":[[[-119.315567,45.928751],[-119.319685,45.929091],[-119.32018,45.927138],[-119.315567,45.928751]]]},"properties":{"OBJECTID":95,"fhdFtrID":96,"fhdRefID":53718,"fhdRevDt":"20190501","fhdONm":"Kevin Stertz","fhdOEnt":"ODFW","fhdSpNm":"YP","fhdRun":"NA","fhdLifeHst":"Resident","fhdUseTy":"ResidentMultipleUses","fhdBasis":"DocObsFish","fhdStNm":"McNary Ponds","fhdGenus":"Perca","fhdSp":"flavescens","fhdSubSp":null,"fhdOrig":"NonNative","fhdProd":"Natural","fhdComment":null,"fhdESH":"NA","fhdBasisD":null,"fhdNMF":"no","fhdBasisDt":"20180000","fhdBasisNm":"Kevin Stertz","fhdBasisEnt":null,"fhdBasisPrj":null,"fhdBasisMethod":"Electrofisher","fhdAccess":null,"fhdBarrierFtrID":null,"fhdEndExtent":null,"Shape__Area":348193.40567923,"Shape__Length":6941.075249917869,"habitatType":"lake"},"id":135}
]}
